<?xml version='1.0' encoding='UTF-8' ?><gpx version="1.1" creator="HikingTrailHK" xsi:schemaLocation="http://www.topografix.com/GPX/1/1 http://www.topografix.com/GPX/1/1/gpx.xsd" xmlns="http://www.topografix.com/GPX/1/1" xmlns:xsi="http://www.w3.org/2001/XMLSchema-instance"><metadata><name>我的轨迹 @ 2026-03-07 14:22:39</name><desc></desc></metadata><trk><trkseg><trkpt lat="22.28306" lon="114.13890333333332"><ele>132.5</ele><time>2026-03-07T06:22:39Z</time></trkpt><trkpt lat="22.283054999999997" lon="114.13892499999999"><ele>132.70000000000002</ele><time>2026-03-07T06:22:42Z</time></trkpt><trkpt lat="22.283038333333334" lon="114.13894"><ele>132.5</ele><time>2026-03-07T06:22:45Z</time></trkpt><trkpt lat="22.28301333333333" lon="114.13896666666666"><ele>132.4</ele><time>2026-03-07T06:22:47Z</time></trkpt><trkpt lat="22.28301333333333" lon="114.139025"><ele>125.8</ele><time>2026-03-07T06:22:59Z</time></trkpt><trkpt lat="22.28299833333333" lon="114.13898666666667"><ele>124.0</ele><time>2026-03-07T06:23:11Z</time></trkpt><trkpt lat="22.28298666666667" lon="114.13895499999998"><ele>123.7</ele><time>2026-03-07T06:23:13Z</time></trkpt><trkpt lat="22.28298" lon="114.13892"><ele>123.5</ele><time>2026-03-07T06:23:15Z</time></trkpt><trkpt lat="22.282975000000004" lon="114.138885"><ele>123.2</ele><time>2026-03-07T06:23:17Z</time></trkpt><trkpt lat="22.282966666666667" lon="114.13886333333333"><ele>123.1</ele><time>2026-03-07T06:23:18Z</time></trkpt><trkpt lat="22.282958333333333" lon="114.13884166666666"><ele>123.0</ele><time>2026-03-07T06:23:19Z</time></trkpt><trkpt lat="22.28295166666667" lon="114.13881500000001"><ele>122.89999999999999</ele><time>2026-03-07T06:23:20Z</time></trkpt><trkpt lat="22.282948333333334" lon="114.13878833333335"><ele>122.89999999999999</ele><time>2026-03-07T06:23:22Z</time></trkpt><trkpt lat="22.282935" lon="114.13877"><ele>122.8</ele><time>2026-03-07T06:23:24Z</time></trkpt><trkpt lat="22.282925" lon="114.13874499999999"><ele>122.7</ele><time>2026-03-07T06:23:26Z</time></trkpt><trkpt lat="22.282945" lon="114.13873166666666"><ele>122.5</ele><time>2026-03-07T06:23:31Z</time></trkpt><trkpt lat="22.282976666666666" lon="114.13872"><ele>122.5</ele><time>2026-03-07T06:23:32Z</time></trkpt><trkpt lat="22.282946666666664" lon="114.13872833333335"><ele>122.39999999999999</ele><time>2026-03-07T06:23:34Z</time></trkpt><trkpt lat="22.282921666666667" lon="114.13874"><ele>122.39999999999999</ele><time>2026-03-07T06:23:35Z</time></trkpt><trkpt lat="22.28290666666667" lon="114.13872833333335"><ele>122.3</ele><time>2026-03-07T06:23:37Z</time></trkpt><trkpt lat="22.282886666666666" lon="114.138735"><ele>122.2</ele><time>2026-03-07T06:23:40Z</time></trkpt><trkpt lat="22.28285" lon="114.13874499999999"><ele>122.8</ele><time>2026-03-07T06:23:42Z</time></trkpt><trkpt lat="22.28282166666667" lon="114.13872333333332"><ele>122.7</ele><time>2026-03-07T06:23:44Z</time></trkpt><trkpt lat="22.28280833333333" lon="114.13870999999999"><ele>122.7</ele><time>2026-03-07T06:23:45Z</time></trkpt><trkpt lat="22.282783333333334" lon="114.13870166666666"><ele>122.6</ele><time>2026-03-07T06:23:47Z</time></trkpt><trkpt lat="22.282780000000002" lon="114.13866333333333"><ele>122.89999999999999</ele><time>2026-03-07T06:23:49Z</time></trkpt><trkpt lat="22.282769999999996" lon="114.13868333333333"><ele>121.8</ele><time>2026-03-07T06:23:57Z</time></trkpt><trkpt lat="22.28277166666667" lon="114.13872333333332"><ele>121.39999999999999</ele><time>2026-03-07T06:23:59Z</time></trkpt><trkpt lat="22.282780000000002" lon="114.13875166666666"><ele>121.5</ele><time>2026-03-07T06:24:00Z</time></trkpt><trkpt lat="22.28278833333333" lon="114.13877833333332"><ele>121.7</ele><time>2026-03-07T06:24:01Z</time></trkpt><trkpt lat="22.282795000000004" lon="114.13880333333333"><ele>121.8</ele><time>2026-03-07T06:24:02Z</time></trkpt><trkpt lat="22.28280333333333" lon="114.138825"><ele>121.89999999999999</ele><time>2026-03-07T06:24:03Z</time></trkpt><trkpt lat="22.282813333333333" lon="114.13884833333334"><ele>121.89999999999999</ele><time>2026-03-07T06:24:04Z</time></trkpt><trkpt lat="22.28280666666667" lon="114.13886666666667"><ele>120.3</ele><time>2026-03-07T06:24:07Z</time></trkpt><trkpt lat="22.28282166666667" lon="114.13888166666666"><ele>119.6</ele><time>2026-03-07T06:24:08Z</time></trkpt><trkpt lat="22.282838333333334" lon="114.13889833333333"><ele>118.6</ele><time>2026-03-07T06:24:09Z</time></trkpt><trkpt lat="22.282859999999996" lon="114.13892"><ele>116.7</ele><time>2026-03-07T06:24:11Z</time></trkpt><trkpt lat="22.28289" lon="114.13891333333335"><ele>114.6</ele><time>2026-03-07T06:24:13Z</time></trkpt><trkpt lat="22.282913333333333" lon="114.13889666666667"><ele>112.1</ele><time>2026-03-07T06:24:15Z</time></trkpt><trkpt lat="22.282925" lon="114.13887000000001"><ele>108.39999999999999</ele><time>2026-03-07T06:24:19Z</time></trkpt><trkpt lat="22.282933333333336" lon="114.13888999999999"><ele>107.2</ele><time>2026-03-07T06:24:22Z</time></trkpt><trkpt lat="22.28290833333333" lon="114.13888833333334"><ele>106.7</ele><time>2026-03-07T06:24:24Z</time></trkpt><trkpt lat="22.282903333333334" lon="114.13886833333332"><ele>106.0</ele><time>2026-03-07T06:24:31Z</time></trkpt><trkpt lat="22.28289666666667" lon="114.138845"><ele>106.0</ele><time>2026-03-07T06:24:41Z</time></trkpt><trkpt lat="22.282871666666665" lon="114.13885666666665"><ele>106.2</ele><time>2026-03-07T06:24:42Z</time></trkpt><trkpt lat="22.282853333333332" lon="114.13886833333332"><ele>106.2</ele><time>2026-03-07T06:24:45Z</time></trkpt><trkpt lat="22.28286333333333" lon="114.138885"><ele>106.0</ele><time>2026-03-07T06:24:47Z</time></trkpt><trkpt lat="22.28284833333333" lon="114.13891666666665"><ele>106.1</ele><time>2026-03-07T06:24:49Z</time></trkpt><trkpt lat="22.282835" lon="114.13893666666667"><ele>106.3</ele><time>2026-03-07T06:24:51Z</time></trkpt><trkpt lat="22.282814999999996" lon="114.13895166666667"><ele>106.3</ele><time>2026-03-07T06:24:52Z</time></trkpt><trkpt lat="22.282786666666667" lon="114.13896333333332"><ele>106.39999999999999</ele><time>2026-03-07T06:24:54Z</time></trkpt><trkpt lat="22.28276333333333" lon="114.13892333333334"><ele>106.5</ele><time>2026-03-07T06:24:56Z</time></trkpt><trkpt lat="22.282741666666666" lon="114.13890166666667"><ele>106.5</ele><time>2026-03-07T06:24:57Z</time></trkpt><trkpt lat="22.282739999999997" lon="114.13894166666665"><ele>106.3</ele><time>2026-03-07T06:24:58Z</time></trkpt><trkpt lat="22.282736666666665" lon="114.13897166666666"><ele>106.5</ele><time>2026-03-07T06:25:00Z</time></trkpt><trkpt lat="22.282748333333334" lon="114.13899666666666"><ele>106.5</ele><time>2026-03-07T06:25:01Z</time></trkpt><trkpt lat="22.282766666666664" lon="114.13900333333335"><ele>106.6</ele><time>2026-03-07T06:25:02Z</time></trkpt><trkpt lat="22.28279166666667" lon="114.13901499999999"><ele>106.8</ele><time>2026-03-07T06:25:03Z</time></trkpt><trkpt lat="22.282811666666664" lon="114.13903333333334"><ele>107.0</ele><time>2026-03-07T06:25:04Z</time></trkpt><trkpt lat="22.282829999999997" lon="114.13904"><ele>107.3</ele><time>2026-03-07T06:25:05Z</time></trkpt><trkpt lat="22.28285" lon="114.13904333333333"><ele>107.5</ele><time>2026-03-07T06:25:06Z</time></trkpt><trkpt lat="22.28286333333333" lon="114.13903"><ele>107.6</ele><time>2026-03-07T06:25:07Z</time></trkpt><trkpt lat="22.28289" lon="114.13903666666666"><ele>107.89999999999999</ele><time>2026-03-07T06:25:10Z</time></trkpt><trkpt lat="22.282898333333332" lon="114.13905500000001"><ele>108.1</ele><time>2026-03-07T06:25:12Z</time></trkpt><trkpt lat="22.282784999999997" lon="114.13931833333332"><ele>116.0</ele><time>2026-03-07T06:27:02Z</time></trkpt><trkpt lat="22.282733333333333" lon="114.13933"><ele>115.8</ele><time>2026-03-07T06:27:03Z</time></trkpt><trkpt lat="22.28271833333333" lon="114.13934499999999"><ele>115.8</ele><time>2026-03-07T06:27:04Z</time></trkpt><trkpt lat="22.28268666666667" lon="114.13936333333335"><ele>116.5</ele><time>2026-03-07T06:27:06Z</time></trkpt><trkpt lat="22.28262833333333" lon="114.13934833333333"><ele>120.1</ele><time>2026-03-07T06:27:07Z</time></trkpt><trkpt lat="22.282601666666665" lon="114.13933333333334"><ele>120.39999999999999</ele><time>2026-03-07T06:27:08Z</time></trkpt><trkpt lat="22.28262666666667" lon="114.13934333333333"><ele>122.8</ele><time>2026-03-07T06:27:10Z</time></trkpt><trkpt lat="22.28265666666667" lon="114.13933833333334"><ele>120.8</ele><time>2026-03-07T06:27:12Z</time></trkpt><trkpt lat="22.282675" lon="114.13934499999999"><ele>116.8</ele><time>2026-03-07T06:27:15Z</time></trkpt><trkpt lat="22.282696666666666" lon="114.13934833333333"><ele>114.1</ele><time>2026-03-07T06:27:17Z</time></trkpt><trkpt lat="22.282703333333334" lon="114.13936666666665"><ele>111.8</ele><time>2026-03-07T06:27:21Z</time></trkpt><trkpt lat="22.282685" lon="114.13937166666668"><ele>110.6</ele><time>2026-03-07T06:27:31Z</time></trkpt><trkpt lat="22.282661666666666" lon="114.13933666666665"><ele>110.2</ele><time>2026-03-07T06:27:33Z</time></trkpt><trkpt lat="22.282643333333333" lon="114.13933833333334"><ele>110.3</ele><time>2026-03-07T06:27:35Z</time></trkpt><trkpt lat="22.28262333333333" lon="114.13929333333333"><ele>110.5</ele><time>2026-03-07T06:27:36Z</time></trkpt><trkpt lat="22.282570000000003" lon="114.13930833333333"><ele>110.7</ele><time>2026-03-07T06:27:38Z</time></trkpt><trkpt lat="22.282531666666667" lon="114.13933166666666"><ele>110.7</ele><time>2026-03-07T06:27:39Z</time></trkpt><trkpt lat="22.282484999999998" lon="114.13935166666667"><ele>110.8</ele><time>2026-03-07T06:27:40Z</time></trkpt><trkpt lat="22.282463333333332" lon="114.13937833333333"><ele>110.7</ele><time>2026-03-07T06:27:41Z</time></trkpt><trkpt lat="22.282436666666666" lon="114.13938666666667"><ele>110.7</ele><time>2026-03-07T06:27:42Z</time></trkpt><trkpt lat="22.28241666666667" lon="114.13939666666666"><ele>111.0</ele><time>2026-03-07T06:27:44Z</time></trkpt><trkpt lat="22.282393333333335" lon="114.13940499999998"><ele>111.1</ele><time>2026-03-07T06:27:47Z</time></trkpt><trkpt lat="22.282368333333338" lon="114.13939166666665"><ele>111.39999999999999</ele><time>2026-03-07T06:27:49Z</time></trkpt><trkpt lat="22.282346666666665" lon="114.13938833333334"><ele>112.1</ele><time>2026-03-07T06:27:51Z</time></trkpt><trkpt lat="22.282318333333333" lon="114.13939333333335"><ele>112.89999999999999</ele><time>2026-03-07T06:27:53Z</time></trkpt><trkpt lat="22.282301666666665" lon="114.13940166666667"><ele>113.39999999999999</ele><time>2026-03-07T06:27:55Z</time></trkpt><trkpt lat="22.282298333333333" lon="114.13942999999999"><ele>113.6</ele><time>2026-03-07T06:27:57Z</time></trkpt><trkpt lat="22.282276666666668" lon="114.13944333333332"><ele>114.89999999999999</ele><time>2026-03-07T06:28:03Z</time></trkpt><trkpt lat="22.282261666666667" lon="114.13946833333333"><ele>115.7</ele><time>2026-03-07T06:28:05Z</time></trkpt><trkpt lat="22.282244999999996" lon="114.13948833333333"><ele>116.3</ele><time>2026-03-07T06:28:07Z</time></trkpt><trkpt lat="22.282226666666663" lon="114.13948333333335"><ele>117.2</ele><time>2026-03-07T06:28:09Z</time></trkpt><trkpt lat="22.282204999999998" lon="114.13949"><ele>119.3</ele><time>2026-03-07T06:28:15Z</time></trkpt><trkpt lat="22.282181666666663" lon="114.13949"><ele>120.0</ele><time>2026-03-07T06:28:17Z</time></trkpt><trkpt lat="22.282154999999996" lon="114.13948666666666"><ele>121.2</ele><time>2026-03-07T06:28:19Z</time></trkpt><trkpt lat="22.28213166666667" lon="114.13948833333333"><ele>122.2</ele><time>2026-03-07T06:28:21Z</time></trkpt><trkpt lat="22.282118333333333" lon="114.13950166666667"><ele>123.1</ele><time>2026-03-07T06:28:24Z</time></trkpt><trkpt lat="22.282114999999997" lon="114.13952166666668"><ele>123.5</ele><time>2026-03-07T06:28:28Z</time></trkpt><trkpt lat="22.282098333333337" lon="114.13953666666666"><ele>124.0</ele><time>2026-03-07T06:28:30Z</time></trkpt><trkpt lat="22.282093333333332" lon="114.13955833333333"><ele>125.39999999999999</ele><time>2026-03-07T06:28:35Z</time></trkpt><trkpt lat="22.282085" lon="114.13953333333332"><ele>126.1</ele><time>2026-03-07T06:28:42Z</time></trkpt><trkpt lat="22.282079999999997" lon="114.13950500000001"><ele>126.1</ele><time>2026-03-07T06:28:45Z</time></trkpt><trkpt lat="22.282063333333333" lon="114.13948"><ele>126.7</ele><time>2026-03-07T06:28:47Z</time></trkpt><trkpt lat="22.282045" lon="114.13946666666668"><ele>127.3</ele><time>2026-03-07T06:28:49Z</time></trkpt><trkpt lat="22.282030000000002" lon="114.13947833333334"><ele>127.60000000000001</ele><time>2026-03-07T06:28:52Z</time></trkpt><trkpt lat="22.282020000000003" lon="114.13950000000001"><ele>128.20000000000002</ele><time>2026-03-07T06:28:55Z</time></trkpt><trkpt lat="22.282023333333335" lon="114.13952499999999"><ele>128.5</ele><time>2026-03-07T06:28:58Z</time></trkpt><trkpt lat="22.282030000000002" lon="114.139545"><ele>128.70000000000002</ele><time>2026-03-07T06:29:00Z</time></trkpt><trkpt lat="22.28204" lon="114.13956333333333"><ele>128.8</ele><time>2026-03-07T06:29:02Z</time></trkpt><trkpt lat="22.282055" lon="114.13958333333333"><ele>129.10000000000002</ele><time>2026-03-07T06:29:04Z</time></trkpt><trkpt lat="22.282064999999996" lon="114.13960999999999"><ele>129.20000000000002</ele><time>2026-03-07T06:29:06Z</time></trkpt><trkpt lat="22.282078333333335" lon="114.13963"><ele>129.9</ele><time>2026-03-07T06:29:08Z</time></trkpt><trkpt lat="22.28209" lon="114.13965000000002"><ele>130.70000000000002</ele><time>2026-03-07T06:29:10Z</time></trkpt><trkpt lat="22.282096666666668" lon="114.13963166666666"><ele>133.20000000000002</ele><time>2026-03-07T06:29:20Z</time></trkpt><trkpt lat="22.282083333333336" lon="114.13960999999999"><ele>134.60000000000002</ele><time>2026-03-07T06:29:26Z</time></trkpt><trkpt lat="22.282063333333333" lon="114.13960333333334"><ele>136.60000000000002</ele><time>2026-03-07T06:29:31Z</time></trkpt><trkpt lat="22.28204" lon="114.13960333333334"><ele>137.3</ele><time>2026-03-07T06:29:33Z</time></trkpt><trkpt lat="22.282021666666665" lon="114.13960666666665"><ele>137.70000000000002</ele><time>2026-03-07T06:29:35Z</time></trkpt><trkpt lat="22.282005000000005" lon="114.13962500000001"><ele>137.60000000000002</ele><time>2026-03-07T06:29:38Z</time></trkpt><trkpt lat="22.281993333333336" lon="114.13965000000002"><ele>137.20000000000002</ele><time>2026-03-07T06:29:40Z</time></trkpt><trkpt lat="22.281983333333333" lon="114.13968333333332"><ele>136.8</ele><time>2026-03-07T06:29:42Z</time></trkpt><trkpt lat="22.281971666666664" lon="114.13970166666668"><ele>136.4</ele><time>2026-03-07T06:29:44Z</time></trkpt><trkpt lat="22.281948333333336" lon="114.13971000000001"><ele>136.10000000000002</ele><time>2026-03-07T06:29:47Z</time></trkpt><trkpt lat="22.281930000000003" lon="114.13971000000001"><ele>136.20000000000002</ele><time>2026-03-07T06:29:50Z</time></trkpt><trkpt lat="22.281911666666662" lon="114.13971333333332"><ele>136.20000000000002</ele><time>2026-03-07T06:29:52Z</time></trkpt><trkpt lat="22.281900000000004" lon="114.13973166666668"><ele>136.0</ele><time>2026-03-07T06:30:00Z</time></trkpt><trkpt lat="22.281870000000005" lon="114.13973833333333"><ele>136.5</ele><time>2026-03-07T06:30:04Z</time></trkpt><trkpt lat="22.281853333333334" lon="114.13973"><ele>136.5</ele><time>2026-03-07T06:30:06Z</time></trkpt><trkpt lat="22.281835" lon="114.13973"><ele>137.0</ele><time>2026-03-07T06:30:09Z</time></trkpt><trkpt lat="22.281814999999998" lon="114.13973"><ele>140.8</ele><time>2026-03-07T06:30:20Z</time></trkpt><trkpt lat="22.281799999999997" lon="114.13971833333332"><ele>141.20000000000002</ele><time>2026-03-07T06:30:23Z</time></trkpt><trkpt lat="22.281776666666662" lon="114.13972"><ele>141.8</ele><time>2026-03-07T06:30:26Z</time></trkpt><trkpt lat="22.281754999999997" lon="114.13971500000001"><ele>142.10000000000002</ele><time>2026-03-07T06:30:28Z</time></trkpt><trkpt lat="22.281724999999998" lon="114.13970833333333"><ele>142.5</ele><time>2026-03-07T06:30:32Z</time></trkpt><trkpt lat="22.281693333333337" lon="114.13969666666665"><ele>142.20000000000002</ele><time>2026-03-07T06:30:34Z</time></trkpt><trkpt lat="22.281664999999997" lon="114.13968666666666"><ele>142.0</ele><time>2026-03-07T06:30:36Z</time></trkpt><trkpt lat="22.28164333333333" lon="114.13968500000001"><ele>141.70000000000002</ele><time>2026-03-07T06:30:38Z</time></trkpt><trkpt lat="22.281611666666663" lon="114.13968666666666"><ele>141.10000000000002</ele><time>2026-03-07T06:30:40Z</time></trkpt><trkpt lat="22.281588333333335" lon="114.13967666666667"><ele>140.4</ele><time>2026-03-07T06:30:42Z</time></trkpt><trkpt lat="22.281570000000002" lon="114.13966833333333"><ele>140.0</ele><time>2026-03-07T06:30:45Z</time></trkpt><trkpt lat="22.281546666666667" lon="114.13967166666667"><ele>139.3</ele><time>2026-03-07T06:30:50Z</time></trkpt><trkpt lat="22.281523333333332" lon="114.13969"><ele>139.0</ele><time>2026-03-07T06:30:52Z</time></trkpt><trkpt lat="22.28150666666667" lon="114.13969999999999"><ele>138.3</ele><time>2026-03-07T06:30:54Z</time></trkpt><trkpt lat="22.281488333333332" lon="114.13970666666667"><ele>137.9</ele><time>2026-03-07T06:30:56Z</time></trkpt><trkpt lat="22.28146" lon="114.13969833333334"><ele>137.60000000000002</ele><time>2026-03-07T06:30:59Z</time></trkpt><trkpt lat="22.28144166666667" lon="114.13970166666668"><ele>137.60000000000002</ele><time>2026-03-07T06:31:01Z</time></trkpt><trkpt lat="22.281425" lon="114.13969166666666"><ele>137.60000000000002</ele><time>2026-03-07T06:31:03Z</time></trkpt><trkpt lat="22.281403333333333" lon="114.13967499999998"><ele>137.60000000000002</ele><time>2026-03-07T06:31:06Z</time></trkpt><trkpt lat="22.281378333333336" lon="114.13966333333335"><ele>137.70000000000002</ele><time>2026-03-07T06:31:10Z</time></trkpt><trkpt lat="22.281360000000003" lon="114.139655"><ele>138.3</ele><time>2026-03-07T06:31:13Z</time></trkpt><trkpt lat="22.28134166666667" lon="114.13965000000002"><ele>138.3</ele><time>2026-03-07T06:31:15Z</time></trkpt><trkpt lat="22.28132333333333" lon="114.13964499999999"><ele>138.5</ele><time>2026-03-07T06:31:17Z</time></trkpt><trkpt lat="22.281304999999996" lon="114.13964"><ele>138.5</ele><time>2026-03-07T06:31:18Z</time></trkpt><trkpt lat="22.281268333333333" lon="114.13964"><ele>138.0</ele><time>2026-03-07T06:31:20Z</time></trkpt><trkpt lat="22.28124833333333" lon="114.13964833333333"><ele>137.60000000000002</ele><time>2026-03-07T06:31:22Z</time></trkpt><trkpt lat="22.281228333333335" lon="114.13965000000002"><ele>137.4</ele><time>2026-03-07T06:31:24Z</time></trkpt><trkpt lat="22.281201666666668" lon="114.13964833333333"><ele>136.9</ele><time>2026-03-07T06:31:26Z</time></trkpt><trkpt lat="22.28119" lon="114.13966666666666"><ele>137.20000000000002</ele><time>2026-03-07T06:31:28Z</time></trkpt><trkpt lat="22.2812" lon="114.13968500000001"><ele>138.10000000000002</ele><time>2026-03-07T06:31:31Z</time></trkpt><trkpt lat="22.281169999999996" lon="114.13967333333333"><ele>137.9</ele><time>2026-03-07T06:31:34Z</time></trkpt><trkpt lat="22.281151666666666" lon="114.13967"><ele>137.8</ele><time>2026-03-07T06:31:36Z</time></trkpt><trkpt lat="22.281133333333333" lon="114.13966166666665"><ele>137.60000000000002</ele><time>2026-03-07T06:31:38Z</time></trkpt><trkpt lat="22.28111666666667" lon="114.13964499999999"><ele>137.10000000000002</ele><time>2026-03-07T06:31:41Z</time></trkpt><trkpt lat="22.28111333333333" lon="114.13962000000001"><ele>137.4</ele><time>2026-03-07T06:31:44Z</time></trkpt><trkpt lat="22.281093333333335" lon="114.13962500000001"><ele>137.60000000000002</ele><time>2026-03-07T06:31:48Z</time></trkpt><trkpt lat="22.28106833333333" lon="114.13963833333334"><ele>138.10000000000002</ele><time>2026-03-07T06:31:51Z</time></trkpt><trkpt lat="22.281051666666666" lon="114.13965000000002"><ele>138.4</ele><time>2026-03-07T06:31:53Z</time></trkpt><trkpt lat="22.28103833333333" lon="114.13967"><ele>139.0</ele><time>2026-03-07T06:31:55Z</time></trkpt><trkpt lat="22.281018333333336" lon="114.13967499999998"><ele>139.20000000000002</ele><time>2026-03-07T06:31:58Z</time></trkpt><trkpt lat="22.281000000000002" lon="114.13968000000001"><ele>139.70000000000002</ele><time>2026-03-07T06:32:03Z</time></trkpt><trkpt lat="22.28098333333333" lon="114.13967166666667"><ele>140.60000000000002</ele><time>2026-03-07T06:32:09Z</time></trkpt><trkpt lat="22.28098333333333" lon="114.13965000000002"><ele>141.9</ele><time>2026-03-07T06:32:13Z</time></trkpt><trkpt lat="22.280970000000003" lon="114.13963166666666"><ele>142.70000000000002</ele><time>2026-03-07T06:32:16Z</time></trkpt><trkpt lat="22.28095" lon="114.13961833333333"><ele>143.4</ele><time>2026-03-07T06:32:18Z</time></trkpt><trkpt lat="22.280944999999996" lon="114.13959833333332"><ele>145.70000000000002</ele><time>2026-03-07T06:32:23Z</time></trkpt><trkpt lat="22.28094" lon="114.13957333333335"><ele>147.0</ele><time>2026-03-07T06:32:26Z</time></trkpt><trkpt lat="22.28094" lon="114.139545"><ele>147.9</ele><time>2026-03-07T06:32:28Z</time></trkpt><trkpt lat="22.28093833333333" lon="114.13952333333333"><ele>148.9</ele><time>2026-03-07T06:32:30Z</time></trkpt><trkpt lat="22.280928333333335" lon="114.13950666666666"><ele>149.8</ele><time>2026-03-07T06:32:33Z</time></trkpt><trkpt lat="22.280910000000002" lon="114.13949499999998"><ele>151.0</ele><time>2026-03-07T06:32:36Z</time></trkpt><trkpt lat="22.28089" lon="114.13948333333335"><ele>152.10000000000002</ele><time>2026-03-07T06:32:38Z</time></trkpt><trkpt lat="22.280873333333336" lon="114.13947333333333"><ele>152.5</ele><time>2026-03-07T06:32:39Z</time></trkpt><trkpt lat="22.280851666666663" lon="114.13946166666668"><ele>153.4</ele><time>2026-03-07T06:32:41Z</time></trkpt><trkpt lat="22.280824999999997" lon="114.13944666666666"><ele>154.0</ele><time>2026-03-07T06:32:43Z</time></trkpt><trkpt lat="22.280808333333333" lon="114.13941333333332"><ele>154.5</ele><time>2026-03-07T06:32:45Z</time></trkpt><trkpt lat="22.280791666666666" lon="114.139385"><ele>154.8</ele><time>2026-03-07T06:32:47Z</time></trkpt><trkpt lat="22.280783333333336" lon="114.13936666666665"><ele>155.10000000000002</ele><time>2026-03-07T06:32:49Z</time></trkpt><trkpt lat="22.280768333333338" lon="114.13935333333332"><ele>155.4</ele><time>2026-03-07T06:32:51Z</time></trkpt><trkpt lat="22.280751666666667" lon="114.13933333333334"><ele>155.70000000000002</ele><time>2026-03-07T06:32:53Z</time></trkpt><trkpt lat="22.280739999999998" lon="114.13931499999998"><ele>156.20000000000002</ele><time>2026-03-07T06:32:55Z</time></trkpt><trkpt lat="22.280715" lon="114.13930166666665"><ele>158.10000000000002</ele><time>2026-03-07T06:33:00Z</time></trkpt><trkpt lat="22.280696666666667" lon="114.13928833333333"><ele>159.60000000000002</ele><time>2026-03-07T06:33:02Z</time></trkpt><trkpt lat="22.280683333333332" lon="114.13926833333335"><ele>161.0</ele><time>2026-03-07T06:33:04Z</time></trkpt><trkpt lat="22.28066833333333" lon="114.139245"><ele>162.0</ele><time>2026-03-07T06:33:06Z</time></trkpt><trkpt lat="22.280656666666665" lon="114.13922333333333"><ele>164.10000000000002</ele><time>2026-03-07T06:33:09Z</time></trkpt><trkpt lat="22.280648333333335" lon="114.13920333333333"><ele>165.4</ele><time>2026-03-07T06:33:11Z</time></trkpt><trkpt lat="22.280633333333338" lon="114.13918666666665"><ele>166.3</ele><time>2026-03-07T06:33:13Z</time></trkpt><trkpt lat="22.280618333333337" lon="114.13916499999999"><ele>166.9</ele><time>2026-03-07T06:33:15Z</time></trkpt><trkpt lat="22.280603333333335" lon="114.13915166666666"><ele>166.8</ele><time>2026-03-07T06:33:16Z</time></trkpt><trkpt lat="22.280596666666664" lon="114.13912"><ele>167.10000000000002</ele><time>2026-03-07T06:33:18Z</time></trkpt><trkpt lat="22.280596666666664" lon="114.13908500000001"><ele>167.60000000000002</ele><time>2026-03-07T06:33:20Z</time></trkpt><trkpt lat="22.280596666666664" lon="114.13905333333332"><ele>168.9</ele><time>2026-03-07T06:33:22Z</time></trkpt><trkpt lat="22.28059166666667" lon="114.13903166666665"><ele>170.0</ele><time>2026-03-07T06:33:25Z</time></trkpt><trkpt lat="22.28058" lon="114.139005"><ele>171.20000000000002</ele><time>2026-03-07T06:33:28Z</time></trkpt><trkpt lat="22.280561666666667" lon="114.13899666666666"><ele>171.4</ele><time>2026-03-07T06:33:29Z</time></trkpt><trkpt lat="22.280536666666663" lon="114.13898499999999"><ele>171.4</ele><time>2026-03-07T06:33:30Z</time></trkpt><trkpt lat="22.280513333333335" lon="114.13897166666666"><ele>171.8</ele><time>2026-03-07T06:33:31Z</time></trkpt><trkpt lat="22.280494999999995" lon="114.13895666666667"><ele>171.8</ele><time>2026-03-07T06:33:33Z</time></trkpt><trkpt lat="22.280475000000003" lon="114.13893333333333"><ele>171.8</ele><time>2026-03-07T06:33:36Z</time></trkpt><trkpt lat="22.28045666666667" lon="114.13891666666665"><ele>171.5</ele><time>2026-03-07T06:33:38Z</time></trkpt><trkpt lat="22.280435000000004" lon="114.13891"><ele>171.10000000000002</ele><time>2026-03-07T06:33:41Z</time></trkpt><trkpt lat="22.280418333333333" lon="114.13889499999999"><ele>170.8</ele><time>2026-03-07T06:33:43Z</time></trkpt><trkpt lat="22.28041" lon="114.13887666666666"><ele>170.5</ele><time>2026-03-07T06:33:44Z</time></trkpt><trkpt lat="22.280385000000003" lon="114.13885333333334"><ele>170.20000000000002</ele><time>2026-03-07T06:33:46Z</time></trkpt><trkpt lat="22.28037" lon="114.13884000000002"><ele>170.0</ele><time>2026-03-07T06:33:47Z</time></trkpt><trkpt lat="22.280356666666663" lon="114.13882666666665"><ele>169.8</ele><time>2026-03-07T06:33:48Z</time></trkpt><trkpt lat="22.280333333333335" lon="114.13880333333333"><ele>169.60000000000002</ele><time>2026-03-07T06:33:50Z</time></trkpt><trkpt lat="22.280306666666668" lon="114.13878666666666"><ele>169.3</ele><time>2026-03-07T06:33:52Z</time></trkpt><trkpt lat="22.280288333333335" lon="114.13876833333333"><ele>168.9</ele><time>2026-03-07T06:33:54Z</time></trkpt><trkpt lat="22.280265" lon="114.13875666666667"><ele>168.4</ele><time>2026-03-07T06:33:56Z</time></trkpt><trkpt lat="22.280243333333335" lon="114.13874499999999"><ele>167.9</ele><time>2026-03-07T06:33:58Z</time></trkpt><trkpt lat="22.28022" lon="114.13873833333334"><ele>167.70000000000002</ele><time>2026-03-07T06:34:00Z</time></trkpt><trkpt lat="22.280196666666665" lon="114.13872833333335"><ele>167.70000000000002</ele><time>2026-03-07T06:34:02Z</time></trkpt><trkpt lat="22.280176666666662" lon="114.13871333333333"><ele>167.5</ele><time>2026-03-07T06:34:04Z</time></trkpt><trkpt lat="22.280154999999997" lon="114.13869833333335"><ele>167.20000000000002</ele><time>2026-03-07T06:34:06Z</time></trkpt><trkpt lat="22.28014" lon="114.13867499999999"><ele>166.9</ele><time>2026-03-07T06:34:10Z</time></trkpt><trkpt lat="22.280135000000005" lon="114.13865166666668"><ele>166.9</ele><time>2026-03-07T06:34:12Z</time></trkpt><trkpt lat="22.280123333333336" lon="114.13863"><ele>167.20000000000002</ele><time>2026-03-07T06:34:15Z</time></trkpt><trkpt lat="22.280109999999997" lon="114.13861333333334"><ele>167.3</ele><time>2026-03-07T06:34:17Z</time></trkpt><trkpt lat="22.280095" lon="114.13860000000001"><ele>167.4</ele><time>2026-03-07T06:34:19Z</time></trkpt><trkpt lat="22.280075000000004" lon="114.13860000000001"><ele>167.3</ele><time>2026-03-07T06:34:21Z</time></trkpt><trkpt lat="22.28005" lon="114.13860500000001"><ele>167.4</ele><time>2026-03-07T06:34:23Z</time></trkpt><trkpt lat="22.280025000000002" lon="114.13860833333335"><ele>167.0</ele><time>2026-03-07T06:34:26Z</time></trkpt><trkpt lat="22.280001666666667" lon="114.13861333333334"><ele>167.3</ele><time>2026-03-07T06:34:29Z</time></trkpt><trkpt lat="22.279976666666666" lon="114.13861833333334"><ele>167.5</ele><time>2026-03-07T06:34:31Z</time></trkpt><trkpt lat="22.279958333333337" lon="114.13863666666666"><ele>166.9</ele><time>2026-03-07T06:34:33Z</time></trkpt><trkpt lat="22.27993666666667" lon="114.13864666666665"><ele>166.3</ele><time>2026-03-07T06:34:35Z</time></trkpt><trkpt lat="22.27992166666667" lon="114.13866166666666"><ele>165.70000000000002</ele><time>2026-03-07T06:34:37Z</time></trkpt><trkpt lat="22.279898333333335" lon="114.13867499999999"><ele>165.10000000000002</ele><time>2026-03-07T06:34:40Z</time></trkpt><trkpt lat="22.27987166666667" lon="114.13868333333333"><ele>164.70000000000002</ele><time>2026-03-07T06:34:43Z</time></trkpt><trkpt lat="22.279851666666666" lon="114.13869000000001"><ele>164.60000000000002</ele><time>2026-03-07T06:34:45Z</time></trkpt><trkpt lat="22.279835000000002" lon="114.13868166666667"><ele>164.60000000000002</ele><time>2026-03-07T06:34:47Z</time></trkpt><trkpt lat="22.279815" lon="114.13866166666666"><ele>164.9</ele><time>2026-03-07T06:34:49Z</time></trkpt><trkpt lat="22.279793333333334" lon="114.13864666666665"><ele>165.4</ele><time>2026-03-07T06:34:51Z</time></trkpt><trkpt lat="22.27977166666667" lon="114.13862666666667"><ele>166.10000000000002</ele><time>2026-03-07T06:34:53Z</time></trkpt><trkpt lat="22.279749999999996" lon="114.138615"><ele>166.60000000000002</ele><time>2026-03-07T06:34:55Z</time></trkpt><trkpt lat="22.27972666666667" lon="114.13861333333334"><ele>166.9</ele><time>2026-03-07T06:34:57Z</time></trkpt><trkpt lat="22.279706666666666" lon="114.13861166666666"><ele>167.20000000000002</ele><time>2026-03-07T06:34:59Z</time></trkpt><trkpt lat="22.279685000000004" lon="114.13861999999999"><ele>167.70000000000002</ele><time>2026-03-07T06:35:01Z</time></trkpt><trkpt lat="22.279665" lon="114.13863333333332"><ele>168.5</ele><time>2026-03-07T06:35:04Z</time></trkpt><trkpt lat="22.27965" lon="114.13864666666665"><ele>168.9</ele><time>2026-03-07T06:35:06Z</time></trkpt><trkpt lat="22.279635" lon="114.138665"><ele>169.4</ele><time>2026-03-07T06:35:08Z</time></trkpt><trkpt lat="22.27962" lon="114.13868166666667"><ele>169.70000000000002</ele><time>2026-03-07T06:35:10Z</time></trkpt><trkpt lat="22.27960666666667" lon="114.13869833333335"><ele>170.10000000000002</ele><time>2026-03-07T06:35:12Z</time></trkpt><trkpt lat="22.27958833333333" lon="114.13871666666667"><ele>170.60000000000002</ele><time>2026-03-07T06:35:14Z</time></trkpt><trkpt lat="22.279571666666666" lon="114.13872833333335"><ele>170.9</ele><time>2026-03-07T06:35:16Z</time></trkpt><trkpt lat="22.279553333333336" lon="114.13874666666668"><ele>171.4</ele><time>2026-03-07T06:35:18Z</time></trkpt><trkpt lat="22.279535000000003" lon="114.13876499999999"><ele>171.8</ele><time>2026-03-07T06:35:20Z</time></trkpt><trkpt lat="22.27951333333333" lon="114.13878333333332"><ele>172.4</ele><time>2026-03-07T06:35:22Z</time></trkpt><trkpt lat="22.2795" lon="114.13879999999999"><ele>173.3</ele><time>2026-03-07T06:35:24Z</time></trkpt><trkpt lat="22.279483333333328" lon="114.13882"><ele>174.8</ele><time>2026-03-07T06:35:27Z</time></trkpt><trkpt lat="22.279465" lon="114.138825"><ele>177.3</ele><time>2026-03-07T06:35:31Z</time></trkpt><trkpt lat="22.279446666666665" lon="114.13881500000001"><ele>180.5</ele><time>2026-03-07T06:35:35Z</time></trkpt><trkpt lat="22.279425" lon="114.13881166666667"><ele>182.9</ele><time>2026-03-07T06:35:39Z</time></trkpt><trkpt lat="22.279391666666665" lon="114.13881166666667"><ele>184.60000000000002</ele><time>2026-03-07T06:35:42Z</time></trkpt><trkpt lat="22.279359999999997" lon="114.13881500000001"><ele>185.0</ele><time>2026-03-07T06:35:44Z</time></trkpt><trkpt lat="22.279335" lon="114.13880666666667"><ele>185.5</ele><time>2026-03-07T06:35:46Z</time></trkpt><trkpt lat="22.279308333333333" lon="114.13880333333333"><ele>188.10000000000002</ele><time>2026-03-07T06:35:50Z</time></trkpt><trkpt lat="22.279283333333336" lon="114.13879666666665"><ele>190.20000000000002</ele><time>2026-03-07T06:35:53Z</time></trkpt><trkpt lat="22.279268333333334" lon="114.13878500000001"><ele>191.0</ele><time>2026-03-07T06:35:55Z</time></trkpt><trkpt lat="22.27925" lon="114.13877666666667"><ele>191.5</ele><time>2026-03-07T06:35:57Z</time></trkpt><trkpt lat="22.279231666666668" lon="114.13876833333333"><ele>192.0</ele><time>2026-03-07T06:35:59Z</time></trkpt><trkpt lat="22.279213333333338" lon="114.138755"><ele>192.3</ele><time>2026-03-07T06:36:01Z</time></trkpt><trkpt lat="22.27918833333333" lon="114.13874499999999"><ele>192.4</ele><time>2026-03-07T06:36:03Z</time></trkpt><trkpt lat="22.279163333333333" lon="114.138735"><ele>192.5</ele><time>2026-03-07T06:36:05Z</time></trkpt><trkpt lat="22.279146666666666" lon="114.13872"><ele>192.4</ele><time>2026-03-07T06:36:07Z</time></trkpt><trkpt lat="22.279128333333333" lon="114.13870333333334"><ele>192.0</ele><time>2026-03-07T06:36:09Z</time></trkpt><trkpt lat="22.279108333333337" lon="114.13869000000001"><ele>191.9</ele><time>2026-03-07T06:36:11Z</time></trkpt><trkpt lat="22.279089999999997" lon="114.13867833333333"><ele>191.8</ele><time>2026-03-07T06:36:13Z</time></trkpt><trkpt lat="22.279076666666665" lon="114.138665"><ele>191.60000000000002</ele><time>2026-03-07T06:36:15Z</time></trkpt><trkpt lat="22.279065" lon="114.13864166666666"><ele>191.5</ele><time>2026-03-07T06:36:17Z</time></trkpt><trkpt lat="22.279046666666666" lon="114.13861833333334"><ele>191.0</ele><time>2026-03-07T06:36:19Z</time></trkpt><trkpt lat="22.279028333333333" lon="114.13859833333332"><ele>190.3</ele><time>2026-03-07T06:36:21Z</time></trkpt><trkpt lat="22.27900833333333" lon="114.13858499999999"><ele>189.70000000000002</ele><time>2026-03-07T06:36:23Z</time></trkpt><trkpt lat="22.278993333333332" lon="114.13857000000002"><ele>189.20000000000002</ele><time>2026-03-07T06:36:25Z</time></trkpt><trkpt lat="22.27898" lon="114.13855"><ele>188.60000000000002</ele><time>2026-03-07T06:36:27Z</time></trkpt><trkpt lat="22.278966666666665" lon="114.13852666666668"><ele>187.9</ele><time>2026-03-07T06:36:30Z</time></trkpt><trkpt lat="22.278953333333334" lon="114.13851166666667"><ele>187.20000000000002</ele><time>2026-03-07T06:36:32Z</time></trkpt><trkpt lat="22.27893" lon="114.13850166666667"><ele>187.0</ele><time>2026-03-07T06:36:35Z</time></trkpt><trkpt lat="22.278909999999996" lon="114.13849833333333"><ele>186.8</ele><time>2026-03-07T06:36:37Z</time></trkpt><trkpt lat="22.278891666666663" lon="114.13849666666668"><ele>186.60000000000002</ele><time>2026-03-07T06:36:39Z</time></trkpt><trkpt lat="22.278868333333335" lon="114.13849499999999"><ele>186.60000000000002</ele><time>2026-03-07T06:36:42Z</time></trkpt><trkpt lat="22.278850000000002" lon="114.13850499999998"><ele>187.10000000000002</ele><time>2026-03-07T06:36:44Z</time></trkpt><trkpt lat="22.278826666666667" lon="114.13850666666667"><ele>187.5</ele><time>2026-03-07T06:36:46Z</time></trkpt><trkpt lat="22.27881" lon="114.13851500000001"><ele>188.20000000000002</ele><time>2026-03-07T06:36:48Z</time></trkpt><trkpt lat="22.278793333333336" lon="114.13852999999999"><ele>189.0</ele><time>2026-03-07T06:36:50Z</time></trkpt><trkpt lat="22.27877" lon="114.13853833333333"><ele>190.5</ele><time>2026-03-07T06:36:52Z</time></trkpt><trkpt lat="22.27875" lon="114.13854666666666"><ele>191.8</ele><time>2026-03-07T06:36:54Z</time></trkpt><trkpt lat="22.278726666666664" lon="114.13855166666666"><ele>192.5</ele><time>2026-03-07T06:36:56Z</time></trkpt><trkpt lat="22.27870833333333" lon="114.138555"><ele>193.3</ele><time>2026-03-07T06:36:58Z</time></trkpt><trkpt lat="22.278689999999997" lon="114.13856333333334"><ele>193.9</ele><time>2026-03-07T06:37:00Z</time></trkpt><trkpt lat="22.278678333333332" lon="114.13858"><ele>195.20000000000002</ele><time>2026-03-07T06:37:03Z</time></trkpt><trkpt lat="22.278665" lon="114.13859666666667"><ele>196.20000000000002</ele><time>2026-03-07T06:37:05Z</time></trkpt><trkpt lat="22.278641666666665" lon="114.13858666666665"><ele>197.10000000000002</ele><time>2026-03-07T06:37:07Z</time></trkpt><trkpt lat="22.278626666666664" lon="114.13856333333334"><ele>198.20000000000002</ele><time>2026-03-07T06:37:09Z</time></trkpt><trkpt lat="22.278606666666665" lon="114.13855666666664"><ele>199.20000000000002</ele><time>2026-03-07T06:37:11Z</time></trkpt><trkpt lat="22.278626666666664" lon="114.13856499999999"><ele>200.10000000000002</ele><time>2026-03-07T06:37:17Z</time></trkpt><trkpt lat="22.278601666666667" lon="114.13855666666664"><ele>198.3</ele><time>2026-03-07T06:37:24Z</time></trkpt><trkpt lat="22.278578333333332" lon="114.13856666666668"><ele>197.9</ele><time>2026-03-07T06:37:26Z</time></trkpt><trkpt lat="22.278560000000002" lon="114.13856333333334"><ele>197.70000000000002</ele><time>2026-03-07T06:37:28Z</time></trkpt><trkpt lat="22.278538333333337" lon="114.13854166666667"><ele>197.3</ele><time>2026-03-07T06:37:30Z</time></trkpt><trkpt lat="22.278520000000004" lon="114.13851333333332"><ele>196.70000000000002</ele><time>2026-03-07T06:37:32Z</time></trkpt><trkpt lat="22.278505000000003" lon="114.13848833333334"><ele>196.4</ele><time>2026-03-07T06:37:34Z</time></trkpt><trkpt lat="22.27849666666667" lon="114.13846833333334"><ele>196.4</ele><time>2026-03-07T06:37:36Z</time></trkpt><trkpt lat="22.278493333333337" lon="114.13843833333334"><ele>196.9</ele><time>2026-03-07T06:37:39Z</time></trkpt><trkpt lat="22.278488333333332" lon="114.13841333333333"><ele>197.20000000000002</ele><time>2026-03-07T06:37:41Z</time></trkpt><trkpt lat="22.278476666666666" lon="114.13839000000002"><ele>197.3</ele><time>2026-03-07T06:37:43Z</time></trkpt><trkpt lat="22.278470000000002" lon="114.13835833333333"><ele>197.4</ele><time>2026-03-07T06:37:45Z</time></trkpt><trkpt lat="22.278464999999997" lon="114.13833000000001"><ele>197.3</ele><time>2026-03-07T06:37:47Z</time></trkpt><trkpt lat="22.278466666666667" lon="114.13831"><ele>197.3</ele><time>2026-03-07T06:37:49Z</time></trkpt><trkpt lat="22.278466666666667" lon="114.13828166666666"><ele>197.4</ele><time>2026-03-07T06:37:51Z</time></trkpt><trkpt lat="22.278458333333333" lon="114.13825999999999"><ele>197.70000000000002</ele><time>2026-03-07T06:37:54Z</time></trkpt><trkpt lat="22.27845" lon="114.13824000000001"><ele>197.70000000000002</ele><time>2026-03-07T06:37:56Z</time></trkpt><trkpt lat="22.278458333333333" lon="114.13821666666666"><ele>198.10000000000002</ele><time>2026-03-07T06:37:59Z</time></trkpt><trkpt lat="22.27848333333333" lon="114.1382"><ele>198.0</ele><time>2026-03-07T06:38:02Z</time></trkpt><trkpt lat="22.278506666666665" lon="114.13818"><ele>198.0</ele><time>2026-03-07T06:38:04Z</time></trkpt><trkpt lat="22.278520000000004" lon="114.13816666666668"><ele>198.0</ele><time>2026-03-07T06:38:05Z</time></trkpt><trkpt lat="22.27854166666667" lon="114.13814833333332"><ele>198.10000000000002</ele><time>2026-03-07T06:38:07Z</time></trkpt><trkpt lat="22.27855833333333" lon="114.13813499999999"><ele>197.9</ele><time>2026-03-07T06:38:09Z</time></trkpt><trkpt lat="22.278585" lon="114.13811666666668"><ele>197.8</ele><time>2026-03-07T06:38:11Z</time></trkpt><trkpt lat="22.27860333333333" lon="114.1381"><ele>197.60000000000002</ele><time>2026-03-07T06:38:13Z</time></trkpt><trkpt lat="22.278606666666665" lon="114.13807999999999"><ele>197.9</ele><time>2026-03-07T06:38:16Z</time></trkpt><trkpt lat="22.278610000000004" lon="114.13805499999998"><ele>198.60000000000002</ele><time>2026-03-07T06:38:19Z</time></trkpt><trkpt lat="22.278605000000002" lon="114.13803000000001"><ele>199.10000000000002</ele><time>2026-03-07T06:38:22Z</time></trkpt><trkpt lat="22.278598333333335" lon="114.13800833333335"><ele>199.60000000000002</ele><time>2026-03-07T06:38:24Z</time></trkpt><trkpt lat="22.27859" lon="114.137985"><ele>200.20000000000002</ele><time>2026-03-07T06:38:26Z</time></trkpt><trkpt lat="22.27858" lon="114.13796499999998"><ele>200.20000000000002</ele><time>2026-03-07T06:38:28Z</time></trkpt><trkpt lat="22.278565000000004" lon="114.137945"><ele>200.5</ele><time>2026-03-07T06:38:30Z</time></trkpt><trkpt lat="22.278563333333334" lon="114.13792166666666"><ele>200.60000000000002</ele><time>2026-03-07T06:38:32Z</time></trkpt><trkpt lat="22.278578333333332" lon="114.13789999999999"><ele>200.8</ele><time>2026-03-07T06:38:34Z</time></trkpt><trkpt lat="22.27858666666667" lon="114.13787833333332"><ele>201.3</ele><time>2026-03-07T06:38:36Z</time></trkpt><trkpt lat="22.278596666666665" lon="114.13785666666666"><ele>201.70000000000002</ele><time>2026-03-07T06:38:38Z</time></trkpt><trkpt lat="22.27860333333333" lon="114.137825"><ele>202.3</ele><time>2026-03-07T06:38:40Z</time></trkpt><trkpt lat="22.278623333333332" lon="114.13780999999999"><ele>202.5</ele><time>2026-03-07T06:38:42Z</time></trkpt><trkpt lat="22.278646666666667" lon="114.13779833333335"><ele>202.3</ele><time>2026-03-07T06:38:44Z</time></trkpt><trkpt lat="22.278675" lon="114.13779166666667"><ele>202.0</ele><time>2026-03-07T06:38:46Z</time></trkpt><trkpt lat="22.278705" lon="114.13779000000001"><ele>201.4</ele><time>2026-03-07T06:38:48Z</time></trkpt><trkpt lat="22.278733333333335" lon="114.13778833333332"><ele>201.70000000000002</ele><time>2026-03-07T06:38:50Z</time></trkpt><trkpt lat="22.27875333333333" lon="114.13778666666667"><ele>201.60000000000002</ele><time>2026-03-07T06:38:52Z</time></trkpt><trkpt lat="22.278773333333334" lon="114.13777666666668"><ele>201.9</ele><time>2026-03-07T06:38:54Z</time></trkpt><trkpt lat="22.278791666666667" lon="114.13775666666668"><ele>202.4</ele><time>2026-03-07T06:38:56Z</time></trkpt><trkpt lat="22.27881166666667" lon="114.13774833333333"><ele>202.9</ele><time>2026-03-07T06:38:58Z</time></trkpt><trkpt lat="22.278824999999998" lon="114.13773333333332"><ele>203.20000000000002</ele><time>2026-03-07T06:39:00Z</time></trkpt><trkpt lat="22.278835000000004" lon="114.13770666666666"><ele>204.20000000000002</ele><time>2026-03-07T06:39:03Z</time></trkpt><trkpt lat="22.278850000000002" lon="114.13768666666668"><ele>203.8</ele><time>2026-03-07T06:39:06Z</time></trkpt><trkpt lat="22.278865000000003" lon="114.137675"><ele>203.20000000000002</ele><time>2026-03-07T06:39:08Z</time></trkpt><trkpt lat="22.278880000000004" lon="114.13766333333334"><ele>203.0</ele><time>2026-03-07T06:39:10Z</time></trkpt><trkpt lat="22.278895000000002" lon="114.13764166666667"><ele>202.20000000000002</ele><time>2026-03-07T06:39:13Z</time></trkpt><trkpt lat="22.278906666666664" lon="114.137625"><ele>202.10000000000002</ele><time>2026-03-07T06:39:15Z</time></trkpt><trkpt lat="22.27891833333333" lon="114.13760833333332"><ele>202.10000000000002</ele><time>2026-03-07T06:39:17Z</time></trkpt><trkpt lat="22.278936666666663" lon="114.13759833333333"><ele>201.70000000000002</ele><time>2026-03-07T06:39:19Z</time></trkpt><trkpt lat="22.278953333333334" lon="114.13758833333334"><ele>201.60000000000002</ele><time>2026-03-07T06:39:22Z</time></trkpt><trkpt lat="22.278968333333335" lon="114.13757"><ele>202.0</ele><time>2026-03-07T06:39:24Z</time></trkpt><trkpt lat="22.278984999999995" lon="114.13755833333335"><ele>202.9</ele><time>2026-03-07T06:39:26Z</time></trkpt><trkpt lat="22.278999999999996" lon="114.13754499999999"><ele>203.10000000000002</ele><time>2026-03-07T06:39:28Z</time></trkpt><trkpt lat="22.27902166666667" lon="114.13752833333335"><ele>203.5</ele><time>2026-03-07T06:39:31Z</time></trkpt><trkpt lat="22.279041666666664" lon="114.13751833333332"><ele>204.20000000000002</ele><time>2026-03-07T06:39:34Z</time></trkpt><trkpt lat="22.27905333333333" lon="114.13749166666666"><ele>205.0</ele><time>2026-03-07T06:39:37Z</time></trkpt><trkpt lat="22.279063333333337" lon="114.13751166666667"><ele>207.5</ele><time>2026-03-07T06:39:47Z</time></trkpt><trkpt lat="22.279093333333336" lon="114.13748833333332"><ele>212.3</ele><time>2026-03-07T06:41:30Z</time></trkpt><trkpt lat="22.279096666666668" lon="114.13746833333335"><ele>207.20000000000002</ele><time>2026-03-07T06:43:05Z</time></trkpt><trkpt lat="22.27911" lon="114.13745166666668"><ele>206.5</ele><time>2026-03-07T06:43:08Z</time></trkpt><trkpt lat="22.279119999999995" lon="114.13743500000001"><ele>206.10000000000002</ele><time>2026-03-07T06:43:10Z</time></trkpt><trkpt lat="22.279131666666665" lon="114.13741833333333"><ele>205.9</ele><time>2026-03-07T06:43:12Z</time></trkpt><trkpt lat="22.279141666666668" lon="114.13740166666666"><ele>205.60000000000002</ele><time>2026-03-07T06:43:15Z</time></trkpt><trkpt lat="22.279155" lon="114.137385"><ele>205.0</ele><time>2026-03-07T06:43:18Z</time></trkpt><trkpt lat="22.27917166666667" lon="114.13737666666665"><ele>204.60000000000002</ele><time>2026-03-07T06:43:21Z</time></trkpt><trkpt lat="22.279185" lon="114.13735833333334"><ele>204.4</ele><time>2026-03-07T06:43:24Z</time></trkpt><trkpt lat="22.279196666666667" lon="114.13734166666667"><ele>204.20000000000002</ele><time>2026-03-07T06:43:26Z</time></trkpt><trkpt lat="22.279209999999996" lon="114.13732333333334"><ele>203.9</ele><time>2026-03-07T06:43:28Z</time></trkpt><trkpt lat="22.279224999999997" lon="114.13731000000001"><ele>203.8</ele><time>2026-03-07T06:43:30Z</time></trkpt><trkpt lat="22.279241666666667" lon="114.1373"><ele>203.60000000000002</ele><time>2026-03-07T06:43:33Z</time></trkpt><trkpt lat="22.279253333333333" lon="114.13726833333334"><ele>218.0</ele><time>2026-03-07T06:49:16Z</time></trkpt><trkpt lat="22.279269999999997" lon="114.13725166666667"><ele>217.5</ele><time>2026-03-07T06:49:18Z</time></trkpt><trkpt lat="22.279281666666666" lon="114.13722833333334"><ele>217.20000000000002</ele><time>2026-03-07T06:49:20Z</time></trkpt><trkpt lat="22.279298333333333" lon="114.137205"><ele>216.20000000000002</ele><time>2026-03-07T06:49:22Z</time></trkpt><trkpt lat="22.27930333333334" lon="114.137175"><ele>215.60000000000002</ele><time>2026-03-07T06:49:24Z</time></trkpt><trkpt lat="22.27930333333334" lon="114.13714999999999"><ele>215.20000000000002</ele><time>2026-03-07T06:49:26Z</time></trkpt><trkpt lat="22.279316666666666" lon="114.13712666666667"><ele>213.60000000000002</ele><time>2026-03-07T06:49:29Z</time></trkpt><trkpt lat="22.279321666666668" lon="114.1371"><ele>212.9</ele><time>2026-03-07T06:49:31Z</time></trkpt><trkpt lat="22.27932333333333" lon="114.13707833333335"><ele>212.3</ele><time>2026-03-07T06:49:33Z</time></trkpt><trkpt lat="22.279314999999997" lon="114.13705999999999"><ele>211.8</ele><time>2026-03-07T06:49:35Z</time></trkpt><trkpt lat="22.27930666666667" lon="114.13704166666666"><ele>211.20000000000002</ele><time>2026-03-07T06:49:37Z</time></trkpt><trkpt lat="22.27929333333333" lon="114.13702166666666"><ele>210.60000000000002</ele><time>2026-03-07T06:49:39Z</time></trkpt><trkpt lat="22.279280000000004" lon="114.13700833333333"><ele>210.0</ele><time>2026-03-07T06:49:41Z</time></trkpt><trkpt lat="22.27926166666667" lon="114.136995"><ele>209.20000000000002</ele><time>2026-03-07T06:49:44Z</time></trkpt><trkpt lat="22.27925" lon="114.13698000000001"><ele>208.70000000000002</ele><time>2026-03-07T06:49:47Z</time></trkpt><trkpt lat="22.279236666666666" lon="114.13696166666665"><ele>208.4</ele><time>2026-03-07T06:49:50Z</time></trkpt><trkpt lat="22.279224999999997" lon="114.13694166666667"><ele>207.60000000000002</ele><time>2026-03-07T06:49:53Z</time></trkpt><trkpt lat="22.279205" lon="114.13693333333335"><ele>205.60000000000002</ele><time>2026-03-07T06:50:17Z</time></trkpt><trkpt lat="22.2792" lon="114.13690999999999"><ele>206.10000000000002</ele><time>2026-03-07T06:50:20Z</time></trkpt><trkpt lat="22.2792" lon="114.13688166666667"><ele>207.0</ele><time>2026-03-07T06:50:24Z</time></trkpt><trkpt lat="22.27920166666667" lon="114.13686166666666"><ele>207.5</ele><time>2026-03-07T06:50:26Z</time></trkpt><trkpt lat="22.27920333333333" lon="114.13684166666665"><ele>207.8</ele><time>2026-03-07T06:50:29Z</time></trkpt><trkpt lat="22.279198333333337" lon="114.13681833333334"><ele>208.10000000000002</ele><time>2026-03-07T06:50:31Z</time></trkpt><trkpt lat="22.27918833333333" lon="114.13679666666667"><ele>208.5</ele><time>2026-03-07T06:50:33Z</time></trkpt><trkpt lat="22.279191666666666" lon="114.13677166666666"><ele>209.10000000000002</ele><time>2026-03-07T06:50:35Z</time></trkpt><trkpt lat="22.279190000000003" lon="114.13675166666665"><ele>209.60000000000002</ele><time>2026-03-07T06:50:37Z</time></trkpt><trkpt lat="22.279179999999997" lon="114.13672666666668"><ele>210.0</ele><time>2026-03-07T06:50:39Z</time></trkpt><trkpt lat="22.279166666666665" lon="114.13669833333333"><ele>210.60000000000002</ele><time>2026-03-07T06:50:41Z</time></trkpt><trkpt lat="22.279163333333333" lon="114.13666333333335"><ele>211.20000000000002</ele><time>2026-03-07T06:50:43Z</time></trkpt><trkpt lat="22.27915666666667" lon="114.13663333333334"><ele>211.8</ele><time>2026-03-07T06:50:45Z</time></trkpt><trkpt lat="22.279149999999998" lon="114.13661166666667"><ele>212.8</ele><time>2026-03-07T06:50:47Z</time></trkpt><trkpt lat="22.27914333333333" lon="114.13658500000001"><ele>213.70000000000002</ele><time>2026-03-07T06:50:51Z</time></trkpt><trkpt lat="22.279149999999998" lon="114.13655333333332"><ele>214.4</ele><time>2026-03-07T06:50:53Z</time></trkpt><trkpt lat="22.279161666666663" lon="114.13653000000001"><ele>214.70000000000002</ele><time>2026-03-07T06:50:55Z</time></trkpt><trkpt lat="22.279168333333338" lon="114.13650333333332"><ele>215.9</ele><time>2026-03-07T06:50:58Z</time></trkpt><trkpt lat="22.279176666666665" lon="114.13647833333334"><ele>216.9</ele><time>2026-03-07T06:51:01Z</time></trkpt><trkpt lat="22.27920333333333" lon="114.13645666666667"><ele>217.60000000000002</ele><time>2026-03-07T06:51:03Z</time></trkpt><trkpt lat="22.279221666666665" lon="114.13645166666666"><ele>217.8</ele><time>2026-03-07T06:51:04Z</time></trkpt><trkpt lat="22.27923" lon="114.13643333333333"><ele>218.8</ele><time>2026-03-07T06:51:08Z</time></trkpt><trkpt lat="22.279243333333337" lon="114.136415"><ele>219.9</ele><time>2026-03-07T06:51:11Z</time></trkpt><trkpt lat="22.279245" lon="114.136385"><ele>220.60000000000002</ele><time>2026-03-07T06:51:14Z</time></trkpt><trkpt lat="22.279245" lon="114.13636"><ele>221.10000000000002</ele><time>2026-03-07T06:51:16Z</time></trkpt><trkpt lat="22.279238333333335" lon="114.13633666666668"><ele>221.10000000000002</ele><time>2026-03-07T06:51:18Z</time></trkpt><trkpt lat="22.27923" lon="114.13631333333333"><ele>221.3</ele><time>2026-03-07T06:51:21Z</time></trkpt><trkpt lat="22.279213333333338" lon="114.13629"><ele>221.60000000000002</ele><time>2026-03-07T06:51:24Z</time></trkpt><trkpt lat="22.279198333333337" lon="114.13626500000001"><ele>221.9</ele><time>2026-03-07T06:51:26Z</time></trkpt><trkpt lat="22.279186666666668" lon="114.13624499999999"><ele>222.4</ele><time>2026-03-07T06:51:28Z</time></trkpt><trkpt lat="22.27917166666667" lon="114.13623166666666"><ele>222.0</ele><time>2026-03-07T06:51:30Z</time></trkpt><trkpt lat="22.27916" lon="114.13621499999999"><ele>221.60000000000002</ele><time>2026-03-07T06:51:32Z</time></trkpt><trkpt lat="22.279141666666668" lon="114.136205"><ele>221.20000000000002</ele><time>2026-03-07T06:51:34Z</time></trkpt><trkpt lat="22.279125" lon="114.13619166666668"><ele>221.20000000000002</ele><time>2026-03-07T06:51:36Z</time></trkpt><trkpt lat="22.279119999999995" lon="114.13615999999999"><ele>220.60000000000002</ele><time>2026-03-07T06:51:39Z</time></trkpt><trkpt lat="22.279106666666667" lon="114.13614166666666"><ele>220.3</ele><time>2026-03-07T06:51:41Z</time></trkpt><trkpt lat="22.279093333333336" lon="114.13612333333334"><ele>220.0</ele><time>2026-03-07T06:51:43Z</time></trkpt><trkpt lat="22.279085000000002" lon="114.136095"><ele>220.8</ele><time>2026-03-07T06:51:46Z</time></trkpt><trkpt lat="22.279083333333332" lon="114.13606166666665"><ele>221.70000000000002</ele><time>2026-03-07T06:51:48Z</time></trkpt><trkpt lat="22.279076666666665" lon="114.13604"><ele>222.4</ele><time>2026-03-07T06:51:50Z</time></trkpt><trkpt lat="22.27908" lon="114.13601333333332"><ele>223.4</ele><time>2026-03-07T06:51:52Z</time></trkpt><trkpt lat="22.27908" lon="114.13598500000002"><ele>223.8</ele><time>2026-03-07T06:51:54Z</time></trkpt><trkpt lat="22.279085000000002" lon="114.13595500000001"><ele>224.20000000000002</ele><time>2026-03-07T06:51:57Z</time></trkpt><trkpt lat="22.279093333333336" lon="114.13592833333333"><ele>224.60000000000002</ele><time>2026-03-07T06:52:00Z</time></trkpt><trkpt lat="22.279100000000003" lon="114.13590666666666"><ele>224.8</ele><time>2026-03-07T06:52:02Z</time></trkpt><trkpt lat="22.27911166666667" lon="114.13588333333334"><ele>225.5</ele><time>2026-03-07T06:52:05Z</time></trkpt><trkpt lat="22.279130000000002" lon="114.13587166666666"><ele>225.70000000000002</ele><time>2026-03-07T06:52:07Z</time></trkpt><trkpt lat="22.279148333333335" lon="114.13585833333333"><ele>226.20000000000002</ele><time>2026-03-07T06:52:10Z</time></trkpt><trkpt lat="22.279163333333333" lon="114.13584166666666"><ele>226.9</ele><time>2026-03-07T06:52:13Z</time></trkpt><trkpt lat="22.27917" lon="114.13581500000001"><ele>227.70000000000002</ele><time>2026-03-07T06:52:16Z</time></trkpt><trkpt lat="22.279179999999997" lon="114.13579499999999"><ele>228.0</ele><time>2026-03-07T06:52:18Z</time></trkpt><trkpt lat="22.279186666666668" lon="114.13577333333333"><ele>228.4</ele><time>2026-03-07T06:52:20Z</time></trkpt><trkpt lat="22.279194999999998" lon="114.13575333333334"><ele>228.60000000000002</ele><time>2026-03-07T06:52:22Z</time></trkpt><trkpt lat="22.279215" lon="114.13574833333332"><ele>229.0</ele><time>2026-03-07T06:52:25Z</time></trkpt><trkpt lat="22.279236666666666" lon="114.13573"><ele>229.5</ele><time>2026-03-07T06:52:27Z</time></trkpt><trkpt lat="22.27926166666667" lon="114.13573666666667"><ele>229.5</ele><time>2026-03-07T06:52:29Z</time></trkpt><trkpt lat="22.279283333333336" lon="114.13573666666667"><ele>229.3</ele><time>2026-03-07T06:52:31Z</time></trkpt><trkpt lat="22.279301666666665" lon="114.13572500000001"><ele>229.4</ele><time>2026-03-07T06:52:33Z</time></trkpt><trkpt lat="22.27932333333333" lon="114.13572166666667"><ele>229.5</ele><time>2026-03-07T06:52:35Z</time></trkpt><trkpt lat="22.279341666666664" lon="114.13571833333332"><ele>229.4</ele><time>2026-03-07T06:52:37Z</time></trkpt><trkpt lat="22.279366666666668" lon="114.13570999999999"><ele>229.20000000000002</ele><time>2026-03-07T06:52:39Z</time></trkpt><trkpt lat="22.279386666666664" lon="114.13570166666665"><ele>229.3</ele><time>2026-03-07T06:52:41Z</time></trkpt><trkpt lat="22.279415000000004" lon="114.1357"><ele>229.3</ele><time>2026-03-07T06:52:43Z</time></trkpt><trkpt lat="22.27943" lon="114.13571166666667"><ele>229.0</ele><time>2026-03-07T06:52:45Z</time></trkpt><trkpt lat="22.279411666666668" lon="114.135695"><ele>232.10000000000002</ele><time>2026-03-07T06:52:51Z</time></trkpt><trkpt lat="22.279373333333336" lon="114.13566999999999"><ele>237.70000000000002</ele><time>2026-03-07T06:53:45Z</time></trkpt><trkpt lat="22.27934833333334" lon="114.13566666666665"><ele>238.5</ele><time>2026-03-07T06:53:47Z</time></trkpt><trkpt lat="22.27936833333333" lon="114.13567666666668"><ele>239.10000000000002</ele><time>2026-03-07T06:53:51Z</time></trkpt><trkpt lat="22.279359999999997" lon="114.13565666666666"><ele>234.8</ele><time>2026-03-07T06:53:55Z</time></trkpt><trkpt lat="22.279374999999998" lon="114.13567166666665"><ele>233.8</ele><time>2026-03-07T06:53:58Z</time></trkpt><trkpt lat="22.279388333333333" lon="114.13568500000001"><ele>234.20000000000002</ele><time>2026-03-07T06:54:03Z</time></trkpt><trkpt lat="22.27939666666667" lon="114.13570666666668"><ele>234.0</ele><time>2026-03-07T06:54:05Z</time></trkpt><trkpt lat="22.279388333333333" lon="114.13573"><ele>233.60000000000002</ele><time>2026-03-07T06:54:07Z</time></trkpt><trkpt lat="22.279408333333336" lon="114.135735"><ele>233.0</ele><time>2026-03-07T06:54:12Z</time></trkpt><trkpt lat="22.279403333333335" lon="114.13570999999999"><ele>233.8</ele><time>2026-03-07T06:54:25Z</time></trkpt><trkpt lat="22.27941" lon="114.13569000000001"><ele>233.70000000000002</ele><time>2026-03-07T06:54:27Z</time></trkpt><trkpt lat="22.279404999999997" lon="114.13566999999999"><ele>233.70000000000002</ele><time>2026-03-07T06:54:29Z</time></trkpt><trkpt lat="22.279400000000003" lon="114.13564833333334"><ele>234.60000000000002</ele><time>2026-03-07T06:54:33Z</time></trkpt><trkpt lat="22.279386666666664" lon="114.13563333333335"><ele>234.9</ele><time>2026-03-07T06:54:36Z</time></trkpt><trkpt lat="22.279361666666667" lon="114.13562833333332"><ele>234.70000000000002</ele><time>2026-03-07T06:54:39Z</time></trkpt><trkpt lat="22.279343333333333" lon="114.13562833333332"><ele>234.4</ele><time>2026-03-07T06:54:41Z</time></trkpt><trkpt lat="22.27933666666667" lon="114.13560666666666"><ele>235.60000000000002</ele><time>2026-03-07T06:54:58Z</time></trkpt><trkpt lat="22.279321666666668" lon="114.13559"><ele>235.3</ele><time>2026-03-07T06:55:01Z</time></trkpt><trkpt lat="22.279333333333337" lon="114.135575"><ele>235.20000000000002</ele><time>2026-03-07T06:55:03Z</time></trkpt><trkpt lat="22.27935166666667" lon="114.13557333333334"><ele>235.5</ele><time>2026-03-07T06:55:07Z</time></trkpt><trkpt lat="22.279333333333337" lon="114.13555999999998"><ele>237.10000000000002</ele><time>2026-03-07T06:55:47Z</time></trkpt><trkpt lat="22.27932" lon="114.13554166666667"><ele>237.4</ele><time>2026-03-07T06:55:49Z</time></trkpt><trkpt lat="22.279314999999997" lon="114.13551833333334"><ele>238.3</ele><time>2026-03-07T06:55:51Z</time></trkpt><trkpt lat="22.27930333333334" lon="114.13549666666668"><ele>239.20000000000002</ele><time>2026-03-07T06:55:54Z</time></trkpt><trkpt lat="22.279298333333333" lon="114.13547666666666"><ele>239.5</ele><time>2026-03-07T06:55:56Z</time></trkpt><trkpt lat="22.279284999999998" lon="114.13546166666666"><ele>240.5</ele><time>2026-03-07T06:56:00Z</time></trkpt><trkpt lat="22.279263333333333" lon="114.13546666666667"><ele>239.4</ele><time>2026-03-07T06:56:26Z</time></trkpt><trkpt lat="22.27925833333334" lon="114.13543666666668"><ele>239.4</ele><time>2026-03-07T06:56:29Z</time></trkpt><trkpt lat="22.279256666666665" lon="114.13540499999999"><ele>239.10000000000002</ele><time>2026-03-07T06:56:31Z</time></trkpt><trkpt lat="22.27926" lon="114.13537333333333"><ele>238.5</ele><time>2026-03-07T06:56:33Z</time></trkpt><trkpt lat="22.279263333333333" lon="114.13534499999999"><ele>238.3</ele><time>2026-03-07T06:56:35Z</time></trkpt><trkpt lat="22.27924833333333" lon="114.13532666666667"><ele>237.9</ele><time>2026-03-07T06:56:37Z</time></trkpt><trkpt lat="22.27923" lon="114.135305"><ele>237.5</ele><time>2026-03-07T06:56:39Z</time></trkpt><trkpt lat="22.279206666666663" lon="114.135285"><ele>237.10000000000002</ele><time>2026-03-07T06:56:41Z</time></trkpt><trkpt lat="22.279190000000003" lon="114.13527166666667"><ele>237.20000000000002</ele><time>2026-03-07T06:56:43Z</time></trkpt><trkpt lat="22.27915666666667" lon="114.13526666666667"><ele>237.60000000000002</ele><time>2026-03-07T06:56:46Z</time></trkpt><trkpt lat="22.279131666666665" lon="114.13525333333334"><ele>238.0</ele><time>2026-03-07T06:56:48Z</time></trkpt><trkpt lat="22.27911" lon="114.13525"><ele>238.8</ele><time>2026-03-07T06:56:50Z</time></trkpt><trkpt lat="22.279091666666666" lon="114.13524666666666"><ele>239.5</ele><time>2026-03-07T06:56:52Z</time></trkpt><trkpt lat="22.279074999999995" lon="114.13523666666667"><ele>240.4</ele><time>2026-03-07T06:56:54Z</time></trkpt><trkpt lat="22.279055000000003" lon="114.13523166666667"><ele>241.3</ele><time>2026-03-07T06:56:56Z</time></trkpt><trkpt lat="22.279033333333338" lon="114.13522166666668"><ele>242.0</ele><time>2026-03-07T06:56:58Z</time></trkpt><trkpt lat="22.279011666666666" lon="114.135215"><ele>242.4</ele><time>2026-03-07T06:57:00Z</time></trkpt><trkpt lat="22.278984999999995" lon="114.13521333333334"><ele>242.9</ele><time>2026-03-07T06:57:02Z</time></trkpt><trkpt lat="22.278966666666665" lon="114.13521333333334"><ele>243.10000000000002</ele><time>2026-03-07T06:57:04Z</time></trkpt><trkpt lat="22.27894666666667" lon="114.13521166666666"><ele>244.20000000000002</ele><time>2026-03-07T06:57:07Z</time></trkpt><trkpt lat="22.278928333333337" lon="114.13521833333334"><ele>244.9</ele><time>2026-03-07T06:57:09Z</time></trkpt><trkpt lat="22.278906666666664" lon="114.13522833333333"><ele>246.10000000000002</ele><time>2026-03-07T06:57:11Z</time></trkpt><trkpt lat="22.278881666666667" lon="114.13523833333332"><ele>247.5</ele><time>2026-03-07T06:57:13Z</time></trkpt><trkpt lat="22.278853333333338" lon="114.135245"><ele>248.8</ele><time>2026-03-07T06:57:15Z</time></trkpt><trkpt lat="22.278830000000003" lon="114.135245"><ele>250.20000000000002</ele><time>2026-03-07T06:57:17Z</time></trkpt><trkpt lat="22.278806666666664" lon="114.13524333333335"><ele>252.10000000000002</ele><time>2026-03-07T06:57:19Z</time></trkpt><trkpt lat="22.278779999999998" lon="114.13524166666666"><ele>253.70000000000002</ele><time>2026-03-07T06:57:21Z</time></trkpt><trkpt lat="22.278761666666664" lon="114.13523833333332"><ele>255.10000000000002</ele><time>2026-03-07T06:57:23Z</time></trkpt><trkpt lat="22.278743333333335" lon="114.13523666666667"><ele>256.1</ele><time>2026-03-07T06:57:25Z</time></trkpt><trkpt lat="22.27872" lon="114.13522999999999"><ele>256.8</ele><time>2026-03-07T06:57:27Z</time></trkpt><trkpt lat="22.278701666666667" lon="114.13521833333334"><ele>257.40000000000003</ele><time>2026-03-07T06:57:29Z</time></trkpt><trkpt lat="22.27867666666667" lon="114.13519666666667"><ele>257.8</ele><time>2026-03-07T06:57:31Z</time></trkpt><trkpt lat="22.278656666666667" lon="114.13517666666667"><ele>257.90000000000003</ele><time>2026-03-07T06:57:33Z</time></trkpt><trkpt lat="22.278640000000003" lon="114.13515333333335"><ele>257.6</ele><time>2026-03-07T06:57:35Z</time></trkpt><trkpt lat="22.278621666666663" lon="114.13513166666668"><ele>256.90000000000003</ele><time>2026-03-07T06:57:37Z</time></trkpt><trkpt lat="22.278605000000002" lon="114.13511500000001"><ele>256.3</ele><time>2026-03-07T06:57:39Z</time></trkpt><trkpt lat="22.278585" lon="114.13509666666666"><ele>255.8</ele><time>2026-03-07T06:57:41Z</time></trkpt><trkpt lat="22.27857" lon="114.13507499999999"><ele>255.40000000000003</ele><time>2026-03-07T06:57:43Z</time></trkpt><trkpt lat="22.278561666666665" lon="114.13505666666667"><ele>254.5</ele><time>2026-03-07T06:57:45Z</time></trkpt><trkpt lat="22.278554999999997" lon="114.13503666666665"><ele>254.10000000000002</ele><time>2026-03-07T06:57:47Z</time></trkpt><trkpt lat="22.278551666666665" lon="114.13501166666668"><ele>253.70000000000002</ele><time>2026-03-07T06:57:49Z</time></trkpt><trkpt lat="22.278546666666664" lon="114.13498333333334"><ele>253.10000000000002</ele><time>2026-03-07T06:57:51Z</time></trkpt><trkpt lat="22.27854166666667" lon="114.13495666666668"><ele>252.70000000000002</ele><time>2026-03-07T06:57:53Z</time></trkpt><trkpt lat="22.278538333333337" lon="114.13492833333333"><ele>252.4</ele><time>2026-03-07T06:57:55Z</time></trkpt><trkpt lat="22.27853" lon="114.13490333333333"><ele>252.0</ele><time>2026-03-07T06:57:57Z</time></trkpt><trkpt lat="22.278518333333334" lon="114.13488166666666"><ele>251.5</ele><time>2026-03-07T06:57:59Z</time></trkpt><trkpt lat="22.278505000000003" lon="114.13486166666668"><ele>251.0</ele><time>2026-03-07T06:58:01Z</time></trkpt><trkpt lat="22.278488333333332" lon="114.13484166666667"><ele>250.4</ele><time>2026-03-07T06:58:03Z</time></trkpt><trkpt lat="22.278475000000004" lon="114.134825"><ele>249.5</ele><time>2026-03-07T06:58:05Z</time></trkpt><trkpt lat="22.278461666666665" lon="114.13480333333334"><ele>248.60000000000002</ele><time>2026-03-07T06:58:07Z</time></trkpt><trkpt lat="22.278443333333332" lon="114.13478666666667"><ele>247.70000000000002</ele><time>2026-03-07T06:58:09Z</time></trkpt><trkpt lat="22.278419999999997" lon="114.13477666666668"><ele>246.70000000000002</ele><time>2026-03-07T06:58:11Z</time></trkpt><trkpt lat="22.278395" lon="114.13477666666668"><ele>245.8</ele><time>2026-03-07T06:58:13Z</time></trkpt><trkpt lat="22.278373333333334" lon="114.13476833333334"><ele>245.5</ele><time>2026-03-07T06:58:15Z</time></trkpt><trkpt lat="22.27835" lon="114.13476166666666"><ele>245.0</ele><time>2026-03-07T06:58:17Z</time></trkpt><trkpt lat="22.278323333333333" lon="114.13475833333332"><ele>244.70000000000002</ele><time>2026-03-07T06:58:19Z</time></trkpt><trkpt lat="22.278299999999998" lon="114.13475833333332"><ele>244.3</ele><time>2026-03-07T06:58:21Z</time></trkpt><trkpt lat="22.27827333333333" lon="114.13475500000001"><ele>244.10000000000002</ele><time>2026-03-07T06:58:24Z</time></trkpt><trkpt lat="22.27824666666667" lon="114.13474"><ele>244.60000000000002</ele><time>2026-03-07T06:58:27Z</time></trkpt><trkpt lat="22.278225" lon="114.13473"><ele>245.60000000000002</ele><time>2026-03-07T06:58:29Z</time></trkpt><trkpt lat="22.278206666666666" lon="114.13472166666666"><ele>246.20000000000002</ele><time>2026-03-07T06:58:31Z</time></trkpt><trkpt lat="22.27818666666667" lon="114.13471333333334"><ele>246.70000000000002</ele><time>2026-03-07T06:58:34Z</time></trkpt><trkpt lat="22.278158333333334" lon="114.13470333333335"><ele>246.5</ele><time>2026-03-07T06:58:37Z</time></trkpt><trkpt lat="22.27814" lon="114.13469500000001"><ele>246.5</ele><time>2026-03-07T06:58:39Z</time></trkpt><trkpt lat="22.278119999999998" lon="114.13467999999999"><ele>245.9</ele><time>2026-03-07T06:58:41Z</time></trkpt><trkpt lat="22.278100000000002" lon="114.13466166666667"><ele>245.10000000000002</ele><time>2026-03-07T06:58:43Z</time></trkpt><trkpt lat="22.27808166666667" lon="114.13463666666667"><ele>244.20000000000002</ele><time>2026-03-07T06:58:45Z</time></trkpt><trkpt lat="22.278070000000003" lon="114.13461666666666"><ele>242.9</ele><time>2026-03-07T06:58:47Z</time></trkpt><trkpt lat="22.278053333333332" lon="114.13459666666668"><ele>242.0</ele><time>2026-03-07T06:58:49Z</time></trkpt><trkpt lat="22.278029999999998" lon="114.13456999999998"><ele>241.3</ele><time>2026-03-07T06:58:51Z</time></trkpt><trkpt lat="22.278010000000002" lon="114.13455833333335"><ele>240.5</ele><time>2026-03-07T06:58:53Z</time></trkpt><trkpt lat="22.277980000000003" lon="114.134555"><ele>240.20000000000002</ele><time>2026-03-07T06:58:55Z</time></trkpt><trkpt lat="22.277953333333336" lon="114.13455"><ele>239.9</ele><time>2026-03-07T06:58:57Z</time></trkpt><trkpt lat="22.27792833333333" lon="114.13453333333334"><ele>239.8</ele><time>2026-03-07T06:58:59Z</time></trkpt><trkpt lat="22.27791" lon="114.13451666666667"><ele>239.60000000000002</ele><time>2026-03-07T06:59:01Z</time></trkpt><trkpt lat="22.277891666666665" lon="114.13451666666667"><ele>239.5</ele><time>2026-03-07T06:59:03Z</time></trkpt><trkpt lat="22.277891666666665" lon="114.13454333333333"><ele>240.3</ele><time>2026-03-07T06:59:08Z</time></trkpt><trkpt lat="22.277883333333328" lon="114.13457500000001"><ele>241.0</ele><time>2026-03-07T06:59:10Z</time></trkpt><trkpt lat="22.277873333333332" lon="114.13454333333333"><ele>241.9</ele><time>2026-03-07T06:59:14Z</time></trkpt><trkpt lat="22.277855" lon="114.13453333333334"><ele>242.20000000000002</ele><time>2026-03-07T06:59:16Z</time></trkpt><trkpt lat="22.277833333333334" lon="114.13455"><ele>240.9</ele><time>2026-03-07T06:59:20Z</time></trkpt><trkpt lat="22.27782" lon="114.13457666666666"><ele>240.20000000000002</ele><time>2026-03-07T06:59:22Z</time></trkpt><trkpt lat="22.277808333333336" lon="114.13460333333333"><ele>240.0</ele><time>2026-03-07T06:59:24Z</time></trkpt><trkpt lat="22.277789999999996" lon="114.13462499999999"><ele>239.60000000000002</ele><time>2026-03-07T06:59:26Z</time></trkpt><trkpt lat="22.277773333333336" lon="114.13463833333331"><ele>238.60000000000002</ele><time>2026-03-07T06:59:28Z</time></trkpt><trkpt lat="22.277758333333335" lon="114.13466166666667"><ele>237.8</ele><time>2026-03-07T06:59:30Z</time></trkpt><trkpt lat="22.27773666666667" lon="114.13468166666668"><ele>237.70000000000002</ele><time>2026-03-07T06:59:32Z</time></trkpt><trkpt lat="22.277711666666665" lon="114.13470000000001"><ele>237.20000000000002</ele><time>2026-03-07T06:59:34Z</time></trkpt><trkpt lat="22.277688333333337" lon="114.13471"><ele>237.70000000000002</ele><time>2026-03-07T06:59:36Z</time></trkpt><trkpt lat="22.27766166666667" lon="114.13472166666666"><ele>238.20000000000002</ele><time>2026-03-07T06:59:38Z</time></trkpt><trkpt lat="22.27763333333333" lon="114.13473666666665"><ele>238.20000000000002</ele><time>2026-03-07T06:59:40Z</time></trkpt><trkpt lat="22.277606666666664" lon="114.13474666666667"><ele>237.9</ele><time>2026-03-07T06:59:42Z</time></trkpt><trkpt lat="22.277583333333336" lon="114.13474666666667"><ele>238.0</ele><time>2026-03-07T06:59:44Z</time></trkpt><trkpt lat="22.277551666666668" lon="114.13474166666668"><ele>238.10000000000002</ele><time>2026-03-07T06:59:46Z</time></trkpt><trkpt lat="22.27752333333334" lon="114.134735"><ele>238.10000000000002</ele><time>2026-03-07T06:59:48Z</time></trkpt><trkpt lat="22.277503333333335" lon="114.13471999999999"><ele>237.9</ele><time>2026-03-07T06:59:50Z</time></trkpt><trkpt lat="22.277485000000002" lon="114.13470166666666"><ele>237.60000000000002</ele><time>2026-03-07T06:59:52Z</time></trkpt><trkpt lat="22.277458333333335" lon="114.13468499999999"><ele>237.5</ele><time>2026-03-07T06:59:54Z</time></trkpt><trkpt lat="22.277438333333333" lon="114.13467"><ele>237.60000000000002</ele><time>2026-03-07T06:59:56Z</time></trkpt><trkpt lat="22.27742" lon="114.13465166666668"><ele>238.0</ele><time>2026-03-07T06:59:58Z</time></trkpt><trkpt lat="22.27739166666667" lon="114.13465333333333"><ele>238.20000000000002</ele><time>2026-03-07T07:00:00Z</time></trkpt><trkpt lat="22.277373333333337" lon="114.13465333333333"><ele>238.3</ele><time>2026-03-07T07:00:02Z</time></trkpt><trkpt lat="22.277356666666666" lon="114.13466333333332"><ele>237.70000000000002</ele><time>2026-03-07T07:00:05Z</time></trkpt><trkpt lat="22.277340000000002" lon="114.134675"><ele>237.9</ele><time>2026-03-07T07:00:07Z</time></trkpt><trkpt lat="22.27731833333333" lon="114.13468833333333"><ele>237.9</ele><time>2026-03-07T07:00:10Z</time></trkpt><trkpt lat="22.277295000000002" lon="114.13469666666667"><ele>237.4</ele><time>2026-03-07T07:00:13Z</time></trkpt><trkpt lat="22.277281666666667" lon="114.13471333333334"><ele>237.10000000000002</ele><time>2026-03-07T07:00:15Z</time></trkpt><trkpt lat="22.277258333333332" lon="114.13472333333333"><ele>236.9</ele><time>2026-03-07T07:00:17Z</time></trkpt><trkpt lat="22.277238333333337" lon="114.13473"><ele>236.5</ele><time>2026-03-07T07:00:19Z</time></trkpt><trkpt lat="22.277215" lon="114.13473833333335"><ele>236.0</ele><time>2026-03-07T07:00:21Z</time></trkpt><trkpt lat="22.277191666666667" lon="114.13474333333333"><ele>235.8</ele><time>2026-03-07T07:00:23Z</time></trkpt><trkpt lat="22.277161666666665" lon="114.13474666666667"><ele>235.60000000000002</ele><time>2026-03-07T07:00:25Z</time></trkpt><trkpt lat="22.277131666666666" lon="114.13474999999998"><ele>235.3</ele><time>2026-03-07T07:00:27Z</time></trkpt><trkpt lat="22.277111666666663" lon="114.13475666666666"><ele>235.4</ele><time>2026-03-07T07:00:29Z</time></trkpt><trkpt lat="22.277089999999998" lon="114.13476333333334"><ele>236.0</ele><time>2026-03-07T07:00:31Z</time></trkpt><trkpt lat="22.27706333333333" lon="114.13476999999999"><ele>236.0</ele><time>2026-03-07T07:00:33Z</time></trkpt><trkpt lat="22.277033333333332" lon="114.13477333333334"><ele>236.10000000000002</ele><time>2026-03-07T07:00:35Z</time></trkpt><trkpt lat="22.27700333333333" lon="114.13477499999999"><ele>236.0</ele><time>2026-03-07T07:00:37Z</time></trkpt><trkpt lat="22.276976666666663" lon="114.13478500000001"><ele>235.8</ele><time>2026-03-07T07:00:39Z</time></trkpt><trkpt lat="22.276950000000003" lon="114.13478500000001"><ele>235.70000000000002</ele><time>2026-03-07T07:00:41Z</time></trkpt><trkpt lat="22.276926666666668" lon="114.13477166666668"><ele>235.60000000000002</ele><time>2026-03-07T07:00:43Z</time></trkpt><trkpt lat="22.276901666666664" lon="114.13475666666666"><ele>235.5</ele><time>2026-03-07T07:00:45Z</time></trkpt><trkpt lat="22.27688333333333" lon="114.13473166666667"><ele>235.9</ele><time>2026-03-07T07:00:47Z</time></trkpt><trkpt lat="22.27687" lon="114.13470166666666"><ele>236.10000000000002</ele><time>2026-03-07T07:00:49Z</time></trkpt><trkpt lat="22.276858333333333" lon="114.13467833333334"><ele>236.60000000000002</ele><time>2026-03-07T07:00:51Z</time></trkpt><trkpt lat="22.27685" lon="114.13464833333335"><ele>236.9</ele><time>2026-03-07T07:00:53Z</time></trkpt><trkpt lat="22.276845" lon="114.13462166666667"><ele>236.9</ele><time>2026-03-07T07:00:55Z</time></trkpt><trkpt lat="22.276835" lon="114.13459666666668"><ele>237.20000000000002</ele><time>2026-03-07T07:00:57Z</time></trkpt><trkpt lat="22.276825" lon="114.13457333333332"><ele>237.10000000000002</ele><time>2026-03-07T07:00:59Z</time></trkpt><trkpt lat="22.27681" lon="114.13455"><ele>237.4</ele><time>2026-03-07T07:01:01Z</time></trkpt><trkpt lat="22.27679666666667" lon="114.13453"><ele>238.10000000000002</ele><time>2026-03-07T07:01:04Z</time></trkpt><trkpt lat="22.276770000000003" lon="114.13452166666666"><ele>238.3</ele><time>2026-03-07T07:01:06Z</time></trkpt><trkpt lat="22.27674833333333" lon="114.13452333333335"><ele>237.70000000000002</ele><time>2026-03-07T07:01:08Z</time></trkpt><trkpt lat="22.276728333333335" lon="114.13453333333334"><ele>237.60000000000002</ele><time>2026-03-07T07:01:10Z</time></trkpt><trkpt lat="22.276705" lon="114.13454333333333"><ele>237.60000000000002</ele><time>2026-03-07T07:01:12Z</time></trkpt><trkpt lat="22.276683333333335" lon="114.134565"><ele>238.0</ele><time>2026-03-07T07:01:14Z</time></trkpt><trkpt lat="22.276668333333337" lon="114.13457666666666"><ele>237.9</ele><time>2026-03-07T07:01:15Z</time></trkpt><trkpt lat="22.276645" lon="114.13458666666665"><ele>237.9</ele><time>2026-03-07T07:01:17Z</time></trkpt><trkpt lat="22.27661666666667" lon="114.13457833333332"><ele>238.20000000000002</ele><time>2026-03-07T07:01:19Z</time></trkpt><trkpt lat="22.27658666666667" lon="114.134565"><ele>238.9</ele><time>2026-03-07T07:01:21Z</time></trkpt><trkpt lat="22.27656833333333" lon="114.13455"><ele>239.3</ele><time>2026-03-07T07:01:23Z</time></trkpt><trkpt lat="22.276563333333335" lon="114.13452833333334"><ele>238.70000000000002</ele><time>2026-03-07T07:01:26Z</time></trkpt><trkpt lat="22.276560000000003" lon="114.13450666666668"><ele>238.20000000000002</ele><time>2026-03-07T07:01:28Z</time></trkpt><trkpt lat="22.27654" lon="114.13448166666667"><ele>237.5</ele><time>2026-03-07T07:01:30Z</time></trkpt><trkpt lat="22.276525" lon="114.134465"><ele>236.5</ele><time>2026-03-07T07:01:32Z</time></trkpt><trkpt lat="22.276506666666666" lon="114.13447333333333"><ele>235.3</ele><time>2026-03-07T07:01:35Z</time></trkpt><trkpt lat="22.276485" lon="114.13448166666667"><ele>234.4</ele><time>2026-03-07T07:01:38Z</time></trkpt><trkpt lat="22.27646333333333" lon="114.13448500000001"><ele>234.3</ele><time>2026-03-07T07:01:40Z</time></trkpt><trkpt lat="22.276445" lon="114.13449333333334"><ele>233.9</ele><time>2026-03-07T07:01:42Z</time></trkpt><trkpt lat="22.27643833333333" lon="114.13451166666667"><ele>233.9</ele><time>2026-03-07T07:01:44Z</time></trkpt><trkpt lat="22.276426666666666" lon="114.13453999999999"><ele>232.9</ele><time>2026-03-07T07:01:48Z</time></trkpt><trkpt lat="22.276419999999998" lon="114.13456333333333"><ele>232.8</ele><time>2026-03-07T07:01:50Z</time></trkpt><trkpt lat="22.276413333333334" lon="114.134585"><ele>232.8</ele><time>2026-03-07T07:01:52Z</time></trkpt><trkpt lat="22.2764" lon="114.13461000000001"><ele>233.3</ele><time>2026-03-07T07:01:54Z</time></trkpt><trkpt lat="22.276386666666667" lon="114.13463166666666"><ele>234.20000000000002</ele><time>2026-03-07T07:01:56Z</time></trkpt><trkpt lat="22.276374999999998" lon="114.13465166666668"><ele>235.10000000000002</ele><time>2026-03-07T07:01:58Z</time></trkpt><trkpt lat="22.276368333333334" lon="114.13467166666666"><ele>237.20000000000002</ele><time>2026-03-07T07:02:01Z</time></trkpt><trkpt lat="22.27636166666667" lon="114.13469333333333"><ele>238.20000000000002</ele><time>2026-03-07T07:02:04Z</time></trkpt><trkpt lat="22.276338333333335" lon="114.13470166666666"><ele>238.8</ele><time>2026-03-07T07:02:06Z</time></trkpt><trkpt lat="22.276315" lon="114.13471333333334"><ele>239.3</ele><time>2026-03-07T07:02:08Z</time></trkpt><trkpt lat="22.276291666666665" lon="114.13472500000002"><ele>239.60000000000002</ele><time>2026-03-07T07:02:10Z</time></trkpt><trkpt lat="22.27626" lon="114.13473333333334"><ele>239.9</ele><time>2026-03-07T07:02:12Z</time></trkpt><trkpt lat="22.276233333333334" lon="114.13474333333333"><ele>240.8</ele><time>2026-03-07T07:02:14Z</time></trkpt><trkpt lat="22.27621" lon="114.13475166666667"><ele>241.5</ele><time>2026-03-07T07:02:16Z</time></trkpt><trkpt lat="22.276191666666666" lon="114.13475333333332"><ele>242.60000000000002</ele><time>2026-03-07T07:02:18Z</time></trkpt><trkpt lat="22.27617" lon="114.13477833333333"><ele>243.0</ele><time>2026-03-07T07:02:20Z</time></trkpt><trkpt lat="22.276149999999998" lon="114.13479666666666"><ele>243.3</ele><time>2026-03-07T07:02:22Z</time></trkpt><trkpt lat="22.27612166666667" lon="114.13480666666668"><ele>243.3</ele><time>2026-03-07T07:02:24Z</time></trkpt><trkpt lat="22.276103333333335" lon="114.13480833333332"><ele>243.4</ele><time>2026-03-07T07:02:25Z</time></trkpt><trkpt lat="22.27607833333333" lon="114.1348"><ele>243.5</ele><time>2026-03-07T07:02:27Z</time></trkpt><trkpt lat="22.276059999999998" lon="114.13479333333335"><ele>244.10000000000002</ele><time>2026-03-07T07:02:29Z</time></trkpt><trkpt lat="22.276041666666668" lon="114.13480333333334"><ele>244.0</ele><time>2026-03-07T07:02:31Z</time></trkpt><trkpt lat="22.276018333333333" lon="114.13481166666666"><ele>245.0</ele><time>2026-03-07T07:02:34Z</time></trkpt><trkpt lat="22.275994999999998" lon="114.13481500000002"><ele>245.5</ele><time>2026-03-07T07:02:36Z</time></trkpt><trkpt lat="22.275964999999996" lon="114.13482666666665"><ele>246.3</ele><time>2026-03-07T07:02:38Z</time></trkpt><trkpt lat="22.275946666666663" lon="114.13483999999998"><ele>246.8</ele><time>2026-03-07T07:02:40Z</time></trkpt><trkpt lat="22.275933333333334" lon="114.13485666666665"><ele>247.0</ele><time>2026-03-07T07:02:42Z</time></trkpt><trkpt lat="22.275931666666665" lon="114.13487666666667"><ele>247.0</ele><time>2026-03-07T07:02:43Z</time></trkpt><trkpt lat="22.275919999999996" lon="114.13490333333333"><ele>246.70000000000002</ele><time>2026-03-07T07:02:45Z</time></trkpt><trkpt lat="22.275906666666668" lon="114.13492666666667"><ele>247.3</ele><time>2026-03-07T07:02:47Z</time></trkpt><trkpt lat="22.275889999999997" lon="114.13494166666666"><ele>247.8</ele><time>2026-03-07T07:02:49Z</time></trkpt><trkpt lat="22.275878333333335" lon="114.13495999999999"><ele>248.3</ele><time>2026-03-07T07:02:51Z</time></trkpt><trkpt lat="22.27586666666667" lon="114.13497833333334"><ele>248.8</ele><time>2026-03-07T07:02:53Z</time></trkpt><trkpt lat="22.275855" lon="114.13499666666667"><ele>249.20000000000002</ele><time>2026-03-07T07:02:55Z</time></trkpt><trkpt lat="22.27585" lon="114.13502666666666"><ele>249.4</ele><time>2026-03-07T07:02:58Z</time></trkpt><trkpt lat="22.27585333333333" lon="114.13504666666668"><ele>249.8</ele><time>2026-03-07T07:03:00Z</time></trkpt><trkpt lat="22.275856666666662" lon="114.13507833333333"><ele>250.10000000000002</ele><time>2026-03-07T07:03:03Z</time></trkpt><trkpt lat="22.275861666666668" lon="114.13510166666669"><ele>250.5</ele><time>2026-03-07T07:03:05Z</time></trkpt><trkpt lat="22.275855" lon="114.13512166666666"><ele>250.8</ele><time>2026-03-07T07:03:07Z</time></trkpt><trkpt lat="22.275848333333336" lon="114.13514833333332"><ele>251.60000000000002</ele><time>2026-03-07T07:03:10Z</time></trkpt><trkpt lat="22.27583666666667" lon="114.13516999999999"><ele>252.70000000000002</ele><time>2026-03-07T07:03:12Z</time></trkpt><trkpt lat="22.275828333333333" lon="114.13519999999998"><ele>254.10000000000002</ele><time>2026-03-07T07:03:15Z</time></trkpt><trkpt lat="22.275828333333333" lon="114.13522333333334"><ele>254.8</ele><time>2026-03-07T07:03:17Z</time></trkpt><trkpt lat="22.275826666666664" lon="114.13525"><ele>256.40000000000003</ele><time>2026-03-07T07:03:21Z</time></trkpt><trkpt lat="22.275814999999998" lon="114.13527500000001"><ele>257.8</ele><time>2026-03-07T07:03:24Z</time></trkpt><trkpt lat="22.275811666666662" lon="114.13530166666666"><ele>258.1</ele><time>2026-03-07T07:03:26Z</time></trkpt><trkpt lat="22.275806666666668" lon="114.13532166666667"><ele>258.90000000000003</ele><time>2026-03-07T07:03:28Z</time></trkpt><trkpt lat="22.275798333333334" lon="114.13534166666668"><ele>259.8</ele><time>2026-03-07T07:03:30Z</time></trkpt><trkpt lat="22.275783333333333" lon="114.13536166666667"><ele>260.1</ele><time>2026-03-07T07:03:33Z</time></trkpt><trkpt lat="22.275775" lon="114.13538333333332"><ele>260.1</ele><time>2026-03-07T07:03:35Z</time></trkpt><trkpt lat="22.275765" lon="114.13539999999999"><ele>260.6</ele><time>2026-03-07T07:03:37Z</time></trkpt><trkpt lat="22.275751666666665" lon="114.13541666666667"><ele>260.6</ele><time>2026-03-07T07:03:39Z</time></trkpt><trkpt lat="22.275736666666663" lon="114.13543333333334"><ele>260.5</ele><time>2026-03-07T07:03:41Z</time></trkpt><trkpt lat="22.275721666666662" lon="114.13545333333334"><ele>260.7</ele><time>2026-03-07T07:03:43Z</time></trkpt><trkpt lat="22.275710000000004" lon="114.13546999999998"><ele>260.8</ele><time>2026-03-07T07:03:45Z</time></trkpt><trkpt lat="22.275699999999997" lon="114.13548833333334"><ele>261.1</ele><time>2026-03-07T07:03:48Z</time></trkpt><trkpt lat="22.275691666666663" lon="114.13551666666666"><ele>261.0</ele><time>2026-03-07T07:03:51Z</time></trkpt><trkpt lat="22.27568666666667" lon="114.13553833333332"><ele>260.8</ele><time>2026-03-07T07:03:53Z</time></trkpt><trkpt lat="22.275683333333337" lon="114.13556333333332"><ele>260.40000000000003</ele><time>2026-03-07T07:03:55Z</time></trkpt><trkpt lat="22.275675" lon="114.13558833333333"><ele>260.6</ele><time>2026-03-07T07:03:58Z</time></trkpt><trkpt lat="22.275685" lon="114.13561"><ele>260.90000000000003</ele><time>2026-03-07T07:04:00Z</time></trkpt><trkpt lat="22.275685" lon="114.13563666666666"><ele>260.8</ele><time>2026-03-07T07:04:03Z</time></trkpt><trkpt lat="22.275671666666668" lon="114.13565833333332"><ele>260.5</ele><time>2026-03-07T07:04:06Z</time></trkpt><trkpt lat="22.275660000000002" lon="114.13568333333333"><ele>260.3</ele><time>2026-03-07T07:04:09Z</time></trkpt><trkpt lat="22.275653333333334" lon="114.13570166666665"><ele>260.1</ele><time>2026-03-07T07:04:11Z</time></trkpt><trkpt lat="22.275636666666667" lon="114.13571833333332"><ele>259.90000000000003</ele><time>2026-03-07T07:04:14Z</time></trkpt><trkpt lat="22.275633333333335" lon="114.13573833333334"><ele>259.90000000000003</ele><time>2026-03-07T07:04:16Z</time></trkpt><trkpt lat="22.275624999999998" lon="114.13575999999999"><ele>260.1</ele><time>2026-03-07T07:04:19Z</time></trkpt><trkpt lat="22.275606666666665" lon="114.13577333333333"><ele>260.7</ele><time>2026-03-07T07:04:23Z</time></trkpt><trkpt lat="22.275586666666662" lon="114.13578833333334"><ele>260.40000000000003</ele><time>2026-03-07T07:04:25Z</time></trkpt><trkpt lat="22.275564999999997" lon="114.13579333333334"><ele>259.8</ele><time>2026-03-07T07:04:28Z</time></trkpt><trkpt lat="22.275546666666667" lon="114.13579666666668"><ele>259.40000000000003</ele><time>2026-03-07T07:04:31Z</time></trkpt><trkpt lat="22.275526666666664" lon="114.13580333333333"><ele>258.6</ele><time>2026-03-07T07:04:34Z</time></trkpt><trkpt lat="22.27550833333333" lon="114.13581166666667"><ele>258.0</ele><time>2026-03-07T07:04:37Z</time></trkpt><trkpt lat="22.275489999999998" lon="114.13583166666668"><ele>257.0</ele><time>2026-03-07T07:04:41Z</time></trkpt><trkpt lat="22.27547666666667" lon="114.135845"><ele>256.6</ele><time>2026-03-07T07:04:43Z</time></trkpt><trkpt lat="22.27546333333333" lon="114.13585833333333"><ele>256.2</ele><time>2026-03-07T07:04:45Z</time></trkpt><trkpt lat="22.275441666666666" lon="114.13586333333333"><ele>255.60000000000002</ele><time>2026-03-07T07:04:48Z</time></trkpt><trkpt lat="22.275423333333332" lon="114.13586166666667"><ele>255.40000000000003</ele><time>2026-03-07T07:04:50Z</time></trkpt><trkpt lat="22.275399999999998" lon="114.13587166666666"><ele>255.2</ele><time>2026-03-07T07:04:53Z</time></trkpt><trkpt lat="22.275381666666664" lon="114.13587666666666"><ele>256.1</ele><time>2026-03-07T07:05:01Z</time></trkpt><trkpt lat="22.275365000000004" lon="114.13588999999999"><ele>256.40000000000003</ele><time>2026-03-07T07:05:04Z</time></trkpt><trkpt lat="22.275336666666664" lon="114.13591166666666"><ele>256.1</ele><time>2026-03-07T07:05:06Z</time></trkpt><trkpt lat="22.27531666666666" lon="114.13591999999998"><ele>255.5</ele><time>2026-03-07T07:05:08Z</time></trkpt><trkpt lat="22.275303333333333" lon="114.13594666666668"><ele>254.60000000000002</ele><time>2026-03-07T07:05:11Z</time></trkpt><trkpt lat="22.275291666666664" lon="114.13596166666666"><ele>254.10000000000002</ele><time>2026-03-07T07:05:13Z</time></trkpt><trkpt lat="22.27527" lon="114.13597666666668"><ele>253.70000000000002</ele><time>2026-03-07T07:05:15Z</time></trkpt><trkpt lat="22.275263333333335" lon="114.136005"><ele>253.70000000000002</ele><time>2026-03-07T07:05:17Z</time></trkpt><trkpt lat="22.27525166666667" lon="114.13602666666665"><ele>253.60000000000002</ele><time>2026-03-07T07:05:19Z</time></trkpt><trkpt lat="22.275228333333335" lon="114.13604166666667"><ele>253.4</ele><time>2026-03-07T07:05:21Z</time></trkpt><trkpt lat="22.27521166666667" lon="114.13605166666666"><ele>253.20000000000002</ele><time>2026-03-07T07:05:22Z</time></trkpt><trkpt lat="22.275186666666666" lon="114.13605000000001"><ele>252.70000000000002</ele><time>2026-03-07T07:05:24Z</time></trkpt><trkpt lat="22.275173333333335" lon="114.13603666666668"><ele>252.60000000000002</ele><time>2026-03-07T07:05:25Z</time></trkpt><trkpt lat="22.275171666666665" lon="114.13601333333332"><ele>252.5</ele><time>2026-03-07T07:05:26Z</time></trkpt><trkpt lat="22.275165" lon="114.13598333333333"><ele>252.0</ele><time>2026-03-07T07:05:28Z</time></trkpt><trkpt lat="22.275158333333334" lon="114.13596166666666"><ele>251.8</ele><time>2026-03-07T07:05:30Z</time></trkpt><trkpt lat="22.275146666666668" lon="114.135935"><ele>251.9</ele><time>2026-03-07T07:05:32Z</time></trkpt><trkpt lat="22.275135" lon="114.13591166666666"><ele>252.20000000000002</ele><time>2026-03-07T07:05:35Z</time></trkpt><trkpt lat="22.275123333333333" lon="114.13589166666667"><ele>252.3</ele><time>2026-03-07T07:05:37Z</time></trkpt><trkpt lat="22.275105" lon="114.13588166666665"><ele>252.3</ele><time>2026-03-07T07:05:39Z</time></trkpt><trkpt lat="22.275086666666667" lon="114.13586333333333"><ele>252.5</ele><time>2026-03-07T07:05:41Z</time></trkpt><trkpt lat="22.27506166666667" lon="114.13584666666665"><ele>252.60000000000002</ele><time>2026-03-07T07:05:43Z</time></trkpt><trkpt lat="22.275039999999997" lon="114.13583666666666"><ele>252.8</ele><time>2026-03-07T07:05:45Z</time></trkpt><trkpt lat="22.275015" lon="114.13582999999998"><ele>252.70000000000002</ele><time>2026-03-07T07:05:47Z</time></trkpt><trkpt lat="22.274994999999997" lon="114.13581333333335"><ele>252.8</ele><time>2026-03-07T07:05:49Z</time></trkpt><trkpt lat="22.27498166666667" lon="114.13579"><ele>252.9</ele><time>2026-03-07T07:05:51Z</time></trkpt><trkpt lat="22.274966666666668" lon="114.13576333333334"><ele>252.9</ele><time>2026-03-07T07:05:53Z</time></trkpt><trkpt lat="22.274949999999997" lon="114.13574166666668"><ele>252.9</ele><time>2026-03-07T07:05:55Z</time></trkpt><trkpt lat="22.274946666666665" lon="114.13571666666667"><ele>253.3</ele><time>2026-03-07T07:05:57Z</time></trkpt><trkpt lat="22.274960000000004" lon="114.135695"><ele>253.4</ele><time>2026-03-07T07:05:59Z</time></trkpt><trkpt lat="22.274963333333336" lon="114.13567499999999"><ele>253.3</ele><time>2026-03-07T07:06:01Z</time></trkpt><trkpt lat="22.27495666666667" lon="114.13564999999998"><ele>253.5</ele><time>2026-03-07T07:06:04Z</time></trkpt><trkpt lat="22.274943333333333" lon="114.13563500000001"><ele>253.60000000000002</ele><time>2026-03-07T07:06:07Z</time></trkpt><trkpt lat="22.274916666666666" lon="114.13562833333332"><ele>253.60000000000002</ele><time>2026-03-07T07:06:09Z</time></trkpt><trkpt lat="22.274889999999996" lon="114.13561499999999"><ele>253.9</ele><time>2026-03-07T07:06:11Z</time></trkpt><trkpt lat="22.274859999999997" lon="114.13560166666666"><ele>254.0</ele><time>2026-03-07T07:06:13Z</time></trkpt><trkpt lat="22.27485166666667" lon="114.13557999999999"><ele>253.9</ele><time>2026-03-07T07:06:15Z</time></trkpt><trkpt lat="22.27485166666667" lon="114.13555166666666"><ele>253.60000000000002</ele><time>2026-03-07T07:06:17Z</time></trkpt><trkpt lat="22.27484833333333" lon="114.13551833333334"><ele>254.4</ele><time>2026-03-07T07:06:19Z</time></trkpt><trkpt lat="22.27485" lon="114.13549499999999"><ele>254.60000000000002</ele><time>2026-03-07T07:06:21Z</time></trkpt><trkpt lat="22.274844999999996" lon="114.13547500000001"><ele>254.8</ele><time>2026-03-07T07:06:23Z</time></trkpt><trkpt lat="22.274823333333334" lon="114.13545666666666"><ele>255.0</ele><time>2026-03-07T07:06:25Z</time></trkpt><trkpt lat="22.274808333333333" lon="114.13544500000002"><ele>255.2</ele><time>2026-03-07T07:06:26Z</time></trkpt><trkpt lat="22.274780000000003" lon="114.13542666666666"><ele>255.60000000000002</ele><time>2026-03-07T07:06:28Z</time></trkpt><trkpt lat="22.27475833333333" lon="114.13539999999999"><ele>255.5</ele><time>2026-03-07T07:06:30Z</time></trkpt><trkpt lat="22.274741666666667" lon="114.13536833333335"><ele>255.3</ele><time>2026-03-07T07:06:32Z</time></trkpt><trkpt lat="22.274741666666667" lon="114.13534166666668"><ele>255.40000000000003</ele><time>2026-03-07T07:06:34Z</time></trkpt><trkpt lat="22.274765000000002" lon="114.13533666666666"><ele>254.90000000000003</ele><time>2026-03-07T07:06:36Z</time></trkpt><trkpt lat="22.27479166666667" lon="114.13533666666666"><ele>254.4</ele><time>2026-03-07T07:06:38Z</time></trkpt><trkpt lat="22.27480666666667" lon="114.13531833333333"><ele>253.8</ele><time>2026-03-07T07:06:41Z</time></trkpt><trkpt lat="22.274805" lon="114.13529500000001"><ele>253.0</ele><time>2026-03-07T07:06:43Z</time></trkpt><trkpt lat="22.274814999999997" lon="114.13526666666667"><ele>252.3</ele><time>2026-03-07T07:06:45Z</time></trkpt><trkpt lat="22.274816666666666" lon="114.13524166666666"><ele>251.5</ele><time>2026-03-07T07:06:47Z</time></trkpt><trkpt lat="22.274810000000002" lon="114.13521999999999"><ele>250.5</ele><time>2026-03-07T07:06:49Z</time></trkpt><trkpt lat="22.27480333333333" lon="114.135195"><ele>249.10000000000002</ele><time>2026-03-07T07:06:52Z</time></trkpt><trkpt lat="22.27480666666667" lon="114.13517333333333"><ele>249.10000000000002</ele><time>2026-03-07T07:06:54Z</time></trkpt><trkpt lat="22.27480666666667" lon="114.13515000000001"><ele>249.20000000000002</ele><time>2026-03-07T07:06:57Z</time></trkpt><trkpt lat="22.274795" lon="114.13512999999999"><ele>248.5</ele><time>2026-03-07T07:07:00Z</time></trkpt><trkpt lat="22.274774999999998" lon="114.13512"><ele>247.60000000000002</ele><time>2026-03-07T07:07:02Z</time></trkpt><trkpt lat="22.274754999999995" lon="114.13511500000001"><ele>247.20000000000002</ele><time>2026-03-07T07:07:04Z</time></trkpt><trkpt lat="22.274736666666666" lon="114.13509666666666"><ele>246.9</ele><time>2026-03-07T07:07:06Z</time></trkpt><trkpt lat="22.27471666666667" lon="114.13508333333333"><ele>246.8</ele><time>2026-03-07T07:07:09Z</time></trkpt><trkpt lat="22.274690000000003" lon="114.13507"><ele>246.60000000000002</ele><time>2026-03-07T07:07:12Z</time></trkpt><trkpt lat="22.274663333333333" lon="114.13505500000001"><ele>246.9</ele><time>2026-03-07T07:07:14Z</time></trkpt><trkpt lat="22.274643333333334" lon="114.13503833333334"><ele>247.20000000000002</ele><time>2026-03-07T07:07:16Z</time></trkpt><trkpt lat="22.27464166666667" lon="114.13501333333333"><ele>247.60000000000002</ele><time>2026-03-07T07:07:18Z</time></trkpt><trkpt lat="22.274648333333335" lon="114.13498"><ele>247.9</ele><time>2026-03-07T07:07:20Z</time></trkpt><trkpt lat="22.274655" lon="114.13495333333334"><ele>247.70000000000002</ele><time>2026-03-07T07:07:22Z</time></trkpt><trkpt lat="22.274664999999995" lon="114.13493333333332"><ele>247.10000000000002</ele><time>2026-03-07T07:07:24Z</time></trkpt><trkpt lat="22.274678333333334" lon="114.13491666666665"><ele>246.4</ele><time>2026-03-07T07:07:26Z</time></trkpt><trkpt lat="22.274694999999998" lon="114.13490166666666"><ele>245.9</ele><time>2026-03-07T07:07:28Z</time></trkpt><trkpt lat="22.274705" lon="114.13488000000001"><ele>246.20000000000002</ele><time>2026-03-07T07:07:31Z</time></trkpt><trkpt lat="22.274709999999995" lon="114.13484833333332"><ele>246.5</ele><time>2026-03-07T07:07:34Z</time></trkpt><trkpt lat="22.274705" lon="114.13482333333334"><ele>247.20000000000002</ele><time>2026-03-07T07:07:36Z</time></trkpt><trkpt lat="22.2747" lon="114.1348"><ele>248.10000000000002</ele><time>2026-03-07T07:07:38Z</time></trkpt><trkpt lat="22.274688333333334" lon="114.13477499999999"><ele>248.9</ele><time>2026-03-07T07:07:41Z</time></trkpt><trkpt lat="22.274681666666666" lon="114.13474666666667"><ele>249.60000000000002</ele><time>2026-03-07T07:07:44Z</time></trkpt><trkpt lat="22.274683333333336" lon="114.13477666666668"><ele>248.60000000000002</ele><time>2026-03-07T07:07:52Z</time></trkpt><trkpt lat="22.274673333333332" lon="114.13480666666668"><ele>249.0</ele><time>2026-03-07T07:07:54Z</time></trkpt><trkpt lat="22.274661666666663" lon="114.13478666666667"><ele>248.9</ele><time>2026-03-07T07:07:58Z</time></trkpt><trkpt lat="22.274664999999995" lon="114.13475666666666"><ele>246.0</ele><time>2026-03-07T07:11:40Z</time></trkpt><trkpt lat="22.274664999999995" lon="114.13473333333334"><ele>247.20000000000002</ele><time>2026-03-07T07:12:06Z</time></trkpt><trkpt lat="22.274653333333337" lon="114.13471333333334"><ele>247.4</ele><time>2026-03-07T07:12:08Z</time></trkpt><trkpt lat="22.274639999999998" lon="114.13469333333333"><ele>248.70000000000002</ele><time>2026-03-07T07:12:10Z</time></trkpt><trkpt lat="22.274645000000003" lon="114.13467"><ele>250.0</ele><time>2026-03-07T07:12:14Z</time></trkpt><trkpt lat="22.27464166666667" lon="114.134645"><ele>250.5</ele><time>2026-03-07T07:12:16Z</time></trkpt><trkpt lat="22.274638333333336" lon="114.13462333333334"><ele>250.60000000000002</ele><time>2026-03-07T07:12:19Z</time></trkpt><trkpt lat="22.274623333333338" lon="114.13461000000001"><ele>250.60000000000002</ele><time>2026-03-07T07:12:22Z</time></trkpt><trkpt lat="22.27462166666667" lon="114.13458166666666"><ele>250.60000000000002</ele><time>2026-03-07T07:12:24Z</time></trkpt><trkpt lat="22.27462166666667" lon="114.13455166666667"><ele>250.0</ele><time>2026-03-07T07:12:26Z</time></trkpt><trkpt lat="22.274619999999995" lon="114.134525"><ele>249.5</ele><time>2026-03-07T07:12:28Z</time></trkpt><trkpt lat="22.27462166666667" lon="114.13450333333334"><ele>249.9</ele><time>2026-03-07T07:12:31Z</time></trkpt><trkpt lat="22.274623333333338" lon="114.13447999999998"><ele>249.5</ele><time>2026-03-07T07:12:33Z</time></trkpt><trkpt lat="22.274619999999995" lon="114.13445833333331"><ele>248.9</ele><time>2026-03-07T07:12:35Z</time></trkpt><trkpt lat="22.274625" lon="114.13443666666666"><ele>248.20000000000002</ele><time>2026-03-07T07:12:38Z</time></trkpt><trkpt lat="22.274638333333336" lon="114.13441333333334"><ele>247.8</ele><time>2026-03-07T07:12:40Z</time></trkpt><trkpt lat="22.274648333333335" lon="114.13439500000001"><ele>247.4</ele><time>2026-03-07T07:12:42Z</time></trkpt><trkpt lat="22.274663333333333" lon="114.13437833333334"><ele>247.70000000000002</ele><time>2026-03-07T07:12:46Z</time></trkpt><trkpt lat="22.274661666666663" lon="114.13435"><ele>247.70000000000002</ele><time>2026-03-07T07:12:51Z</time></trkpt><trkpt lat="22.274663333333333" lon="114.13432833333333"><ele>247.5</ele><time>2026-03-07T07:12:53Z</time></trkpt><trkpt lat="22.274663333333333" lon="114.13430000000001"><ele>246.9</ele><time>2026-03-07T07:12:55Z</time></trkpt><trkpt lat="22.27465833333333" lon="114.13427833333331"><ele>246.3</ele><time>2026-03-07T07:12:58Z</time></trkpt><trkpt lat="22.274653333333337" lon="114.134245"><ele>246.10000000000002</ele><time>2026-03-07T07:13:00Z</time></trkpt><trkpt lat="22.274661666666663" lon="114.13420833333333"><ele>245.8</ele><time>2026-03-07T07:13:02Z</time></trkpt><trkpt lat="22.274675000000002" lon="114.13417666666668"><ele>245.4</ele><time>2026-03-07T07:13:04Z</time></trkpt><trkpt lat="22.27467166666667" lon="114.13415000000002"><ele>244.9</ele><time>2026-03-07T07:13:06Z</time></trkpt><trkpt lat="22.27465833333333" lon="114.13412166666667"><ele>243.3</ele><time>2026-03-07T07:13:09Z</time></trkpt><trkpt lat="22.274648333333335" lon="114.134105"><ele>242.9</ele><time>2026-03-07T07:13:11Z</time></trkpt><trkpt lat="22.274638333333336" lon="114.13408333333334"><ele>242.9</ele><time>2026-03-07T07:13:13Z</time></trkpt><trkpt lat="22.274618333333333" lon="114.13406833333332"><ele>242.9</ele><time>2026-03-07T07:13:16Z</time></trkpt><trkpt lat="22.274618333333333" lon="114.134045"><ele>242.8</ele><time>2026-03-07T07:13:18Z</time></trkpt><trkpt lat="22.274615" lon="114.134025"><ele>242.60000000000002</ele><time>2026-03-07T07:13:20Z</time></trkpt><trkpt lat="22.274615" lon="114.13400333333333"><ele>242.70000000000002</ele><time>2026-03-07T07:13:22Z</time></trkpt><trkpt lat="22.27462666666667" lon="114.13397666666667"><ele>243.10000000000002</ele><time>2026-03-07T07:13:24Z</time></trkpt><trkpt lat="22.274633333333334" lon="114.13395333333334"><ele>243.9</ele><time>2026-03-07T07:13:26Z</time></trkpt><trkpt lat="22.274634999999996" lon="114.13392999999999"><ele>244.8</ele><time>2026-03-07T07:13:28Z</time></trkpt><trkpt lat="22.274638333333336" lon="114.1339"><ele>245.4</ele><time>2026-03-07T07:13:30Z</time></trkpt><trkpt lat="22.274638333333336" lon="114.13387833333333"><ele>246.10000000000002</ele><time>2026-03-07T07:13:32Z</time></trkpt><trkpt lat="22.274623333333338" lon="114.13385833333332"><ele>247.0</ele><time>2026-03-07T07:13:35Z</time></trkpt><trkpt lat="22.274616666666663" lon="114.133835"><ele>247.9</ele><time>2026-03-07T07:13:38Z</time></trkpt><trkpt lat="22.27461166666667" lon="114.13380833333333"><ele>248.20000000000002</ele><time>2026-03-07T07:13:40Z</time></trkpt><trkpt lat="22.274615" lon="114.13377833333334"><ele>248.20000000000002</ele><time>2026-03-07T07:13:42Z</time></trkpt><trkpt lat="22.274625" lon="114.133755"><ele>248.0</ele><time>2026-03-07T07:13:44Z</time></trkpt><trkpt lat="22.274628333333332" lon="114.13373333333332"><ele>247.8</ele><time>2026-03-07T07:13:47Z</time></trkpt><trkpt lat="22.27464166666667" lon="114.13371000000001"><ele>247.8</ele><time>2026-03-07T07:13:50Z</time></trkpt><trkpt lat="22.27465666666667" lon="114.13368999999999"><ele>247.9</ele><time>2026-03-07T07:13:52Z</time></trkpt><trkpt lat="22.274675000000002" lon="114.133665"><ele>248.10000000000002</ele><time>2026-03-07T07:13:54Z</time></trkpt><trkpt lat="22.274684999999998" lon="114.13364666666666"><ele>248.4</ele><time>2026-03-07T07:13:56Z</time></trkpt><trkpt lat="22.274690000000003" lon="114.13362666666666"><ele>248.8</ele><time>2026-03-07T07:13:58Z</time></trkpt><trkpt lat="22.274698333333337" lon="114.13360333333334"><ele>249.20000000000002</ele><time>2026-03-07T07:14:00Z</time></trkpt><trkpt lat="22.2747" lon="114.13358000000001"><ele>249.3</ele><time>2026-03-07T07:14:02Z</time></trkpt><trkpt lat="22.274690000000003" lon="114.13355500000002"><ele>249.20000000000002</ele><time>2026-03-07T07:14:05Z</time></trkpt><trkpt lat="22.274691666666666" lon="114.13352833333332"><ele>248.9</ele><time>2026-03-07T07:14:09Z</time></trkpt><trkpt lat="22.274698333333337" lon="114.13350666666665"><ele>249.0</ele><time>2026-03-07T07:14:11Z</time></trkpt><trkpt lat="22.274696666666667" lon="114.133485"><ele>248.5</ele><time>2026-03-07T07:14:13Z</time></trkpt><trkpt lat="22.274694999999998" lon="114.13345333333334"><ele>248.4</ele><time>2026-03-07T07:14:15Z</time></trkpt><trkpt lat="22.274691666666666" lon="114.13341999999999"><ele>248.3</ele><time>2026-03-07T07:14:17Z</time></trkpt><trkpt lat="22.274691666666666" lon="114.13339333333333"><ele>248.0</ele><time>2026-03-07T07:14:19Z</time></trkpt><trkpt lat="22.274694999999998" lon="114.13337000000001"><ele>247.8</ele><time>2026-03-07T07:14:22Z</time></trkpt><trkpt lat="22.274694999999998" lon="114.13334333333333"><ele>247.20000000000002</ele><time>2026-03-07T07:14:24Z</time></trkpt><trkpt lat="22.274693333333335" lon="114.13332166666666"><ele>247.0</ele><time>2026-03-07T07:14:26Z</time></trkpt><trkpt lat="22.274688333333334" lon="114.13330166666668"><ele>247.0</ele><time>2026-03-07T07:14:28Z</time></trkpt><trkpt lat="22.274681666666666" lon="114.13327833333332"><ele>246.8</ele><time>2026-03-07T07:14:30Z</time></trkpt><trkpt lat="22.274684999999998" lon="114.13325333333333"><ele>246.4</ele><time>2026-03-07T07:14:33Z</time></trkpt><trkpt lat="22.274684999999998" lon="114.13322166666667"><ele>245.9</ele><time>2026-03-07T07:14:36Z</time></trkpt><trkpt lat="22.274681666666666" lon="114.13319833333335"><ele>246.0</ele><time>2026-03-07T07:14:38Z</time></trkpt><trkpt lat="22.274681666666666" lon="114.13317"><ele>246.10000000000002</ele><time>2026-03-07T07:14:41Z</time></trkpt><trkpt lat="22.274684999999998" lon="114.13314999999999"><ele>246.4</ele><time>2026-03-07T07:14:43Z</time></trkpt><trkpt lat="22.27470166666667" lon="114.13316000000002"><ele>246.5</ele><time>2026-03-07T07:14:49Z</time></trkpt><trkpt lat="22.274709999999995" lon="114.13314166666666"><ele>246.20000000000002</ele><time>2026-03-07T07:14:55Z</time></trkpt><trkpt lat="22.274728333333336" lon="114.13313500000001"><ele>245.4</ele><time>2026-03-07T07:14:58Z</time></trkpt><trkpt lat="22.27470333333333" lon="114.13314166666666"><ele>243.9</ele><time>2026-03-07T07:15:04Z</time></trkpt><trkpt lat="22.274684999999998" lon="114.13314833333334"><ele>244.8</ele><time>2026-03-07T07:15:15Z</time></trkpt><trkpt lat="22.27467166666667" lon="114.133165"><ele>245.5</ele><time>2026-03-07T07:15:18Z</time></trkpt><trkpt lat="22.274653333333337" lon="114.13315499999999"><ele>245.8</ele><time>2026-03-07T07:15:35Z</time></trkpt><trkpt lat="22.27466" lon="114.13312499999999"><ele>245.5</ele><time>2026-03-07T07:15:38Z</time></trkpt><trkpt lat="22.274664999999995" lon="114.13309666666667"><ele>245.5</ele><time>2026-03-07T07:15:40Z</time></trkpt><trkpt lat="22.274661666666663" lon="114.13306333333334"><ele>245.3</ele><time>2026-03-07T07:15:42Z</time></trkpt><trkpt lat="22.274649999999998" lon="114.13303166666668"><ele>244.9</ele><time>2026-03-07T07:15:44Z</time></trkpt><trkpt lat="22.274645000000003" lon="114.13300499999998"><ele>244.5</ele><time>2026-03-07T07:15:46Z</time></trkpt><trkpt lat="22.274649999999998" lon="114.132985"><ele>244.3</ele><time>2026-03-07T07:15:48Z</time></trkpt><trkpt lat="22.27465666666667" lon="114.13296666666665"><ele>243.8</ele><time>2026-03-07T07:15:50Z</time></trkpt><trkpt lat="22.27467" lon="114.13294666666667"><ele>243.0</ele><time>2026-03-07T07:15:52Z</time></trkpt><trkpt lat="22.274681666666666" lon="114.13292166666666"><ele>242.5</ele><time>2026-03-07T07:15:54Z</time></trkpt><trkpt lat="22.274679999999996" lon="114.13289166666667"><ele>242.10000000000002</ele><time>2026-03-07T07:15:56Z</time></trkpt><trkpt lat="22.274676666666664" lon="114.13287166666666"><ele>241.60000000000002</ele><time>2026-03-07T07:15:58Z</time></trkpt><trkpt lat="22.27465666666667" lon="114.13285833333333"><ele>241.4</ele><time>2026-03-07T07:16:01Z</time></trkpt><trkpt lat="22.274645000000003" lon="114.13284166666666"><ele>241.5</ele><time>2026-03-07T07:16:03Z</time></trkpt><trkpt lat="22.274636666666666" lon="114.13281833333333"><ele>241.4</ele><time>2026-03-07T07:16:05Z</time></trkpt><trkpt lat="22.27462666666667" lon="114.13279833333333"><ele>241.0</ele><time>2026-03-07T07:16:07Z</time></trkpt><trkpt lat="22.274616666666663" lon="114.13277000000001"><ele>240.8</ele><time>2026-03-07T07:16:09Z</time></trkpt><trkpt lat="22.27461333333333" lon="114.13275"><ele>240.60000000000002</ele><time>2026-03-07T07:16:11Z</time></trkpt><trkpt lat="22.274625" lon="114.13272666666666"><ele>241.60000000000002</ele><time>2026-03-07T07:16:14Z</time></trkpt><trkpt lat="22.274636666666666" lon="114.13271166666667"><ele>241.4</ele><time>2026-03-07T07:16:15Z</time></trkpt><trkpt lat="22.274643333333334" lon="114.13269333333334"><ele>241.0</ele><time>2026-03-07T07:16:16Z</time></trkpt><trkpt lat="22.274646666666666" lon="114.13266999999999"><ele>241.5</ele><time>2026-03-07T07:16:18Z</time></trkpt><trkpt lat="22.274638333333336" lon="114.13265166666666"><ele>241.8</ele><time>2026-03-07T07:16:20Z</time></trkpt><trkpt lat="22.274643333333334" lon="114.132625"><ele>242.20000000000002</ele><time>2026-03-07T07:16:23Z</time></trkpt><trkpt lat="22.274655" lon="114.132605"><ele>242.0</ele><time>2026-03-07T07:16:25Z</time></trkpt><trkpt lat="22.274663333333333" lon="114.13258166666668"><ele>241.8</ele><time>2026-03-07T07:16:27Z</time></trkpt><trkpt lat="22.274668333333338" lon="114.13255499999998"><ele>242.10000000000002</ele><time>2026-03-07T07:16:29Z</time></trkpt><trkpt lat="22.274663333333333" lon="114.13253000000002"><ele>242.70000000000002</ele><time>2026-03-07T07:16:31Z</time></trkpt><trkpt lat="22.27466" lon="114.13250833333335"><ele>243.20000000000002</ele><time>2026-03-07T07:16:33Z</time></trkpt><trkpt lat="22.274653333333337" lon="114.13248999999999"><ele>244.5</ele><time>2026-03-07T07:16:36Z</time></trkpt><trkpt lat="22.274646666666666" lon="114.13246833333332"><ele>245.3</ele><time>2026-03-07T07:16:38Z</time></trkpt><trkpt lat="22.274636666666666" lon="114.13244333333333"><ele>245.70000000000002</ele><time>2026-03-07T07:16:40Z</time></trkpt><trkpt lat="22.274630000000002" lon="114.13241833333335"><ele>246.4</ele><time>2026-03-07T07:16:43Z</time></trkpt><trkpt lat="22.274633333333334" lon="114.13239833333334"><ele>247.10000000000002</ele><time>2026-03-07T07:16:45Z</time></trkpt><trkpt lat="22.274638333333336" lon="114.13237"><ele>248.5</ele><time>2026-03-07T07:16:48Z</time></trkpt><trkpt lat="22.27464166666667" lon="114.13234833333333"><ele>249.5</ele><time>2026-03-07T07:16:50Z</time></trkpt><trkpt lat="22.274645000000003" lon="114.13231666666667"><ele>249.9</ele><time>2026-03-07T07:16:52Z</time></trkpt><trkpt lat="22.274649999999998" lon="114.13228333333333"><ele>250.70000000000002</ele><time>2026-03-07T07:16:54Z</time></trkpt><trkpt lat="22.27466666666667" lon="114.13225833333333"><ele>251.4</ele><time>2026-03-07T07:16:56Z</time></trkpt><trkpt lat="22.274684999999998" lon="114.13224666666669"><ele>251.5</ele><time>2026-03-07T07:16:58Z</time></trkpt><trkpt lat="22.274696666666667" lon="114.13223"><ele>251.60000000000002</ele><time>2026-03-07T07:17:01Z</time></trkpt><trkpt lat="22.274708333333333" lon="114.13221333333334"><ele>251.9</ele><time>2026-03-07T07:17:04Z</time></trkpt><trkpt lat="22.274721666666665" lon="114.13219833333332"><ele>252.3</ele><time>2026-03-07T07:17:06Z</time></trkpt><trkpt lat="22.27473166666667" lon="114.13217166666666"><ele>251.70000000000002</ele><time>2026-03-07T07:17:08Z</time></trkpt><trkpt lat="22.27473166666667" lon="114.13214666666666"><ele>251.3</ele><time>2026-03-07T07:17:10Z</time></trkpt><trkpt lat="22.274733333333334" lon="114.13212166666666"><ele>251.10000000000002</ele><time>2026-03-07T07:17:12Z</time></trkpt><trkpt lat="22.274726666666666" lon="114.13209833333333"><ele>250.9</ele><time>2026-03-07T07:17:14Z</time></trkpt><trkpt lat="22.274724999999997" lon="114.13207166666668"><ele>250.20000000000002</ele><time>2026-03-07T07:17:16Z</time></trkpt><trkpt lat="22.274723333333334" lon="114.13205"><ele>249.9</ele><time>2026-03-07T07:17:18Z</time></trkpt><trkpt lat="22.27473166666667" lon="114.13202666666666"><ele>249.4</ele><time>2026-03-07T07:17:21Z</time></trkpt><trkpt lat="22.274720000000002" lon="114.13200666666668"><ele>249.10000000000002</ele><time>2026-03-07T07:17:31Z</time></trkpt><trkpt lat="22.27470166666667" lon="114.13199333333333"><ele>249.10000000000002</ele><time>2026-03-07T07:17:33Z</time></trkpt><trkpt lat="22.274673333333332" lon="114.13198166666668"><ele>248.70000000000002</ele><time>2026-03-07T07:17:35Z</time></trkpt><trkpt lat="22.274639999999998" lon="114.13197333333333"><ele>247.70000000000002</ele><time>2026-03-07T07:17:37Z</time></trkpt><trkpt lat="22.274615" lon="114.13196666666666"><ele>246.70000000000002</ele><time>2026-03-07T07:17:39Z</time></trkpt><trkpt lat="22.274594999999998" lon="114.13196666666666"><ele>245.9</ele><time>2026-03-07T07:17:41Z</time></trkpt><trkpt lat="22.27456833333333" lon="114.13197166666666"><ele>245.0</ele><time>2026-03-07T07:17:43Z</time></trkpt><trkpt lat="22.274543333333334" lon="114.13198166666668"><ele>244.9</ele><time>2026-03-07T07:17:45Z</time></trkpt><trkpt lat="22.27452333333333" lon="114.13198499999999"><ele>244.70000000000002</ele><time>2026-03-07T07:17:47Z</time></trkpt><trkpt lat="22.274501666666666" lon="114.13198666666668"><ele>243.9</ele><time>2026-03-07T07:17:49Z</time></trkpt><trkpt lat="22.274481666666663" lon="114.13199833333334"><ele>243.5</ele><time>2026-03-07T07:17:51Z</time></trkpt><trkpt lat="22.274456666666666" lon="114.13200666666668"><ele>242.8</ele><time>2026-03-07T07:17:54Z</time></trkpt><trkpt lat="22.274438333333332" lon="114.13201166666667"><ele>242.60000000000002</ele><time>2026-03-07T07:17:56Z</time></trkpt><trkpt lat="22.274409999999996" lon="114.13201833333332"><ele>243.0</ele><time>2026-03-07T07:17:59Z</time></trkpt><trkpt lat="22.27438666666667" lon="114.13203166666666"><ele>243.10000000000002</ele><time>2026-03-07T07:18:01Z</time></trkpt><trkpt lat="22.274358333333332" lon="114.13204833333333"><ele>242.70000000000002</ele><time>2026-03-07T07:18:03Z</time></trkpt><trkpt lat="22.274333333333335" lon="114.13205500000001"><ele>242.0</ele><time>2026-03-07T07:18:05Z</time></trkpt><trkpt lat="22.274306666666668" lon="114.13205666666666"><ele>241.60000000000002</ele><time>2026-03-07T07:18:07Z</time></trkpt><trkpt lat="22.27428166666667" lon="114.13204833333333"><ele>241.0</ele><time>2026-03-07T07:18:10Z</time></trkpt><trkpt lat="22.274265" lon="114.13203333333334"><ele>240.3</ele><time>2026-03-07T07:18:13Z</time></trkpt><trkpt lat="22.27425" lon="114.13201833333332"><ele>240.0</ele><time>2026-03-07T07:18:16Z</time></trkpt><trkpt lat="22.27422333333333" lon="114.13201666666667"><ele>240.20000000000002</ele><time>2026-03-07T07:18:19Z</time></trkpt><trkpt lat="22.274201666666666" lon="114.132"><ele>240.4</ele><time>2026-03-07T07:18:22Z</time></trkpt><trkpt lat="22.274183333333333" lon="114.13198333333334"><ele>240.8</ele><time>2026-03-07T07:18:25Z</time></trkpt><trkpt lat="22.274161666666668" lon="114.13197999999998"><ele>241.20000000000002</ele><time>2026-03-07T07:18:27Z</time></trkpt><trkpt lat="22.274141666666665" lon="114.13197833333334"><ele>241.4</ele><time>2026-03-07T07:18:29Z</time></trkpt><trkpt lat="22.274123333333332" lon="114.131975"><ele>241.9</ele><time>2026-03-07T07:18:31Z</time></trkpt><trkpt lat="22.27410166666667" lon="114.13197"><ele>242.10000000000002</ele><time>2026-03-07T07:18:33Z</time></trkpt><trkpt lat="22.274076666666662" lon="114.13196500000001"><ele>241.20000000000002</ele><time>2026-03-07T07:18:36Z</time></trkpt><trkpt lat="22.274053333333335" lon="114.13196"><ele>241.20000000000002</ele><time>2026-03-07T07:18:41Z</time></trkpt><trkpt lat="22.274033333333332" lon="114.13197"><ele>241.8</ele><time>2026-03-07T07:18:44Z</time></trkpt><trkpt lat="22.274008333333335" lon="114.13197166666666"><ele>242.5</ele><time>2026-03-07T07:18:47Z</time></trkpt><trkpt lat="22.27398833333333" lon="114.13198499999999"><ele>243.3</ele><time>2026-03-07T07:18:50Z</time></trkpt><trkpt lat="22.273968333333332" lon="114.13197666666669"><ele>243.8</ele><time>2026-03-07T07:18:54Z</time></trkpt><trkpt lat="22.27395" lon="114.13197"><ele>244.10000000000002</ele><time>2026-03-07T07:18:56Z</time></trkpt><trkpt lat="22.273928333333334" lon="114.13195833333333"><ele>245.4</ele><time>2026-03-07T07:18:59Z</time></trkpt><trkpt lat="22.27390833333333" lon="114.13195333333333"><ele>246.20000000000002</ele><time>2026-03-07T07:19:01Z</time></trkpt><trkpt lat="22.273889999999998" lon="114.13194833333334"><ele>246.8</ele><time>2026-03-07T07:19:03Z</time></trkpt><trkpt lat="22.273871666666665" lon="114.13194999999999"><ele>247.20000000000002</ele><time>2026-03-07T07:19:05Z</time></trkpt><trkpt lat="22.273846666666667" lon="114.13195333333333"><ele>247.9</ele><time>2026-03-07T07:19:08Z</time></trkpt><trkpt lat="22.273823333333333" lon="114.13195833333333"><ele>248.4</ele><time>2026-03-07T07:19:11Z</time></trkpt><trkpt lat="22.273805" lon="114.13196500000001"><ele>248.8</ele><time>2026-03-07T07:19:13Z</time></trkpt><trkpt lat="22.27378666666667" lon="114.13196833333335"><ele>249.0</ele><time>2026-03-07T07:19:15Z</time></trkpt><trkpt lat="22.273766666666667" lon="114.131975"><ele>249.3</ele><time>2026-03-07T07:19:17Z</time></trkpt><trkpt lat="22.273748333333334" lon="114.13197833333334"><ele>249.60000000000002</ele><time>2026-03-07T07:19:19Z</time></trkpt><trkpt lat="22.27372666666667" lon="114.13197833333334"><ele>249.9</ele><time>2026-03-07T07:19:21Z</time></trkpt><trkpt lat="22.273708333333335" lon="114.13198166666668"><ele>250.0</ele><time>2026-03-07T07:19:23Z</time></trkpt><trkpt lat="22.27368166666667" lon="114.13198166666668"><ele>249.5</ele><time>2026-03-07T07:19:26Z</time></trkpt><trkpt lat="22.273663333333335" lon="114.13197666666669"><ele>249.0</ele><time>2026-03-07T07:19:28Z</time></trkpt><trkpt lat="22.27364166666667" lon="114.13196500000001"><ele>248.20000000000002</ele><time>2026-03-07T07:19:31Z</time></trkpt><trkpt lat="22.273616666666666" lon="114.13196666666666"><ele>247.5</ele><time>2026-03-07T07:19:33Z</time></trkpt><trkpt lat="22.27359333333333" lon="114.13197666666669"><ele>247.0</ele><time>2026-03-07T07:19:35Z</time></trkpt><trkpt lat="22.27356666666667" lon="114.13197833333334"><ele>246.70000000000002</ele><time>2026-03-07T07:19:38Z</time></trkpt><trkpt lat="22.273546666666668" lon="114.13198833333333"><ele>246.10000000000002</ele><time>2026-03-07T07:19:40Z</time></trkpt><trkpt lat="22.273535" lon="114.13200499999999"><ele>246.3</ele><time>2026-03-07T07:19:42Z</time></trkpt><trkpt lat="22.273523333333333" lon="114.13202666666666"><ele>245.9</ele><time>2026-03-07T07:19:44Z</time></trkpt><trkpt lat="22.273508333333332" lon="114.13204666666667"><ele>245.3</ele><time>2026-03-07T07:19:46Z</time></trkpt><trkpt lat="22.27349" lon="114.13206"><ele>244.9</ele><time>2026-03-07T07:19:48Z</time></trkpt><trkpt lat="22.273475" lon="114.13207833333333"><ele>244.9</ele><time>2026-03-07T07:19:50Z</time></trkpt><trkpt lat="22.27346" lon="114.13209833333333"><ele>244.60000000000002</ele><time>2026-03-07T07:19:52Z</time></trkpt><trkpt lat="22.27344333333333" lon="114.13211333333332"><ele>244.3</ele><time>2026-03-07T07:19:54Z</time></trkpt><trkpt lat="22.273421666666664" lon="114.132125"><ele>244.0</ele><time>2026-03-07T07:19:57Z</time></trkpt><trkpt lat="22.273405000000004" lon="114.13213833333333"><ele>243.9</ele><time>2026-03-07T07:20:00Z</time></trkpt><trkpt lat="22.27338166666667" lon="114.13214"><ele>243.8</ele><time>2026-03-07T07:20:03Z</time></trkpt><trkpt lat="22.273363333333336" lon="114.13214"><ele>244.4</ele><time>2026-03-07T07:20:07Z</time></trkpt><trkpt lat="22.273378333333334" lon="114.13216833333333"><ele>248.10000000000002</ele><time>2026-03-07T07:20:29Z</time></trkpt><trkpt lat="22.273373333333332" lon="114.13218833333333"><ele>248.8</ele><time>2026-03-07T07:20:30Z</time></trkpt><trkpt lat="22.273346666666665" lon="114.13220500000001"><ele>250.4</ele><time>2026-03-07T07:20:32Z</time></trkpt><trkpt lat="22.273348333333335" lon="114.13218333333334"><ele>251.8</ele><time>2026-03-07T07:20:40Z</time></trkpt><trkpt lat="22.27337166666667" lon="114.13218666666668"><ele>252.10000000000002</ele><time>2026-03-07T07:20:48Z</time></trkpt><trkpt lat="22.273361666666666" lon="114.13215833333334"><ele>250.9</ele><time>2026-03-07T07:20:54Z</time></trkpt><trkpt lat="22.273348333333335" lon="114.13214500000001"><ele>250.4</ele><time>2026-03-07T07:20:56Z</time></trkpt><trkpt lat="22.27337166666667" lon="114.13215833333334"><ele>249.5</ele><time>2026-03-07T07:21:07Z</time></trkpt><trkpt lat="22.273376666666664" lon="114.13218499999999"><ele>250.0</ele><time>2026-03-07T07:21:09Z</time></trkpt><trkpt lat="22.27335666666667" lon="114.132215"><ele>250.4</ele><time>2026-03-07T07:21:11Z</time></trkpt><trkpt lat="22.27333833333333" lon="114.132215"><ele>250.60000000000002</ele><time>2026-03-07T07:21:14Z</time></trkpt><trkpt lat="22.273348333333335" lon="114.13219499999998"><ele>251.4</ele><time>2026-03-07T07:21:16Z</time></trkpt><trkpt lat="22.273365" lon="114.13218"><ele>251.9</ele><time>2026-03-07T07:21:19Z</time></trkpt><trkpt lat="22.27338333333333" lon="114.13216666666668"><ele>252.5</ele><time>2026-03-07T07:21:22Z</time></trkpt><trkpt lat="22.273378333333334" lon="114.13214666666666"><ele>252.70000000000002</ele><time>2026-03-07T07:21:25Z</time></trkpt><trkpt lat="22.2734" lon="114.13215166666666"><ele>256.6</ele><time>2026-03-07T07:21:47Z</time></trkpt><trkpt lat="22.273379999999996" lon="114.13215333333333"><ele>257.8</ele><time>2026-03-07T07:21:52Z</time></trkpt><trkpt lat="22.273375" lon="114.132175"><ele>258.6</ele><time>2026-03-07T07:21:55Z</time></trkpt><trkpt lat="22.273355" lon="114.13216833333333"><ele>260.0</ele><time>2026-03-07T07:22:02Z</time></trkpt><trkpt lat="22.27333833333333" lon="114.13218499999999"><ele>261.0</ele><time>2026-03-07T07:22:07Z</time></trkpt><trkpt lat="22.273318333333336" lon="114.13219"><ele>261.0</ele><time>2026-03-07T07:22:10Z</time></trkpt><trkpt lat="22.273301666666665" lon="114.13220333333332"><ele>259.5</ele><time>2026-03-07T07:22:13Z</time></trkpt><trkpt lat="22.27328166666667" lon="114.13220000000001"><ele>258.5</ele><time>2026-03-07T07:22:16Z</time></trkpt><trkpt lat="22.273265" lon="114.13221999999999"><ele>257.5</ele><time>2026-03-07T07:22:19Z</time></trkpt><trkpt lat="22.27324833333333" lon="114.13223166666667"><ele>257.2</ele><time>2026-03-07T07:22:21Z</time></trkpt><trkpt lat="22.273228333333336" lon="114.13224166666666"><ele>256.8</ele><time>2026-03-07T07:22:23Z</time></trkpt><trkpt lat="22.273210000000002" lon="114.13224833333334"><ele>256.6</ele><time>2026-03-07T07:22:25Z</time></trkpt><trkpt lat="22.273186666666668" lon="114.13226166666666"><ele>256.40000000000003</ele><time>2026-03-07T07:22:27Z</time></trkpt><trkpt lat="22.273168333333334" lon="114.13226833333334"><ele>256.1</ele><time>2026-03-07T07:22:29Z</time></trkpt><trkpt lat="22.273163333333333" lon="114.13229000000001"><ele>255.90000000000003</ele><time>2026-03-07T07:22:32Z</time></trkpt><trkpt lat="22.27315666666667" lon="114.13231499999999"><ele>256.2</ele><time>2026-03-07T07:22:35Z</time></trkpt><trkpt lat="22.273145" lon="114.13233999999999"><ele>256.3</ele><time>2026-03-07T07:22:37Z</time></trkpt><trkpt lat="22.273141666666668" lon="114.13236166666665"><ele>256.40000000000003</ele><time>2026-03-07T07:22:39Z</time></trkpt><trkpt lat="22.273128333333336" lon="114.13238166666666"><ele>255.90000000000003</ele><time>2026-03-07T07:22:41Z</time></trkpt><trkpt lat="22.273106666666664" lon="114.13239166666666"><ele>255.7</ele><time>2026-03-07T07:22:43Z</time></trkpt><trkpt lat="22.273078333333334" lon="114.13238166666666"><ele>255.7</ele><time>2026-03-07T07:22:45Z</time></trkpt><trkpt lat="22.27305833333333" lon="114.13239"><ele>255.7</ele><time>2026-03-07T07:22:48Z</time></trkpt><trkpt lat="22.273039999999998" lon="114.13238833333335"><ele>256.1</ele><time>2026-03-07T07:22:55Z</time></trkpt><trkpt lat="22.273025" lon="114.132365"><ele>256.1</ele><time>2026-03-07T07:22:59Z</time></trkpt><trkpt lat="22.273015" lon="114.13234166666668"><ele>256.2</ele><time>2026-03-07T07:23:01Z</time></trkpt><trkpt lat="22.273030000000002" lon="114.13235333333333"><ele>256.3</ele><time>2026-03-07T07:23:05Z</time></trkpt><trkpt lat="22.273030000000002" lon="114.13237666666667"><ele>256.3</ele><time>2026-03-07T07:23:16Z</time></trkpt><trkpt lat="22.273028333333333" lon="114.13239666666665"><ele>256.5</ele><time>2026-03-07T07:23:18Z</time></trkpt><trkpt lat="22.273025" lon="114.13241833333335"><ele>256.7</ele><time>2026-03-07T07:23:20Z</time></trkpt><trkpt lat="22.273016666666663" lon="114.13244000000002"><ele>256.90000000000003</ele><time>2026-03-07T07:23:23Z</time></trkpt><trkpt lat="22.273006666666667" lon="114.13246333333333"><ele>257.2</ele><time>2026-03-07T07:23:27Z</time></trkpt><trkpt lat="22.272985000000002" lon="114.13247500000001"><ele>257.5</ele><time>2026-03-07T07:23:30Z</time></trkpt><trkpt lat="22.272961666666667" lon="114.13248166666666"><ele>257.8</ele><time>2026-03-07T07:23:33Z</time></trkpt><trkpt lat="22.272940000000002" lon="114.13248666666665"><ele>258.2</ele><time>2026-03-07T07:23:36Z</time></trkpt><trkpt lat="22.272925" lon="114.13250000000001"><ele>258.40000000000003</ele><time>2026-03-07T07:23:38Z</time></trkpt><trkpt lat="22.272910000000003" lon="114.13251166666666"><ele>258.7</ele><time>2026-03-07T07:23:40Z</time></trkpt><trkpt lat="22.272883333333333" lon="114.132515"><ele>259.7</ele><time>2026-03-07T07:23:43Z</time></trkpt><trkpt lat="22.272858333333335" lon="114.13251666666665"><ele>260.6</ele><time>2026-03-07T07:23:46Z</time></trkpt><trkpt lat="22.272839999999995" lon="114.13252499999999"><ele>262.1</ele><time>2026-03-07T07:23:50Z</time></trkpt><trkpt lat="22.272826666666667" lon="114.13254"><ele>262.90000000000003</ele><time>2026-03-07T07:23:52Z</time></trkpt><trkpt lat="22.272813333333335" lon="114.13255833333332"><ele>263.90000000000003</ele><time>2026-03-07T07:23:54Z</time></trkpt><trkpt lat="22.272794999999995" lon="114.13256666666666"><ele>264.40000000000003</ele><time>2026-03-07T07:23:56Z</time></trkpt><trkpt lat="22.272776666666665" lon="114.13257166666666"><ele>265.1</ele><time>2026-03-07T07:23:58Z</time></trkpt><trkpt lat="22.272755" lon="114.13258333333333"><ele>265.90000000000003</ele><time>2026-03-07T07:24:00Z</time></trkpt><trkpt lat="22.27274" lon="114.13259833333335"><ele>266.90000000000003</ele><time>2026-03-07T07:24:02Z</time></trkpt><trkpt lat="22.272724999999998" lon="114.13260999999999"><ele>267.7</ele><time>2026-03-07T07:24:04Z</time></trkpt><trkpt lat="22.272704999999995" lon="114.13261666666668"><ele>268.5</ele><time>2026-03-07T07:24:06Z</time></trkpt><trkpt lat="22.272685000000003" lon="114.13262000000002"><ele>269.0</ele><time>2026-03-07T07:24:08Z</time></trkpt><trkpt lat="22.272661666666668" lon="114.13263333333335"><ele>269.8</ele><time>2026-03-07T07:24:11Z</time></trkpt><trkpt lat="22.27263833333333" lon="114.13264833333332"><ele>269.8</ele><time>2026-03-07T07:24:14Z</time></trkpt><trkpt lat="22.27262166666667" lon="114.132665"><ele>269.8</ele><time>2026-03-07T07:24:16Z</time></trkpt><trkpt lat="22.27260833333333" lon="114.13267833333333"><ele>269.8</ele><time>2026-03-07T07:24:18Z</time></trkpt><trkpt lat="22.27259333333333" lon="114.132695"><ele>270.2</ele><time>2026-03-07T07:24:21Z</time></trkpt><trkpt lat="22.272581666666664" lon="114.13271833333334"><ele>270.40000000000003</ele><time>2026-03-07T07:24:24Z</time></trkpt><trkpt lat="22.272568333333332" lon="114.13273833333332"><ele>270.5</ele><time>2026-03-07T07:24:26Z</time></trkpt><trkpt lat="22.272561666666668" lon="114.13275666666665"><ele>270.6</ele><time>2026-03-07T07:24:28Z</time></trkpt><trkpt lat="22.272546666666667" lon="114.13277000000001"><ele>271.2</ele><time>2026-03-07T07:24:32Z</time></trkpt><trkpt lat="22.27253166666667" lon="114.13278999999999"><ele>272.8</ele><time>2026-03-07T07:24:45Z</time></trkpt><trkpt lat="22.27252" lon="114.132805"><ele>272.2</ele><time>2026-03-07T07:24:47Z</time></trkpt><trkpt lat="22.272506666666665" lon="114.13282833333332"><ele>271.7</ele><time>2026-03-07T07:24:49Z</time></trkpt><trkpt lat="22.272501666666667" lon="114.13285333333333"><ele>271.3</ele><time>2026-03-07T07:24:51Z</time></trkpt><trkpt lat="22.27252" lon="114.13285166666668"><ele>271.2</ele><time>2026-03-07T07:24:59Z</time></trkpt><trkpt lat="22.272521666666663" lon="114.13287333333334"><ele>270.8</ele><time>2026-03-07T07:25:02Z</time></trkpt><trkpt lat="22.27252" lon="114.13289666666667"><ele>272.0</ele><time>2026-03-07T07:25:09Z</time></trkpt><trkpt lat="22.272510000000004" lon="114.13291499999998"><ele>270.8</ele><time>2026-03-07T07:25:18Z</time></trkpt><trkpt lat="22.272506666666665" lon="114.13294166666668"><ele>270.90000000000003</ele><time>2026-03-07T07:25:21Z</time></trkpt><trkpt lat="22.272496666666665" lon="114.13296166666666"><ele>271.1</ele><time>2026-03-07T07:25:23Z</time></trkpt><trkpt lat="22.272491666666664" lon="114.13298333333333"><ele>271.40000000000003</ele><time>2026-03-07T07:25:25Z</time></trkpt><trkpt lat="22.272491666666664" lon="114.13300333333333"><ele>271.6</ele><time>2026-03-07T07:25:27Z</time></trkpt><trkpt lat="22.272485" lon="114.13302333333334"><ele>272.6</ele><time>2026-03-07T07:25:32Z</time></trkpt><trkpt lat="22.272465000000004" lon="114.13302666666665"><ele>273.0</ele><time>2026-03-07T07:25:36Z</time></trkpt><trkpt lat="22.272461666666665" lon="114.13304666666666"><ele>274.6</ele><time>2026-03-07T07:26:30Z</time></trkpt><trkpt lat="22.27244333333333" lon="114.13305"><ele>276.1</ele><time>2026-03-07T07:26:38Z</time></trkpt><trkpt lat="22.272421666666666" lon="114.13305999999999"><ele>276.7</ele><time>2026-03-07T07:26:40Z</time></trkpt><trkpt lat="22.272401666666664" lon="114.13307333333333"><ele>276.5</ele><time>2026-03-07T07:26:42Z</time></trkpt><trkpt lat="22.272390000000005" lon="114.13309333333333"><ele>275.7</ele><time>2026-03-07T07:26:45Z</time></trkpt><trkpt lat="22.272373333333334" lon="114.13311"><ele>274.7</ele><time>2026-03-07T07:26:48Z</time></trkpt><trkpt lat="22.272356666666663" lon="114.13312499999999"><ele>274.3</ele><time>2026-03-07T07:26:50Z</time></trkpt><trkpt lat="22.27234" lon="114.13314166666666"><ele>273.90000000000003</ele><time>2026-03-07T07:26:52Z</time></trkpt><trkpt lat="22.272318333333335" lon="114.13314"><ele>272.90000000000003</ele><time>2026-03-07T07:26:55Z</time></trkpt><trkpt lat="22.27229333333333" lon="114.13313333333332"><ele>271.5</ele><time>2026-03-07T07:26:58Z</time></trkpt><trkpt lat="22.272271666666665" lon="114.13313500000001"><ele>270.6</ele><time>2026-03-07T07:27:00Z</time></trkpt><trkpt lat="22.272251666666662" lon="114.13313500000001"><ele>269.7</ele><time>2026-03-07T07:27:02Z</time></trkpt><trkpt lat="22.272235000000002" lon="114.13316000000002"><ele>268.40000000000003</ele><time>2026-03-07T07:27:06Z</time></trkpt><trkpt lat="22.27222" lon="114.13318166666667"><ele>268.2</ele><time>2026-03-07T07:27:08Z</time></trkpt><trkpt lat="22.272198333333336" lon="114.13319833333335"><ele>267.90000000000003</ele><time>2026-03-07T07:27:10Z</time></trkpt><trkpt lat="22.27217333333333" lon="114.13321333333333"><ele>267.8</ele><time>2026-03-07T07:27:12Z</time></trkpt><trkpt lat="22.272148333333334" lon="114.13322500000001"><ele>267.90000000000003</ele><time>2026-03-07T07:27:14Z</time></trkpt><trkpt lat="22.272133333333333" lon="114.13323833333334"><ele>268.2</ele><time>2026-03-07T07:27:16Z</time></trkpt><trkpt lat="22.272108333333335" lon="114.13324499999999"><ele>267.90000000000003</ele><time>2026-03-07T07:27:18Z</time></trkpt><trkpt lat="22.27208166666667" lon="114.13325333333333"><ele>267.7</ele><time>2026-03-07T07:27:20Z</time></trkpt><trkpt lat="22.272066666666667" lon="114.13326833333333"><ele>267.3</ele><time>2026-03-07T07:27:22Z</time></trkpt><trkpt lat="22.272058333333334" lon="114.133295"><ele>266.90000000000003</ele><time>2026-03-07T07:27:25Z</time></trkpt><trkpt lat="22.272046666666665" lon="114.13331166666667"><ele>266.6</ele><time>2026-03-07T07:27:28Z</time></trkpt><trkpt lat="22.27202833333333" lon="114.13331000000001"><ele>266.40000000000003</ele><time>2026-03-07T07:27:30Z</time></trkpt><trkpt lat="22.272006666666666" lon="114.13331500000001"><ele>265.8</ele><time>2026-03-07T07:27:32Z</time></trkpt><trkpt lat="22.271988333333336" lon="114.13330333333333"><ele>263.6</ele><time>2026-03-07T07:27:39Z</time></trkpt><trkpt lat="22.271985000000004" lon="114.13332333333334"><ele>261.2</ele><time>2026-03-07T07:27:47Z</time></trkpt><trkpt lat="22.27200833333333" lon="114.13331666666666"><ele>268.5</ele><time>2026-03-07T07:33:38Z</time></trkpt><trkpt lat="22.271995" lon="114.13333666666668"><ele>268.8</ele><time>2026-03-07T07:34:12Z</time></trkpt><trkpt lat="22.272013333333334" lon="114.13332333333334"><ele>268.6</ele><time>2026-03-07T07:34:32Z</time></trkpt><trkpt lat="22.27195" lon="114.13335333333335"><ele>269.7</ele><time>2026-03-07T07:36:12Z</time></trkpt><trkpt lat="22.271925000000003" lon="114.13336"><ele>269.40000000000003</ele><time>2026-03-07T07:36:14Z</time></trkpt><trkpt lat="22.271896666666667" lon="114.13335833333333"><ele>269.2</ele><time>2026-03-07T07:36:16Z</time></trkpt><trkpt lat="22.27187333333333" lon="114.13335833333333"><ele>269.0</ele><time>2026-03-07T07:36:18Z</time></trkpt><trkpt lat="22.271855" lon="114.13336499999998"><ele>269.0</ele><time>2026-03-07T07:36:20Z</time></trkpt><trkpt lat="22.271838333333335" lon="114.13338333333334"><ele>268.5</ele><time>2026-03-07T07:36:22Z</time></trkpt><trkpt lat="22.271818333333332" lon="114.133395"><ele>268.1</ele><time>2026-03-07T07:36:24Z</time></trkpt><trkpt lat="22.2718" lon="114.13340333333332"><ele>267.5</ele><time>2026-03-07T07:36:26Z</time></trkpt><trkpt lat="22.271775" lon="114.13341"><ele>267.0</ele><time>2026-03-07T07:36:29Z</time></trkpt><trkpt lat="22.271755" lon="114.13342166666668"><ele>266.0</ele><time>2026-03-07T07:36:32Z</time></trkpt><trkpt lat="22.271734999999996" lon="114.13342333333334"><ele>265.5</ele><time>2026-03-07T07:36:34Z</time></trkpt><trkpt lat="22.27171" lon="114.13343666666667"><ele>265.3</ele><time>2026-03-07T07:36:36Z</time></trkpt><trkpt lat="22.271689999999996" lon="114.13345166666667"><ele>265.0</ele><time>2026-03-07T07:36:38Z</time></trkpt><trkpt lat="22.271670000000004" lon="114.13346000000001"><ele>264.5</ele><time>2026-03-07T07:36:40Z</time></trkpt><trkpt lat="22.27165" lon="114.13347"><ele>264.2</ele><time>2026-03-07T07:36:42Z</time></trkpt><trkpt lat="22.271631666666668" lon="114.13348166666668"><ele>263.7</ele><time>2026-03-07T07:36:44Z</time></trkpt><trkpt lat="22.271614999999997" lon="114.13349333333332"><ele>263.7</ele><time>2026-03-07T07:36:47Z</time></trkpt><trkpt lat="22.271598333333333" lon="114.13350166666666"><ele>263.0</ele><time>2026-03-07T07:36:50Z</time></trkpt><trkpt lat="22.271576666666668" lon="114.13352000000002"><ele>262.0</ele><time>2026-03-07T07:36:53Z</time></trkpt><trkpt lat="22.271556666666665" lon="114.13352833333332"><ele>261.5</ele><time>2026-03-07T07:36:55Z</time></trkpt><trkpt lat="22.271539999999998" lon="114.13353666666666"><ele>261.1</ele><time>2026-03-07T07:36:57Z</time></trkpt><trkpt lat="22.271524999999997" lon="114.13352333333333"><ele>260.5</ele><time>2026-03-07T07:36:59Z</time></trkpt><trkpt lat="22.27150166666667" lon="114.13350999999999"><ele>259.5</ele><time>2026-03-07T07:37:02Z</time></trkpt><trkpt lat="22.271475000000002" lon="114.13350999999999"><ele>258.40000000000003</ele><time>2026-03-07T07:37:05Z</time></trkpt><trkpt lat="22.27145666666667" lon="114.13350666666665"><ele>257.8</ele><time>2026-03-07T07:37:07Z</time></trkpt><trkpt lat="22.271436666666666" lon="114.133505"><ele>257.3</ele><time>2026-03-07T07:37:09Z</time></trkpt><trkpt lat="22.27141166666667" lon="114.13350833333334"><ele>256.7</ele><time>2026-03-07T07:37:11Z</time></trkpt><trkpt lat="22.271386666666665" lon="114.13351166666668"><ele>255.7</ele><time>2026-03-07T07:37:13Z</time></trkpt><trkpt lat="22.27136666666667" lon="114.13351333333334"><ele>254.60000000000002</ele><time>2026-03-07T07:37:15Z</time></trkpt><trkpt lat="22.271343333333334" lon="114.13352166666667"><ele>253.8</ele><time>2026-03-07T07:37:17Z</time></trkpt><trkpt lat="22.271318333333337" lon="114.13352333333333"><ele>252.8</ele><time>2026-03-07T07:37:20Z</time></trkpt><trkpt lat="22.271299999999997" lon="114.13351499999999"><ele>252.4</ele><time>2026-03-07T07:37:22Z</time></trkpt><trkpt lat="22.27127833333333" lon="114.13350999999999"><ele>251.5</ele><time>2026-03-07T07:37:25Z</time></trkpt><trkpt lat="22.271259999999998" lon="114.13350833333334"><ele>250.9</ele><time>2026-03-07T07:37:27Z</time></trkpt><trkpt lat="22.271235" lon="114.13350333333334"><ele>250.9</ele><time>2026-03-07T07:37:30Z</time></trkpt><trkpt lat="22.271211666666666" lon="114.1335"><ele>251.0</ele><time>2026-03-07T07:37:33Z</time></trkpt><trkpt lat="22.271196666666665" lon="114.13348833333333"><ele>251.0</ele><time>2026-03-07T07:37:35Z</time></trkpt><trkpt lat="22.271175000000003" lon="114.13348833333333"><ele>251.4</ele><time>2026-03-07T07:37:38Z</time></trkpt><trkpt lat="22.271149999999995" lon="114.13348333333333"><ele>252.0</ele><time>2026-03-07T07:37:40Z</time></trkpt><trkpt lat="22.271130000000003" lon="114.13348833333333"><ele>252.3</ele><time>2026-03-07T07:37:42Z</time></trkpt><trkpt lat="22.271106666666665" lon="114.13349833333332"><ele>252.8</ele><time>2026-03-07T07:37:45Z</time></trkpt><trkpt lat="22.271081666666667" lon="114.13349000000001"><ele>253.20000000000002</ele><time>2026-03-07T07:37:48Z</time></trkpt><trkpt lat="22.271060000000002" lon="114.13348666666667"><ele>253.70000000000002</ele><time>2026-03-07T07:37:50Z</time></trkpt><trkpt lat="22.27103833333333" lon="114.133485"><ele>253.9</ele><time>2026-03-07T07:37:52Z</time></trkpt><trkpt lat="22.271015000000002" lon="114.13348666666667"><ele>254.0</ele><time>2026-03-07T07:37:54Z</time></trkpt><trkpt lat="22.27099333333333" lon="114.13347999999999"><ele>254.4</ele><time>2026-03-07T07:37:56Z</time></trkpt><trkpt lat="22.270968333333332" lon="114.13347166666667"><ele>254.8</ele><time>2026-03-07T07:37:59Z</time></trkpt><trkpt lat="22.27094833333333" lon="114.13345833333332"><ele>254.8</ele><time>2026-03-07T07:38:01Z</time></trkpt><trkpt lat="22.270928333333337" lon="114.13344833333333"><ele>254.60000000000002</ele><time>2026-03-07T07:38:03Z</time></trkpt><trkpt lat="22.270905000000003" lon="114.13343666666667"><ele>254.60000000000002</ele><time>2026-03-07T07:38:05Z</time></trkpt><trkpt lat="22.270878333333332" lon="114.13342333333334"><ele>254.3</ele><time>2026-03-07T07:38:08Z</time></trkpt><trkpt lat="22.270861666666665" lon="114.133415"><ele>254.20000000000002</ele><time>2026-03-07T07:38:10Z</time></trkpt><trkpt lat="22.27084" lon="114.13340333333332"><ele>253.4</ele><time>2026-03-07T07:38:13Z</time></trkpt><trkpt lat="22.270823333333336" lon="114.13339166666668"><ele>253.20000000000002</ele><time>2026-03-07T07:38:15Z</time></trkpt><trkpt lat="22.27079833333333" lon="114.13339833333333"><ele>252.3</ele><time>2026-03-07T07:38:18Z</time></trkpt><trkpt lat="22.270775000000004" lon="114.13340500000001"><ele>251.8</ele><time>2026-03-07T07:38:20Z</time></trkpt><trkpt lat="22.27075166666667" lon="114.13341166666666"><ele>251.0</ele><time>2026-03-07T07:38:22Z</time></trkpt><trkpt lat="22.270726666666665" lon="114.13341833333334"><ele>250.4</ele><time>2026-03-07T07:38:24Z</time></trkpt><trkpt lat="22.27070833333333" lon="114.13343833333332"><ele>250.10000000000002</ele><time>2026-03-07T07:38:26Z</time></trkpt><trkpt lat="22.270695" lon="114.13345666666667"><ele>250.0</ele><time>2026-03-07T07:38:28Z</time></trkpt><trkpt lat="22.27067833333333" lon="114.13346500000002"><ele>249.60000000000002</ele><time>2026-03-07T07:38:30Z</time></trkpt><trkpt lat="22.270656666666664" lon="114.13346000000001"><ele>249.0</ele><time>2026-03-07T07:38:32Z</time></trkpt><trkpt lat="22.270636666666665" lon="114.13345666666667"><ele>248.8</ele><time>2026-03-07T07:38:34Z</time></trkpt><trkpt lat="22.270615" lon="114.13346166666666"><ele>248.70000000000002</ele><time>2026-03-07T07:38:38Z</time></trkpt><trkpt lat="22.270593333333334" lon="114.133475"><ele>248.8</ele><time>2026-03-07T07:38:40Z</time></trkpt><trkpt lat="22.270575" lon="114.13346833333331"><ele>249.20000000000002</ele><time>2026-03-07T07:38:42Z</time></trkpt><trkpt lat="22.27056166666667" lon="114.13345499999998"><ele>249.4</ele><time>2026-03-07T07:38:44Z</time></trkpt><trkpt lat="22.27054333333333" lon="114.13344000000001"><ele>249.0</ele><time>2026-03-07T07:38:46Z</time></trkpt><trkpt lat="22.27052833333333" lon="114.13341666666665"><ele>249.10000000000002</ele><time>2026-03-07T07:38:48Z</time></trkpt><trkpt lat="22.27051833333333" lon="114.133395"><ele>249.9</ele><time>2026-03-07T07:38:50Z</time></trkpt><trkpt lat="22.270508333333336" lon="114.13337166666666"><ele>251.9</ele><time>2026-03-07T07:38:53Z</time></trkpt><trkpt lat="22.270508333333336" lon="114.13334833333332"><ele>252.3</ele><time>2026-03-07T07:38:55Z</time></trkpt><trkpt lat="22.27049833333333" lon="114.13332333333334"><ele>251.8</ele><time>2026-03-07T07:38:57Z</time></trkpt><trkpt lat="22.270478333333337" lon="114.13330333333333"><ele>252.0</ele><time>2026-03-07T07:38:59Z</time></trkpt><trkpt lat="22.270455000000002" lon="114.13330666666667"><ele>252.0</ele><time>2026-03-07T07:39:01Z</time></trkpt><trkpt lat="22.27043" lon="114.13332"><ele>252.0</ele><time>2026-03-07T07:39:03Z</time></trkpt><trkpt lat="22.270403333333334" lon="114.13332833333334"><ele>251.9</ele><time>2026-03-07T07:39:05Z</time></trkpt><trkpt lat="22.27038333333333" lon="114.13334333333333"><ele>251.8</ele><time>2026-03-07T07:39:07Z</time></trkpt><trkpt lat="22.270359999999997" lon="114.13336166666667"><ele>251.60000000000002</ele><time>2026-03-07T07:39:09Z</time></trkpt><trkpt lat="22.27033666666667" lon="114.13336666666667"><ele>251.5</ele><time>2026-03-07T07:39:11Z</time></trkpt><trkpt lat="22.270314999999997" lon="114.13336666666667"><ele>251.20000000000002</ele><time>2026-03-07T07:39:13Z</time></trkpt><trkpt lat="22.27028833333333" lon="114.13337333333332"><ele>250.60000000000002</ele><time>2026-03-07T07:39:16Z</time></trkpt><trkpt lat="22.270275" lon="114.13338833333334"><ele>249.60000000000002</ele><time>2026-03-07T07:39:18Z</time></trkpt><trkpt lat="22.270268333333334" lon="114.13340833333332"><ele>248.8</ele><time>2026-03-07T07:39:20Z</time></trkpt><trkpt lat="22.270268333333334" lon="114.13343000000002"><ele>248.20000000000002</ele><time>2026-03-07T07:39:22Z</time></trkpt><trkpt lat="22.270268333333334" lon="114.13345499999998"><ele>247.8</ele><time>2026-03-07T07:39:24Z</time></trkpt><trkpt lat="22.27026166666667" lon="114.13348166666668"><ele>247.4</ele><time>2026-03-07T07:39:26Z</time></trkpt><trkpt lat="22.27025" lon="114.13350833333334"><ele>246.70000000000002</ele><time>2026-03-07T07:39:28Z</time></trkpt><trkpt lat="22.270236666666666" lon="114.13353166666666"><ele>245.9</ele><time>2026-03-07T07:39:30Z</time></trkpt><trkpt lat="22.270221666666664" lon="114.13355000000001"><ele>245.60000000000002</ele><time>2026-03-07T07:39:32Z</time></trkpt><trkpt lat="22.27020166666667" lon="114.13356999999999"><ele>245.3</ele><time>2026-03-07T07:39:34Z</time></trkpt><trkpt lat="22.270176666666664" lon="114.13357333333333"><ele>244.5</ele><time>2026-03-07T07:39:36Z</time></trkpt><trkpt lat="22.27015833333333" lon="114.13357833333333"><ele>243.70000000000002</ele><time>2026-03-07T07:39:38Z</time></trkpt><trkpt lat="22.270143333333333" lon="114.13359666666665"><ele>242.5</ele><time>2026-03-07T07:39:40Z</time></trkpt><trkpt lat="22.270133333333334" lon="114.13361833333332"><ele>241.60000000000002</ele><time>2026-03-07T07:39:42Z</time></trkpt><trkpt lat="22.270128333333332" lon="114.13364166666666"><ele>239.60000000000002</ele><time>2026-03-07T07:39:44Z</time></trkpt><trkpt lat="22.270121666666668" lon="114.13366833333333"><ele>238.20000000000002</ele><time>2026-03-07T07:39:46Z</time></trkpt><trkpt lat="22.270118333333336" lon="114.13368833333334"><ele>237.10000000000002</ele><time>2026-03-07T07:39:48Z</time></trkpt><trkpt lat="22.270115" lon="114.13371000000001"><ele>235.9</ele><time>2026-03-07T07:39:50Z</time></trkpt><trkpt lat="22.27009666666667" lon="114.13372333333334"><ele>234.0</ele><time>2026-03-07T07:39:54Z</time></trkpt><trkpt lat="22.27007833333333" lon="114.13371666666666"><ele>233.10000000000002</ele><time>2026-03-07T07:40:00Z</time></trkpt><trkpt lat="22.270056666666665" lon="114.13371666666666"><ele>232.60000000000002</ele><time>2026-03-07T07:40:03Z</time></trkpt><trkpt lat="22.270035" lon="114.13371833333333"><ele>232.4</ele><time>2026-03-07T07:40:05Z</time></trkpt><trkpt lat="22.270013333333335" lon="114.13371333333335"><ele>232.10000000000002</ele><time>2026-03-07T07:40:07Z</time></trkpt><trkpt lat="22.26999" lon="114.13370666666667"><ele>232.10000000000002</ele><time>2026-03-07T07:40:09Z</time></trkpt><trkpt lat="22.269971666666667" lon="114.13370666666667"><ele>231.8</ele><time>2026-03-07T07:40:11Z</time></trkpt><trkpt lat="22.269954999999996" lon="114.133715"><ele>231.9</ele><time>2026-03-07T07:40:14Z</time></trkpt><trkpt lat="22.26993" lon="114.13372"><ele>231.3</ele><time>2026-03-07T07:40:17Z</time></trkpt><trkpt lat="22.269909999999996" lon="114.13373666666666"><ele>231.20000000000002</ele><time>2026-03-07T07:40:20Z</time></trkpt><trkpt lat="22.26989" lon="114.13374999999999"><ele>231.0</ele><time>2026-03-07T07:40:23Z</time></trkpt><trkpt lat="22.269863333333333" lon="114.13375333333333"><ele>231.10000000000002</ele><time>2026-03-07T07:40:26Z</time></trkpt><trkpt lat="22.269849999999998" lon="114.13377"><ele>230.8</ele><time>2026-03-07T07:40:28Z</time></trkpt><trkpt lat="22.269834999999997" lon="114.13379000000002"><ele>230.60000000000002</ele><time>2026-03-07T07:40:31Z</time></trkpt><trkpt lat="22.269816666666664" lon="114.13379666666667"><ele>230.10000000000002</ele><time>2026-03-07T07:40:33Z</time></trkpt><trkpt lat="22.269795" lon="114.13380166666666"><ele>229.9</ele><time>2026-03-07T07:40:35Z</time></trkpt><trkpt lat="22.26977" lon="114.13380333333335"><ele>229.70000000000002</ele><time>2026-03-07T07:40:37Z</time></trkpt><trkpt lat="22.269744999999997" lon="114.13381"><ele>229.3</ele><time>2026-03-07T07:40:39Z</time></trkpt><trkpt lat="22.269728333333333" lon="114.13381833333332"><ele>229.10000000000002</ele><time>2026-03-07T07:40:41Z</time></trkpt><trkpt lat="22.26970833333333" lon="114.13382333333332"><ele>228.60000000000002</ele><time>2026-03-07T07:40:43Z</time></trkpt><trkpt lat="22.26969" lon="114.13383166666667"><ele>228.60000000000002</ele><time>2026-03-07T07:40:45Z</time></trkpt><trkpt lat="22.26966" lon="114.133845"><ele>228.60000000000002</ele><time>2026-03-07T07:40:47Z</time></trkpt><trkpt lat="22.269645" lon="114.13385833333332"><ele>228.8</ele><time>2026-03-07T07:40:48Z</time></trkpt><trkpt lat="22.269626666666667" lon="114.13386666666665"><ele>228.8</ele><time>2026-03-07T07:40:49Z</time></trkpt><trkpt lat="22.269605000000002" lon="114.13387666666668"><ele>229.10000000000002</ele><time>2026-03-07T07:40:51Z</time></trkpt><trkpt lat="22.269585" lon="114.133885"><ele>229.0</ele><time>2026-03-07T07:40:53Z</time></trkpt><trkpt lat="22.269566666666666" lon="114.13388166666667"><ele>229.4</ele><time>2026-03-07T07:40:56Z</time></trkpt><trkpt lat="22.269576666666662" lon="114.13386"><ele>230.10000000000002</ele><time>2026-03-07T07:40:59Z</time></trkpt><trkpt lat="22.26959" lon="114.13384166666668"><ele>230.20000000000002</ele><time>2026-03-07T07:41:01Z</time></trkpt><trkpt lat="22.2696" lon="114.13382166666666"><ele>229.70000000000002</ele><time>2026-03-07T07:41:03Z</time></trkpt><trkpt lat="22.269606666666665" lon="114.13380000000001"><ele>229.20000000000002</ele><time>2026-03-07T07:41:05Z</time></trkpt><trkpt lat="22.26962" lon="114.13377666666665"><ele>229.10000000000002</ele><time>2026-03-07T07:41:07Z</time></trkpt><trkpt lat="22.269635" lon="114.13376166666667"><ele>228.5</ele><time>2026-03-07T07:41:10Z</time></trkpt><trkpt lat="22.269654999999997" lon="114.13378666666668"><ele>229.20000000000002</ele><time>2026-03-07T07:41:16Z</time></trkpt><trkpt lat="22.26966333333333" lon="114.13380666666666"><ele>229.4</ele><time>2026-03-07T07:41:17Z</time></trkpt><trkpt lat="22.26964666666667" lon="114.133795"><ele>230.3</ele><time>2026-03-07T07:41:27Z</time></trkpt><trkpt lat="22.269636666666663" lon="114.13377666666665"><ele>229.4</ele><time>2026-03-07T07:41:40Z</time></trkpt><trkpt lat="22.26963" lon="114.133755"><ele>226.0</ele><time>2026-03-07T07:42:03Z</time></trkpt><trkpt lat="22.269641666666665" lon="114.13373666666666"><ele>225.5</ele><time>2026-03-07T07:42:06Z</time></trkpt><trkpt lat="22.269650000000002" lon="114.13371833333333"><ele>225.20000000000002</ele><time>2026-03-07T07:42:08Z</time></trkpt><trkpt lat="22.269628333333337" lon="114.13372"><ele>224.5</ele><time>2026-03-07T07:42:13Z</time></trkpt><trkpt lat="22.269613333333336" lon="114.13373166666666"><ele>224.20000000000002</ele><time>2026-03-07T07:42:15Z</time></trkpt><trkpt lat="22.269593333333333" lon="114.13374166666667"><ele>223.8</ele><time>2026-03-07T07:42:17Z</time></trkpt><trkpt lat="22.269575" lon="114.13376166666667"><ele>223.60000000000002</ele><time>2026-03-07T07:42:19Z</time></trkpt><trkpt lat="22.269561666666664" lon="114.13377833333334"><ele>223.3</ele><time>2026-03-07T07:42:21Z</time></trkpt><trkpt lat="22.269545" lon="114.13379000000002"><ele>223.20000000000002</ele><time>2026-03-07T07:42:23Z</time></trkpt><trkpt lat="22.269520000000004" lon="114.13380333333335"><ele>223.3</ele><time>2026-03-07T07:42:25Z</time></trkpt><trkpt lat="22.269490000000005" lon="114.13381666666668"><ele>223.20000000000002</ele><time>2026-03-07T07:42:27Z</time></trkpt><trkpt lat="22.269461666666665" lon="114.13383"><ele>222.9</ele><time>2026-03-07T07:42:29Z</time></trkpt><trkpt lat="22.26943833333333" lon="114.13384666666667"><ele>222.60000000000002</ele><time>2026-03-07T07:42:31Z</time></trkpt><trkpt lat="22.269415000000002" lon="114.13386"><ele>222.3</ele><time>2026-03-07T07:42:33Z</time></trkpt><trkpt lat="22.269395" lon="114.13386"><ele>222.0</ele><time>2026-03-07T07:42:35Z</time></trkpt><trkpt lat="22.269373333333338" lon="114.13386"><ele>221.70000000000002</ele><time>2026-03-07T07:42:37Z</time></trkpt><trkpt lat="22.26935166666666" lon="114.13385333333332"><ele>221.3</ele><time>2026-03-07T07:42:40Z</time></trkpt><trkpt lat="22.26933" lon="114.133845"><ele>221.10000000000002</ele><time>2026-03-07T07:42:43Z</time></trkpt><trkpt lat="22.26930333333333" lon="114.13385166666667"><ele>220.4</ele><time>2026-03-07T07:42:46Z</time></trkpt><trkpt lat="22.269276666666663" lon="114.13386666666665"><ele>219.4</ele><time>2026-03-07T07:42:49Z</time></trkpt><trkpt lat="22.26925833333333" lon="114.13388666666667"><ele>218.9</ele><time>2026-03-07T07:42:51Z</time></trkpt><trkpt lat="22.269236666666664" lon="114.13389666666666"><ele>218.70000000000002</ele><time>2026-03-07T07:42:54Z</time></trkpt><trkpt lat="22.269223333333336" lon="114.13391833333331"><ele>218.60000000000002</ele><time>2026-03-07T07:42:56Z</time></trkpt><trkpt lat="22.2692" lon="114.13393166666668"><ele>218.4</ele><time>2026-03-07T07:42:59Z</time></trkpt><trkpt lat="22.269176666666667" lon="114.13393833333333"><ele>218.3</ele><time>2026-03-07T07:43:01Z</time></trkpt><trkpt lat="22.269155" lon="114.13394166666667"><ele>218.70000000000002</ele><time>2026-03-07T07:43:03Z</time></trkpt><trkpt lat="22.269128333333335" lon="114.133955"><ele>218.70000000000002</ele><time>2026-03-07T07:43:05Z</time></trkpt><trkpt lat="22.269098333333332" lon="114.13396833333333"><ele>218.60000000000002</ele><time>2026-03-07T07:43:07Z</time></trkpt><trkpt lat="22.269073333333335" lon="114.13397833333332"><ele>218.70000000000002</ele><time>2026-03-07T07:43:09Z</time></trkpt><trkpt lat="22.26906" lon="114.13399166666667"><ele>218.70000000000002</ele><time>2026-03-07T07:43:11Z</time></trkpt><trkpt lat="22.26905" lon="114.134015"><ele>218.9</ele><time>2026-03-07T07:43:13Z</time></trkpt><trkpt lat="22.269035" lon="114.13403333333332"><ele>218.9</ele><time>2026-03-07T07:43:15Z</time></trkpt><trkpt lat="22.269015" lon="114.13403666666666"><ele>219.10000000000002</ele><time>2026-03-07T07:43:17Z</time></trkpt><trkpt lat="22.269" lon="114.13402333333333"><ele>219.60000000000002</ele><time>2026-03-07T07:43:19Z</time></trkpt><trkpt lat="22.268981666666665" lon="114.13401833333334"><ele>220.0</ele><time>2026-03-07T07:43:21Z</time></trkpt><trkpt lat="22.268963333333332" lon="114.13401166666667"><ele>220.5</ele><time>2026-03-07T07:43:23Z</time></trkpt><trkpt lat="22.268941666666667" lon="114.13401999999999"><ele>220.8</ele><time>2026-03-07T07:43:25Z</time></trkpt><trkpt lat="22.26891666666667" lon="114.13402666666667"><ele>221.0</ele><time>2026-03-07T07:43:27Z</time></trkpt><trkpt lat="22.268894999999997" lon="114.13403000000001"><ele>221.10000000000002</ele><time>2026-03-07T07:43:29Z</time></trkpt><trkpt lat="22.26887333333333" lon="114.13402833333333"><ele>221.0</ele><time>2026-03-07T07:43:31Z</time></trkpt><trkpt lat="22.268848333333334" lon="114.13403333333332"><ele>221.20000000000002</ele><time>2026-03-07T07:43:34Z</time></trkpt><trkpt lat="22.268816666666666" lon="114.13403833333332"><ele>221.60000000000002</ele><time>2026-03-07T07:43:36Z</time></trkpt><trkpt lat="22.268785" lon="114.13405333333334"><ele>221.70000000000002</ele><time>2026-03-07T07:43:38Z</time></trkpt><trkpt lat="22.268755000000002" lon="114.13406166666667"><ele>221.8</ele><time>2026-03-07T07:43:40Z</time></trkpt><trkpt lat="22.268726666666666" lon="114.13407166666666"><ele>221.5</ele><time>2026-03-07T07:43:42Z</time></trkpt><trkpt lat="22.268705" lon="114.13407666666666"><ele>221.3</ele><time>2026-03-07T07:43:44Z</time></trkpt><trkpt lat="22.268681666666666" lon="114.13408499999998"><ele>221.20000000000002</ele><time>2026-03-07T07:43:47Z</time></trkpt><trkpt lat="22.268666666666665" lon="114.1341"><ele>221.60000000000002</ele><time>2026-03-07T07:43:49Z</time></trkpt><trkpt lat="22.26864666666667" lon="114.13411833333333"><ele>222.10000000000002</ele><time>2026-03-07T07:43:51Z</time></trkpt><trkpt lat="22.268624999999997" lon="114.13413666666665"><ele>222.20000000000002</ele><time>2026-03-07T07:43:53Z</time></trkpt><trkpt lat="22.268606666666663" lon="114.13414666666668"><ele>222.20000000000002</ele><time>2026-03-07T07:43:55Z</time></trkpt><trkpt lat="22.268588333333334" lon="114.134165"><ele>222.3</ele><time>2026-03-07T07:43:58Z</time></trkpt><trkpt lat="22.268563333333336" lon="114.13419166666667"><ele>222.10000000000002</ele><time>2026-03-07T07:44:00Z</time></trkpt><trkpt lat="22.268555" lon="114.13421333333332"><ele>222.10000000000002</ele><time>2026-03-07T07:44:01Z</time></trkpt><trkpt lat="22.268539999999998" lon="114.13423499999999"><ele>222.10000000000002</ele><time>2026-03-07T07:44:03Z</time></trkpt><trkpt lat="22.268528333333332" lon="114.13425000000001"><ele>222.5</ele><time>2026-03-07T07:44:05Z</time></trkpt><trkpt lat="22.268518333333336" lon="114.13426833333332"><ele>222.8</ele><time>2026-03-07T07:44:07Z</time></trkpt><trkpt lat="22.268506666666667" lon="114.134285"><ele>223.0</ele><time>2026-03-07T07:44:09Z</time></trkpt><trkpt lat="22.268491666666666" lon="114.13431999999999"><ele>223.0</ele><time>2026-03-07T07:44:11Z</time></trkpt><trkpt lat="22.268486666666664" lon="114.134345"><ele>223.3</ele><time>2026-03-07T07:44:13Z</time></trkpt><trkpt lat="22.268488333333334" lon="114.13437333333334"><ele>223.20000000000002</ele><time>2026-03-07T07:44:15Z</time></trkpt><trkpt lat="22.26849333333333" lon="114.13439500000001"><ele>223.4</ele><time>2026-03-07T07:44:17Z</time></trkpt><trkpt lat="22.268494999999998" lon="114.13442500000001"><ele>223.70000000000002</ele><time>2026-03-07T07:44:19Z</time></trkpt><trkpt lat="22.26848" lon="114.13444"><ele>224.60000000000002</ele><time>2026-03-07T07:44:22Z</time></trkpt><trkpt lat="22.268465" lon="114.13446166666667"><ele>225.0</ele><time>2026-03-07T07:44:24Z</time></trkpt><trkpt lat="22.268444999999996" lon="114.13447333333333"><ele>225.4</ele><time>2026-03-07T07:44:26Z</time></trkpt><trkpt lat="22.26842333333333" lon="114.13447999999998"><ele>226.0</ele><time>2026-03-07T07:44:28Z</time></trkpt><trkpt lat="22.268404999999998" lon="114.134495"><ele>226.3</ele><time>2026-03-07T07:44:30Z</time></trkpt><trkpt lat="22.268383333333336" lon="114.13451333333333"><ele>226.60000000000002</ele><time>2026-03-07T07:44:32Z</time></trkpt><trkpt lat="22.268358333333335" lon="114.13452166666666"><ele>227.20000000000002</ele><time>2026-03-07T07:44:34Z</time></trkpt><trkpt lat="22.268336666666663" lon="114.13452166666666"><ele>227.3</ele><time>2026-03-07T07:44:36Z</time></trkpt><trkpt lat="22.268318333333333" lon="114.134525"><ele>228.0</ele><time>2026-03-07T07:44:39Z</time></trkpt><trkpt lat="22.268296666666668" lon="114.13453"><ele>228.20000000000002</ele><time>2026-03-07T07:44:41Z</time></trkpt><trkpt lat="22.268275000000003" lon="114.13453833333332"><ele>228.5</ele><time>2026-03-07T07:44:43Z</time></trkpt><trkpt lat="22.268253333333337" lon="114.13454500000002"><ele>229.0</ele><time>2026-03-07T07:44:45Z</time></trkpt><trkpt lat="22.268231666666665" lon="114.13455"><ele>229.4</ele><time>2026-03-07T07:44:47Z</time></trkpt><trkpt lat="22.268213333333332" lon="114.13456333333333"><ele>229.60000000000002</ele><time>2026-03-07T07:44:49Z</time></trkpt><trkpt lat="22.268193333333336" lon="114.13457500000001"><ele>229.60000000000002</ele><time>2026-03-07T07:44:51Z</time></trkpt><trkpt lat="22.268176666666665" lon="114.13458833333334"><ele>229.60000000000002</ele><time>2026-03-07T07:44:53Z</time></trkpt><trkpt lat="22.268159999999998" lon="114.13460833333332"><ele>229.8</ele><time>2026-03-07T07:44:55Z</time></trkpt><trkpt lat="22.268134999999997" lon="114.13463333333333"><ele>229.9</ele><time>2026-03-07T07:44:57Z</time></trkpt><trkpt lat="22.268116666666668" lon="114.13465999999998"><ele>229.9</ele><time>2026-03-07T07:44:59Z</time></trkpt><trkpt lat="22.268099999999997" lon="114.134675"><ele>230.60000000000002</ele><time>2026-03-07T07:45:02Z</time></trkpt><trkpt lat="22.268089999999997" lon="114.13469666666667"><ele>230.4</ele><time>2026-03-07T07:45:04Z</time></trkpt><trkpt lat="22.268071666666668" lon="114.13471499999999"><ele>230.3</ele><time>2026-03-07T07:45:06Z</time></trkpt><trkpt lat="22.268051666666665" lon="114.13473"><ele>230.20000000000002</ele><time>2026-03-07T07:45:08Z</time></trkpt><trkpt lat="22.268038333333333" lon="114.13474666666667"><ele>230.70000000000002</ele><time>2026-03-07T07:45:10Z</time></trkpt><trkpt lat="22.268028333333337" lon="114.13476833333334"><ele>230.70000000000002</ele><time>2026-03-07T07:45:14Z</time></trkpt><trkpt lat="22.268016666666668" lon="114.13478833333332"><ele>230.8</ele><time>2026-03-07T07:45:16Z</time></trkpt><trkpt lat="22.26799" lon="114.13479833333334"><ele>230.8</ele><time>2026-03-07T07:45:18Z</time></trkpt><trkpt lat="22.267971666666668" lon="114.13479666666666"><ele>230.5</ele><time>2026-03-07T07:45:20Z</time></trkpt><trkpt lat="22.267945" lon="114.13478333333333"><ele>230.8</ele><time>2026-03-07T07:45:22Z</time></trkpt><trkpt lat="22.267921666666666" lon="114.13476666666665"><ele>231.10000000000002</ele><time>2026-03-07T07:45:24Z</time></trkpt><trkpt lat="22.2679" lon="114.13475500000001"><ele>231.3</ele><time>2026-03-07T07:45:26Z</time></trkpt><trkpt lat="22.267878333333336" lon="114.13475500000001"><ele>231.3</ele><time>2026-03-07T07:45:28Z</time></trkpt><trkpt lat="22.26785166666667" lon="114.13476666666665"><ele>231.0</ele><time>2026-03-07T07:45:30Z</time></trkpt><trkpt lat="22.267825000000002" lon="114.13476999999999"><ele>230.8</ele><time>2026-03-07T07:45:32Z</time></trkpt><trkpt lat="22.267803333333337" lon="114.13478166666667"><ele>230.70000000000002</ele><time>2026-03-07T07:45:34Z</time></trkpt><trkpt lat="22.267778333333332" lon="114.13480166666668"><ele>230.8</ele><time>2026-03-07T07:45:37Z</time></trkpt><trkpt lat="22.267758333333337" lon="114.13482333333334"><ele>230.5</ele><time>2026-03-07T07:45:39Z</time></trkpt><trkpt lat="22.267744999999998" lon="114.13485"><ele>230.70000000000002</ele><time>2026-03-07T07:45:41Z</time></trkpt><trkpt lat="22.267733333333332" lon="114.13487666666667"><ele>230.60000000000002</ele><time>2026-03-07T07:45:43Z</time></trkpt><trkpt lat="22.267725000000002" lon="114.13490166666666"><ele>230.3</ele><time>2026-03-07T07:45:45Z</time></trkpt><trkpt lat="22.267713333333337" lon="114.134925"><ele>230.0</ele><time>2026-03-07T07:45:47Z</time></trkpt><trkpt lat="22.267699999999998" lon="114.13494833333334"><ele>229.70000000000002</ele><time>2026-03-07T07:45:49Z</time></trkpt><trkpt lat="22.267681666666665" lon="114.13496333333333"><ele>229.20000000000002</ele><time>2026-03-07T07:45:51Z</time></trkpt><trkpt lat="22.267665000000004" lon="114.13497833333334"><ele>228.8</ele><time>2026-03-07T07:45:53Z</time></trkpt><trkpt lat="22.267639999999997" lon="114.13499333333333"><ele>228.60000000000002</ele><time>2026-03-07T07:45:55Z</time></trkpt><trkpt lat="22.267615" lon="114.135005"><ele>228.5</ele><time>2026-03-07T07:45:57Z</time></trkpt><trkpt lat="22.267591666666664" lon="114.13501"><ele>228.4</ele><time>2026-03-07T07:45:59Z</time></trkpt><trkpt lat="22.267564999999998" lon="114.135015"><ele>228.3</ele><time>2026-03-07T07:46:01Z</time></trkpt><trkpt lat="22.267548333333334" lon="114.135005"><ele>228.0</ele><time>2026-03-07T07:46:03Z</time></trkpt><trkpt lat="22.267525" lon="114.13499666666667"><ele>228.0</ele><time>2026-03-07T07:46:06Z</time></trkpt><trkpt lat="22.267508333333332" lon="114.13498333333334"><ele>228.3</ele><time>2026-03-07T07:46:08Z</time></trkpt><trkpt lat="22.267485000000004" lon="114.134975"><ele>228.4</ele><time>2026-03-07T07:46:10Z</time></trkpt><trkpt lat="22.267458333333334" lon="114.13496666666667"><ele>228.60000000000002</ele><time>2026-03-07T07:46:12Z</time></trkpt><trkpt lat="22.267429999999997" lon="114.13496333333333"><ele>228.70000000000002</ele><time>2026-03-07T07:46:14Z</time></trkpt><trkpt lat="22.267414999999996" lon="114.13494666666665"><ele>228.5</ele><time>2026-03-07T07:46:17Z</time></trkpt><trkpt lat="22.267401666666668" lon="114.13493166666667"><ele>228.20000000000002</ele><time>2026-03-07T07:46:19Z</time></trkpt><trkpt lat="22.267378333333333" lon="114.13491666666665"><ele>227.70000000000002</ele><time>2026-03-07T07:46:21Z</time></trkpt><trkpt lat="22.26736" lon="114.13491"><ele>227.3</ele><time>2026-03-07T07:46:23Z</time></trkpt><trkpt lat="22.267336666666665" lon="114.13490833333331"><ele>227.0</ele><time>2026-03-07T07:46:25Z</time></trkpt><trkpt lat="22.26731333333333" lon="114.13491833333335"><ele>226.60000000000002</ele><time>2026-03-07T07:46:27Z</time></trkpt><trkpt lat="22.267290000000003" lon="114.13493333333332"><ele>226.4</ele><time>2026-03-07T07:46:29Z</time></trkpt><trkpt lat="22.267273333333332" lon="114.13494833333334"><ele>225.9</ele><time>2026-03-07T07:46:31Z</time></trkpt><trkpt lat="22.26725333333333" lon="114.134975"><ele>225.4</ele><time>2026-03-07T07:46:34Z</time></trkpt><trkpt lat="22.26724" lon="114.13499333333333"><ele>225.0</ele><time>2026-03-07T07:46:39Z</time></trkpt><trkpt lat="22.267218333333336" lon="114.13500333333334"><ele>224.9</ele><time>2026-03-07T07:46:43Z</time></trkpt><trkpt lat="22.267200000000003" lon="114.13501"><ele>224.9</ele><time>2026-03-07T07:46:45Z</time></trkpt><trkpt lat="22.26718166666667" lon="114.13501666666667"><ele>224.8</ele><time>2026-03-07T07:46:47Z</time></trkpt><trkpt lat="22.267158333333334" lon="114.13501999999998"><ele>224.60000000000002</ele><time>2026-03-07T07:46:49Z</time></trkpt><trkpt lat="22.26713666666667" lon="114.13501999999998"><ele>224.5</ele><time>2026-03-07T07:46:51Z</time></trkpt><trkpt lat="22.26711833333333" lon="114.13501666666667"><ele>224.4</ele><time>2026-03-07T07:46:53Z</time></trkpt><trkpt lat="22.267096666666664" lon="114.13502166666667"><ele>223.9</ele><time>2026-03-07T07:46:57Z</time></trkpt><trkpt lat="22.267080000000004" lon="114.13503"><ele>223.60000000000002</ele><time>2026-03-07T07:46:59Z</time></trkpt><trkpt lat="22.26706" lon="114.13504666666668"><ele>223.20000000000002</ele><time>2026-03-07T07:47:02Z</time></trkpt><trkpt lat="22.267041666666668" lon="114.13506333333335"><ele>223.0</ele><time>2026-03-07T07:47:04Z</time></trkpt><trkpt lat="22.26701166666667" lon="114.13507999999999"><ele>222.8</ele><time>2026-03-07T07:47:06Z</time></trkpt><trkpt lat="22.266988333333334" lon="114.13509833333335"><ele>222.3</ele><time>2026-03-07T07:47:08Z</time></trkpt><trkpt lat="22.26697" lon="114.13511500000001"><ele>221.60000000000002</ele><time>2026-03-07T07:47:10Z</time></trkpt><trkpt lat="22.266949999999998" lon="114.13512"><ele>221.3</ele><time>2026-03-07T07:47:14Z</time></trkpt><trkpt lat="22.266936666666666" lon="114.13513333333334"><ele>221.4</ele><time>2026-03-07T07:47:17Z</time></trkpt><trkpt lat="22.266918333333333" lon="114.13514500000001"><ele>221.3</ele><time>2026-03-07T07:47:20Z</time></trkpt><trkpt lat="22.266900000000003" lon="114.13514500000001"><ele>221.4</ele><time>2026-03-07T07:47:23Z</time></trkpt><trkpt lat="22.26688" lon="114.13513833333333"><ele>221.5</ele><time>2026-03-07T07:47:27Z</time></trkpt><trkpt lat="22.26687" lon="114.13511833333332"><ele>221.4</ele><time>2026-03-07T07:47:29Z</time></trkpt><trkpt lat="22.266856666666666" lon="114.13513833333333"><ele>224.70000000000002</ele><time>2026-03-07T07:48:01Z</time></trkpt><trkpt lat="22.266853333333334" lon="114.13516166666668"><ele>224.8</ele><time>2026-03-07T07:48:03Z</time></trkpt><trkpt lat="22.266840000000002" lon="114.13518333333334"><ele>224.8</ele><time>2026-03-07T07:48:05Z</time></trkpt><trkpt lat="22.266825" lon="114.13519999999998"><ele>224.9</ele><time>2026-03-07T07:48:07Z</time></trkpt><trkpt lat="22.266804999999998" lon="114.13521999999999"><ele>225.0</ele><time>2026-03-07T07:48:09Z</time></trkpt><trkpt lat="22.266781666666663" lon="114.13522999999999"><ele>225.0</ele><time>2026-03-07T07:48:11Z</time></trkpt><trkpt lat="22.266759999999998" lon="114.13523833333332"><ele>225.3</ele><time>2026-03-07T07:48:13Z</time></trkpt><trkpt lat="22.266741666666668" lon="114.13524166666666"><ele>225.4</ele><time>2026-03-07T07:48:15Z</time></trkpt><trkpt lat="22.266723333333335" lon="114.13524666666666"><ele>225.70000000000002</ele><time>2026-03-07T07:48:17Z</time></trkpt><trkpt lat="22.26670166666667" lon="114.13525999999999"><ele>226.0</ele><time>2026-03-07T07:48:19Z</time></trkpt><trkpt lat="22.266681666666667" lon="114.13527333333334"><ele>226.20000000000002</ele><time>2026-03-07T07:48:21Z</time></trkpt><trkpt lat="22.266653333333338" lon="114.13529333333332"><ele>226.5</ele><time>2026-03-07T07:48:23Z</time></trkpt><trkpt lat="22.266621666666666" lon="114.13530333333334"><ele>226.70000000000002</ele><time>2026-03-07T07:48:25Z</time></trkpt><trkpt lat="22.26659833333333" lon="114.13529333333332"><ele>226.70000000000002</ele><time>2026-03-07T07:48:27Z</time></trkpt><trkpt lat="22.266578333333335" lon="114.13529666666666"><ele>226.8</ele><time>2026-03-07T07:48:29Z</time></trkpt><trkpt lat="22.266558333333332" lon="114.13530333333334"><ele>226.9</ele><time>2026-03-07T07:48:31Z</time></trkpt><trkpt lat="22.266534999999998" lon="114.13531499999999"><ele>227.10000000000002</ele><time>2026-03-07T07:48:33Z</time></trkpt><trkpt lat="22.26652166666667" lon="114.13533000000001"><ele>227.20000000000002</ele><time>2026-03-07T07:48:35Z</time></trkpt><trkpt lat="22.266496666666665" lon="114.13534"><ele>227.20000000000002</ele><time>2026-03-07T07:48:37Z</time></trkpt><trkpt lat="22.26647666666667" lon="114.13534166666668"><ele>227.10000000000002</ele><time>2026-03-07T07:48:39Z</time></trkpt><trkpt lat="22.266458333333336" lon="114.13534166666668"><ele>227.10000000000002</ele><time>2026-03-07T07:48:41Z</time></trkpt><trkpt lat="22.26643166666667" lon="114.13534499999999"><ele>227.0</ele><time>2026-03-07T07:48:43Z</time></trkpt><trkpt lat="22.266409999999997" lon="114.13535500000002"><ele>227.3</ele><time>2026-03-07T07:48:45Z</time></trkpt><trkpt lat="22.266391666666664" lon="114.13537166666669"><ele>227.5</ele><time>2026-03-07T07:48:47Z</time></trkpt><trkpt lat="22.26637" lon="114.13538333333332"><ele>227.60000000000002</ele><time>2026-03-07T07:48:49Z</time></trkpt><trkpt lat="22.266348333333333" lon="114.13538666666666"><ele>227.9</ele><time>2026-03-07T07:48:52Z</time></trkpt><trkpt lat="22.266333333333332" lon="114.13539833333334"><ele>227.9</ele><time>2026-03-07T07:48:54Z</time></trkpt><trkpt lat="22.266315000000002" lon="114.13540666666668"><ele>228.10000000000002</ele><time>2026-03-07T07:48:57Z</time></trkpt><trkpt lat="22.266313333333333" lon="114.13542666666666"><ele>228.8</ele><time>2026-03-07T07:49:03Z</time></trkpt><trkpt lat="22.266318333333334" lon="114.13545166666667"><ele>229.20000000000002</ele><time>2026-03-07T07:49:06Z</time></trkpt><trkpt lat="22.266313333333333" lon="114.13547166666667"><ele>229.8</ele><time>2026-03-07T07:49:09Z</time></trkpt><trkpt lat="22.266303333333333" lon="114.13548833333334"><ele>230.0</ele><time>2026-03-07T07:49:12Z</time></trkpt><trkpt lat="22.26629666666667" lon="114.13551666666666"><ele>229.9</ele><time>2026-03-07T07:49:14Z</time></trkpt><trkpt lat="22.266295" lon="114.13553833333332"><ele>230.3</ele><time>2026-03-07T07:49:16Z</time></trkpt><trkpt lat="22.2663" lon="114.13555833333334"><ele>229.10000000000002</ele><time>2026-03-07T07:49:21Z</time></trkpt><trkpt lat="22.266303333333333" lon="114.13557833333334"><ele>228.3</ele><time>2026-03-07T07:49:24Z</time></trkpt><trkpt lat="22.266331666666662" lon="114.13560833333334"><ele>227.70000000000002</ele><time>2026-03-07T07:50:24Z</time></trkpt><trkpt lat="22.266301666666664" lon="114.13560833333334"><ele>228.70000000000002</ele><time>2026-03-07T07:50:45Z</time></trkpt></trkseg><trkseg><trkpt lat="22.259753" lon="114.136945"><ele>144.10000610351562</ele><time>2026-03-07T07:50:51.567Z</time></trkpt></trkseg><trkseg><trkpt lat="22.266291666666667" lon="114.13561"><ele>228.3</ele><time>2026-03-07T07:50:52Z</time></trkpt></trkseg><trkseg><trkpt lat="22.2598378" lon="114.137021"><ele>144.10000610351562</ele><time>2026-03-07T07:51:15.381Z</time></trkpt></trkseg><trkseg><trkpt lat="22.266291666666667" lon="114.13561"><ele>228.3</ele><time>2026-03-07T07:51:16Z</time></trkpt></trkseg><trkseg><trkpt lat="22.2598707" lon="114.13695"><ele>142.70001220703125</ele><time>2026-03-07T07:52:47.008Z</time></trkpt></trkseg><trkseg><trkpt lat="22.266291666666667" lon="114.13561"><ele>224.60000000000002</ele><time>2026-03-07T07:52:48Z</time></trkpt><trkpt lat="22.26624" lon="114.135555"><ele>220.0</ele><time>2026-03-07T07:54:15Z</time></trkpt><trkpt lat="22.26622166666667" lon="114.13555166666666"><ele>220.20000000000002</ele><time>2026-03-07T07:54:20Z</time></trkpt><trkpt lat="22.266200000000005" lon="114.13555166666666"><ele>219.60000000000002</ele><time>2026-03-07T07:54:22Z</time></trkpt><trkpt lat="22.266181666666665" lon="114.13555333333333"><ele>219.3</ele><time>2026-03-07T07:54:23Z</time></trkpt><trkpt lat="22.26615" lon="114.13555666666667"><ele>218.4</ele><time>2026-03-07T07:54:25Z</time></trkpt><trkpt lat="22.26612" lon="114.13555666666667"><ele>217.4</ele><time>2026-03-07T07:54:27Z</time></trkpt><trkpt lat="22.266099999999998" lon="114.13554833333335"><ele>216.8</ele><time>2026-03-07T07:54:29Z</time></trkpt><trkpt lat="22.266080000000002" lon="114.13554833333335"><ele>216.4</ele><time>2026-03-07T07:54:31Z</time></trkpt><trkpt lat="22.266066666666667" lon="114.13556500000001"><ele>214.5</ele><time>2026-03-07T07:54:38Z</time></trkpt><trkpt lat="22.266045000000002" lon="114.13555333333333"><ele>214.3</ele><time>2026-03-07T07:54:42Z</time></trkpt><trkpt lat="22.266020000000005" lon="114.13554166666667"><ele>213.8</ele><time>2026-03-07T07:54:45Z</time></trkpt><trkpt lat="22.265991666666665" lon="114.13552999999999"><ele>213.10000000000002</ele><time>2026-03-07T07:54:47Z</time></trkpt><trkpt lat="22.265975000000005" lon="114.13551833333334"><ele>212.70000000000002</ele><time>2026-03-07T07:54:48Z</time></trkpt><trkpt lat="22.265955" lon="114.13550166666667"><ele>212.20000000000002</ele><time>2026-03-07T07:54:49Z</time></trkpt><trkpt lat="22.265935" lon="114.13548833333334"><ele>211.4</ele><time>2026-03-07T07:54:50Z</time></trkpt><trkpt lat="22.265913333333334" lon="114.13547166666667"><ele>210.4</ele><time>2026-03-07T07:54:51Z</time></trkpt><trkpt lat="22.26589333333333" lon="114.13545333333334"><ele>209.5</ele><time>2026-03-07T07:54:52Z</time></trkpt><trkpt lat="22.265873333333335" lon="114.13543499999999"><ele>208.5</ele><time>2026-03-07T07:54:53Z</time></trkpt><trkpt lat="22.265856666666664" lon="114.13542000000001"><ele>207.5</ele><time>2026-03-07T07:54:54Z</time></trkpt><trkpt lat="22.265840000000004" lon="114.13540833333333"><ele>206.3</ele><time>2026-03-07T07:54:55Z</time></trkpt><trkpt lat="22.26582166666667" lon="114.13540333333334"><ele>205.10000000000002</ele><time>2026-03-07T07:54:56Z</time></trkpt><trkpt lat="22.26580333333333" lon="114.13541833333332"><ele>202.60000000000002</ele><time>2026-03-07T07:54:59Z</time></trkpt><trkpt lat="22.26580166666667" lon="114.13543833333333"><ele>201.70000000000002</ele><time>2026-03-07T07:55:01Z</time></trkpt><trkpt lat="22.265783333333335" lon="114.13545333333334"><ele>201.10000000000002</ele><time>2026-03-07T07:55:05Z</time></trkpt><trkpt lat="22.265765000000002" lon="114.13546333333333"><ele>201.0</ele><time>2026-03-07T07:55:07Z</time></trkpt><trkpt lat="22.26575833333333" lon="114.13548166666666"><ele>204.8</ele><time>2026-03-07T07:55:18Z</time></trkpt><trkpt lat="22.265751666666667" lon="114.13551000000001"><ele>206.70000000000002</ele><time>2026-03-07T07:55:41Z</time></trkpt><trkpt lat="22.265750000000004" lon="114.13552999999999"><ele>206.3</ele><time>2026-03-07T07:55:44Z</time></trkpt><trkpt lat="22.265739999999997" lon="114.13555333333333"><ele>206.3</ele><time>2026-03-07T07:55:49Z</time></trkpt><trkpt lat="22.265724999999996" lon="114.13557"><ele>206.3</ele><time>2026-03-07T07:55:53Z</time></trkpt><trkpt lat="22.26570333333333" lon="114.13558166666665"><ele>206.3</ele><time>2026-03-07T07:55:57Z</time></trkpt><trkpt lat="22.2657" lon="114.13560333333335"><ele>206.3</ele><time>2026-03-07T07:56:00Z</time></trkpt><trkpt lat="22.265685" lon="114.13561833333333"><ele>206.3</ele><time>2026-03-07T07:56:02Z</time></trkpt><trkpt lat="22.26566833333333" lon="114.13563166666667"><ele>206.3</ele><time>2026-03-07T07:56:04Z</time></trkpt><trkpt lat="22.265645000000003" lon="114.13564166666666"><ele>205.9</ele><time>2026-03-07T07:56:06Z</time></trkpt><trkpt lat="22.26562666666667" lon="114.13565333333332"><ele>205.20000000000002</ele><time>2026-03-07T07:56:08Z</time></trkpt><trkpt lat="22.26560833333333" lon="114.13566999999999"><ele>204.70000000000002</ele><time>2026-03-07T07:56:10Z</time></trkpt><trkpt lat="22.26559666666667" lon="114.13568500000001"><ele>204.4</ele><time>2026-03-07T07:56:11Z</time></trkpt><trkpt lat="22.265585" lon="114.1357"><ele>204.10000000000002</ele><time>2026-03-07T07:56:12Z</time></trkpt><trkpt lat="22.26556666666667" lon="114.13570666666668"><ele>203.20000000000002</ele><time>2026-03-07T07:56:14Z</time></trkpt><trkpt lat="22.26555" lon="114.13572833333335"><ele>201.70000000000002</ele><time>2026-03-07T07:56:17Z</time></trkpt><trkpt lat="22.26554" lon="114.13574666666666"><ele>200.70000000000002</ele><time>2026-03-07T07:56:20Z</time></trkpt><trkpt lat="22.26553" lon="114.13576833333333"><ele>199.8</ele><time>2026-03-07T07:56:22Z</time></trkpt><trkpt lat="22.265516666666667" lon="114.13578666666666"><ele>198.70000000000002</ele><time>2026-03-07T07:56:24Z</time></trkpt><trkpt lat="22.265496666666664" lon="114.13580833333332"><ele>197.60000000000002</ele><time>2026-03-07T07:56:26Z</time></trkpt><trkpt lat="22.265476666666668" lon="114.13582333333333"><ele>196.9</ele><time>2026-03-07T07:56:29Z</time></trkpt><trkpt lat="22.26546166666667" lon="114.135845"><ele>195.70000000000002</ele><time>2026-03-07T07:56:32Z</time></trkpt><trkpt lat="22.265435000000004" lon="114.13586333333333"><ele>193.20000000000002</ele><time>2026-03-07T07:56:41Z</time></trkpt><trkpt lat="22.265424999999997" lon="114.13588"><ele>192.9</ele><time>2026-03-07T07:56:42Z</time></trkpt><trkpt lat="22.26540333333333" lon="114.13589500000002"><ele>192.20000000000002</ele><time>2026-03-07T07:56:44Z</time></trkpt><trkpt lat="22.265385" lon="114.13589666666667"><ele>192.4</ele><time>2026-03-07T07:56:46Z</time></trkpt><trkpt lat="22.26537" lon="114.13590833333335"><ele>193.4</ele><time>2026-03-07T07:56:51Z</time></trkpt><trkpt lat="22.265351666666668" lon="114.13592833333333"><ele>193.5</ele><time>2026-03-07T07:56:54Z</time></trkpt><trkpt lat="22.265333333333334" lon="114.13595333333333"><ele>193.3</ele><time>2026-03-07T07:56:56Z</time></trkpt><trkpt lat="22.265315" lon="114.13597666666668"><ele>193.0</ele><time>2026-03-07T07:56:58Z</time></trkpt><trkpt lat="22.265301666666666" lon="114.13599"><ele>192.60000000000002</ele><time>2026-03-07T07:57:00Z</time></trkpt><trkpt lat="22.265285000000002" lon="114.13599833333335"><ele>192.70000000000002</ele><time>2026-03-07T07:57:02Z</time></trkpt><trkpt lat="22.265263333333337" lon="114.13601333333332"><ele>192.60000000000002</ele><time>2026-03-07T07:57:05Z</time></trkpt><trkpt lat="22.265246666666666" lon="114.13602166666666"><ele>192.0</ele><time>2026-03-07T07:57:07Z</time></trkpt><trkpt lat="22.26522166666667" lon="114.13603666666668"><ele>191.4</ele><time>2026-03-07T07:57:09Z</time></trkpt><trkpt lat="22.265203333333336" lon="114.13603666666668"><ele>190.70000000000002</ele><time>2026-03-07T07:57:11Z</time></trkpt><trkpt lat="22.265181666666663" lon="114.13605000000001"><ele>189.60000000000002</ele><time>2026-03-07T07:57:13Z</time></trkpt><trkpt lat="22.265168333333335" lon="114.13606499999999"><ele>189.10000000000002</ele><time>2026-03-07T07:57:14Z</time></trkpt><trkpt lat="22.265154999999996" lon="114.13607833333332"><ele>188.70000000000002</ele><time>2026-03-07T07:57:15Z</time></trkpt><trkpt lat="22.265143333333338" lon="114.13609333333333"><ele>188.3</ele><time>2026-03-07T07:57:16Z</time></trkpt><trkpt lat="22.265126666666667" lon="114.13611"><ele>187.3</ele><time>2026-03-07T07:57:18Z</time></trkpt><trkpt lat="22.265103333333332" lon="114.13612499999999"><ele>185.8</ele><time>2026-03-07T07:57:20Z</time></trkpt><trkpt lat="22.26508833333333" lon="114.13614166666666"><ele>184.5</ele><time>2026-03-07T07:57:22Z</time></trkpt><trkpt lat="22.265079999999998" lon="114.13617"><ele>183.10000000000002</ele><time>2026-03-07T07:57:24Z</time></trkpt><trkpt lat="22.265075000000003" lon="114.13619166666668"><ele>180.3</ele><time>2026-03-07T07:57:27Z</time></trkpt><trkpt lat="22.265081666666667" lon="114.13622"><ele>178.20000000000002</ele><time>2026-03-07T07:57:30Z</time></trkpt><trkpt lat="22.265098333333338" lon="114.13624"><ele>177.10000000000002</ele><time>2026-03-07T07:57:32Z</time></trkpt><trkpt lat="22.265114999999998" lon="114.13625666666667"><ele>176.60000000000002</ele><time>2026-03-07T07:57:34Z</time></trkpt><trkpt lat="22.265128333333337" lon="114.13627666666667"><ele>175.20000000000002</ele><time>2026-03-07T07:57:38Z</time></trkpt><trkpt lat="22.26513" lon="114.13629833333334"><ele>173.8</ele><time>2026-03-07T07:57:44Z</time></trkpt><trkpt lat="22.265111666666666" lon="114.13629833333334"><ele>173.20000000000002</ele><time>2026-03-07T07:57:47Z</time></trkpt><trkpt lat="22.265085" lon="114.13629166666666"><ele>172.4</ele><time>2026-03-07T07:57:49Z</time></trkpt><trkpt lat="22.26505666666667" lon="114.13627833333334"><ele>171.60000000000002</ele><time>2026-03-07T07:57:51Z</time></trkpt><trkpt lat="22.265034999999997" lon="114.13627"><ele>170.5</ele><time>2026-03-07T07:57:53Z</time></trkpt><trkpt lat="22.265016666666664" lon="114.13628166666668"><ele>166.60000000000002</ele><time>2026-03-07T07:57:59Z</time></trkpt><trkpt lat="22.265006666666668" lon="114.13630333333334"><ele>164.70000000000002</ele><time>2026-03-07T07:58:04Z</time></trkpt><trkpt lat="22.265003333333333" lon="114.13632333333335"><ele>164.3</ele><time>2026-03-07T07:58:07Z</time></trkpt><trkpt lat="22.264989999999997" lon="114.13634833333332"><ele>163.70000000000002</ele><time>2026-03-07T07:58:10Z</time></trkpt><trkpt lat="22.264976666666666" lon="114.136365"><ele>163.3</ele><time>2026-03-07T07:58:12Z</time></trkpt><trkpt lat="22.264955" lon="114.13636833333334"><ele>163.10000000000002</ele><time>2026-03-07T07:58:14Z</time></trkpt><trkpt lat="22.26495" lon="114.13634833333332"><ele>162.9</ele><time>2026-03-07T07:58:22Z</time></trkpt><trkpt lat="22.264923333333332" lon="114.13635833333335"><ele>162.5</ele><time>2026-03-07T07:58:34Z</time></trkpt><trkpt lat="22.264946666666667" lon="114.13635500000001"><ele>161.8</ele><time>2026-03-07T07:58:38Z</time></trkpt><trkpt lat="22.264973333333334" lon="114.13635333333335"><ele>161.9</ele><time>2026-03-07T07:58:40Z</time></trkpt><trkpt lat="22.264995" lon="114.13633833333333"><ele>162.3</ele><time>2026-03-07T07:58:42Z</time></trkpt><trkpt lat="22.265013333333332" lon="114.13632666666666"><ele>162.4</ele><time>2026-03-07T07:58:44Z</time></trkpt><trkpt lat="22.265038333333337" lon="114.136325"><ele>162.5</ele><time>2026-03-07T07:58:46Z</time></trkpt><trkpt lat="22.265058333333332" lon="114.13633999999999"><ele>162.70000000000002</ele><time>2026-03-07T07:58:48Z</time></trkpt><trkpt lat="22.265076666666666" lon="114.13636"><ele>162.60000000000002</ele><time>2026-03-07T07:58:50Z</time></trkpt><trkpt lat="22.26508833333333" lon="114.13637833333333"><ele>162.70000000000002</ele><time>2026-03-07T07:58:52Z</time></trkpt><trkpt lat="22.265120000000003" lon="114.13638"><ele>163.20000000000002</ele><time>2026-03-07T07:58:55Z</time></trkpt><trkpt lat="22.265139999999995" lon="114.13637500000002"><ele>163.5</ele><time>2026-03-07T07:58:56Z</time></trkpt><trkpt lat="22.265159999999998" lon="114.13637166666668"><ele>164.0</ele><time>2026-03-07T07:58:57Z</time></trkpt><trkpt lat="22.26519166666667" lon="114.13637833333333"><ele>165.0</ele><time>2026-03-07T07:58:59Z</time></trkpt><trkpt lat="22.265211666666666" lon="114.136385"><ele>165.60000000000002</ele><time>2026-03-07T07:59:01Z</time></trkpt><trkpt lat="22.265229999999995" lon="114.13639666666668"><ele>166.3</ele><time>2026-03-07T07:59:03Z</time></trkpt><trkpt lat="22.265251666666668" lon="114.13639666666668"><ele>166.8</ele><time>2026-03-07T07:59:05Z</time></trkpt><trkpt lat="22.265283333333333" lon="114.1364"><ele>167.0</ele><time>2026-03-07T07:59:07Z</time></trkpt><trkpt lat="22.265303333333335" lon="114.13639666666668"><ele>166.8</ele><time>2026-03-07T07:59:08Z</time></trkpt><trkpt lat="22.26532333333334" lon="114.13638666666665"><ele>166.70000000000002</ele><time>2026-03-07T07:59:10Z</time></trkpt><trkpt lat="22.26534333333333" lon="114.13638999999999"><ele>167.0</ele><time>2026-03-07T07:59:12Z</time></trkpt><trkpt lat="22.265364999999996" lon="114.136395"><ele>167.4</ele><time>2026-03-07T07:59:14Z</time></trkpt><trkpt lat="22.26538333333333" lon="114.13639166666665"><ele>167.5</ele><time>2026-03-07T07:59:16Z</time></trkpt><trkpt lat="22.265406666666664" lon="114.136395"><ele>167.20000000000002</ele><time>2026-03-07T07:59:18Z</time></trkpt><trkpt lat="22.265431666666668" lon="114.13640333333333"><ele>167.0</ele><time>2026-03-07T07:59:21Z</time></trkpt><trkpt lat="22.265451666666664" lon="114.136415"><ele>167.10000000000002</ele><time>2026-03-07T07:59:23Z</time></trkpt><trkpt lat="22.265476666666668" lon="114.13642333333334"><ele>167.20000000000002</ele><time>2026-03-07T07:59:25Z</time></trkpt><trkpt lat="22.265505" lon="114.13642999999999"><ele>167.10000000000002</ele><time>2026-03-07T07:59:27Z</time></trkpt><trkpt lat="22.265526666666666" lon="114.13643500000002"><ele>166.8</ele><time>2026-03-07T07:59:29Z</time></trkpt><trkpt lat="22.265544999999996" lon="114.13643666666667"><ele>166.60000000000002</ele><time>2026-03-07T07:59:32Z</time></trkpt><trkpt lat="22.26553" lon="114.13644833333335"><ele>166.0</ele><time>2026-03-07T07:59:38Z</time></trkpt><trkpt lat="22.265511666666665" lon="114.13647"><ele>165.70000000000002</ele><time>2026-03-07T07:59:40Z</time></trkpt><trkpt lat="22.26548833333333" lon="114.136475"><ele>165.5</ele><time>2026-03-07T07:59:41Z</time></trkpt><trkpt lat="22.26545666666667" lon="114.13648833333333"><ele>165.10000000000002</ele><time>2026-03-07T07:59:42Z</time></trkpt><trkpt lat="22.265431666666668" lon="114.13650166666666"><ele>165.0</ele><time>2026-03-07T07:59:43Z</time></trkpt><trkpt lat="22.26541166666667" lon="114.13651833333333"><ele>165.0</ele><time>2026-03-07T07:59:44Z</time></trkpt><trkpt lat="22.265394999999998" lon="114.13653833333335"><ele>165.0</ele><time>2026-03-07T07:59:45Z</time></trkpt><trkpt lat="22.265375000000002" lon="114.13655166666668"><ele>165.3</ele><time>2026-03-07T07:59:47Z</time></trkpt><trkpt lat="22.265364999999996" lon="114.136575"><ele>165.20000000000002</ele><time>2026-03-07T07:59:49Z</time></trkpt><trkpt lat="22.265386666666668" lon="114.13657166666665"><ele>164.8</ele><time>2026-03-07T07:59:53Z</time></trkpt><trkpt lat="22.265373333333333" lon="114.13658666666667"><ele>164.60000000000002</ele><time>2026-03-07T07:59:56Z</time></trkpt><trkpt lat="22.26535666666667" lon="114.136595"><ele>164.4</ele><time>2026-03-07T07:59:59Z</time></trkpt><trkpt lat="22.265319999999996" lon="114.13656166666667"><ele>164.3</ele><time>2026-03-07T08:00:03Z</time></trkpt><trkpt lat="22.26532333333334" lon="114.13652333333333"><ele>164.4</ele><time>2026-03-07T08:00:04Z</time></trkpt><trkpt lat="22.265325" lon="114.13649333333333"><ele>164.5</ele><time>2026-03-07T08:00:05Z</time></trkpt><trkpt lat="22.265331666666665" lon="114.13646666666666"><ele>164.60000000000002</ele><time>2026-03-07T08:00:06Z</time></trkpt><trkpt lat="22.265338333333336" lon="114.13642499999999"><ele>164.9</ele><time>2026-03-07T08:00:08Z</time></trkpt><trkpt lat="22.26536" lon="114.13641333333335"><ele>165.10000000000002</ele><time>2026-03-07T08:00:10Z</time></trkpt><trkpt lat="22.26538333333333" lon="114.13642333333334"><ele>165.10000000000002</ele><time>2026-03-07T08:00:11Z</time></trkpt><trkpt lat="22.26540333333333" lon="114.13642666666668"><ele>165.20000000000002</ele><time>2026-03-07T08:00:12Z</time></trkpt><trkpt lat="22.265421666666665" lon="114.13642333333334"><ele>165.4</ele><time>2026-03-07T08:00:13Z</time></trkpt><trkpt lat="22.265438333333336" lon="114.13640666666667"><ele>165.70000000000002</ele><time>2026-03-07T08:00:14Z</time></trkpt><trkpt lat="22.265454999999996" lon="114.13639666666668"><ele>166.0</ele><time>2026-03-07T08:00:15Z</time></trkpt><trkpt lat="22.26546" lon="114.13636666666667"><ele>166.60000000000002</ele><time>2026-03-07T08:00:17Z</time></trkpt><trkpt lat="22.265469999999997" lon="114.13633833333333"><ele>166.9</ele><time>2026-03-07T08:00:18Z</time></trkpt><trkpt lat="22.265486666666668" lon="114.136325"><ele>167.4</ele><time>2026-03-07T08:00:20Z</time></trkpt><trkpt lat="22.26550333333333" lon="114.13633666666668"><ele>168.5</ele><time>2026-03-07T08:00:26Z</time></trkpt><trkpt lat="22.26549" lon="114.13636166666666"><ele>168.8</ele><time>2026-03-07T08:00:28Z</time></trkpt><trkpt lat="22.265483333333336" lon="114.13638"><ele>169.0</ele><time>2026-03-07T08:00:29Z</time></trkpt><trkpt lat="22.265499999999996" lon="114.13639166666665"><ele>169.10000000000002</ele><time>2026-03-07T08:00:35Z</time></trkpt><trkpt lat="22.26551833333333" lon="114.13639666666668"><ele>168.9</ele><time>2026-03-07T08:00:38Z</time></trkpt><trkpt lat="22.265538333333332" lon="114.136385"><ele>168.8</ele><time>2026-03-07T08:00:40Z</time></trkpt><trkpt lat="22.26560833333333" lon="114.13641166666666"><ele>168.8</ele><time>2026-03-07T08:00:42Z</time></trkpt><trkpt lat="22.265634999999996" lon="114.13645"><ele>168.8</ele><time>2026-03-07T08:00:43Z</time></trkpt><trkpt lat="22.265633333333334" lon="114.13647"><ele>169.20000000000002</ele><time>2026-03-07T08:00:44Z</time></trkpt><trkpt lat="22.265606666666667" lon="114.13650166666666"><ele>170.8</ele><time>2026-03-07T08:00:45Z</time></trkpt><trkpt lat="22.26558166666667" lon="114.13652666666667"><ele>172.3</ele><time>2026-03-07T08:00:46Z</time></trkpt><trkpt lat="22.26556666666667" lon="114.13654833333334"><ele>173.5</ele><time>2026-03-07T08:00:47Z</time></trkpt><trkpt lat="22.265556666666665" lon="114.136565"><ele>174.5</ele><time>2026-03-07T08:00:50Z</time></trkpt><trkpt lat="22.26556833333333" lon="114.13654666666667"><ele>177.0</ele><time>2026-03-07T08:00:58Z</time></trkpt><trkpt lat="22.265543333333333" lon="114.13653666666666"><ele>178.10000000000002</ele><time>2026-03-07T08:01:01Z</time></trkpt><trkpt lat="22.26555166666667" lon="114.13656833333334"><ele>178.70000000000002</ele><time>2026-03-07T08:01:05Z</time></trkpt><trkpt lat="22.265558333333335" lon="114.13658833333332"><ele>178.60000000000002</ele><time>2026-03-07T08:01:07Z</time></trkpt><trkpt lat="22.26556333333333" lon="114.13660833333333"><ele>178.60000000000002</ele><time>2026-03-07T08:01:09Z</time></trkpt><trkpt lat="22.265573333333336" lon="114.13663333333334"><ele>178.3</ele><time>2026-03-07T08:01:12Z</time></trkpt><trkpt lat="22.265570000000004" lon="114.13665333333331"><ele>178.20000000000002</ele><time>2026-03-07T08:01:15Z</time></trkpt><trkpt lat="22.26556666666667" lon="114.13667833333332"><ele>177.70000000000002</ele><time>2026-03-07T08:01:17Z</time></trkpt><trkpt lat="22.26556666666667" lon="114.13669833333333"><ele>177.3</ele><time>2026-03-07T08:01:18Z</time></trkpt><trkpt lat="22.265565" lon="114.13672833333334"><ele>175.70000000000002</ele><time>2026-03-07T08:01:20Z</time></trkpt><trkpt lat="22.265571666666666" lon="114.136755"><ele>174.0</ele><time>2026-03-07T08:01:22Z</time></trkpt><trkpt lat="22.26558" lon="114.13678333333334"><ele>172.3</ele><time>2026-03-07T08:01:24Z</time></trkpt><trkpt lat="22.265586666666664" lon="114.13680666666666"><ele>170.3</ele><time>2026-03-07T08:01:26Z</time></trkpt><trkpt lat="22.265598333333333" lon="114.13683166666667"><ele>168.60000000000002</ele><time>2026-03-07T08:01:28Z</time></trkpt><trkpt lat="22.26561" lon="114.13685500000001"><ele>166.9</ele><time>2026-03-07T08:01:30Z</time></trkpt><trkpt lat="22.26563" lon="114.13687666666668"><ele>166.20000000000002</ele><time>2026-03-07T08:01:32Z</time></trkpt><trkpt lat="22.265643333333333" lon="114.13689666666666"><ele>165.9</ele><time>2026-03-07T08:01:34Z</time></trkpt><trkpt lat="22.26565833333333" lon="114.13692333333331"><ele>166.0</ele><time>2026-03-07T08:01:36Z</time></trkpt><trkpt lat="22.265665" lon="114.13694666666667"><ele>166.8</ele><time>2026-03-07T08:01:38Z</time></trkpt><trkpt lat="22.265675" lon="114.13696333333334"><ele>167.8</ele><time>2026-03-07T08:01:43Z</time></trkpt><trkpt lat="22.26568666666667" lon="114.13698666666666"><ele>168.0</ele><time>2026-03-07T08:01:46Z</time></trkpt><trkpt lat="22.265691666666665" lon="114.13700666666666"><ele>168.3</ele><time>2026-03-07T08:01:49Z</time></trkpt><trkpt lat="22.265679999999996" lon="114.13702666666669"><ele>168.4</ele><time>2026-03-07T08:02:11Z</time></trkpt></trkseg><trkseg><trkpt lat="22.2601591" lon="114.1368729"><ele>146.40000915527344</ele><time>2026-03-07T08:02:57.610Z</time></trkpt></trkseg><trkseg><trkpt lat="22.26568333333333" lon="114.13703166666667"><ele>168.5</ele><time>2026-03-07T08:02:58Z</time></trkpt><trkpt lat="22.26567" lon="114.13701"><ele>166.3</ele><time>2026-03-07T08:03:16Z</time></trkpt></trkseg><trkseg><trkpt lat="22.2602394" lon="114.1365617"><ele>144.10000610351562</ele><time>2026-03-07T08:03:16.297Z</time></trkpt></trkseg><trkseg><trkpt lat="22.26567" lon="114.13700166666668"><ele>166.4</ele><time>2026-03-07T08:03:17Z</time></trkpt><trkpt lat="22.265663333333336" lon="114.13698000000001"><ele>166.5</ele><time>2026-03-07T08:03:19Z</time></trkpt><trkpt lat="22.26565666666667" lon="114.13696"><ele>166.60000000000002</ele><time>2026-03-07T08:03:21Z</time></trkpt><trkpt lat="22.26564" lon="114.13694333333333"><ele>166.9</ele><time>2026-03-07T08:03:23Z</time></trkpt><trkpt lat="22.265631666666664" lon="114.136925"><ele>167.3</ele><time>2026-03-07T08:03:25Z</time></trkpt><trkpt lat="22.265625" lon="114.13690666666668"><ele>167.5</ele><time>2026-03-07T08:03:27Z</time></trkpt><trkpt lat="22.265618333333336" lon="114.13688500000002"><ele>167.60000000000002</ele><time>2026-03-07T08:03:29Z</time></trkpt><trkpt lat="22.26561166666667" lon="114.13686666666666"><ele>167.60000000000002</ele><time>2026-03-07T08:03:31Z</time></trkpt><trkpt lat="22.265600000000003" lon="114.13684666666668"><ele>166.4</ele><time>2026-03-07T08:03:34Z</time></trkpt><trkpt lat="22.26559666666667" lon="114.13681999999999"><ele>165.20000000000002</ele><time>2026-03-07T08:03:37Z</time></trkpt><trkpt lat="22.265588333333334" lon="114.13679833333332"><ele>163.8</ele><time>2026-03-07T08:03:40Z</time></trkpt><trkpt lat="22.265586666666664" lon="114.13677166666666"><ele>163.3</ele><time>2026-03-07T08:03:42Z</time></trkpt><trkpt lat="22.265570000000004" lon="114.13676"><ele>162.8</ele><time>2026-03-07T08:03:45Z</time></trkpt><trkpt lat="22.265553333333333" lon="114.13674833333334"><ele>162.60000000000002</ele><time>2026-03-07T08:03:47Z</time></trkpt><trkpt lat="22.26555" lon="114.13671333333332"><ele>162.5</ele><time>2026-03-07T08:03:49Z</time></trkpt><trkpt lat="22.26555" lon="114.13668833333334"><ele>162.8</ele><time>2026-03-07T08:03:51Z</time></trkpt><trkpt lat="22.265544999999996" lon="114.136665"><ele>164.10000000000002</ele><time>2026-03-07T08:03:54Z</time></trkpt><trkpt lat="22.265543333333333" lon="114.13664166666668"><ele>165.0</ele><time>2026-03-07T08:03:56Z</time></trkpt><trkpt lat="22.265538333333332" lon="114.13661500000002"><ele>165.9</ele><time>2026-03-07T08:03:58Z</time></trkpt><trkpt lat="22.265541666666664" lon="114.13659166666666"><ele>166.3</ele><time>2026-03-07T08:03:59Z</time></trkpt><trkpt lat="22.265538333333332" lon="114.136565"><ele>166.5</ele><time>2026-03-07T08:04:00Z</time></trkpt><trkpt lat="22.26553666666667" lon="114.13654333333334"><ele>167.0</ele><time>2026-03-07T08:04:01Z</time></trkpt><trkpt lat="22.265543333333333" lon="114.13651999999999"><ele>168.0</ele><time>2026-03-07T08:04:03Z</time></trkpt><trkpt lat="22.26554666666667" lon="114.13650000000001"><ele>169.9</ele><time>2026-03-07T08:04:06Z</time></trkpt><trkpt lat="22.265541666666664" lon="114.13647666666665"><ele>170.4</ele><time>2026-03-07T08:04:08Z</time></trkpt><trkpt lat="22.265528333333336" lon="114.13645333333334"><ele>171.10000000000002</ele><time>2026-03-07T08:04:10Z</time></trkpt><trkpt lat="22.265514999999997" lon="114.13643833333332"><ele>171.70000000000002</ele><time>2026-03-07T08:04:12Z</time></trkpt><trkpt lat="22.265495" lon="114.13642833333333"><ele>172.4</ele><time>2026-03-07T08:04:14Z</time></trkpt><trkpt lat="22.265468333333335" lon="114.13642833333333"><ele>173.20000000000002</ele><time>2026-03-07T08:04:16Z</time></trkpt><trkpt lat="22.265441666666668" lon="114.13643166666667"><ele>173.9</ele><time>2026-03-07T08:04:18Z</time></trkpt><trkpt lat="22.26541166666667" lon="114.13642833333333"><ele>174.4</ele><time>2026-03-07T08:04:20Z</time></trkpt><trkpt lat="22.265385" lon="114.13642333333334"><ele>174.8</ele><time>2026-03-07T08:04:22Z</time></trkpt><trkpt lat="22.26535666666667" lon="114.13642666666668"><ele>175.5</ele><time>2026-03-07T08:04:24Z</time></trkpt><trkpt lat="22.265331666666665" lon="114.13643166666667"><ele>175.9</ele><time>2026-03-07T08:04:26Z</time></trkpt><trkpt lat="22.26531166666667" lon="114.13642999999999"><ele>176.20000000000002</ele><time>2026-03-07T08:04:28Z</time></trkpt><trkpt lat="22.265291666666666" lon="114.13643333333333"><ele>176.5</ele><time>2026-03-07T08:04:31Z</time></trkpt><trkpt lat="22.26527" lon="114.13643666666667"><ele>176.70000000000002</ele><time>2026-03-07T08:04:33Z</time></trkpt><trkpt lat="22.265244999999997" lon="114.13643666666667"><ele>177.10000000000002</ele><time>2026-03-07T08:04:35Z</time></trkpt><trkpt lat="22.265218333333337" lon="114.13642833333333"><ele>177.4</ele><time>2026-03-07T08:04:37Z</time></trkpt><trkpt lat="22.265188333333338" lon="114.13642666666668"><ele>177.60000000000002</ele><time>2026-03-07T08:04:39Z</time></trkpt><trkpt lat="22.265159999999998" lon="114.13643166666667"><ele>177.8</ele><time>2026-03-07T08:04:41Z</time></trkpt><trkpt lat="22.265139999999995" lon="114.13642999999999"><ele>178.0</ele><time>2026-03-07T08:04:43Z</time></trkpt><trkpt lat="22.265114999999998" lon="114.13642833333333"><ele>178.10000000000002</ele><time>2026-03-07T08:04:45Z</time></trkpt><trkpt lat="22.26508666666667" lon="114.136415"><ele>178.0</ele><time>2026-03-07T08:04:47Z</time></trkpt><trkpt lat="22.265053333333338" lon="114.13640333333333"><ele>177.9</ele><time>2026-03-07T08:04:49Z</time></trkpt><trkpt lat="22.265019999999996" lon="114.1364"><ele>177.70000000000002</ele><time>2026-03-07T08:04:51Z</time></trkpt><trkpt lat="22.264995" lon="114.1364"><ele>177.3</ele><time>2026-03-07T08:04:53Z</time></trkpt><trkpt lat="22.264968333333332" lon="114.1364"><ele>175.4</ele><time>2026-03-07T08:04:58Z</time></trkpt><trkpt lat="22.264934999999998" lon="114.13639666666668"><ele>174.9</ele><time>2026-03-07T08:05:00Z</time></trkpt><trkpt lat="22.264903333333336" lon="114.13639833333333"><ele>173.20000000000002</ele><time>2026-03-07T08:05:02Z</time></trkpt><trkpt lat="22.264875" lon="114.13639666666668"><ele>171.5</ele><time>2026-03-07T08:05:04Z</time></trkpt><trkpt lat="22.264843333333335" lon="114.13638166666667"><ele>169.70000000000002</ele><time>2026-03-07T08:05:06Z</time></trkpt><trkpt lat="22.264813333333336" lon="114.13637166666668"><ele>167.9</ele><time>2026-03-07T08:05:08Z</time></trkpt><trkpt lat="22.264783333333337" lon="114.13637333333332"><ele>166.20000000000002</ele><time>2026-03-07T08:05:10Z</time></trkpt><trkpt lat="22.264754999999997" lon="114.13637333333332"><ele>164.60000000000002</ele><time>2026-03-07T08:05:12Z</time></trkpt><trkpt lat="22.26472833333333" lon="114.13636666666667"><ele>163.4</ele><time>2026-03-07T08:05:14Z</time></trkpt><trkpt lat="22.264703333333333" lon="114.13636"><ele>162.20000000000002</ele><time>2026-03-07T08:05:16Z</time></trkpt><trkpt lat="22.26468333333333" lon="114.13635166666667"><ele>161.20000000000002</ele><time>2026-03-07T08:05:18Z</time></trkpt><trkpt lat="22.264661666666665" lon="114.13634666666667"><ele>160.70000000000002</ele><time>2026-03-07T08:05:20Z</time></trkpt><trkpt lat="22.264636666666668" lon="114.13634166666667"><ele>160.20000000000002</ele><time>2026-03-07T08:05:22Z</time></trkpt><trkpt lat="22.264613333333333" lon="114.13633833333333"><ele>159.8</ele><time>2026-03-07T08:05:24Z</time></trkpt><trkpt lat="22.26459" lon="114.13633999999999"><ele>159.4</ele><time>2026-03-07T08:05:26Z</time></trkpt><trkpt lat="22.264565" lon="114.13634166666667"><ele>159.20000000000002</ele><time>2026-03-07T08:05:28Z</time></trkpt><trkpt lat="22.264536666666665" lon="114.13633499999999"><ele>159.10000000000002</ele><time>2026-03-07T08:05:30Z</time></trkpt><trkpt lat="22.264510000000005" lon="114.13632833333334"><ele>158.60000000000002</ele><time>2026-03-07T08:05:32Z</time></trkpt><trkpt lat="22.264484999999997" lon="114.13631500000001"><ele>158.0</ele><time>2026-03-07T08:05:34Z</time></trkpt><trkpt lat="22.26446" lon="114.13630166666665"><ele>157.5</ele><time>2026-03-07T08:05:36Z</time></trkpt><trkpt lat="22.264436666666665" lon="114.13629166666666"><ele>157.10000000000002</ele><time>2026-03-07T08:05:38Z</time></trkpt><trkpt lat="22.264415" lon="114.136275"><ele>156.9</ele><time>2026-03-07T08:05:40Z</time></trkpt><trkpt lat="22.264393333333334" lon="114.13626333333335"><ele>156.70000000000002</ele><time>2026-03-07T08:05:43Z</time></trkpt><trkpt lat="22.26437" lon="114.13626166666667"><ele>159.0</ele><time>2026-03-07T08:05:49Z</time></trkpt><trkpt lat="22.264348333333334" lon="114.13625833333332"><ele>160.0</ele><time>2026-03-07T08:05:51Z</time></trkpt><trkpt lat="22.264326666666662" lon="114.13625166666667"><ele>160.4</ele><time>2026-03-07T08:05:53Z</time></trkpt><trkpt lat="22.264298333333333" lon="114.13624333333334"><ele>161.60000000000002</ele><time>2026-03-07T08:05:56Z</time></trkpt><trkpt lat="22.26428" lon="114.13623000000001"><ele>162.20000000000002</ele><time>2026-03-07T08:05:58Z</time></trkpt><trkpt lat="22.264268333333334" lon="114.13621166666665"><ele>162.8</ele><time>2026-03-07T08:06:01Z</time></trkpt><trkpt lat="22.26425" lon="114.13619833333333"><ele>163.0</ele><time>2026-03-07T08:06:03Z</time></trkpt><trkpt lat="22.264225000000003" lon="114.13618"><ele>162.9</ele><time>2026-03-07T08:06:05Z</time></trkpt><trkpt lat="22.26420333333333" lon="114.13616333333333"><ele>162.3</ele><time>2026-03-07T08:06:07Z</time></trkpt><trkpt lat="22.264180000000003" lon="114.13614166666666"><ele>161.3</ele><time>2026-03-07T08:06:09Z</time></trkpt><trkpt lat="22.26416" lon="114.13611333333334"><ele>160.20000000000002</ele><time>2026-03-07T08:06:11Z</time></trkpt><trkpt lat="22.26414666666667" lon="114.13609166666666"><ele>159.5</ele><time>2026-03-07T08:06:13Z</time></trkpt><trkpt lat="22.264121666666664" lon="114.13608"><ele>159.10000000000002</ele><time>2026-03-07T08:06:16Z</time></trkpt><trkpt lat="22.264093333333335" lon="114.13607333333333"><ele>158.9</ele><time>2026-03-07T08:06:18Z</time></trkpt><trkpt lat="22.26407166666667" lon="114.13606833333333"><ele>159.3</ele><time>2026-03-07T08:06:20Z</time></trkpt><trkpt lat="22.264051666666667" lon="114.13606"><ele>160.0</ele><time>2026-03-07T08:06:22Z</time></trkpt><trkpt lat="22.264036666666666" lon="114.13604333333333"><ele>159.70000000000002</ele><time>2026-03-07T08:06:26Z</time></trkpt><trkpt lat="22.26402333333333" lon="114.13602999999999"><ele>159.0</ele><time>2026-03-07T08:06:28Z</time></trkpt><trkpt lat="22.26401" lon="114.13601166666668"><ele>158.10000000000002</ele><time>2026-03-07T08:06:30Z</time></trkpt><trkpt lat="22.263993333333328" lon="114.13599"><ele>157.70000000000002</ele><time>2026-03-07T08:06:32Z</time></trkpt><trkpt lat="22.263971666666666" lon="114.13597333333334"><ele>157.5</ele><time>2026-03-07T08:06:34Z</time></trkpt><trkpt lat="22.263953333333333" lon="114.13596333333335"><ele>157.8</ele><time>2026-03-07T08:06:36Z</time></trkpt><trkpt lat="22.26393333333333" lon="114.13594666666668"><ele>158.3</ele><time>2026-03-07T08:06:38Z</time></trkpt><trkpt lat="22.26390666666667" lon="114.13593333333334"><ele>158.60000000000002</ele><time>2026-03-07T08:06:40Z</time></trkpt><trkpt lat="22.263885" lon="114.13591333333333"><ele>159.10000000000002</ele><time>2026-03-07T08:06:42Z</time></trkpt><trkpt lat="22.263871666666667" lon="114.13589500000002"><ele>159.70000000000002</ele><time>2026-03-07T08:06:44Z</time></trkpt><trkpt lat="22.263856666666666" lon="114.13587333333335"><ele>160.4</ele><time>2026-03-07T08:06:46Z</time></trkpt><trkpt lat="22.263835000000004" lon="114.13585666666668"><ele>160.9</ele><time>2026-03-07T08:06:48Z</time></trkpt><trkpt lat="22.26381666666667" lon="114.13584"><ele>161.10000000000002</ele><time>2026-03-07T08:06:50Z</time></trkpt><trkpt lat="22.263793333333336" lon="114.13582166666666"><ele>161.20000000000002</ele><time>2026-03-07T08:06:52Z</time></trkpt><trkpt lat="22.263775000000003" lon="114.13580500000002"><ele>161.10000000000002</ele><time>2026-03-07T08:06:54Z</time></trkpt><trkpt lat="22.263753333333337" lon="114.13579333333334"><ele>160.9</ele><time>2026-03-07T08:06:56Z</time></trkpt><trkpt lat="22.263721666666665" lon="114.13578000000001"><ele>161.10000000000002</ele><time>2026-03-07T08:06:58Z</time></trkpt><trkpt lat="22.263701666666666" lon="114.13577500000001"><ele>161.3</ele><time>2026-03-07T08:06:59Z</time></trkpt><trkpt lat="22.263683333333333" lon="114.13577166666667"><ele>161.60000000000002</ele><time>2026-03-07T08:07:00Z</time></trkpt><trkpt lat="22.263665" lon="114.13576166666665"><ele>162.0</ele><time>2026-03-07T08:07:01Z</time></trkpt><trkpt lat="22.263646666666666" lon="114.13574666666666"><ele>162.20000000000002</ele><time>2026-03-07T08:07:02Z</time></trkpt><trkpt lat="22.263629999999996" lon="114.13573666666667"><ele>162.5</ele><time>2026-03-07T08:07:03Z</time></trkpt><trkpt lat="22.263613333333335" lon="114.13572666666666"><ele>162.9</ele><time>2026-03-07T08:07:04Z</time></trkpt><trkpt lat="22.263588333333338" lon="114.13570999999999"><ele>163.60000000000002</ele><time>2026-03-07T08:07:06Z</time></trkpt><trkpt lat="22.263568333333335" lon="114.135695"><ele>164.0</ele><time>2026-03-07T08:07:08Z</time></trkpt><trkpt lat="22.263548333333333" lon="114.13568500000001"><ele>163.9</ele><time>2026-03-07T08:07:10Z</time></trkpt><trkpt lat="22.263523333333335" lon="114.13567499999999"><ele>163.8</ele><time>2026-03-07T08:07:12Z</time></trkpt><trkpt lat="22.263505000000002" lon="114.13565500000001"><ele>164.10000000000002</ele><time>2026-03-07T08:07:14Z</time></trkpt><trkpt lat="22.26348666666667" lon="114.13563333333335"><ele>164.10000000000002</ele><time>2026-03-07T08:07:16Z</time></trkpt><trkpt lat="22.263464999999997" lon="114.13561666666668"><ele>164.10000000000002</ele><time>2026-03-07T08:07:18Z</time></trkpt><trkpt lat="22.263436666666667" lon="114.13560166666666"><ele>164.70000000000002</ele><time>2026-03-07T08:07:20Z</time></trkpt><trkpt lat="22.26341" lon="114.13557999999999"><ele>165.5</ele><time>2026-03-07T08:07:22Z</time></trkpt><trkpt lat="22.26339666666667" lon="114.13556666666666"><ele>165.8</ele><time>2026-03-07T08:07:23Z</time></trkpt><trkpt lat="22.263368333333332" lon="114.13554333333335"><ele>166.60000000000002</ele><time>2026-03-07T08:07:25Z</time></trkpt><trkpt lat="22.263344999999997" lon="114.13552166666665"><ele>167.10000000000002</ele><time>2026-03-07T08:07:27Z</time></trkpt><trkpt lat="22.263314999999995" lon="114.135515"><ele>167.60000000000002</ele><time>2026-03-07T08:07:29Z</time></trkpt><trkpt lat="22.26329333333333" lon="114.13551333333335"><ele>168.20000000000002</ele><time>2026-03-07T08:07:31Z</time></trkpt><trkpt lat="22.263275" lon="114.1355"><ele>168.5</ele><time>2026-03-07T08:07:33Z</time></trkpt><trkpt lat="22.263258333333336" lon="114.135485"><ele>168.4</ele><time>2026-03-07T08:07:35Z</time></trkpt><trkpt lat="22.26323166666667" lon="114.13547833333332"><ele>168.3</ele><time>2026-03-07T08:07:38Z</time></trkpt><trkpt lat="22.263206666666665" lon="114.13547333333332"><ele>168.0</ele><time>2026-03-07T08:07:40Z</time></trkpt><trkpt lat="22.263185" lon="114.13547333333332"><ele>167.8</ele><time>2026-03-07T08:07:42Z</time></trkpt><trkpt lat="22.26315833333333" lon="114.135465"><ele>167.4</ele><time>2026-03-07T08:07:44Z</time></trkpt><trkpt lat="22.26314" lon="114.13546333333333"><ele>166.8</ele><time>2026-03-07T08:07:45Z</time></trkpt><trkpt lat="22.263121666666667" lon="114.13546166666666"><ele>166.10000000000002</ele><time>2026-03-07T08:07:46Z</time></trkpt><trkpt lat="22.263101666666664" lon="114.13545500000001"><ele>165.70000000000002</ele><time>2026-03-07T08:07:47Z</time></trkpt><trkpt lat="22.263073333333335" lon="114.13544833333331"><ele>165.10000000000002</ele><time>2026-03-07T08:07:49Z</time></trkpt><trkpt lat="22.263048333333337" lon="114.13543999999999"><ele>164.60000000000002</ele><time>2026-03-07T08:07:51Z</time></trkpt><trkpt lat="22.263028333333335" lon="114.13542666666666"><ele>163.3</ele><time>2026-03-07T08:07:53Z</time></trkpt><trkpt lat="22.263003333333337" lon="114.13541833333332"><ele>162.3</ele><time>2026-03-07T08:07:55Z</time></trkpt><trkpt lat="22.26297833333333" lon="114.13540499999999"><ele>161.5</ele><time>2026-03-07T08:07:57Z</time></trkpt><trkpt lat="22.262955" lon="114.13539333333334"><ele>160.20000000000002</ele><time>2026-03-07T08:07:59Z</time></trkpt><trkpt lat="22.262929999999997" lon="114.13538666666666"><ele>159.0</ele><time>2026-03-07T08:08:01Z</time></trkpt><trkpt lat="22.262905" lon="114.13537666666667"><ele>158.0</ele><time>2026-03-07T08:08:03Z</time></trkpt><trkpt lat="22.262884999999997" lon="114.13536333333334"><ele>157.5</ele><time>2026-03-07T08:08:05Z</time></trkpt><trkpt lat="22.262876666666664" lon="114.13534166666668"><ele>156.9</ele><time>2026-03-07T08:08:07Z</time></trkpt><trkpt lat="22.262876666666664" lon="114.13531333333334"><ele>156.0</ele><time>2026-03-07T08:08:09Z</time></trkpt><trkpt lat="22.262884999999997" lon="114.13529166666667"><ele>155.3</ele><time>2026-03-07T08:08:11Z</time></trkpt><trkpt lat="22.262896666666666" lon="114.13527666666666"><ele>155.20000000000002</ele><time>2026-03-07T08:08:13Z</time></trkpt><trkpt lat="22.262881666666665" lon="114.13526166666666"><ele>156.9</ele><time>2026-03-07T08:08:19Z</time></trkpt><trkpt lat="22.262875" lon="114.13524166666666"><ele>158.8</ele><time>2026-03-07T08:08:23Z</time></trkpt><trkpt lat="22.262850000000004" lon="114.13523333333333"><ele>162.60000000000002</ele><time>2026-03-07T08:08:49Z</time></trkpt><trkpt lat="22.262831666666663" lon="114.13521833333334"><ele>162.10000000000002</ele><time>2026-03-07T08:08:51Z</time></trkpt><trkpt lat="22.262818333333332" lon="114.13519"><ele>161.5</ele><time>2026-03-07T08:08:53Z</time></trkpt><trkpt lat="22.262811666666668" lon="114.13516333333334"><ele>160.70000000000002</ele><time>2026-03-07T08:08:55Z</time></trkpt><trkpt lat="22.262811666666668" lon="114.13513666666668"><ele>159.9</ele><time>2026-03-07T08:08:57Z</time></trkpt><trkpt lat="22.262811666666668" lon="114.13511333333332"><ele>159.10000000000002</ele><time>2026-03-07T08:08:59Z</time></trkpt><trkpt lat="22.262808333333336" lon="114.13509166666667"><ele>158.5</ele><time>2026-03-07T08:09:01Z</time></trkpt><trkpt lat="22.262821666666664" lon="114.13506833333334"><ele>158.60000000000002</ele><time>2026-03-07T08:09:05Z</time></trkpt><trkpt lat="22.262835000000003" lon="114.13505166666667"><ele>159.3</ele><time>2026-03-07T08:09:09Z</time></trkpt><trkpt lat="22.262848333333334" lon="114.13503"><ele>158.4</ele><time>2026-03-07T08:09:13Z</time></trkpt><trkpt lat="22.262855" lon="114.13501166666668"><ele>157.10000000000002</ele><time>2026-03-07T08:09:14Z</time></trkpt><trkpt lat="22.26285833333333" lon="114.13498999999999"><ele>155.3</ele><time>2026-03-07T08:09:15Z</time></trkpt><trkpt lat="22.262868333333337" lon="114.13495833333333"><ele>151.3</ele><time>2026-03-07T08:09:17Z</time></trkpt><trkpt lat="22.262895000000004" lon="114.13494999999999"><ele>150.0</ele><time>2026-03-07T08:09:20Z</time></trkpt><trkpt lat="22.26291833333333" lon="114.13493833333332"><ele>149.5</ele><time>2026-03-07T08:09:22Z</time></trkpt><trkpt lat="22.26293333333333" lon="114.134915"><ele>147.5</ele><time>2026-03-07T08:09:24Z</time></trkpt><trkpt lat="22.262946666666668" lon="114.13489166666668"><ele>144.70000000000002</ele><time>2026-03-07T08:09:28Z</time></trkpt><trkpt lat="22.26296333333333" lon="114.13490166666666"><ele>142.70000000000002</ele><time>2026-03-07T08:09:34Z</time></trkpt><trkpt lat="22.26296166666667" lon="114.134925"><ele>142.5</ele><time>2026-03-07T08:09:38Z</time></trkpt><trkpt lat="22.262996666666663" lon="114.13487500000001"><ele>144.20000000000002</ele><time>2026-03-07T08:09:51Z</time></trkpt><trkpt lat="22.263021666666667" lon="114.13485999999999"><ele>144.20000000000002</ele><time>2026-03-07T08:09:52Z</time></trkpt><trkpt lat="22.26305166666667" lon="114.13483666666667"><ele>144.4</ele><time>2026-03-07T08:09:53Z</time></trkpt><trkpt lat="22.263081666666668" lon="114.13480833333332"><ele>144.4</ele><time>2026-03-07T08:09:54Z</time></trkpt><trkpt lat="22.263123333333336" lon="114.13476"><ele>144.20000000000002</ele><time>2026-03-07T08:09:55Z</time></trkpt><trkpt lat="22.26317" lon="114.13471"><ele>144.0</ele><time>2026-03-07T08:09:56Z</time></trkpt><trkpt lat="22.26321666666667" lon="114.13465"><ele>144.20000000000002</ele><time>2026-03-07T08:09:57Z</time></trkpt><trkpt lat="22.263268333333333" lon="114.13458333333334"><ele>144.60000000000002</ele><time>2026-03-07T08:09:58Z</time></trkpt><trkpt lat="22.263313333333333" lon="114.13453"><ele>144.4</ele><time>2026-03-07T08:09:59Z</time></trkpt><trkpt lat="22.263356666666663" lon="114.13447666666667"><ele>144.4</ele><time>2026-03-07T08:10:00Z</time></trkpt><trkpt lat="22.26339666666667" lon="114.13442500000001"><ele>144.4</ele><time>2026-03-07T08:10:01Z</time></trkpt></trkseg></trk></gpx>