<?xml version='1.0' encoding='UTF-8' ?><gpx version="1.1" creator="HikingTrailHK" xsi:schemaLocation="http://www.topografix.com/GPX/1/1 http://www.topografix.com/GPX/1/1/gpx.xsd" xmlns="http://www.topografix.com/GPX/1/1" xmlns:xsi="http://www.w3.org/2001/XMLSchema-instance"><metadata><name>我的轨迹 @ 2022-09-03 09:36:46</name><desc></desc></metadata><trk><trkseg><trkpt lat="22.248897525976936" lon="113.94264446806102"><ele>326.20245249476284</ele><time>2022-09-03T01:36:46.400Z</time></trkpt><trkpt lat="22.248887410068495" lon="113.94266188484173"><ele>324.21302467025816</ele><time>2022-09-03T01:36:48Z</time></trkpt><trkpt lat="22.24887255321279" lon="113.942679150642"><ele>323.73643665667623</ele><time>2022-09-03T01:36:53Z</time></trkpt><trkpt lat="22.24885128611983" lon="113.94268769892716"><ele>327.0940984478826</ele><time>2022-09-03T01:36:55Z</time></trkpt><trkpt lat="22.248831213315484" lon="113.94269449248948"><ele>325.6365132677202</ele><time>2022-09-03T01:36:58Z</time></trkpt><trkpt lat="22.24881327260543" lon="113.9427059670597"><ele>325.0999275993216</ele><time>2022-09-03T01:36:59Z</time></trkpt><trkpt lat="22.24878707297507" lon="113.94271636867"><ele>323.96784085056294</ele><time>2022-09-03T01:37:01Z</time></trkpt><trkpt lat="22.24875437364614" lon="113.94272571034848"><ele>323.8384323237651</ele><time>2022-09-03T01:37:03Z</time></trkpt><trkpt lat="22.248723284522427" lon="113.94273450001214"><ele>322.8838019259746</ele><time>2022-09-03T01:37:05Z</time></trkpt><trkpt lat="22.248699179496857" lon="113.94274557486203"><ele>322.4700725624865</ele><time>2022-09-03T01:37:07Z</time></trkpt><trkpt lat="22.248676379624076" lon="113.94275692290392"><ele>322.15314134858306</ele><time>2022-09-03T01:37:09Z</time></trkpt><trkpt lat="22.248659809932388" lon="113.94277287548263"><ele>322.1093189497273</ele><time>2022-09-03T01:37:11Z</time></trkpt><trkpt lat="22.248642327998922" lon="113.9427953554587"><ele>321.7533211702206</ele><time>2022-09-03T01:37:13Z</time></trkpt><trkpt lat="22.24863435696186" lon="113.94283195342356"><ele>321.42531978187503</ele><time>2022-09-03T01:37:15Z</time></trkpt><trkpt lat="22.248621203167254" lon="113.94284769113887"><ele>320.7101459640482</ele><time>2022-09-03T01:37:17Z</time></trkpt><trkpt lat="22.248601270596456" lon="113.9428583625207"><ele>320.4624427696492</ele><time>2022-09-03T01:37:19Z</time></trkpt><trkpt lat="22.24857776929173" lon="113.94288122504771"><ele>320.872069438684</ele><time>2022-09-03T01:37:21Z</time></trkpt><trkpt lat="22.248550905616714" lon="113.94289604025526"><ele>321.57587162078755</ele><time>2022-09-03T01:37:23Z</time></trkpt><trkpt lat="22.248532735915557" lon="113.94289887051032"><ele>321.67978773293714</ele><time>2022-09-03T01:37:24Z</time></trkpt><trkpt lat="22.248504870697463" lon="113.94290569511777"><ele>322.1656819462007</ele><time>2022-09-03T01:37:26Z</time></trkpt><trkpt lat="22.248481538941157" lon="113.94291535450833"><ele>322.9358488078684</ele><time>2022-09-03T01:37:28Z</time></trkpt><trkpt lat="22.248461194208772" lon="113.94292997640368"><ele>323.5511018559891</ele><time>2022-09-03T01:37:30Z</time></trkpt><trkpt lat="22.248442676904446" lon="113.9429490857295"><ele>323.95953212612466</ele><time>2022-09-03T01:37:32Z</time></trkpt><trkpt lat="22.248425374815273" lon="113.94296983975791"><ele>324.32011433887465</ele><time>2022-09-03T01:37:34Z</time></trkpt><trkpt lat="22.248410808885623" lon="113.94299232247499"><ele>324.4773702317629</ele><time>2022-09-03T01:37:36Z</time></trkpt><trkpt lat="22.248393760446746" lon="113.94301448580005"><ele>324.29124657533714</ele><time>2022-09-03T01:37:38Z</time></trkpt><trkpt lat="22.248370786392588" lon="113.94303242148443"><ele>323.91702236283936</ele><time>2022-09-03T01:37:40Z</time></trkpt><trkpt lat="22.24834720439349" lon="113.94305847508116"><ele>323.7314916536877</ele><time>2022-09-03T01:37:42Z</time></trkpt><trkpt lat="22.24833679951642" lon="113.94307535914236"><ele>323.5702064768075</ele><time>2022-09-03T01:37:43Z</time></trkpt><trkpt lat="22.24831577508032" lon="113.94309911919876"><ele>323.3314450048632</ele><time>2022-09-03T01:37:45Z</time></trkpt><trkpt lat="22.24829705013047" lon="113.94312784430481"><ele>323.24482536025715</ele><time>2022-09-03T01:37:47Z</time></trkpt><trkpt lat="22.24827751797636" lon="113.94315325018619"><ele>322.66329571568025</ele><time>2022-09-03T01:37:49Z</time></trkpt><trkpt lat="22.24826420734201" lon="113.94317698274166"><ele>322.4424995983202</ele><time>2022-09-03T01:37:51Z</time></trkpt><trkpt lat="22.24825374117956" lon="113.943199548524"><ele>322.3608173520873</ele><time>2022-09-03T01:37:53Z</time></trkpt><trkpt lat="22.24824273684053" lon="113.943220646887"><ele>322.23492740570623</ele><time>2022-09-03T01:37:55Z</time></trkpt><trkpt lat="22.248226259863323" lon="113.94323752764134"><ele>322.30683143943617</ele><time>2022-09-03T01:37:57Z</time></trkpt><trkpt lat="22.24820672057905" lon="113.94325396015903"><ele>322.54631422666404</ele><time>2022-09-03T01:37:59Z</time></trkpt><trkpt lat="22.248222311056555" lon="113.94326643040127"><ele>322.74515014153394</ele><time>2022-09-03T01:38:07Z</time></trkpt><trkpt lat="22.248248532510893" lon="113.94326146228211"><ele>323.27191515171387</ele><time>2022-09-03T01:38:09Z</time></trkpt><trkpt lat="22.24826107961291" lon="113.94327555085728"><ele>322.6530783895076</ele><time>2022-09-03T01:38:18Z</time></trkpt><trkpt lat="22.24827937194892" lon="113.94327191806948"><ele>323.7234064775243</ele><time>2022-09-03T01:38:22Z</time></trkpt><trkpt lat="22.248287340706153" lon="113.94324685950805"><ele>323.9053457064385</ele><time>2022-09-03T01:38:25Z</time></trkpt><trkpt lat="22.2482995059612" lon="113.94322835823513"><ele>323.92214955153423</ele><time>2022-09-03T01:38:28Z</time></trkpt><trkpt lat="22.248316647459205" lon="113.94321317267026"><ele>323.85919320655864</ele><time>2022-09-03T01:38:31Z</time></trkpt><trkpt lat="22.248332254325607" lon="113.94320230644108"><ele>323.8170741609032</ele><time>2022-09-03T01:38:33Z</time></trkpt><trkpt lat="22.24833670634298" lon="113.94317945482322"><ele>324.62125060708775</ele><time>2022-09-03T01:38:44Z</time></trkpt><trkpt lat="22.248351545677334" lon="113.9431652806762"><ele>326.63692953040174</ele><time>2022-09-03T01:38:46Z</time></trkpt><trkpt lat="22.248370890660016" lon="113.94314651835525"><ele>327.5100364924533</ele><time>2022-09-03T01:38:48Z</time></trkpt><trkpt lat="22.2483885541207" lon="113.94313396973358"><ele>327.54983778424315</ele><time>2022-09-03T01:38:50Z</time></trkpt><trkpt lat="22.248407531699836" lon="113.94313448124463"><ele>327.66505009938186</ele><time>2022-09-03T01:38:53Z</time></trkpt><trkpt lat="22.248417536265045" lon="113.94316002321843"><ele>328.75264715824557</ele><time>2022-09-03T01:38:54Z</time></trkpt><trkpt lat="22.248424558681016" lon="113.94317806053645"><ele>329.2090080771455</ele><time>2022-09-03T01:39:04Z</time></trkpt><trkpt lat="22.24844568806731" lon="113.94319333547317"><ele>329.6703580944886</ele><time>2022-09-03T01:39:07Z</time></trkpt><trkpt lat="22.24846486400429" lon="113.94319957370607"><ele>329.80257164002774</ele><time>2022-09-03T01:39:09Z</time></trkpt><trkpt lat="22.24847735720883" lon="113.94318093364328"><ele>330.05338790214654</ele><time>2022-09-03T01:39:12Z</time></trkpt><trkpt lat="22.248479026281093" lon="113.94315876185087"><ele>330.3239806390533</ele><time>2022-09-03T01:39:13Z</time></trkpt><trkpt lat="22.24848492855937" lon="113.94312894694174"><ele>330.75066181396244</ele><time>2022-09-03T01:39:15Z</time></trkpt><trkpt lat="22.248507480152064" lon="113.94312208239741"><ele>331.4819518062839</ele><time>2022-09-03T01:39:18Z</time></trkpt><trkpt lat="22.24852081624863" lon="113.94313712458018"><ele>332.2364890282879</ele><time>2022-09-03T01:39:30Z</time></trkpt><trkpt lat="22.24854340453203" lon="113.9431526034959"><ele>332.96868627916666</ele><time>2022-09-03T01:39:33Z</time></trkpt><trkpt lat="22.248561183970416" lon="113.94316422466639"><ele>333.5345045744652</ele><time>2022-09-03T01:39:35Z</time></trkpt><trkpt lat="22.248589721511134" lon="113.94317182890236"><ele>336.9112506307045</ele><time>2022-09-03T01:39:37Z</time></trkpt><trkpt lat="22.248607885308083" lon="113.94319255105692"><ele>338.4307535060265</ele><time>2022-09-03T01:39:39Z</time></trkpt><trkpt lat="22.24861658422472" lon="113.94321253617078"><ele>338.5882956237359</ele><time>2022-09-03T01:39:41Z</time></trkpt><trkpt lat="22.248621122263486" lon="113.94324020570191"><ele>338.8224132802903</ele><time>2022-09-03T01:39:45Z</time></trkpt><trkpt lat="22.24862770184256" lon="113.9432631996654"><ele>338.84177165365924</ele><time>2022-09-03T01:39:47Z</time></trkpt><trkpt lat="22.248634254334306" lon="113.94328399506762"><ele>339.1037553809703</ele><time>2022-09-03T01:39:51Z</time></trkpt><trkpt lat="22.248640477893044" lon="113.94331218881067"><ele>339.46826957764887</ele><time>2022-09-03T01:41:05Z</time></trkpt><trkpt lat="22.248660737375793" lon="113.94333604557737"><ele>339.1753886694644</ele><time>2022-09-03T01:41:06Z</time></trkpt><trkpt lat="22.248673524419775" lon="113.94335284112911"><ele>339.11314695784824</ele><time>2022-09-03T01:41:07Z</time></trkpt><trkpt lat="22.248680391746163" lon="113.94337185276156"><ele>339.45230157859817</ele><time>2022-09-03T01:41:09Z</time></trkpt><trkpt lat="22.2486819103188" lon="113.9433965203064"><ele>339.9032795406895</ele><time>2022-09-03T01:41:12Z</time></trkpt><trkpt lat="22.248696289834015" lon="113.94341419431615"><ele>340.4823849323296</ele><time>2022-09-03T01:41:15Z</time></trkpt><trkpt lat="22.248714633272396" lon="113.94343106857798"><ele>341.3253239006081</ele><time>2022-09-03T01:41:18Z</time></trkpt><trkpt lat="22.24873633537195" lon="113.94344624986871"><ele>341.98824290271057</ele><time>2022-09-03T01:41:21Z</time></trkpt><trkpt lat="22.24875107695093" lon="113.94346197211229"><ele>342.3428245429498</ele><time>2022-09-03T01:41:24Z</time></trkpt><trkpt lat="22.24875085214215" lon="113.94348241478596"><ele>343.29710415068627</ele><time>2022-09-03T01:41:30Z</time></trkpt><trkpt lat="22.24874732341192" lon="113.94352317256269"><ele>346.0767769988311</ele><time>2022-09-03T01:41:33Z</time></trkpt><trkpt lat="22.24874557219036" lon="113.9435487698279"><ele>346.0802732662556</ele><time>2022-09-03T01:41:36Z</time></trkpt><trkpt lat="22.248748822582566" lon="113.94357252699872"><ele>345.9814173412083</ele><time>2022-09-03T01:41:38Z</time></trkpt><trkpt lat="22.248768621095394" lon="113.94361128592371"><ele>347.7084566823297</ele><time>2022-09-03T01:41:39Z</time></trkpt><trkpt lat="22.248766303945825" lon="113.94363412058371"><ele>347.7031709630681</ele><time>2022-09-03T01:41:42Z</time></trkpt><trkpt lat="22.248759998858386" lon="113.94365914950733"><ele>347.9144825327448</ele><time>2022-09-03T01:41:45Z</time></trkpt><trkpt lat="22.24875440468341" lon="113.94368574260989"><ele>349.09479762617076</ele><time>2022-09-03T01:41:50Z</time></trkpt><trkpt lat="22.248757932076273" lon="113.9437101949239"><ele>349.309760184127</ele><time>2022-09-03T01:41:52Z</time></trkpt><trkpt lat="22.24877226578015" lon="113.94372696863431"><ele>349.54632231102903</ele><time>2022-09-03T01:41:55Z</time></trkpt><trkpt lat="22.248788269175883" lon="113.94373842187713"><ele>350.11031139057627</ele><time>2022-09-03T01:41:59Z</time></trkpt><trkpt lat="22.248802738160112" lon="113.94376322248702"><ele>350.7758511535634</ele><time>2022-09-03T01:42:03Z</time></trkpt><trkpt lat="22.248810802169544" lon="113.94378654300492"><ele>351.40978082122984</ele><time>2022-09-03T01:42:07Z</time></trkpt><trkpt lat="22.248825097311457" lon="113.94380853336186"><ele>351.91821287952234</ele><time>2022-09-03T01:42:10Z</time></trkpt><trkpt lat="22.248844327030326" lon="113.94382968817632"><ele>353.85403989310504</ele><time>2022-09-03T01:42:12Z</time></trkpt><trkpt lat="22.24884434475199" lon="113.94384984863824"><ele>353.89007063678855</ele><time>2022-09-03T01:42:15Z</time></trkpt><trkpt lat="22.248835050997112" lon="113.9438682274669"><ele>354.6100635669479</ele><time>2022-09-03T01:42:21Z</time></trkpt><trkpt lat="22.248823075956707" lon="113.9438905966733"><ele>354.94402674245987</ele><time>2022-09-03T01:42:29Z</time></trkpt><trkpt lat="22.248833338523244" lon="113.9439105418465"><ele>360.66557329501285</ele><time>2022-09-03T01:42:37Z</time></trkpt><trkpt lat="22.248842054413398" lon="113.94393244084684"><ele>360.8094563362995</ele><time>2022-09-03T01:42:39Z</time></trkpt><trkpt lat="22.24885546273372" lon="113.94394592317066"><ele>361.41224401764975</ele><time>2022-09-03T01:42:43Z</time></trkpt><trkpt lat="22.248875542268028" lon="113.94396333030875"><ele>361.5612747639813</ele><time>2022-09-03T01:42:48Z</time></trkpt><trkpt lat="22.248886968753027" lon="113.94398408373219"><ele>361.77379596321003</ele><time>2022-09-03T01:42:52Z</time></trkpt><trkpt lat="22.24890186672732" lon="113.94400006597185"><ele>361.64060670742975</ele><time>2022-09-03T01:43:05Z</time></trkpt><trkpt lat="22.24891890109587" lon="113.94401273918997"><ele>362.24764421179714</ele><time>2022-09-03T01:43:08Z</time></trkpt><trkpt lat="22.248921109363863" lon="113.94403522822195"><ele>362.60941759692145</ele><time>2022-09-03T01:43:11Z</time></trkpt><trkpt lat="22.248923093365782" lon="113.94405509588731"><ele>363.58225554214357</ele><time>2022-09-03T01:43:15Z</time></trkpt><trkpt lat="22.248931389500044" lon="113.94407761465371"><ele>364.27879732803547</ele><time>2022-09-03T01:43:19Z</time></trkpt><trkpt lat="22.248929899115307" lon="113.94411052826082"><ele>368.8698583033424</ele><time>2022-09-03T01:43:22Z</time></trkpt><trkpt lat="22.248927541163056" lon="113.94414021912797"><ele>373.9389338960283</ele><time>2022-09-03T01:45:00Z</time></trkpt><trkpt lat="22.24893490980076" lon="113.94417149431057"><ele>372.02173314056694</ele><time>2022-09-03T01:45:02Z</time></trkpt><trkpt lat="22.248931802288045" lon="113.94419243346232"><ele>371.74105144243885</ele><time>2022-09-03T01:45:04Z</time></trkpt><trkpt lat="22.248931084909508" lon="113.9442133151874"><ele>371.5315858486264</ele><time>2022-09-03T01:45:06Z</time></trkpt><trkpt lat="22.248942361797095" lon="113.94423246366368"><ele>371.2363458115475</ele><time>2022-09-03T01:45:09Z</time></trkpt><trkpt lat="22.248962465509706" lon="113.9442319021801"><ele>370.96037458554264</ele><time>2022-09-03T01:45:12Z</time></trkpt><trkpt lat="22.248981651526734" lon="113.94423800605826"><ele>370.72770065635325</ele><time>2022-09-03T01:45:15Z</time></trkpt><trkpt lat="22.249001212693297" lon="113.94422596601133"><ele>372.3516644989895</ele><time>2022-09-03T01:45:38Z</time></trkpt><trkpt lat="22.24902044373298" lon="113.94422470300465"><ele>373.2259711462452</ele><time>2022-09-03T01:45:41Z</time></trkpt><trkpt lat="22.249033986931455" lon="113.94424173704368"><ele>374.54776803310983</ele><time>2022-09-03T01:45:44Z</time></trkpt><trkpt lat="22.249036792517987" lon="113.94426214055994"><ele>375.0280449413876</ele><time>2022-09-03T01:45:46Z</time></trkpt><trkpt lat="22.249033689709226" lon="113.94428177434463"><ele>377.86210838499613</ele><time>2022-09-03T01:45:50Z</time></trkpt><trkpt lat="22.249024173946072" lon="113.9443047967258"><ele>378.0245380528653</ele><time>2022-09-03T01:45:52Z</time></trkpt><trkpt lat="22.249015488427478" lon="113.94434167871702"><ele>378.52826934195934</ele><time>2022-09-03T01:45:53Z</time></trkpt><trkpt lat="22.249004799710434" lon="113.9443638516597"><ele>378.5576244838959</ele><time>2022-09-03T01:45:57Z</time></trkpt><trkpt lat="22.248995879667877" lon="113.94438244295245"><ele>378.84458580295114</ele><time>2022-09-03T01:46:00Z</time></trkpt><trkpt lat="22.24899547189108" lon="113.94441125451127"><ele>379.29493161727504</ele><time>2022-09-03T01:46:03Z</time></trkpt><trkpt lat="22.249001497358485" lon="113.94443003926153"><ele>379.6216643816262</ele><time>2022-09-03T01:46:05Z</time></trkpt><trkpt lat="22.24901472351522" lon="113.94444453823309"><ele>380.75175093862765</ele><time>2022-09-03T01:46:08Z</time></trkpt><trkpt lat="22.2490294064602" lon="113.94445592250091"><ele>382.3251715246441</ele><time>2022-09-03T01:46:11Z</time></trkpt><trkpt lat="22.249050936361506" lon="113.94446098014488"><ele>382.6955667872337</ele><time>2022-09-03T01:46:21Z</time></trkpt><trkpt lat="22.249075622689595" lon="113.94445861657474"><ele>384.1175951068561</ele><time>2022-09-03T01:46:24Z</time></trkpt><trkpt lat="22.249094295978814" lon="113.94446309723118"><ele>388.7454536510348</ele><time>2022-09-03T01:46:31Z</time></trkpt><trkpt lat="22.249102988398977" lon="113.9444840379592"><ele>398.24895951776574</ele><time>2022-09-03T01:47:06Z</time></trkpt><trkpt lat="22.249123506372534" lon="113.94449821818657"><ele>400.5767457140609</ele><time>2022-09-03T01:47:08Z</time></trkpt><trkpt lat="22.24914792327853" lon="113.94451151484137"><ele>400.6314066482141</ele><time>2022-09-03T01:47:12Z</time></trkpt><trkpt lat="22.249162713810108" lon="113.94452429416867"><ele>400.5400201068226</ele><time>2022-09-03T01:47:15Z</time></trkpt><trkpt lat="22.24917565968223" lon="113.94454312531755"><ele>400.43346747827354</ele><time>2022-09-03T01:47:19Z</time></trkpt><trkpt lat="22.249183726330195" lon="113.94456253516896"><ele>400.3551748700137</ele><time>2022-09-03T01:47:21Z</time></trkpt><trkpt lat="22.24918997615522" lon="113.94458255957379"><ele>399.95297633871576</ele><time>2022-09-03T01:47:24Z</time></trkpt><trkpt lat="22.249209722909775" lon="113.94459705975665"><ele>399.5337961959791</ele><time>2022-09-03T01:47:28Z</time></trkpt><trkpt lat="22.249224447529137" lon="113.94460844026261"><ele>399.9193091404306</ele><time>2022-09-03T01:47:53Z</time></trkpt><trkpt lat="22.249243509479673" lon="113.94462483209301"><ele>400.97398469123726</ele><time>2022-09-03T01:47:58Z</time></trkpt><trkpt lat="22.24924339795496" lon="113.94464499450444"><ele>401.27755377122344</ele><time>2022-09-03T01:48:00Z</time></trkpt><trkpt lat="22.249240298157478" lon="113.94466986726336"><ele>401.38471479040567</ele><time>2022-09-03T01:48:03Z</time></trkpt><trkpt lat="22.249239119165626" lon="113.9446951840826"><ele>401.57010958508397</ele><time>2022-09-03T01:48:07Z</time></trkpt><trkpt lat="22.249244694841945" lon="113.94471677717408"><ele>401.88407460488537</ele><time>2022-09-03T01:48:10Z</time></trkpt><trkpt lat="22.24924363533966" lon="113.94474219589615"><ele>402.1964967636394</ele><time>2022-09-03T01:48:13Z</time></trkpt><trkpt lat="22.249239334679423" lon="113.94476165884927"><ele>403.78099238055114</ele><time>2022-09-03T01:48:14Z</time></trkpt><trkpt lat="22.24925224727662" lon="113.94477994352489"><ele>404.3476785868888</ele><time>2022-09-03T01:48:15Z</time></trkpt><trkpt lat="22.249256659536925" lon="113.94480032178778"><ele>404.6409009489475</ele><time>2022-09-03T01:48:18Z</time></trkpt><trkpt lat="22.249249165785074" lon="113.94482243603208"><ele>405.1235178786827</ele><time>2022-09-03T01:48:22Z</time></trkpt><trkpt lat="22.249232669584416" lon="113.94483064538154"><ele>405.7508918522531</ele><time>2022-09-03T01:48:41Z</time></trkpt><trkpt lat="22.249236561379732" lon="113.94485689573037"><ele>407.13680644020326</ele><time>2022-09-03T01:49:27Z</time></trkpt><trkpt lat="22.249232095988535" lon="113.94487999271267"><ele>407.16241630427703</ele><time>2022-09-03T01:49:29Z</time></trkpt><trkpt lat="22.249238915183014" lon="113.94490550919774"><ele>406.91363572901304</ele><time>2022-09-03T01:49:32Z</time></trkpt><trkpt lat="22.249259747836767" lon="113.94491920692717"><ele>407.30069710728435</ele><time>2022-09-03T01:49:37Z</time></trkpt><trkpt lat="22.24928014094335" lon="113.9449325505865"><ele>408.32076594940474</ele><time>2022-09-03T01:49:41Z</time></trkpt><trkpt lat="22.24929213955424" lon="113.94494898917489"><ele>408.9624676049246</ele><time>2022-09-03T01:49:45Z</time></trkpt><trkpt lat="22.249280770797572" lon="113.9449719840782"><ele>411.79499239055554</ele><time>2022-09-03T01:49:47Z</time></trkpt><trkpt lat="22.249269469017666" lon="113.94499379195479"><ele>412.75730219660875</ele><time>2022-09-03T01:49:49Z</time></trkpt><trkpt lat="22.249263517018964" lon="113.9450169021765"><ele>413.0171816522577</ele><time>2022-09-03T01:49:52Z</time></trkpt><trkpt lat="22.24927241549428" lon="113.9450379611226"><ele>412.94829345997016</ele><time>2022-09-03T01:49:55Z</time></trkpt><trkpt lat="22.249285659640872" lon="113.94505350303429"><ele>413.2469270972993</ele><time>2022-09-03T01:49:58Z</time></trkpt><trkpt lat="22.249298640666208" lon="113.94506855248153"><ele>413.6213517823935</ele><time>2022-09-03T01:50:01Z</time></trkpt><trkpt lat="22.249313049091025" lon="113.94508197846483"><ele>414.53278007972244</ele><time>2022-09-03T01:50:24Z</time></trkpt><trkpt lat="22.24933063246668" lon="113.94509451582094"><ele>415.07601080091064</ele><time>2022-09-03T01:50:27Z</time></trkpt><trkpt lat="22.24934816077143" lon="113.94510303468665"><ele>415.70069835208443</ele><time>2022-09-03T01:50:30Z</time></trkpt><trkpt lat="22.249351743738" lon="113.94512734841764"><ele>416.3266573587769</ele><time>2022-09-03T01:50:33Z</time></trkpt><trkpt lat="22.24936856767086" lon="113.94514983469294"><ele>416.48519508943843</ele><time>2022-09-03T01:50:35Z</time></trkpt><trkpt lat="22.249378590965676" lon="113.94516793044409"><ele>416.64026003894884</ele><time>2022-09-03T01:50:37Z</time></trkpt><trkpt lat="22.24939244338546" lon="113.94518637219406"><ele>416.9615456461389</ele><time>2022-09-03T01:50:39Z</time></trkpt><trkpt lat="22.249406436030853" lon="113.94520385481434"><ele>417.56508171484484</ele><time>2022-09-03T01:50:42Z</time></trkpt><trkpt lat="22.249423227905336" lon="113.94522127197835"><ele>418.16222046155036</ele><time>2022-09-03T01:50:45Z</time></trkpt><trkpt lat="22.24944394983562" lon="113.94523369595717"><ele>418.40977702777747</ele><time>2022-09-03T01:50:49Z</time></trkpt><trkpt lat="22.249462201275875" lon="113.94524730636198"><ele>421.66084557438944</ele><time>2022-09-03T01:50:51Z</time></trkpt><trkpt lat="22.249471531359298" lon="113.94526440879618"><ele>422.8788590364282</ele><time>2022-09-03T01:50:53Z</time></trkpt><trkpt lat="22.249476726244495" lon="113.94528396658288"><ele>423.06839461259193</ele><time>2022-09-03T01:50:57Z</time></trkpt><trkpt lat="22.249492091563926" lon="113.94530190179651"><ele>426.34307025363717</ele><time>2022-09-03T01:51:02Z</time></trkpt><trkpt lat="22.249510162118792" lon="113.94531562003914"><ele>426.71768308565777</ele><time>2022-09-03T01:51:40Z</time></trkpt><trkpt lat="22.249529936473504" lon="113.9453227014686"><ele>427.7099268896401</ele><time>2022-09-03T01:51:44Z</time></trkpt><trkpt lat="22.24954385691971" lon="113.94533728941356"><ele>428.75662963234066</ele><time>2022-09-03T01:51:48Z</time></trkpt><trkpt lat="22.24956300655692" lon="113.94534655668046"><ele>430.1608706852235</ele><time>2022-09-03T01:51:52Z</time></trkpt><trkpt lat="22.249580087542213" lon="113.94535856597156"><ele>430.9394461819395</ele><time>2022-09-03T01:51:56Z</time></trkpt><trkpt lat="22.249598975352768" lon="113.94536104424736"><ele>432.36953469400817</ele><time>2022-09-03T01:52:02Z</time></trkpt><trkpt lat="22.249609407463307" lon="113.94538570796153"><ele>432.1017499339268</ele><time>2022-09-03T01:52:09Z</time></trkpt><trkpt lat="22.249620799306065" lon="113.94540916966636"><ele>432.5929570911634</ele><time>2022-09-03T01:52:12Z</time></trkpt><trkpt lat="22.249636708218002" lon="113.9454212143742"><ele>432.8213941206219</ele><time>2022-09-03T01:52:15Z</time></trkpt><trkpt lat="22.24965852973459" lon="113.94542994746524"><ele>433.82555076666233</ele><time>2022-09-03T01:53:13Z</time></trkpt><trkpt lat="22.249675055988593" lon="113.94544442568301"><ele>433.8523875146496</ele><time>2022-09-03T01:53:16Z</time></trkpt><trkpt lat="22.249684578846917" lon="113.94546457364079"><ele>434.3154059857894</ele><time>2022-09-03T01:53:18Z</time></trkpt><trkpt lat="22.24970011299509" lon="113.94548404393771"><ele>434.7566571630395</ele><time>2022-09-03T01:53:21Z</time></trkpt><trkpt lat="22.2497090024695" lon="113.94550458470204"><ele>435.2518277322122</ele><time>2022-09-03T01:53:23Z</time></trkpt><trkpt lat="22.24972468374029" lon="113.94551675721014"><ele>437.305206445868</ele><time>2022-09-03T01:53:25Z</time></trkpt><trkpt lat="22.24974174010146" lon="113.9455301860411"><ele>438.45789019355595</ele><time>2022-09-03T01:53:35Z</time></trkpt><trkpt lat="22.249760429147987" lon="113.94552364728473"><ele>440.3188638837186</ele><time>2022-09-03T01:55:09Z</time></trkpt><trkpt lat="22.249777878949946" lon="113.94549735331283"><ele>440.69152737522984</ele><time>2022-09-03T01:55:12Z</time></trkpt><trkpt lat="22.249797265148345" lon="113.94550329374104"><ele>441.43264744145677</ele><time>2022-09-03T01:55:21Z</time></trkpt><trkpt lat="22.249818721294822" lon="113.94549803625006"><ele>442.41077518244975</ele><time>2022-09-03T01:55:24Z</time></trkpt><trkpt lat="22.249837110782597" lon="113.94548722115786"><ele>443.03798271411927</ele><time>2022-09-03T01:55:26Z</time></trkpt><trkpt lat="22.24985297643846" lon="113.94550240126499"><ele>443.39877574205104</ele><time>2022-09-03T01:55:28Z</time></trkpt><trkpt lat="22.249862404914595" lon="113.94552092793782"><ele>444.11755853746723</ele><time>2022-09-03T01:55:32Z</time></trkpt><trkpt lat="22.24986663091437" lon="113.94554255490762"><ele>444.24289208360875</ele><time>2022-09-03T01:55:35Z</time></trkpt><trkpt lat="22.249872641014193" lon="113.94556162940253"><ele>445.6055706676249</ele><time>2022-09-03T01:55:44Z</time></trkpt><trkpt lat="22.249890585033963" lon="113.94557050851309"><ele>446.39635534279205</ele><time>2022-09-03T01:55:48Z</time></trkpt><trkpt lat="22.24990085393226" lon="113.94558681623826"><ele>446.9436066112424</ele><time>2022-09-03T01:55:52Z</time></trkpt><trkpt lat="22.249924071298338" lon="113.94558083822639"><ele>448.2530038563107</ele><time>2022-09-03T01:56:17Z</time></trkpt><trkpt lat="22.24994297052696" lon="113.94558519572513"><ele>449.5843724035029</ele><time>2022-09-03T01:56:52Z</time></trkpt><trkpt lat="22.24996560509692" lon="113.9455875192436"><ele>450.1869926234217</ele><time>2022-09-03T01:56:55Z</time></trkpt><trkpt lat="22.24998695706112" lon="113.94558866657455"><ele>450.97040805697577</ele><time>2022-09-03T01:56:58Z</time></trkpt><trkpt lat="22.250005344865265" lon="113.94557727150894"><ele>452.7487438768246</ele><time>2022-09-03T01:57:03Z</time></trkpt><trkpt lat="22.250028774238316" lon="113.94557160561807"><ele>453.6642519310383</ele><time>2022-09-03T01:57:06Z</time></trkpt><trkpt lat="22.250051691206732" lon="113.94556934961784"><ele>454.5333057826528</ele><time>2022-09-03T01:57:10Z</time></trkpt><trkpt lat="22.250069104007206" lon="113.94555867502753"><ele>455.970172425391</ele><time>2022-09-03T01:57:16Z</time></trkpt><trkpt lat="22.25008710917649" lon="113.94556861714739"><ele>456.0112482670088</ele><time>2022-09-03T01:57:18Z</time></trkpt><trkpt lat="22.25008433092356" lon="113.94559036471405"><ele>456.3307433178461</ele><time>2022-09-03T01:57:21Z</time></trkpt><trkpt lat="22.250080142321416" lon="113.94560989335992"><ele>456.7688711655501</ele><time>2022-09-03T01:57:25Z</time></trkpt><trkpt lat="22.250096787277077" lon="113.9456265847793"><ele>457.1237289191849</ele><time>2022-09-03T01:57:28Z</time></trkpt><trkpt lat="22.250110425391828" lon="113.94564326818555"><ele>457.97752447629864</ele><time>2022-09-03T01:57:39Z</time></trkpt><trkpt lat="22.250116904330834" lon="113.94566889796118"><ele>458.2490004736623</ele><time>2022-09-03T01:57:42Z</time></trkpt><trkpt lat="22.250115146688533" lon="113.94568999596369"><ele>458.79891004950866</ele><time>2022-09-03T01:57:46Z</time></trkpt><trkpt lat="22.250117999625896" lon="113.94570964605683"><ele>460.0243500656295</ele><time>2022-09-03T01:58:25Z</time></trkpt><trkpt lat="22.250130171985507" lon="113.94573711811675"><ele>460.7976248347509</ele><time>2022-09-03T01:58:28Z</time></trkpt><trkpt lat="22.250150033005994" lon="113.94574144592127"><ele>461.8663246290564</ele><time>2022-09-03T01:58:34Z</time></trkpt><trkpt lat="22.25015685671419" lon="113.94572242060127"><ele>462.0270715488761</ele><time>2022-09-03T01:58:36Z</time></trkpt><trkpt lat="22.250178371267292" lon="113.94571774094689"><ele>462.270432734731</ele><time>2022-09-03T01:58:39Z</time></trkpt><trkpt lat="22.25019060342877" lon="113.94573264108"><ele>462.7027357215342</ele><time>2022-09-03T01:58:42Z</time></trkpt><trkpt lat="22.250201437496933" lon="113.94575110140488"><ele>463.22689882019944</ele><time>2022-09-03T01:58:45Z</time></trkpt><trkpt lat="22.250217040468602" lon="113.94576252395395"><ele>463.2784178154217</ele><time>2022-09-03T01:58:48Z</time></trkpt><trkpt lat="22.250241508443963" lon="113.94576709809893"><ele>463.24644179157116</ele><time>2022-09-03T01:58:51Z</time></trkpt><trkpt lat="22.25026211826276" lon="113.94576641158638"><ele>463.83877359339647</ele><time>2022-09-03T01:58:54Z</time></trkpt><trkpt lat="22.25028112100059" lon="113.94576318135351"><ele>464.39916514965347</ele><time>2022-09-03T01:58:57Z</time></trkpt><trkpt lat="22.25030311098147" lon="113.94577066051804"><ele>468.70807905461504</ele><time>2022-09-03T01:59:02Z</time></trkpt><trkpt lat="22.250319017903102" lon="113.94578717536311"><ele>469.7062927882759</ele><time>2022-09-03T01:59:06Z</time></trkpt><trkpt lat="22.250329758261508" lon="113.94580766472336"><ele>470.0256490037362</ele><time>2022-09-03T01:59:10Z</time></trkpt><trkpt lat="22.250347170983293" lon="113.94581503137093"><ele>472.127657377554</ele><time>2022-09-03T01:59:14Z</time></trkpt><trkpt lat="22.25035424622556" lon="113.94584204528623"><ele>472.324288463767</ele><time>2022-09-03T01:59:23Z</time></trkpt><trkpt lat="22.25037058856725" lon="113.94585274959981"><ele>472.35819434731144</ele><time>2022-09-03T01:59:25Z</time></trkpt><trkpt lat="22.250391945441976" lon="113.94585566894551"><ele>473.0738272871544</ele><time>2022-09-03T01:59:29Z</time></trkpt><trkpt lat="22.250412782286528" lon="113.94585821706963"><ele>476.322881064739</ele><time>2022-09-03T01:59:33Z</time></trkpt><trkpt lat="22.250431853280205" lon="113.94586758565924"><ele>476.42381053224256</ele><time>2022-09-03T01:59:38Z</time></trkpt><trkpt lat="22.25044706931486" lon="113.9458849247102"><ele>477.17393085723717</ele><time>2022-09-03T01:59:47Z</time></trkpt><trkpt lat="22.250460411375396" lon="113.94590166571638"><ele>478.0340799877155</ele><time>2022-09-03T01:59:51Z</time></trkpt><trkpt lat="22.250475851168705" lon="113.94591719758817"><ele>478.3783281161336</ele><time>2022-09-03T01:59:55Z</time></trkpt><trkpt lat="22.25048573757551" lon="113.94593957770607"><ele>481.9156543118195</ele><time>2022-09-03T01:59:58Z</time></trkpt><trkpt lat="22.250506546135476" lon="113.9459503997086"><ele>482.4335271482818</ele><time>2022-09-03T02:00:02Z</time></trkpt><trkpt lat="22.250518037520322" lon="113.94597248271938"><ele>483.88259836000793</ele><time>2022-09-03T02:00:08Z</time></trkpt><trkpt lat="22.250527403539508" lon="113.94599754133723"><ele>484.21089396266973</ele><time>2022-09-03T02:00:11Z</time></trkpt><trkpt lat="22.250534376952416" lon="113.94601978691874"><ele>484.7572929830042</ele><time>2022-09-03T02:00:14Z</time></trkpt><trkpt lat="22.25054406210721" lon="113.94603726596755"><ele>485.5127081829529</ele><time>2022-09-03T02:00:19Z</time></trkpt><trkpt lat="22.250557513538123" lon="113.9460531562224"><ele>486.04769409151055</ele><time>2022-09-03T02:00:23Z</time></trkpt><trkpt lat="22.250569202251338" lon="113.94607028839708"><ele>486.86355981341853</ele><time>2022-09-03T02:00:28Z</time></trkpt><trkpt lat="22.250578622996514" lon="113.94608715729827"><ele>488.0660186196012</ele><time>2022-09-03T02:00:34Z</time></trkpt><trkpt lat="22.250587658427403" lon="113.94610722830556"><ele>488.686322630878</ele><time>2022-09-03T02:00:39Z</time></trkpt><trkpt lat="22.250588322344257" lon="113.94613392572204"><ele>489.6612485395378</ele><time>2022-09-03T02:00:44Z</time></trkpt><trkpt lat="22.250567275408866" lon="113.94614333864277"><ele>490.4897417899395</ele><time>2022-09-03T02:00:49Z</time></trkpt><trkpt lat="22.250574972209836" lon="113.94617272107038"><ele>492.4768299908236</ele><time>2022-09-03T02:01:31Z</time></trkpt><trkpt lat="22.25057213089536" lon="113.94619876396919"><ele>493.09145061483116</ele><time>2022-09-03T02:01:34Z</time></trkpt><trkpt lat="22.25055268678947" lon="113.94621742656818"><ele>493.2687686586263</ele><time>2022-09-03T02:01:36Z</time></trkpt><trkpt lat="22.25053151444319" lon="113.94621483874646"><ele>493.8258784181082</ele><time>2022-09-03T02:01:39Z</time></trkpt><trkpt lat="22.250553087928665" lon="113.94621728475208"><ele>497.9606605512873</ele><time>2022-09-03T02:02:30Z</time></trkpt><trkpt lat="22.250570904593054" lon="113.94623302932874"><ele>499.0236301646673</ele><time>2022-09-03T02:02:40Z</time></trkpt><trkpt lat="22.25058567931176" lon="113.94625124309685"><ele>499.4679916543052</ele><time>2022-09-03T02:02:43Z</time></trkpt><trkpt lat="22.250597261971883" lon="113.94626958368251"><ele>499.68100919254687</ele><time>2022-09-03T02:02:45Z</time></trkpt><trkpt lat="22.250606458528605" lon="113.94628670980995"><ele>499.645591681693</ele><time>2022-09-03T02:02:47Z</time></trkpt><trkpt lat="22.25062438136169" lon="113.94629615493321"><ele>499.7648252452694</ele><time>2022-09-03T02:02:50Z</time></trkpt><trkpt lat="22.250638995247872" lon="113.94631246035293"><ele>499.71948614277255</ele><time>2022-09-03T02:02:53Z</time></trkpt><trkpt lat="22.250641716850144" lon="113.94633651999446"><ele>499.90934841631065</ele><time>2022-09-03T02:02:56Z</time></trkpt><trkpt lat="22.250640805286814" lon="113.94636366294966"><ele>499.6351003974789</ele><time>2022-09-03T02:02:59Z</time></trkpt><trkpt lat="22.250647366924166" lon="113.94638758476106"><ele>499.96798760374975</ele><time>2022-09-03T02:03:02Z</time></trkpt><trkpt lat="22.250652702692904" lon="113.94640670491283"><ele>500.57612554038275</ele><time>2022-09-03T02:03:05Z</time></trkpt><trkpt lat="22.250651194094775" lon="113.9464261991027"><ele>500.8806537223063</ele><time>2022-09-03T02:03:08Z</time></trkpt><trkpt lat="22.250659371680936" lon="113.94644952444526"><ele>502.25124873437034</ele><time>2022-09-03T02:03:24Z</time></trkpt><trkpt lat="22.25065992078292" lon="113.94647111250329"><ele>503.41163680574533</ele><time>2022-09-03T02:03:32Z</time></trkpt><trkpt lat="22.250661972712653" lon="113.94649263297615"><ele>503.6026397918516</ele><time>2022-09-03T02:03:34Z</time></trkpt><trkpt lat="22.250662601764674" lon="113.94651240992036"><ele>503.8058043207121</ele><time>2022-09-03T02:03:36Z</time></trkpt><trkpt lat="22.250657750419037" lon="113.94653856930066"><ele>504.09233112055784</ele><time>2022-09-03T02:03:39Z</time></trkpt><trkpt lat="22.250652849988136" lon="113.94656120190753"><ele>504.1342228835904</ele><time>2022-09-03T02:03:41Z</time></trkpt><trkpt lat="22.250643469214907" lon="113.94658187385762"><ele>504.40286590822933</ele><time>2022-09-03T02:03:44Z</time></trkpt><trkpt lat="22.250647453510812" lon="113.94660261459812"><ele>504.49708044705295</ele><time>2022-09-03T02:03:47Z</time></trkpt><trkpt lat="22.250657157742616" lon="113.94662149528004"><ele>504.8836425169137</ele><time>2022-09-03T02:03:54Z</time></trkpt><trkpt lat="22.250657755866573" lon="113.94664345614349"><ele>505.3792736656106</ele><time>2022-09-03T02:03:57Z</time></trkpt><trkpt lat="22.250659454143676" lon="113.94666741948103"><ele>506.4440320598431</ele><time>2022-09-03T02:04:01Z</time></trkpt><trkpt lat="22.250652203500795" lon="113.94668731671007"><ele>508.2820781535132</ele><time>2022-09-03T02:04:06Z</time></trkpt><trkpt lat="22.250668309271834" lon="113.94669648153969"><ele>508.5675223488718</ele><time>2022-09-03T02:04:11Z</time></trkpt><trkpt lat="22.250679771702575" lon="113.94671193754864"><ele>509.0382876522798</ele><time>2022-09-03T02:04:17Z</time></trkpt><trkpt lat="22.250688502552084" lon="113.94673596826433"><ele>509.8547794647857</ele><time>2022-09-03T02:05:08Z</time></trkpt><trkpt lat="22.250695551132274" lon="113.94675657335242"><ele>510.096436511616</ele><time>2022-09-03T02:05:10Z</time></trkpt><trkpt lat="22.25070519198403" lon="113.94678245380813"><ele>510.189034479718</ele><time>2022-09-03T02:05:12Z</time></trkpt><trkpt lat="22.2507174016643" lon="113.94680470326722"><ele>510.3021740953747</ele><time>2022-09-03T02:05:14Z</time></trkpt><trkpt lat="22.250729873162104" lon="113.9468263123374"><ele>510.266074509786</ele><time>2022-09-03T02:05:16Z</time></trkpt><trkpt lat="22.250737929274372" lon="113.94684786617673"><ele>510.3043906741495</ele><time>2022-09-03T02:05:19Z</time></trkpt><trkpt lat="22.25074257727196" lon="113.94686815656733"><ele>510.44679766004293</ele><time>2022-09-03T02:05:21Z</time></trkpt><trkpt lat="22.250752004355054" lon="113.94689003117459"><ele>510.3592265214464</ele><time>2022-09-03T02:05:24Z</time></trkpt><trkpt lat="22.250762178660363" lon="113.94690865170708"><ele>510.16606731990504</ele><time>2022-09-03T02:05:27Z</time></trkpt><trkpt lat="22.250760417971797" lon="113.94693423898657"><ele>510.6574656867125</ele><time>2022-09-03T02:05:30Z</time></trkpt><trkpt lat="22.250750743708853" lon="113.94695829572254"><ele>510.88704426704703</ele><time>2022-09-03T02:05:33Z</time></trkpt><trkpt lat="22.250745090572156" lon="113.94698139294405"><ele>511.07024148480434</ele><time>2022-09-03T02:05:37Z</time></trkpt><trkpt lat="22.250746470110386" lon="113.94700142086798"><ele>510.985120394049</ele><time>2022-09-03T02:05:40Z</time></trkpt><trkpt lat="22.2507466105468" lon="113.94702240419882"><ele>511.05687697750494</ele><time>2022-09-03T02:05:43Z</time></trkpt><trkpt lat="22.25073992000325" lon="113.94704534289137"><ele>511.75457760884734</ele><time>2022-09-03T02:05:46Z</time></trkpt><trkpt lat="22.25073756581862" lon="113.94706731331156"><ele>512.6890808981366</ele><time>2022-09-03T02:05:50Z</time></trkpt><trkpt lat="22.25073974044255" lon="113.9470878617716"><ele>513.3065035149194</ele><time>2022-09-03T02:05:54Z</time></trkpt><trkpt lat="22.250727086096795" lon="113.94710334001213"><ele>514.0583788041254</ele><time>2022-09-03T02:05:57Z</time></trkpt><trkpt lat="22.25070716906423" lon="113.9471168000782"><ele>514.7308800260316</ele><time>2022-09-03T02:06:00Z</time></trkpt><trkpt lat="22.25069041094114" lon="113.94713283494212"><ele>515.112243489031</ele><time>2022-09-03T02:06:08Z</time></trkpt><trkpt lat="22.250692688593286" lon="113.9471542204617"><ele>515.7313043316447</ele><time>2022-09-03T02:06:19Z</time></trkpt><trkpt lat="22.25067995174167" lon="113.94717716010915"><ele>516.1008929863435</ele><time>2022-09-03T02:06:22Z</time></trkpt><trkpt lat="22.25065802838539" lon="113.94719314288271"><ele>516.8522076204362</ele><time>2022-09-03T02:06:25Z</time></trkpt><trkpt lat="22.25065337743621" lon="113.94721550355085"><ele>517.5150575989779</ele><time>2022-09-03T02:06:29Z</time></trkpt><trkpt lat="22.250646685245005" lon="113.94723394587875"><ele>518.2281006008046</ele><time>2022-09-03T02:06:33Z</time></trkpt><trkpt lat="22.250634913387373" lon="113.9472505805996"><ele>519.2058839612928</ele><time>2022-09-03T02:07:04Z</time></trkpt><trkpt lat="22.250634087170813" lon="113.94727268122962"><ele>519.3777885042737</ele><time>2022-09-03T02:07:07Z</time></trkpt><trkpt lat="22.250641693187628" lon="113.9472947393441"><ele>519.6843529182236</ele><time>2022-09-03T02:07:14Z</time></trkpt><trkpt lat="22.25064890028656" lon="113.94731383983729"><ele>520.1355021712161</ele><time>2022-09-03T02:07:17Z</time></trkpt><trkpt lat="22.25065439782885" lon="113.94733468201035"><ele>520.169088610523</ele><time>2022-09-03T02:07:20Z</time></trkpt><trkpt lat="22.250663216721886" lon="113.94736138975162"><ele>520.1480952780013</ele><time>2022-09-03T02:07:23Z</time></trkpt><trkpt lat="22.250673604739962" lon="113.94738280904964"><ele>520.3544319524065</ele><time>2022-09-03T02:07:26Z</time></trkpt><trkpt lat="22.25069124426355" lon="113.94739758598983"><ele>520.5996353611833</ele><time>2022-09-03T02:07:29Z</time></trkpt><trkpt lat="22.250706227268317" lon="113.94741257261285"><ele>520.495167180488</ele><time>2022-09-03T02:07:32Z</time></trkpt><trkpt lat="22.250720118301846" lon="113.94742934967444"><ele>524.487566569471</ele><time>2022-09-03T02:07:35Z</time></trkpt><trkpt lat="22.25074169874016" lon="113.9474410436434"><ele>524.7474264272917</ele><time>2022-09-03T02:07:38Z</time></trkpt><trkpt lat="22.250763006709953" lon="113.947451725561"><ele>524.6794073357055</ele><time>2022-09-03T02:07:40Z</time></trkpt><trkpt lat="22.25077876053633" lon="113.94746245447352"><ele>525.2476313914921</ele><time>2022-09-03T02:07:43Z</time></trkpt><trkpt lat="22.25079061691955" lon="113.94748276704978"><ele>525.7899263191613</ele><time>2022-09-03T02:07:46Z</time></trkpt><trkpt lat="22.250803180756026" lon="113.94750182778394"><ele>526.0548751865101</ele><time>2022-09-03T02:07:59Z</time></trkpt><trkpt lat="22.250813697156936" lon="113.94752723559297"><ele>526.5114189246071</ele><time>2022-09-03T02:08:02Z</time></trkpt><trkpt lat="22.250831974740116" lon="113.9475476226513"><ele>526.6501880735532</ele><time>2022-09-03T02:08:05Z</time></trkpt><trkpt lat="22.250853318162868" lon="113.94756156487335"><ele>526.2344354765218</ele><time>2022-09-03T02:08:08Z</time></trkpt><trkpt lat="22.250869199968253" lon="113.94758534990972"><ele>526.7028777198369</ele><time>2022-09-03T02:08:22Z</time></trkpt><trkpt lat="22.250878438637542" lon="113.94761122584784"><ele>526.9562342129307</ele><time>2022-09-03T02:08:24Z</time></trkpt><trkpt lat="22.25088609965095" lon="113.94763082802042"><ele>527.3635668012753</ele><time>2022-09-03T02:08:26Z</time></trkpt><trkpt lat="22.25090212824947" lon="113.9476441649742"><ele>527.7476700577207</ele><time>2022-09-03T02:08:28Z</time></trkpt><trkpt lat="22.250916339042195" lon="113.94765924706611"><ele>527.9066120262855</ele><time>2022-09-03T02:08:30Z</time></trkpt><trkpt lat="22.250930907101573" lon="113.94767842016678"><ele>528.2228274382182</ele><time>2022-09-03T02:08:33Z</time></trkpt><trkpt lat="22.25094851941717" lon="113.9476974342912"><ele>528.628211493422</ele><time>2022-09-03T02:08:36Z</time></trkpt><trkpt lat="22.250967584215314" lon="113.94771120434828"><ele>529.0899054310421</ele><time>2022-09-03T02:08:39Z</time></trkpt><trkpt lat="22.250984283396573" lon="113.947718808265"><ele>530.919757223013</ele><time>2022-09-03T02:09:00Z</time></trkpt><trkpt lat="22.251001307345724" lon="113.94773481974514"><ele>531.9660070223478</ele><time>2022-09-03T02:09:04Z</time></trkpt><trkpt lat="22.251016487251018" lon="113.9477554770782"><ele>532.3354198063547</ele><time>2022-09-03T02:09:06Z</time></trkpt><trkpt lat="22.251033132189765" lon="113.94777294002813"><ele>533.3382438762576</ele><time>2022-09-03T02:09:08Z</time></trkpt><trkpt lat="22.25104122415426" lon="113.94779270981509"><ele>533.7368151820972</ele><time>2022-09-03T02:09:11Z</time></trkpt><trkpt lat="22.251053793159713" lon="113.9478088195867"><ele>533.957325192325</ele><time>2022-09-03T02:09:14Z</time></trkpt><trkpt lat="22.25107245887137" lon="113.94783249984013"><ele>533.932061171793</ele><time>2022-09-03T02:09:17Z</time></trkpt><trkpt lat="22.251081051256065" lon="113.94785006121288"><ele>533.7252113016891</ele><time>2022-09-03T02:09:20Z</time></trkpt><trkpt lat="22.251100015391465" lon="113.94786668295303"><ele>534.1582056581476</ele><time>2022-09-03T02:09:23Z</time></trkpt><trkpt lat="22.251117919930117" lon="113.94788523131413"><ele>534.5243398948784</ele><time>2022-09-03T02:09:26Z</time></trkpt><trkpt lat="22.251126581998957" lon="113.94790597124573"><ele>535.3461385551683</ele><time>2022-09-03T02:09:29Z</time></trkpt><trkpt lat="22.251145463999627" lon="113.94792491843012"><ele>535.5750557369624</ele><time>2022-09-03T02:09:32Z</time></trkpt><trkpt lat="22.25116186787606" lon="113.94793707125801"><ele>535.4424660232544</ele><time>2022-09-03T02:09:35Z</time></trkpt><trkpt lat="22.251171227358597" lon="113.94796074911898"><ele>536.1313054317943</ele><time>2022-09-03T02:09:47Z</time></trkpt><trkpt lat="22.25118965470848" lon="113.94797756744894"><ele>535.9250551491742</ele><time>2022-09-03T02:09:49Z</time></trkpt><trkpt lat="22.251202931618252" lon="113.94799514113788"><ele>535.481942956256</ele><time>2022-09-03T02:09:52Z</time></trkpt><trkpt lat="22.25122048157343" lon="113.94800677005856"><ele>535.9685050351383</ele><time>2022-09-03T02:09:55Z</time></trkpt><trkpt lat="22.251237757927687" lon="113.94801960356781"><ele>535.9104378880844</ele><time>2022-09-03T02:09:58Z</time></trkpt><trkpt lat="22.251254532865868" lon="113.94803149981998"><ele>535.883783977046</ele><time>2022-09-03T02:10:01Z</time></trkpt><trkpt lat="22.251270890570297" lon="113.94804852856025"><ele>536.0021762365777</ele><time>2022-09-03T02:10:09Z</time></trkpt><trkpt lat="22.251290465370275" lon="113.94805081192064"><ele>536.3935336197612</ele><time>2022-09-03T02:10:11Z</time></trkpt><trkpt lat="22.25131510031436" lon="113.94806399968664"><ele>536.7104719422996</ele><time>2022-09-03T02:10:14Z</time></trkpt><trkpt lat="22.25133641770191" lon="113.94806910113562"><ele>536.9805690505044</ele><time>2022-09-03T02:10:18Z</time></trkpt><trkpt lat="22.251356229103216" lon="113.94807348115022"><ele>537.410111574952</ele><time>2022-09-03T02:10:21Z</time></trkpt><trkpt lat="22.25137159350088" lon="113.94809159073785"><ele>538.852529856396</ele><time>2022-09-03T02:10:27Z</time></trkpt><trkpt lat="22.251392136029544" lon="113.94810116415223"><ele>539.525272735487</ele><time>2022-09-03T02:10:30Z</time></trkpt><trkpt lat="22.25140950271612" lon="113.94811652702276"><ele>539.7853245497237</ele><time>2022-09-03T02:10:33Z</time></trkpt><trkpt lat="22.251419595030228" lon="113.94813628709487"><ele>539.9887774226344</ele><time>2022-09-03T02:10:36Z</time></trkpt><trkpt lat="22.251433761149176" lon="113.94814881663528"><ele>540.5625410307366</ele><time>2022-09-03T02:10:38Z</time></trkpt><trkpt lat="22.251448085672937" lon="113.94816175055752"><ele>541.3824218805048</ele><time>2022-09-03T02:10:41Z</time></trkpt><trkpt lat="22.251466734103687" lon="113.94816990743925"><ele>541.7533483166554</ele><time>2022-09-03T02:10:45Z</time></trkpt><trkpt lat="22.2514787239087" lon="113.94818616288379"><ele>542.6980907853824</ele><time>2022-09-03T02:12:10Z</time></trkpt><trkpt lat="22.25148219401474" lon="113.94820861344762"><ele>543.1513969609812</ele><time>2022-09-03T02:12:13Z</time></trkpt><trkpt lat="22.251479517804754" lon="113.94823523869017"><ele>543.8104868264322</ele><time>2022-09-03T02:12:16Z</time></trkpt><trkpt lat="22.251486131643556" lon="113.94825508085295"><ele>544.917228451209</ele><time>2022-09-03T02:12:20Z</time></trkpt><trkpt lat="22.251495966234984" lon="113.94827227958937"><ele>545.6289847497509</ele><time>2022-09-03T02:12:50Z</time></trkpt><trkpt lat="22.251507628614803" lon="113.94829183881355"><ele>545.6938902494289</ele><time>2022-09-03T02:12:53Z</time></trkpt><trkpt lat="22.251508271843097" lon="113.94831173693882"><ele>545.8437745175954</ele><time>2022-09-03T02:12:57Z</time></trkpt><trkpt lat="22.25151314091355" lon="113.9483342298038"><ele>545.5702928960064</ele><time>2022-09-03T02:13:01Z</time></trkpt><trkpt lat="22.25152297235878" lon="113.94835056142726"><ele>545.4316094396911</ele><time>2022-09-03T02:13:05Z</time></trkpt><trkpt lat="22.251540395213862" lon="113.94836878933664"><ele>545.1664254834692</ele><time>2022-09-03T02:13:09Z</time></trkpt><trkpt lat="22.251556955391376" lon="113.94838441874855"><ele>544.9895479141518</ele><time>2022-09-03T02:13:13Z</time></trkpt><trkpt lat="22.251569882925658" lon="113.94840008890286"><ele>545.7940168711642</ele><time>2022-09-03T02:13:17Z</time></trkpt><trkpt lat="22.251579172540552" lon="113.94842050064601"><ele>546.3336895550589</ele><time>2022-09-03T02:13:27Z</time></trkpt><trkpt lat="22.251580420717726" lon="113.9484437732735"><ele>547.2951144787594</ele><time>2022-09-03T02:13:32Z</time></trkpt><trkpt lat="22.251567796653053" lon="113.94845893036305"><ele>547.5096568987835</ele><time>2022-09-03T02:13:34Z</time></trkpt><trkpt lat="22.251556777794654" lon="113.94847818152864"><ele>547.8288232592628</ele><time>2022-09-03T02:13:37Z</time></trkpt><trkpt lat="22.251543112207603" lon="113.94849326470337"><ele>548.6886188028196</ele><time>2022-09-03T02:13:45Z</time></trkpt><trkpt lat="22.251536667416207" lon="113.94852530378395"><ele>548.8231425005326</ele><time>2022-09-03T02:13:48Z</time></trkpt><trkpt lat="22.251536502190252" lon="113.9485478440906"><ele>550.9870944582182</ele><time>2022-09-03T02:14:06Z</time></trkpt><trkpt lat="22.251539760322686" lon="113.94856987808001"><ele>551.065778718017</ele><time>2022-09-03T02:14:09Z</time></trkpt><trkpt lat="22.251542580605538" lon="113.9485910347091"><ele>552.9657736848311</ele><time>2022-09-03T02:14:21Z</time></trkpt><trkpt lat="22.25153299685576" lon="113.94860965791513"><ele>555.1478548180004</ele><time>2022-09-03T02:14:24Z</time></trkpt><trkpt lat="22.25154419233058" lon="113.94863071543818"><ele>554.8331462259667</ele><time>2022-09-03T02:14:27Z</time></trkpt><trkpt lat="22.25154576052605" lon="113.94865087810123"><ele>555.1254701667541</ele><time>2022-09-03T02:14:30Z</time></trkpt><trkpt lat="22.251544860355988" lon="113.94867144847748"><ele>556.6643063725901</ele><time>2022-09-03T02:14:57Z</time></trkpt><trkpt lat="22.25153827731507" lon="113.94869430669884"><ele>557.7666710048994</ele><time>2022-09-03T02:15:01Z</time></trkpt><trkpt lat="22.251528304242285" lon="113.94871054137359"><ele>558.125979031862</ele><time>2022-09-03T02:15:04Z</time></trkpt><trkpt lat="22.251520924584145" lon="113.94872988983957"><ele>558.9076909187505</ele><time>2022-09-03T02:15:14Z</time></trkpt><trkpt lat="22.251514229289995" lon="113.94874930993218"><ele>558.9355047490948</ele><time>2022-09-03T02:15:19Z</time></trkpt><trkpt lat="22.25151248367368" lon="113.94877696643758"><ele>560.4421351163245</ele><time>2022-09-03T02:15:27Z</time></trkpt><trkpt lat="22.251513088538637" lon="113.9487977570898"><ele>561.9227280143729</ele><time>2022-09-03T02:15:38Z</time></trkpt><trkpt lat="22.251506187733447" lon="113.94882168037797"><ele>562.5009539959358</ele><time>2022-09-03T02:15:48Z</time></trkpt><trkpt lat="22.25149061579049" lon="113.94883390905085"><ele>563.2068490270107</ele><time>2022-09-03T02:15:52Z</time></trkpt><trkpt lat="22.251479350034497" lon="113.94885086075487"><ele>564.5101162612897</ele><time>2022-09-03T02:17:39Z</time></trkpt><trkpt lat="22.251482278904188" lon="113.94887003585391"><ele>565.386259770782</ele><time>2022-09-03T02:17:49Z</time></trkpt><trkpt lat="22.251479845047097" lon="113.94888973610789"><ele>565.7599064787087</ele><time>2022-09-03T02:17:51Z</time></trkpt><trkpt lat="22.251481328544653" lon="113.94891467297359"><ele>565.7871793880387</ele><time>2022-09-03T02:17:54Z</time></trkpt><trkpt lat="22.251480608456212" lon="113.94893605180201"><ele>566.0340893698095</ele><time>2022-09-03T02:17:58Z</time></trkpt><trkpt lat="22.251471075207046" lon="113.94895624757149"><ele>567.1423286524575</ele><time>2022-09-03T02:18:31Z</time></trkpt><trkpt lat="22.251458827205692" lon="113.94897804156545"><ele>568.1752825665681</ele><time>2022-09-03T02:18:35Z</time></trkpt><trkpt lat="22.25144447238708" lon="113.94899453799557"><ele>571.3372400972985</ele><time>2022-09-03T02:18:38Z</time></trkpt><trkpt lat="22.251438683561677" lon="113.94901760278265"><ele>572.1341727225066</ele><time>2022-09-03T02:18:41Z</time></trkpt><trkpt lat="22.251438012312455" lon="113.94903908223274"><ele>572.2979301011003</ele><time>2022-09-03T02:18:44Z</time></trkpt><trkpt lat="22.25144033747142" lon="113.94905995431316"><ele>572.6610184731665</ele><time>2022-09-03T02:18:49Z</time></trkpt><trkpt lat="22.251424344240263" lon="113.94907826157956"><ele>575.9446197670599</ele><time>2022-09-03T02:19:49Z</time></trkpt><trkpt lat="22.251431809309057" lon="113.94909931384744"><ele>576.292437530563</ele><time>2022-09-03T02:19:52Z</time></trkpt><trkpt lat="22.25142326429026" lon="113.94911802431959"><ele>576.573763774777</ele><time>2022-09-03T02:19:56Z</time></trkpt><trkpt lat="22.25143254835468" lon="113.94913670862462"><ele>576.9284195373853</ele><time>2022-09-03T02:20:03Z</time></trkpt><trkpt lat="22.251437176358788" lon="113.94915911829919"><ele>576.8142312373851</ele><time>2022-09-03T02:20:08Z</time></trkpt><trkpt lat="22.251427376188648" lon="113.94918081050413"><ele>577.8387493314787</ele><time>2022-09-03T02:20:12Z</time></trkpt><trkpt lat="22.251422327487916" lon="113.94920319644882"><ele>579.9433770184711</ele><time>2022-09-03T02:20:17Z</time></trkpt><trkpt lat="22.251420341479722" lon="113.94922821287035"><ele>580.892127828322</ele><time>2022-09-03T02:20:22Z</time></trkpt><trkpt lat="22.25141559071315" lon="113.94925214759239"><ele>581.9961935921697</ele><time>2022-09-03T02:20:27Z</time></trkpt><trkpt lat="22.25140985122953" lon="113.94927354975115"><ele>582.7334242682299</ele><time>2022-09-03T02:20:31Z</time></trkpt><trkpt lat="22.251406099916768" lon="113.94929352242782"><ele>584.2813193680729</ele><time>2022-09-03T02:20:38Z</time></trkpt><trkpt lat="22.25140422621098" lon="113.94931461816445"><ele>584.4291620107005</ele><time>2022-09-03T02:20:42Z</time></trkpt><trkpt lat="22.251399041820683" lon="113.94933505742847"><ele>584.9962375019901</ele><time>2022-09-03T02:20:52Z</time></trkpt><trkpt lat="22.251406316798043" lon="113.94935520143562"><ele>585.1623351625877</ele><time>2022-09-03T02:20:57Z</time></trkpt><trkpt lat="22.251419293133637" lon="113.94937380339024"><ele>585.303596344808</ele><time>2022-09-03T02:20:59Z</time></trkpt><trkpt lat="22.251417970763978" lon="113.94939729360544"><ele>586.9509424670085</ele><time>2022-09-03T02:21:09Z</time></trkpt><trkpt lat="22.251413607739398" lon="113.94942449731538"><ele>587.3407666838812</ele><time>2022-09-03T02:21:12Z</time></trkpt><trkpt lat="22.25140680549416" lon="113.94944657477576"><ele>587.7299178441158</ele><time>2022-09-03T02:21:15Z</time></trkpt><trkpt lat="22.251402701775653" lon="113.94946850722387"><ele>588.3817658885797</ele><time>2022-09-03T02:21:19Z</time></trkpt><trkpt lat="22.25141477308925" lon="113.94948465287102"><ele>589.3905121490749</ele><time>2022-09-03T02:21:37Z</time></trkpt><trkpt lat="22.2514349410472" lon="113.94948777571544"><ele>588.9991843011678</ele><time>2022-09-03T02:21:44Z</time></trkpt><trkpt lat="22.25143926134963" lon="113.94951022694082"><ele>590.3479391858253</ele><time>2022-09-03T02:21:48Z</time></trkpt><trkpt lat="22.251443682458827" lon="113.94953385476515"><ele>591.7861467443562</ele><time>2022-09-03T02:21:52Z</time></trkpt><trkpt lat="22.251447060586774" lon="113.94955431469866"><ele>593.3475458247631</ele><time>2022-09-03T02:22:01Z</time></trkpt><trkpt lat="22.251453749342456" lon="113.94957293173547"><ele>594.6020836940867</ele><time>2022-09-03T02:22:05Z</time></trkpt><trkpt lat="22.251458059674064" lon="113.94959273405208"><ele>594.5958873165581</ele><time>2022-09-03T02:22:07Z</time></trkpt><trkpt lat="22.251463119949545" lon="113.94961150498058"><ele>595.1460424692435</ele><time>2022-09-03T02:22:10Z</time></trkpt><trkpt lat="22.251471642646504" lon="113.94963216446247"><ele>595.5422157686587</ele><time>2022-09-03T02:22:13Z</time></trkpt><trkpt lat="22.251478414714168" lon="113.94965415412521"><ele>596.3176496488304</ele><time>2022-09-03T02:22:17Z</time></trkpt><trkpt lat="22.251490852069907" lon="113.94967302688758"><ele>596.4175679800945</ele><time>2022-09-03T02:22:21Z</time></trkpt><trkpt lat="22.251500464013734" lon="113.94969360204036"><ele>596.7185016420733</ele><time>2022-09-03T02:22:24Z</time></trkpt><trkpt lat="22.251509071517674" lon="113.94971322593018"><ele>597.9447192061818</ele><time>2022-09-03T02:23:00Z</time></trkpt><trkpt lat="22.25152354419093" lon="113.94972612433253"><ele>598.3126059045819</ele><time>2022-09-03T02:23:09Z</time></trkpt><trkpt lat="22.251537724608315" lon="113.9497442479432"><ele>598.9251088863609</ele><time>2022-09-03T02:23:12Z</time></trkpt><trkpt lat="22.251553084460443" lon="113.94977110521965"><ele>599.2559667606287</ele><time>2022-09-03T02:23:15Z</time></trkpt><trkpt lat="22.251565657849657" lon="113.94978960412826"><ele>599.7050823982406</ele><time>2022-09-03T02:23:18Z</time></trkpt><trkpt lat="22.251579625406837" lon="113.94980749134079"><ele>599.569937119794</ele><time>2022-09-03T02:23:21Z</time></trkpt><trkpt lat="22.25159168345709" lon="113.94982310944327"><ele>600.0782417431622</ele><time>2022-09-03T02:23:32Z</time></trkpt><trkpt lat="22.25160003360236" lon="113.94984056295552"><ele>600.673491588863</ele><time>2022-09-03T02:23:36Z</time></trkpt><trkpt lat="22.25161322613749" lon="113.94986379398568"><ele>601.5128885641487</ele><time>2022-09-03T02:23:39Z</time></trkpt><trkpt lat="22.25162693518889" lon="113.94988005588904"><ele>602.4746181037357</ele><time>2022-09-03T02:23:43Z</time></trkpt><trkpt lat="22.25163629488702" lon="113.94989852478732"><ele>602.8299654593033</ele><time>2022-09-03T02:23:47Z</time></trkpt><trkpt lat="22.251646517086094" lon="113.94991878617748"><ele>603.1287762550909</ele><time>2022-09-03T02:23:52Z</time></trkpt><trkpt lat="22.25166670293538" lon="113.94993362317014"><ele>603.8969803811815</ele><time>2022-09-03T02:23:56Z</time></trkpt><trkpt lat="22.251682979967754" lon="113.94994794973766"><ele>604.6577558977295</ele><time>2022-09-03T02:24:05Z</time></trkpt><trkpt lat="22.251700023033454" lon="113.94996040506481"><ele>605.9848130697608</ele><time>2022-09-03T02:24:07Z</time></trkpt><trkpt lat="22.251718625662733" lon="113.94996910871116"><ele>606.7788019232254</ele><time>2022-09-03T02:24:12Z</time></trkpt><trkpt lat="22.251738386613436" lon="113.94996920361986"><ele>610.4278180463418</ele><time>2022-09-03T02:27:12Z</time></trkpt><trkpt lat="22.251756294876895" lon="113.94996663732043"><ele>610.8955258693176</ele><time>2022-09-03T02:27:15Z</time></trkpt><trkpt lat="22.251774750572455" lon="113.94997294597579"><ele>611.6201224740208</ele><time>2022-09-03T02:27:20Z</time></trkpt><trkpt lat="22.25179500070789" lon="113.94999001870158"><ele>612.0358680736241</ele><time>2022-09-03T02:27:29Z</time></trkpt><trkpt lat="22.251815270121327" lon="113.94999913850246"><ele>612.2381538239554</ele><time>2022-09-03T02:27:33Z</time></trkpt><trkpt lat="22.2518385561054" lon="113.94999949273253"><ele>612.7134197786237</ele><time>2022-09-03T02:27:37Z</time></trkpt><trkpt lat="22.251850190191593" lon="113.95001697269565"><ele>612.639932642958</ele><time>2022-09-03T02:27:40Z</time></trkpt><trkpt lat="22.25186724279426" lon="113.95002840978997"><ele>613.1564384554337</ele><time>2022-09-03T02:27:45Z</time></trkpt><trkpt lat="22.251886511161636" lon="113.95003312711401"><ele>613.9781612658077</ele><time>2022-09-03T02:27:50Z</time></trkpt><trkpt lat="22.251903059031832" lon="113.95001179853043"><ele>614.2222176572648</ele><time>2022-09-03T02:27:54Z</time></trkpt><trkpt lat="22.25192662500515" lon="113.95001555351703"><ele>614.4680727608277</ele><time>2022-09-03T02:27:58Z</time></trkpt><trkpt lat="22.25192602445433" lon="113.95003976351127"><ele>616.6071669885216</ele><time>2022-09-03T02:31:38Z</time></trkpt><trkpt lat="22.25191740329411" lon="113.95005892330298"><ele>616.7501517786402</ele><time>2022-09-03T02:31:39Z</time></trkpt><trkpt lat="22.251914239019083" lon="113.95008366238928"><ele>617.0065640089208</ele><time>2022-09-03T02:31:41Z</time></trkpt><trkpt lat="22.251925901869157" lon="113.95010350268105"><ele>617.1365929674897</ele><time>2022-09-03T02:31:45Z</time></trkpt><trkpt lat="22.251934437233256" lon="113.95012198797507"><ele>617.3367074957682</ele><time>2022-09-03T02:31:48Z</time></trkpt><trkpt lat="22.251945591364013" lon="113.95014171801972"><ele>618.2365805534669</ele><time>2022-09-03T02:32:26Z</time></trkpt><trkpt lat="22.251943923814466" lon="113.95016429261706"><ele>619.8930864912078</ele><time>2022-09-03T02:32:31Z</time></trkpt><trkpt lat="22.251949104626224" lon="113.95018327032045"><ele>620.7080706130723</ele><time>2022-09-03T02:32:34Z</time></trkpt><trkpt lat="22.251971688791713" lon="113.95019773829237"><ele>621.5283589900027</ele><time>2022-09-03T02:33:13Z</time></trkpt><trkpt lat="22.251980290028666" lon="113.95021825024148"><ele>622.2632109998693</ele><time>2022-09-03T02:33:18Z</time></trkpt><trkpt lat="22.251972386398855" lon="113.95024245532677"><ele>623.07485818262</ele><time>2022-09-03T02:33:22Z</time></trkpt><trkpt lat="22.25195059663685" lon="113.95025445000279"><ele>624.1687362365195</ele><time>2022-09-03T02:33:25Z</time></trkpt><trkpt lat="22.25194184520735" lon="113.9502764352233"><ele>625.5554069313324</ele><time>2022-09-03T02:33:31Z</time></trkpt><trkpt lat="22.25193418554476" lon="113.95029977935111"><ele>626.5153175987632</ele><time>2022-09-03T02:33:35Z</time></trkpt><trkpt lat="22.251952996180297" lon="113.95031582815392"><ele>626.8299511262001</ele><time>2022-09-03T02:33:38Z</time></trkpt><trkpt lat="22.25197318079302" lon="113.95032303127267"><ele>627.3645843047528</ele><time>2022-09-03T02:33:42Z</time></trkpt><trkpt lat="22.251983615494535" lon="113.9503416875201"><ele>627.7463657227112</ele><time>2022-09-03T02:33:47Z</time></trkpt><trkpt lat="22.251994125407762" lon="113.95035754989627"><ele>628.3997552816813</ele><time>2022-09-03T02:33:55Z</time></trkpt><trkpt lat="22.25200914258223" lon="113.9503699015929"><ele>628.4792102130561</ele><time>2022-09-03T02:33:58Z</time></trkpt><trkpt lat="22.25201118638412" lon="113.95038991232423"><ele>628.8174561520283</ele><time>2022-09-03T02:34:03Z</time></trkpt><trkpt lat="22.252033515162513" lon="113.9503954029586"><ele>629.2393631255039</ele><time>2022-09-03T02:34:09Z</time></trkpt><trkpt lat="22.252048642632612" lon="113.95040912061222"><ele>629.06826226395</ele><time>2022-09-03T02:34:19Z</time></trkpt><trkpt lat="22.252064077168335" lon="113.95043214799917"><ele>631.4508349629716</ele><time>2022-09-03T02:34:29Z</time></trkpt><trkpt lat="22.252074729739768" lon="113.95045229842567"><ele>632.3092537647275</ele><time>2022-09-03T02:34:33Z</time></trkpt><trkpt lat="22.252075357995437" lon="113.95047865709206"><ele>633.0638158498557</ele><time>2022-09-03T02:34:38Z</time></trkpt><trkpt lat="22.25208238562735" lon="113.95049752627968"><ele>633.6121272510912</ele><time>2022-09-03T02:34:50Z</time></trkpt><trkpt lat="22.252086481129723" lon="113.95052131877947"><ele>633.9892903399119</ele><time>2022-09-03T02:34:54Z</time></trkpt><trkpt lat="22.252098393825843" lon="113.95054594502675"><ele>634.2846225637137</ele><time>2022-09-03T02:34:56Z</time></trkpt><trkpt lat="22.252096406292846" lon="113.95056795915104"><ele>636.5305308961113</ele><time>2022-09-03T02:34:59Z</time></trkpt><trkpt lat="22.25209447341471" lon="113.95059236823809"><ele>637.2162540970637</ele><time>2022-09-03T02:35:03Z</time></trkpt><trkpt lat="22.252101312018976" lon="113.95061691253954"><ele>637.6658627446755</ele><time>2022-09-03T02:35:08Z</time></trkpt><trkpt lat="22.252110435986094" lon="113.95063423246044"><ele>638.1585634245755</ele><time>2022-09-03T02:35:12Z</time></trkpt><trkpt lat="22.25212115751156" lon="113.95064999190333"><ele>637.9269956247629</ele><time>2022-09-03T02:35:15Z</time></trkpt><trkpt lat="22.252131169786534" lon="113.95067122129198"><ele>637.1177191616181</ele><time>2022-09-03T02:35:19Z</time></trkpt><trkpt lat="22.252138852749727" lon="113.95068901116188"><ele>636.9080001480269</ele><time>2022-09-03T02:35:22Z</time></trkpt><trkpt lat="22.252150607144348" lon="113.95071511467528"><ele>636.6546317245509</ele><time>2022-09-03T02:35:25Z</time></trkpt><trkpt lat="22.252167933337045" lon="113.95072544077746"><ele>638.4298216016299</ele><time>2022-09-03T02:35:27Z</time></trkpt><trkpt lat="22.252183756949265" lon="113.95073862073822"><ele>638.4938753476889</ele><time>2022-09-03T02:35:36Z</time></trkpt><trkpt lat="22.252204546806983" lon="113.95076097503357"><ele>638.42673215597</ele><time>2022-09-03T02:35:39Z</time></trkpt><trkpt lat="22.252216924516137" lon="113.95078366462573"><ele>638.4140330408424</ele><time>2022-09-03T02:35:41Z</time></trkpt><trkpt lat="22.252234854300358" lon="113.9507992698125"><ele>638.3628892213767</ele><time>2022-09-03T02:35:44Z</time></trkpt><trkpt lat="22.252252710466976" lon="113.95081794714136"><ele>638.6354250095583</ele><time>2022-09-03T02:35:51Z</time></trkpt><trkpt lat="22.252251119698258" lon="113.95084050302445"><ele>638.4048465785806</ele><time>2022-09-03T02:35:57Z</time></trkpt><trkpt lat="22.252233120528015" lon="113.95087361829466"><ele>639.5216631679003</ele><time>2022-09-03T02:36:01Z</time></trkpt><trkpt lat="22.25224592044693" lon="113.95089343811298"><ele>640.1494061726196</ele><time>2022-09-03T02:36:07Z</time></trkpt><trkpt lat="22.252264952601642" lon="113.95089083207564"><ele>641.3557756896116</ele><time>2022-09-03T02:36:08Z</time></trkpt><trkpt lat="22.252287425909685" lon="113.95089746843806"><ele>641.216654613406</ele><time>2022-09-03T02:36:12Z</time></trkpt><trkpt lat="22.252300521920983" lon="113.95091290715634"><ele>641.0141667413195</ele><time>2022-09-03T02:36:14Z</time></trkpt><trkpt lat="22.25231033205274" lon="113.95093413760848"><ele>641.2439980482737</ele><time>2022-09-03T02:36:17Z</time></trkpt><trkpt lat="22.252314851986416" lon="113.95095449906286"><ele>641.2846372149537</ele><time>2022-09-03T02:36:19Z</time></trkpt><trkpt lat="22.2523192443321" lon="113.95097444844292"><ele>641.9089675564368</ele><time>2022-09-03T02:36:27Z</time></trkpt><trkpt lat="22.252325947125446" lon="113.95099336310766"><ele>641.9130879069515</ele><time>2022-09-03T02:36:29Z</time></trkpt><trkpt lat="22.252334317806174" lon="113.95101803675279"><ele>642.3196074899267</ele><time>2022-09-03T02:36:32Z</time></trkpt><trkpt lat="22.252339896199608" lon="113.9510403559353"><ele>643.2257375535507</ele><time>2022-09-03T02:36:42Z</time></trkpt><trkpt lat="22.25234590019718" lon="113.95106535299557"><ele>643.7990046328636</ele><time>2022-09-03T02:36:45Z</time></trkpt><trkpt lat="22.25235282846056" lon="113.95108814242958"><ele>644.0269228650504</ele><time>2022-09-03T02:36:48Z</time></trkpt><trkpt lat="22.252356136012175" lon="113.9511099164378"><ele>644.2787939247635</ele><time>2022-09-03T02:36:51Z</time></trkpt><trkpt lat="22.252365066104854" lon="113.95112769186831"><ele>645.381422575398</ele><time>2022-09-03T02:36:55Z</time></trkpt><trkpt lat="22.25237674327185" lon="113.9511446000129"><ele>645.6617438626548</ele><time>2022-09-03T02:36:58Z</time></trkpt><trkpt lat="22.252390224050785" lon="113.95116123309619"><ele>645.7035464861605</ele><time>2022-09-03T02:37:00Z</time></trkpt><trkpt lat="22.25239917184904" lon="113.9511828030452"><ele>645.9819090170937</ele><time>2022-09-03T02:37:03Z</time></trkpt><trkpt lat="22.252401807634524" lon="113.95120278635544"><ele>646.3890722819903</ele><time>2022-09-03T02:37:07Z</time></trkpt><trkpt lat="22.252400192317307" lon="113.95122258340139"><ele>646.3983169884222</ele><time>2022-09-03T02:37:09Z</time></trkpt><trkpt lat="22.252402932794144" lon="113.95124311224907"><ele>646.5935388832484</ele><time>2022-09-03T02:37:12Z</time></trkpt><trkpt lat="22.252407224745486" lon="113.9512664932225"><ele>647.368132822466</ele><time>2022-09-03T02:37:19Z</time></trkpt><trkpt lat="22.252415556599786" lon="113.9512944174632"><ele>647.8792415150075</ele><time>2022-09-03T02:37:22Z</time></trkpt><trkpt lat="22.252417020610782" lon="113.95132228518514"><ele>647.9826273300329</ele><time>2022-09-03T02:37:24Z</time></trkpt><trkpt lat="22.252420230913856" lon="113.95134590007572"><ele>648.1057813378657</ele><time>2022-09-03T02:37:26Z</time></trkpt><trkpt lat="22.252421821261976" lon="113.95137251644022"><ele>648.7120029965358</ele><time>2022-09-03T02:37:29Z</time></trkpt><trkpt lat="22.252414580015333" lon="113.95139380502728"><ele>648.9338127267196</ele><time>2022-09-03T02:37:32Z</time></trkpt><trkpt lat="22.252418303046642" lon="113.95142268536422"><ele>650.4949494546</ele><time>2022-09-03T02:37:36Z</time></trkpt><trkpt lat="22.252431341083415" lon="113.95144208857248"><ele>648.8760981887746</ele><time>2022-09-03T02:37:37Z</time></trkpt><trkpt lat="22.252437400372138" lon="113.9514612993237"><ele>648.8217411600447</ele><time>2022-09-03T02:37:40Z</time></trkpt><trkpt lat="22.252423242474823" lon="113.95148393414277"><ele>652.0783880293665</ele><time>2022-09-03T02:38:14Z</time></trkpt><trkpt lat="22.25242795538918" lon="113.95151341100421"><ele>652.3298584496359</ele><time>2022-09-03T02:38:16Z</time></trkpt><trkpt lat="22.252429843834882" lon="113.95153755740682"><ele>652.486396917198</ele><time>2022-09-03T02:38:19Z</time></trkpt><trkpt lat="22.25243478635532" lon="113.95155792268491"><ele>652.7389120716381</ele><time>2022-09-03T02:38:21Z</time></trkpt><trkpt lat="22.252445995385184" lon="113.95157509372646"><ele>653.3387808508469</ele><time>2022-09-03T02:38:23Z</time></trkpt><trkpt lat="22.252454543911497" lon="113.95159255491711"><ele>653.7397768272776</ele><time>2022-09-03T02:38:26Z</time></trkpt><trkpt lat="22.25245262454015" lon="113.95161554837209"><ele>654.4638685355595</ele><time>2022-09-03T02:38:29Z</time></trkpt><trkpt lat="22.252454129248925" lon="113.95164331748062"><ele>655.6560594731891</ele><time>2022-09-03T02:38:32Z</time></trkpt><trkpt lat="22.25245512692163" lon="113.9516638733255"><ele>656.1599163505684</ele><time>2022-09-03T02:38:35Z</time></trkpt><trkpt lat="22.25245616738254" lon="113.95168808137511"><ele>656.6528580741326</ele><time>2022-09-03T02:38:38Z</time></trkpt><trkpt lat="22.252461883853993" lon="113.95171368880344"><ele>657.5680812243554</ele><time>2022-09-03T02:38:41Z</time></trkpt><trkpt lat="22.252468772823587" lon="113.95173693282968"><ele>657.8862046830835</ele><time>2022-09-03T02:38:44Z</time></trkpt><trkpt lat="22.252487501070064" lon="113.95175023348737"><ele>659.284026763876</ele><time>2022-09-03T02:38:45Z</time></trkpt><trkpt lat="22.252495909813973" lon="113.95177000160872"><ele>659.4864024248241</ele><time>2022-09-03T02:38:48Z</time></trkpt><trkpt lat="22.252489841391775" lon="113.95179164561267"><ele>659.9925552625698</ele><time>2022-09-03T02:38:52Z</time></trkpt><trkpt lat="22.252485449718378" lon="113.95181165570979"><ele>660.968450143019</ele><time>2022-09-03T02:38:56Z</time></trkpt><trkpt lat="22.252481985113338" lon="113.95183376535346"><ele>661.3162068998064</ele><time>2022-09-03T02:38:59Z</time></trkpt><trkpt lat="22.252483139429376" lon="113.95185334718796"><ele>661.2827152005167</ele><time>2022-09-03T02:39:01Z</time></trkpt><trkpt lat="22.252483441524905" lon="113.95187410929512"><ele>661.4694543492772</ele><time>2022-09-03T02:39:03Z</time></trkpt><trkpt lat="22.252483105083698" lon="113.95189393497158"><ele>661.3058019562751</ele><time>2022-09-03T02:39:05Z</time></trkpt><trkpt lat="22.252483392108154" lon="113.95191539351636"><ele>661.4599979153716</ele><time>2022-09-03T02:39:08Z</time></trkpt><trkpt lat="22.252488981634198" lon="113.95193591569732"><ele>661.7637787230157</ele><time>2022-09-03T02:39:10Z</time></trkpt><trkpt lat="22.252494821003005" lon="113.95195786968387"><ele>662.5116746563906</ele><time>2022-09-03T02:39:13Z</time></trkpt><trkpt lat="22.252510895437563" lon="113.95197381436847"><ele>663.3605543409014</ele><time>2022-09-03T02:39:18Z</time></trkpt><trkpt lat="22.25251572706934" lon="113.95199505148149"><ele>663.5790473479991</ele><time>2022-09-03T02:39:20Z</time></trkpt><trkpt lat="22.25251272247781" lon="113.95201548335797"><ele>665.6805293303146</ele><time>2022-09-03T02:39:23Z</time></trkpt><trkpt lat="22.252517214031" lon="113.95203840942577"><ele>667.4796374422627</ele><time>2022-09-03T02:39:27Z</time></trkpt><trkpt lat="22.2525241521589" lon="113.95205857815861"><ele>667.1660220456313</ele><time>2022-09-03T02:39:30Z</time></trkpt><trkpt lat="22.25253196139354" lon="113.952076895019"><ele>667.5901185220788</ele><time>2022-09-03T02:39:33Z</time></trkpt><trkpt lat="22.252524104596706" lon="113.95209852183262"><ele>668.2577842146413</ele><time>2022-09-03T02:39:36Z</time></trkpt><trkpt lat="22.252499708771392" lon="113.95210879358348"><ele>669.0560651746919</ele><time>2022-09-03T02:39:40Z</time></trkpt><trkpt lat="22.252483981256134" lon="113.95212257179881"><ele>669.8346319351219</ele><time>2022-09-03T02:39:43Z</time></trkpt><trkpt lat="22.25246110407817" lon="113.95212623443626"><ele>671.7006557067705</ele><time>2022-09-03T02:39:57Z</time></trkpt><trkpt lat="22.252439055800238" lon="113.95212486201946"><ele>672.0427937757412</ele><time>2022-09-03T02:39:59Z</time></trkpt><trkpt lat="22.252417316611986" lon="113.95212123953655"><ele>672.3325441692077</ele><time>2022-09-03T02:40:01Z</time></trkpt><trkpt lat="22.252390572780396" lon="113.95212062944347"><ele>672.727212548872</ele><time>2022-09-03T02:40:04Z</time></trkpt><trkpt lat="22.252368106113103" lon="113.95210972043914"><ele>673.1621472144968</ele><time>2022-09-03T02:40:07Z</time></trkpt><trkpt lat="22.252351986545786" lon="113.95209422323639"><ele>674.151191654357</ele><time>2022-09-03T02:40:10Z</time></trkpt><trkpt lat="22.25234514702258" lon="113.95207583445324"><ele>674.3344021506649</ele><time>2022-09-03T02:40:14Z</time></trkpt><trkpt lat="22.25232768655386" lon="113.95206067597411"><ele>675.3757232241993</ele><time>2022-09-03T02:40:18Z</time></trkpt><trkpt lat="22.252311619600917" lon="113.95204434535304"><ele>676.7147175514469</ele><time>2022-09-03T02:40:22Z</time></trkpt><trkpt lat="22.252291327846265" lon="113.95203544264294"><ele>678.1960377449731</ele><time>2022-09-03T02:40:26Z</time></trkpt><trkpt lat="22.252276443364217" lon="113.95202329926697"><ele>679.2541554282539</ele><time>2022-09-03T02:40:29Z</time></trkpt><trkpt lat="22.25226704477401" lon="113.95200323729438"><ele>680.195308038155</ele><time>2022-09-03T02:40:32Z</time></trkpt><trkpt lat="22.252257756110456" lon="113.95198227425315"><ele>681.0258202217719</ele><time>2022-09-03T02:40:36Z</time></trkpt><trkpt lat="22.252268491054036" lon="113.95196394999053"><ele>684.2032043556626</ele><time>2022-09-03T02:43:00Z</time></trkpt><trkpt lat="22.252270097922413" lon="113.95198378146877"><ele>683.7552254580235</ele><time>2022-09-03T02:43:04Z</time></trkpt><trkpt lat="22.252280435329613" lon="113.95200970001856"><ele>683.5463269900247</ele><time>2022-09-03T02:43:07Z</time></trkpt><trkpt lat="22.25231113160759" lon="113.95202648908764"><ele>682.9006155730762</ele><time>2022-09-03T02:43:33Z</time></trkpt><trkpt lat="22.25232919788708" lon="113.95204825178845"><ele>681.6544242031767</ele><time>2022-09-03T02:43:38Z</time></trkpt><trkpt lat="22.252341997201857" lon="113.952063460627"><ele>681.2875700969965</ele><time>2022-09-03T02:43:40Z</time></trkpt><trkpt lat="22.252347042219768" lon="113.95208364199776"><ele>680.6611177875208</ele><time>2022-09-03T02:43:42Z</time></trkpt><trkpt lat="22.25235736164464" lon="113.95210264020103"><ele>680.0533809382779</ele><time>2022-09-03T02:43:44Z</time></trkpt><trkpt lat="22.252374804345497" lon="113.95211124198279"><ele>679.4184952934157</ele><time>2022-09-03T02:43:46Z</time></trkpt><trkpt lat="22.252397599168567" lon="113.95212317594986"><ele>678.8578745020502</ele><time>2022-09-03T02:43:49Z</time></trkpt><trkpt lat="22.25242183294072" lon="113.95212272077264"><ele>678.3574284165647</ele><time>2022-09-03T02:43:52Z</time></trkpt><trkpt lat="22.25244068835182" lon="113.95212187281223"><ele>677.9742302906873</ele><time>2022-09-03T02:43:54Z</time></trkpt><trkpt lat="22.25245946176393" lon="113.95212257632816"><ele>677.7764085385262</ele><time>2022-09-03T02:43:56Z</time></trkpt><trkpt lat="22.252476941340486" lon="113.95211300388364"><ele>677.446232033876</ele><time>2022-09-03T02:43:59Z</time></trkpt><trkpt lat="22.25249489966953" lon="113.95210194588945"><ele>677.2937887534317</ele><time>2022-09-03T02:44:03Z</time></trkpt><trkpt lat="22.25251691998864" lon="113.95209977694435"><ele>677.1015115098425</ele><time>2022-09-03T02:44:07Z</time></trkpt><trkpt lat="22.252539201758534" lon="113.95210767848256"><ele>677.665281170801</ele><time>2022-09-03T02:44:11Z</time></trkpt><trkpt lat="22.25255799887747" lon="113.95211380500938"><ele>677.4409350693978</ele><time>2022-09-03T02:44:14Z</time></trkpt><trkpt lat="22.252575764109224" lon="113.9521207103372"><ele>677.5679693543143</ele><time>2022-09-03T02:44:17Z</time></trkpt><trkpt lat="22.252590540667864" lon="113.95213577707057"><ele>676.7104179372426</ele><time>2022-09-03T02:44:21Z</time></trkpt><trkpt lat="22.252599393181654" lon="113.95215749025498"><ele>677.1304931685762</ele><time>2022-09-03T02:44:24Z</time></trkpt><trkpt lat="22.252616200605225" lon="113.95217025770815"><ele>677.3739624106814</ele><time>2022-09-03T02:44:29Z</time></trkpt><trkpt lat="22.252635323322867" lon="113.9521685426954"><ele>677.7206658659134</ele><time>2022-09-03T02:44:33Z</time></trkpt><trkpt lat="22.252656044512083" lon="113.95217682269683"><ele>677.8562569231519</ele><time>2022-09-03T02:44:37Z</time></trkpt><trkpt lat="22.252662299890552" lon="113.9522069136263"><ele>680.7080694966438</ele><time>2022-09-03T02:44:40Z</time></trkpt><trkpt lat="22.252675277562027" lon="113.95222417923992"><ele>680.8527371075384</ele><time>2022-09-03T02:44:45Z</time></trkpt><trkpt lat="22.2526974813096" lon="113.95222478144125"><ele>680.7992867131524</ele><time>2022-09-03T02:44:48Z</time></trkpt><trkpt lat="22.25271451196518" lon="113.9522162752577"><ele>680.9668438018755</ele><time>2022-09-03T02:44:50Z</time></trkpt><trkpt lat="22.252734056058767" lon="113.95220373400889"><ele>681.4642233091142</ele><time>2022-09-03T02:44:53Z</time></trkpt><trkpt lat="22.252752092269155" lon="113.95220975161091"><ele>681.1769680503189</ele><time>2022-09-03T02:44:59Z</time></trkpt><trkpt lat="22.252757410202534" lon="113.95223279443151"><ele>681.4058792961715</ele><time>2022-09-03T02:45:04Z</time></trkpt><trkpt lat="22.252774027390526" lon="113.9522436578577"><ele>681.7749248960656</ele><time>2022-09-03T02:45:09Z</time></trkpt><trkpt lat="22.252792092446708" lon="113.95224520744681"><ele>681.9457204292517</ele><time>2022-09-03T02:45:12Z</time></trkpt><trkpt lat="22.252808914763175" lon="113.95223038875682"><ele>682.1262013087239</ele><time>2022-09-03T02:45:15Z</time></trkpt><trkpt lat="22.252824426082643" lon="113.95224095893889"><ele>682.8179527478555</ele><time>2022-09-03T02:45:20Z</time></trkpt><trkpt lat="22.252842950511972" lon="113.95223273427857"><ele>684.5907061770199</ele><time>2022-09-03T02:45:24Z</time></trkpt><trkpt lat="22.25285827013795" lon="113.9522486423204"><ele>685.1920018631694</ele><time>2022-09-03T02:45:28Z</time></trkpt><trkpt lat="22.252872889211897" lon="113.95226228969996"><ele>686.4593463794735</ele><time>2022-09-03T02:45:35Z</time></trkpt><trkpt lat="22.252893822176713" lon="113.95226854991044"><ele>686.7166476302534</ele><time>2022-09-03T02:45:40Z</time></trkpt><trkpt lat="22.25290878294533" lon="113.95228698473551"><ele>687.8003203463181</ele><time>2022-09-03T02:46:09Z</time></trkpt><trkpt lat="22.25292889686372" lon="113.95229477861055"><ele>688.6085459096387</ele><time>2022-09-03T02:46:19Z</time></trkpt><trkpt lat="22.252951399841635" lon="113.95230915402576"><ele>690.0677949074158</ele><time>2022-09-03T02:46:26Z</time></trkpt><trkpt lat="22.2529690685336" lon="113.95231901445844"><ele>690.7741806215091</ele><time>2022-09-03T02:46:28Z</time></trkpt><trkpt lat="22.252988207320023" lon="113.95231425808558"><ele>694.0240319693297</ele><time>2022-09-03T02:46:38Z</time></trkpt><trkpt lat="22.25301181885757" lon="113.95231038186802"><ele>694.7021306044202</ele><time>2022-09-03T02:46:43Z</time></trkpt><trkpt lat="22.25304028884724" lon="113.95230834477726"><ele>696.6471966853836</ele><time>2022-09-03T02:46:52Z</time></trkpt><trkpt lat="22.253063869134373" lon="113.9523098442862"><ele>697.7408376097126</ele><time>2022-09-03T02:46:56Z</time></trkpt><trkpt lat="22.253083669332394" lon="113.95230192133961"><ele>698.3960035549331</ele><time>2022-09-03T02:46:59Z</time></trkpt><trkpt lat="22.253101103009136" lon="113.95229003975415"><ele>699.1689438368415</ele><time>2022-09-03T02:47:02Z</time></trkpt><trkpt lat="22.25311946631399" lon="113.95229790241717"><ele>699.8953491523615</ele><time>2022-09-03T02:47:08Z</time></trkpt><trkpt lat="22.253138845882845" lon="113.95229970576024"><ele>700.8490335585064</ele><time>2022-09-03T02:47:16Z</time></trkpt><trkpt lat="22.253155821391513" lon="113.95231695129975"><ele>708.3508790903564</ele><time>2022-09-03T02:48:09Z</time></trkpt><trkpt lat="22.253180572642957" lon="113.95231499717625"><ele>708.2159267765912</ele><time>2022-09-03T02:48:12Z</time></trkpt><trkpt lat="22.253182212744715" lon="113.95233649079448"><ele>707.6368428801569</ele><time>2022-09-03T02:48:14Z</time></trkpt><trkpt lat="22.25319528454843" lon="113.95235759564304"><ele>707.6029338582433</ele><time>2022-09-03T02:48:17Z</time></trkpt><trkpt lat="22.25322467291343" lon="113.95236190229245"><ele>708.9598610909907</ele><time>2022-09-03T02:48:21Z</time></trkpt><trkpt lat="22.253246215532243" lon="113.95235948492088"><ele>709.9659221225297</ele><time>2022-09-03T02:48:24Z</time></trkpt><trkpt lat="22.25326335435433" lon="113.95237335846743"><ele>709.6727285713844</ele><time>2022-09-03T02:48:27Z</time></trkpt><trkpt lat="22.253278226745397" lon="113.9523886118171"><ele>709.6573482868655</ele><time>2022-09-03T02:48:35Z</time></trkpt><trkpt lat="22.253287696006268" lon="113.95240739210315"><ele>709.9337696611291</ele><time>2022-09-03T02:48:58Z</time></trkpt><trkpt lat="22.25329968493956" lon="113.95242221668263"><ele>709.6875559781364</ele><time>2022-09-03T02:49:01Z</time></trkpt><trkpt lat="22.253314687173237" lon="113.95243440500161"><ele>709.4995366564065</ele><time>2022-09-03T02:49:03Z</time></trkpt><trkpt lat="22.253329924759143" lon="113.95245075130784"><ele>710.0318889465882</ele><time>2022-09-03T02:49:07Z</time></trkpt><trkpt lat="22.25334627419693" lon="113.9524623752509"><ele>710.2233834391473</ele><time>2022-09-03T02:49:10Z</time></trkpt><trkpt lat="22.253366674361715" lon="113.95246945976619"><ele>710.2072637626294</ele><time>2022-09-03T02:49:14Z</time></trkpt><trkpt lat="22.253380347585388" lon="113.95248269680434"><ele>709.9972130758686</ele><time>2022-09-03T02:49:18Z</time></trkpt><trkpt lat="22.253385813761923" lon="113.95250724443525"><ele>713.843281559227</ele><time>2022-09-03T02:49:41Z</time></trkpt><trkpt lat="22.253406456699025" lon="113.95250836902454"><ele>714.4838094125633</ele><time>2022-09-03T02:49:43Z</time></trkpt><trkpt lat="22.25342890026163" lon="113.95250497316229"><ele>714.6268545447477</ele><time>2022-09-03T02:49:45Z</time></trkpt><trkpt lat="22.253447957693602" lon="113.95249912355699"><ele>714.6265107607542</ele><time>2022-09-03T02:49:47Z</time></trkpt><trkpt lat="22.253471003780383" lon="113.95250924381877"><ele>714.3712400310419</ele><time>2022-09-03T02:49:50Z</time></trkpt><trkpt lat="22.25347790730636" lon="113.95254055786508"><ele>714.7557657355152</ele><time>2022-09-03T02:49:53Z</time></trkpt><trkpt lat="22.25350159524507" lon="113.9525501096096"><ele>716.9390084480942</ele><time>2022-09-03T02:49:57Z</time></trkpt><trkpt lat="22.253525922836992" lon="113.95254349258478"><ele>717.1705868877391</ele><time>2022-09-03T02:50:00Z</time></trkpt><trkpt lat="22.253543072994404" lon="113.95253391964232"><ele>717.3272942887179</ele><time>2022-09-03T02:50:03Z</time></trkpt><trkpt lat="22.253563940026083" lon="113.95252811836713"><ele>717.505581493851</ele><time>2022-09-03T02:50:06Z</time></trkpt><trkpt lat="22.25357941432913" lon="113.9525412216868"><ele>717.5578341385853</ele><time>2022-09-03T02:50:09Z</time></trkpt><trkpt lat="22.25360208712127" lon="113.95254611980812"><ele>717.665193334482</ele><time>2022-09-03T02:50:13Z</time></trkpt><trkpt lat="22.253621529631907" lon="113.95254617276176"><ele>718.1036847335695</ele><time>2022-09-03T02:50:17Z</time></trkpt><trkpt lat="22.2536414307641" lon="113.9525418648984"><ele>718.6113410051945</ele><time>2022-09-03T02:50:21Z</time></trkpt><trkpt lat="22.253659949341987" lon="113.95253840212311"><ele>719.1393160833101</ele><time>2022-09-03T02:50:24Z</time></trkpt><trkpt lat="22.25368124482591" lon="113.95254067824142"><ele>719.4678672587557</ele><time>2022-09-03T02:50:29Z</time></trkpt><trkpt lat="22.253696515986626" lon="113.95255528834095"><ele>719.4045525433384</ele><time>2022-09-03T02:50:32Z</time></trkpt><trkpt lat="22.253709887116173" lon="113.95256840234025"><ele>719.4144599227227</ele><time>2022-09-03T02:50:35Z</time></trkpt><trkpt lat="22.253733929853244" lon="113.95256740887199"><ele>719.4827208622514</ele><time>2022-09-03T02:50:39Z</time></trkpt><trkpt lat="22.253758161329806" lon="113.95257433471639"><ele>719.5841815738687</ele><time>2022-09-03T02:50:42Z</time></trkpt><trkpt lat="22.253773561921363" lon="113.95259396892854"><ele>720.4226833666809</ele><time>2022-09-03T02:50:46Z</time></trkpt><trkpt lat="22.253797525034066" lon="113.95259897187361"><ele>721.0806090085329</ele><time>2022-09-03T02:50:50Z</time></trkpt><trkpt lat="22.25381752123968" lon="113.95259515823827"><ele>722.731230813467</ele><time>2022-09-03T02:50:55Z</time></trkpt><trkpt lat="22.25383754019773" lon="113.95259707279584"><ele>723.6500507374916</ele><time>2022-09-03T02:50:59Z</time></trkpt><trkpt lat="22.25385778749859" lon="113.952588947439"><ele>723.6623628290251</ele><time>2022-09-03T02:51:02Z</time></trkpt><trkpt lat="22.253875420285702" lon="113.9525942895112"><ele>724.3731711266464</ele><time>2022-09-03T02:51:08Z</time></trkpt><trkpt lat="22.253897863297908" lon="113.95261081096493"><ele>724.9065933225021</ele><time>2022-09-03T02:51:11Z</time></trkpt><trkpt lat="22.25391862394303" lon="113.9526087096634"><ele>725.4797698706866</ele><time>2022-09-03T02:51:15Z</time></trkpt><trkpt lat="22.253931142524227" lon="113.95262546124295"><ele>725.7131924510179</ele><time>2022-09-03T02:51:18Z</time></trkpt><trkpt lat="22.253930032268762" lon="113.95260270635306"><ele>726.6916987168465</ele><time>2022-09-03T02:51:23Z</time></trkpt><trkpt lat="22.253942703144673" lon="113.9526270412271"><ele>727.2479990274651</ele><time>2022-09-03T02:51:26Z</time></trkpt><trkpt lat="22.253962766903484" lon="113.95264242878396"><ele>728.1077913987937</ele><time>2022-09-03T02:51:28Z</time></trkpt><trkpt lat="22.25398147585206" lon="113.95266697061277"><ele>727.4835242119914</ele><time>2022-09-03T02:51:30Z</time></trkpt><trkpt lat="22.2539920013607" lon="113.95268333260373"><ele>727.9412325347716</ele><time>2022-09-03T02:51:35Z</time></trkpt><trkpt lat="22.25401253689908" lon="113.95271135968892"><ele>727.9141410938988</ele><time>2022-09-03T02:51:39Z</time></trkpt><trkpt lat="22.254028072039517" lon="113.95272893196189"><ele>728.262434617796</ele><time>2022-09-03T02:51:45Z</time></trkpt><trkpt lat="22.254046117605697" lon="113.95274009614013"><ele>728.5281311211478</ele><time>2022-09-03T02:51:49Z</time></trkpt><trkpt lat="22.254060264723904" lon="113.95272789841691"><ele>729.7376222043288</ele><time>2022-09-03T02:51:52Z</time></trkpt><trkpt lat="22.254080540933213" lon="113.9527335062871"><ele>731.5755016536906</ele><time>2022-09-03T02:51:56Z</time></trkpt><trkpt lat="22.25408914639423" lon="113.95275397732797"><ele>732.3957881674074</ele><time>2022-09-03T02:51:58Z</time></trkpt><trkpt lat="22.25409085056084" lon="113.95277402600861"><ele>734.2140924777756</ele><time>2022-09-03T02:52:00Z</time></trkpt><trkpt lat="22.254102566673765" lon="113.95279099812413"><ele>734.7326049319948</ele><time>2022-09-03T02:52:07Z</time></trkpt><trkpt lat="22.2541213392845" lon="113.95278362716637"><ele>734.8422242159882</ele><time>2022-09-03T02:52:11Z</time></trkpt><trkpt lat="22.254132316500595" lon="113.9528044093371"><ele>735.4412498584801</ele><time>2022-09-03T02:52:16Z</time></trkpt><trkpt lat="22.254132679437397" lon="113.95282800578502"><ele>736.1396512392724</ele><time>2022-09-03T02:52:32Z</time></trkpt><trkpt lat="22.254143106174823" lon="113.95284889382008"><ele>736.411069392182</ele><time>2022-09-03T02:52:36Z</time></trkpt><trkpt lat="22.254149167765558" lon="113.9528710712649"><ele>736.4682066427202</ele><time>2022-09-03T02:52:38Z</time></trkpt><trkpt lat="22.254153677759536" lon="113.95289004380331"><ele>736.567980949559</ele><time>2022-09-03T02:52:40Z</time></trkpt><trkpt lat="22.254155146961594" lon="113.95291395980894"><ele>736.5761248658583</ele><time>2022-09-03T02:52:43Z</time></trkpt><trkpt lat="22.254171035995665" lon="113.95292446200928"><ele>735.1875377407356</ele><time>2022-09-03T02:52:51Z</time></trkpt><trkpt lat="22.254193943761848" lon="113.95293852051073"><ele>737.8243164593574</ele><time>2022-09-03T02:52:55Z</time></trkpt><trkpt lat="22.254203613706718" lon="113.95295610839808"><ele>739.9245217392158</ele><time>2022-09-03T02:52:59Z</time></trkpt><trkpt lat="22.254222182097955" lon="113.9529674201521"><ele>740.3363195672146</ele><time>2022-09-03T02:53:04Z</time></trkpt><trkpt lat="22.254234231533548" lon="113.95298235153213"><ele>740.3949018915711</ele><time>2022-09-03T02:53:10Z</time></trkpt><trkpt lat="22.254243897403047" lon="113.95300371709983"><ele>740.5783921629253</ele><time>2022-09-03T02:53:13Z</time></trkpt><trkpt lat="22.254255665581596" lon="113.95301946521937"><ele>740.7806222423563</ele><time>2022-09-03T02:53:17Z</time></trkpt><trkpt lat="22.254271284508405" lon="113.95304122680695"><ele>741.4193378490567</ele><time>2022-09-03T02:53:37Z</time></trkpt><trkpt lat="22.25428111402199" lon="113.95306140914464"><ele>741.824191800825</ele><time>2022-09-03T02:53:40Z</time></trkpt><trkpt lat="22.25428478830646" lon="113.95308344735164"><ele>742.583932526622</ele><time>2022-09-03T02:53:44Z</time></trkpt><trkpt lat="22.25428689359097" lon="113.95310823830422"><ele>742.9009820393858</ele><time>2022-09-03T02:53:48Z</time></trkpt><trkpt lat="22.254296575948164" lon="113.95312554576064"><ele>743.0092906940489</ele><time>2022-09-03T02:53:51Z</time></trkpt><trkpt lat="22.254306788788924" lon="113.95314488987647"><ele>745.8895944954575</ele><time>2022-09-03T02:53:59Z</time></trkpt><trkpt lat="22.254324580970575" lon="113.95316178602171"><ele>748.5178884951024</ele><time>2022-09-03T02:54:26Z</time></trkpt><trkpt lat="22.254331602961404" lon="113.95318166051312"><ele>748.5469880095987</ele><time>2022-09-03T02:54:27Z</time></trkpt><trkpt lat="22.25434368878126" lon="113.95320469228538"><ele>749.6512368055713</ele><time>2022-09-03T02:54:42Z</time></trkpt><trkpt lat="22.254352745569882" lon="113.95322977398374"><ele>750.2726111800279</ele><time>2022-09-03T02:54:46Z</time></trkpt><trkpt lat="22.254349005335506" lon="113.95324971369124"><ele>753.9907390392485</ele><time>2022-09-03T02:54:49Z</time></trkpt><trkpt lat="22.254367032564073" lon="113.95326026582487"><ele>754.2904751049692</ele><time>2022-09-03T02:55:00Z</time></trkpt><trkpt lat="22.25438599352173" lon="113.95325540971942"><ele>754.3204496335846</ele><time>2022-09-03T02:55:03Z</time></trkpt><trkpt lat="22.254401209709464" lon="113.95327251825833"><ele>755.0119451740582</ele><time>2022-09-03T02:55:09Z</time></trkpt><trkpt lat="22.2544123851161" lon="113.95329462344681"><ele>755.1594895472056</ele><time>2022-09-03T02:55:13Z</time></trkpt><trkpt lat="22.254429612673555" lon="113.95331212184715"><ele>755.4952696551317</ele><time>2022-09-03T02:55:17Z</time></trkpt><trkpt lat="22.25444784439805" lon="113.95333130964337"><ele>756.9620809876723</ele><time>2022-09-03T02:55:27Z</time></trkpt><trkpt lat="22.25444842383021" lon="113.95335489289026"><ele>758.098136011096</ele><time>2022-09-03T02:55:29Z</time></trkpt><trkpt lat="22.25445161364595" lon="113.95337428513028"><ele>758.9939612366452</ele><time>2022-09-03T02:55:47Z</time></trkpt><trkpt lat="22.25445717809932" lon="113.95339925870354"><ele>758.8282209961698</ele><time>2022-09-03T02:55:51Z</time></trkpt><trkpt lat="22.254468683274947" lon="113.95342254091128"><ele>758.8102914728964</ele><time>2022-09-03T02:55:53Z</time></trkpt><trkpt lat="22.254470803396924" lon="113.9534484378327"><ele>758.9636322959083</ele><time>2022-09-03T02:55:54Z</time></trkpt><trkpt lat="22.25446497946118" lon="113.95347016596557"><ele>759.7941000000678</ele><time>2022-09-03T02:55:57Z</time></trkpt><trkpt lat="22.25448227387945" lon="113.95348989279766"><ele>760.674792020685</ele><time>2022-09-03T02:56:13Z</time></trkpt><trkpt lat="22.254483295792475" lon="113.95351755731417"><ele>761.787073867914</ele><time>2022-09-03T02:56:32Z</time></trkpt><trkpt lat="22.254501366001694" lon="113.95353430769305"><ele>762.2244370779946</ele><time>2022-09-03T02:56:34Z</time></trkpt><trkpt lat="22.254483760038216" lon="113.95355830713504"><ele>762.643862947331</ele><time>2022-09-03T02:56:37Z</time></trkpt><trkpt lat="22.254475752762332" lon="113.9535787848294"><ele>763.191608276547</ele><time>2022-09-03T02:56:39Z</time></trkpt><trkpt lat="22.254456970225043" lon="113.95360663838733"><ele>763.8736680507473</ele><time>2022-09-03T02:56:42Z</time></trkpt><trkpt lat="22.254452414363286" lon="113.95362554376405"><ele>764.2611044462918</ele><time>2022-09-03T02:56:44Z</time></trkpt><trkpt lat="22.254451131902503" lon="113.95364625205805"><ele>764.8397151116337</ele><time>2022-09-03T02:56:47Z</time></trkpt><trkpt lat="22.254450392560063" lon="113.95367089912915"><ele>765.0051907752634</ele><time>2022-09-03T02:56:51Z</time></trkpt><trkpt lat="22.254449267834403" lon="113.9536925603105"><ele>765.0186537596448</ele><time>2022-09-03T02:56:53Z</time></trkpt><trkpt lat="22.254456526801143" lon="113.95371895331274"><ele>765.2890985105203</ele><time>2022-09-03T02:56:57Z</time></trkpt><trkpt lat="22.254450123284464" lon="113.95374191827216"><ele>765.4719963984115</ele><time>2022-09-03T02:56:59Z</time></trkpt><trkpt lat="22.254436567054537" lon="113.95376513736494"><ele>765.8591013928045</ele><time>2022-09-03T02:57:02Z</time></trkpt><trkpt lat="22.25442807132128" lon="113.95379103123004"><ele>766.2705393205906</ele><time>2022-09-03T02:57:04Z</time></trkpt><trkpt lat="22.254417789016728" lon="113.95380864744482"><ele>766.9165284058237</ele><time>2022-09-03T02:57:07Z</time></trkpt><trkpt lat="22.2544095991829" lon="113.95382821077273"><ele>767.4103792196628</ele><time>2022-09-03T02:57:10Z</time></trkpt><trkpt lat="22.254416271330665" lon="113.95384656930953"><ele>768.3672260079561</ele><time>2022-09-03T02:57:15Z</time></trkpt><trkpt lat="22.254426081748544" lon="113.95386724704404"><ele>768.4394416181659</ele><time>2022-09-03T02:57:18Z</time></trkpt><trkpt lat="22.254433297899237" lon="113.95389483343344"><ele>768.7089670077424</ele><time>2022-09-03T02:57:21Z</time></trkpt><trkpt lat="22.254440246551408" lon="113.95391278158245"><ele>768.7982574295538</ele><time>2022-09-03T02:57:25Z</time></trkpt><trkpt lat="22.254467680160023" lon="113.95392798398315"><ele>769.1104188859592</ele><time>2022-09-03T02:57:53Z</time></trkpt><trkpt lat="22.25448008954791" lon="113.953953873374"><ele>769.2230092232563</ele><time>2022-09-03T02:57:55Z</time></trkpt><trkpt lat="22.254487000953134" lon="113.95397680952631"><ele>769.3719998810709</ele><time>2022-09-03T02:57:58Z</time></trkpt><trkpt lat="22.25448370780464" lon="113.95400903801274"><ele>769.9028489630346</ele><time>2022-09-03T02:58:01Z</time></trkpt><trkpt lat="22.254475492582152" lon="113.95403433594069"><ele>770.3702138390914</ele><time>2022-09-03T02:58:03Z</time></trkpt><trkpt lat="22.25446893834802" lon="113.95405489069921"><ele>770.3530566198496</ele><time>2022-09-03T02:58:05Z</time></trkpt><trkpt lat="22.254479687508507" lon="113.95407774763207"><ele>770.0070251576492</ele><time>2022-09-03T02:58:08Z</time></trkpt><trkpt lat="22.25448398736952" lon="113.95410506270247"><ele>769.8346673005575</ele><time>2022-09-03T02:58:11Z</time></trkpt><trkpt lat="22.254472858063092" lon="113.95412483157448"><ele>769.6867125520696</ele><time>2022-09-03T02:58:13Z</time></trkpt><trkpt lat="22.254463160178588" lon="113.95414292999352"><ele>769.8498381038198</ele><time>2022-09-03T02:58:15Z</time></trkpt><trkpt lat="22.254469905127028" lon="113.9541674432017"><ele>770.0086823731348</ele><time>2022-09-03T02:58:18Z</time></trkpt><trkpt lat="22.25447608714366" lon="113.95418843183596"><ele>770.1714679210941</ele><time>2022-09-03T02:58:20Z</time></trkpt><trkpt lat="22.254482760909763" lon="113.95420869374493"><ele>770.5172715731559</ele><time>2022-09-03T02:58:23Z</time></trkpt><trkpt lat="22.25448323768959" lon="113.95423311625139"><ele>771.2330355673739</ele><time>2022-09-03T02:58:26Z</time></trkpt><trkpt lat="22.254484035711684" lon="113.95425543711639"><ele>771.4745124477957</ele><time>2022-09-03T02:58:28Z</time></trkpt><trkpt lat="22.254486189171114" lon="113.9542750700614"><ele>771.1284162167113</ele><time>2022-09-03T02:58:30Z</time></trkpt><trkpt lat="22.25448951532152" lon="113.95431027293617"><ele>771.9374693854054</ele><time>2022-09-03T02:59:04Z</time></trkpt><trkpt lat="22.25448866281358" lon="113.95433933212104"><ele>772.5151184070742</ele><time>2022-09-03T02:59:07Z</time></trkpt><trkpt lat="22.2544834948354" lon="113.95435857770853"><ele>772.791023607443</ele><time>2022-09-03T02:59:09Z</time></trkpt><trkpt lat="22.25448847475767" lon="113.95437776346157"><ele>772.7699012519467</ele><time>2022-09-03T02:59:14Z</time></trkpt><trkpt lat="22.25449107336189" lon="113.95440861166993"><ele>772.384985872038</ele><time>2022-09-03T02:59:17Z</time></trkpt><trkpt lat="22.254488171118762" lon="113.95443279590668"><ele>772.1800935430851</ele><time>2022-09-03T02:59:19Z</time></trkpt><trkpt lat="22.254488621867893" lon="113.95445896052084"><ele>772.0862061369448</ele><time>2022-09-03T02:59:21Z</time></trkpt><trkpt lat="22.254486345044686" lon="113.95448211382784"><ele>772.2016793125601</ele><time>2022-09-03T02:59:23Z</time></trkpt><trkpt lat="22.254482810703866" lon="113.95450340831044"><ele>772.6455851531939</ele><time>2022-09-03T02:59:25Z</time></trkpt><trkpt lat="22.25448290259983" lon="113.95453103753094"><ele>773.111938751508</ele><time>2022-09-03T02:59:28Z</time></trkpt><trkpt lat="22.254481250236722" lon="113.95455156705194"><ele>773.570043078886</ele><time>2022-09-03T02:59:30Z</time></trkpt><trkpt lat="22.25448078305121" lon="113.95457590756685"><ele>773.9322755401034</ele><time>2022-09-03T02:59:33Z</time></trkpt><trkpt lat="22.254482507659556" lon="113.95459592975236"><ele>774.033888085437</ele><time>2022-09-03T02:59:35Z</time></trkpt><trkpt lat="22.254501686305005" lon="113.9546131610162"><ele>774.0641069603519</ele><time>2022-09-03T02:59:38Z</time></trkpt><trkpt lat="22.25451924485492" lon="113.95462793709883"><ele>774.1224532814748</ele><time>2022-09-03T02:59:41Z</time></trkpt><trkpt lat="22.254537387143767" lon="113.9546413488092"><ele>773.9983642634214</ele><time>2022-09-03T02:59:44Z</time></trkpt><trkpt lat="22.254547861247968" lon="113.95466598103138"><ele>773.627766164869</ele><time>2022-09-03T02:59:47Z</time></trkpt><trkpt lat="22.25455952606402" lon="113.9546865956169"><ele>773.5819247464817</ele><time>2022-09-03T02:59:50Z</time></trkpt><trkpt lat="22.254577296393457" lon="113.95470797389683"><ele>773.5672177234062</ele><time>2022-09-03T02:59:53Z</time></trkpt><trkpt lat="22.254588475432474" lon="113.954725151115"><ele>774.1919729273577</ele><time>2022-09-03T02:59:56Z</time></trkpt><trkpt lat="22.25460267422123" lon="113.95474914238203"><ele>774.538906215017</ele><time>2022-09-03T02:59:59Z</time></trkpt><trkpt lat="22.25462029422844" lon="113.95476775268241"><ele>774.6389573661478</ele><time>2022-09-03T03:00:01Z</time></trkpt><trkpt lat="22.254635120863814" lon="113.9547856270038"><ele>774.7736344566965</ele><time>2022-09-03T03:00:03Z</time></trkpt><trkpt lat="22.254653548780638" lon="113.95479593831428"><ele>775.0115305477011</ele><time>2022-09-03T03:00:05Z</time></trkpt><trkpt lat="22.254672012202647" lon="113.95480736733475"><ele>775.1410535762026</ele><time>2022-09-03T03:00:07Z</time></trkpt><trkpt lat="22.254689038608372" lon="113.95481704688271"><ele>775.0156656416927</ele><time>2022-09-03T03:00:09Z</time></trkpt><trkpt lat="22.25470675835571" lon="113.95482576230032"><ele>774.8857901746583</ele><time>2022-09-03T03:00:11Z</time></trkpt><trkpt lat="22.25472585205634" lon="113.95483333497312"><ele>774.8467433322444</ele><time>2022-09-03T03:00:13Z</time></trkpt><trkpt lat="22.25474978782185" lon="113.95484344347187"><ele>775.3126610828681</ele><time>2022-09-03T03:00:30Z</time></trkpt><trkpt lat="22.254752411031873" lon="113.95486293117386"><ele>775.2814716235595</ele><time>2022-09-03T03:00:32Z</time></trkpt><trkpt lat="22.25474945607742" lon="113.95488387226685"><ele>775.0856898881095</ele><time>2022-09-03T03:00:35Z</time></trkpt><trkpt lat="22.254760962847367" lon="113.95490973412866"><ele>775.0282014403319</ele><time>2022-09-03T03:00:38Z</time></trkpt><trkpt lat="22.254772687091357" lon="113.95492839853434"><ele>774.965965669943</ele><time>2022-09-03T03:00:40Z</time></trkpt><trkpt lat="22.254774111858023" lon="113.95495321119861"><ele>775.2197906771647</ele><time>2022-09-03T03:00:42Z</time></trkpt><trkpt lat="22.254777738100117" lon="113.95497288261534"><ele>775.5063215630898</ele><time>2022-09-03T03:00:44Z</time></trkpt><trkpt lat="22.25478481789472" lon="113.95499638572167"><ele>775.7414534057433</ele><time>2022-09-03T03:00:47Z</time></trkpt><trkpt lat="22.25478544394769" lon="113.95502144816398"><ele>775.9039035586982</ele><time>2022-09-03T03:00:50Z</time></trkpt><trkpt lat="22.25479364269713" lon="113.95504614604711"><ele>776.0098068096873</ele><time>2022-09-03T03:00:53Z</time></trkpt><trkpt lat="22.254801495618665" lon="113.9550667364115"><ele>776.0300607908038</ele><time>2022-09-03T03:00:55Z</time></trkpt><trkpt lat="22.25481151260469" lon="113.95508717712146"><ele>775.7349871826148</ele><time>2022-09-03T03:00:59Z</time></trkpt><trkpt lat="22.254816484524177" lon="113.95511046943221"><ele>776.6573727238617</ele><time>2022-09-03T03:01:05Z</time></trkpt><trkpt lat="22.254816486633917" lon="113.95513120457746"><ele>776.999505320105</ele><time>2022-09-03T03:01:08Z</time></trkpt><trkpt lat="22.25482190627336" lon="113.95515323392395"><ele>777.3043392376281</ele><time>2022-09-03T03:01:11Z</time></trkpt><trkpt lat="22.254841147239556" lon="113.95515965878386"><ele>777.4866684326895</ele><time>2022-09-03T03:01:16Z</time></trkpt><trkpt lat="22.254858123497726" lon="113.95518452419874"><ele>777.864810432033</ele><time>2022-09-03T03:01:21Z</time></trkpt><trkpt lat="22.25487928061179" lon="113.95517948772032"><ele>777.3919790484144</ele><time>2022-09-03T03:01:22Z</time></trkpt><trkpt lat="22.254892395442575" lon="113.95519872434375"><ele>778.2061852041504</ele><time>2022-09-03T03:01:24Z</time></trkpt><trkpt lat="22.254902883298012" lon="113.95521799492104"><ele>778.5289236464888</ele><time>2022-09-03T03:01:26Z</time></trkpt><trkpt lat="22.254909582665743" lon="113.95523834440208"><ele>778.5454334634263</ele><time>2022-09-03T03:01:28Z</time></trkpt><trkpt lat="22.254908774385015" lon="113.95525845565031"><ele>778.8390496261297</ele><time>2022-09-03T03:01:30Z</time></trkpt><trkpt lat="22.254915152572536" lon="113.95528232828259"><ele>778.9897736959845</ele><time>2022-09-03T03:01:32Z</time></trkpt><trkpt lat="22.254929326414118" lon="113.95529848768317"><ele>779.2534626666361</ele><time>2022-09-03T03:01:35Z</time></trkpt><trkpt lat="22.25493849050955" lon="113.95532264937046"><ele>779.4749623770538</ele><time>2022-09-03T03:01:39Z</time></trkpt><trkpt lat="22.25494496209469" lon="113.95534594275408"><ele>780.2594288981485</ele><time>2022-09-03T03:01:43Z</time></trkpt><trkpt lat="22.254952567010374" lon="113.9553672870223"><ele>780.7209287197524</ele><time>2022-09-03T03:01:46Z</time></trkpt><trkpt lat="22.254969002423845" lon="113.95538759391108"><ele>781.0124744311165</ele><time>2022-09-03T03:01:49Z</time></trkpt><trkpt lat="22.254987107241448" lon="113.95540827077009"><ele>781.1396668116523</ele><time>2022-09-03T03:01:53Z</time></trkpt><trkpt lat="22.255006055851027" lon="113.95542629240012"><ele>781.7808518209448</ele><time>2022-09-03T03:01:56Z</time></trkpt><trkpt lat="22.255017781911327" lon="113.95545185487978"><ele>782.4004486937533</ele><time>2022-09-03T03:01:59Z</time></trkpt><trkpt lat="22.25503070431514" lon="113.95547118682171"><ele>782.7226336688951</ele><time>2022-09-03T03:02:02Z</time></trkpt><trkpt lat="22.255041335724677" lon="113.95549312004518"><ele>783.8234913909818</ele><time>2022-09-03T03:02:08Z</time></trkpt><trkpt lat="22.25504917382926" lon="113.95551391868602"><ele>784.2245469902499</ele><time>2022-09-03T03:02:11Z</time></trkpt><trkpt lat="22.25504887524474" lon="113.95553485421046"><ele>784.5840654213087</ele><time>2022-09-03T03:02:15Z</time></trkpt><trkpt lat="22.255046698886463" lon="113.95555641597747"><ele>784.4727950324234</ele><time>2022-09-03T03:02:17Z</time></trkpt><trkpt lat="22.255038475319367" lon="113.95558524666609"><ele>784.5018819970853</ele><time>2022-09-03T03:02:19Z</time></trkpt><trkpt lat="22.255031478653002" lon="113.95561101126904"><ele>784.6829196557773</ele><time>2022-09-03T03:02:21Z</time></trkpt><trkpt lat="22.255027836557975" lon="113.95564006275029"><ele>785.0546691979295</ele><time>2022-09-03T03:02:23Z</time></trkpt><trkpt lat="22.255025996547925" lon="113.95566733682631"><ele>785.0480575816766</ele><time>2022-09-03T03:02:25Z</time></trkpt><trkpt lat="22.255029287982282" lon="113.9556881493591"><ele>785.0480239081836</ele><time>2022-09-03T03:02:27Z</time></trkpt><trkpt lat="22.255038127865156" lon="113.9557139663999"><ele>784.7538338055815</ele><time>2022-09-03T03:02:30Z</time></trkpt><trkpt lat="22.255049510694985" lon="113.95573363092306"><ele>784.0361399571251</ele><time>2022-09-03T03:02:33Z</time></trkpt><trkpt lat="22.255067139863623" lon="113.95574404953284"><ele>783.6693655830304</ele><time>2022-09-03T03:02:36Z</time></trkpt><trkpt lat="22.25507598360607" lon="113.9557650661239"><ele>785.4696089726283</ele><time>2022-09-03T03:02:56Z</time></trkpt><trkpt lat="22.255091477348163" lon="113.95577735541232"><ele>785.8719141246603</ele><time>2022-09-03T03:02:58Z</time></trkpt><trkpt lat="22.255114721399295" lon="113.95578739989836"><ele>786.2090912494957</ele><time>2022-09-03T03:03:01Z</time></trkpt><trkpt lat="22.25514167859413" lon="113.9558011648334"><ele>785.990672327145</ele><time>2022-09-03T03:03:04Z</time></trkpt><trkpt lat="22.255162116909272" lon="113.95580780078214"><ele>786.0658849645432</ele><time>2022-09-03T03:03:06Z</time></trkpt><trkpt lat="22.255180873247046" lon="113.95583076652632"><ele>786.0825361833108</ele><time>2022-09-03T03:03:08Z</time></trkpt><trkpt lat="22.25520004680112" lon="113.95585291597091"><ele>786.4755969225416</ele><time>2022-09-03T03:03:10Z</time></trkpt><trkpt lat="22.255214075764698" lon="113.95586788748496"><ele>786.8119036350857</ele><time>2022-09-03T03:03:12Z</time></trkpt><trkpt lat="22.255225147238242" lon="113.95588535885668"><ele>787.124344856716</ele><time>2022-09-03T03:03:15Z</time></trkpt><trkpt lat="22.255246607285045" lon="113.95590397749201"><ele>787.6047603794166</ele><time>2022-09-03T03:03:37Z</time></trkpt><trkpt lat="22.255265319831583" lon="113.95593140876947"><ele>787.9224790601118</ele><time>2022-09-03T03:03:39Z</time></trkpt><trkpt lat="22.25529339164227" lon="113.95594711292773"><ele>789.0347930744473</ele><time>2022-09-03T03:03:42Z</time></trkpt><trkpt lat="22.25531304061024" lon="113.95595984561079"><ele>789.0724856668483</ele><time>2022-09-03T03:03:44Z</time></trkpt><trkpt lat="22.25532995060126" lon="113.95597105806233"><ele>789.1363155828489</ele><time>2022-09-03T03:03:46Z</time></trkpt><trkpt lat="22.255350317715923" lon="113.95599012685533"><ele>789.0002028212899</ele><time>2022-09-03T03:03:49Z</time></trkpt><trkpt lat="22.255361287970377" lon="113.95600644200177"><ele>788.7643053909759</ele><time>2022-09-03T03:03:51Z</time></trkpt><trkpt lat="22.255379927785818" lon="113.95602924377043"><ele>788.3442113929556</ele><time>2022-09-03T03:03:54Z</time></trkpt><trkpt lat="22.255393317361378" lon="113.95604441104622"><ele>788.1560994616319</ele><time>2022-09-03T03:03:56Z</time></trkpt><trkpt lat="22.255412288961097" lon="113.95606362252666"><ele>789.0839267199234</ele><time>2022-09-03T03:03:58Z</time></trkpt><trkpt lat="22.255432537921813" lon="113.9560815302657"><ele>789.0675086397042</ele><time>2022-09-03T03:04:01Z</time></trkpt><trkpt lat="22.255454524524648" lon="113.95609819595926"><ele>789.1400025186254</ele><time>2022-09-03T03:04:04Z</time></trkpt><trkpt lat="22.255473201089135" lon="113.95610903515812"><ele>789.6598910141762</ele><time>2022-09-03T03:04:08Z</time></trkpt><trkpt lat="22.25549187096616" lon="113.95612880996424"><ele>790.0952508086865</ele><time>2022-09-03T03:04:11Z</time></trkpt><trkpt lat="22.255503468958857" lon="113.95614418721622"><ele>790.2877568439978</ele><time>2022-09-03T03:04:13Z</time></trkpt><trkpt lat="22.255523294476657" lon="113.95616229618032"><ele>790.0760894840992</ele><time>2022-09-03T03:04:16Z</time></trkpt><trkpt lat="22.255540114346115" lon="113.9561747704268"><ele>788.4781766430134</ele><time>2022-09-03T03:04:18Z</time></trkpt><trkpt lat="22.255559917438234" lon="113.95617654370211"><ele>788.389581308824</ele><time>2022-09-03T03:04:21Z</time></trkpt><trkpt lat="22.255573456264408" lon="113.95618998216473"><ele>788.2436192833892</ele><time>2022-09-03T03:04:25Z</time></trkpt><trkpt lat="22.255586793377756" lon="113.95621367870295"><ele>788.3981297760728</ele><time>2022-09-03T03:04:29Z</time></trkpt><trkpt lat="22.25559801844666" lon="113.9562334290484"><ele>788.3071166700834</ele><time>2022-09-03T03:04:31Z</time></trkpt><trkpt lat="22.255622569813372" lon="113.95625152056287"><ele>788.7029929186499</ele><time>2022-09-03T03:04:33Z</time></trkpt><trkpt lat="22.25564110515178" lon="113.95627374480036"><ele>789.1864062912649</ele><time>2022-09-03T03:04:36Z</time></trkpt><trkpt lat="22.25565297769143" lon="113.95629486578873"><ele>789.6960171309482</ele><time>2022-09-03T03:04:38Z</time></trkpt><trkpt lat="22.255658580925335" lon="113.95631373863718"><ele>789.8092440525384</ele><time>2022-09-03T03:04:40Z</time></trkpt><trkpt lat="22.255666501004125" lon="113.95633511019643"><ele>789.686773958307</ele><time>2022-09-03T03:04:42Z</time></trkpt><trkpt lat="22.25567561231693" lon="113.95635819545696"><ele>789.5110041364984</ele><time>2022-09-03T03:04:44Z</time></trkpt><trkpt lat="22.255694953258324" lon="113.95637590415264"><ele>789.4444335699559</ele><time>2022-09-03T03:04:46Z</time></trkpt><trkpt lat="22.25571275601373" lon="113.95639306029766"><ele>789.2339807680921</ele><time>2022-09-03T03:04:48Z</time></trkpt><trkpt lat="22.255730333421305" lon="113.95640719428971"><ele>789.1979874953863</ele><time>2022-09-03T03:04:50Z</time></trkpt><trkpt lat="22.255745887291994" lon="113.95641946271071"><ele>789.2809699089858</ele><time>2022-09-03T03:04:52Z</time></trkpt><trkpt lat="22.255764404156597" lon="113.95642921577954"><ele>789.598414858433</ele><time>2022-09-03T03:04:55Z</time></trkpt><trkpt lat="22.255784723175715" lon="113.95643798844166"><ele>790.0693344638836</ele><time>2022-09-03T03:04:58Z</time></trkpt><trkpt lat="22.255801491193804" lon="113.95644567414843"><ele>790.2810817582871</ele><time>2022-09-03T03:05:00Z</time></trkpt><trkpt lat="22.255824538275185" lon="113.95645602818313"><ele>790.5403918151891</ele><time>2022-09-03T03:05:03Z</time></trkpt><trkpt lat="22.255841666353987" lon="113.95646731297117"><ele>790.5411623347649</ele><time>2022-09-03T03:05:06Z</time></trkpt><trkpt lat="22.25585653272725" lon="113.95648696022879"><ele>790.5385832631828</ele><time>2022-09-03T03:05:10Z</time></trkpt><trkpt lat="22.25586092760699" lon="113.95651516927222"><ele>790.6101181943076</ele><time>2022-09-03T03:05:13Z</time></trkpt><trkpt lat="22.25587368591577" lon="113.95654044725134"><ele>790.2477956916325</ele><time>2022-09-03T03:05:15Z</time></trkpt><trkpt lat="22.255892585951166" lon="113.95656698574419"><ele>790.0083485481682</ele><time>2022-09-03T03:05:17Z</time></trkpt><trkpt lat="22.255914517171625" lon="113.95657491978022"><ele>789.9034801939337</ele><time>2022-09-03T03:05:19Z</time></trkpt><trkpt lat="22.25593134479961" lon="113.95658594811634"><ele>789.854932749491</ele><time>2022-09-03T03:05:21Z</time></trkpt><trkpt lat="22.255947357279712" lon="113.95660469511967"><ele>789.840603331264</ele><time>2022-09-03T03:05:24Z</time></trkpt><trkpt lat="22.255964088395974" lon="113.95662613451682"><ele>789.4720323903908</ele><time>2022-09-03T03:05:30Z</time></trkpt><trkpt lat="22.255989010296787" lon="113.95663617806892"><ele>789.3840660831561</ele><time>2022-09-03T03:05:33Z</time></trkpt><trkpt lat="22.256008316644763" lon="113.95663849586512"><ele>789.3451680337029</ele><time>2022-09-03T03:05:35Z</time></trkpt><trkpt lat="22.25602515696601" lon="113.95664791800039"><ele>789.9542027482943</ele><time>2022-09-03T03:05:37Z</time></trkpt><trkpt lat="22.256041115268847" lon="113.95668157912617"><ele>788.9368849083662</ele><time>2022-09-03T03:05:40Z</time></trkpt><trkpt lat="22.25605337057997" lon="113.95670632175107"><ele>789.2235513603939</ele><time>2022-09-03T03:05:42Z</time></trkpt><trkpt lat="22.25606946963677" lon="113.9567157452978"><ele>789.4372545155802</ele><time>2022-09-03T03:05:45Z</time></trkpt><trkpt lat="22.256088665777014" lon="113.9567145243031"><ele>789.5980369122125</ele><time>2022-09-03T03:05:48Z</time></trkpt><trkpt lat="22.256107993895355" lon="113.95671852095154"><ele>789.3537781627333</ele><time>2022-09-03T03:05:51Z</time></trkpt><trkpt lat="22.25613307989924" lon="113.95672054216637"><ele>789.5654598200811</ele><time>2022-09-03T03:05:55Z</time></trkpt><trkpt lat="22.25615428061152" lon="113.95674057464896"><ele>789.7335045055985</ele><time>2022-09-03T03:05:58Z</time></trkpt><trkpt lat="22.256173759934534" lon="113.95675657932514"><ele>789.8029626880592</ele><time>2022-09-03T03:06:00Z</time></trkpt><trkpt lat="22.256186682669046" lon="113.95677328134495"><ele>789.4770917929461</ele><time>2022-09-03T03:06:02Z</time></trkpt><trkpt lat="22.256186700005873" lon="113.95679286702972"><ele>789.8040698085915</ele><time>2022-09-03T03:06:04Z</time></trkpt><trkpt lat="22.256201870146473" lon="113.95680340384433"><ele>791.2650019918267</ele><time>2022-09-03T03:06:17Z</time></trkpt><trkpt lat="22.256225819832498" lon="113.95680201613658"><ele>791.9891772144498</ele><time>2022-09-03T03:06:21Z</time></trkpt><trkpt lat="22.25624542939814" lon="113.95679714782301"><ele>792.0699971004739</ele><time>2022-09-03T03:06:24Z</time></trkpt><trkpt lat="22.256235584265845" lon="113.95677691890099"><ele>791.5400887726315</ele><time>2022-09-03T03:06:31Z</time></trkpt><trkpt lat="22.256226606908633" lon="113.95675105325425"><ele>791.7457892887961</ele><time>2022-09-03T03:06:33Z</time></trkpt><trkpt lat="22.25622792120416" lon="113.9567287257329"><ele>791.9226995842048</ele><time>2022-09-03T03:06:35Z</time></trkpt><trkpt lat="22.256237251317767" lon="113.95671033817906"><ele>792.250135456353</ele><time>2022-09-03T03:06:37Z</time></trkpt><trkpt lat="22.256244679752765" lon="113.95668997046711"><ele>792.6084959494198</ele><time>2022-09-03T03:06:40Z</time></trkpt><trkpt lat="22.256242889338317" lon="113.95666889976255"><ele>792.9414267915183</ele><time>2022-09-03T03:06:42Z</time></trkpt><trkpt lat="22.25624777106823" lon="113.95664718445445"><ele>793.142173403987</ele><time>2022-09-03T03:06:45Z</time></trkpt><trkpt lat="22.256249176010822" lon="113.95662760420426"><ele>793.530850998467</ele><time>2022-09-03T03:06:48Z</time></trkpt><trkpt lat="22.256247190595698" lon="113.95660535050114"><ele>793.7692350583904</ele><time>2022-09-03T03:06:51Z</time></trkpt><trkpt lat="22.256245945234813" lon="113.95658298925325"><ele>794.1803267128853</ele><time>2022-09-03T03:07:00Z</time></trkpt><trkpt lat="22.256232259768836" lon="113.95656448173311"><ele>794.8278105300416</ele><time>2022-09-03T03:07:06Z</time></trkpt><trkpt lat="22.256224946132285" lon="113.9565417893867"><ele>795.1298760817857</ele><time>2022-09-03T03:07:10Z</time></trkpt><trkpt lat="22.2562242064014" lon="113.95651995593708"><ele>795.9925086195186</ele><time>2022-09-03T03:07:16Z</time></trkpt><trkpt lat="22.25623907291435" lon="113.9564918460782"><ele>797.2711586646475</ele><time>2022-09-03T03:07:22Z</time></trkpt><trkpt lat="22.256248785983598" lon="113.9564651919354"><ele>797.8283679555063</ele><time>2022-09-03T03:07:25Z</time></trkpt><trkpt lat="22.25623825489985" lon="113.95644834125676"><ele>798.5853415347735</ele><time>2022-09-03T03:07:31Z</time></trkpt><trkpt lat="22.256222611049814" lon="113.9564364799172"><ele>798.6333399200919</ele><time>2022-09-03T03:07:37Z</time></trkpt><trkpt lat="22.25623623155984" lon="113.95641572396691"><ele>799.3352570339156</ele><time>2022-09-03T03:07:41Z</time></trkpt><trkpt lat="22.256242429917947" lon="113.95639355830897"><ele>800.2799469174256</ele><time>2022-09-03T03:07:46Z</time></trkpt><trkpt lat="22.256227018635006" lon="113.95637749307993"><ele>802.7341542743573</ele><time>2022-09-03T03:08:01Z</time></trkpt><trkpt lat="22.256211656104753" lon="113.95636141516873"><ele>803.0711882724298</ele><time>2022-09-03T03:08:08Z</time></trkpt><trkpt lat="22.256219286711904" lon="113.95633727121371"><ele>803.1686728697285</ele><time>2022-09-03T03:08:13Z</time></trkpt><trkpt lat="22.256209554368393" lon="113.95632012388846"><ele>804.0045135395495</ele><time>2022-09-03T03:08:29Z</time></trkpt><trkpt lat="22.256205817402" lon="113.95630061240517"><ele>804.409750032426</ele><time>2022-09-03T03:08:35Z</time></trkpt><trkpt lat="22.256203185557755" lon="113.95628049096868"><ele>804.9472972543189</ele><time>2022-09-03T03:08:39Z</time></trkpt><trkpt lat="22.25622111400817" lon="113.95627579242893"><ele>805.3017365800347</ele><time>2022-09-03T03:08:45Z</time></trkpt><trkpt lat="22.256240147755815" lon="113.95625877508017"><ele>808.94616414078</ele><time>2022-09-03T03:08:52Z</time></trkpt><trkpt lat="22.2562636289612" lon="113.95624694927115"><ele>809.4940517189336</ele><time>2022-09-03T03:08:56Z</time></trkpt><trkpt lat="22.256272132394336" lon="113.95622276210892"><ele>810.0777254904184</ele><time>2022-09-03T03:09:06Z</time></trkpt><trkpt lat="22.256282996843154" lon="113.95620689611901"><ele>810.1686652416021</ele><time>2022-09-03T03:09:09Z</time></trkpt><trkpt lat="22.256274755117953" lon="113.95618704577493"><ele>810.9739617025762</ele><time>2022-09-03T03:09:17Z</time></trkpt><trkpt lat="22.25629422857405" lon="113.95617157101285"><ele>811.7891525738776</ele><time>2022-09-03T03:09:21Z</time></trkpt><trkpt lat="22.256293804916943" lon="113.95614977459576"><ele>812.8101347144103</ele><time>2022-09-03T03:09:25Z</time></trkpt><trkpt lat="22.256305092619154" lon="113.9561284658988"><ele>813.3746272719148</ele><time>2022-09-03T03:09:34Z</time></trkpt><trkpt lat="22.25632313867693" lon="113.95611554694399"><ele>813.813960572033</ele><time>2022-09-03T03:09:52Z</time></trkpt><trkpt lat="22.256341314892207" lon="113.95610830739952"><ele>813.6510663812708</ele><time>2022-09-03T03:09:58Z</time></trkpt><trkpt lat="22.256341021112963" lon="113.95608659467372"><ele>814.5375852428568</ele><time>2022-09-03T03:10:03Z</time></trkpt><trkpt lat="22.256344305923843" lon="113.95606550324484"><ele>815.3382845457538</ele><time>2022-09-03T03:10:07Z</time></trkpt><trkpt lat="22.25635003110303" lon="113.9560466828155"><ele>815.802362669395</ele><time>2022-09-03T03:10:09Z</time></trkpt><trkpt lat="22.256338212220992" lon="113.95602954812486"><ele>816.5103665459842</ele><time>2022-09-03T03:10:14Z</time></trkpt><trkpt lat="22.256319557470327" lon="113.95602688328498"><ele>817.047564328262</ele><time>2022-09-03T03:10:16Z</time></trkpt><trkpt lat="22.2562979092256" lon="113.95601726583828"><ele>817.5831072272682</ele><time>2022-09-03T03:10:18Z</time></trkpt><trkpt lat="22.256280226948228" lon="113.95600812981033"><ele>818.173866617374</ele><time>2022-09-03T03:10:23Z</time></trkpt><trkpt lat="22.256274161352742" lon="113.9559866923014"><ele>819.8778976878792</ele><time>2022-09-03T03:10:32Z</time></trkpt><trkpt lat="22.256270129210804" lon="113.95596669171195"><ele>820.9410271721923</ele><time>2022-09-03T03:10:38Z</time></trkpt><trkpt lat="22.256247691275437" lon="113.95595739843372"><ele>822.093101132653</ele><time>2022-09-03T03:10:45Z</time></trkpt><trkpt lat="22.256251847408322" lon="113.95593515090964"><ele>822.8392192256579</ele><time>2022-09-03T03:10:50Z</time></trkpt><trkpt lat="22.25626037358752" lon="113.9559149951894"><ele>823.0757222177847</ele><time>2022-09-03T03:10:52Z</time></trkpt><trkpt lat="22.256256342344525" lon="113.95589294617494"><ele>823.4548380235545</ele><time>2022-09-03T03:10:55Z</time></trkpt><trkpt lat="22.256265599862285" lon="113.95587534582786"><ele>824.2347678878305</ele><time>2022-09-03T03:10:59Z</time></trkpt><trkpt lat="22.256267715409752" lon="113.95584919885472"><ele>825.1318566086486</ele><time>2022-09-03T03:11:04Z</time></trkpt><trkpt lat="22.256262622069993" lon="113.95582792114347"><ele>826.1658728583092</ele><time>2022-09-03T03:11:15Z</time></trkpt><trkpt lat="22.256264043733438" lon="113.95580397725148"><ele>826.8188382778235</ele><time>2022-09-03T03:11:19Z</time></trkpt><trkpt lat="22.256260973164437" lon="113.95577979792314"><ele>827.6421912953934</ele><time>2022-09-03T03:11:24Z</time></trkpt><trkpt lat="22.25625327356339" lon="113.9557613830281"><ele>828.2571674612467</ele><time>2022-09-03T03:11:28Z</time></trkpt><trkpt lat="22.25623622592668" lon="113.95574700249985"><ele>828.7009361275101</ele><time>2022-09-03T03:11:32Z</time></trkpt><trkpt lat="22.256221557827654" lon="113.95573319702183"><ele>829.0495558765967</ele><time>2022-09-03T03:11:36Z</time></trkpt><trkpt lat="22.256227093119932" lon="113.95570951426342"><ele>829.1172804409495</ele><time>2022-09-03T03:11:40Z</time></trkpt><trkpt lat="22.256237507764403" lon="113.95568953236236"><ele>830.7819448994342</ele><time>2022-09-03T03:12:07Z</time></trkpt><trkpt lat="22.25625439874689" lon="113.95566640357046"><ele>831.1223809507371</ele><time>2022-09-03T03:12:09Z</time></trkpt><trkpt lat="22.256249847470876" lon="113.95564015742804"><ele>831.9499759410724</ele><time>2022-09-03T03:12:12Z</time></trkpt><trkpt lat="22.256234719949166" lon="113.95562068632356"><ele>832.3401452438612</ele><time>2022-09-03T03:12:18Z</time></trkpt><trkpt lat="22.25623668946912" lon="113.95558903482025"><ele>832.6030087575427</ele><time>2022-09-03T03:12:21Z</time></trkpt><trkpt lat="22.25622661084547" lon="113.95556141147348"><ele>832.8695882403242</ele><time>2022-09-03T03:12:25Z</time></trkpt><trkpt lat="22.256224885952115" lon="113.95553663323552"><ele>832.9767029523721</ele><time>2022-09-03T03:12:27Z</time></trkpt><trkpt lat="22.25622282607209" lon="113.95551672175405"><ele>833.4658505111491</ele><time>2022-09-03T03:12:29Z</time></trkpt><trkpt lat="22.256236376968246" lon="113.95549654517933"><ele>833.6593962811743</ele><time>2022-09-03T03:13:08Z</time></trkpt><trkpt lat="22.256254374995752" lon="113.95549614244412"><ele>833.6302316324287</ele><time>2022-09-03T03:13:10Z</time></trkpt><trkpt lat="22.256273369742257" lon="113.95550222406301"><ele>833.7626236629296</ele><time>2022-09-03T03:13:13Z</time></trkpt><trkpt lat="22.256287634614182" lon="113.95552140095398"><ele>833.9237776457687</ele><time>2022-09-03T03:13:16Z</time></trkpt><trkpt lat="22.25625825685335" lon="113.95550410798329"><ele>833.1434141472221</ele><time>2022-09-03T03:13:27Z</time></trkpt><trkpt lat="22.25627169905156" lon="113.95548856656318"><ele>833.4737908434257</ele><time>2022-09-03T03:13:34Z</time></trkpt><trkpt lat="22.25629057413091" lon="113.95547852351336"><ele>833.7288706103512</ele><time>2022-09-03T03:13:50Z</time></trkpt><trkpt lat="22.25631049382425" lon="113.95547573984855"><ele>833.4553410097218</ele><time>2022-09-03T03:13:58Z</time></trkpt><trkpt lat="22.256316967390557" lon="113.95545615969368"><ele>833.6559635369017</ele><time>2022-09-03T03:14:04Z</time></trkpt><trkpt lat="22.25632288731212" lon="113.95543707742596"><ele>833.0691927783174</ele><time>2022-09-03T03:14:14Z</time></trkpt><trkpt lat="22.256339789867436" lon="113.95541295780207"><ele>832.8426016464504</ele><time>2022-09-03T03:14:18Z</time></trkpt><trkpt lat="22.25634772990545" lon="113.9553952365119"><ele>832.5879580271339</ele><time>2022-09-03T03:15:00Z</time></trkpt><trkpt lat="22.256340610729705" lon="113.95537647353358"><ele>832.4855057017629</ele><time>2022-09-03T03:15:05Z</time></trkpt><trkpt lat="22.256322178799806" lon="113.95536630994626"><ele>832.6486537476352</ele><time>2022-09-03T03:15:11Z</time></trkpt><trkpt lat="22.256305445609296" lon="113.95535327623429"><ele>832.5080332287212</ele><time>2022-09-03T03:15:14Z</time></trkpt><trkpt lat="22.25630808248767" lon="113.95533176055692"><ele>832.4997842109333</ele><time>2022-09-03T03:15:18Z</time></trkpt><trkpt lat="22.256316993612515" lon="113.95531296814548"><ele>832.8767462012574</ele><time>2022-09-03T03:15:29Z</time></trkpt><trkpt lat="22.256321185056425" lon="113.95529343092315"><ele>833.0019324719965</ele><time>2022-09-03T03:15:31Z</time></trkpt><trkpt lat="22.256321422950986" lon="113.95527212754916"><ele>832.772912348164</ele><time>2022-09-03T03:15:33Z</time></trkpt><trkpt lat="22.25631316277775" lon="113.95525485568159"><ele>832.477326833959</ele><time>2022-09-03T03:15:35Z</time></trkpt><trkpt lat="22.256315710396425" lon="113.95522951212801"><ele>832.2562354679393</ele><time>2022-09-03T03:15:38Z</time></trkpt><trkpt lat="22.256318892023394" lon="113.95520354784749"><ele>832.6709209791944</ele><time>2022-09-03T03:15:41Z</time></trkpt><trkpt lat="22.25631954168096" lon="113.95517810269303"><ele>833.4754487722084</ele><time>2022-09-03T03:15:44Z</time></trkpt><trkpt lat="22.2563163969066" lon="113.95515769798654"><ele>833.458734434658</ele><time>2022-09-03T03:15:48Z</time></trkpt><trkpt lat="22.256322583691652" lon="113.95513286801108"><ele>833.5072522308956</ele><time>2022-09-03T03:15:52Z</time></trkpt><trkpt lat="22.25634214685047" lon="113.95511567971225"><ele>833.7788902400679</ele><time>2022-09-03T03:15:55Z</time></trkpt><trkpt lat="22.256346217733658" lon="113.95509362678374"><ele>834.1350439595602</ele><time>2022-09-03T03:16:02Z</time></trkpt><trkpt lat="22.256336121604402" lon="113.95507596284398"><ele>834.6663643454602</ele><time>2022-09-03T03:16:07Z</time></trkpt><trkpt lat="22.256304357205867" lon="113.95506986713166"><ele>834.9212045814166</ele><time>2022-09-03T03:16:09Z</time></trkpt><trkpt lat="22.256294434482207" lon="113.95504901968312"><ele>834.8821875648125</ele><time>2022-09-03T03:16:11Z</time></trkpt><trkpt lat="22.256285823831714" lon="113.9550319118956"><ele>835.3858972176774</ele><time>2022-09-03T03:16:15Z</time></trkpt><trkpt lat="22.25628006934022" lon="113.95501288443111"><ele>836.5958581726769</ele><time>2022-09-03T03:16:19Z</time></trkpt><trkpt lat="22.25627816261266" lon="113.95499322051056"><ele>836.9527333584498</ele><time>2022-09-03T03:16:23Z</time></trkpt><trkpt lat="22.25626011213906" lon="113.9549776047634"><ele>836.99032941698</ele><time>2022-09-03T03:16:27Z</time></trkpt><trkpt lat="22.256238985023167" lon="113.95496425787512"><ele>837.072247461488</ele><time>2022-09-03T03:16:30Z</time></trkpt><trkpt lat="22.256240623658236" lon="113.95494336798052"><ele>837.1549000525087</ele><time>2022-09-03T03:16:34Z</time></trkpt><trkpt lat="22.256226735964297" lon="113.95492279012228"><ele>838.1352563507113</ele><time>2022-09-03T03:16:39Z</time></trkpt><trkpt lat="22.2562170260868" lon="113.95490262773153"><ele>838.520027065691</ele><time>2022-09-03T03:16:43Z</time></trkpt><trkpt lat="22.25619974864602" lon="113.95488777634588"><ele>838.8130541612883</ele><time>2022-09-03T03:16:47Z</time></trkpt><trkpt lat="22.25618812699686" lon="113.95486792385627"><ele>839.1263660407524</ele><time>2022-09-03T03:16:51Z</time></trkpt><trkpt lat="22.256171992776657" lon="113.95484841566679"><ele>839.6069804428231</ele><time>2022-09-03T03:16:55Z</time></trkpt><trkpt lat="22.256156225529775" lon="113.95483415423139"><ele>839.7418981892027</ele><time>2022-09-03T03:16:57Z</time></trkpt><trkpt lat="22.25615183073993" lon="113.95481375434035"><ele>840.0317929477291</ele><time>2022-09-03T03:17:01Z</time></trkpt><trkpt lat="22.256145799112492" lon="113.95479241077241"><ele>841.4367542999626</ele><time>2022-09-03T03:17:30Z</time></trkpt><trkpt lat="22.256145870437145" lon="113.95476924865966"><ele>842.8862188883667</ele><time>2022-09-03T03:17:36Z</time></trkpt><trkpt lat="22.25614443936128" lon="113.954744460306"><ele>843.4430044277063</ele><time>2022-09-03T03:17:39Z</time></trkpt><trkpt lat="22.25614669776006" lon="113.95471923231156"><ele>843.8153836180127</ele><time>2022-09-03T03:17:43Z</time></trkpt><trkpt lat="22.256139719735963" lon="113.95470117643411"><ele>844.2744641373234</ele><time>2022-09-03T03:17:47Z</time></trkpt><trkpt lat="22.2561241574947" lon="113.95468767418006"><ele>844.5297947920693</ele><time>2022-09-03T03:17:51Z</time></trkpt><trkpt lat="22.256113147561848" lon="113.95466608511356"><ele>845.3896205655448</ele><time>2022-09-03T03:17:57Z</time></trkpt><trkpt lat="22.256123656173003" lon="113.95464785844435"><ele>846.2246203186563</ele><time>2022-09-03T03:18:00Z</time></trkpt><trkpt lat="22.25612938313349" lon="113.95462916341639"><ele>846.787149637892</ele><time>2022-09-03T03:18:03Z</time></trkpt><trkpt lat="22.25613480320428" lon="113.95460881110861"><ele>847.2515026585804</ele><time>2022-09-03T03:18:05Z</time></trkpt><trkpt lat="22.256144358560352" lon="113.95458367304005"><ele>847.3878670004299</ele><time>2022-09-03T03:18:07Z</time></trkpt><trkpt lat="22.256159112145788" lon="113.95456250627093"><ele>847.8230951450785</ele><time>2022-09-03T03:18:09Z</time></trkpt><trkpt lat="22.25617024806704" lon="113.95454549813437"><ele>848.5016803165809</ele><time>2022-09-03T03:18:11Z</time></trkpt><trkpt lat="22.256181059814143" lon="113.9545214666574"><ele>848.9223073666592</ele><time>2022-09-03T03:18:13Z</time></trkpt><trkpt lat="22.256188386812237" lon="113.95449695113257"><ele>849.7287357272554</ele><time>2022-09-03T03:18:16Z</time></trkpt><trkpt lat="22.256208649183943" lon="113.9544710166592"><ele>850.5840652504758</ele><time>2022-09-03T03:18:26Z</time></trkpt><trkpt lat="22.25622738994826" lon="113.95446329377174"><ele>850.4337595690703</ele><time>2022-09-03T03:18:28Z</time></trkpt><trkpt lat="22.256249977068535" lon="113.95445728430889"><ele>850.1249568304304</ele><time>2022-09-03T03:18:31Z</time></trkpt><trkpt lat="22.25626704115522" lon="113.95444530051368"><ele>850.0191597908171</ele><time>2022-09-03T03:18:34Z</time></trkpt><trkpt lat="22.256286038803577" lon="113.95443570710935"><ele>849.7127312252908</ele><time>2022-09-03T03:18:38Z</time></trkpt><trkpt lat="22.256302843252396" lon="113.95442260861611"><ele>849.2706932035303</ele><time>2022-09-03T03:18:42Z</time></trkpt><trkpt lat="22.25632006566209" lon="113.95440368377996"><ele>849.1311416169727</ele><time>2022-09-03T03:18:45Z</time></trkpt><trkpt lat="22.25633030289177" lon="113.95438301100036"><ele>848.8313820936163</ele><time>2022-09-03T03:18:48Z</time></trkpt><trkpt lat="22.256349607251284" lon="113.9543639307409"><ele>848.7581435052037</ele><time>2022-09-03T03:18:51Z</time></trkpt><trkpt lat="22.256362752514907" lon="113.95434657078187"><ele>848.8207527729887</ele><time>2022-09-03T03:18:53Z</time></trkpt><trkpt lat="22.25637337609538" lon="113.95432431576447"><ele>849.3963527191603</ele><time>2022-09-03T03:18:56Z</time></trkpt><trkpt lat="22.256359427520376" lon="113.95430624421223"><ele>850.357669049472</ele><time>2022-09-03T03:19:01Z</time></trkpt><trkpt lat="22.25635338130427" lon="113.95428401056624"><ele>850.611831883616</ele><time>2022-09-03T03:19:07Z</time></trkpt><trkpt lat="22.256352555096164" lon="113.95425385639001"><ele>850.5926749293824</ele><time>2022-09-03T03:19:10Z</time></trkpt><trkpt lat="22.25634966540708" lon="113.95422887796887"><ele>850.5009229822632</ele><time>2022-09-03T03:19:12Z</time></trkpt><trkpt lat="22.25634955641099" lon="113.95420685254348"><ele>850.2397053225752</ele><time>2022-09-03T03:19:14Z</time></trkpt><trkpt lat="22.256352117241263" lon="113.95417458394299"><ele>849.4847640816923</ele><time>2022-09-03T03:19:17Z</time></trkpt><trkpt lat="22.256350889297085" lon="113.9541459881421"><ele>849.2335974374358</ele><time>2022-09-03T03:19:19Z</time></trkpt><trkpt lat="22.25635090017952" lon="113.95412168128158"><ele>849.2631392457149</ele><time>2022-09-03T03:19:21Z</time></trkpt><trkpt lat="22.25636473857197" lon="113.95409711128505"><ele>849.0767127330625</ele><time>2022-09-03T03:19:24Z</time></trkpt><trkpt lat="22.256372511018665" lon="113.95406915922501"><ele>848.8670553776979</ele><time>2022-09-03T03:19:27Z</time></trkpt><trkpt lat="22.25637855387712" lon="113.95404600965837"><ele>848.6591718276694</ele><time>2022-09-03T03:19:29Z</time></trkpt><trkpt lat="22.25637638411355" lon="113.95402168560254"><ele>848.2605252808896</ele><time>2022-09-03T03:19:31Z</time></trkpt><trkpt lat="22.25637464166617" lon="113.95399268806518"><ele>848.6034378653509</ele><time>2022-09-03T03:19:34Z</time></trkpt><trkpt lat="22.256387467763794" lon="113.95396616170088"><ele>848.5823753720902</ele><time>2022-09-03T03:19:37Z</time></trkpt><trkpt lat="22.25640005121834" lon="113.95394686335273"><ele>848.5632273698105</ele><time>2022-09-03T03:19:39Z</time></trkpt><trkpt lat="22.256401235398606" lon="113.95392328469003"><ele>848.5360324883421</ele><time>2022-09-03T03:19:41Z</time></trkpt><trkpt lat="22.256401230374244" lon="113.95389436002071"><ele>848.7784501672829</ele><time>2022-09-03T03:19:44Z</time></trkpt><trkpt lat="22.256415917444762" lon="113.95387372269435"><ele>848.832684431523</ele><time>2022-09-03T03:19:46Z</time></trkpt><trkpt lat="22.256431853184214" lon="113.95384884008624"><ele>848.6481685488047</ele><time>2022-09-03T03:19:48Z</time></trkpt><trkpt lat="22.256439562367753" lon="113.95382373126226"><ele>848.6870957396881</ele><time>2022-09-03T03:19:50Z</time></trkpt><trkpt lat="22.25644675178288" lon="113.95380489803235"><ele>848.7181440355323</ele><time>2022-09-03T03:19:52Z</time></trkpt><trkpt lat="22.256461415924424" lon="113.95378624406996"><ele>848.6914807092417</ele><time>2022-09-03T03:19:54Z</time></trkpt><trkpt lat="22.256478312128806" lon="113.95376822248282"><ele>848.5691033159869</ele><time>2022-09-03T03:19:56Z</time></trkpt><trkpt lat="22.256492582045816" lon="113.95375023509224"><ele>848.273538927408</ele><time>2022-09-03T03:19:58Z</time></trkpt><trkpt lat="22.25650373392689" lon="113.95372328838498"><ele>848.2363453437808</ele><time>2022-09-03T03:20:00Z</time></trkpt><trkpt lat="22.256509606418454" lon="113.95369409126879"><ele>848.4467649888353</ele><time>2022-09-03T03:20:02Z</time></trkpt><trkpt lat="22.256507934771932" lon="113.95367265143057"><ele>848.4173143652799</ele><time>2022-09-03T03:20:04Z</time></trkpt><trkpt lat="22.256506720945957" lon="113.95364758458733"><ele>848.5369881268849</ele><time>2022-09-03T03:20:07Z</time></trkpt><trkpt lat="22.25650502304743" lon="113.95362658763611"><ele>848.6161684460991</ele><time>2022-09-03T03:20:11Z</time></trkpt><trkpt lat="22.256509680945815" lon="113.95359964809566"><ele>848.7703784760049</ele><time>2022-09-03T03:20:14Z</time></trkpt><trkpt lat="22.256514639403782" lon="113.95357622756279"><ele>849.0650419922058</ele><time>2022-09-03T03:20:16Z</time></trkpt><trkpt lat="22.25652553291548" lon="113.95355265605932"><ele>849.4541425565859</ele><time>2022-09-03T03:20:18Z</time></trkpt><trkpt lat="22.256535783126825" lon="113.95353073203549"><ele>849.8608417817185</ele><time>2022-09-03T03:20:20Z</time></trkpt><trkpt lat="22.256549732367137" lon="113.95351727084162"><ele>850.1027142246514</ele><time>2022-09-03T03:20:22Z</time></trkpt><trkpt lat="22.256565797322875" lon="113.95350792200361"><ele>850.4746771667287</ele><time>2022-09-03T03:20:24Z</time></trkpt><trkpt lat="22.256579369370105" lon="113.95349131899059"><ele>850.6846455408875</ele><time>2022-09-03T03:20:26Z</time></trkpt><trkpt lat="22.256588691300163" lon="113.95346891874716"><ele>850.8290334876863</ele><time>2022-09-03T03:20:28Z</time></trkpt><trkpt lat="22.256593296046663" lon="113.95344805571973"><ele>850.7043098874398</ele><time>2022-09-03T03:20:30Z</time></trkpt><trkpt lat="22.256595460834422" lon="113.9534220524886"><ele>851.0574855926718</ele><time>2022-09-03T03:20:33Z</time></trkpt><trkpt lat="22.256611245857023" lon="113.95340051768612"><ele>851.7725344491306</ele><time>2022-09-03T03:20:36Z</time></trkpt><trkpt lat="22.25663028875238" lon="113.95338939222285"><ele>852.1998755049052</ele><time>2022-09-03T03:20:39Z</time></trkpt><trkpt lat="22.256649035372565" lon="113.95337311447669"><ele>852.723510508144</ele><time>2022-09-03T03:20:42Z</time></trkpt><trkpt lat="22.25666402869747" lon="113.95335141072576"><ele>853.0368964874554</ele><time>2022-09-03T03:20:45Z</time></trkpt><trkpt lat="22.256671163381533" lon="113.95333034571799"><ele>853.005988831354</ele><time>2022-09-03T03:20:47Z</time></trkpt><trkpt lat="22.25667394523234" lon="113.9533051205619"><ele>852.8564802887613</ele><time>2022-09-03T03:20:49Z</time></trkpt><trkpt lat="22.256683517591878" lon="113.9532806316458"><ele>852.8587078602704</ele><time>2022-09-03T03:20:51Z</time></trkpt><trkpt lat="22.256693890625563" lon="113.9532598055078"><ele>853.0672348557961</ele><time>2022-09-03T03:20:53Z</time></trkpt><trkpt lat="22.256704714664195" lon="113.95324139730126"><ele>853.3132035565875</ele><time>2022-09-03T03:20:55Z</time></trkpt><trkpt lat="22.256718072282258" lon="113.95322493874963"><ele>853.47487808606</ele><time>2022-09-03T03:20:57Z</time></trkpt><trkpt lat="22.25673375238481" lon="113.95321451062604"><ele>853.8038544247842</ele><time>2022-09-03T03:20:59Z</time></trkpt><trkpt lat="22.256752881662507" lon="113.95320596780873"><ele>854.1174149400109</ele><time>2022-09-03T03:21:01Z</time></trkpt><trkpt lat="22.256771258654883" lon="113.95320890049202"><ele>854.1641054319749</ele><time>2022-09-03T03:21:03Z</time></trkpt><trkpt lat="22.25679123895837" lon="113.95322210463011"><ele>853.950836525404</ele><time>2022-09-03T03:21:06Z</time></trkpt><trkpt lat="22.256811750068326" lon="113.95322242569324"><ele>853.5683385873683</ele><time>2022-09-03T03:21:09Z</time></trkpt><trkpt lat="22.25682591531139" lon="113.95320763862301"><ele>853.5188185570914</ele><time>2022-09-03T03:21:12Z</time></trkpt><trkpt lat="22.25683823046547" lon="113.95318813783747"><ele>853.2557289878824</ele><time>2022-09-03T03:21:15Z</time></trkpt><trkpt lat="22.256850172931813" lon="113.95317256417046"><ele>853.2426114767798</ele><time>2022-09-03T03:21:24Z</time></trkpt><trkpt lat="22.256863200708988" lon="113.95318834158886"><ele>852.8863170558167</ele><time>2022-09-03T03:21:28Z</time></trkpt><trkpt lat="22.256880846275315" lon="113.95319400026887"><ele>852.754752436007</ele><time>2022-09-03T03:21:45Z</time></trkpt><trkpt lat="22.256897698656687" lon="113.95318386704844"><ele>852.5728690001524</ele><time>2022-09-03T03:22:04Z</time></trkpt><trkpt lat="22.256916202124362" lon="113.95317035490345"><ele>852.7827144697522</ele><time>2022-09-03T03:22:08Z</time></trkpt><trkpt lat="22.256925459181847" lon="113.95314831344999"><ele>853.0226436762078</ele><time>2022-09-03T03:22:11Z</time></trkpt><trkpt lat="22.25694205750091" lon="113.95312920421138"><ele>852.9628308818884</ele><time>2022-09-03T03:22:14Z</time></trkpt><trkpt lat="22.256946893052074" lon="113.95310536403363"><ele>852.6012443254999</ele><time>2022-09-03T03:22:17Z</time></trkpt><trkpt lat="22.256960647687084" lon="113.95308973763149"><ele>852.077423252144</ele><time>2022-09-03T03:22:20Z</time></trkpt><trkpt lat="22.256984049760735" lon="113.95307247361197"><ele>851.9452970286595</ele><time>2022-09-03T03:22:23Z</time></trkpt><trkpt lat="22.257003807993524" lon="113.95305622450618"><ele>851.9475945048722</ele><time>2022-09-03T03:22:25Z</time></trkpt><trkpt lat="22.257029061316015" lon="113.95304891475324"><ele>851.7444312978711</ele><time>2022-09-03T03:22:28Z</time></trkpt><trkpt lat="22.25705422809486" lon="113.95304456557312"><ele>851.3889218654057</ele><time>2022-09-03T03:22:31Z</time></trkpt><trkpt lat="22.257071899181668" lon="113.95304027700168"><ele>851.3773343234498</ele><time>2022-09-03T03:22:33Z</time></trkpt><trkpt lat="22.257091276120473" lon="113.95304119214218"><ele>851.4134752791911</ele><time>2022-09-03T03:22:35Z</time></trkpt><trkpt lat="22.25710901368519" lon="113.95302112411872"><ele>851.3967768431636</ele><time>2022-09-03T03:22:38Z</time></trkpt><trkpt lat="22.257114591870472" lon="113.95299964853658"><ele>850.8766832285272</ele><time>2022-09-03T03:22:42Z</time></trkpt><trkpt lat="22.2571313476987" lon="113.952983397713"><ele>851.0895773145546</ele><time>2022-09-03T03:22:48Z</time></trkpt><trkpt lat="22.257142297056586" lon="113.95296728136204"><ele>851.6024483138912</ele><time>2022-09-03T03:22:51Z</time></trkpt><trkpt lat="22.25714437876322" lon="113.95294058755401"><ele>852.3471470735137</ele><time>2022-09-03T03:22:54Z</time></trkpt><trkpt lat="22.257152802165788" lon="113.95291335656414"><ele>853.0766797620906</ele><time>2022-09-03T03:22:57Z</time></trkpt><trkpt lat="22.257167230171657" lon="113.952894484583"><ele>853.8551823367609</ele><time>2022-09-03T03:23:00Z</time></trkpt><trkpt lat="22.257183771586764" lon="113.95288541952759"><ele>855.0725524290383</ele><time>2022-09-03T03:23:04Z</time></trkpt><trkpt lat="22.257202935873263" lon="113.95287494375546"><ele>855.4331026496565</ele><time>2022-09-03T03:23:08Z</time></trkpt><trkpt lat="22.25722195867981" lon="113.95287368054397"><ele>855.669512440884</ele><time>2022-09-03T03:23:11Z</time></trkpt><trkpt lat="22.257254719476506" lon="113.95286747767143"><ele>856.5884700808209</ele><time>2022-09-03T03:23:17Z</time></trkpt><trkpt lat="22.25725845416455" lon="113.95288929805281"><ele>857.1481820366835</ele><time>2022-09-03T03:23:25Z</time></trkpt><trkpt lat="22.257252960744612" lon="113.95290896030448"><ele>857.2338854340264</ele><time>2022-09-03T03:23:27Z</time></trkpt><trkpt lat="22.25725535100358" lon="113.95288557599278"><ele>858.4496048350795</ele><time>2022-09-03T03:23:39Z</time></trkpt><trkpt lat="22.257240198208365" lon="113.95287110892154"><ele>860.1405402529158</ele><time>2022-09-03T03:24:27Z</time></trkpt><trkpt lat="22.257243957010182" lon="113.95284941421569"><ele>861.8169498937164</ele><time>2022-09-03T03:25:04Z</time></trkpt><trkpt lat="22.257254981131005" lon="113.95287852656728"><ele>863.255658392728</ele><time>2022-09-03T03:26:09Z</time></trkpt><trkpt lat="22.25727374290121" lon="113.95287616822195"><ele>861.1229450507001</ele><time>2022-09-03T03:26:19Z</time></trkpt><trkpt lat="22.25729029720644" lon="113.95286326996244"><ele>860.822919048515</ele><time>2022-09-03T03:26:21Z</time></trkpt><trkpt lat="22.25729820345497" lon="113.9528457661781"><ele>860.7156721374555</ele><time>2022-09-03T03:26:23Z</time></trkpt><trkpt lat="22.257312324652634" lon="113.95283189123604"><ele>860.7581113577359</ele><time>2022-09-03T03:26:25Z</time></trkpt><trkpt lat="22.25731984584582" lon="113.95284966135209"><ele>860.4512833862249</ele><time>2022-09-03T03:27:44Z</time></trkpt><trkpt lat="22.257300650819875" lon="113.95285863117671"><ele>860.9501158791471</ele><time>2022-09-03T03:29:32Z</time></trkpt><trkpt lat="22.257283149519854" lon="113.95287483858861"><ele>860.9552552510918</ele><time>2022-09-03T03:29:34Z</time></trkpt><trkpt lat="22.25726715533522" lon="113.95288459639269"><ele>861.0727456786399</ele><time>2022-09-03T03:29:36Z</time></trkpt><trkpt lat="22.257291440454757" lon="113.95288028617455"><ele>860.7637066116044</ele><time>2022-09-03T03:29:53Z</time></trkpt><trkpt lat="22.257309367886396" lon="113.95286252095939"><ele>860.6298204173112</ele><time>2022-09-03T03:29:55Z</time></trkpt><trkpt lat="22.257292408869993" lon="113.9528818540653"><ele>860.4801292297985</ele><time>2022-09-03T03:32:23Z</time></trkpt><trkpt lat="22.25727894171116" lon="113.95290697444426"><ele>860.5562149414412</ele><time>2022-09-03T03:32:25Z</time></trkpt><trkpt lat="22.25726294423788" lon="113.95289479834456"><ele>861.3304209163279</ele><time>2022-09-03T03:32:37Z</time></trkpt><trkpt lat="22.257251972539752" lon="113.9528758527802"><ele>862.475561666703</ele><time>2022-09-03T03:35:00Z</time></trkpt><trkpt lat="22.25724117747633" lon="113.95285310324701"><ele>861.8622286012521</ele><time>2022-09-03T03:35:06Z</time></trkpt><trkpt lat="22.257237655352245" lon="113.95282945327915"><ele>861.2426319229286</ele><time>2022-09-03T03:35:20Z</time></trkpt><trkpt lat="22.257254173527535" lon="113.9528423363144"><ele>862.0926702325298</ele><time>2022-09-03T03:35:41Z</time></trkpt><trkpt lat="22.257265615484428" lon="113.95286168518601"><ele>861.8556365405738</ele><time>2022-09-03T03:35:43Z</time></trkpt><trkpt lat="22.25725204369598" lon="113.95287868513162"><ele>861.82985271903</ele><time>2022-09-03T03:35:47Z</time></trkpt><trkpt lat="22.257240412169345" lon="113.95285952834895"><ele>860.7695641418867</ele><time>2022-09-03T03:36:00Z</time></trkpt><trkpt lat="22.25722459720134" lon="113.9528471825081"><ele>860.7706279830857</ele><time>2022-09-03T03:36:05Z</time></trkpt><trkpt lat="22.257215759451064" lon="113.95282944377692"><ele>861.8771602187884</ele><time>2022-09-03T03:36:11Z</time></trkpt><trkpt lat="22.257226169592908" lon="113.95284547947318"><ele>863.0091226413377</ele><time>2022-09-03T03:36:33Z</time></trkpt><trkpt lat="22.25722141427396" lon="113.95286624456033"><ele>863.2375839626923</ele><time>2022-09-03T03:38:13Z</time></trkpt><trkpt lat="22.25723207863945" lon="113.95288446022961"><ele>863.4543614704778</ele><time>2022-09-03T03:38:19Z</time></trkpt><trkpt lat="22.257233218167663" lon="113.9529039933735"><ele>863.164409117932</ele><time>2022-09-03T03:38:21Z</time></trkpt><trkpt lat="22.25724642362775" lon="113.95291867620635"><ele>862.2890194467311</ele><time>2022-09-03T03:38:32Z</time></trkpt><trkpt lat="22.257239838061725" lon="113.95290031236644"><ele>861.6673866712164</ele><time>2022-09-03T03:38:55Z</time></trkpt><trkpt lat="22.257212765094902" lon="113.95289966261676"><ele>860.964885971893</ele><time>2022-09-03T03:39:00Z</time></trkpt><trkpt lat="22.257195256210167" lon="113.95290923193659"><ele>860.7765636740376</ele><time>2022-09-03T03:39:02Z</time></trkpt><trkpt lat="22.25718132502591" lon="113.95292369683511"><ele>860.7033430034564</ele><time>2022-09-03T03:39:04Z</time></trkpt><trkpt lat="22.257162300939584" lon="113.95293542573064"><ele>860.4332806431865</ele><time>2022-09-03T03:39:07Z</time></trkpt><trkpt lat="22.25714969947502" lon="113.95295286493905"><ele>859.9752308279029</ele><time>2022-09-03T03:39:09Z</time></trkpt><trkpt lat="22.257147649246434" lon="113.95298197638395"><ele>859.9199296524886</ele><time>2022-09-03T03:39:12Z</time></trkpt><trkpt lat="22.257144575644887" lon="113.95300748328064"><ele>859.7116024464558</ele><time>2022-09-03T03:39:15Z</time></trkpt><trkpt lat="22.257128265530778" lon="113.95301809145218"><ele>859.0462902595851</ele><time>2022-09-03T03:39:18Z</time></trkpt><trkpt lat="22.25711658233646" lon="113.95303400875632"><ele>858.8576236270467</ele><time>2022-09-03T03:39:23Z</time></trkpt><trkpt lat="22.257103058415183" lon="113.95306255200887"><ele>858.262197542878</ele><time>2022-09-03T03:39:42Z</time></trkpt><trkpt lat="22.25709166119528" lon="113.95308535962782"><ele>857.862013853216</ele><time>2022-09-03T03:39:44Z</time></trkpt><trkpt lat="22.257092728727145" lon="113.95310884928132"><ele>857.4477094623979</ele><time>2022-09-03T03:39:46Z</time></trkpt><trkpt lat="22.25709421243712" lon="113.95313667507916"><ele>857.1819364296056</ele><time>2022-09-03T03:39:48Z</time></trkpt><trkpt lat="22.25708566885358" lon="113.95315720950666"><ele>856.7546729242131</ele><time>2022-09-03T03:39:50Z</time></trkpt><trkpt lat="22.257077252294536" lon="113.95317894776274"><ele>856.486896030511</ele><time>2022-09-03T03:39:52Z</time></trkpt><trkpt lat="22.25706681157585" lon="113.95320619116224"><ele>856.0287518086697</ele><time>2022-09-03T03:39:54Z</time></trkpt><trkpt lat="22.257058801102637" lon="113.953231145031"><ele>855.437027539011</ele><time>2022-09-03T03:39:56Z</time></trkpt><trkpt lat="22.25705211752434" lon="113.953260432277"><ele>854.1379032390805</ele><time>2022-09-03T03:40:04Z</time></trkpt><trkpt lat="22.257054455255904" lon="113.9532839232504"><ele>853.4725106193576</ele><time>2022-09-03T03:40:08Z</time></trkpt><trkpt lat="22.257069876843225" lon="113.95330207597104"><ele>853.0150142284978</ele><time>2022-09-03T03:40:13Z</time></trkpt><trkpt lat="22.257063791633932" lon="113.95332656955655"><ele>852.5273841835832</ele><time>2022-09-03T03:40:16Z</time></trkpt><trkpt lat="22.257060197527768" lon="113.9533459976667"><ele>851.6254713325728</ele><time>2022-09-03T03:40:34Z</time></trkpt><trkpt lat="22.25706350601897" lon="113.95336888216418"><ele>850.4825910055714</ele><time>2022-09-03T03:40:46Z</time></trkpt><trkpt lat="22.25706445898069" lon="113.95339123448977"><ele>849.5814345445389</ele><time>2022-09-03T03:40:51Z</time></trkpt><trkpt lat="22.25706227687814" lon="113.95341662944388"><ele>848.6509195536839</ele><time>2022-09-03T03:40:56Z</time></trkpt><trkpt lat="22.257069965119783" lon="113.95343690487414"><ele>848.1645113404677</ele><time>2022-09-03T03:41:02Z</time></trkpt><trkpt lat="22.257074187350685" lon="113.95346184672046"><ele>847.4133317833749</ele><time>2022-09-03T03:41:37Z</time></trkpt><trkpt lat="22.257073451725667" lon="113.953483459291"><ele>847.0163698342211</ele><time>2022-09-03T03:41:41Z</time></trkpt><trkpt lat="22.257075261981647" lon="113.95350328726411"><ele>846.5371175937166</ele><time>2022-09-03T03:41:58Z</time></trkpt><trkpt lat="22.257078533923337" lon="113.95352675379375"><ele>844.8681039300191</ele><time>2022-09-03T03:42:07Z</time></trkpt><trkpt lat="22.257075742429794" lon="113.95354897393263"><ele>843.6559631113619</ele><time>2022-09-03T03:42:22Z</time></trkpt><trkpt lat="22.257078506405968" lon="113.95358079628281"><ele>841.2913377273057</ele><time>2022-09-03T03:42:40Z</time></trkpt><trkpt lat="22.257079015077288" lon="113.95360506892486"><ele>840.9019894008283</ele><time>2022-09-03T03:42:44Z</time></trkpt><trkpt lat="22.257084746588486" lon="113.95362518705849"><ele>840.9083004761759</ele><time>2022-09-03T03:43:04Z</time></trkpt><trkpt lat="22.257086268690163" lon="113.9536467181485"><ele>839.7688317110742</ele><time>2022-09-03T03:43:20Z</time></trkpt><trkpt lat="22.25709465237966" lon="113.95367213485471"><ele>839.0870552845491</ele><time>2022-09-03T03:43:40Z</time></trkpt><trkpt lat="22.257102050702493" lon="113.95369518400844"><ele>838.7904837550116</ele><time>2022-09-03T03:43:42Z</time></trkpt><trkpt lat="22.257107033582386" lon="113.95372038656775"><ele>838.7494739985927</ele><time>2022-09-03T03:43:45Z</time></trkpt><trkpt lat="22.25710363945052" lon="113.95374270841542"><ele>838.4236849126239</ele><time>2022-09-03T03:43:48Z</time></trkpt><trkpt lat="22.25710827780465" lon="113.9537637933084"><ele>837.2167256534125</ele><time>2022-09-03T03:44:01Z</time></trkpt><trkpt lat="22.25710249126278" lon="113.95379068568862"><ele>836.6090917866024</ele><time>2022-09-03T03:44:05Z</time></trkpt><trkpt lat="22.257095705976607" lon="113.9538122223951"><ele>836.3338913538053</ele><time>2022-09-03T03:44:07Z</time></trkpt><trkpt lat="22.257091836124935" lon="113.95383285759607"><ele>835.7502231209395</ele><time>2022-09-03T03:44:11Z</time></trkpt><trkpt lat="22.257089111339365" lon="113.95385598556925"><ele>835.6525729334696</ele><time>2022-09-03T03:44:17Z</time></trkpt><trkpt lat="22.25710355632496" lon="113.95387328817908"><ele>835.1864086181903</ele><time>2022-09-03T03:44:30Z</time></trkpt><trkpt lat="22.25709403763368" lon="113.95389271825175"><ele>835.155588233398</ele><time>2022-09-03T03:44:34Z</time></trkpt><trkpt lat="22.257086203662833" lon="113.95391402708987"><ele>835.0144301996908</ele><time>2022-09-03T03:44:39Z</time></trkpt><trkpt lat="22.257089043977135" lon="113.95393667053126"><ele>834.652537263108</ele><time>2022-09-03T03:44:54Z</time></trkpt><trkpt lat="22.257083617116905" lon="113.95395869543174"><ele>834.3076937620469</ele><time>2022-09-03T03:45:04Z</time></trkpt><trkpt lat="22.257091692220882" lon="113.95397672570125"><ele>832.8060371578382</ele><time>2022-09-03T03:45:36Z</time></trkpt><trkpt lat="22.257109421135766" lon="113.95399658129635"><ele>831.8285911497642</ele><time>2022-09-03T03:45:46Z</time></trkpt><trkpt lat="22.257114696298615" lon="113.95402023205561"><ele>831.76917835411</ele><time>2022-09-03T03:46:10Z</time></trkpt><trkpt lat="22.25709691388029" lon="113.95402370062874"><ele>830.670574832663</ele><time>2022-09-03T03:46:20Z</time></trkpt><trkpt lat="22.257100874128586" lon="113.95404598700674"><ele>829.5575708805854</ele><time>2022-09-03T03:46:29Z</time></trkpt><trkpt lat="22.257122685422168" lon="113.9540461438245"><ele>829.4716316416442</ele><time>2022-09-03T03:46:35Z</time></trkpt><trkpt lat="22.257125492974403" lon="113.95406861149858"><ele>828.3099412128968</ele><time>2022-09-03T03:46:50Z</time></trkpt><trkpt lat="22.25712793531262" lon="113.95409329604487"><ele>825.3329894469564</ele><time>2022-09-03T03:47:45Z</time></trkpt><trkpt lat="22.257127498515857" lon="113.95412498348489"><ele>824.6409920230813</ele><time>2022-09-03T03:48:09Z</time></trkpt><trkpt lat="22.257133686482106" lon="113.95416535045042"><ele>824.1406914724273</ele><time>2022-09-03T03:48:11Z</time></trkpt><trkpt lat="22.257140225875485" lon="113.954195387719"><ele>823.9296257659481</ele><time>2022-09-03T03:48:12Z</time></trkpt><trkpt lat="22.25713641602874" lon="113.95421751055207"><ele>823.5284152748361</ele><time>2022-09-03T03:48:15Z</time></trkpt><trkpt lat="22.25713780499819" lon="113.9542382179734"><ele>822.9897345894195</ele><time>2022-09-03T03:48:50Z</time></trkpt><trkpt lat="22.257145820482613" lon="113.95425880728286"><ele>822.9913243943095</ele><time>2022-09-03T03:48:52Z</time></trkpt><trkpt lat="22.25713934922404" lon="113.95427954847676"><ele>823.5301648353961</ele><time>2022-09-03T03:48:55Z</time></trkpt><trkpt lat="22.257139006216036" lon="113.95430249652868"><ele>823.1754719839403</ele><time>2022-09-03T03:49:01Z</time></trkpt><trkpt lat="22.25715394391171" lon="113.95431848328771"><ele>822.7285503959587</ele><time>2022-09-03T03:49:19Z</time></trkpt><trkpt lat="22.257175295834276" lon="113.95432599606751"><ele>820.0451977431334</ele><time>2022-09-03T03:49:22Z</time></trkpt><trkpt lat="22.257180346516748" lon="113.95434861302597"><ele>819.7774799783939</ele><time>2022-09-03T03:49:41Z</time></trkpt><trkpt lat="22.25718125487581" lon="113.95437245469931"><ele>819.3195010796312</ele><time>2022-09-03T03:49:44Z</time></trkpt><trkpt lat="22.257185203639093" lon="113.95439490188774"><ele>819.0364138646975</ele><time>2022-09-03T03:49:55Z</time></trkpt><trkpt lat="22.257181510735347" lon="113.95441863359262"><ele>819.1711000821521</ele><time>2022-09-03T03:49:59Z</time></trkpt><trkpt lat="22.257180453552454" lon="113.95445663521942"><ele>817.4106514515321</ele><time>2022-09-03T03:50:26Z</time></trkpt><trkpt lat="22.257184797412357" lon="113.95447555035719"><ele>817.1851615397691</ele><time>2022-09-03T03:50:33Z</time></trkpt><trkpt lat="22.25718033146142" lon="113.95449952531821"><ele>817.1952057036276</ele><time>2022-09-03T03:50:35Z</time></trkpt><trkpt lat="22.25717188114167" lon="113.95451906316453"><ele>816.8436960131322</ele><time>2022-09-03T03:50:47Z</time></trkpt><trkpt lat="22.257164130058612" lon="113.95453809713774"><ele>816.4668181347337</ele><time>2022-09-03T03:50:51Z</time></trkpt><trkpt lat="22.257165240122777" lon="113.95456272958073"><ele>816.2521317830464</ele><time>2022-09-03T03:50:53Z</time></trkpt><trkpt lat="22.257163576087176" lon="113.95458332276267"><ele>815.8373000480824</ele><time>2022-09-03T03:51:15Z</time></trkpt><trkpt lat="22.25717825437518" lon="113.95459931686678"><ele>815.9546742932108</ele><time>2022-09-03T03:51:22Z</time></trkpt><trkpt lat="22.257188917549822" lon="113.95461643067198"><ele>814.7331813347045</ele><time>2022-09-03T03:51:28Z</time></trkpt><trkpt lat="22.257205059016794" lon="113.95462609168264"><ele>815.2970351229168</ele><time>2022-09-03T03:51:35Z</time></trkpt><trkpt lat="22.25721757037595" lon="113.95464078888826"><ele>815.6703994478287</ele><time>2022-09-03T03:51:40Z</time></trkpt><trkpt lat="22.257229421775726" lon="113.95465732019508"><ele>815.7512998473381</ele><time>2022-09-03T03:51:43Z</time></trkpt><trkpt lat="22.257240330589568" lon="113.95467609995981"><ele>815.7303939921741</ele><time>2022-09-03T03:51:46Z</time></trkpt><trkpt lat="22.257245014053215" lon="113.95469578275275"><ele>815.2720392644957</ele><time>2022-09-03T03:51:51Z</time></trkpt><trkpt lat="22.257256815156726" lon="113.95471198850154"><ele>814.6119361505339</ele><time>2022-09-03T03:51:55Z</time></trkpt><trkpt lat="22.257272856120373" lon="113.95472153058594"><ele>814.2480414838444</ele><time>2022-09-03T03:51:58Z</time></trkpt><trkpt lat="22.257292510453915" lon="113.95473793282818"><ele>813.5789173556278</ele><time>2022-09-03T03:52:02Z</time></trkpt><trkpt lat="22.2573125728221" lon="113.95475157784112"><ele>813.4370468907886</ele><time>2022-09-03T03:52:05Z</time></trkpt><trkpt lat="22.257329220328476" lon="113.95476381834379"><ele>813.45904955995</ele><time>2022-09-03T03:52:08Z</time></trkpt><trkpt lat="22.257341831164773" lon="113.9547777574831"><ele>813.6427347910537</ele><time>2022-09-03T03:52:15Z</time></trkpt><trkpt lat="22.257335964366963" lon="113.9548008411923"><ele>813.4379107503487</ele><time>2022-09-03T03:52:19Z</time></trkpt><trkpt lat="22.257321642133643" lon="113.9548130021027"><ele>813.5216438705089</ele><time>2022-09-03T03:52:21Z</time></trkpt><trkpt lat="22.25730965223508" lon="113.95483636151138"><ele>813.4929680687397</ele><time>2022-09-03T03:52:24Z</time></trkpt><trkpt lat="22.257315054285304" lon="113.95486302479185"><ele>813.3752288025725</ele><time>2022-09-03T03:52:27Z</time></trkpt><trkpt lat="22.25731596964267" lon="113.95488390016813"><ele>813.7117690994221</ele><time>2022-09-03T03:52:30Z</time></trkpt><trkpt lat="22.25732501001225" lon="113.95490314341788"><ele>812.8178495516186</ele><time>2022-09-03T03:52:40Z</time></trkpt><trkpt lat="22.257331802699863" lon="113.95492241003545"><ele>812.8838510350243</ele><time>2022-09-03T03:52:43Z</time></trkpt><trkpt lat="22.257329599842226" lon="113.95494725104558"><ele>812.7037952611535</ele><time>2022-09-03T03:52:48Z</time></trkpt><trkpt lat="22.257335253350515" lon="113.95497113643697"><ele>813.046650716381</ele><time>2022-09-03T03:52:53Z</time></trkpt><trkpt lat="22.25734026322763" lon="113.95499179796562"><ele>812.7151476413729</ele><time>2022-09-03T03:52:58Z</time></trkpt><trkpt lat="22.257340433331127" lon="113.95501995649428"><ele>812.4399355441404</ele><time>2022-09-03T03:53:01Z</time></trkpt><trkpt lat="22.257327342785953" lon="113.95503899535106"><ele>812.4558220919296</ele><time>2022-09-03T03:53:04Z</time></trkpt><trkpt lat="22.25732776476029" lon="113.95506048755095"><ele>812.4302453176575</ele><time>2022-09-03T03:53:17Z</time></trkpt><trkpt lat="22.257342601688254" lon="113.95507707368057"><ele>812.4471892676519</ele><time>2022-09-03T03:53:21Z</time></trkpt><trkpt lat="22.25734890703743" lon="113.95509624827163"><ele>812.5132300687137</ele><time>2022-09-03T03:53:24Z</time></trkpt><trkpt lat="22.25734007995113" lon="113.95512313519052"><ele>812.6974530101554</ele><time>2022-09-03T03:53:27Z</time></trkpt><trkpt lat="22.25733806735177" lon="113.95514447963859"><ele>812.741099386125</ele><time>2022-09-03T03:53:36Z</time></trkpt><trkpt lat="22.25733215177718" lon="113.9551673137864"><ele>812.2767401556223</ele><time>2022-09-03T03:53:40Z</time></trkpt><trkpt lat="22.25732754878135" lon="113.95519131448178"><ele>812.4211732812123</ele><time>2022-09-03T03:54:02Z</time></trkpt><trkpt lat="22.25734051099157" lon="113.9552064962554"><ele>812.2283609881381</ele><time>2022-09-03T03:54:13Z</time></trkpt><trkpt lat="22.257352839450444" lon="113.95522385919281"><ele>812.2241839555821</ele><time>2022-09-03T03:54:18Z</time></trkpt><trkpt lat="22.25735541089938" lon="113.95524749952123"><ele>812.698448887814</ele><time>2022-09-03T03:54:21Z</time></trkpt><trkpt lat="22.257361415880993" lon="113.95527335304463"><ele>812.6839949383401</ele><time>2022-09-03T03:54:24Z</time></trkpt><trkpt lat="22.257377137379255" lon="113.95528466606281"><ele>811.9152269426723</ele><time>2022-09-03T03:54:31Z</time></trkpt><trkpt lat="22.257388044348236" lon="113.95530722244177"><ele>811.1165690546567</ele><time>2022-09-03T03:54:35Z</time></trkpt><trkpt lat="22.257396031419404" lon="113.95532608086087"><ele>811.4195458932569</ele><time>2022-09-03T03:54:41Z</time></trkpt><trkpt lat="22.257409156684922" lon="113.95533961440675"><ele>810.770124239895</ele><time>2022-09-03T03:54:51Z</time></trkpt><trkpt lat="22.257415741549657" lon="113.95535843366423"><ele>810.167309143852</ele><time>2022-09-03T03:55:03Z</time></trkpt><trkpt lat="22.257411932319368" lon="113.95537788523464"><ele>809.5903953665311</ele><time>2022-09-03T03:55:07Z</time></trkpt><trkpt lat="22.25741755704378" lon="113.95539817542966"><ele>809.1085409664715</ele><time>2022-09-03T03:55:11Z</time></trkpt><trkpt lat="22.257437836142717" lon="113.95540259813038"><ele>809.1550813070799</ele><time>2022-09-03T03:55:38Z</time></trkpt><trkpt lat="22.257450004459187" lon="113.95542657387527"><ele>807.66433686229</ele><time>2022-09-03T03:55:39Z</time></trkpt><trkpt lat="22.257461015292666" lon="113.95544337733818"><ele>806.8318411713323</ele><time>2022-09-03T03:55:40Z</time></trkpt><trkpt lat="22.257475818539387" lon="113.95545668100519"><ele>807.1069800049806</ele><time>2022-09-03T03:55:43Z</time></trkpt><trkpt lat="22.257493063744292" lon="113.9554669732528"><ele>807.0320972487054</ele><time>2022-09-03T03:55:48Z</time></trkpt><trkpt lat="22.25750227700615" lon="113.95548569283166"><ele>806.749051413038</ele><time>2022-09-03T03:55:51Z</time></trkpt><trkpt lat="22.25750911856719" lon="113.95550408462113"><ele>806.6933846628555</ele><time>2022-09-03T03:55:53Z</time></trkpt><trkpt lat="22.257524309182447" lon="113.9555217339041"><ele>806.4224829266567</ele><time>2022-09-03T03:55:56Z</time></trkpt><trkpt lat="22.25753321827391" lon="113.95554191870892"><ele>806.6098645460493</ele><time>2022-09-03T03:55:59Z</time></trkpt><trkpt lat="22.2575468295365" lon="113.95556062145802"><ele>806.436438481458</ele><time>2022-09-03T03:56:02Z</time></trkpt><trkpt lat="22.257560723173356" lon="113.95557862920407"><ele>806.1862215235632</ele><time>2022-09-03T03:56:05Z</time></trkpt><trkpt lat="22.257568435533795" lon="113.95560291942904"><ele>806.1607324347211</ele><time>2022-09-03T03:56:08Z</time></trkpt><trkpt lat="22.257578800316203" lon="113.95562328311162"><ele>805.925629229949</ele><time>2022-09-03T03:56:12Z</time></trkpt><trkpt lat="22.2575898361753" lon="113.95564118897346"><ele>805.3701728693732</ele><time>2022-09-03T03:56:15Z</time></trkpt><trkpt lat="22.25760124926103" lon="113.95565764974309"><ele>804.6352903114362</ele><time>2022-09-03T03:56:18Z</time></trkpt><trkpt lat="22.2576120077497" lon="113.95567815696887"><ele>803.8877932855039</ele><time>2022-09-03T03:56:21Z</time></trkpt><trkpt lat="22.257596994945015" lon="113.95569645002205"><ele>802.841375582875</ele><time>2022-09-03T03:56:25Z</time></trkpt><trkpt lat="22.257585847616394" lon="113.95571569303416"><ele>802.5752720417894</ele><time>2022-09-03T03:56:27Z</time></trkpt><trkpt lat="22.25759928873532" lon="113.95574092350363"><ele>801.8721541145957</ele><time>2022-09-03T03:56:29Z</time></trkpt><trkpt lat="22.257615457962544" lon="113.95576403409049"><ele>801.1679051081867</ele><time>2022-09-03T03:56:32Z</time></trkpt><trkpt lat="22.257610173404547" lon="113.9557831160763"><ele>800.9099065931572</ele><time>2022-09-03T03:56:35Z</time></trkpt><trkpt lat="22.257613740951193" lon="113.95580252456035"><ele>800.8880260552606</ele><time>2022-09-03T03:56:43Z</time></trkpt><trkpt lat="22.257627262779735" lon="113.95581876327553"><ele>800.2138502990537</ele><time>2022-09-03T03:56:48Z</time></trkpt><trkpt lat="22.257621989858382" lon="113.95583906235493"><ele>800.036231304925</ele><time>2022-09-03T03:56:51Z</time></trkpt><trkpt lat="22.257629834996198" lon="113.95585978581529"><ele>799.9659811779916</ele><time>2022-09-03T03:56:57Z</time></trkpt><trkpt lat="22.25763030567786" lon="113.95588776536859"><ele>799.5473635404231</ele><time>2022-09-03T03:57:00Z</time></trkpt><trkpt lat="22.257620697664375" lon="113.95590546510007"><ele>799.0959348983847</ele><time>2022-09-03T03:57:03Z</time></trkpt><trkpt lat="22.257637254894732" lon="113.95591979216766"><ele>798.6363449693964</ele><time>2022-09-03T03:57:07Z</time></trkpt><trkpt lat="22.257654323686385" lon="113.95593302503013"><ele>798.2649782268184</ele><time>2022-09-03T03:57:10Z</time></trkpt><trkpt lat="22.25766061216665" lon="113.95595156070603"><ele>797.5789764874476</ele><time>2022-09-03T03:57:14Z</time></trkpt><trkpt lat="22.257662020362616" lon="113.95597889279195"><ele>797.2842924079849</ele><time>2022-09-03T03:57:17Z</time></trkpt><trkpt lat="22.257651209173503" lon="113.9560000266451"><ele>797.1712815905623</ele><time>2022-09-03T03:57:20Z</time></trkpt><trkpt lat="22.257666209329635" lon="113.95602096928549"><ele>796.7924792438022</ele><time>2022-09-03T03:57:26Z</time></trkpt><trkpt lat="22.257679109443707" lon="113.95604244544381"><ele>796.3316891952528</ele><time>2022-09-03T03:57:29Z</time></trkpt><trkpt lat="22.257687698425293" lon="113.95606445759644"><ele>796.293737630249</ele><time>2022-09-03T03:57:33Z</time></trkpt><trkpt lat="22.257694989111275" lon="113.95608361970561"><ele>796.0208519903678</ele><time>2022-09-03T03:57:37Z</time></trkpt><trkpt lat="22.257711493984097" lon="113.95610002532638"><ele>795.9355810714151</ele><time>2022-09-03T03:57:40Z</time></trkpt><trkpt lat="22.2577242439235" lon="113.95611679638046"><ele>795.5922510193774</ele><time>2022-09-03T03:57:44Z</time></trkpt><trkpt lat="22.25774473501775" lon="113.95612564785735"><ele>795.1435090900844</ele><time>2022-09-03T03:57:47Z</time></trkpt><trkpt lat="22.257746913013122" lon="113.95615414168662"><ele>795.0892011422557</ele><time>2022-09-03T03:57:51Z</time></trkpt><trkpt lat="22.257756787179794" lon="113.95617376532255"><ele>795.07327475188</ele><time>2022-09-03T03:57:53Z</time></trkpt><trkpt lat="22.257763091272988" lon="113.95619428893126"><ele>794.9701554497683</ele><time>2022-09-03T03:57:55Z</time></trkpt><trkpt lat="22.2577604368128" lon="113.956214602159"><ele>795.1153649201724</ele><time>2022-09-03T03:57:57Z</time></trkpt><trkpt lat="22.257756421799467" lon="113.95623697432107"><ele>795.1736095226478</ele><time>2022-09-03T03:57:59Z</time></trkpt><trkpt lat="22.257747948676112" lon="113.95625477117689"><ele>795.0674159520215</ele><time>2022-09-03T03:58:01Z</time></trkpt><trkpt lat="22.257740712344255" lon="113.95627677216021"><ele>794.9523845573545</ele><time>2022-09-03T03:58:03Z</time></trkpt><trkpt lat="22.257735256960583" lon="113.95630530286985"><ele>794.5070209857828</ele><time>2022-09-03T03:58:05Z</time></trkpt><trkpt lat="22.25773502292485" lon="113.95632714779472"><ele>794.0219394837562</ele><time>2022-09-03T03:58:07Z</time></trkpt><trkpt lat="22.257738783808144" lon="113.95635198387312"><ele>792.6044010609888</ele><time>2022-09-03T03:58:13Z</time></trkpt><trkpt lat="22.257739830506807" lon="113.95637266924399"><ele>792.2227797161612</ele><time>2022-09-03T03:58:15Z</time></trkpt><trkpt lat="22.257746066032574" lon="113.95639853817458"><ele>791.9882132374</ele><time>2022-09-03T03:58:17Z</time></trkpt><trkpt lat="22.257758106418486" lon="113.95641925220403"><ele>792.0665161107365</ele><time>2022-09-03T03:58:19Z</time></trkpt><trkpt lat="22.257763558645145" lon="113.9564420736995"><ele>792.2425600395762</ele><time>2022-09-03T03:58:21Z</time></trkpt><trkpt lat="22.25776666466168" lon="113.95646396087282"><ele>792.1822867301001</ele><time>2022-09-03T03:58:23Z</time></trkpt><trkpt lat="22.257777473106824" lon="113.95648855579236"><ele>791.9501433538047</ele><time>2022-09-03T03:58:26Z</time></trkpt><trkpt lat="22.25779337037333" lon="113.95649971730221"><ele>791.7457872171572</ele><time>2022-09-03T03:58:29Z</time></trkpt><trkpt lat="22.257796832846456" lon="113.9565265678133"><ele>791.3854878147669</ele><time>2022-09-03T03:58:34Z</time></trkpt><trkpt lat="22.257796419850813" lon="113.95654740199258"><ele>791.7444580435283</ele><time>2022-09-03T03:58:36Z</time></trkpt><trkpt lat="22.257788311145195" lon="113.95657212959881"><ele>792.9529968618747</ele><time>2022-09-03T03:59:40Z</time></trkpt><trkpt lat="22.257798322882806" lon="113.95659513795229"><ele>792.5347714260108</ele><time>2022-09-03T03:59:43Z</time></trkpt><trkpt lat="22.25781176346657" lon="113.95661589552292"><ele>792.1126085224241</ele><time>2022-09-03T03:59:46Z</time></trkpt><trkpt lat="22.257825131227907" lon="113.95664157732897"><ele>791.3415913273549</ele><time>2022-09-03T03:59:51Z</time></trkpt><trkpt lat="22.257834809106757" lon="113.95665925963701"><ele>790.5767678853894</ele><time>2022-09-03T03:59:54Z</time></trkpt><trkpt lat="22.257839214597894" lon="113.956682450608"><ele>790.1424969305522</ele><time>2022-09-03T03:59:57Z</time></trkpt><trkpt lat="22.257851293962148" lon="113.95669688669486"><ele>789.4132273832774</ele><time>2022-09-03T04:00:02Z</time></trkpt><trkpt lat="22.257852738345033" lon="113.95671634146478"><ele>789.4935128291226</ele><time>2022-09-03T04:00:04Z</time></trkpt><trkpt lat="22.257849978663216" lon="113.95673662606816"><ele>789.5523370270898</ele><time>2022-09-03T04:00:07Z</time></trkpt><trkpt lat="22.257859179670067" lon="113.95675661824394"><ele>789.2488511620176</ele><time>2022-09-03T04:00:10Z</time></trkpt><trkpt lat="22.257857578150595" lon="113.95678328682727"><ele>788.3020150986363</ele><time>2022-09-03T04:00:14Z</time></trkpt><trkpt lat="22.257853718227942" lon="113.95680341716678"><ele>788.0676394093392</ele><time>2022-09-03T04:00:16Z</time></trkpt><trkpt lat="22.257855608025018" lon="113.95682501381077"><ele>787.8205659878593</ele><time>2022-09-03T04:00:18Z</time></trkpt><trkpt lat="22.257859503651446" lon="113.9568489437397"><ele>787.2652740121167</ele><time>2022-09-03T04:00:20Z</time></trkpt><trkpt lat="22.257858887428412" lon="113.95687260549589"><ele>785.7537836134893</ele><time>2022-09-03T04:00:27Z</time></trkpt><trkpt lat="22.257872719481306" lon="113.95689211699639"><ele>784.9427443276672</ele><time>2022-09-03T04:00:36Z</time></trkpt><trkpt lat="22.257888791504364" lon="113.95690401856321"><ele>784.299320352787</ele><time>2022-09-03T04:01:10Z</time></trkpt><trkpt lat="22.25789522806538" lon="113.9569242329878"><ele>783.7667344373722</ele><time>2022-09-03T04:01:12Z</time></trkpt><trkpt lat="22.257905526381425" lon="113.95694201568217"><ele>783.3900398719005</ele><time>2022-09-03T04:01:14Z</time></trkpt><trkpt lat="22.25791635673641" lon="113.95695902324077"><ele>782.7342941580479</ele><time>2022-09-03T04:01:18Z</time></trkpt><trkpt lat="22.257924007427246" lon="113.95698175638644"><ele>781.9735474871154</ele><time>2022-09-03T04:01:24Z</time></trkpt><trkpt lat="22.257916247015327" lon="113.95700312467275"><ele>781.7172484479054</ele><time>2022-09-03T04:01:27Z</time></trkpt><trkpt lat="22.257922523736443" lon="113.95702404034239"><ele>781.8976291330023</ele><time>2022-09-03T04:01:31Z</time></trkpt><trkpt lat="22.2579324535564" lon="113.95704232275581"><ele>781.694517953391</ele><time>2022-09-03T04:01:35Z</time></trkpt><trkpt lat="22.257950721592202" lon="113.95704479812947"><ele>781.1166820333443</ele><time>2022-09-03T04:01:39Z</time></trkpt><trkpt lat="22.25796497366059" lon="113.95706370217692"><ele>780.7451586042221</ele><time>2022-09-03T04:01:43Z</time></trkpt><trkpt lat="22.257983074935943" lon="113.95706823076883"><ele>779.7002893376366</ele><time>2022-09-03T04:01:48Z</time></trkpt><trkpt lat="22.25798494302043" lon="113.95708759580022"><ele>779.5832998930304</ele><time>2022-09-03T04:01:52Z</time></trkpt><trkpt lat="22.258000744581633" lon="113.95709994189599"><ele>778.7648145379694</ele><time>2022-09-03T04:02:02Z</time></trkpt><trkpt lat="22.258009843455934" lon="113.9571174153877"><ele>778.2051122095689</ele><time>2022-09-03T04:02:05Z</time></trkpt><trkpt lat="22.25801287126227" lon="113.95714239452462"><ele>777.7276987783931</ele><time>2022-09-03T04:02:09Z</time></trkpt><trkpt lat="22.258016123003618" lon="113.95716362879651"><ele>777.042957890569</ele><time>2022-09-03T04:02:16Z</time></trkpt><trkpt lat="22.258016716632113" lon="113.95718500975835"><ele>776.4953649575593</ele><time>2022-09-03T04:02:25Z</time></trkpt><trkpt lat="22.258027308409517" lon="113.95720352768873"><ele>776.4372813801018</ele><time>2022-09-03T04:02:27Z</time></trkpt><trkpt lat="22.258029669777958" lon="113.9572236420843"><ele>776.1360560571587</ele><time>2022-09-03T04:02:32Z</time></trkpt><trkpt lat="22.258038695714024" lon="113.95724277136308"><ele>775.3319603697645</ele><time>2022-09-03T04:02:36Z</time></trkpt><trkpt lat="22.25804576516639" lon="113.9572662737291"><ele>774.039099197018</ele><time>2022-09-03T04:02:45Z</time></trkpt><trkpt lat="22.258053275007857" lon="113.95728773607522"><ele>773.3771664663557</ele><time>2022-09-03T04:02:48Z</time></trkpt><trkpt lat="22.258067439533974" lon="113.95730717722543"><ele>772.7912374783857</ele><time>2022-09-03T04:02:52Z</time></trkpt><trkpt lat="22.25807435551818" lon="113.95732726305691"><ele>772.3824535788133</ele><time>2022-09-03T04:02:55Z</time></trkpt><trkpt lat="22.2580801916122" lon="113.95734796898029"><ele>772.9357663211758</ele><time>2022-09-03T04:02:59Z</time></trkpt><trkpt lat="22.25806669076061" lon="113.95736719350285"><ele>773.0367571959509</ele><time>2022-09-03T04:03:03Z</time></trkpt><trkpt lat="22.258059784898563" lon="113.95738737184162"><ele>772.3676891548758</ele><time>2022-09-03T04:03:06Z</time></trkpt><trkpt lat="22.25806068643139" lon="113.95740756002716"><ele>770.5969147909855</ele><time>2022-09-03T04:03:11Z</time></trkpt><trkpt lat="22.258045710531377" lon="113.95742149320422"><ele>769.935485497442</ele><time>2022-09-03T04:03:16Z</time></trkpt><trkpt lat="22.25804772542186" lon="113.95744594810958"><ele>768.3245151537889</ele><time>2022-09-03T04:03:23Z</time></trkpt><trkpt lat="22.258055997208746" lon="113.95746899126715"><ele>767.7529035617802</ele><time>2022-09-03T04:03:27Z</time></trkpt><trkpt lat="22.258052018776823" lon="113.95749016795989"><ele>767.8114768880369</ele><time>2022-09-03T04:03:30Z</time></trkpt><trkpt lat="22.258033052652" lon="113.957491966153"><ele>767.4896512835334</ele><time>2022-09-03T04:03:34Z</time></trkpt><trkpt lat="22.258020457162594" lon="113.95750602934493"><ele>766.9234546217198</ele><time>2022-09-03T04:03:37Z</time></trkpt><trkpt lat="22.25801559960835" lon="113.95753207970809"><ele>766.3469585751062</ele><time>2022-09-03T04:03:43Z</time></trkpt><trkpt lat="22.258012241583955" lon="113.9575573730788"><ele>765.4226120012224</ele><time>2022-09-03T04:03:51Z</time></trkpt><trkpt lat="22.258014738370754" lon="113.95758079698074"><ele>764.5764526991184</ele><time>2022-09-03T04:03:55Z</time></trkpt><trkpt lat="22.25800908696811" lon="113.95760133597146"><ele>763.4553468695832</ele><time>2022-09-03T04:04:00Z</time></trkpt><trkpt lat="22.258013091337876" lon="113.95762159616272"><ele>762.8600075589544</ele><time>2022-09-03T04:04:05Z</time></trkpt><trkpt lat="22.25799596837191" lon="113.95762985314684"><ele>762.3889773551748</ele><time>2022-09-03T04:04:13Z</time></trkpt><trkpt lat="22.25797936108031" lon="113.95764188915254"><ele>762.5990371365355</ele><time>2022-09-03T04:04:17Z</time></trkpt><trkpt lat="22.257974961236076" lon="113.95766166171806"><ele>762.0795417548004</ele><time>2022-09-03T04:04:20Z</time></trkpt><trkpt lat="22.25797484048206" lon="113.95768474124579"><ele>761.6234400625256</ele><time>2022-09-03T04:04:23Z</time></trkpt><trkpt lat="22.257974475541573" lon="113.957704697215"><ele>760.8804795294793</ele><time>2022-09-03T04:04:33Z</time></trkpt><trkpt lat="22.25799263862619" lon="113.95771646006942"><ele>760.0831416474759</ele><time>2022-09-03T04:04:37Z</time></trkpt><trkpt lat="22.257992319154013" lon="113.95773930658845"><ele>759.0155151142118</ele><time>2022-09-03T04:04:40Z</time></trkpt><trkpt lat="22.25798281102478" lon="113.95775614730145"><ele>757.9609925964663</ele><time>2022-09-03T04:04:47Z</time></trkpt><trkpt lat="22.257981818104202" lon="113.95777766427746"><ele>757.1316244094568</ele><time>2022-09-03T04:04:57Z</time></trkpt><trkpt lat="22.257974326966067" lon="113.95779766101333"><ele>756.9477205751465</ele><time>2022-09-03T04:05:02Z</time></trkpt><trkpt lat="22.257965473435448" lon="113.9578157488916"><ele>756.468259926699</ele><time>2022-09-03T04:05:04Z</time></trkpt><trkpt lat="22.257954512119174" lon="113.95783486383759"><ele>755.9520789960445</ele><time>2022-09-03T04:05:06Z</time></trkpt><trkpt lat="22.25794512323267" lon="113.9578569020905"><ele>755.5220746557668</ele><time>2022-09-03T04:05:09Z</time></trkpt><trkpt lat="22.25793365538966" lon="113.95787643350845"><ele>754.6835155766299</ele><time>2022-09-03T04:05:12Z</time></trkpt><trkpt lat="22.257914403524182" lon="113.95789330683833"><ele>754.2500336014874</ele><time>2022-09-03T04:05:15Z</time></trkpt><trkpt lat="22.257916815748164" lon="113.95792136921098"><ele>752.5450180931816</ele><time>2022-09-03T04:06:12Z</time></trkpt><trkpt lat="22.257922205485748" lon="113.95794112326661"><ele>752.250521741275</ele><time>2022-09-03T04:06:14Z</time></trkpt><trkpt lat="22.257940702299482" lon="113.95794404197022"><ele>751.6945205951384</ele><time>2022-09-03T04:06:16Z</time></trkpt><trkpt lat="22.25795768275757" lon="113.9579584035651"><ele>751.139282190367</ele><time>2022-09-03T04:06:18Z</time></trkpt><trkpt lat="22.257970373666367" lon="113.95797985976925"><ele>751.0102684313456</ele><time>2022-09-03T04:06:20Z</time></trkpt><trkpt lat="22.25798297084106" lon="113.95801037094625"><ele>750.7471382838453</ele><time>2022-09-03T04:06:22Z</time></trkpt><trkpt lat="22.257993632952747" lon="113.95804274215507"><ele>750.5149031240703</ele><time>2022-09-03T04:06:24Z</time></trkpt><trkpt lat="22.25800397105407" lon="113.95806918698217"><ele>750.3896771123989</ele><time>2022-09-03T04:06:26Z</time></trkpt><trkpt lat="22.25801757821107" lon="113.95809026822393"><ele>750.442721495832</ele><time>2022-09-03T04:06:28Z</time></trkpt><trkpt lat="22.258026464470962" lon="113.95810883729044"><ele>750.5609696453954</ele><time>2022-09-03T04:06:30Z</time></trkpt><trkpt lat="22.25803649454329" lon="113.95813447823565"><ele>750.3960131741251</ele><time>2022-09-03T04:06:33Z</time></trkpt><trkpt lat="22.258042309895714" lon="113.95816099654198"><ele>749.7459197247845</ele><time>2022-09-03T04:06:35Z</time></trkpt><trkpt lat="22.25805242289731" lon="113.9581874227083"><ele>749.1634381872119</ele><time>2022-09-03T04:06:37Z</time></trkpt><trkpt lat="22.25806022997913" lon="113.95820730175495"><ele>748.8045924399685</ele><time>2022-09-03T04:06:39Z</time></trkpt><trkpt lat="22.258083487533387" lon="113.95821603183138"><ele>748.6978616052814</ele><time>2022-09-03T04:06:42Z</time></trkpt><trkpt lat="22.25810384860167" lon="113.95821590569678"><ele>748.6819242375481</ele><time>2022-09-03T04:06:45Z</time></trkpt><trkpt lat="22.2581285056841" lon="113.9582181074667"><ele>748.2206303331872</ele><time>2022-09-03T04:06:49Z</time></trkpt><trkpt lat="22.258140920673682" lon="113.95823825474928"><ele>747.9948798638615</ele><time>2022-09-03T04:06:51Z</time></trkpt><trkpt lat="22.258153841332472" lon="113.95825786571882"><ele>747.8696020591616</ele><time>2022-09-03T04:06:53Z</time></trkpt><trkpt lat="22.258168888605685" lon="113.95827059032717"><ele>747.6655951851532</ele><time>2022-09-03T04:06:55Z</time></trkpt><trkpt lat="22.258147561798875" lon="113.95825233735007"><ele>747.6513480671196</ele><time>2022-09-03T04:08:10Z</time></trkpt><trkpt lat="22.258137831136118" lon="113.95823410812538"><ele>748.0691433284793</ele><time>2022-09-03T04:08:12Z</time></trkpt><trkpt lat="22.258122268770148" lon="113.95821363440703"><ele>748.6417791542477</ele><time>2022-09-03T04:08:15Z</time></trkpt><trkpt lat="22.258104790199535" lon="113.9582089459805"><ele>749.1208609927367</ele><time>2022-09-03T04:08:18Z</time></trkpt><trkpt lat="22.25808341283656" lon="113.95820812205486"><ele>749.0440534483346</ele><time>2022-09-03T04:08:20Z</time></trkpt><trkpt lat="22.25806235198554" lon="113.95822518968689"><ele>748.8141958720075</ele><time>2022-09-03T04:08:22Z</time></trkpt><trkpt lat="22.25805953684406" lon="113.95824944898075"><ele>748.3749401164081</ele><time>2022-09-03T04:08:24Z</time></trkpt><trkpt lat="22.258075465289092" lon="113.95827438706773"><ele>747.9774883074219</ele><time>2022-09-03T04:08:26Z</time></trkpt><trkpt lat="22.25808904778756" lon="113.95828999551324"><ele>747.1709277053809</ele><time>2022-09-03T04:08:29Z</time></trkpt><trkpt lat="22.258096804156324" lon="113.9583107244476"><ele>746.6281812245585</ele><time>2022-09-03T04:08:32Z</time></trkpt><trkpt lat="22.25811167795025" lon="113.95833599239283"><ele>746.4484286079993</ele><time>2022-09-03T04:08:35Z</time></trkpt><trkpt lat="22.25811760505082" lon="113.95836142561568"><ele>746.1640838269647</ele><time>2022-09-03T04:08:37Z</time></trkpt><trkpt lat="22.25812110584864" lon="113.95838193237667"><ele>745.9968630168296</ele><time>2022-09-03T04:08:39Z</time></trkpt><trkpt lat="22.258117818890835" lon="113.95840806506523"><ele>746.0809074021215</ele><time>2022-09-03T04:08:41Z</time></trkpt><trkpt lat="22.25812401272459" lon="113.9584282447767"><ele>746.0020352838012</ele><time>2022-09-03T04:08:43Z</time></trkpt><trkpt lat="22.25812944166668" lon="113.95845351453453"><ele>746.1119436398677</ele><time>2022-09-03T04:08:46Z</time></trkpt><trkpt lat="22.258126927777404" lon="113.95848066868612"><ele>746.3137396139889</ele><time>2022-09-03T04:08:49Z</time></trkpt><trkpt lat="22.25812756843898" lon="113.95850926442344"><ele>746.3720782538325</ele><time>2022-09-03T04:08:52Z</time></trkpt><trkpt lat="22.25813092143608" lon="113.95853246346884"><ele>745.5585518649254</ele><time>2022-09-03T04:08:55Z</time></trkpt><trkpt lat="22.25814739630474" lon="113.95855130266511"><ele>745.0045813318235</ele><time>2022-09-03T04:08:59Z</time></trkpt><trkpt lat="22.258158566244227" lon="113.95857231446266"><ele>744.358490224067</ele><time>2022-09-03T04:09:02Z</time></trkpt><trkpt lat="22.258168223434694" lon="113.95859583743345"><ele>743.9159762135707</ele><time>2022-09-03T04:09:05Z</time></trkpt><trkpt lat="22.258179559935073" lon="113.95861252149727"><ele>743.5250697126451</ele><time>2022-09-03T04:09:08Z</time></trkpt><trkpt lat="22.258191920220522" lon="113.95863525057048"><ele>743.0991871034672</ele><time>2022-09-03T04:09:11Z</time></trkpt><trkpt lat="22.258200835815586" lon="113.95866530627866"><ele>742.501455372976</ele><time>2022-09-03T04:09:14Z</time></trkpt><trkpt lat="22.258210013079516" lon="113.95868652938381"><ele>742.1036253604611</ele><time>2022-09-03T04:09:17Z</time></trkpt><trkpt lat="22.258225051360004" lon="113.95870321027925"><ele>742.1556421761665</ele><time>2022-09-03T04:09:20Z</time></trkpt><trkpt lat="22.25823614200333" lon="113.95872607609668"><ele>741.756876011953</ele><time>2022-09-03T04:09:23Z</time></trkpt><trkpt lat="22.258233155392762" lon="113.95874584997463"><ele>741.7728375220892</ele><time>2022-09-03T04:09:25Z</time></trkpt><trkpt lat="22.2582272469119" lon="113.95876648868949"><ele>741.8816958108931</ele><time>2022-09-03T04:09:27Z</time></trkpt><trkpt lat="22.258221637068573" lon="113.95879422916167"><ele>741.8697875550689</ele><time>2022-09-03T04:09:30Z</time></trkpt><trkpt lat="22.258227537943288" lon="113.95881348653059"><ele>741.7091960440214</ele><time>2022-09-03T04:09:32Z</time></trkpt><trkpt lat="22.258242059666642" lon="113.95882830372051"><ele>741.273047083146</ele><time>2022-09-03T04:09:34Z</time></trkpt><trkpt lat="22.2582540193893" lon="113.95884479863966"><ele>740.6685154996622</ele><time>2022-09-03T04:09:36Z</time></trkpt><trkpt lat="22.258261751580363" lon="113.95886422324307"><ele>740.2958870560044</ele><time>2022-09-03T04:09:38Z</time></trkpt><trkpt lat="22.258264833753305" lon="113.95888405992973"><ele>739.8671166563627</ele><time>2022-09-03T04:09:40Z</time></trkpt><trkpt lat="22.258266947937617" lon="113.95891059915695"><ele>739.4411405953484</ele><time>2022-09-03T04:09:43Z</time></trkpt><trkpt lat="22.25826013703439" lon="113.9589323375874"><ele>739.0749823387687</ele><time>2022-09-03T04:09:46Z</time></trkpt><trkpt lat="22.258261575366117" lon="113.95895841454492"><ele>738.2905972816834</ele><time>2022-09-03T04:09:49Z</time></trkpt><trkpt lat="22.25826675584911" lon="113.95897878439308"><ele>737.7089996143621</ele><time>2022-09-03T04:09:52Z</time></trkpt><trkpt lat="22.25826073879284" lon="113.95899785436215"><ele>738.0471247242318</ele><time>2022-09-03T04:09:55Z</time></trkpt><trkpt lat="22.25826021826238" lon="113.95902497256148"><ele>737.654868824681</ele><time>2022-09-03T04:09:59Z</time></trkpt><trkpt lat="22.2582680594115" lon="113.95904513108829"><ele>737.4639051869509</ele><time>2022-09-03T04:10:01Z</time></trkpt><trkpt lat="22.258275848975494" lon="113.9590669326207"><ele>737.2997695493618</ele><time>2022-09-03T04:10:03Z</time></trkpt><trkpt lat="22.258284730098644" lon="113.95908696683757"><ele>737.3740730729637</ele><time>2022-09-03T04:10:05Z</time></trkpt><trkpt lat="22.25829792970804" lon="113.95910895217727"><ele>737.2255567611027</ele><time>2022-09-03T04:10:08Z</time></trkpt><trkpt lat="22.258301902917793" lon="113.95912942562602"><ele>736.9396606147122</ele><time>2022-09-03T04:10:11Z</time></trkpt><trkpt lat="22.25829075813129" lon="113.95915217404463"><ele>736.7837133176613</ele><time>2022-09-03T04:10:14Z</time></trkpt><trkpt lat="22.258278969231064" lon="113.95917633374515"><ele>736.8052328307513</ele><time>2022-09-03T04:10:17Z</time></trkpt><trkpt lat="22.258265244932602" lon="113.95919270261365"><ele>736.1833916855746</ele><time>2022-09-03T04:10:20Z</time></trkpt><trkpt lat="22.2582498622893" lon="113.95920868032863"><ele>734.8966828467022</ele><time>2022-09-03T04:10:24Z</time></trkpt><trkpt lat="22.258244676024358" lon="113.95922987060194"><ele>734.3760356968016</ele><time>2022-09-03T04:10:28Z</time></trkpt><trkpt lat="22.25824231593816" lon="113.95925059430661"><ele>734.1550744382855</ele><time>2022-09-03T04:10:31Z</time></trkpt><trkpt lat="22.258242880959823" lon="113.95927294852855"><ele>733.7073621731364</ele><time>2022-09-03T04:10:34Z</time></trkpt><trkpt lat="22.25824628739306" lon="113.95929642987294"><ele>732.8779545126162</ele><time>2022-09-03T04:10:37Z</time></trkpt><trkpt lat="22.25824234731079" lon="113.95931611172874"><ele>732.6068125309768</ele><time>2022-09-03T04:10:39Z</time></trkpt><trkpt lat="22.2582366178939" lon="113.95934199626276"><ele>732.0468312123792</ele><time>2022-09-03T04:10:43Z</time></trkpt><trkpt lat="22.258230943403188" lon="113.95936450233889"><ele>731.6906222692758</ele><time>2022-09-03T04:10:45Z</time></trkpt><trkpt lat="22.25822869146952" lon="113.95938396431272"><ele>731.0478273123856</ele><time>2022-09-03T04:10:47Z</time></trkpt><trkpt lat="22.258228810674986" lon="113.95940904964795"><ele>730.7899740330652</ele><time>2022-09-03T04:10:50Z</time></trkpt><trkpt lat="22.258224397521477" lon="113.95943501569121"><ele>731.1483996650511</ele><time>2022-09-03T04:10:53Z</time></trkpt><trkpt lat="22.258219744205636" lon="113.95945849237113"><ele>731.3204329612714</ele><time>2022-09-03T04:10:55Z</time></trkpt><trkpt lat="22.25821489329" lon="113.9594833017708"><ele>731.0950951669471</ele><time>2022-09-03T04:10:58Z</time></trkpt><trkpt lat="22.258210188362455" lon="113.95950528088922"><ele>729.784811380265</ele><time>2022-09-03T04:11:02Z</time></trkpt><trkpt lat="22.258202476461623" lon="113.9595276606503"><ele>728.9531611872987</ele><time>2022-09-03T04:11:06Z</time></trkpt><trkpt lat="22.258212329348332" lon="113.95954820470405"><ele>728.4599350216903</ele><time>2022-09-03T04:11:12Z</time></trkpt><trkpt lat="22.258211419509678" lon="113.9595698579595"><ele>728.1782190360021</ele><time>2022-09-03T04:11:17Z</time></trkpt><trkpt lat="22.258209809518387" lon="113.95958951369488"><ele>727.507603901344</ele><time>2022-09-03T04:11:19Z</time></trkpt><trkpt lat="22.258217895161877" lon="113.95961264939488"><ele>726.364580532615</ele><time>2022-09-03T04:11:22Z</time></trkpt><trkpt lat="22.25822027978128" lon="113.95963521056753"><ele>724.2628449984877</ele><time>2022-09-03T04:11:28Z</time></trkpt><trkpt lat="22.258235039070406" lon="113.95964649488876"><ele>724.0815340693648</ele><time>2022-09-03T04:11:32Z</time></trkpt><trkpt lat="22.2582402823452" lon="113.95966940789512"><ele>724.4251794922113</ele><time>2022-09-03T04:13:24Z</time></trkpt><trkpt lat="22.258260557219046" lon="113.95966593769568"><ele>722.7883616928011</ele><time>2022-09-03T04:14:09Z</time></trkpt><trkpt lat="22.258261045762872" lon="113.95968597426088"><ele>722.9370962725952</ele><time>2022-09-03T04:14:52Z</time></trkpt><trkpt lat="22.25826081977472" lon="113.9597078916757"><ele>723.3042415427044</ele><time>2022-09-03T04:14:55Z</time></trkpt><trkpt lat="22.258259212742278" lon="113.95972884734974"><ele>723.4818638395518</ele><time>2022-09-03T04:15:19Z</time></trkpt><trkpt lat="22.25826892831443" lon="113.95975596328395"><ele>723.2380050262436</ele><time>2022-09-03T04:15:47Z</time></trkpt><trkpt lat="22.25828440639508" lon="113.95977959697333"><ele>722.9508872986846</ele><time>2022-09-03T04:15:51Z</time></trkpt><trkpt lat="22.258300485010114" lon="113.95980173063747"><ele>722.3681061504439</ele><time>2022-09-03T04:15:54Z</time></trkpt><trkpt lat="22.258311671983662" lon="113.95981788986875"><ele>722.1881299246465</ele><time>2022-09-03T04:15:55Z</time></trkpt><trkpt lat="22.25832706280127" lon="113.95984499685748"><ele>721.85324562327</ele><time>2022-09-03T04:15:57Z</time></trkpt><trkpt lat="22.258339295908726" lon="113.9598673948939"><ele>721.9228355045359</ele><time>2022-09-03T04:15:59Z</time></trkpt><trkpt lat="22.25834443071862" lon="113.9598956544153"><ele>721.8855271531456</ele><time>2022-09-03T04:16:03Z</time></trkpt><trkpt lat="22.258357577263084" lon="113.95991154756423"><ele>721.5409704865477</ele><time>2022-09-03T04:16:05Z</time></trkpt><trkpt lat="22.258365573294622" lon="113.95993463206052"><ele>720.2924854989768</ele><time>2022-09-03T04:16:09Z</time></trkpt><trkpt lat="22.258370251709035" lon="113.95995638635785"><ele>719.4573283587723</ele><time>2022-09-03T04:16:12Z</time></trkpt><trkpt lat="22.258380622126815" lon="113.95997251241351"><ele>719.146068464088</ele><time>2022-09-03T04:16:14Z</time></trkpt><trkpt lat="22.258400307406323" lon="113.95999370478098"><ele>718.6364441121476</ele><time>2022-09-03T04:16:16Z</time></trkpt><trkpt lat="22.258417708750255" lon="113.96001466653853"><ele>718.3788612408745</ele><time>2022-09-03T04:16:18Z</time></trkpt><trkpt lat="22.258429310328076" lon="113.96003756314552"><ele>718.8665531581588</ele><time>2022-09-03T04:16:21Z</time></trkpt><trkpt lat="22.25842988419112" lon="113.9600583623439"><ele>718.8982480739944</ele><time>2022-09-03T04:16:25Z</time></trkpt><trkpt lat="22.258426933891403" lon="113.96008207703768"><ele>718.7548223241289</ele><time>2022-09-03T04:16:28Z</time></trkpt><trkpt lat="22.2584259008324" lon="113.96010244635147"><ele>718.8026570954001</ele><time>2022-09-03T04:16:30Z</time></trkpt><trkpt lat="22.25842494335486" lon="113.96012644091915"><ele>718.8473303092711</ele><time>2022-09-03T04:16:32Z</time></trkpt><trkpt lat="22.258425611310802" lon="113.96014960919943"><ele>718.5860746673997</ele><time>2022-09-03T04:16:34Z</time></trkpt><trkpt lat="22.258424061879026" lon="113.960172915815"><ele>718.5639452852434</ele><time>2022-09-03T04:16:36Z</time></trkpt><trkpt lat="22.25842580820486" lon="113.96019523496888"><ele>718.5453952169345</ele><time>2022-09-03T04:16:38Z</time></trkpt><trkpt lat="22.258432598877103" lon="113.96022335180845"><ele>718.3770984730085</ele><time>2022-09-03T04:16:41Z</time></trkpt><trkpt lat="22.25843804305354" lon="113.96024683167056"><ele>717.6803335903544</ele><time>2022-09-03T04:16:44Z</time></trkpt><trkpt lat="22.258446211714944" lon="113.96026490968573"><ele>716.2024462389464</ele><time>2022-09-03T04:16:47Z</time></trkpt><trkpt lat="22.258456445587" lon="113.96028707670325"><ele>715.5761567334171</ele><time>2022-09-03T04:16:50Z</time></trkpt><trkpt lat="22.258464737944415" lon="113.96030544221844"><ele>715.2366934676065</ele><time>2022-09-03T04:16:53Z</time></trkpt><trkpt lat="22.258462106460826" lon="113.96032560135656"><ele>715.5645442099675</ele><time>2022-09-03T04:16:56Z</time></trkpt><trkpt lat="22.25845535902983" lon="113.96035208588553"><ele>716.0887922061411</ele><time>2022-09-03T04:16:59Z</time></trkpt><trkpt lat="22.258455830268236" lon="113.96037438994898"><ele>716.0392356113807</ele><time>2022-09-03T04:17:01Z</time></trkpt><trkpt lat="22.25845555615503" lon="113.9603995569788"><ele>716.1142926267274</ele><time>2022-09-03T04:17:03Z</time></trkpt><trkpt lat="22.25845491846223" lon="113.96042099730887"><ele>716.097478435546</ele><time>2022-09-03T04:17:05Z</time></trkpt><trkpt lat="22.258456951548826" lon="113.96044222794185"><ele>715.6103272506276</ele><time>2022-09-03T04:17:08Z</time></trkpt><trkpt lat="22.258463369663904" lon="113.96046043720689"><ele>715.0631622431935</ele><time>2022-09-03T04:17:10Z</time></trkpt><trkpt lat="22.25847568430245" lon="113.96047599246914"><ele>714.5147403660186</ele><time>2022-09-03T04:17:12Z</time></trkpt><trkpt lat="22.258490248854745" lon="113.96048857835171"><ele>713.7833421629194</ele><time>2022-09-03T04:17:14Z</time></trkpt><trkpt lat="22.258500797400234" lon="113.96050842873765"><ele>712.7139099596344</ele><time>2022-09-03T04:17:17Z</time></trkpt><trkpt lat="22.25851418869861" lon="113.96052513688304"><ele>710.5777991399417</ele><time>2022-09-03T04:17:22Z</time></trkpt><trkpt lat="22.25853215460322" lon="113.96053228696398"><ele>708.76677316928</ele><time>2022-09-03T04:17:29Z</time></trkpt><trkpt lat="22.258545902246063" lon="113.96055408583072"><ele>708.1889726284448</ele><time>2022-09-03T04:17:32Z</time></trkpt><trkpt lat="22.25856131906021" lon="113.96057275661987"><ele>707.6829199174887</ele><time>2022-09-03T04:17:35Z</time></trkpt><trkpt lat="22.25857047914683" lon="113.9605913593928"><ele>707.4923269477778</ele><time>2022-09-03T04:17:38Z</time></trkpt><trkpt lat="22.258584779130565" lon="113.9606155479654"><ele>707.1964135000417</ele><time>2022-09-03T04:17:41Z</time></trkpt><trkpt lat="22.258594353582087" lon="113.96063396359855"><ele>707.2219606258295</ele><time>2022-09-03T04:17:43Z</time></trkpt><trkpt lat="22.258605374475618" lon="113.96065291919905"><ele>707.0506997957908</ele><time>2022-09-03T04:17:45Z</time></trkpt><trkpt lat="22.25861749556339" lon="113.9606686153718"><ele>706.9573956737798</ele><time>2022-09-03T04:17:47Z</time></trkpt><trkpt lat="22.258632249532198" lon="113.9606902947805"><ele>706.4250916884685</ele><time>2022-09-03T04:18:13Z</time></trkpt><trkpt lat="22.258665239232382" lon="113.96070277843587"><ele>706.5245488693871</ele><time>2022-09-03T04:18:15Z</time></trkpt><trkpt lat="22.258687426786476" lon="113.96070776339678"><ele>706.1576081036587</ele><time>2022-09-03T04:18:17Z</time></trkpt><trkpt lat="22.25871119826333" lon="113.96071133875022"><ele>705.6873493787972</ele><time>2022-09-03T04:18:19Z</time></trkpt><trkpt lat="22.258728884951733" lon="113.96071965282"><ele>705.3454440143333</ele><time>2022-09-03T04:18:21Z</time></trkpt><trkpt lat="22.25874527394104" lon="113.9607308162676"><ele>705.3107943256692</ele><time>2022-09-03T04:18:24Z</time></trkpt><trkpt lat="22.258767257420494" lon="113.96073022424002"><ele>705.1553015053661</ele><time>2022-09-03T04:18:27Z</time></trkpt><trkpt lat="22.258790247741388" lon="113.96073266622378"><ele>704.614628859825</ele><time>2022-09-03T04:18:30Z</time></trkpt><trkpt lat="22.25880786501464" lon="113.96073743303113"><ele>704.1508393315332</ele><time>2022-09-03T04:18:32Z</time></trkpt><trkpt lat="22.258834114390332" lon="113.96074423727538"><ele>703.8289981623208</ele><time>2022-09-03T04:18:35Z</time></trkpt><trkpt lat="22.258856322075054" lon="113.9607499027307"><ele>703.9408391808798</ele><time>2022-09-03T04:18:37Z</time></trkpt><trkpt lat="22.258874552880126" lon="113.9607591008806"><ele>704.1974674569897</ele><time>2022-09-03T04:18:39Z</time></trkpt><trkpt lat="22.25889373964797" lon="113.96076857204088"><ele>704.5845174201759</ele><time>2022-09-03T04:18:41Z</time></trkpt><trkpt lat="22.258911701458672" lon="113.96077657979083"><ele>704.8460669040177</ele><time>2022-09-03T04:18:43Z</time></trkpt><trkpt lat="22.258933193499484" lon="113.9607946179287"><ele>705.0949657700513</ele><time>2022-09-03T04:18:46Z</time></trkpt><trkpt lat="22.258946052792183" lon="113.96080822152588"><ele>704.9861032974798</ele><time>2022-09-03T04:18:48Z</time></trkpt><trkpt lat="22.25896231977238" lon="113.96082551816066"><ele>704.5597280391729</ele><time>2022-09-03T04:18:50Z</time></trkpt><trkpt lat="22.25897734059993" lon="113.96084205836442"><ele>704.1676983798761</ele><time>2022-09-03T04:18:52Z</time></trkpt><trkpt lat="22.25899813340574" lon="113.96086097572244"><ele>703.7727596362057</ele><time>2022-09-03T04:18:55Z</time></trkpt><trkpt lat="22.259016591408848" lon="113.96087402555106"><ele>703.5896154310617</ele><time>2022-09-03T04:18:57Z</time></trkpt><trkpt lat="22.259042945874565" lon="113.96088256184476"><ele>703.4155151592502</ele><time>2022-09-03T04:19:00Z</time></trkpt><trkpt lat="22.25906268011364" lon="113.96088687193551"><ele>703.007506011323</ele><time>2022-09-03T04:19:02Z</time></trkpt><trkpt lat="22.259085218219777" lon="113.9608918345006"><ele>702.6102625848314</ele><time>2022-09-03T04:19:05Z</time></trkpt><trkpt lat="22.259100999736557" lon="113.96090126374959"><ele>702.3996514681099</ele><time>2022-09-03T04:19:07Z</time></trkpt><trkpt lat="22.259116482299724" lon="113.9609150533684"><ele>702.324713799684</ele><time>2022-09-03T04:19:10Z</time></trkpt><trkpt lat="22.259126227071384" lon="113.96093823311269"><ele>702.3899556004692</ele><time>2022-09-03T04:19:13Z</time></trkpt><trkpt lat="22.25913835073101" lon="113.9609584949267"><ele>702.5023773735264</ele><time>2022-09-03T04:19:16Z</time></trkpt><trkpt lat="22.259150920295916" lon="113.96097767633754"><ele>702.2415773310349</ele><time>2022-09-03T04:19:18Z</time></trkpt><trkpt lat="22.259171627942216" lon="113.96099733825886"><ele>701.9672900236053</ele><time>2022-09-03T04:19:20Z</time></trkpt><trkpt lat="22.259188227981547" lon="113.96101199896891"><ele>701.7145587767402</ele><time>2022-09-03T04:19:22Z</time></trkpt><trkpt lat="22.259198377777352" lon="113.96103076032912"><ele>701.422839402032</ele><time>2022-09-03T04:19:24Z</time></trkpt><trkpt lat="22.259211089892975" lon="113.9610519168625"><ele>701.3009982990682</ele><time>2022-09-03T04:19:26Z</time></trkpt><trkpt lat="22.259228299817963" lon="113.96107118379005"><ele>701.3672741270713</ele><time>2022-09-03T04:19:28Z</time></trkpt><trkpt lat="22.25924768926336" lon="113.96108289520083"><ele>701.2528856350308</ele><time>2022-09-03T04:19:30Z</time></trkpt><trkpt lat="22.259266061094014" lon="113.96109010453591"><ele>700.7000296283472</ele><time>2022-09-03T04:19:33Z</time></trkpt><trkpt lat="22.25928622389526" lon="113.96110146265845"><ele>699.8165555464017</ele><time>2022-09-03T04:19:36Z</time></trkpt><trkpt lat="22.25930318951345" lon="113.96111300838152"><ele>699.8096566772656</ele><time>2022-09-03T04:19:39Z</time></trkpt><trkpt lat="22.25932395255822" lon="113.96111499541334"><ele>699.8902548408669</ele><time>2022-09-03T04:19:43Z</time></trkpt><trkpt lat="22.259344973349986" lon="113.96112652438048"><ele>699.4819786796312</ele><time>2022-09-03T04:19:46Z</time></trkpt><trkpt lat="22.259364198986425" lon="113.96114381948537"><ele>699.3516909930684</ele><time>2022-09-03T04:19:49Z</time></trkpt><trkpt lat="22.259382634681188" lon="113.96115699644506"><ele>699.023008430655</ele><time>2022-09-03T04:19:52Z</time></trkpt><trkpt lat="22.2593985356779" lon="113.96117001135306"><ele>698.8085084202618</ele><time>2022-09-03T04:19:54Z</time></trkpt><trkpt lat="22.259422049632626" lon="113.96118711966272"><ele>698.4987468471397</ele><time>2022-09-03T04:19:56Z</time></trkpt><trkpt lat="22.259443844884576" lon="113.96120325996178"><ele>698.7676894481027</ele><time>2022-09-03T04:19:58Z</time></trkpt><trkpt lat="22.25946595471848" lon="113.96121535997767"><ele>699.1819994305347</ele><time>2022-09-03T04:20:00Z</time></trkpt><trkpt lat="22.25949063195187" lon="113.96122227994536"><ele>699.5265014525286</ele><time>2022-09-03T04:20:02Z</time></trkpt><trkpt lat="22.25951709137021" lon="113.96121990063718"><ele>699.7547205069595</ele><time>2022-09-03T04:20:04Z</time></trkpt><trkpt lat="22.259539865295405" lon="113.96120765670658"><ele>699.8128239737181</ele><time>2022-09-03T04:20:06Z</time></trkpt><trkpt lat="22.25956338426384" lon="113.96119053118107"><ele>699.6208530471534</ele><time>2022-09-03T04:20:08Z</time></trkpt><trkpt lat="22.259591586443097" lon="113.96117535200237"><ele>699.3638376607408</ele><time>2022-09-03T04:20:10Z</time></trkpt><trkpt lat="22.259615975133848" lon="113.96117011127669"><ele>699.166392189812</ele><time>2022-09-03T04:20:12Z</time></trkpt><trkpt lat="22.259644816267205" lon="113.96116958850605"><ele>698.749780683209</ele><time>2022-09-03T04:20:14Z</time></trkpt><trkpt lat="22.259668878464534" lon="113.96117451028613"><ele>698.4496944873488</ele><time>2022-09-03T04:20:16Z</time></trkpt><trkpt lat="22.259691119504456" lon="113.96118349452279"><ele>698.2602501787549</ele><time>2022-09-03T04:20:18Z</time></trkpt><trkpt lat="22.259707224274113" lon="113.96119940089396"><ele>698.2360422608658</ele><time>2022-09-03T04:20:20Z</time></trkpt><trkpt lat="22.25971408483297" lon="113.9612178513236"><ele>697.9207702145203</ele><time>2022-09-03T04:20:22Z</time></trkpt><trkpt lat="22.259715104215953" lon="113.96123883924609"><ele>697.5146964834166</ele><time>2022-09-03T04:20:24Z</time></trkpt><trkpt lat="22.259717099401318" lon="113.96126757782315"><ele>697.2953603536521</ele><time>2022-09-03T04:20:27Z</time></trkpt><trkpt lat="22.259714957235467" lon="113.96129064691847"><ele>697.2757731809777</ele><time>2022-09-03T04:20:29Z</time></trkpt><trkpt lat="22.259715178022738" lon="113.96131105827546"><ele>697.2059271063816</ele><time>2022-09-03T04:20:31Z</time></trkpt><trkpt lat="22.259723846671122" lon="113.96133423649972"><ele>696.857706793951</ele><time>2022-09-03T04:20:33Z</time></trkpt><trkpt lat="22.25972203713544" lon="113.96136072783445"><ele>696.353032989335</ele><time>2022-09-03T04:20:35Z</time></trkpt><trkpt lat="22.259717229910986" lon="113.96138028038744"><ele>695.40761784072</ele><time>2022-09-03T04:20:37Z</time></trkpt><trkpt lat="22.259716621432972" lon="113.96141363739017"><ele>694.6619731715507</ele><time>2022-09-03T04:20:40Z</time></trkpt><trkpt lat="22.259724436370654" lon="113.96143918178736"><ele>694.5001337754202</ele><time>2022-09-03T04:20:42Z</time></trkpt><trkpt lat="22.259736864740045" lon="113.96145491549186"><ele>694.0542212730539</ele><time>2022-09-03T04:20:44Z</time></trkpt><trkpt lat="22.25974776017885" lon="113.96147415090005"><ele>692.6178862510351</ele><time>2022-09-03T04:20:48Z</time></trkpt><trkpt lat="22.259763134198387" lon="113.96148489391223"><ele>692.3141820186717</ele><time>2022-09-03T04:20:50Z</time></trkpt><trkpt lat="22.25977416630638" lon="113.96150131926773"><ele>692.0905125733018</ele><time>2022-09-03T04:20:52Z</time></trkpt><trkpt lat="22.25978675606911" lon="113.96151794879289"><ele>691.6546116521924</ele><time>2022-09-03T04:20:54Z</time></trkpt><trkpt lat="22.259803209904298" lon="113.96153057493797"><ele>691.0872678226311</ele><time>2022-09-03T04:20:56Z</time></trkpt><trkpt lat="22.259820134026103" lon="113.9615406430843"><ele>690.837444995667</ele><time>2022-09-03T04:20:58Z</time></trkpt><trkpt lat="22.259838087738267" lon="113.96155013617427"><ele>690.8810347245285</ele><time>2022-09-03T04:21:00Z</time></trkpt><trkpt lat="22.259858319740914" lon="113.96155692971983"><ele>690.9937599660575</ele><time>2022-09-03T04:21:02Z</time></trkpt><trkpt lat="22.259876642357366" lon="113.96156083861315"><ele>690.5456581169824</ele><time>2022-09-03T04:21:04Z</time></trkpt><trkpt lat="22.259901940202962" lon="113.96157068985224"><ele>690.0839446513652</ele><time>2022-09-03T04:21:07Z</time></trkpt><trkpt lat="22.259923534667553" lon="113.96157990217101"><ele>689.6067018987187</ele><time>2022-09-03T04:21:09Z</time></trkpt><trkpt lat="22.25994093847504" lon="113.96158560364698"><ele>689.4625007564695</ele><time>2022-09-03T04:21:11Z</time></trkpt><trkpt lat="22.259962758936112" lon="113.96159393569725"><ele>689.367651778834</ele><time>2022-09-03T04:21:14Z</time></trkpt><trkpt lat="22.25998039491918" lon="113.96160643600997"><ele>689.4136122866562</ele><time>2022-09-03T04:21:16Z</time></trkpt><trkpt lat="22.259998817585146" lon="113.96161549855903"><ele>689.4981585874051</ele><time>2022-09-03T04:21:18Z</time></trkpt><trkpt lat="22.26002054388922" lon="113.96161866624831"><ele>689.2942904805099</ele><time>2022-09-03T04:21:21Z</time></trkpt><trkpt lat="22.26004063286234" lon="113.96162005441568"><ele>689.3966520783729</ele><time>2022-09-03T04:21:24Z</time></trkpt><trkpt lat="22.260063267514255" lon="113.96162126486749"><ele>689.2803800264512</ele><time>2022-09-03T04:21:26Z</time></trkpt><trkpt lat="22.260085056347037" lon="113.96162601411572"><ele>689.1686377685605</ele><time>2022-09-03T04:21:28Z</time></trkpt><trkpt lat="22.260103518581307" lon="113.96163551516938"><ele>688.97552494004</ele><time>2022-09-03T04:21:30Z</time></trkpt><trkpt lat="22.260125569634603" lon="113.96164205628337"><ele>688.3810760544109</ele><time>2022-09-03T04:21:32Z</time></trkpt><trkpt lat="22.260145522959114" lon="113.961642014544"><ele>687.6883588834961</ele><time>2022-09-03T04:21:34Z</time></trkpt><trkpt lat="22.260169253770574" lon="113.96164482215562"><ele>686.8352744939799</ele><time>2022-09-03T04:21:37Z</time></trkpt><trkpt lat="22.26016677472817" lon="113.96166453030195"><ele>686.977862679749</ele><time>2022-09-03T04:22:22Z</time></trkpt><trkpt lat="22.260180662478785" lon="113.96168187233238"><ele>686.9460305525201</ele><time>2022-09-03T04:22:25Z</time></trkpt><trkpt lat="22.26018948773108" lon="113.96170278531594"><ele>686.9553651183835</ele><time>2022-09-03T04:22:26Z</time></trkpt><trkpt lat="22.260204235276536" lon="113.96173065438954"><ele>686.6967942770856</ele><time>2022-09-03T04:22:28Z</time></trkpt><trkpt lat="22.260214185012575" lon="113.96175487471963"><ele>686.2843204201276</ele><time>2022-09-03T04:22:30Z</time></trkpt><trkpt lat="22.260226482627814" lon="113.96176972305648"><ele>686.3581314155284</ele><time>2022-09-03T04:22:32Z</time></trkpt><trkpt lat="22.260243651246736" lon="113.96178347041669"><ele>686.4194680397095</ele><time>2022-09-03T04:22:34Z</time></trkpt><trkpt lat="22.260261337001737" lon="113.96179678305973"><ele>686.2391233019567</ele><time>2022-09-03T04:22:37Z</time></trkpt><trkpt lat="22.26026035518602" lon="113.96182176325235"><ele>686.1589783247912</ele><time>2022-09-03T04:22:40Z</time></trkpt><trkpt lat="22.260252019706567" lon="113.96184342188813"><ele>685.5936401074287</ele><time>2022-09-03T04:22:43Z</time></trkpt><trkpt lat="22.26024095365145" lon="113.96186010386369"><ele>685.5390345990235</ele><time>2022-09-03T04:22:46Z</time></trkpt><trkpt lat="22.260246112071382" lon="113.96188129253902"><ele>685.0111112141441</ele><time>2022-09-03T04:22:48Z</time></trkpt><trkpt lat="22.26023948966058" lon="113.96190336476634"><ele>684.4263810476338</ele><time>2022-09-03T04:22:51Z</time></trkpt><trkpt lat="22.260237074881363" lon="113.96192495334773"><ele>684.509666913078</ele><time>2022-09-03T04:22:53Z</time></trkpt><trkpt lat="22.26023580366885" lon="113.961949575376"><ele>684.2650284417205</ele><time>2022-09-03T04:22:55Z</time></trkpt><trkpt lat="22.260233261875506" lon="113.96197816623038"><ele>683.7954198856245</ele><time>2022-09-03T04:22:59Z</time></trkpt><trkpt lat="22.260234593124647" lon="113.96200978314852"><ele>683.4078227093374</ele><time>2022-09-03T04:23:01Z</time></trkpt><trkpt lat="22.260240335266186" lon="113.9620356682799"><ele>683.2428701273361</ele><time>2022-09-03T04:23:03Z</time></trkpt><trkpt lat="22.26023840080321" lon="113.9620631514309"><ele>682.9697982344233</ele><time>2022-09-03T04:23:06Z</time></trkpt><trkpt lat="22.26024342188736" lon="113.96208841839717"><ele>682.4071508819975</ele><time>2022-09-03T04:23:09Z</time></trkpt><trkpt lat="22.260249713528115" lon="113.96210681421495"><ele>682.2644814182199</ele><time>2022-09-03T04:23:13Z</time></trkpt><trkpt lat="22.260247840843466" lon="113.96212747207503"><ele>680.9960710980324</ele><time>2022-09-03T04:23:31Z</time></trkpt><trkpt lat="22.260239698087286" lon="113.96215079354258"><ele>681.9067113726575</ele><time>2022-09-03T04:23:34Z</time></trkpt><trkpt lat="22.2602464929481" lon="113.96217448883877"><ele>682.3118079692074</ele><time>2022-09-03T04:23:37Z</time></trkpt><trkpt lat="22.26025099672251" lon="113.96219338189229"><ele>682.2490385701456</ele><time>2022-09-03T04:23:39Z</time></trkpt><trkpt lat="22.260258623940615" lon="113.96221309774229"><ele>681.0916627930525</ele><time>2022-09-03T04:23:44Z</time></trkpt><trkpt lat="22.260244004718558" lon="113.96223490004796"><ele>680.8117003293086</ele><time>2022-09-03T04:23:46Z</time></trkpt><trkpt lat="22.26022485064438" lon="113.9622580058645"><ele>680.4633518948807</ele><time>2022-09-03T04:23:48Z</time></trkpt><trkpt lat="22.2602151566499" lon="113.96227627194673"><ele>680.0998792497115</ele><time>2022-09-03T04:23:51Z</time></trkpt><trkpt lat="22.260228715713243" lon="113.96229430711482"><ele>679.7665647971335</ele><time>2022-09-03T04:23:54Z</time></trkpt><trkpt lat="22.260221764674103" lon="113.96231469734025"><ele>679.9843855315372</ele><time>2022-09-03T04:23:57Z</time></trkpt><trkpt lat="22.260224344703932" lon="113.96233869221534"><ele>680.4232192757235</ele><time>2022-09-03T04:24:03Z</time></trkpt><trkpt lat="22.26023773198135" lon="113.96235930758878"><ele>680.6503645801123</ele><time>2022-09-03T04:24:06Z</time></trkpt><trkpt lat="22.260255277846454" lon="113.96237166381279"><ele>680.7700830955371</ele><time>2022-09-03T04:24:09Z</time></trkpt><trkpt lat="22.260278154939858" lon="113.96238166304242"><ele>681.2112545311252</ele><time>2022-09-03T04:24:12Z</time></trkpt><trkpt lat="22.26029899158625" lon="113.96239197310524"><ele>681.1469138781198</ele><time>2022-09-03T04:24:14Z</time></trkpt><trkpt lat="22.26032274512886" lon="113.96240187707178"><ele>681.0575816691545</ele><time>2022-09-03T04:24:17Z</time></trkpt><trkpt lat="22.260344344741966" lon="113.96240408709812"><ele>680.9359946908044</ele><time>2022-09-03T04:24:19Z</time></trkpt><trkpt lat="22.260370170732973" lon="113.96241092069874"><ele>680.8025559745278</ele><time>2022-09-03T04:24:21Z</time></trkpt><trkpt lat="22.26039112226529" lon="113.96241891470162"><ele>680.5325934681837</ele><time>2022-09-03T04:24:23Z</time></trkpt><trkpt lat="22.260405987951167" lon="113.96243285324826"><ele>680.4747614493806</ele><time>2022-09-03T04:24:26Z</time></trkpt><trkpt lat="22.260421350744124" lon="113.9624522337772"><ele>680.2457995780654</ele><time>2022-09-03T04:24:30Z</time></trkpt><trkpt lat="22.260432159625537" lon="113.96246970800401"><ele>680.632658236084</ele><time>2022-09-03T04:24:34Z</time></trkpt><trkpt lat="22.260436363096062" lon="113.96249135522892"><ele>680.4519740011541</ele><time>2022-09-03T04:24:38Z</time></trkpt><trkpt lat="22.260449879618353" lon="113.96250678462103"><ele>680.1578415411713</ele><time>2022-09-03T04:24:43Z</time></trkpt><trkpt lat="22.26046457693563" lon="113.96251927436396"><ele>679.8105826662376</ele><time>2022-09-03T04:24:46Z</time></trkpt><trkpt lat="22.260484806989382" lon="113.96253411255654"><ele>678.8627397296522</ele><time>2022-09-03T04:24:48Z</time></trkpt><trkpt lat="22.260495762918108" lon="113.962552755198"><ele>678.5115915630829</ele><time>2022-09-03T04:24:51Z</time></trkpt><trkpt lat="22.260505595289253" lon="113.96257148085436"><ele>678.2571440561462</ele><time>2022-09-03T04:24:53Z</time></trkpt><trkpt lat="22.260519073922627" lon="113.9625907296438"><ele>678.450673653632</ele><time>2022-09-03T04:24:57Z</time></trkpt><trkpt lat="22.260532198400185" lon="113.96260750692576"><ele>678.290606037726</ele><time>2022-09-03T04:25:01Z</time></trkpt><trkpt lat="22.260550928802264" lon="113.96262547666593"><ele>677.4744512488476</ele><time>2022-09-03T04:25:04Z</time></trkpt><trkpt lat="22.260563764908948" lon="113.96265033839016"><ele>677.0453189984729</ele><time>2022-09-03T04:25:07Z</time></trkpt><trkpt lat="22.260563645870352" lon="113.9626762203976"><ele>677.0528368846691</ele><time>2022-09-03T04:25:10Z</time></trkpt><trkpt lat="22.26056926864404" lon="113.96269473775496"><ele>677.171416587917</ele><time>2022-09-03T04:25:13Z</time></trkpt><trkpt lat="22.26058750783264" lon="113.96271698820605"><ele>677.0103706689475</ele><time>2022-09-03T04:25:14Z</time></trkpt><trkpt lat="22.260594293549705" lon="113.96274049924493"><ele>676.4563216843125</ele><time>2022-09-03T04:25:16Z</time></trkpt><trkpt lat="22.260596598342524" lon="113.96276374839333"><ele>676.6867584401975</ele><time>2022-09-03T04:25:20Z</time></trkpt><trkpt lat="22.260617716725974" lon="113.96278065113906"><ele>676.7068996536934</ele><time>2022-09-03T04:25:23Z</time></trkpt><trkpt lat="22.260636074013927" lon="113.96279216930549"><ele>676.7128190523371</ele><time>2022-09-03T04:25:25Z</time></trkpt><trkpt lat="22.26065690909837" lon="113.96279789801464"><ele>676.6989478250049</ele><time>2022-09-03T04:25:27Z</time></trkpt><trkpt lat="22.2606698343902" lon="113.96281614742554"><ele>676.3980119147519</ele><time>2022-09-03T04:25:32Z</time></trkpt><trkpt lat="22.260693640425604" lon="113.96283079703136"><ele>675.9840400953301</ele><time>2022-09-03T04:25:34Z</time></trkpt><trkpt lat="22.260714196218057" lon="113.962845196983"><ele>675.9556770512942</ele><time>2022-09-03T04:25:36Z</time></trkpt><trkpt lat="22.260731220899462" lon="113.96286273572309"><ele>675.8025903956315</ele><time>2022-09-03T04:25:39Z</time></trkpt><trkpt lat="22.260747646061443" lon="113.96287344141395"><ele>675.3929635511265</ele><time>2022-09-03T04:25:41Z</time></trkpt><trkpt lat="22.260770337443695" lon="113.96288940487966"><ele>675.098547519206</ele><time>2022-09-03T04:25:44Z</time></trkpt><trkpt lat="22.26078639700175" lon="113.96290516316948"><ele>675.013305001758</ele><time>2022-09-03T04:25:46Z</time></trkpt><trkpt lat="22.260805947438755" lon="113.96292549071448"><ele>674.8733520615928</ele><time>2022-09-03T04:25:49Z</time></trkpt><trkpt lat="22.2608202889112" lon="113.96294034131799"><ele>674.75711087103</ele><time>2022-09-03T04:25:51Z</time></trkpt><trkpt lat="22.260835690761716" lon="113.96295432002776"><ele>674.8224258328534</ele><time>2022-09-03T04:25:53Z</time></trkpt><trkpt lat="22.260851160140867" lon="113.96296641293452"><ele>675.0003143417931</ele><time>2022-09-03T04:25:55Z</time></trkpt><trkpt lat="22.260872105068046" lon="113.96298072241044"><ele>674.7108438003928</ele><time>2022-09-03T04:25:57Z</time></trkpt><trkpt lat="22.26088653793456" lon="113.96299583675575"><ele>674.5722518173839</ele><time>2022-09-03T04:25:59Z</time></trkpt><trkpt lat="22.260906327544564" lon="113.96300705373616"><ele>674.119549805611</ele><time>2022-09-03T04:26:02Z</time></trkpt><trkpt lat="22.260925157618534" lon="113.96301143794204"><ele>673.4440257961131</ele><time>2022-09-03T04:26:06Z</time></trkpt><trkpt lat="22.260930935409743" lon="113.96303312004545"><ele>673.3277596793782</ele><time>2022-09-03T04:26:09Z</time></trkpt><trkpt lat="22.260935366119153" lon="113.96305269200205"><ele>673.4805096001731</ele><time>2022-09-03T04:26:11Z</time></trkpt><trkpt lat="22.26094914268272" lon="113.96307469916884"><ele>673.374724048799</ele><time>2022-09-03T04:26:14Z</time></trkpt><trkpt lat="22.260947074311012" lon="113.9630986210333"><ele>672.9164149143924</ele><time>2022-09-03T04:26:17Z</time></trkpt><trkpt lat="22.26094828956243" lon="113.96312479073595"><ele>672.693947288689</ele><time>2022-09-03T04:26:20Z</time></trkpt><trkpt lat="22.2609440595416" lon="113.96314719561373"><ele>672.3629797757064</ele><time>2022-09-03T04:26:24Z</time></trkpt><trkpt lat="22.260937282023" lon="113.96317278195025"><ele>671.935928544902</ele><time>2022-09-03T04:26:27Z</time></trkpt><trkpt lat="22.26094301479122" lon="113.96319455086754"><ele>671.7357117042018</ele><time>2022-09-03T04:26:29Z</time></trkpt><trkpt lat="22.260942471613866" lon="113.96321438777792"><ele>671.2753840518379</ele><time>2022-09-03T04:26:32Z</time></trkpt><trkpt lat="22.260958051997132" lon="113.9632328922501"><ele>670.8187032887334</ele><time>2022-09-03T04:26:36Z</time></trkpt><trkpt lat="22.260966015166492" lon="113.96325921434895"><ele>669.869001276239</ele><time>2022-09-03T04:26:39Z</time></trkpt><trkpt lat="22.260974497806906" lon="113.96327729663597"><ele>668.9764465381372</ele><time>2022-09-03T04:26:41Z</time></trkpt><trkpt lat="22.260994162253848" lon="113.96329787988128"><ele>668.798458630827</ele><time>2022-09-03T04:26:44Z</time></trkpt><trkpt lat="22.261013297160023" lon="113.96331783957035"><ele>668.6588787110187</ele><time>2022-09-03T04:26:46Z</time></trkpt><trkpt lat="22.26103044649508" lon="113.96333563700715"><ele>668.4035388735765</ele><time>2022-09-03T04:26:48Z</time></trkpt><trkpt lat="22.26104935479026" lon="113.9633514809077"><ele>668.1057075952225</ele><time>2022-09-03T04:26:50Z</time></trkpt><trkpt lat="22.261064633515726" lon="113.96336574334053"><ele>668.0102196107122</ele><time>2022-09-03T04:26:52Z</time></trkpt><trkpt lat="22.26108463413765" lon="113.96338550381509"><ele>667.9450468253789</ele><time>2022-09-03T04:26:55Z</time></trkpt><trkpt lat="22.261092105870134" lon="113.96340355617792"><ele>667.8389443860705</ele><time>2022-09-03T04:26:57Z</time></trkpt><trkpt lat="22.261095006325704" lon="113.96342946561188"><ele>667.6556058677104</ele><time>2022-09-03T04:27:00Z</time></trkpt><trkpt lat="22.261089972295597" lon="113.96345839365105"><ele>667.964138690996</ele><time>2022-09-03T04:27:02Z</time></trkpt><trkpt lat="22.261082982942806" lon="113.96348246423617"><ele>668.2204100202397</ele><time>2022-09-03T04:27:04Z</time></trkpt><trkpt lat="22.26107469715796" lon="113.96350720724989"><ele>668.1825954912582</ele><time>2022-09-03T04:27:06Z</time></trkpt><trkpt lat="22.261071386170965" lon="113.96352882316019"><ele>667.6579512069584</ele><time>2022-09-03T04:27:08Z</time></trkpt><trkpt lat="22.261069866029974" lon="113.96355174053849"><ele>666.8775404878609</ele><time>2022-09-03T04:27:11Z</time></trkpt><trkpt lat="22.261064276075242" lon="113.9635718652303"><ele>666.429194499681</ele><time>2022-09-03T04:27:13Z</time></trkpt><trkpt lat="22.261068584959467" lon="113.96359888452552"><ele>665.8329183626325</ele><time>2022-09-03T04:27:16Z</time></trkpt><trkpt lat="22.26107491685165" lon="113.96362171279407"><ele>665.5500701129342</ele><time>2022-09-03T04:27:18Z</time></trkpt><trkpt lat="22.26107912818495" lon="113.96364245937593"><ele>665.5600532845907</ele><time>2022-09-03T04:27:20Z</time></trkpt><trkpt lat="22.261082448575927" lon="113.96366250970145"><ele>665.5117020108667</ele><time>2022-09-03T04:27:23Z</time></trkpt><trkpt lat="22.261089851311826" lon="113.96368082983022"><ele>665.1346197873021</ele><time>2022-09-03T04:27:25Z</time></trkpt><trkpt lat="22.261097385027433" lon="113.96370003857598"><ele>664.5255472592169</ele><time>2022-09-03T04:27:27Z</time></trkpt><trkpt lat="22.261102589132374" lon="113.96372121139093"><ele>663.8158956208833</ele><time>2022-09-03T04:27:30Z</time></trkpt><trkpt lat="22.261110736904797" lon="113.96374544826706"><ele>663.0787747003272</ele><time>2022-09-03T04:27:34Z</time></trkpt><trkpt lat="22.2611136660574" lon="113.96377022440457"><ele>663.0103361881742</ele><time>2022-09-03T04:27:36Z</time></trkpt><trkpt lat="22.26112020563721" lon="113.96378998761563"><ele>663.1105267333353</ele><time>2022-09-03T04:27:38Z</time></trkpt><trkpt lat="22.261128103001386" lon="113.96381203408421"><ele>662.9445550357484</ele><time>2022-09-03T04:27:40Z</time></trkpt><trkpt lat="22.261131006717854" lon="113.96383418423002"><ele>662.7737506757927</ele><time>2022-09-03T04:27:43Z</time></trkpt><trkpt lat="22.26113168977554" lon="113.96385993770089"><ele>662.6825936306767</ele><time>2022-09-03T04:27:46Z</time></trkpt><trkpt lat="22.261124979770205" lon="113.96388048813857"><ele>662.6632089715789</ele><time>2022-09-03T04:27:48Z</time></trkpt><trkpt lat="22.261119963512755" lon="113.96390291568665"><ele>662.680854259345</ele><time>2022-09-03T04:27:51Z</time></trkpt><trkpt lat="22.261122690112973" lon="113.96392726342992"><ele>662.7047198531766</ele><time>2022-09-03T04:27:54Z</time></trkpt><trkpt lat="22.261132331555594" lon="113.96395119648301"><ele>662.1691792639743</ele><time>2022-09-03T04:28:08Z</time></trkpt><trkpt lat="22.261128047590677" lon="113.96397276079087"><ele>661.4364502274474</ele><time>2022-09-03T04:28:10Z</time></trkpt><trkpt lat="22.261124324568772" lon="113.96399323514221"><ele>660.9011632551545</ele><time>2022-09-03T04:28:12Z</time></trkpt><trkpt lat="22.261121144034522" lon="113.96401519653722"><ele>660.6472590113362</ele><time>2022-09-03T04:28:14Z</time></trkpt><trkpt lat="22.261115878784786" lon="113.96404272969552"><ele>660.2520005700846</ele><time>2022-09-03T04:28:17Z</time></trkpt><trkpt lat="22.261108543649147" lon="113.96406799514678"><ele>660.0247280484658</ele><time>2022-09-03T04:28:29Z</time></trkpt><trkpt lat="22.261099882833157" lon="113.96409397057346"><ele>659.7013602006806</ele><time>2022-09-03T04:28:32Z</time></trkpt><trkpt lat="22.26109552157513" lon="113.96411878896853"><ele>659.4735246807821</ele><time>2022-09-03T04:28:34Z</time></trkpt><trkpt lat="22.26108927176274" lon="113.96414090415571"><ele>659.001722728464</ele><time>2022-09-03T04:28:36Z</time></trkpt><trkpt lat="22.261081220257395" lon="113.96416014916116"><ele>658.6499085293381</ele><time>2022-09-03T04:28:38Z</time></trkpt><trkpt lat="22.261077735281756" lon="113.96418282570986"><ele>658.3485827150595</ele><time>2022-09-03T04:28:41Z</time></trkpt><trkpt lat="22.261071054168227" lon="113.9642066033786"><ele>657.9508174821261</ele><time>2022-09-03T04:28:44Z</time></trkpt><trkpt lat="22.26106635867723" lon="113.96422667165945"><ele>657.7309883039358</ele><time>2022-09-03T04:28:47Z</time></trkpt><trkpt lat="22.26106551690806" lon="113.96424832557355"><ele>657.6817436950439</ele><time>2022-09-03T04:28:50Z</time></trkpt><trkpt lat="22.26106814341131" lon="113.96426965282231"><ele>657.6645849005406</ele><time>2022-09-03T04:28:52Z</time></trkpt><trkpt lat="22.26107789250161" lon="113.96429454702402"><ele>656.965182411259</ele><time>2022-09-03T04:28:55Z</time></trkpt><trkpt lat="22.26108990897537" lon="113.96432210320567"><ele>656.4894264435153</ele><time>2022-09-03T04:28:57Z</time></trkpt><trkpt lat="22.261099624786077" lon="113.96434133320363"><ele>656.1837306763468</ele><time>2022-09-03T04:28:59Z</time></trkpt><trkpt lat="22.26111068535054" lon="113.96435743245138"><ele>655.8366743131379</ele><time>2022-09-03T04:29:01Z</time></trkpt><trkpt lat="22.261123259653566" lon="113.9643735851901"><ele>655.3402311151689</ele><time>2022-09-03T04:29:03Z</time></trkpt><trkpt lat="22.261125664176383" lon="113.96439718820638"><ele>654.3271179079007</ele><time>2022-09-03T04:29:06Z</time></trkpt><trkpt lat="22.26113305787042" lon="113.96442229963856"><ele>653.9311905020936</ele><time>2022-09-03T04:29:08Z</time></trkpt><trkpt lat="22.26114577386461" lon="113.96444082801135"><ele>653.3554318642321</ele><time>2022-09-03T04:29:10Z</time></trkpt><trkpt lat="22.261153939762355" lon="113.96445976753543"><ele>652.8779754818133</ele><time>2022-09-03T04:29:13Z</time></trkpt><trkpt lat="22.261146556124107" lon="113.96448742359468"><ele>652.2119304319331</ele><time>2022-09-03T04:29:17Z</time></trkpt><trkpt lat="22.261134764537264" lon="113.96450703851984"><ele>651.9501553323998</ele><time>2022-09-03T04:29:20Z</time></trkpt><trkpt lat="22.261122395892734" lon="113.96452762151493"><ele>651.904494406963</ele><time>2022-09-03T04:29:23Z</time></trkpt><trkpt lat="22.26111061995054" lon="113.9645499209495"><ele>651.595808580684</ele><time>2022-09-03T04:29:26Z</time></trkpt><trkpt lat="22.26110476144772" lon="113.96456871396857"><ele>651.3516583355394</ele><time>2022-09-03T04:29:28Z</time></trkpt><trkpt lat="22.261098793282542" lon="113.96459236956765"><ele>651.0390802812284</ele><time>2022-09-03T04:29:31Z</time></trkpt><trkpt lat="22.261098950634644" lon="113.96461385146604"><ele>649.6651852703536</ele><time>2022-09-03T04:29:37Z</time></trkpt><trkpt lat="22.26110407474283" lon="113.96463314212433"><ele>648.8185999098025</ele><time>2022-09-03T04:29:42Z</time></trkpt><trkpt lat="22.261111639082657" lon="113.96465954781446"><ele>648.7125603270053</ele><time>2022-09-03T04:29:50Z</time></trkpt><trkpt lat="22.261122208374132" lon="113.96468188671639"><ele>648.1708494669073</ele><time>2022-09-03T04:29:53Z</time></trkpt><trkpt lat="22.261131161762705" lon="113.96470217833222"><ele>647.9577760028749</ele><time>2022-09-03T04:29:57Z</time></trkpt><trkpt lat="22.26114337554398" lon="113.9647249239639"><ele>648.154286599481</ele><time>2022-09-03T04:30:00Z</time></trkpt><trkpt lat="22.261150149756975" lon="113.96474781045264"><ele>648.1722505146763</ele><time>2022-09-03T04:30:02Z</time></trkpt><trkpt lat="22.261156919704348" lon="113.96476958364885"><ele>647.9539293751765</ele><time>2022-09-03T04:30:04Z</time></trkpt><trkpt lat="22.261162482979312" lon="113.96479416740365"><ele>647.9506584636918</ele><time>2022-09-03T04:30:06Z</time></trkpt><trkpt lat="22.26117373422104" lon="113.96481255871983"><ele>648.1729773009935</ele><time>2022-09-03T04:30:08Z</time></trkpt><trkpt lat="22.261182291926033" lon="113.96483622481078"><ele>648.1523297646606</ele><time>2022-09-03T04:30:10Z</time></trkpt><trkpt lat="22.261192092992015" lon="113.96485766990635"><ele>648.0899539380953</ele><time>2022-09-03T04:30:12Z</time></trkpt><trkpt lat="22.261204838369075" lon="113.96488004977687"><ele>647.8405926530314</ele><time>2022-09-03T04:30:14Z</time></trkpt><trkpt lat="22.261219185305897" lon="113.9649023014303"><ele>647.521860311723</ele><time>2022-09-03T04:30:16Z</time></trkpt><trkpt lat="22.261231228245418" lon="113.96491886823203"><ele>647.3719254792792</ele><time>2022-09-03T04:30:17Z</time></trkpt><trkpt lat="22.261243981299682" lon="113.96494990071533"><ele>646.9936848059058</ele><time>2022-09-03T04:30:19Z</time></trkpt><trkpt lat="22.261255479615286" lon="113.96497381624948"><ele>646.6912142906297</ele><time>2022-09-03T04:30:21Z</time></trkpt><trkpt lat="22.261266259259443" lon="113.96499619062065"><ele>646.4845220296476</ele><time>2022-09-03T04:30:23Z</time></trkpt><trkpt lat="22.26127627675423" lon="113.96501987885712"><ele>646.401309665726</ele><time>2022-09-03T04:30:26Z</time></trkpt><trkpt lat="22.261281282977766" lon="113.96504929431963"><ele>646.1361190168117</ele><time>2022-09-03T04:30:29Z</time></trkpt><trkpt lat="22.26129052032864" lon="113.96507204983135"><ele>645.5109895173948</ele><time>2022-09-03T04:30:31Z</time></trkpt><trkpt lat="22.261308607748802" lon="113.96509460177067"><ele>642.4515296846105</ele><time>2022-09-03T04:30:32Z</time></trkpt><trkpt lat="22.261320462063495" lon="113.96511544599433"><ele>641.1214659588492</ele><time>2022-09-03T04:30:34Z</time></trkpt><trkpt lat="22.261327835110585" lon="113.9651430492511"><ele>641.2097120934799</ele><time>2022-09-03T04:30:37Z</time></trkpt><trkpt lat="22.261333402634268" lon="113.96516737256277"><ele>641.2337833060012</ele><time>2022-09-03T04:30:40Z</time></trkpt><trkpt lat="22.261335112963383" lon="113.96519734604922"><ele>640.752015470482</ele><time>2022-09-03T04:30:44Z</time></trkpt><trkpt lat="22.261358210810855" lon="113.96523639904534"><ele>641.3856228833749</ele><time>2022-09-03T04:30:47Z</time></trkpt><trkpt lat="22.261366091684966" lon="113.96525603889107"><ele>641.5482210396611</ele><time>2022-09-03T04:30:49Z</time></trkpt><trkpt lat="22.261369672098134" lon="113.96527544762563"><ele>641.5146658051231</ele><time>2022-09-03T04:30:52Z</time></trkpt><trkpt lat="22.261381136649767" lon="113.965292483573"><ele>641.3114632294408</ele><time>2022-09-03T04:30:56Z</time></trkpt><trkpt lat="22.261387116247516" lon="113.96531193823651"><ele>641.2948254170351</ele><time>2022-09-03T04:30:59Z</time></trkpt><trkpt lat="22.261395676012075" lon="113.96533244879983"><ele>640.3369600877687</ele><time>2022-09-03T04:31:16Z</time></trkpt><trkpt lat="22.261405231511045" lon="113.96535539736954"><ele>640.5867194315077</ele><time>2022-09-03T04:31:22Z</time></trkpt><trkpt lat="22.26141151150127" lon="113.965377955559"><ele>640.5711181044765</ele><time>2022-09-03T04:31:26Z</time></trkpt><trkpt lat="22.261411370357813" lon="113.96539754969545"><ele>641.245882130639</ele><time>2022-09-03T04:31:32Z</time></trkpt><trkpt lat="22.261420664813027" lon="113.96542319140069"><ele>642.0202000827794</ele><time>2022-09-03T04:31:35Z</time></trkpt><trkpt lat="22.26142028540973" lon="113.96545083258586"><ele>642.3223485136728</ele><time>2022-09-03T04:31:37Z</time></trkpt><trkpt lat="22.261412220916355" lon="113.96546839599594"><ele>642.2741825848811</ele><time>2022-09-03T04:31:39Z</time></trkpt><trkpt lat="22.261410309470442" lon="113.96548837084936"><ele>642.1405917629988</ele><time>2022-09-03T04:31:41Z</time></trkpt><trkpt lat="22.261404093150823" lon="113.96551135337927"><ele>642.1735167278068</ele><time>2022-09-03T04:31:43Z</time></trkpt><trkpt lat="22.261395982598742" lon="113.96553845065833"><ele>642.2817925903732</ele><time>2022-09-03T04:31:45Z</time></trkpt><trkpt lat="22.26139323501252" lon="113.96556123791996"><ele>642.2450717099656</ele><time>2022-09-03T04:31:47Z</time></trkpt><trkpt lat="22.261389275565417" lon="113.9655808480518"><ele>642.2975367236743</ele><time>2022-09-03T04:31:49Z</time></trkpt><trkpt lat="22.261388155859972" lon="113.96560350193046"><ele>641.9518916767086</ele><time>2022-09-03T04:31:52Z</time></trkpt><trkpt lat="22.26138695063467" lon="113.96563168655923"><ele>642.0392174386654</ele><time>2022-09-03T04:31:56Z</time></trkpt><trkpt lat="22.261386059781398" lon="113.96565654006265"><ele>642.1517872150955</ele><time>2022-09-03T04:31:58Z</time></trkpt><trkpt lat="22.261387687930903" lon="113.96567737646399"><ele>642.4463406692184</ele><time>2022-09-03T04:32:00Z</time></trkpt><trkpt lat="22.261384509646238" lon="113.96570447261578"><ele>642.0995760013722</ele><time>2022-09-03T04:32:03Z</time></trkpt><trkpt lat="22.26137687387937" lon="113.96572861693343"><ele>642.1326555320311</ele><time>2022-09-03T04:32:06Z</time></trkpt><trkpt lat="22.26136685645671" lon="113.96574733753486"><ele>642.2965378055177</ele><time>2022-09-03T04:32:09Z</time></trkpt><trkpt lat="22.261352054843954" lon="113.96575971476238"><ele>642.0467347210686</ele><time>2022-09-03T04:32:11Z</time></trkpt><trkpt lat="22.26133037821848" lon="113.96576916411894"><ele>641.803024816453</ele><time>2022-09-03T04:32:13Z</time></trkpt><trkpt lat="22.26131533282869" lon="113.96578309418875"><ele>641.1545577338817</ele><time>2022-09-03T04:32:16Z</time></trkpt><trkpt lat="22.261302292367162" lon="113.9658040174366"><ele>640.3367300389878</ele><time>2022-09-03T04:32:19Z</time></trkpt><trkpt lat="22.26129616483603" lon="113.96582782204692"><ele>639.716770905394</ele><time>2022-09-03T04:32:22Z</time></trkpt><trkpt lat="22.261294920664444" lon="113.96584818782014"><ele>639.8011236268171</ele><time>2022-09-03T04:32:25Z</time></trkpt><trkpt lat="22.261299844253504" lon="113.9658761287611"><ele>639.9466563023952</ele><time>2022-09-03T04:32:28Z</time></trkpt><trkpt lat="22.261308381199193" lon="113.9658968774205"><ele>639.562550501039</ele><time>2022-09-03T04:32:31Z</time></trkpt><trkpt lat="22.261294190081927" lon="113.9659212401057"><ele>639.1496259321499</ele><time>2022-09-03T04:32:34Z</time></trkpt><trkpt lat="22.26128585168716" lon="113.96594431996073"><ele>638.4147852740973</ele><time>2022-09-03T04:32:37Z</time></trkpt><trkpt lat="22.261286633949485" lon="113.96596517104118"><ele>637.6087618292747</ele><time>2022-09-03T04:32:40Z</time></trkpt><trkpt lat="22.261288645860034" lon="113.96598578026534"><ele>637.1681055820787</ele><time>2022-09-03T04:32:43Z</time></trkpt><trkpt lat="22.261281221460592" lon="113.9660106926525"><ele>636.848007697415</ele><time>2022-09-03T04:32:46Z</time></trkpt><trkpt lat="22.26126816675311" lon="113.96603227000601"><ele>636.452478890967</ele><time>2022-09-03T04:32:49Z</time></trkpt><trkpt lat="22.26126763852408" lon="113.96605434599594"><ele>635.9177485280404</ele><time>2022-09-03T04:32:52Z</time></trkpt><trkpt lat="22.26127286329767" lon="113.96607438752513"><ele>635.2395929122075</ele><time>2022-09-03T04:32:55Z</time></trkpt><trkpt lat="22.26127517404282" lon="113.9660961586194"><ele>634.9215939057468</ele><time>2022-09-03T04:32:58Z</time></trkpt><trkpt lat="22.26127613965218" lon="113.96611797460723"><ele>633.9147203950304</ele><time>2022-09-03T04:33:01Z</time></trkpt><trkpt lat="22.261282048066402" lon="113.96614206976744"><ele>633.2293136779628</ele><time>2022-09-03T04:33:04Z</time></trkpt><trkpt lat="22.2612860576344" lon="113.9661643594768"><ele>632.204026686047</ele><time>2022-09-03T04:33:08Z</time></trkpt><trkpt lat="22.261286088339975" lon="113.96618449082564"><ele>631.7586100844738</ele><time>2022-09-03T04:33:11Z</time></trkpt><trkpt lat="22.261289757084242" lon="113.96621268613444"><ele>631.7686069440765</ele><time>2022-09-03T04:33:14Z</time></trkpt><trkpt lat="22.261289576324522" lon="113.96623328968032"><ele>631.3907564812753</ele><time>2022-09-03T04:33:17Z</time></trkpt><trkpt lat="22.26129089471305" lon="113.96625333420091"><ele>630.7116652193706</ele><time>2022-09-03T04:33:23Z</time></trkpt><trkpt lat="22.26130984967115" lon="113.96626899054465"><ele>630.3199789634368</ele><time>2022-09-03T04:33:26Z</time></trkpt><trkpt lat="22.261312125384322" lon="113.9662976484712"><ele>630.1677538015628</ele><time>2022-09-03T04:33:29Z</time></trkpt><trkpt lat="22.261303322644988" lon="113.9663200937676"><ele>629.9056088496335</ele><time>2022-09-03T04:33:31Z</time></trkpt><trkpt lat="22.261290894073042" lon="113.96634184838662"><ele>629.9234993774131</ele><time>2022-09-03T04:33:33Z</time></trkpt><trkpt lat="22.261287013278277" lon="113.96636392391132"><ele>629.9120141209766</ele><time>2022-09-03T04:33:35Z</time></trkpt><trkpt lat="22.261289035319066" lon="113.96638442432922"><ele>629.7317935168311</ele><time>2022-09-03T04:33:37Z</time></trkpt><trkpt lat="22.261293230090686" lon="113.96640419882296"><ele>629.6315780507197</ele><time>2022-09-03T04:33:39Z</time></trkpt><trkpt lat="22.26129318911855" lon="113.96643134964665"><ele>629.2859832265734</ele><time>2022-09-03T04:33:42Z</time></trkpt><trkpt lat="22.261295528637547" lon="113.96646129375222"><ele>629.0433852354871</ele><time>2022-09-03T04:33:45Z</time></trkpt><trkpt lat="22.26130044380141" lon="113.96648103196274"><ele>628.9256159767212</ele><time>2022-09-03T04:33:47Z</time></trkpt><trkpt lat="22.261304584429404" lon="113.9665026487107"><ele>628.7698616613884</ele><time>2022-09-03T04:33:49Z</time></trkpt><trkpt lat="22.261301409497573" lon="113.9665288054698"><ele>628.3853910929145</ele><time>2022-09-03T04:33:52Z</time></trkpt><trkpt lat="22.261296961561655" lon="113.96655930899782"><ele>628.1936121053071</ele><time>2022-09-03T04:33:55Z</time></trkpt><trkpt lat="22.261293029618447" lon="113.96657915759486"><ele>628.0127775408473</ele><time>2022-09-03T04:33:57Z</time></trkpt><trkpt lat="22.261278889858986" lon="113.9665972755715"><ele>627.7881637867466</ele><time>2022-09-03T04:34:00Z</time></trkpt><trkpt lat="22.261263965743435" lon="113.96661205017077"><ele>627.2347377346056</ele><time>2022-09-03T04:34:02Z</time></trkpt><trkpt lat="22.261246591123985" lon="113.96662816998953"><ele>626.6661321690348</ele><time>2022-09-03T04:34:04Z</time></trkpt><trkpt lat="22.261228840166257" lon="113.96665212413909"><ele>626.1540782998785</ele><time>2022-09-03T04:34:06Z</time></trkpt><trkpt lat="22.26121653705176" lon="113.96667629478398"><ele>625.523874003539</ele><time>2022-09-03T04:34:08Z</time></trkpt><trkpt lat="22.261201355643784" lon="113.96670265738958"><ele>625.0588581764687</ele><time>2022-09-03T04:34:10Z</time></trkpt><trkpt lat="22.261194013750785" lon="113.96672504624003"><ele>624.8370892970671</ele><time>2022-09-03T04:34:12Z</time></trkpt><trkpt lat="22.261188004886414" lon="113.96674435069392"><ele>624.4793890167176</ele><time>2022-09-03T04:34:14Z</time></trkpt><trkpt lat="22.261176430339233" lon="113.96675959924472"><ele>624.0733669689946</ele><time>2022-09-03T04:34:16Z</time></trkpt><trkpt lat="22.26117077883097" lon="113.96678812546585"><ele>623.2441020424977</ele><time>2022-09-03T04:34:19Z</time></trkpt><trkpt lat="22.261161858965906" lon="113.96680882068347"><ele>622.8969897674436</ele><time>2022-09-03T04:34:22Z</time></trkpt><trkpt lat="22.261155199937345" lon="113.96682726475225"><ele>622.421662607507</ele><time>2022-09-03T04:34:26Z</time></trkpt><trkpt lat="22.261137110026223" lon="113.96684748012494"><ele>622.693344773967</ele><time>2022-09-03T04:34:29Z</time></trkpt><trkpt lat="22.26111843103246" lon="113.9668650171586"><ele>622.1069429741204</ele><time>2022-09-03T04:34:32Z</time></trkpt><trkpt lat="22.261116597972883" lon="113.96688967158266"><ele>621.1184809508945</ele><time>2022-09-03T04:34:35Z</time></trkpt><trkpt lat="22.26112782448395" lon="113.96691665197942"><ele>620.3226959039664</ele><time>2022-09-03T04:34:38Z</time></trkpt><trkpt lat="22.261138527359492" lon="113.96693440430718"><ele>620.2573982461691</ele><time>2022-09-03T04:34:40Z</time></trkpt><trkpt lat="22.26115362480558" lon="113.96695421399248"><ele>620.2522567963249</ele><time>2022-09-03T04:34:42Z</time></trkpt><trkpt lat="22.261162046832258" lon="113.96697497526434"><ele>620.2141155019274</ele><time>2022-09-03T04:34:44Z</time></trkpt><trkpt lat="22.26116709955642" lon="113.96699996270792"><ele>620.2978552583263</ele><time>2022-09-03T04:34:46Z</time></trkpt><trkpt lat="22.261178297831698" lon="113.96701804628967"><ele>620.5693564770247</ele><time>2022-09-03T04:34:48Z</time></trkpt><trkpt lat="22.261189505548636" lon="113.96703724299593"><ele>620.8413169957523</ele><time>2022-09-03T04:34:50Z</time></trkpt><trkpt lat="22.261193297052813" lon="113.9670601996359"><ele>620.7511367157326</ele><time>2022-09-03T04:34:52Z</time></trkpt><trkpt lat="22.26120409260547" lon="113.96708313522002"><ele>620.5544447142283</ele><time>2022-09-03T04:34:55Z</time></trkpt><trkpt lat="22.26122072900347" lon="113.96710501187299"><ele>620.1563945144917</ele><time>2022-09-03T04:34:58Z</time></trkpt><trkpt lat="22.261226539164454" lon="113.96712422997898"><ele>619.7236889949484</ele><time>2022-09-03T04:35:00Z</time></trkpt><trkpt lat="22.26123052459543" lon="113.96714930053183"><ele>619.0390623411862</ele><time>2022-09-03T04:35:02Z</time></trkpt><trkpt lat="22.261229185945226" lon="113.9671784537147"><ele>618.1660785591176</ele><time>2022-09-03T04:35:04Z</time></trkpt><trkpt lat="22.26121920377068" lon="113.9672016709159"><ele>617.8647402963551</ele><time>2022-09-03T04:35:06Z</time></trkpt><trkpt lat="22.261217092416935" lon="113.96722406285299"><ele>617.5310833488459</ele><time>2022-09-03T04:35:08Z</time></trkpt><trkpt lat="22.2612171295653" lon="113.96725364756516"><ele>617.1855216441234</ele><time>2022-09-03T04:35:10Z</time></trkpt><trkpt lat="22.26121482562871" lon="113.96728186190556"><ele>616.9503874313151</ele><time>2022-09-03T04:35:12Z</time></trkpt><trkpt lat="22.26121753450274" lon="113.9673063569039"><ele>616.5681880566792</ele><time>2022-09-03T04:35:14Z</time></trkpt><trkpt lat="22.2612120993336" lon="113.96732894440797"><ele>616.2026959817858</ele><time>2022-09-03T04:35:16Z</time></trkpt><trkpt lat="22.261204927244172" lon="113.96734816114235"><ele>616.1353044168684</ele><time>2022-09-03T04:35:18Z</time></trkpt><trkpt lat="22.261189720499726" lon="113.96736946782843"><ele>616.2839377689016</ele><time>2022-09-03T04:35:20Z</time></trkpt><trkpt lat="22.26118114132438" lon="113.96738748428852"><ele>616.5563964940123</ele><time>2022-09-03T04:35:22Z</time></trkpt><trkpt lat="22.261173581146064" lon="113.96741025561944"><ele>616.8553303723479</ele><time>2022-09-03T04:35:25Z</time></trkpt><trkpt lat="22.26117929854463" lon="113.9674331391111"><ele>615.9030680208376</ele><time>2022-09-03T04:35:39Z</time></trkpt><trkpt lat="22.26118055032767" lon="113.96745425525799"><ele>615.7004294095382</ele><time>2022-09-03T04:35:41Z</time></trkpt><trkpt lat="22.261176306727954" lon="113.9674811596432"><ele>615.9283759676306</ele><time>2022-09-03T04:35:44Z</time></trkpt><trkpt lat="22.26117501741823" lon="113.96750795320902"><ele>615.3706710327425</ele><time>2022-09-03T04:35:47Z</time></trkpt><trkpt lat="22.261173819579547" lon="113.96753045534606"><ele>615.1870920600957</ele><time>2022-09-03T04:35:52Z</time></trkpt><trkpt lat="22.261160683727496" lon="113.96754912305511"><ele>615.1945752625495</ele><time>2022-09-03T04:35:54Z</time></trkpt><trkpt lat="22.26115176338976" lon="113.96756619190447"><ele>615.181755803261</ele><time>2022-09-03T04:35:57Z</time></trkpt><trkpt lat="22.261129216610637" lon="113.96758088870651"><ele>614.1814365515728</ele><time>2022-09-03T04:36:03Z</time></trkpt><trkpt lat="22.26111231389305" lon="113.9675951373363"><ele>613.7319090492304</ele><time>2022-09-03T04:36:06Z</time></trkpt><trkpt lat="22.261105059414838" lon="113.96761957136293"><ele>612.4157056577026</ele><time>2022-09-03T04:36:10Z</time></trkpt><trkpt lat="22.261103347957558" lon="113.96764576977927"><ele>612.5185887683776</ele><time>2022-09-03T04:36:23Z</time></trkpt><trkpt lat="22.261098249966306" lon="113.96766692512462"><ele>612.496379022789</ele><time>2022-09-03T04:36:25Z</time></trkpt><trkpt lat="22.261086462388523" lon="113.9676832321081"><ele>612.3640044864424</ele><time>2022-09-03T04:36:27Z</time></trkpt><trkpt lat="22.26107045410946" lon="113.96769920345452"><ele>612.1327583703938</ele><time>2022-09-03T04:36:29Z</time></trkpt><trkpt lat="22.261057521889146" lon="113.96771831154781"><ele>611.4182278225477</ele><time>2022-09-03T04:36:31Z</time></trkpt><trkpt lat="22.261045888723046" lon="113.9677368177732"><ele>610.8379972397927</ele><time>2022-09-03T04:36:33Z</time></trkpt><trkpt lat="22.26102612109659" lon="113.96774633694272"><ele>610.3088088480919</ele><time>2022-09-03T04:36:35Z</time></trkpt><trkpt lat="22.261004564647422" lon="113.96774550141964"><ele>609.940443259508</ele><time>2022-09-03T04:36:37Z</time></trkpt><trkpt lat="22.260985426959223" lon="113.96775582148473"><ele>609.4847023109922</ele><time>2022-09-03T04:36:40Z</time></trkpt><trkpt lat="22.26096747031049" lon="113.96777372416798"><ele>609.3552723726623</ele><time>2022-09-03T04:36:42Z</time></trkpt><trkpt lat="22.260951105066418" lon="113.96778538744749"><ele>609.5509365185993</ele><time>2022-09-03T04:36:44Z</time></trkpt><trkpt lat="22.260936764849475" lon="113.96780183517589"><ele>609.6380317581602</ele><time>2022-09-03T04:36:46Z</time></trkpt><trkpt lat="22.260923163913905" lon="113.96781467785846"><ele>609.3424417907015</ele><time>2022-09-03T04:36:48Z</time></trkpt><trkpt lat="22.260909669284565" lon="113.96783179819643"><ele>608.9566436554385</ele><time>2022-09-03T04:36:51Z</time></trkpt><trkpt lat="22.260892288674572" lon="113.96784964879963"><ele>608.2796696644853</ele><time>2022-09-03T04:36:55Z</time></trkpt><trkpt lat="22.26087820631815" lon="113.96786566006074"><ele>607.4364637171652</ele><time>2022-09-03T04:36:58Z</time></trkpt><trkpt lat="22.260866615385183" lon="113.96788585001556"><ele>606.8978822263865</ele><time>2022-09-03T04:37:01Z</time></trkpt><trkpt lat="22.260853805353776" lon="113.96790221491318"><ele>606.205912918941</ele><time>2022-09-03T04:37:05Z</time></trkpt><trkpt lat="22.260845053569355" lon="113.96791993046301"><ele>605.8250400004995</ele><time>2022-09-03T04:37:07Z</time></trkpt><trkpt lat="22.260832088993745" lon="113.96794422156665"><ele>604.7054431919623</ele><time>2022-09-03T04:37:10Z</time></trkpt><trkpt lat="22.260819194896417" lon="113.96795913549389"><ele>604.1052393825763</ele><time>2022-09-03T04:37:12Z</time></trkpt><trkpt lat="22.26082570688051" lon="113.96797950147396"><ele>602.3289713191383</ele><time>2022-09-03T04:37:17Z</time></trkpt><trkpt lat="22.26080593387853" lon="113.96799500970573"><ele>601.2878201194299</ele><time>2022-09-03T04:37:58Z</time></trkpt><trkpt lat="22.260798761165937" lon="113.96801303822222"><ele>601.3955397474735</ele><time>2022-09-03T04:38:00Z</time></trkpt><trkpt lat="22.260792641737147" lon="113.96803339710982"><ele>601.63732039964</ele><time>2022-09-03T04:38:02Z</time></trkpt><trkpt lat="22.26077477405673" lon="113.96803944691563"><ele>601.4596741175624</ele><time>2022-09-03T04:38:07Z</time></trkpt><trkpt lat="22.260764215706686" lon="113.96806315365669"><ele>600.7494031737634</ele><time>2022-09-03T04:38:10Z</time></trkpt><trkpt lat="22.26074965462646" lon="113.96807676349323"><ele>600.4453039927998</ele><time>2022-09-03T04:38:13Z</time></trkpt><trkpt lat="22.260774798859835" lon="113.9680850768339"><ele>599.5996971142682</ele><time>2022-09-03T04:38:17Z</time></trkpt><trkpt lat="22.260797939701998" lon="113.96809759911001"><ele>599.2266872680808</ele><time>2022-09-03T04:38:20Z</time></trkpt><trkpt lat="22.26081593851057" lon="113.96809515253776"><ele>598.8143182182883</ele><time>2022-09-03T04:38:23Z</time></trkpt><trkpt lat="22.26081062060767" lon="113.96811900614104"><ele>598.0645947181184</ele><time>2022-09-03T04:38:27Z</time></trkpt><trkpt lat="22.260786977376178" lon="113.96813862299034"><ele>597.2794874443905</ele><time>2022-09-03T04:38:30Z</time></trkpt><trkpt lat="22.26076605684757" lon="113.96815592778373"><ele>596.8681722871776</ele><time>2022-09-03T04:38:32Z</time></trkpt><trkpt lat="22.260748827411856" lon="113.96816833378496"><ele>596.0916880822933</ele><time>2022-09-03T04:38:35Z</time></trkpt><trkpt lat="22.260733004620683" lon="113.968180643021"><ele>595.8248536061114</ele><time>2022-09-03T04:38:38Z</time></trkpt><trkpt lat="22.26071209988463" lon="113.96819318500206"><ele>595.7195113286537</ele><time>2022-09-03T04:38:41Z</time></trkpt><trkpt lat="22.260693979187614" lon="113.96820873893792"><ele>595.6852449836944</ele><time>2022-09-03T04:38:44Z</time></trkpt><trkpt lat="22.26068982013428" lon="113.96823840397165"><ele>595.3490225778872</ele><time>2022-09-03T04:38:47Z</time></trkpt><trkpt lat="22.260705861515397" lon="113.96825444250014"><ele>594.672233644104</ele><time>2022-09-03T04:38:50Z</time></trkpt><trkpt lat="22.26073079508859" lon="113.96826031874254"><ele>593.869969121825</ele><time>2022-09-03T04:38:52Z</time></trkpt><trkpt lat="22.260757831449443" lon="113.96825952078513"><ele>592.9346452975611</ele><time>2022-09-03T04:38:54Z</time></trkpt><trkpt lat="22.260783837296966" lon="113.96825802577453"><ele>592.1721755689914</ele><time>2022-09-03T04:38:57Z</time></trkpt><trkpt lat="22.260803120418572" lon="113.96826048030407"><ele>591.8870796325078</ele><time>2022-09-03T04:38:59Z</time></trkpt><trkpt lat="22.260817532698233" lon="113.96827740915262"><ele>591.0557524449821</ele><time>2022-09-03T04:39:02Z</time></trkpt><trkpt lat="22.260835226438495" lon="113.96829174565805"><ele>590.0064636211074</ele><time>2022-09-03T04:39:05Z</time></trkpt><trkpt lat="22.260848282002314" lon="113.96831451822558"><ele>588.8822045443604</ele><time>2022-09-03T04:39:10Z</time></trkpt><trkpt lat="22.26085164460261" lon="113.96833369906288"><ele>588.9312203044211</ele><time>2022-09-03T04:39:12Z</time></trkpt><trkpt lat="22.260856230203224" lon="113.96836066544739"><ele>588.6588585168157</ele><time>2022-09-03T04:39:15Z</time></trkpt><trkpt lat="22.26086785602608" lon="113.96838373131348"><ele>587.6437477418563</ele><time>2022-09-03T04:39:19Z</time></trkpt><trkpt lat="22.260876706194285" lon="113.96840366931951"><ele>587.1369242470658</ele><time>2022-09-03T04:39:21Z</time></trkpt><trkpt lat="22.26089299889573" lon="113.96842235523576"><ele>586.8364891893751</ele><time>2022-09-03T04:39:23Z</time></trkpt><trkpt lat="22.260904248228588" lon="113.96844693161"><ele>586.3583093681651</ele><time>2022-09-03T04:39:26Z</time></trkpt><trkpt lat="22.260900127499703" lon="113.96847166538394"><ele>585.8807089027689</ele><time>2022-09-03T04:39:29Z</time></trkpt><trkpt lat="22.26089371918153" lon="113.9684899883054"><ele>585.793438702828</ele><time>2022-09-03T04:39:33Z</time></trkpt><trkpt lat="22.260872678067294" lon="113.968486673713"><ele>585.9869260176014</ele><time>2022-09-03T04:39:41Z</time></trkpt><trkpt lat="22.26085075757112" lon="113.96849544332795"><ele>585.4316876017167</ele><time>2022-09-03T04:39:44Z</time></trkpt><trkpt lat="22.260834101909527" lon="113.96851479441158"><ele>584.7925864559844</ele><time>2022-09-03T04:39:46Z</time></trkpt><trkpt lat="22.260820725649605" lon="113.96854168327124"><ele>584.3576759086325</ele><time>2022-09-03T04:39:48Z</time></trkpt><trkpt lat="22.260812946125032" lon="113.96855944628986"><ele>583.8996857832421</ele><time>2022-09-03T04:39:50Z</time></trkpt><trkpt lat="22.260794881708595" lon="113.96857769683221"><ele>583.2551533098289</ele><time>2022-09-03T04:39:54Z</time></trkpt><trkpt lat="22.260776131213564" lon="113.96859069018574"><ele>582.769565423588</ele><time>2022-09-03T04:39:58Z</time></trkpt><trkpt lat="22.260756529384846" lon="113.96860619198365"><ele>582.7055329275858</ele><time>2022-09-03T04:40:01Z</time></trkpt><trkpt lat="22.26073646044681" lon="113.96862449931007"><ele>582.3419922710685</ele><time>2022-09-03T04:40:04Z</time></trkpt><trkpt lat="22.260730040365544" lon="113.96864356058984"><ele>582.0379321062377</ele><time>2022-09-03T04:40:06Z</time></trkpt><trkpt lat="22.260717424912972" lon="113.96865944400467"><ele>582.0118961097598</ele><time>2022-09-03T04:40:08Z</time></trkpt><trkpt lat="22.26069399201734" lon="113.96867038492208"><ele>581.8669525723842</ele><time>2022-09-03T04:40:11Z</time></trkpt><trkpt lat="22.2606761117669" lon="113.96868724983351"><ele>581.8410309969796</ele><time>2022-09-03T04:40:14Z</time></trkpt><trkpt lat="22.260663172741822" lon="113.96870076066529"><ele>581.6333539310097</ele><time>2022-09-03T04:40:16Z</time></trkpt><trkpt lat="22.260645274749642" lon="113.96870433973926"><ele>581.4299191642336</ele><time>2022-09-03T04:40:18Z</time></trkpt><trkpt lat="22.26062673128691" lon="113.96871070003617"><ele>581.2492263636644</ele><time>2022-09-03T04:40:20Z</time></trkpt><trkpt lat="22.26060891895725" lon="113.96872063730025"><ele>580.98370569452</ele><time>2022-09-03T04:40:22Z</time></trkpt><trkpt lat="22.260594177731253" lon="113.9687359036703"><ele>580.8231060299508</ele><time>2022-09-03T04:40:25Z</time></trkpt><trkpt lat="22.260583120279637" lon="113.96875613597216"><ele>580.6095125311103</ele><time>2022-09-03T04:40:29Z</time></trkpt><trkpt lat="22.26056246745992" lon="113.96876652249134"><ele>579.9805513925372</ele><time>2022-09-03T04:40:32Z</time></trkpt><trkpt lat="22.26053895491691" lon="113.96877583443636"><ele>579.5514343136565</ele><time>2022-09-03T04:40:34Z</time></trkpt><trkpt lat="22.260517998746106" lon="113.9687848267959"><ele>579.6185533235882</ele><time>2022-09-03T04:40:36Z</time></trkpt><trkpt lat="22.260502058796614" lon="113.9688000505648"><ele>579.6846112281003</ele><time>2022-09-03T04:40:39Z</time></trkpt><trkpt lat="22.260491104801588" lon="113.96881841913334"><ele>579.6529503534709</ele><time>2022-09-03T04:40:42Z</time></trkpt><trkpt lat="22.260468717656618" lon="113.96883252733518"><ele>579.378250242541</ele><time>2022-09-03T04:40:45Z</time></trkpt><trkpt lat="22.2604513419678" lon="113.96885594841726"><ele>578.9279893350446</ele><time>2022-09-03T04:40:48Z</time></trkpt><trkpt lat="22.2604381016707" lon="113.96887240894372"><ele>578.4849847169783</ele><time>2022-09-03T04:40:50Z</time></trkpt><trkpt lat="22.260426024058557" lon="113.96888711086905"><ele>578.2104230377919</ele><time>2022-09-03T04:40:52Z</time></trkpt><trkpt lat="22.26040451011135" lon="113.96890084628392"><ele>578.2156067851365</ele><time>2022-09-03T04:40:55Z</time></trkpt><trkpt lat="22.260385346999126" lon="113.96890571352023"><ele>578.1096910773132</ele><time>2022-09-03T04:40:57Z</time></trkpt><trkpt lat="22.26036474133541" lon="113.96891191115037"><ele>577.9498960536424</ele><time>2022-09-03T04:40:59Z</time></trkpt><trkpt lat="22.260346927841244" lon="113.96891761786348"><ele>577.7752685500478</ele><time>2022-09-03T04:41:01Z</time></trkpt><trkpt lat="22.26032904267612" lon="113.9689222254139"><ele>577.4445825525017</ele><time>2022-09-03T04:41:03Z</time></trkpt><trkpt lat="22.260307578432734" lon="113.96891960410053"><ele>577.0833278941816</ele><time>2022-09-03T04:41:05Z</time></trkpt><trkpt lat="22.26028414127599" lon="113.96891930149907"><ele>577.1600573253061</ele><time>2022-09-03T04:41:08Z</time></trkpt><trkpt lat="22.26026880861003" lon="113.96893335064648"><ele>576.7731509106924</ele><time>2022-09-03T04:41:11Z</time></trkpt><trkpt lat="22.260255727836658" lon="113.96895711201104"><ele>576.6811901406243</ele><time>2022-09-03T04:41:13Z</time></trkpt><trkpt lat="22.26024548829349" lon="113.96897621829655"><ele>576.5735818533002</ele><time>2022-09-03T04:41:15Z</time></trkpt><trkpt lat="22.260225628959578" lon="113.96898653091412"><ele>576.8169328599789</ele><time>2022-09-03T04:41:17Z</time></trkpt><trkpt lat="22.260205077542313" lon="113.96899430591115"><ele>576.8465664664396</ele><time>2022-09-03T04:41:19Z</time></trkpt><trkpt lat="22.260187089069206" lon="113.96900094351173"><ele>577.0717721852213</ele><time>2022-09-03T04:41:21Z</time></trkpt><trkpt lat="22.2601678518973" lon="113.96900773017252"><ele>577.1646096188192</ele><time>2022-09-03T04:41:23Z</time></trkpt><trkpt lat="22.26019967387727" lon="113.96899564150513"><ele>575.6102298283128</ele><time>2022-09-03T04:43:07Z</time></trkpt><trkpt lat="22.26021701554011" lon="113.96898661932983"><ele>575.57491763945</ele><time>2022-09-03T04:43:08Z</time></trkpt><trkpt lat="22.26024037828188" lon="113.96896515238424"><ele>575.2366104835781</ele><time>2022-09-03T04:43:10Z</time></trkpt><trkpt lat="22.26025983989984" lon="113.96895779045137"><ele>574.964401703894</ele><time>2022-09-03T04:43:12Z</time></trkpt><trkpt lat="22.26027668882842" lon="113.96894966385449"><ele>574.7048341762433</ele><time>2022-09-03T04:43:14Z</time></trkpt><trkpt lat="22.260297246316767" lon="113.96895077101583"><ele>574.6038674044005</ele><time>2022-09-03T04:43:17Z</time></trkpt><trkpt lat="22.260312968454958" lon="113.96896865483068"><ele>574.8934570539086</ele><time>2022-09-03T04:43:20Z</time></trkpt><trkpt lat="22.260329855466903" lon="113.9689816709533"><ele>574.5045036215262</ele><time>2022-09-03T04:43:24Z</time></trkpt><trkpt lat="22.260338707077008" lon="113.96900064433198"><ele>574.2450867510518</ele><time>2022-09-03T04:43:26Z</time></trkpt><trkpt lat="22.260352217702753" lon="113.96902621729049"><ele>573.9263009594536</ele><time>2022-09-03T04:43:28Z</time></trkpt><trkpt lat="22.260371880857054" lon="113.96905050745136"><ele>573.373104988414</ele><time>2022-09-03T04:43:30Z</time></trkpt><trkpt lat="22.260384585539807" lon="113.96906981426565"><ele>572.7802883139493</ele><time>2022-09-03T04:43:32Z</time></trkpt><trkpt lat="22.260397128245966" lon="113.96908509203327"><ele>572.4347140114495</ele><time>2022-09-03T04:43:34Z</time></trkpt><trkpt lat="22.26040535800253" lon="113.96910650809339"><ele>572.0357557726591</ele><time>2022-09-03T04:43:37Z</time></trkpt><trkpt lat="22.260407748014426" lon="113.96912920522658"><ele>571.591865678124</ele><time>2022-09-03T04:43:42Z</time></trkpt><trkpt lat="22.260398013368984" lon="113.9691526724172"><ele>572.1381556945502</ele><time>2022-09-03T04:43:52Z</time></trkpt><trkpt lat="22.260403422938996" lon="113.96917755558658"><ele>571.9845585645285</ele><time>2022-09-03T04:44:01Z</time></trkpt><trkpt lat="22.26040556054727" lon="113.96919858630359"><ele>571.8132342913021</ele><time>2022-09-03T04:44:03Z</time></trkpt><trkpt lat="22.26041101851467" lon="113.9692226690151"><ele>571.752540735278</ele><time>2022-09-03T04:44:05Z</time></trkpt><trkpt lat="22.26042049533035" lon="113.96924176522371"><ele>572.0068478043305</ele><time>2022-09-03T04:44:07Z</time></trkpt><trkpt lat="22.26043337821024" lon="113.96925549984074"><ele>572.0389801847731</ele><time>2022-09-03T04:44:09Z</time></trkpt><trkpt lat="22.26045055741038" lon="113.96926968760245"><ele>571.7793718114366</ele><time>2022-09-03T04:44:11Z</time></trkpt><trkpt lat="22.26046472236811" lon="113.96928464575781"><ele>571.5421772668317</ele><time>2022-09-03T04:44:13Z</time></trkpt><trkpt lat="22.260473892589943" lon="113.96930331901343"><ele>571.3530872495983</ele><time>2022-09-03T04:44:15Z</time></trkpt><trkpt lat="22.26048479130376" lon="113.96932659306104"><ele>570.6653053743061</ele><time>2022-09-03T04:44:18Z</time></trkpt><trkpt lat="22.260490838033498" lon="113.96935274726656"><ele>569.5569537819622</ele><time>2022-09-03T04:44:21Z</time></trkpt><trkpt lat="22.260495513702633" lon="113.96937940878631"><ele>569.0338447139135</ele><time>2022-09-03T04:44:23Z</time></trkpt><trkpt lat="22.26049823194335" lon="113.96939977577536"><ele>568.342256877419</ele><time>2022-09-03T04:44:25Z</time></trkpt><trkpt lat="22.260501918004188" lon="113.96942116843805"><ele>568.2592480779065</ele><time>2022-09-03T04:44:28Z</time></trkpt><trkpt lat="22.26050776489784" lon="113.96944084066777"><ele>568.1877232385874</ele><time>2022-09-03T04:44:30Z</time></trkpt><trkpt lat="22.26051706093734" lon="113.96946202275498"><ele>568.2313614669877</ele><time>2022-09-03T04:44:35Z</time></trkpt><trkpt lat="22.260516875068802" lon="113.96948623670367"><ele>568.1962442612746</ele><time>2022-09-03T04:44:38Z</time></trkpt><trkpt lat="22.260522928726516" lon="113.96951269540554"><ele>567.8557475888196</ele><time>2022-09-03T04:44:40Z</time></trkpt><trkpt lat="22.26054167565197" lon="113.96953509054075"><ele>567.3279593484904</ele><time>2022-09-03T04:44:42Z</time></trkpt><trkpt lat="22.26055690734363" lon="113.96954938607513"><ele>566.7676853222666</ele><time>2022-09-03T04:44:44Z</time></trkpt><trkpt lat="22.26056983537538" lon="113.96956920282653"><ele>565.3067222698461</ele><time>2022-09-03T04:44:47Z</time></trkpt><trkpt lat="22.260581485605538" lon="113.96958910725026"><ele>562.3970195470735</ele><time>2022-09-03T04:44:50Z</time></trkpt><trkpt lat="22.260595711583203" lon="113.96961169725579"><ele>562.072919733875</ele><time>2022-09-03T04:44:53Z</time></trkpt><trkpt lat="22.260612721246286" lon="113.96963399362302"><ele>561.7876763630891</ele><time>2022-09-03T04:44:56Z</time></trkpt><trkpt lat="22.2606231609448" lon="113.96965653783843"><ele>561.7334673521915</ele><time>2022-09-03T04:44:59Z</time></trkpt><trkpt lat="22.260627362183552" lon="113.96968246019155"><ele>561.7556949931692</ele><time>2022-09-03T04:45:02Z</time></trkpt><trkpt lat="22.26062774474877" lon="113.96970497854737"><ele>562.002987735659</ele><time>2022-09-03T04:45:04Z</time></trkpt><trkpt lat="22.260629007847733" lon="113.9697308491349"><ele>562.15681548771</ele><time>2022-09-03T04:45:07Z</time></trkpt><trkpt lat="22.260619574948294" lon="113.96974977121795"><ele>561.5421373152424</ele><time>2022-09-03T04:45:10Z</time></trkpt><trkpt lat="22.260616120080858" lon="113.96977404129925"><ele>560.5633686666853</ele><time>2022-09-03T04:45:24Z</time></trkpt><trkpt lat="22.26061595846623" lon="113.96979607241637"><ele>560.005224388492</ele><time>2022-09-03T04:45:27Z</time></trkpt><trkpt lat="22.260630904187966" lon="113.96981870259037"><ele>559.865771068818</ele><time>2022-09-03T04:45:29Z</time></trkpt><trkpt lat="22.260649287258246" lon="113.96983301798096"><ele>560.1294371742528</ele><time>2022-09-03T04:45:32Z</time></trkpt><trkpt lat="22.260671893309546" lon="113.96984717380641"><ele>560.088065411812</ele><time>2022-09-03T04:45:35Z</time></trkpt><trkpt lat="22.260691800546386" lon="113.96986617635835"><ele>559.7311248151202</ele><time>2022-09-03T04:45:38Z</time></trkpt><trkpt lat="22.26069617438786" lon="113.96988962342454"><ele>558.8081373077016</ele><time>2022-09-03T04:45:41Z</time></trkpt><trkpt lat="22.26071078469621" lon="113.96990808088361"><ele>557.7105606021805</ele><time>2022-09-03T04:45:57Z</time></trkpt><trkpt lat="22.260724096928936" lon="113.96992639822498"><ele>558.0187355387976</ele><time>2022-09-03T04:46:01Z</time></trkpt><trkpt lat="22.26074044078609" lon="113.96994700927233"><ele>557.6945291958771</ele><time>2022-09-03T04:46:04Z</time></trkpt><trkpt lat="22.260754572856108" lon="113.9699653238661"><ele>557.5767761873743</ele><time>2022-09-03T04:46:06Z</time></trkpt><trkpt lat="22.260769253732402" lon="113.9699780552356"><ele>557.6347035042124</ele><time>2022-09-03T04:46:08Z</time></trkpt><trkpt lat="22.260785585061" lon="113.96999944667388"><ele>557.6418762119812</ele><time>2022-09-03T04:46:11Z</time></trkpt><trkpt lat="22.260801967052046" lon="113.9700123439305"><ele>557.3675753639036</ele><time>2022-09-03T04:46:13Z</time></trkpt><trkpt lat="22.26082053165273" lon="113.97002582918006"><ele>557.3872831942963</ele><time>2022-09-03T04:46:16Z</time></trkpt><trkpt lat="22.26084426789091" lon="113.97004249582034"><ele>557.078387873004</ele><time>2022-09-03T04:46:19Z</time></trkpt><trkpt lat="22.260860211463964" lon="113.97005756839484"><ele>557.0845927807791</ele><time>2022-09-03T04:46:21Z</time></trkpt><trkpt lat="22.260877136117355" lon="113.97006884252154"><ele>557.2585230690565</ele><time>2022-09-03T04:46:23Z</time></trkpt><trkpt lat="22.2608888198667" lon="113.97008520300118"><ele>557.1912388272481</ele><time>2022-09-03T04:46:26Z</time></trkpt><trkpt lat="22.260903161893868" lon="113.97010962732975"><ele>556.7495921529704</ele><time>2022-09-03T04:46:29Z</time></trkpt><trkpt lat="22.260914350764416" lon="113.97012620610161"><ele>556.4539889353168</ele><time>2022-09-03T04:46:31Z</time></trkpt><trkpt lat="22.26092687918043" lon="113.9701449587587"><ele>556.5893120968104</ele><time>2022-09-03T04:46:34Z</time></trkpt><trkpt lat="22.260940116359667" lon="113.97015922139357"><ele>556.4074029490522</ele><time>2022-09-03T04:46:37Z</time></trkpt><trkpt lat="22.260950566635664" lon="113.97017667957715"><ele>555.7117265355948</ele><time>2022-09-03T04:46:45Z</time></trkpt><trkpt lat="22.26095939333925" lon="113.97019705326045"><ele>554.8252674350558</ele><time>2022-09-03T04:46:49Z</time></trkpt><trkpt lat="22.260962493345648" lon="113.97022093299987"><ele>553.8453669184768</ele><time>2022-09-03T04:46:59Z</time></trkpt><trkpt lat="22.260980374938978" lon="113.97024210941717"><ele>553.400294581101</ele><time>2022-09-03T04:47:02Z</time></trkpt><trkpt lat="22.260991898899285" lon="113.97026809326344"><ele>553.153847370416</ele><time>2022-09-03T04:47:04Z</time></trkpt><trkpt lat="22.260998632479122" lon="113.97028927917196"><ele>552.9866253184978</ele><time>2022-09-03T04:47:06Z</time></trkpt><trkpt lat="22.26099295554482" lon="113.97031340150637"><ele>552.5014635757972</ele><time>2022-09-03T04:47:09Z</time></trkpt><trkpt lat="22.26099425373093" lon="113.97033384657668"><ele>551.7516872502455</ele><time>2022-09-03T04:47:11Z</time></trkpt><trkpt lat="22.26099757873981" lon="113.97035981822091"><ele>551.7292053558149</ele><time>2022-09-03T04:47:14Z</time></trkpt><trkpt lat="22.260998802010704" lon="113.97038099747886"><ele>551.9147632811807</ele><time>2022-09-03T04:47:16Z</time></trkpt><trkpt lat="22.261000891743866" lon="113.97040065341547"><ele>552.1026349813923</ele><time>2022-09-03T04:47:18Z</time></trkpt><trkpt lat="22.261007012570197" lon="113.97042047157086"><ele>552.0895957562409</ele><time>2022-09-03T04:47:20Z</time></trkpt><trkpt lat="22.261020571339245" lon="113.97044380249375"><ele>551.952061021324</ele><time>2022-09-03T04:47:23Z</time></trkpt><trkpt lat="22.261025986412594" lon="113.97046589141627"><ele>551.7455709867247</ele><time>2022-09-03T04:47:25Z</time></trkpt><trkpt lat="22.261031988806074" lon="113.9704889804113"><ele>551.5194415423338</ele><time>2022-09-03T04:47:27Z</time></trkpt><trkpt lat="22.261041866399108" lon="113.97051045618201"><ele>551.1221999072629</ele><time>2022-09-03T04:47:29Z</time></trkpt><trkpt lat="22.26104928310146" lon="113.97053316363501"><ele>550.8253844296788</ele><time>2022-09-03T04:47:31Z</time></trkpt><trkpt lat="22.261053542186236" lon="113.97056086229192"><ele>550.2080085495182</ele><time>2022-09-03T04:47:34Z</time></trkpt><trkpt lat="22.26106360595714" lon="113.97058036301318"><ele>549.5720989296059</ele><time>2022-09-03T04:47:36Z</time></trkpt><trkpt lat="22.261080124091343" lon="113.97060023185843"><ele>549.0050603742869</ele><time>2022-09-03T04:47:38Z</time></trkpt><trkpt lat="22.26110211246486" lon="113.97061546030362"><ele>548.2394546163566</ele><time>2022-09-03T04:47:40Z</time></trkpt><trkpt lat="22.261113998901546" lon="113.97063170483803"><ele>547.7508766495304</ele><time>2022-09-03T04:47:42Z</time></trkpt><trkpt lat="22.26112762098741" lon="113.97065156239464"><ele>547.3217478374703</ele><time>2022-09-03T04:47:45Z</time></trkpt><trkpt lat="22.2611300798958" lon="113.97067263844319"><ele>546.5808131375941</ele><time>2022-09-03T04:47:49Z</time></trkpt><trkpt lat="22.261136286925193" lon="113.97069204993433"><ele>545.9472328985632</ele><time>2022-09-03T04:47:53Z</time></trkpt><trkpt lat="22.261144495684597" lon="113.97071261895574"><ele>545.4297018894489</ele><time>2022-09-03T04:47:59Z</time></trkpt><trkpt lat="22.261146512340094" lon="113.9707331186112"><ele>545.4628593857234</ele><time>2022-09-03T04:48:02Z</time></trkpt><trkpt lat="22.26113839490755" lon="113.97075459937625"><ele>545.253172820825</ele><time>2022-09-03T04:48:05Z</time></trkpt><trkpt lat="22.26112953890524" lon="113.9707718027875"><ele>544.6285905463535</ele><time>2022-09-03T04:48:07Z</time></trkpt><trkpt lat="22.261120241718864" lon="113.97078888536511"><ele>544.3842702471495</ele><time>2022-09-03T04:48:09Z</time></trkpt><trkpt lat="22.26111517652344" lon="113.97081340659372"><ele>544.1743588091748</ele><time>2022-09-03T04:48:11Z</time></trkpt><trkpt lat="22.261109187087857" lon="113.97084088776238"><ele>543.8800044506143</ele><time>2022-09-03T04:48:13Z</time></trkpt><trkpt lat="22.261102365518184" lon="113.97086765907366"><ele>543.245743370506</ele><time>2022-09-03T04:48:15Z</time></trkpt><trkpt lat="22.26110179164937" lon="113.97089379308662"><ele>542.6670714444817</ele><time>2022-09-03T04:48:17Z</time></trkpt><trkpt lat="22.26110799354596" lon="113.9709287299543"><ele>542.1690947373783</ele><time>2022-09-03T04:48:19Z</time></trkpt><trkpt lat="22.26111602030809" lon="113.9709538079559"><ele>542.0741358518773</ele><time>2022-09-03T04:48:21Z</time></trkpt><trkpt lat="22.261128127969116" lon="113.9709688219226"><ele>542.0114788399972</ele><time>2022-09-03T04:48:23Z</time></trkpt><trkpt lat="22.261142533048524" lon="113.97098618148225"><ele>541.7787267645981</ele><time>2022-09-03T04:48:25Z</time></trkpt><trkpt lat="22.261162191607433" lon="113.97100042946417"><ele>541.471477809671</ele><time>2022-09-03T04:48:27Z</time></trkpt><trkpt lat="22.26118159456424" lon="113.97102196608928"><ele>541.1352365640491</ele><time>2022-09-03T04:48:30Z</time></trkpt><trkpt lat="22.26119808413726" lon="113.97103248297482"><ele>540.7260038817362</ele><time>2022-09-03T04:48:32Z</time></trkpt><trkpt lat="22.261224465552516" lon="113.97103384956513"><ele>539.949999395855</ele><time>2022-09-03T04:48:34Z</time></trkpt><trkpt lat="22.261246993231715" lon="113.9710307048248"><ele>539.4375911990526</ele><time>2022-09-03T04:48:36Z</time></trkpt><trkpt lat="22.26126523013174" lon="113.97102927621654"><ele>539.1574943951516</ele><time>2022-09-03T04:48:38Z</time></trkpt><trkpt lat="22.261289291441766" lon="113.97103528151064"><ele>538.3785896536226</ele><time>2022-09-03T04:48:41Z</time></trkpt><trkpt lat="22.261307155095412" lon="113.97104345153578"><ele>538.0315621246981</ele><time>2022-09-03T04:48:43Z</time></trkpt><trkpt lat="22.261323319322408" lon="113.97105602802279"><ele>537.7388664562594</ele><time>2022-09-03T04:48:45Z</time></trkpt><trkpt lat="22.26133547231111" lon="113.97107338442254"><ele>537.8064828217977</ele><time>2022-09-03T04:48:47Z</time></trkpt><trkpt lat="22.261356525437424" lon="113.97108848465928"><ele>537.9336006442054</ele><time>2022-09-03T04:48:50Z</time></trkpt><trkpt lat="22.26137908837714" lon="113.971099123505"><ele>538.0684112311055</ele><time>2022-09-03T04:48:53Z</time></trkpt><trkpt lat="22.261396444228943" lon="113.97110579354826"><ele>537.973161540045</ele><time>2022-09-03T04:48:56Z</time></trkpt><trkpt lat="22.26141423108622" lon="113.97110877493158"><ele>537.7796072630526</ele><time>2022-09-03T04:49:14Z</time></trkpt><trkpt lat="22.261433443074466" lon="113.97112003805536"><ele>537.0869403359318</ele><time>2022-09-03T04:49:17Z</time></trkpt><trkpt lat="22.26145038825228" lon="113.97113883930304"><ele>536.7824099661698</ele><time>2022-09-03T04:49:20Z</time></trkpt><trkpt lat="22.26145949678105" lon="113.97116742179196"><ele>536.6346719397917</ele><time>2022-09-03T04:49:23Z</time></trkpt><trkpt lat="22.261465313712314" lon="113.97118660910353"><ele>537.2137377224403</ele><time>2022-09-03T04:49:25Z</time></trkpt><trkpt lat="22.26147163757702" lon="113.97120967183395"><ele>537.2444042860493</ele><time>2022-09-03T04:49:28Z</time></trkpt><trkpt lat="22.26148521395616" lon="113.97123324464546"><ele>536.7812665440471</ele><time>2022-09-03T04:49:32Z</time></trkpt><trkpt lat="22.261498430719087" lon="113.97125275173137"><ele>536.3644896113412</ele><time>2022-09-03T04:49:34Z</time></trkpt><trkpt lat="22.261513843763705" lon="113.97126801192545"><ele>535.913663111594</ele><time>2022-09-03T04:49:36Z</time></trkpt><trkpt lat="22.2615298549683" lon="113.9712831982291"><ele>535.8524994104896</ele><time>2022-09-03T04:49:38Z</time></trkpt><trkpt lat="22.26154343942637" lon="113.97129832707193"><ele>535.6317998799459</ele><time>2022-09-03T04:49:40Z</time></trkpt><trkpt lat="22.2615593709728" lon="113.97131955006924"><ele>535.6733897473059</ele><time>2022-09-03T04:49:42Z</time></trkpt><trkpt lat="22.26156795858782" lon="113.97134041257476"><ele>535.6616405122073</ele><time>2022-09-03T04:49:44Z</time></trkpt><trkpt lat="22.261573447567653" lon="113.97136470938096"><ele>535.606348837809</ele><time>2022-09-03T04:49:46Z</time></trkpt><trkpt lat="22.261574521260787" lon="113.97138524637282"><ele>535.5863816342631</ele><time>2022-09-03T04:49:48Z</time></trkpt><trkpt lat="22.261575450652817" lon="113.97140903295018"><ele>535.3580476623017</ele><time>2022-09-03T04:49:50Z</time></trkpt><trkpt lat="22.26158180137193" lon="113.97143859748627"><ele>535.1130017986653</ele><time>2022-09-03T04:49:52Z</time></trkpt><trkpt lat="22.261585642278845" lon="113.97146791168551"><ele>534.9892394871296</ele><time>2022-09-03T04:49:54Z</time></trkpt><trkpt lat="22.26159786930654" lon="113.97149557916453"><ele>534.5710333788793</ele><time>2022-09-03T04:49:56Z</time></trkpt><trkpt lat="22.261608078856604" lon="113.97151247450753"><ele>534.4625184311896</ele><time>2022-09-03T04:49:58Z</time></trkpt><trkpt lat="22.261619493810212" lon="113.9715294673611"><ele>534.3521671390462</ele><time>2022-09-03T04:50:00Z</time></trkpt><trkpt lat="22.26163303046356" lon="113.97155014589868"><ele>534.052214999529</ele><time>2022-09-03T04:50:03Z</time></trkpt><trkpt lat="22.261650426269206" lon="113.9715646052689"><ele>533.8565499881852</ele><time>2022-09-03T04:50:05Z</time></trkpt><trkpt lat="22.261671349135067" lon="113.97157613898572"><ele>533.4048971704221</ele><time>2022-09-03T04:50:08Z</time></trkpt><trkpt lat="22.261695015235333" lon="113.9715842641804"><ele>532.9672810211104</ele><time>2022-09-03T04:50:12Z</time></trkpt><trkpt lat="22.261713372835995" lon="113.97158828818428"><ele>532.8857047931356</ele><time>2022-09-03T04:50:13Z</time></trkpt><trkpt lat="22.26173679934218" lon="113.97158738190585"><ele>532.8303436325048</ele><time>2022-09-03T04:50:15Z</time></trkpt><trkpt lat="22.261762277669924" lon="113.97158070569473"><ele>532.8214693940444</ele><time>2022-09-03T04:50:18Z</time></trkpt><trkpt lat="22.26178536990053" lon="113.97157730800164"><ele>532.4069366064583</ele><time>2022-09-03T04:50:22Z</time></trkpt><trkpt lat="22.261809301036813" lon="113.97157928542231"><ele>531.9302207705814</ele><time>2022-09-03T04:50:25Z</time></trkpt><trkpt lat="22.261831200681574" lon="113.97157147655861"><ele>531.4936471209824</ele><time>2022-09-03T04:50:29Z</time></trkpt><trkpt lat="22.261847582879597" lon="113.97158076983082"><ele>531.7888274955503</ele><time>2022-09-03T04:50:35Z</time></trkpt><trkpt lat="22.261851068212078" lon="113.9716014306489"><ele>530.4760807830371</ele><time>2022-09-03T04:50:40Z</time></trkpt><trkpt lat="22.261863374609323" lon="113.97161878157627"><ele>530.209147165281</ele><time>2022-09-03T04:50:42Z</time></trkpt><trkpt lat="22.261872088785974" lon="113.97164038445986"><ele>530.5951482147807</ele><time>2022-09-03T04:50:44Z</time></trkpt><trkpt lat="22.261877442313217" lon="113.97166663154225"><ele>530.8402672156237</ele><time>2022-09-03T04:50:46Z</time></trkpt><trkpt lat="22.261881378223272" lon="113.97169355241257"><ele>531.1833364861066</ele><time>2022-09-03T04:50:48Z</time></trkpt><trkpt lat="22.26188084043737" lon="113.97171824735649"><ele>531.2863158740205</ele><time>2022-09-03T04:50:50Z</time></trkpt><trkpt lat="22.26188412846477" lon="113.97174099111116"><ele>531.9161205928049</ele><time>2022-09-03T04:50:53Z</time></trkpt><trkpt lat="22.261902001113178" lon="113.97176283960789"><ele>531.9593867350883</ele><time>2022-09-03T04:50:56Z</time></trkpt><trkpt lat="22.26192260472901" lon="113.97177524231196"><ele>531.9500282807395</ele><time>2022-09-03T04:50:58Z</time></trkpt><trkpt lat="22.261936013096555" lon="113.97178923815022"><ele>532.3800416864431</ele><time>2022-09-03T04:51:01Z</time></trkpt><trkpt lat="22.261943462023837" lon="113.9718082637027"><ele>531.8801160811603</ele><time>2022-09-03T04:51:04Z</time></trkpt><trkpt lat="22.26195573938755" lon="113.97182852069015"><ele>530.3750620280815</ele><time>2022-09-03T04:51:07Z</time></trkpt><trkpt lat="22.261946863145763" lon="113.97185254392413"><ele>529.9255715873471</ele><time>2022-09-03T04:51:10Z</time></trkpt><trkpt lat="22.26192241037797" lon="113.97186414960578"><ele>529.6804774086925</ele><time>2022-09-03T04:51:12Z</time></trkpt><trkpt lat="22.26189741641523" lon="113.9718828708536"><ele>529.7442513228556</ele><time>2022-09-03T04:51:14Z</time></trkpt><trkpt lat="22.26187731149569" lon="113.97189604170194"><ele>529.7074100852799</ele><time>2022-09-03T04:51:16Z</time></trkpt><trkpt lat="22.261862298407394" lon="113.97191164389486"><ele>529.6532094206567</ele><time>2022-09-03T04:51:18Z</time></trkpt><trkpt lat="22.261848797325356" lon="113.97193499280192"><ele>529.701581748464</ele><time>2022-09-03T04:51:20Z</time></trkpt><trkpt lat="22.261841617182196" lon="113.97195510297848"><ele>530.1370711094609</ele><time>2022-09-03T04:51:22Z</time></trkpt><trkpt lat="22.26182941765423" lon="113.9719794081164"><ele>529.9669194368993</ele><time>2022-09-03T04:51:26Z</time></trkpt><trkpt lat="22.261856629825683" lon="113.97198398215761"><ele>524.0973781319925</ele><time>2022-09-03T04:51:29Z</time></trkpt><trkpt lat="22.261833234762452" lon="113.97200757405443"><ele>520.3247421943402</ele><time>2022-09-03T04:51:31Z</time></trkpt><trkpt lat="22.2618021300495" lon="113.97202070516433"><ele>519.7677580736492</ele><time>2022-09-03T04:51:33Z</time></trkpt><trkpt lat="22.261778045487105" lon="113.97204103160806"><ele>520.207348317114</ele><time>2022-09-03T04:51:35Z</time></trkpt><trkpt lat="22.261759255822508" lon="113.97205644003715"><ele>520.9782228574571</ele><time>2022-09-03T04:51:37Z</time></trkpt><trkpt lat="22.261734589576573" lon="113.97206627134531"><ele>521.8578635886302</ele><time>2022-09-03T04:51:39Z</time></trkpt><trkpt lat="22.26170547303537" lon="113.97207479797368"><ele>523.1241669571189</ele><time>2022-09-03T04:51:41Z</time></trkpt><trkpt lat="22.26167796213392" lon="113.97208205226735"><ele>524.0243431742131</ele><time>2022-09-03T04:51:43Z</time></trkpt><trkpt lat="22.261656117860838" lon="113.97208833751156"><ele>524.4481280239357</ele><time>2022-09-03T04:51:45Z</time></trkpt><trkpt lat="22.261636827333014" lon="113.9720929668921"><ele>524.4950470945113</ele><time>2022-09-03T04:51:47Z</time></trkpt><trkpt lat="22.261613706894973" lon="113.97210156666534"><ele>524.5613794277983</ele><time>2022-09-03T04:51:49Z</time></trkpt><trkpt lat="22.261595827816873" lon="113.9721207599895"><ele>524.6119776388105</ele><time>2022-09-03T04:51:51Z</time></trkpt><trkpt lat="22.261585832810088" lon="113.97214153695117"><ele>524.5423729884715</ele><time>2022-09-03T04:51:53Z</time></trkpt><trkpt lat="22.261573975279806" lon="113.97215935843926"><ele>524.7850990205372</ele><time>2022-09-03T04:51:56Z</time></trkpt><trkpt lat="22.26156484943179" lon="113.9721769162706"><ele>524.7456519768131</ele><time>2022-09-03T04:51:59Z</time></trkpt><trkpt lat="22.261548928157364" lon="113.97218917601701"><ele>524.7145698612959</ele><time>2022-09-03T04:52:02Z</time></trkpt><trkpt lat="22.261532613230017" lon="113.97221978502803"><ele>524.8788824524134</ele><time>2022-09-03T04:52:06Z</time></trkpt><trkpt lat="22.26151858944823" lon="113.9722350823861"><ele>524.6410091341672</ele><time>2022-09-03T04:52:09Z</time></trkpt><trkpt lat="22.261490812110765" lon="113.97225603883636"><ele>523.808008316626</ele><time>2022-09-03T04:52:12Z</time></trkpt><trkpt lat="22.261470458863297" lon="113.97227116800889"><ele>523.2248766370827</ele><time>2022-09-03T04:52:14Z</time></trkpt><trkpt lat="22.26145378830498" lon="113.9722988233572"><ele>526.3156441771303</ele><time>2022-09-03T04:52:17Z</time></trkpt><trkpt lat="22.261438304927676" lon="113.97232482222738"><ele>527.1400945951325</ele><time>2022-09-03T04:52:19Z</time></trkpt><trkpt lat="22.261411951051095" lon="113.97233325405078"><ele>527.4475901076738</ele><time>2022-09-03T04:52:22Z</time></trkpt><trkpt lat="22.261392953553152" lon="113.97233996030312"><ele>527.4520449105005</ele><time>2022-09-03T04:52:26Z</time></trkpt><trkpt lat="22.261395653437223" lon="113.9723630776745"><ele>527.1348236903608</ele><time>2022-09-03T04:52:30Z</time></trkpt><trkpt lat="22.261392597174037" lon="113.97238317726053"><ele>526.8760873228822</ele><time>2022-09-03T04:52:32Z</time></trkpt><trkpt lat="22.261382488251364" lon="113.97240380024755"><ele>526.6010480842771</ele><time>2022-09-03T04:52:36Z</time></trkpt><trkpt lat="22.261373904868805" lon="113.97242688634722"><ele>525.7537265111638</ele><time>2022-09-03T04:52:40Z</time></trkpt><trkpt lat="22.26136556791625" lon="113.97245080688705"><ele>524.7369202417784</ele><time>2022-09-03T04:52:43Z</time></trkpt><trkpt lat="22.261350790617026" lon="113.97247061107035"><ele>524.0582734514901</ele><time>2022-09-03T04:52:46Z</time></trkpt><trkpt lat="22.26133792692423" lon="113.97248919684121"><ele>523.1792441180249</ele><time>2022-09-03T04:52:49Z</time></trkpt><trkpt lat="22.261323942869044" lon="113.97251072096586"><ele>521.9610932172073</ele><time>2022-09-03T04:52:53Z</time></trkpt><trkpt lat="22.26129903936981" lon="113.97252373842278"><ele>521.296676315525</ele><time>2022-09-03T04:52:56Z</time></trkpt><trkpt lat="22.26126100696342" lon="113.97254769127633"><ele>520.4547868610127</ele><time>2022-09-03T04:52:58Z</time></trkpt><trkpt lat="22.261245638085327" lon="113.97256446487862"><ele>520.3839400094203</ele><time>2022-09-03T04:52:59Z</time></trkpt><trkpt lat="22.261232472885712" lon="113.9725818479539"><ele>520.4539617533717</ele><time>2022-09-03T04:53:01Z</time></trkpt><trkpt lat="22.261220909950026" lon="113.9726004579373"><ele>520.6106721099529</ele><time>2022-09-03T04:53:03Z</time></trkpt><trkpt lat="22.26120932325005" lon="113.97262098688262"><ele>520.2619593052846</ele><time>2022-09-03T04:53:05Z</time></trkpt><trkpt lat="22.26119814925833" lon="113.97263732041374"><ele>519.799144771633</ele><time>2022-09-03T04:53:07Z</time></trkpt><trkpt lat="22.261192986486694" lon="113.97266436333985"><ele>519.2951060746382</ele><time>2022-09-03T04:53:09Z</time></trkpt><trkpt lat="22.261203202673855" lon="113.9726961778968"><ele>518.89924105301</ele><time>2022-09-03T04:53:11Z</time></trkpt><trkpt lat="22.261220161102667" lon="113.97272572450397"><ele>518.4498835116601</ele><time>2022-09-03T04:53:13Z</time></trkpt><trkpt lat="22.261230922209087" lon="113.9727457546628"><ele>518.2286163839213</ele><time>2022-09-03T04:53:15Z</time></trkpt><trkpt lat="22.261238961057728" lon="113.97276623951484"><ele>518.0762042899828</ele><time>2022-09-03T04:53:18Z</time></trkpt><trkpt lat="22.26124461442854" lon="113.97279470272949"><ele>517.4465381232237</ele><time>2022-09-03T04:53:36Z</time></trkpt><trkpt lat="22.261252655342304" lon="113.97282492980257"><ele>520.7408079868707</ele><time>2022-09-03T04:53:37Z</time></trkpt><trkpt lat="22.26124680507874" lon="113.97284541362542"><ele>521.1622870122121</ele><time>2022-09-03T04:53:40Z</time></trkpt><trkpt lat="22.26122780391868" lon="113.97286163287166"><ele>521.1041852374514</ele><time>2022-09-03T04:53:42Z</time></trkpt><trkpt lat="22.261217836721297" lon="113.97288182270736"><ele>520.5559115547436</ele><time>2022-09-03T04:53:46Z</time></trkpt><trkpt lat="22.26121839270624" lon="113.97290399279464"><ele>520.2476334056555</ele><time>2022-09-03T04:53:49Z</time></trkpt><trkpt lat="22.261217052517463" lon="113.97292572326344"><ele>519.6680265242019</ele><time>2022-09-03T04:53:52Z</time></trkpt><trkpt lat="22.26119847205524" lon="113.9729425733299"><ele>518.9914168220162</ele><time>2022-09-03T04:53:55Z</time></trkpt><trkpt lat="22.261178959991938" lon="113.97295469539856"><ele>518.8005611356446</ele><time>2022-09-03T04:53:57Z</time></trkpt><trkpt lat="22.261164043535477" lon="113.97297756474411"><ele>518.4556629733024</ele><time>2022-09-03T04:54:00Z</time></trkpt><trkpt lat="22.261168525586207" lon="113.97299966944105"><ele>518.6110409298504</ele><time>2022-09-03T04:54:02Z</time></trkpt><trkpt lat="22.261178404542928" lon="113.97302187563787"><ele>518.521733870582</ele><time>2022-09-03T04:54:04Z</time></trkpt><trkpt lat="22.261183641684966" lon="113.97304333247341"><ele>518.519281633502</ele><time>2022-09-03T04:54:06Z</time></trkpt><trkpt lat="22.261184083061305" lon="113.97306984417686"><ele>518.6237058901721</ele><time>2022-09-03T04:54:08Z</time></trkpt><trkpt lat="22.26118701615252" lon="113.97309971556435"><ele>518.4634637515596</ele><time>2022-09-03T04:54:10Z</time></trkpt><trkpt lat="22.26118531092333" lon="113.97312487352124"><ele>518.6607547038949</ele><time>2022-09-03T04:54:12Z</time></trkpt><trkpt lat="22.261188952118804" lon="113.97315164152995"><ele>518.6624972667835</ele><time>2022-09-03T04:54:15Z</time></trkpt><trkpt lat="22.26117995146067" lon="113.9731693177498"><ele>518.1754676450493</ele><time>2022-09-03T04:54:21Z</time></trkpt><trkpt lat="22.26117335943371" lon="113.9731896508462"><ele>516.9755772241316</ele><time>2022-09-03T04:54:26Z</time></trkpt><trkpt lat="22.26117938194213" lon="113.9732099739734"><ele>516.1026678988644</ele><time>2022-09-03T04:54:30Z</time></trkpt><trkpt lat="22.261167320397035" lon="113.97323064429239"><ele>514.7217799394535</ele><time>2022-09-03T04:54:35Z</time></trkpt><trkpt lat="22.261154846140748" lon="113.97324837719687"><ele>513.9173111120933</ele><time>2022-09-03T04:54:37Z</time></trkpt><trkpt lat="22.261146397886645" lon="113.97327098464469"><ele>513.0650064604042</ele><time>2022-09-03T04:54:40Z</time></trkpt><trkpt lat="22.261149488017317" lon="113.97329473318017"><ele>511.7939345674826</ele><time>2022-09-03T04:55:49Z</time></trkpt><trkpt lat="22.261146681535703" lon="113.97331957920198"><ele>511.26351528531313</ele><time>2022-09-03T04:55:52Z</time></trkpt><trkpt lat="22.261138405916466" lon="113.97334283451966"><ele>510.09205858252125</ele><time>2022-09-03T04:55:56Z</time></trkpt><trkpt lat="22.261139667417908" lon="113.9733634393264"><ele>508.93482024624734</ele><time>2022-09-03T04:55:59Z</time></trkpt><trkpt lat="22.261126302908306" lon="113.97337979807328"><ele>506.6981199680225</ele><time>2022-09-03T04:56:03Z</time></trkpt><trkpt lat="22.26111017055677" lon="113.97338910496781"><ele>505.76724458721014</ele><time>2022-09-03T04:56:06Z</time></trkpt><trkpt lat="22.26109900943205" lon="113.9734091857411"><ele>504.84367542120685</ele><time>2022-09-03T04:56:09Z</time></trkpt><trkpt lat="22.261085328302734" lon="113.97342630367393"><ele>503.9682439886193</ele><time>2022-09-03T04:56:12Z</time></trkpt><trkpt lat="22.261090765912297" lon="113.97344856710652"><ele>502.072183089354</ele><time>2022-09-03T04:56:18Z</time></trkpt><trkpt lat="22.261102596516853" lon="113.97346346308782"><ele>501.39640593675705</ele><time>2022-09-03T04:56:21Z</time></trkpt><trkpt lat="22.261111012324847" lon="113.97348814118857"><ele>500.114273051442</ele><time>2022-09-03T04:56:26Z</time></trkpt><trkpt lat="22.261118367685448" lon="113.9735071084578"><ele>499.16300142103273</ele><time>2022-09-03T04:56:29Z</time></trkpt><trkpt lat="22.26111022410127" lon="113.97352845610877"><ele>497.15609185506923</ele><time>2022-09-03T04:56:33Z</time></trkpt><trkpt lat="22.261102175902128" lon="113.97355592923347"><ele>496.3404424509639</ele><time>2022-09-03T04:56:36Z</time></trkpt><trkpt lat="22.261098877246635" lon="113.97357999958241"><ele>495.81599753594236</ele><time>2022-09-03T04:56:39Z</time></trkpt><trkpt lat="22.261091454293013" lon="113.9736028224407"><ele>494.88628268482324</ele><time>2022-09-03T04:56:42Z</time></trkpt><trkpt lat="22.261072671730894" lon="113.97362080016904"><ele>494.3761596142859</ele><time>2022-09-03T04:56:45Z</time></trkpt><trkpt lat="22.26105607184071" lon="113.97362988506312"><ele>494.20959805129587</ele><time>2022-09-03T04:56:47Z</time></trkpt><trkpt lat="22.261037907675966" lon="113.97364504832858"><ele>493.95223827236083</ele><time>2022-09-03T04:56:56Z</time></trkpt><trkpt lat="22.261015763036852" lon="113.97365657049085"><ele>493.0833917358016</ele><time>2022-09-03T04:56:59Z</time></trkpt><trkpt lat="22.260997244205925" lon="113.97366318272546"><ele>492.42142336130223</ele><time>2022-09-03T04:57:02Z</time></trkpt><trkpt lat="22.26097810274262" lon="113.97367570659779"><ele>491.70349633197395</ele><time>2022-09-03T04:57:05Z</time></trkpt><trkpt lat="22.260959030780075" lon="113.97368426370353"><ele>491.6768233964561</ele><time>2022-09-03T04:57:08Z</time></trkpt><trkpt lat="22.26094650968855" lon="113.9736996867626"><ele>491.99857662112294</ele><time>2022-09-03T04:57:11Z</time></trkpt><trkpt lat="22.26093239041246" lon="113.97372270730921"><ele>492.0516099301248</ele><time>2022-09-03T04:57:14Z</time></trkpt><trkpt lat="22.26091517832359" lon="113.97373997624112"><ele>491.9843300439322</ele><time>2022-09-03T04:57:17Z</time></trkpt><trkpt lat="22.260897808345042" lon="113.97375324649175"><ele>491.5997617579924</ele><time>2022-09-03T04:57:20Z</time></trkpt><trkpt lat="22.260884798122852" lon="113.97377148740843"><ele>490.5211283786172</ele><time>2022-09-03T04:57:30Z</time></trkpt><trkpt lat="22.260865820870887" lon="113.97378473154157"><ele>489.7350470438322</ele><time>2022-09-03T04:57:36Z</time></trkpt><trkpt lat="22.260851175001857" lon="113.97379698657572"><ele>489.501513072153</ele><time>2022-09-03T04:57:40Z</time></trkpt><trkpt lat="22.260841217005385" lon="113.9738178496891"><ele>489.2974314512686</ele><time>2022-09-03T04:57:43Z</time></trkpt><trkpt lat="22.260836983279482" lon="113.97384167718346"><ele>489.0735209693705</ele><time>2022-09-03T04:57:46Z</time></trkpt><trkpt lat="22.260834354865025" lon="113.97386406738958"><ele>487.9015939978035</ele><time>2022-09-03T04:57:52Z</time></trkpt><trkpt lat="22.26082731047235" lon="113.97388668646744"><ele>487.2913964261568</ele><time>2022-09-03T04:57:56Z</time></trkpt><trkpt lat="22.260825564949023" lon="113.97390906878604"><ele>486.59404714251133</ele><time>2022-09-03T04:58:00Z</time></trkpt><trkpt lat="22.260818526244535" lon="113.97392767125648"><ele>486.343212120324</ele><time>2022-09-03T04:58:04Z</time></trkpt><trkpt lat="22.260814120440894" lon="113.9739514407628"><ele>486.22035328248</ele><time>2022-09-03T04:58:06Z</time></trkpt><trkpt lat="22.26081424720539" lon="113.97397288910975"><ele>486.0432632058473</ele><time>2022-09-03T04:58:08Z</time></trkpt><trkpt lat="22.260811526186625" lon="113.97399383662697"><ele>485.79191499932887</ele><time>2022-09-03T04:58:10Z</time></trkpt><trkpt lat="22.26081622538287" lon="113.97401534766765"><ele>485.2551350227989</ele><time>2022-09-03T04:58:12Z</time></trkpt><trkpt lat="22.260819127416113" lon="113.97404020177792"><ele>484.5010892110254</ele><time>2022-09-03T04:58:14Z</time></trkpt><trkpt lat="22.260821827631666" lon="113.97406412311445"><ele>484.0654496808382</ele><time>2022-09-03T04:58:16Z</time></trkpt><trkpt lat="22.260833874874635" lon="113.9740898213351"><ele>483.6362535085654</ele><time>2022-09-03T04:58:18Z</time></trkpt><trkpt lat="22.260843121992913" lon="113.97411375265912"><ele>483.41807375949975</ele><time>2022-09-03T04:58:20Z</time></trkpt><trkpt lat="22.260848620419836" lon="113.97413906800189"><ele>483.3138714049336</ele><time>2022-09-03T04:58:24Z</time></trkpt><trkpt lat="22.260857642515212" lon="113.97415942276751"><ele>483.167220200341</ele><time>2022-09-03T04:58:27Z</time></trkpt><trkpt lat="22.260852927369996" lon="113.97418670594737"><ele>482.9169915519136</ele><time>2022-09-03T04:58:30Z</time></trkpt><trkpt lat="22.260844773275927" lon="113.97420794065377"><ele>482.5280833631248</ele><time>2022-09-03T04:58:33Z</time></trkpt><trkpt lat="22.260837219941365" lon="113.97422621636065"><ele>481.86935893476056</ele><time>2022-09-03T04:58:36Z</time></trkpt><trkpt lat="22.260829747616118" lon="113.97424429289171"><ele>481.80603438612457</ele><time>2022-09-03T04:58:38Z</time></trkpt><trkpt lat="22.26082475654713" lon="113.97426395731404"><ele>481.5495538122549</ele><time>2022-09-03T04:58:40Z</time></trkpt><trkpt lat="22.260819294263392" lon="113.97428263157752"><ele>481.03664876625027</ele><time>2022-09-03T04:58:42Z</time></trkpt><trkpt lat="22.260817781119414" lon="113.97430418127948"><ele>480.65280696243946</ele><time>2022-09-03T04:58:44Z</time></trkpt><trkpt lat="22.260826375425776" lon="113.97433073236543"><ele>479.7852844299843</ele><time>2022-09-03T04:58:47Z</time></trkpt><trkpt lat="22.260839111487154" lon="113.97435163890532"><ele>479.0608320934354</ele><time>2022-09-03T04:58:50Z</time></trkpt><trkpt lat="22.260846519463556" lon="113.9743693880502"><ele>478.51552364847606</ele><time>2022-09-03T04:58:52Z</time></trkpt><trkpt lat="22.260852306935618" lon="113.97438930318387"><ele>478.219469943861</ele><time>2022-09-03T04:58:54Z</time></trkpt><trkpt lat="22.260851902655503" lon="113.9744094177945"><ele>477.9970269061072</ele><time>2022-09-03T04:58:56Z</time></trkpt><trkpt lat="22.2608508788069" lon="113.97443153144566"><ele>477.70176791208667</ele><time>2022-09-03T04:58:58Z</time></trkpt><trkpt lat="22.260844125377073" lon="113.97445501608779"><ele>477.38075684035834</ele><time>2022-09-03T04:59:01Z</time></trkpt><trkpt lat="22.260833676562115" lon="113.9744787322806"><ele>476.47798321377496</ele><time>2022-09-03T04:59:04Z</time></trkpt><trkpt lat="22.26081888857699" lon="113.97449973485392"><ele>476.12690021053726</ele><time>2022-09-03T04:59:07Z</time></trkpt><trkpt lat="22.260812697151938" lon="113.97451907816331"><ele>475.83640565815926</ele><time>2022-09-03T04:59:12Z</time></trkpt><trkpt lat="22.26079468851525" lon="113.97452379343589"><ele>475.95491672942416</ele><time>2022-09-03T04:59:19Z</time></trkpt><trkpt lat="22.260792025291178" lon="113.97455477698426"><ele>475.7913169253997</ele><time>2022-09-03T04:59:22Z</time></trkpt><trkpt lat="22.2607843298009" lon="113.9745841213929"><ele>475.77671760215037</ele><time>2022-09-03T04:59:24Z</time></trkpt><trkpt lat="22.260774759789623" lon="113.97460382829172"><ele>475.5531518181414</ele><time>2022-09-03T04:59:27Z</time></trkpt><trkpt lat="22.260762749098923" lon="113.97462428224614"><ele>474.9989675517054</ele><time>2022-09-03T04:59:30Z</time></trkpt><trkpt lat="22.260761258311867" lon="113.97465643015825"><ele>474.17456834973956</ele><time>2022-09-03T04:59:32Z</time></trkpt><trkpt lat="22.260768531427995" lon="113.97467539135349"><ele>473.3191496321311</ele><time>2022-09-03T04:59:34Z</time></trkpt><trkpt lat="22.26078023431386" lon="113.97469671944849"><ele>472.76402862028294</ele><time>2022-09-03T04:59:37Z</time></trkpt><trkpt lat="22.260796314235403" lon="113.9747156459708"><ele>472.2949876998052</ele><time>2022-09-03T04:59:40Z</time></trkpt><trkpt lat="22.260796270267985" lon="113.97474110583703"><ele>471.4765962763997</ele><time>2022-09-03T04:59:44Z</time></trkpt><trkpt lat="22.260788633136855" lon="113.97476180712219"><ele>471.27968101373034</ele><time>2022-09-03T04:59:47Z</time></trkpt><trkpt lat="22.260787536447353" lon="113.97478355089999"><ele>470.7935257267694</ele><time>2022-09-03T04:59:50Z</time></trkpt><trkpt lat="22.260784412360998" lon="113.97480332300246"><ele>470.60303487073577</ele><time>2022-09-03T04:59:51Z</time></trkpt><trkpt lat="22.260782556654124" lon="113.97483126563276"><ele>469.4680652812277</ele><time>2022-09-03T04:59:53Z</time></trkpt><trkpt lat="22.260775420205885" lon="113.97485435553756"><ele>469.2141631266256</ele><time>2022-09-03T04:59:56Z</time></trkpt><trkpt lat="22.260760946730333" lon="113.97487478818404"><ele>468.6307969300075</ele><time>2022-09-03T04:59:59Z</time></trkpt><trkpt lat="22.260766367325193" lon="113.97489947468343"><ele>468.4307718760802</ele><time>2022-09-03T05:00:01Z</time></trkpt><trkpt lat="22.26077244964284" lon="113.97492434590374"><ele>468.15121210673664</ele><time>2022-09-03T05:00:03Z</time></trkpt><trkpt lat="22.260781242960803" lon="113.97494615896743"><ele>468.01111517090754</ele><time>2022-09-03T05:00:05Z</time></trkpt><trkpt lat="22.260782296341986" lon="113.97496790834742"><ele>467.83665699587016</ele><time>2022-09-03T05:00:07Z</time></trkpt><trkpt lat="22.26078224993648" lon="113.97498849725339"><ele>467.6546191734614</ele><time>2022-09-03T05:00:10Z</time></trkpt><trkpt lat="22.260776143269677" lon="113.9750078982596"><ele>467.9612406250668</ele><time>2022-09-03T05:00:14Z</time></trkpt><trkpt lat="22.26076334704153" lon="113.9750231732257"><ele>467.5934011106592</ele><time>2022-09-03T05:00:17Z</time></trkpt><trkpt lat="22.26075779701056" lon="113.9750455968219"><ele>467.3205869513767</ele><time>2022-09-03T05:00:20Z</time></trkpt><trkpt lat="22.26075226894655" lon="113.97506478429402"><ele>467.1481340580691</ele><time>2022-09-03T05:00:22Z</time></trkpt><trkpt lat="22.26074763115447" lon="113.97508722799262"><ele>466.80466776872197</ele><time>2022-09-03T05:00:24Z</time></trkpt><trkpt lat="22.260742243365634" lon="113.9751119213509"><ele>466.0847332286425</ele><time>2022-09-03T05:00:27Z</time></trkpt><trkpt lat="22.260739226919025" lon="113.97514044670694"><ele>465.35101938069283</ele><time>2022-09-03T05:00:30Z</time></trkpt><trkpt lat="22.260739813897093" lon="113.97516980483213"><ele>465.0491702252638</ele><time>2022-09-03T05:00:33Z</time></trkpt><trkpt lat="22.260739964209836" lon="113.97519592568318"><ele>464.9363880947678</ele><time>2022-09-03T05:00:36Z</time></trkpt><trkpt lat="22.260733828568508" lon="113.9752166039466"><ele>464.3436224062165</ele><time>2022-09-03T05:00:39Z</time></trkpt><trkpt lat="22.260725056041565" lon="113.97523863829508"><ele>463.68889824804694</ele><time>2022-09-03T05:00:42Z</time></trkpt><trkpt lat="22.26072483731671" lon="113.97526105914062"><ele>463.29078324185815</ele><time>2022-09-03T05:00:45Z</time></trkpt><trkpt lat="22.260710197683526" lon="113.9752775727589"><ele>461.3539252248503</ele><time>2022-09-03T05:01:12Z</time></trkpt><trkpt lat="22.260688828126295" lon="113.97528266765191"><ele>460.8933989194889</ele><time>2022-09-03T05:01:15Z</time></trkpt><trkpt lat="22.260670137372102" lon="113.97527368670472"><ele>460.3163896612512</ele><time>2022-09-03T05:01:25Z</time></trkpt><trkpt lat="22.26065274645849" lon="113.97525517339217"><ele>459.7920370040103</ele><time>2022-09-03T05:01:29Z</time></trkpt><trkpt lat="22.260647997152837" lon="113.97523633291256"><ele>459.4922829675533</ele><time>2022-09-03T05:01:31Z</time></trkpt><trkpt lat="22.260645485049796" lon="113.97520714277482"><ele>459.1015854588052</ele><time>2022-09-03T05:01:33Z</time></trkpt><trkpt lat="22.260640668856873" lon="113.97517722329628"><ele>458.845698446888</ele><time>2022-09-03T05:01:35Z</time></trkpt><trkpt lat="22.260634418927452" lon="113.97515347330936"><ele>458.8435871125813</ele><time>2022-09-03T05:01:38Z</time></trkpt><trkpt lat="22.26063892759338" lon="113.97512901465343"><ele>458.71681725255274</ele><time>2022-09-03T05:01:41Z</time></trkpt><trkpt lat="22.260639404730238" lon="113.97510484296578"><ele>458.1179000220303</ele><time>2022-09-03T05:01:45Z</time></trkpt><trkpt lat="22.260634232267343" lon="113.97508003389007"><ele>457.74626321128943</ele><time>2022-09-03T05:01:48Z</time></trkpt><trkpt lat="22.260629263117853" lon="113.97505590482827"><ele>457.2258259044185</ele><time>2022-09-03T05:01:51Z</time></trkpt><trkpt lat="22.260609876685745" lon="113.97504095617312"><ele>456.2550642751318</ele><time>2022-09-03T05:01:55Z</time></trkpt><trkpt lat="22.260593285629852" lon="113.97502551528551"><ele>453.2401049145777</ele><time>2022-09-03T05:01:58Z</time></trkpt><trkpt lat="22.2605824472029" lon="113.97500782118006"><ele>452.94796411709626</ele><time>2022-09-03T05:02:05Z</time></trkpt><trkpt lat="22.26057253940728" lon="113.97498731552221"><ele>452.0985503863687</ele><time>2022-09-03T05:02:09Z</time></trkpt><trkpt lat="22.26056951865394" lon="113.97500913119184"><ele>451.4628607279984</ele><time>2022-09-03T05:02:16Z</time></trkpt><trkpt lat="22.26056455194477" lon="113.97503132714695"><ele>451.06661969829423</ele><time>2022-09-03T05:02:19Z</time></trkpt><trkpt lat="22.26054996733675" lon="113.97504460755191"><ele>450.93548845522685</ele><time>2022-09-03T05:02:22Z</time></trkpt><trkpt lat="22.260538356807245" lon="113.9750595086384"><ele>450.0788839035948</ele><time>2022-09-03T05:02:31Z</time></trkpt><trkpt lat="22.26051904083743" lon="113.97507123183239"><ele>449.38268189312953</ele><time>2022-09-03T05:02:41Z</time></trkpt><trkpt lat="22.260508008574007" lon="113.97509423684264"><ele>449.30187415812406</ele><time>2022-09-03T05:02:43Z</time></trkpt><trkpt lat="22.260497025079733" lon="113.97511021197603"><ele>449.37397180629534</ele><time>2022-09-03T05:02:45Z</time></trkpt><trkpt lat="22.26048283940089" lon="113.97512869404832"><ele>449.1198122228583</ele><time>2022-09-03T05:02:48Z</time></trkpt><trkpt lat="22.260467238488932" lon="113.97514704752844"><ele>448.7322785926985</ele><time>2022-09-03T05:02:51Z</time></trkpt><trkpt lat="22.260448336998646" lon="113.97516029029116"><ele>446.2099363047838</ele><time>2022-09-03T05:04:26Z</time></trkpt><trkpt lat="22.260428837638187" lon="113.97517400007402"><ele>444.47702454207615</ele><time>2022-09-03T05:04:33Z</time></trkpt><trkpt lat="22.260418887840096" lon="113.97519205700169"><ele>443.8234940324054</ele><time>2022-09-03T05:04:35Z</time></trkpt><trkpt lat="22.26040566187121" lon="113.97521559734162"><ele>442.67371082492235</ele><time>2022-09-03T05:04:39Z</time></trkpt><trkpt lat="22.260400615109486" lon="113.97523482224646"><ele>442.1144452684511</ele><time>2022-09-03T05:04:41Z</time></trkpt><trkpt lat="22.260390462913904" lon="113.97525289308447"><ele>441.5991718033404</ele><time>2022-09-03T05:04:44Z</time></trkpt><trkpt lat="22.26038459990844" lon="113.97527488295029"><ele>440.9158258805727</ele><time>2022-09-03T05:04:48Z</time></trkpt><trkpt lat="22.260388075153646" lon="113.97530258860138"><ele>439.9413843752825</ele><time>2022-09-03T05:04:51Z</time></trkpt><trkpt lat="22.2603913520642" lon="113.9753221174422"><ele>439.4723723974277</ele><time>2022-09-03T05:04:53Z</time></trkpt><trkpt lat="22.26039130718605" lon="113.97534624637879"><ele>439.12145080736394</ele><time>2022-09-03T05:04:55Z</time></trkpt><trkpt lat="22.26038869318698" lon="113.97536584726919"><ele>438.64469228654076</ele><time>2022-09-03T05:04:57Z</time></trkpt><trkpt lat="22.26037913668287" lon="113.97538356988757"><ele>437.72246043121686</ele><time>2022-09-03T05:05:06Z</time></trkpt><trkpt lat="22.260374721109198" lon="113.9754063275464"><ele>437.0808922144341</ele><time>2022-09-03T05:05:10Z</time></trkpt><trkpt lat="22.26038145282909" lon="113.97543190755384"><ele>436.06039600994694</ele><time>2022-09-03T05:05:14Z</time></trkpt><trkpt lat="22.260381156431922" lon="113.97545172943205"><ele>435.2300861747618</ele><time>2022-09-03T05:05:17Z</time></trkpt><trkpt lat="22.26038819726665" lon="113.97547354410924"><ele>434.86799480692366</ele><time>2022-09-03T05:05:20Z</time></trkpt><trkpt lat="22.260389731405862" lon="113.97549449329065"><ele>432.85545987826316</ele><time>2022-09-03T05:05:25Z</time></trkpt><trkpt lat="22.26038880251208" lon="113.9755141299507"><ele>431.8601400173448</ele><time>2022-09-03T05:05:27Z</time></trkpt><trkpt lat="22.26039365296959" lon="113.97553360534918"><ele>431.1895230519263</ele><time>2022-09-03T05:05:29Z</time></trkpt><trkpt lat="22.260404365059546" lon="113.97555814995236"><ele>429.97624509349674</ele><time>2022-09-03T05:05:32Z</time></trkpt><trkpt lat="22.26041407641527" lon="113.97557674922729"><ele>429.6371592265005</ele><time>2022-09-03T05:05:35Z</time></trkpt><trkpt lat="22.26041932228578" lon="113.97560237756325"><ele>428.9917066942055</ele><time>2022-09-03T05:05:38Z</time></trkpt><trkpt lat="22.26042869740363" lon="113.97561930916652"><ele>428.5745242347428</ele><time>2022-09-03T05:05:41Z</time></trkpt><trkpt lat="22.260438392068018" lon="113.97564082489022"><ele>427.9393660144037</ele><time>2022-09-03T05:05:44Z</time></trkpt><trkpt lat="22.260444917153247" lon="113.97565954042652"><ele>427.5632646011755</ele><time>2022-09-03T05:05:46Z</time></trkpt><trkpt lat="22.260444757074243" lon="113.97568181172977"><ele>426.83174267394264</ele><time>2022-09-03T05:05:50Z</time></trkpt><trkpt lat="22.26045530149066" lon="113.97569883785877"><ele>425.7562735313758</ele><time>2022-09-03T05:05:53Z</time></trkpt><trkpt lat="22.260463175660735" lon="113.97571708058979"><ele>424.7154103674389</ele><time>2022-09-03T05:05:56Z</time></trkpt><trkpt lat="22.260473787106264" lon="113.97573356595144"><ele>423.98865447693925</ele><time>2022-09-03T05:05:59Z</time></trkpt><trkpt lat="22.260479743851675" lon="113.97575930640562"><ele>422.88127526925393</ele><time>2022-09-03T05:06:02Z</time></trkpt><trkpt lat="22.260483629813766" lon="113.97577943058745"><ele>422.58862751416905</ele><time>2022-09-03T05:06:05Z</time></trkpt><trkpt lat="22.260486986171756" lon="113.97580441274341"><ele>422.19512650735777</ele><time>2022-09-03T05:06:08Z</time></trkpt><trkpt lat="22.260497185460377" lon="113.97582610950116"><ele>421.58980316378614</ele><time>2022-09-03T05:06:10Z</time></trkpt><trkpt lat="22.26050672061372" lon="113.97584781860054"><ele>421.15341269480365</ele><time>2022-09-03T05:06:12Z</time></trkpt><trkpt lat="22.26051158921879" lon="113.97586725134693"><ele>420.9540115001378</ele><time>2022-09-03T05:06:14Z</time></trkpt><trkpt lat="22.260515599726087" lon="113.97588932986893"><ele>420.6460510526114</ele><time>2022-09-03T05:06:16Z</time></trkpt><trkpt lat="22.260521469776073" lon="113.97591464633761"><ele>420.598697430652</ele><time>2022-09-03T05:06:18Z</time></trkpt><trkpt lat="22.26052927661149" lon="113.97593666607126"><ele>420.2370960157434</ele><time>2022-09-03T05:06:20Z</time></trkpt><trkpt lat="22.260542918324003" lon="113.97595533546753"><ele>419.90976180914646</ele><time>2022-09-03T05:06:22Z</time></trkpt><trkpt lat="22.260550428043572" lon="113.97597302051572"><ele>419.5041669065661</ele><time>2022-09-03T05:06:24Z</time></trkpt><trkpt lat="22.260551679332593" lon="113.97599809065751"><ele>418.5639948474299</ele><time>2022-09-03T05:06:27Z</time></trkpt><trkpt lat="22.26055144859264" lon="113.97602443831191"><ele>417.76901117449614</ele><time>2022-09-03T05:06:30Z</time></trkpt><trkpt lat="22.260553981309382" lon="113.97604479046117"><ele>417.2450868764675</ele><time>2022-09-03T05:06:33Z</time></trkpt><trkpt lat="22.26056045751818" lon="113.97606369907263"><ele>416.8172151956109</ele><time>2022-09-03T05:06:35Z</time></trkpt><trkpt lat="22.260572278796428" lon="113.97607969573464"><ele>416.09943372909123</ele><time>2022-09-03T05:06:38Z</time></trkpt><trkpt lat="22.26058983197413" lon="113.97608687587714"><ele>414.89821538163716</ele><time>2022-09-03T05:06:42Z</time></trkpt><trkpt lat="22.26060499375091" lon="113.97609785878684"><ele>414.6230428291565</ele><time>2022-09-03T05:06:45Z</time></trkpt><trkpt lat="22.260598955591316" lon="113.97612054204728"><ele>414.3386531607745</ele><time>2022-09-03T05:06:51Z</time></trkpt><trkpt lat="22.26059403198373" lon="113.97614073725639"><ele>414.3152983707582</ele><time>2022-09-03T05:06:55Z</time></trkpt><trkpt lat="22.26057719909246" lon="113.97615677652364"><ele>414.0699161285605</ele><time>2022-09-03T05:08:11Z</time></trkpt><trkpt lat="22.260562642970935" lon="113.97618035013883"><ele>413.8153201688599</ele><time>2022-09-03T05:08:14Z</time></trkpt><trkpt lat="22.260546022530004" lon="113.97618970345071"><ele>413.40462765520846</ele><time>2022-09-03T05:08:16Z</time></trkpt><trkpt lat="22.260522369339707" lon="113.97619240120765"><ele>412.05289875968725</ele><time>2022-09-03T05:08:18Z</time></trkpt><trkpt lat="22.260505804660518" lon="113.97620961311256"><ele>411.2107410850288</ele><time>2022-09-03T05:08:20Z</time></trkpt><trkpt lat="22.260489143092478" lon="113.97621788551247"><ele>410.31638352445407</ele><time>2022-09-03T05:08:22Z</time></trkpt><trkpt lat="22.260469087161624" lon="113.97623286357461"><ele>409.83882128803094</ele><time>2022-09-03T05:08:25Z</time></trkpt><trkpt lat="22.2604554054862" lon="113.97625319022818"><ele>409.6158177345921</ele><time>2022-09-03T05:08:28Z</time></trkpt><trkpt lat="22.260449244099853" lon="113.97627372325542"><ele>409.3554605539032</ele><time>2022-09-03T05:08:30Z</time></trkpt><trkpt lat="22.260438204222133" lon="113.97629432198745"><ele>408.88005403338224</ele><time>2022-09-03T05:08:34Z</time></trkpt><trkpt lat="22.26042746229187" lon="113.97631703479114"><ele>407.7352768513226</ele><time>2022-09-03T05:08:37Z</time></trkpt><trkpt lat="22.26042270573653" lon="113.97634225062374"><ele>406.7603223015616</ele><time>2022-09-03T05:08:40Z</time></trkpt><trkpt lat="22.260423763717117" lon="113.97636567347458"><ele>405.6557683535185</ele><time>2022-09-03T05:08:43Z</time></trkpt><trkpt lat="22.260422660113647" lon="113.97638531642566"><ele>405.08194216327223</ele><time>2022-09-03T05:08:46Z</time></trkpt><trkpt lat="22.260428474307087" lon="113.97641169806327"><ele>403.7715256325741</ele><time>2022-09-03T05:08:50Z</time></trkpt><trkpt lat="22.2604455429181" lon="113.9764207293069"><ele>403.3690481213646</ele><time>2022-09-03T05:08:52Z</time></trkpt><trkpt lat="22.26045973980405" lon="113.97644907690672"><ele>402.86927441956686</ele><time>2022-09-03T05:08:54Z</time></trkpt><trkpt lat="22.260464791141803" lon="113.97647259220739"><ele>402.4462345683519</ele><time>2022-09-03T05:08:56Z</time></trkpt><trkpt lat="22.26046448251458" lon="113.97649625499447"><ele>402.52453829155945</ele><time>2022-09-03T05:08:59Z</time></trkpt><trkpt lat="22.260466917124262" lon="113.9765244216206"><ele>402.1263481144075</ele><time>2022-09-03T05:09:03Z</time></trkpt><trkpt lat="22.260473034284686" lon="113.97654342543268"><ele>401.60125729878115</ele><time>2022-09-03T05:09:06Z</time></trkpt><trkpt lat="22.26048366171615" lon="113.97656372756816"><ele>400.6685124828901</ele><time>2022-09-03T05:09:09Z</time></trkpt><trkpt lat="22.260495221267103" lon="113.97658438231342"><ele>399.53376186796584</ele><time>2022-09-03T05:09:13Z</time></trkpt><trkpt lat="22.260511643371455" lon="113.9766066899769"><ele>398.9322605954635</ele><time>2022-09-03T05:09:16Z</time></trkpt><trkpt lat="22.260531336440184" lon="113.97662251452554"><ele>397.8905239525498</ele><time>2022-09-03T05:09:20Z</time></trkpt><trkpt lat="22.260558574789677" lon="113.97663200596759"><ele>397.20032683404463</ele><time>2022-09-03T05:09:23Z</time></trkpt><trkpt lat="22.26058149243477" lon="113.97663964388671"><ele>396.62190460148685</ele><time>2022-09-03T05:09:25Z</time></trkpt><trkpt lat="22.260601105543092" lon="113.97664155810564"><ele>396.24414787392845</ele><time>2022-09-03T05:09:27Z</time></trkpt><trkpt lat="22.260622597653487" lon="113.97664311874411"><ele>395.5847163833031</ele><time>2022-09-03T05:09:29Z</time></trkpt><trkpt lat="22.260643344129456" lon="113.9766452693652"><ele>394.7892458915558</ele><time>2022-09-03T05:09:31Z</time></trkpt><trkpt lat="22.260663078413497" lon="113.97664842842849"><ele>394.2525563991864</ele><time>2022-09-03T05:09:33Z</time></trkpt><trkpt lat="22.260688241968026" lon="113.97665021736864"><ele>393.62814248784554</ele><time>2022-09-03T05:09:36Z</time></trkpt><trkpt lat="22.260710243154033" lon="113.97665235377724"><ele>393.2203099166635</ele><time>2022-09-03T05:09:38Z</time></trkpt><trkpt lat="22.260732067105227" lon="113.97665321103847"><ele>392.8742865667662</ele><time>2022-09-03T05:09:40Z</time></trkpt><trkpt lat="22.260756388283202" lon="113.97665565315181"><ele>392.3935809863052</ele><time>2022-09-03T05:09:42Z</time></trkpt><trkpt lat="22.26078171994249" lon="113.9766669959867"><ele>391.8961057902672</ele><time>2022-09-03T05:09:45Z</time></trkpt><trkpt lat="22.260804452219933" lon="113.97668509256488"><ele>391.17058968002965</ele><time>2022-09-03T05:09:48Z</time></trkpt><trkpt lat="22.260823259171456" lon="113.97669802270225"><ele>390.3846712802078</ele><time>2022-09-03T05:09:50Z</time></trkpt><trkpt lat="22.260843945351862" lon="113.97670958504244"><ele>389.94600346930775</ele><time>2022-09-03T05:09:52Z</time></trkpt><trkpt lat="22.2608671790265" lon="113.97672183713851"><ele>389.7089102638572</ele><time>2022-09-03T05:09:54Z</time></trkpt><trkpt lat="22.260887984522245" lon="113.97673071019959"><ele>389.42819441568486</ele><time>2022-09-03T05:09:56Z</time></trkpt><trkpt lat="22.26091440371024" lon="113.97673105154378"><ele>387.85778446341556</ele><time>2022-09-03T05:09:57Z</time></trkpt><trkpt lat="22.26093509695845" lon="113.97673717723134"><ele>387.7691791560391</ele><time>2022-09-03T05:09:59Z</time></trkpt><trkpt lat="22.260950122806594" lon="113.97674830978804"><ele>387.30031279005675</ele><time>2022-09-03T05:10:01Z</time></trkpt><trkpt lat="22.260962106436807" lon="113.97676775502941"><ele>387.0188512297755</ele><time>2022-09-03T05:10:04Z</time></trkpt><trkpt lat="22.260974304952637" lon="113.97678852865403"><ele>388.47420863482273</ele><time>2022-09-03T05:10:06Z</time></trkpt><trkpt lat="22.260976497947055" lon="113.97680966802551"><ele>388.5049693940697</ele><time>2022-09-03T05:10:09Z</time></trkpt><trkpt lat="22.260974814688343" lon="113.97684049066048"><ele>388.0463842627799</ele><time>2022-09-03T05:10:12Z</time></trkpt><trkpt lat="22.260970842882504" lon="113.97686532125124"><ele>388.0257253992213</ele><time>2022-09-03T05:10:15Z</time></trkpt><trkpt lat="22.260973612729725" lon="113.97688513481144"><ele>387.6677682060215</ele><time>2022-09-03T05:10:18Z</time></trkpt><trkpt lat="22.260971589078075" lon="113.9769074474928"><ele>387.32262787135915</ele><time>2022-09-03T05:10:21Z</time></trkpt><trkpt lat="22.260973457653435" lon="113.97693584560236"><ele>387.2319117010144</ele><time>2022-09-03T05:10:25Z</time></trkpt><trkpt lat="22.260976702166477" lon="113.97695618902925"><ele>387.1772153824843</ele><time>2022-09-03T05:10:27Z</time></trkpt><trkpt lat="22.260980812492104" lon="113.97698101188678"><ele>387.11603033823394</ele><time>2022-09-03T05:10:29Z</time></trkpt><trkpt lat="22.26098468671086" lon="113.97700666912891"><ele>387.0797182111494</ele><time>2022-09-03T05:10:31Z</time></trkpt><trkpt lat="22.260994746861037" lon="113.97702913152408"><ele>386.85243673228644</ele><time>2022-09-03T05:10:33Z</time></trkpt><trkpt lat="22.261005588037776" lon="113.9770494274358"><ele>386.4265933338662</ele><time>2022-09-03T05:10:35Z</time></trkpt><trkpt lat="22.261013966158465" lon="113.97706811941502"><ele>385.7821149676818</ele><time>2022-09-03T05:10:38Z</time></trkpt><trkpt lat="22.261012249183043" lon="113.97709327928193"><ele>385.5629325012518</ele><time>2022-09-03T05:10:41Z</time></trkpt><trkpt lat="22.26100673409741" lon="113.97712114419198"><ele>385.1036293476185</ele><time>2022-09-03T05:10:44Z</time></trkpt><trkpt lat="22.261000334525573" lon="113.97714095522923"><ele>384.5294018517735</ele><time>2022-09-03T05:10:48Z</time></trkpt><trkpt lat="22.26100106940556" lon="113.97716378152143"><ele>384.3029218958216</ele><time>2022-09-03T05:10:51Z</time></trkpt><trkpt lat="22.261010622864173" lon="113.97719287610543"><ele>384.40593915892555</ele><time>2022-09-03T05:10:54Z</time></trkpt><trkpt lat="22.26101445392803" lon="113.97721325854253"><ele>383.7980092189164</ele><time>2022-09-03T05:10:56Z</time></trkpt><trkpt lat="22.261021175827036" lon="113.9772343724532"><ele>383.53349268992866</ele><time>2022-09-03T05:10:58Z</time></trkpt><trkpt lat="22.261034884286865" lon="113.97725550460689"><ele>383.2133469327082</ele><time>2022-09-03T05:11:00Z</time></trkpt><trkpt lat="22.26104664064643" lon="113.97728135133838"><ele>382.2204668107259</ele><time>2022-09-03T05:11:03Z</time></trkpt><trkpt lat="22.261061226320837" lon="113.9773017848984"><ele>381.3503541283602</ele><time>2022-09-03T05:11:06Z</time></trkpt><trkpt lat="22.261074153669313" lon="113.9773203370561"><ele>379.7627426595484</ele><time>2022-09-03T05:11:10Z</time></trkpt><trkpt lat="22.261087472299952" lon="113.97733448541152"><ele>378.71202474641507</ele><time>2022-09-03T05:11:13Z</time></trkpt><trkpt lat="22.26109976488189" lon="113.97734959830034"><ele>378.2311795313656</ele><time>2022-09-03T05:11:17Z</time></trkpt><trkpt lat="22.26107720943649" lon="113.97737490002217"><ele>377.6918467675102</ele><time>2022-09-03T05:12:18Z</time></trkpt><trkpt lat="22.261092358231306" lon="113.97738626025186"><ele>376.70685971438627</ele><time>2022-09-03T05:12:28Z</time></trkpt><trkpt lat="22.261110317562235" lon="113.9773948021659"><ele>376.45700016810383</ele><time>2022-09-03T05:12:30Z</time></trkpt><trkpt lat="22.261131454241173" lon="113.9774011081122"><ele>376.2426518346895</ele><time>2022-09-03T05:12:33Z</time></trkpt><trkpt lat="22.261147817404016" lon="113.97741824457744"><ele>375.8473463861489</ele><time>2022-09-03T05:12:36Z</time></trkpt><trkpt lat="22.26116121624352" lon="113.97743664273617"><ele>375.6792171539391</ele><time>2022-09-03T05:12:39Z</time></trkpt><trkpt lat="22.261180416481395" lon="113.9774548472677"><ele>375.9807544873915</ele><time>2022-09-03T05:12:42Z</time></trkpt><trkpt lat="22.261188279877494" lon="113.97747547827724"><ele>375.77293909817655</ele><time>2022-09-03T05:12:46Z</time></trkpt><trkpt lat="22.26118923235812" lon="113.97750114431231"><ele>375.41646448160867</ele><time>2022-09-03T05:12:50Z</time></trkpt><trkpt lat="22.26118728838793" lon="113.97752061709814"><ele>375.5041817179493</ele><time>2022-09-03T05:12:52Z</time></trkpt><trkpt lat="22.261182223775105" lon="113.97754472262456"><ele>375.4090478873119</ele><time>2022-09-03T05:12:54Z</time></trkpt><trkpt lat="22.261173901784712" lon="113.97757005273318"><ele>375.7424019262798</ele><time>2022-09-03T05:12:57Z</time></trkpt><trkpt lat="22.2611632892305" lon="113.97759252914406"><ele>375.823863943246</ele><time>2022-09-03T05:13:00Z</time></trkpt><trkpt lat="22.261156979950993" lon="113.97761248999686"><ele>375.84006315938143</ele><time>2022-09-03T05:13:02Z</time></trkpt><trkpt lat="22.261147790518628" lon="113.9776300922189"><ele>375.33204565132735</ele><time>2022-09-03T05:13:05Z</time></trkpt><trkpt lat="22.261135613034266" lon="113.97764780148589"><ele>374.09766340044996</ele><time>2022-09-03T05:13:08Z</time></trkpt><trkpt lat="22.261116056882535" lon="113.9776635215725"><ele>373.12024111480713</ele><time>2022-09-03T05:13:11Z</time></trkpt><trkpt lat="22.261100291434644" lon="113.9776799593836"><ele>373.03350053387874</ele><time>2022-09-03T05:13:14Z</time></trkpt><trkpt lat="22.261088379535465" lon="113.97769841459805"><ele>373.14790525398337</ele><time>2022-09-03T05:13:17Z</time></trkpt><trkpt lat="22.261071625551843" lon="113.97771125209378"><ele>373.3210183493177</ele><time>2022-09-03T05:13:19Z</time></trkpt><trkpt lat="22.26105271908445" lon="113.97772170352306"><ele>373.567129623064</ele><time>2022-09-03T05:13:22Z</time></trkpt><trkpt lat="22.261031930592914" lon="113.97772919161565"><ele>373.21766812581535</ele><time>2022-09-03T05:13:25Z</time></trkpt><trkpt lat="22.26100905205194" lon="113.97773951587777"><ele>372.78690298550526</ele><time>2022-09-03T05:13:28Z</time></trkpt><trkpt lat="22.260990123643378" lon="113.97774736177297"><ele>372.30216118189963</ele><time>2022-09-03T05:13:31Z</time></trkpt><trkpt lat="22.260966652287348" lon="113.97775191609698"><ele>371.75423730222417</ele><time>2022-09-03T05:13:34Z</time></trkpt><trkpt lat="22.260941459722513" lon="113.97775324002747"><ele>370.83136081961425</ele><time>2022-09-03T05:13:37Z</time></trkpt><trkpt lat="22.260919802018496" lon="113.9777546265326"><ele>369.6700904605385</ele><time>2022-09-03T05:13:40Z</time></trkpt><trkpt lat="22.26089503315082" lon="113.97776309726694"><ele>369.03061150444</ele><time>2022-09-03T05:13:44Z</time></trkpt><trkpt lat="22.26087408355159" lon="113.97776476288688"><ele>368.7500864744915</ele><time>2022-09-03T05:13:46Z</time></trkpt><trkpt lat="22.260854038138795" lon="113.97776947440282"><ele>368.49538797678434</ele><time>2022-09-03T05:13:48Z</time></trkpt><trkpt lat="22.260832384300155" lon="113.97777925639274"><ele>368.1906911423803</ele><time>2022-09-03T05:13:50Z</time></trkpt><trkpt lat="22.260815768045788" lon="113.97779034185493"><ele>367.7156491590483</ele><time>2022-09-03T05:13:52Z</time></trkpt><trkpt lat="22.260798212540557" lon="113.97779845329082"><ele>367.34393900787245</ele><time>2022-09-03T05:13:54Z</time></trkpt><trkpt lat="22.260774840759268" lon="113.9778086740543"><ele>366.19941483208515</ele><time>2022-09-03T05:13:57Z</time></trkpt><trkpt lat="22.260757874805282" lon="113.97782354584268"><ele>365.7155604599427</ele><time>2022-09-03T05:14:00Z</time></trkpt><trkpt lat="22.260753697317977" lon="113.9778429285666"><ele>365.3025513957215</ele><time>2022-09-03T05:14:02Z</time></trkpt><trkpt lat="22.260747658407695" lon="113.97787030682126"><ele>365.0209012095751</ele><time>2022-09-03T05:14:05Z</time></trkpt><trkpt lat="22.26074219790382" lon="113.97789509436089"><ele>364.64495302325946</ele><time>2022-09-03T05:14:08Z</time></trkpt><trkpt lat="22.260741087040085" lon="113.97791813599738"><ele>364.1899401536884</ele><time>2022-09-03T05:14:10Z</time></trkpt><trkpt lat="22.260752588654473" lon="113.97795492541164"><ele>363.0608108803683</ele><time>2022-09-03T05:14:13Z</time></trkpt><trkpt lat="22.260750094528596" lon="113.97797592589355"><ele>362.5945602871224</ele><time>2022-09-03T05:14:16Z</time></trkpt><trkpt lat="22.26075008442816" lon="113.97799973917115"><ele>362.37810684769295</ele><time>2022-09-03T05:14:19Z</time></trkpt><trkpt lat="22.26075001216346" lon="113.97802051999746"><ele>362.0089880245467</ele><time>2022-09-03T05:14:22Z</time></trkpt><trkpt lat="22.260725141750548" lon="113.97802950426765"><ele>361.5345765163191</ele><time>2022-09-03T05:14:25Z</time></trkpt><trkpt lat="22.26069774028715" lon="113.97803563169515"><ele>361.0128081107148</ele><time>2022-09-03T05:14:28Z</time></trkpt><trkpt lat="22.260672513768263" lon="113.97805407596772"><ele>361.52468536368184</ele><time>2022-09-03T05:14:29Z</time></trkpt><trkpt lat="22.260658206815712" lon="113.97806980864242"><ele>361.4396166829464</ele><time>2022-09-03T05:14:30Z</time></trkpt><trkpt lat="22.260645295209923" lon="113.97809158996346"><ele>361.564755737949</ele><time>2022-09-03T05:14:32Z</time></trkpt><trkpt lat="22.26063106659739" lon="113.97810937472977"><ele>360.6603597471868</ele><time>2022-09-03T05:14:35Z</time></trkpt><trkpt lat="22.260638491129367" lon="113.97813790318556"><ele>358.6309810821213</ele><time>2022-09-03T05:14:39Z</time></trkpt><trkpt lat="22.260620688820577" lon="113.97815227267297"><ele>356.0357938916787</ele><time>2022-09-03T05:14:42Z</time></trkpt><trkpt lat="22.26062592638061" lon="113.97817684871578"><ele>354.521282472854</ele><time>2022-09-03T05:14:45Z</time></trkpt><trkpt lat="22.260635549377525" lon="113.9781974843145"><ele>355.1194862720785</ele><time>2022-09-03T05:14:48Z</time></trkpt><trkpt lat="22.260642239649872" lon="113.97821986278157"><ele>354.54962081646715</ele><time>2022-09-03T05:14:50Z</time></trkpt><trkpt lat="22.260638897934655" lon="113.97824364279693"><ele>354.74333651213163</ele><time>2022-09-03T05:14:53Z</time></trkpt><trkpt lat="22.26062813502367" lon="113.97826294607844"><ele>354.67534969149676</ele><time>2022-09-03T05:14:55Z</time></trkpt><trkpt lat="22.260610588340075" lon="113.97827057599402"><ele>354.76559104309786</ele><time>2022-09-03T05:14:58Z</time></trkpt><trkpt lat="22.26059671785633" lon="113.97828669066482"><ele>354.9867879667887</ele><time>2022-09-03T05:15:02Z</time></trkpt><trkpt lat="22.260582293122482" lon="113.97829907403454"><ele>354.86357389600306</ele><time>2022-09-03T05:15:05Z</time></trkpt><trkpt lat="22.260566533556517" lon="113.97831860244307"><ele>354.4747806813148</ele><time>2022-09-03T05:15:08Z</time></trkpt><trkpt lat="22.26054512329536" lon="113.97833446784244"><ele>353.8491571759897</ele><time>2022-09-03T05:15:11Z</time></trkpt><trkpt lat="22.260527767441744" lon="113.97833989105955"><ele>353.43650024555905</ele><time>2022-09-03T05:15:14Z</time></trkpt><trkpt lat="22.260520219705665" lon="113.97836447661689"><ele>352.43347650580097</ele><time>2022-09-03T05:16:10Z</time></trkpt><trkpt lat="22.260507937033882" lon="113.9783967125367"><ele>350.5203014586373</ele><time>2022-09-03T05:16:13Z</time></trkpt><trkpt lat="22.260494841803364" lon="113.97841803164285"><ele>348.75669711890407</ele><time>2022-09-03T05:16:19Z</time></trkpt><trkpt lat="22.260494762668305" lon="113.97844024847042"><ele>348.63382726593966</ele><time>2022-09-03T05:16:21Z</time></trkpt><trkpt lat="22.260491202077333" lon="113.9784647622194"><ele>348.46587953525284</ele><time>2022-09-03T05:16:24Z</time></trkpt><trkpt lat="22.260486349386213" lon="113.97849073609659"><ele>348.1176732628574</ele><time>2022-09-03T05:16:26Z</time></trkpt><trkpt lat="22.26047974543284" lon="113.97851103099526"><ele>348.02023283818363</ele><time>2022-09-03T05:16:28Z</time></trkpt><trkpt lat="22.260474174505095" lon="113.97853029850278"><ele>347.91916125562136</ele><time>2022-09-03T05:16:31Z</time></trkpt><trkpt lat="22.260478523788485" lon="113.97855152602898"><ele>347.4841683138945</ele><time>2022-09-03T05:16:34Z</time></trkpt><trkpt lat="22.26048997257442" lon="113.9785675845328"><ele>347.3236572143282</ele><time>2022-09-03T05:16:37Z</time></trkpt><trkpt lat="22.260499747501477" lon="113.97858617540338"><ele>346.8597976675595</ele><time>2022-09-03T05:16:40Z</time></trkpt><trkpt lat="22.26049795027031" lon="113.97860971433418"><ele>346.5700432201324</ele><time>2022-09-03T05:16:44Z</time></trkpt><trkpt lat="22.260495673616035" lon="113.9786335882243"><ele>345.81073385252944</ele><time>2022-09-03T05:16:47Z</time></trkpt><trkpt lat="22.26049736566954" lon="113.97865405790874"><ele>345.3251762624252</ele><time>2022-09-03T05:16:50Z</time></trkpt><trkpt lat="22.260501859278374" lon="113.97867449516751"><ele>345.21928829664114</ele><time>2022-09-03T05:16:53Z</time></trkpt><trkpt lat="22.260504775659232" lon="113.97869779487017"><ele>344.6788438435248</ele><time>2022-09-03T05:16:56Z</time></trkpt><trkpt lat="22.260511601730258" lon="113.97871895823828"><ele>343.8583436111563</ele><time>2022-09-03T05:16:59Z</time></trkpt><trkpt lat="22.26051209374059" lon="113.97873903068535"><ele>343.6701431399454</ele><time>2022-09-03T05:17:02Z</time></trkpt><trkpt lat="22.260512081975694" lon="113.97876669407711"><ele>343.42050668048313</ele><time>2022-09-03T05:17:04Z</time></trkpt><trkpt lat="22.260515975744674" lon="113.97879090861201"><ele>343.07643644682884</ele><time>2022-09-03T05:17:06Z</time></trkpt><trkpt lat="22.260508483424733" lon="113.97881538844551"><ele>343.16516079772225</ele><time>2022-09-03T05:17:09Z</time></trkpt><trkpt lat="22.260486948328005" lon="113.97882242609738"><ele>342.87252215554946</ele><time>2022-09-03T05:17:12Z</time></trkpt><trkpt lat="22.260466602092556" lon="113.97882933139752"><ele>342.97710517316733</ele><time>2022-09-03T05:17:15Z</time></trkpt><trkpt lat="22.26044685567759" lon="113.97884069736733"><ele>342.977283239479</ele><time>2022-09-03T05:17:18Z</time></trkpt><trkpt lat="22.26042968581694" lon="113.97885136860859"><ele>342.46208624509865</ele><time>2022-09-03T05:17:23Z</time></trkpt><trkpt lat="22.2604044665754" lon="113.97886795975482"><ele>341.821932887877</ele><time>2022-09-03T05:17:27Z</time></trkpt><trkpt lat="22.260387919612587" lon="113.97887813384664"><ele>341.24159323521866</ele><time>2022-09-03T05:17:29Z</time></trkpt><trkpt lat="22.26036830992708" lon="113.97888959214501"><ele>340.645845580936</ele><time>2022-09-03T05:17:35Z</time></trkpt><trkpt lat="22.26035651366805" lon="113.97890700636637"><ele>340.1445683178523</ele><time>2022-09-03T05:17:37Z</time></trkpt><trkpt lat="22.26034602949069" lon="113.97892726947273"><ele>339.45983610218985</ele><time>2022-09-03T05:17:40Z</time></trkpt><trkpt lat="22.260337692060574" lon="113.97895224610751"><ele>337.74935326596216</ele><time>2022-09-03T05:17:44Z</time></trkpt><trkpt lat="22.260328919805065" lon="113.97897227636717"><ele>336.93863608148456</ele><time>2022-09-03T05:17:47Z</time></trkpt><trkpt lat="22.260315998969205" lon="113.97898716564733"><ele>335.63693863745937</ele><time>2022-09-03T05:17:51Z</time></trkpt><trkpt lat="22.260302024942874" lon="113.97900522546054"><ele>334.6594132595992</ele><time>2022-09-03T05:17:54Z</time></trkpt><trkpt lat="22.26028862406897" lon="113.9790213029095"><ele>334.0896600389417</ele><time>2022-09-03T05:17:57Z</time></trkpt><trkpt lat="22.260273905875167" lon="113.9790341295628"><ele>333.82512047730256</ele><time>2022-09-03T05:17:59Z</time></trkpt><trkpt lat="22.260260338056302" lon="113.97905261821819"><ele>333.6548896109291</ele><time>2022-09-03T05:18:01Z</time></trkpt><trkpt lat="22.260247390782368" lon="113.97907187434105"><ele>333.40908957754516</ele><time>2022-09-03T05:18:04Z</time></trkpt><trkpt lat="22.260237015878726" lon="113.97908828378935"><ele>332.69367840153245</ele><time>2022-09-03T05:18:07Z</time></trkpt><trkpt lat="22.260214732563863" lon="113.97910452492535"><ele>331.38389222963167</ele><time>2022-09-03T05:18:10Z</time></trkpt><trkpt lat="22.26018837183084" lon="113.97911020937046"><ele>330.4116975723101</ele><time>2022-09-03T05:18:13Z</time></trkpt><trkpt lat="22.26016979932769" lon="113.97911874145447"><ele>330.26742640506126</ele><time>2022-09-03T05:18:15Z</time></trkpt><trkpt lat="22.260150648101703" lon="113.97912530500557"><ele>330.2414444471517</ele><time>2022-09-03T05:18:17Z</time></trkpt><trkpt lat="22.26013380805843" lon="113.97913328603015"><ele>329.85399489542607</ele><time>2022-09-03T05:18:20Z</time></trkpt><trkpt lat="22.260121429444396" lon="113.97915083768525"><ele>329.0776951842868</ele><time>2022-09-03T05:18:23Z</time></trkpt><trkpt lat="22.260111475621237" lon="113.97916949298094"><ele>327.36637117823676</ele><time>2022-09-03T05:18:27Z</time></trkpt><trkpt lat="22.260100673802377" lon="113.97918581987884"><ele>327.019452000578</ele><time>2022-09-03T05:18:30Z</time></trkpt><trkpt lat="22.26008634703049" lon="113.97920495231448"><ele>325.95302257540834</ele><time>2022-09-03T05:18:34Z</time></trkpt><trkpt lat="22.260071279674364" lon="113.97922673691328"><ele>325.4113675766725</ele><time>2022-09-03T05:18:37Z</time></trkpt><trkpt lat="22.26005422976044" lon="113.97924111059152"><ele>324.44245973335353</ele><time>2022-09-03T05:18:40Z</time></trkpt><trkpt lat="22.2600593897024" lon="113.97926636049482"><ele>323.4930165524001</ele><time>2022-09-03T05:18:43Z</time></trkpt><trkpt lat="22.260036570947282" lon="113.979292719826"><ele>321.5952566526522</ele><time>2022-09-03T05:18:47Z</time></trkpt><trkpt lat="22.26002856027085" lon="113.97932797404903"><ele>319.3865913156945</ele><time>2022-09-03T05:18:48Z</time></trkpt><trkpt lat="22.26001831494005" lon="113.97934917533324"><ele>319.0683707507612</ele><time>2022-09-03T05:18:51Z</time></trkpt><trkpt lat="22.26001816634104" lon="113.97937008713826"><ele>319.0023956012666</ele><time>2022-09-03T05:18:57Z</time></trkpt><trkpt lat="22.259996236412675" lon="113.97936349167455"><ele>319.3909337487237</ele><time>2022-09-03T05:22:32Z</time></trkpt><trkpt lat="22.25998789309038" lon="113.9793854601015"><ele>320.10644283283153</ele><time>2022-09-03T05:22:37Z</time></trkpt><trkpt lat="22.259974235299527" lon="113.97940588871555"><ele>320.53420471241344</ele><time>2022-09-03T05:22:39Z</time></trkpt><trkpt lat="22.259964363570766" lon="113.97942849746295"><ele>320.4337177997314</ele><time>2022-09-03T05:22:42Z</time></trkpt><trkpt lat="22.259947629921232" lon="113.97944974707134"><ele>319.8905287713534</ele><time>2022-09-03T05:22:45Z</time></trkpt><trkpt lat="22.2599326334406" lon="113.97947072669302"><ele>319.0827092083309</ele><time>2022-09-03T05:22:48Z</time></trkpt><trkpt lat="22.259927147215112" lon="113.97949148508125"><ele>318.2155777052731</ele><time>2022-09-03T05:22:51Z</time></trkpt><trkpt lat="22.259927529376633" lon="113.97951195359379"><ele>317.3246541092625</ele><time>2022-09-03T05:22:53Z</time></trkpt><trkpt lat="22.259933150744544" lon="113.97953625916489"><ele>316.458346592316</ele><time>2022-09-03T05:22:56Z</time></trkpt><trkpt lat="22.259931695423173" lon="113.9795580086037"><ele>315.3941058292643</ele><time>2022-09-03T05:22:59Z</time></trkpt><trkpt lat="22.25992228143521" lon="113.97957864410952"><ele>314.92986542768557</ele><time>2022-09-03T05:23:02Z</time></trkpt><trkpt lat="22.259911907158724" lon="113.97959998146317"><ele>315.10666578684516</ele><time>2022-09-03T05:23:05Z</time></trkpt><trkpt lat="22.25989933852039" lon="113.9796168978022"><ele>314.9867863129431</ele><time>2022-09-03T05:23:09Z</time></trkpt><trkpt lat="22.259886831910514" lon="113.97963633452795"><ele>314.7103520034371</ele><time>2022-09-03T05:23:12Z</time></trkpt><trkpt lat="22.259870052310823" lon="113.97965138565587"><ele>314.58212344361505</ele><time>2022-09-03T05:23:14Z</time></trkpt><trkpt lat="22.259851708627107" lon="113.97966034804493"><ele>314.24739288524114</ele><time>2022-09-03T05:23:16Z</time></trkpt><trkpt lat="22.259836341449972" lon="113.97967051186653"><ele>313.6967558822302</ele><time>2022-09-03T05:23:18Z</time></trkpt><trkpt lat="22.25981826580426" lon="113.97967990391518"><ele>310.16133041029616</ele><time>2022-09-03T05:23:22Z</time></trkpt><trkpt lat="22.25980254350341" lon="113.97969844022063"><ele>310.14025190005367</ele><time>2022-09-03T05:23:26Z</time></trkpt><trkpt lat="22.25978925192654" lon="113.97971660151136"><ele>310.09027000545063</ele><time>2022-09-03T05:23:29Z</time></trkpt><trkpt lat="22.25977306296798" lon="113.97973232940164"><ele>309.9104028680198</ele><time>2022-09-03T05:23:32Z</time></trkpt><trkpt lat="22.25975236987205" lon="113.97974448372604"><ele>309.8161194529344</ele><time>2022-09-03T05:23:35Z</time></trkpt><trkpt lat="22.259737169720182" lon="113.97975504506589"><ele>309.4618476236945</ele><time>2022-09-03T05:23:38Z</time></trkpt><trkpt lat="22.259736604475265" lon="113.97977762142321"><ele>308.2461004997593</ele><time>2022-09-03T05:23:42Z</time></trkpt><trkpt lat="22.25974167905486" lon="113.97980428632616"><ele>307.32603245206224</ele><time>2022-09-03T05:23:45Z</time></trkpt><trkpt lat="22.259730429108412" lon="113.97982605549915"><ele>306.3943118355997</ele><time>2022-09-03T05:23:48Z</time></trkpt><trkpt lat="22.259713839241574" lon="113.97984142282752"><ele>305.80871149164835</ele><time>2022-09-03T05:23:51Z</time></trkpt><trkpt lat="22.259692720673595" lon="113.97984459804877"><ele>305.1834487516958</ele><time>2022-09-03T05:23:54Z</time></trkpt><trkpt lat="22.259660820839414" lon="113.97984369205767"><ele>302.8629577710935</ele><time>2022-09-03T05:23:57Z</time></trkpt><trkpt lat="22.259640373658417" lon="113.97984086213103"><ele>302.83034185202007</ele><time>2022-09-03T05:24:01Z</time></trkpt><trkpt lat="22.25962172237848" lon="113.97984417299898"><ele>300.1194623638161</ele><time>2022-09-03T05:24:04Z</time></trkpt><trkpt lat="22.259599204009096" lon="113.97985216868896"><ele>295.29682230454637</ele><time>2022-09-03T05:24:08Z</time></trkpt><trkpt lat="22.259577745960215" lon="113.97984483951355"><ele>294.3584354126377</ele><time>2022-09-03T05:24:11Z</time></trkpt><trkpt lat="22.25956155659082" lon="113.97983154091696"><ele>294.19035667073945</ele><time>2022-09-03T05:24:15Z</time></trkpt><trkpt lat="22.25954102872223" lon="113.97981475305588"><ele>292.8369496136883</ele><time>2022-09-03T05:24:17Z</time></trkpt><trkpt lat="22.259518277812944" lon="113.9798012462186"><ele>293.9158412186454</ele><time>2022-09-03T05:24:18Z</time></trkpt><trkpt lat="22.259497254952915" lon="113.97978755908586"><ele>294.0855240072187</ele><time>2022-09-03T05:24:20Z</time></trkpt><trkpt lat="22.25948123294234" lon="113.97977192801554"><ele>294.6027512298082</ele><time>2022-09-03T05:24:22Z</time></trkpt><trkpt lat="22.25947174278222" lon="113.9797522075409"><ele>294.3633923426371</ele><time>2022-09-03T05:24:25Z</time></trkpt><trkpt lat="22.259469002060698" lon="113.97972544986122"><ele>293.75672270823236</ele><time>2022-09-03T05:24:28Z</time></trkpt><trkpt lat="22.259465025447106" lon="113.97968345172438"><ele>292.2145665231414</ele><time>2022-09-03T05:24:29Z</time></trkpt><trkpt lat="22.259460610745563" lon="113.97965527169139"><ele>291.6331054199181</ele><time>2022-09-03T05:24:30Z</time></trkpt><trkpt lat="22.259451745764423" lon="113.97963574396081"><ele>291.3377629593095</ele><time>2022-09-03T05:24:33Z</time></trkpt><trkpt lat="22.259437560429337" lon="113.97964943877227"><ele>291.27930786436394</ele><time>2022-09-03T05:24:36Z</time></trkpt><trkpt lat="22.259423029840583" lon="113.9796704130663"><ele>291.1429617739271</ele><time>2022-09-03T05:24:39Z</time></trkpt><trkpt lat="22.259406353729467" lon="113.97968683853468"><ele>291.2340568700654</ele><time>2022-09-03T05:24:43Z</time></trkpt><trkpt lat="22.259395270155224" lon="113.97970539324024"><ele>291.01750787733283</ele><time>2022-09-03T05:24:46Z</time></trkpt><trkpt lat="22.259385144047922" lon="113.97972217423306"><ele>290.76228662035584</ele><time>2022-09-03T05:24:49Z</time></trkpt><trkpt lat="22.259370336584084" lon="113.979733971006"><ele>290.5837122336679</ele><time>2022-09-03T05:24:52Z</time></trkpt><trkpt lat="22.259347407103593" lon="113.97974318738183"><ele>289.95913522190176</ele><time>2022-09-03T05:24:55Z</time></trkpt><trkpt lat="22.25933254906346" lon="113.97975859002474"><ele>289.8019819387143</ele><time>2022-09-03T05:24:58Z</time></trkpt><trkpt lat="22.25931633220672" lon="113.9797726558123"><ele>289.34770896875324</ele><time>2022-09-03T05:25:00Z</time></trkpt><trkpt lat="22.25929133869552" lon="113.97978883032515"><ele>287.01425867596004</ele><time>2022-09-03T05:25:02Z</time></trkpt><trkpt lat="22.259272949970764" lon="113.97980531861973"><ele>287.11383845844773</ele><time>2022-09-03T05:25:05Z</time></trkpt><trkpt lat="22.259254558735414" lon="113.97981934753597"><ele>287.1921175342627</ele><time>2022-09-03T05:25:09Z</time></trkpt><trkpt lat="22.25923286520153" lon="113.9798243711874"><ele>287.478846027714</ele><time>2022-09-03T05:25:13Z</time></trkpt><trkpt lat="22.259213787948394" lon="113.97982650024557"><ele>287.01029385007945</ele><time>2022-09-03T05:25:17Z</time></trkpt><trkpt lat="22.259195368095526" lon="113.9798340672603"><ele>286.57483933364773</ele><time>2022-09-03T05:25:21Z</time></trkpt><trkpt lat="22.25917832859598" lon="113.9798427398135"><ele>286.4890038860796</ele><time>2022-09-03T05:25:24Z</time></trkpt><trkpt lat="22.25915999971804" lon="113.97984562132794"><ele>286.1215571667917</ele><time>2022-09-03T05:25:26Z</time></trkpt><trkpt lat="22.25914167862143" lon="113.97984291911182"><ele>285.5976908051228</ele><time>2022-09-03T05:25:28Z</time></trkpt><trkpt lat="22.259118408299912" lon="113.97984571277397"><ele>283.8399584176066</ele><time>2022-09-03T05:25:30Z</time></trkpt><trkpt lat="22.259100806100896" lon="113.979852942366"><ele>283.3551147608327</ele><time>2022-09-03T05:25:34Z</time></trkpt><trkpt lat="22.259074813121064" lon="113.97988341403202"><ele>280.1369549871306</ele><time>2022-09-03T05:25:39Z</time></trkpt><trkpt lat="22.259060245817643" lon="113.97989567896259"><ele>279.88896840864174</ele><time>2022-09-03T05:25:42Z</time></trkpt><trkpt lat="22.259042537444568" lon="113.97990933676576"><ele>279.31654114588827</ele><time>2022-09-03T05:25:55Z</time></trkpt><trkpt lat="22.259025360751508" lon="113.97992432118458"><ele>279.10953907089856</ele><time>2022-09-03T05:25:58Z</time></trkpt><trkpt lat="22.25900342204972" lon="113.97993726517639"><ele>278.42722761843766</ele><time>2022-09-03T05:26:02Z</time></trkpt><trkpt lat="22.258983586952766" lon="113.9799466969982"><ele>277.8938029777469</ele><time>2022-09-03T05:26:06Z</time></trkpt><trkpt lat="22.258971985824743" lon="113.97996538483254"><ele>277.4324254957272</ele><time>2022-09-03T05:26:08Z</time></trkpt><trkpt lat="22.25893842589988" lon="113.98001155096033"><ele>276.95838764859195</ele><time>2022-09-03T05:26:11Z</time></trkpt><trkpt lat="22.258926227200238" lon="113.98003067343399"><ele>277.3816706310946</ele><time>2022-09-03T05:26:15Z</time></trkpt><trkpt lat="22.2589222349555" lon="113.98005520304702"><ele>275.8497998994321</ele><time>2022-09-03T05:26:32Z</time></trkpt><trkpt lat="22.258906907408996" lon="113.98007549904558"><ele>274.1782285567915</ele><time>2022-09-03T05:26:33Z</time></trkpt><trkpt lat="22.258893848464492" lon="113.98010404906341"><ele>272.1981332983481</ele><time>2022-09-03T05:26:38Z</time></trkpt><trkpt lat="22.25888393792217" lon="113.98012751890995"><ele>270.8971047834281</ele><time>2022-09-03T05:26:47Z</time></trkpt><trkpt lat="22.25886810002479" lon="113.98014617092576"><ele>270.005586191858</ele><time>2022-09-03T05:26:50Z</time></trkpt><trkpt lat="22.258854245519583" lon="113.98017441390425"><ele>269.9626438497893</ele><time>2022-09-03T05:26:56Z</time></trkpt><trkpt lat="22.25884956715255" lon="113.9802140192724"><ele>269.23584672302496</ele><time>2022-09-03T05:26:58Z</time></trkpt><trkpt lat="22.258843423529072" lon="113.98024918706416"><ele>266.9406678348245</ele><time>2022-09-03T05:27:00Z</time></trkpt><trkpt lat="22.258843085883125" lon="113.98027216327667"><ele>266.3926953022449</ele><time>2022-09-03T05:27:02Z</time></trkpt><trkpt lat="22.258833231480686" lon="113.98029368958349"><ele>265.44017021521626</ele><time>2022-09-03T05:27:08Z</time></trkpt><trkpt lat="22.258825776824803" lon="113.98031461370202"><ele>264.75171582864</ele><time>2022-09-03T05:27:10Z</time></trkpt><trkpt lat="22.258805427371108" lon="113.98033519987911"><ele>263.0590326877419</ele><time>2022-09-03T05:27:20Z</time></trkpt><trkpt lat="22.258788720756662" lon="113.98035128510024"><ele>263.18624812352044</ele><time>2022-09-03T05:27:23Z</time></trkpt><trkpt lat="22.25877126513285" lon="113.98036380079796"><ele>262.715544947725</ele><time>2022-09-03T05:27:26Z</time></trkpt><trkpt lat="22.25875232346712" lon="113.98037165523012"><ele>262.35738782632865</ele><time>2022-09-03T05:27:29Z</time></trkpt><trkpt lat="22.258738199998973" lon="113.98038694713402"><ele>262.05766533947536</ele><time>2022-09-03T05:27:34Z</time></trkpt><trkpt lat="22.258708853221385" lon="113.98044338906064"><ele>260.2554698846267</ele><time>2022-09-03T05:27:45Z</time></trkpt><trkpt lat="22.258692490727896" lon="113.98045918433611"><ele>260.0133635796225</ele><time>2022-09-03T05:27:50Z</time></trkpt><trkpt lat="22.258674660193964" lon="113.98046652524384"><ele>259.8786274084034</ele><time>2022-09-03T05:27:52Z</time></trkpt><trkpt lat="22.258659516437394" lon="113.98047722662861"><ele>259.6783436195548</ele><time>2022-09-03T05:27:54Z</time></trkpt><trkpt lat="22.258634483880684" lon="113.98048033174193"><ele>260.52178320300277</ele><time>2022-09-03T05:27:55Z</time></trkpt><trkpt lat="22.258615627943897" lon="113.98049191579705"><ele>260.6217495022744</ele><time>2022-09-03T05:27:58Z</time></trkpt><trkpt lat="22.25859877123267" lon="113.98050554748947"><ele>260.4080885943202</ele><time>2022-09-03T05:28:01Z</time></trkpt><trkpt lat="22.2585830857154" lon="113.98052125853098"><ele>260.09767842155185</ele><time>2022-09-03T05:28:04Z</time></trkpt><trkpt lat="22.258562942750018" lon="113.98053160994066"><ele>259.6577267924429</ele><time>2022-09-03T05:28:08Z</time></trkpt><trkpt lat="22.258540066555938" lon="113.98053833649966"><ele>258.4518175880127</ele><time>2022-09-03T05:28:09Z</time></trkpt><trkpt lat="22.258521275866343" lon="113.98054272782794"><ele>258.6402587125312</ele><time>2022-09-03T05:28:12Z</time></trkpt><trkpt lat="22.25850874606718" lon="113.98056376636117"><ele>258.28246650258836</ele><time>2022-09-03T05:28:16Z</time></trkpt><trkpt lat="22.25850440274427" lon="113.98058559759892"><ele>255.60424099600388</ele><time>2022-09-03T05:28:20Z</time></trkpt><trkpt lat="22.258487511364507" lon="113.98060242525474"><ele>255.01010208085594</ele><time>2022-09-03T05:28:24Z</time></trkpt><trkpt lat="22.25847393020001" lon="113.9806191950026"><ele>254.62532533735285</ele><time>2022-09-03T05:28:27Z</time></trkpt><trkpt lat="22.258463773690682" lon="113.98064005619668"><ele>253.86017191666582</ele><time>2022-09-03T05:28:31Z</time></trkpt><trkpt lat="22.258447124215262" lon="113.98065612276542"><ele>252.86161130251065</ele><time>2022-09-03T05:28:37Z</time></trkpt><trkpt lat="22.258419607069325" lon="113.98070969361062"><ele>249.81078486488127</ele><time>2022-09-03T05:28:39Z</time></trkpt><trkpt lat="22.25841105436764" lon="113.98073536636602"><ele>248.86518569847897</ele><time>2022-09-03T05:28:40Z</time></trkpt><trkpt lat="22.25839290552214" lon="113.9807453267995"><ele>248.35517587336363</ele><time>2022-09-03T05:28:44Z</time></trkpt><trkpt lat="22.25836994035724" lon="113.9807447730415"><ele>248.0696211433309</ele><time>2022-09-03T05:29:04Z</time></trkpt><trkpt lat="22.25834686575208" lon="113.98074919617221"><ele>247.57321568148816</ele><time>2022-09-03T05:29:07Z</time></trkpt><trkpt lat="22.258322495839483" lon="113.98074192133978"><ele>245.90715356158933</ele><time>2022-09-03T05:29:08Z</time></trkpt><trkpt lat="22.25830146764817" lon="113.98074266145427"><ele>245.03874642310086</ele><time>2022-09-03T05:29:13Z</time></trkpt><trkpt lat="22.258286501484356" lon="113.9807561027559"><ele>243.4205892921693</ele><time>2022-09-03T05:29:15Z</time></trkpt><trkpt lat="22.25826491426659" lon="113.98075938378473"><ele>243.1246674758255</ele><time>2022-09-03T05:29:19Z</time></trkpt><trkpt lat="22.25824917782756" lon="113.98077148324455"><ele>242.98337843842438</ele><time>2022-09-03T05:29:22Z</time></trkpt><trkpt lat="22.258238638062675" lon="113.98078932787436"><ele>243.3212766848624</ele><time>2022-09-03T05:29:23Z</time></trkpt><trkpt lat="22.258220038859704" lon="113.98080112563376"><ele>243.05346141037955</ele><time>2022-09-03T05:29:27Z</time></trkpt><trkpt lat="22.25820230515507" lon="113.98080695436424"><ele>242.37820524829863</ele><time>2022-09-03T05:29:30Z</time></trkpt><trkpt lat="22.258178063809797" lon="113.98082806324375"><ele>244.04060451195437</ele><time>2022-09-03T05:29:37Z</time></trkpt><trkpt lat="22.25815856360277" lon="113.98083240658147"><ele>244.27895817575038</ele><time>2022-09-03T05:29:38Z</time></trkpt><trkpt lat="22.258134722966908" lon="113.98085675792909"><ele>243.22966493681895</ele><time>2022-09-03T05:29:43Z</time></trkpt><trkpt lat="22.258120121700202" lon="113.98086899156063"><ele>241.38417381788247</ele><time>2022-09-03T05:29:56Z</time></trkpt><trkpt lat="22.25806251378356" lon="113.98088773268323"><ele>240.52682645163918</ele><time>2022-09-03T05:29:58Z</time></trkpt><trkpt lat="22.258042192252464" lon="113.98089133503717"><ele>240.20873961913904</ele><time>2022-09-03T05:30:02Z</time></trkpt><trkpt lat="22.2580246060034" lon="113.98089674165873"><ele>239.6612125432839</ele><time>2022-09-03T05:30:06Z</time></trkpt><trkpt lat="22.25800953426395" lon="113.98091483722902"><ele>239.4031759703907</ele><time>2022-09-03T05:30:08Z</time></trkpt><trkpt lat="22.257995815601692" lon="113.98093273288515"><ele>239.1994749015209</ele><time>2022-09-03T05:30:09Z</time></trkpt><trkpt lat="22.257993375248514" lon="113.980952880694"><ele>237.02816914487622</ele><time>2022-09-03T05:30:10Z</time></trkpt><trkpt lat="22.25797523801522" lon="113.98095987318383"><ele>236.63762005980254</ele><time>2022-09-03T05:30:13Z</time></trkpt><trkpt lat="22.25795294128795" lon="113.98096262042532"><ele>236.34577782255738</ele><time>2022-09-03T05:30:16Z</time></trkpt><trkpt lat="22.25792421449225" lon="113.98096646196241"><ele>236.0809737445955</ele><time>2022-09-03T05:30:19Z</time></trkpt><trkpt lat="22.257900784090015" lon="113.98096761963242"><ele>235.903835872966</ele><time>2022-09-03T05:30:22Z</time></trkpt><trkpt lat="22.25788079451824" lon="113.98098306299505"><ele>235.81475010146622</ele><time>2022-09-03T05:30:25Z</time></trkpt><trkpt lat="22.257860709812487" lon="113.98100187824043"><ele>234.90697512979978</ele><time>2022-09-03T05:30:28Z</time></trkpt><trkpt lat="22.257839074142684" lon="113.98101311255931"><ele>234.96602084478545</ele><time>2022-09-03T05:30:30Z</time></trkpt><trkpt lat="22.257819760411166" lon="113.9810240656528"><ele>234.24451992504294</ele><time>2022-09-03T05:30:36Z</time></trkpt><trkpt lat="22.25781408864657" lon="113.98104551227242"><ele>230.95429884722435</ele><time>2022-09-03T05:30:44Z</time></trkpt><trkpt lat="22.257803275658585" lon="113.98106787271091"><ele>230.6432234491332</ele><time>2022-09-03T05:30:47Z</time></trkpt><trkpt lat="22.257790886879757" lon="113.98109037930968"><ele>229.92044105220913</ele><time>2022-09-03T05:30:51Z</time></trkpt><trkpt lat="22.257783279883448" lon="113.98111103008391"><ele>229.1577211970926</ele><time>2022-09-03T05:30:54Z</time></trkpt><trkpt lat="22.257772922043845" lon="113.98113110364277"><ele>228.1973931415215</ele><time>2022-09-03T05:30:56Z</time></trkpt><trkpt lat="22.257764897814102" lon="113.98115419325566"><ele>226.8957891948629</ele><time>2022-09-03T05:31:00Z</time></trkpt><trkpt lat="22.257754348245548" lon="113.98117214585362"><ele>226.12279271890384</ele><time>2022-09-03T05:31:44Z</time></trkpt><trkpt lat="22.257732398953237" lon="113.98118697868765"><ele>225.76998062364245</ele><time>2022-09-03T05:31:50Z</time></trkpt><trkpt lat="22.257724542186292" lon="113.98122082119897"><ele>225.395682678543</ele><time>2022-09-03T05:31:52Z</time></trkpt><trkpt lat="22.257712390560847" lon="113.98123680558808"><ele>224.5000906823658</ele><time>2022-09-03T05:31:56Z</time></trkpt><trkpt lat="22.2576944389464" lon="113.9812443742386"><ele>224.20305768597504</ele><time>2022-09-03T05:31:59Z</time></trkpt><trkpt lat="22.257677837498516" lon="113.98125673855668"><ele>223.68166109292082</ele><time>2022-09-03T05:32:01Z</time></trkpt><trkpt lat="22.257658092899756" lon="113.98129114589617"><ele>221.88395099551713</ele><time>2022-09-03T05:32:02Z</time></trkpt><trkpt lat="22.25764236552292" lon="113.98130264518528"><ele>221.0992326382531</ele><time>2022-09-03T05:32:06Z</time></trkpt><trkpt lat="22.257633963739384" lon="113.98132418306979"><ele>219.87641952159697</ele><time>2022-09-03T05:32:10Z</time></trkpt><trkpt lat="22.257624512120927" lon="113.98134270244064"><ele>219.05723968395552</ele><time>2022-09-03T05:32:13Z</time></trkpt><trkpt lat="22.257610529830956" lon="113.98135702237137"><ele>218.98155693452483</ele><time>2022-09-03T05:32:18Z</time></trkpt><trkpt lat="22.25759614767669" lon="113.9813731715037"><ele>218.97792327797012</ele><time>2022-09-03T05:32:22Z</time></trkpt><trkpt lat="22.257620380201924" lon="113.98136568303293"><ele>218.0173882867135</ele><time>2022-09-03T05:32:54Z</time></trkpt><trkpt lat="22.25764778854786" lon="113.98137579812827"><ele>216.9010810897424</ele><time>2022-09-03T05:32:57Z</time></trkpt><trkpt lat="22.25766849287198" lon="113.98138876821827"><ele>216.22775316161565</ele><time>2022-09-03T05:32:59Z</time></trkpt><trkpt lat="22.257689383082017" lon="113.98139348142716"><ele>215.9000995851824</ele><time>2022-09-03T05:33:01Z</time></trkpt><trkpt lat="22.25771394878923" lon="113.98139169786131"><ele>215.20406788186364</ele><time>2022-09-03T05:33:04Z</time></trkpt><trkpt lat="22.257729854246197" lon="113.98140302493137"><ele>214.82154696181644</ele><time>2022-09-03T05:33:06Z</time></trkpt><trkpt lat="22.25775066622139" lon="113.98140866841875"><ele>214.37821526744156</ele><time>2022-09-03T05:33:09Z</time></trkpt><trkpt lat="22.25777012922643" lon="113.98140814296146"><ele>213.83776710965407</ele><time>2022-09-03T05:33:11Z</time></trkpt><trkpt lat="22.257796458065" lon="113.98141023144244"><ele>213.2156065176437</ele><time>2022-09-03T05:33:13Z</time></trkpt><trkpt lat="22.257822816012386" lon="113.98141088216299"><ele>212.8052376402936</ele><time>2022-09-03T05:33:15Z</time></trkpt><trkpt lat="22.25784375943524" lon="113.98141337106432"><ele>212.27316382003826</ele><time>2022-09-03T05:33:17Z</time></trkpt><trkpt lat="22.25786313379404" lon="113.98142057259079"><ele>211.71892800460898</ele><time>2022-09-03T05:33:19Z</time></trkpt><trkpt lat="22.25787260093619" lon="113.98143832488034"><ele>210.9385116574099</ele><time>2022-09-03T05:33:22Z</time></trkpt><trkpt lat="22.257860967199164" lon="113.98146168918686"><ele>210.79288126687615</ele><time>2022-09-03T05:33:25Z</time></trkpt><trkpt lat="22.257852569651796" lon="113.98147972950872"><ele>210.55276047909882</ele><time>2022-09-03T05:33:27Z</time></trkpt><trkpt lat="22.257841030855154" lon="113.98150305213389"><ele>210.01669367603714</ele><time>2022-09-03T05:33:30Z</time></trkpt><trkpt lat="22.257826794780755" lon="113.9815203542728"><ele>209.67498716788137</ele><time>2022-09-03T05:33:34Z</time></trkpt><trkpt lat="22.257826345715937" lon="113.98154556691078"><ele>209.0697962834641</ele><time>2022-09-03T05:33:36Z</time></trkpt><trkpt lat="22.257832494071476" lon="113.98159770032159"><ele>206.72131346230339</ele><time>2022-09-03T05:33:39Z</time></trkpt><trkpt lat="22.25783710853833" lon="113.98161819618991"><ele>206.59917563065838</ele><time>2022-09-03T05:33:40Z</time></trkpt><trkpt lat="22.257846680060215" lon="113.98163621874714"><ele>206.42806756198323</ele><time>2022-09-03T05:33:41Z</time></trkpt><trkpt lat="22.257855785484274" lon="113.98165402738563"><ele>206.13287241565794</ele><time>2022-09-03T05:33:43Z</time></trkpt><trkpt lat="22.257864982169107" lon="113.98168222992454"><ele>205.78317082317218</ele><time>2022-09-03T05:33:46Z</time></trkpt><trkpt lat="22.257864426400964" lon="113.98171078841864"><ele>205.61763431968615</ele><time>2022-09-03T05:33:49Z</time></trkpt><trkpt lat="22.257861475774444" lon="113.98173301993016"><ele>205.27993808736028</ele><time>2022-09-03T05:33:51Z</time></trkpt><trkpt lat="22.25785992777838" lon="113.98176084875733"><ele>204.84427457764846</ele><time>2022-09-03T05:33:54Z</time></trkpt><trkpt lat="22.257863869333917" lon="113.9817868434873"><ele>204.6252113344129</ele><time>2022-09-03T05:33:57Z</time></trkpt><trkpt lat="22.257871538104183" lon="113.9818063771955"><ele>204.63735364989515</ele><time>2022-09-03T05:33:59Z</time></trkpt><trkpt lat="22.257885041772422" lon="113.98182125107243"><ele>204.48391119641468</ele><time>2022-09-03T05:34:01Z</time></trkpt><trkpt lat="22.25789909137775" lon="113.98184429364348"><ele>203.86620335388133</ele><time>2022-09-03T05:34:04Z</time></trkpt><trkpt lat="22.257911945845315" lon="113.98186327160548"><ele>203.48754816402115</ele><time>2022-09-03T05:34:06Z</time></trkpt><trkpt lat="22.25792661862065" lon="113.98187719666744"><ele>202.86983541915893</ele><time>2022-09-03T05:34:08Z</time></trkpt><trkpt lat="22.257939305916143" lon="113.98189125674539"><ele>202.5461316586989</ele><time>2022-09-03T05:34:10Z</time></trkpt><trkpt lat="22.257957140388864" lon="113.98190009302682"><ele>201.7303566926094</ele><time>2022-09-03T05:34:14Z</time></trkpt><trkpt lat="22.257974003786526" lon="113.9819075418512"><ele>200.9213222767375</ele><time>2022-09-03T05:34:18Z</time></trkpt><trkpt lat="22.257992663511985" lon="113.981922325137"><ele>200.42927220791134</ele><time>2022-09-03T05:34:21Z</time></trkpt><trkpt lat="22.258011075905323" lon="113.9819297152849"><ele>198.36178710231044</ele><time>2022-09-03T05:34:23Z</time></trkpt><trkpt lat="22.258035816773923" lon="113.98194166071501"><ele>196.82992644893565</ele><time>2022-09-03T05:34:25Z</time></trkpt><trkpt lat="22.258050933093802" lon="113.9819578961317"><ele>196.37554897373371</ele><time>2022-09-03T05:34:29Z</time></trkpt><trkpt lat="22.25807062599871" lon="113.98196655707473"><ele>195.3786588559012</ele><time>2022-09-03T05:34:33Z</time></trkpt><trkpt lat="22.258096834243794" lon="113.98198307377291"><ele>195.93374474218035</ele><time>2022-09-03T05:34:58Z</time></trkpt><trkpt lat="22.25811814237685" lon="113.981987513408"><ele>195.77001208250863</ele><time>2022-09-03T05:35:00Z</time></trkpt><trkpt lat="22.25813669355749" lon="113.98199457244932"><ele>196.1437412005193</ele><time>2022-09-03T05:35:03Z</time></trkpt><trkpt lat="22.258154585927944" lon="113.98201412886888"><ele>195.57126666878446</ele><time>2022-09-03T05:35:07Z</time></trkpt><trkpt lat="22.25817759214675" lon="113.98202466014025"><ele>195.03853369518782</ele><time>2022-09-03T05:35:10Z</time></trkpt><trkpt lat="22.258189437326404" lon="113.98203977978145"><ele>194.1908120934928</ele><time>2022-09-03T05:35:14Z</time></trkpt><trkpt lat="22.25817559701032" lon="113.9820569160016"><ele>194.54204442932493</ele><time>2022-09-03T05:35:23Z</time></trkpt><trkpt lat="22.258151744992663" lon="113.98206663538178"><ele>194.19938207430283</ele><time>2022-09-03T05:35:26Z</time></trkpt><trkpt lat="22.25812236077897" lon="113.98207097810594"><ele>194.19438523757358</ele><time>2022-09-03T05:35:29Z</time></trkpt><trkpt lat="22.258101773842835" lon="113.98206994741753"><ele>194.53055586507557</ele><time>2022-09-03T05:35:33Z</time></trkpt><trkpt lat="22.258082459353922" lon="113.98207355257082"><ele>194.1860891502363</ele><time>2022-09-03T05:35:36Z</time></trkpt><trkpt lat="22.258063887393256" lon="113.98207382521102"><ele>194.0603642381995</ele><time>2022-09-03T05:35:39Z</time></trkpt><trkpt lat="22.258076353991584" lon="113.98209018740593"><ele>192.97489856752057</ele><time>2022-09-03T05:35:45Z</time></trkpt><trkpt lat="22.25809520395478" lon="113.98209973557277"><ele>192.5000190888143</ele><time>2022-09-03T05:35:47Z</time></trkpt><trkpt lat="22.25811283818362" lon="113.98211069259068"><ele>192.24240101841568</ele><time>2022-09-03T05:35:49Z</time></trkpt><trkpt lat="22.258133572280677" lon="113.98211755990042"><ele>191.8725971601148</ele><time>2022-09-03T05:35:52Z</time></trkpt><trkpt lat="22.258153380448675" lon="113.98211733872182"><ele>191.02549750613932</ele><time>2022-09-03T05:36:04Z</time></trkpt><trkpt lat="22.258166873788017" lon="113.98213020733648"><ele>190.60957143063789</ele><time>2022-09-03T05:36:06Z</time></trkpt><trkpt lat="22.258181084259103" lon="113.98214871329091"><ele>189.87714998674358</ele><time>2022-09-03T05:36:09Z</time></trkpt><trkpt lat="22.258188360733485" lon="113.98216905355012"><ele>189.32180423606567</ele><time>2022-09-03T05:36:12Z</time></trkpt><trkpt lat="22.258196104317783" lon="113.98218759582397"><ele>188.30993111863376</ele><time>2022-09-03T05:36:15Z</time></trkpt><trkpt lat="22.25820185866197" lon="113.98220876706951"><ele>187.7086937970083</ele><time>2022-09-03T05:36:17Z</time></trkpt><trkpt lat="22.25822094006313" lon="113.98222510957886"><ele>186.9552742778864</ele><time>2022-09-03T05:36:20Z</time></trkpt><trkpt lat="22.258245924206115" lon="113.98223800768852"><ele>186.27083645707052</ele><time>2022-09-03T05:36:25Z</time></trkpt><trkpt lat="22.258261623000294" lon="113.98225191831992"><ele>185.77467328841652</ele><time>2022-09-03T05:36:27Z</time></trkpt><trkpt lat="22.25827739999791" lon="113.98226816787484"><ele>185.05636766967646</ele><time>2022-09-03T05:36:29Z</time></trkpt><trkpt lat="22.25829541334476" lon="113.98228826014483"><ele>184.2117619947815</ele><time>2022-09-03T05:36:31Z</time></trkpt><trkpt lat="22.25831226626133" lon="113.98230111451272"><ele>183.45320931059152</ele><time>2022-09-03T05:36:34Z</time></trkpt><trkpt lat="22.258329534429745" lon="113.98232355438194"><ele>182.73607033765623</ele><time>2022-09-03T05:36:36Z</time></trkpt><trkpt lat="22.258339104725835" lon="113.98234863331507"><ele>182.28962300885684</ele><time>2022-09-03T05:36:38Z</time></trkpt><trkpt lat="22.258344550082583" lon="113.98236939687415"><ele>181.54954227268735</ele><time>2022-09-03T05:36:41Z</time></trkpt><trkpt lat="22.258350111311856" lon="113.98238904330694"><ele>181.00953331744816</ele><time>2022-09-03T05:36:43Z</time></trkpt><trkpt lat="22.258357120957232" lon="113.98241505366653"><ele>180.46734534245564</ele><time>2022-09-03T05:36:45Z</time></trkpt><trkpt lat="22.258355029288843" lon="113.98243987862156"><ele>179.81099574435106</ele><time>2022-09-03T05:36:53Z</time></trkpt><trkpt lat="22.258349675279003" lon="113.9824605154467"><ele>179.64298900975098</ele><time>2022-09-03T05:36:55Z</time></trkpt><trkpt lat="22.258347214216055" lon="113.98248493078265"><ele>179.70114448797224</ele><time>2022-09-03T05:36:57Z</time></trkpt><trkpt lat="22.258343917508604" lon="113.98251763246076"><ele>179.10992978651586</ele><time>2022-09-03T05:37:06Z</time></trkpt><trkpt lat="22.258340220722204" lon="113.98255503008626"><ele>177.9232234411969</ele><time>2022-09-03T05:37:15Z</time></trkpt><trkpt lat="22.25833330227075" lon="113.98260198709741"><ele>177.49627129923948</ele><time>2022-09-03T05:37:16Z</time></trkpt><trkpt lat="22.258333473891923" lon="113.98262922757573"><ele>177.4836219557722</ele><time>2022-09-03T05:37:17Z</time></trkpt><trkpt lat="22.258336635714244" lon="113.98265942850797"><ele>176.80984524564968</ele><time>2022-09-03T05:37:18Z</time></trkpt><trkpt lat="22.25833490450202" lon="113.98267913122892"><ele>176.67923640892587</ele><time>2022-09-03T05:37:20Z</time></trkpt><trkpt lat="22.258332490228526" lon="113.98270264019772"><ele>176.41310345079847</ele><time>2022-09-03T05:37:24Z</time></trkpt><trkpt lat="22.258327390705052" lon="113.98272822465994"><ele>175.2081732775202</ele><time>2022-09-03T05:37:35Z</time></trkpt><trkpt lat="22.25831337103157" lon="113.98275221240903"><ele>174.4086237530091</ele><time>2022-09-03T05:37:38Z</time></trkpt><trkpt lat="22.258298841040283" lon="113.98276853410803"><ele>174.0816772485722</ele><time>2022-09-03T05:37:40Z</time></trkpt><trkpt lat="22.2582927383218" lon="113.98278714145886"><ele>173.85144130835099</ele><time>2022-09-03T05:37:42Z</time></trkpt><trkpt lat="22.25828453302846" lon="113.98281011460054"><ele>173.54786836737404</ele><time>2022-09-03T05:37:44Z</time></trkpt><trkpt lat="22.258281557599652" lon="113.98283167088174"><ele>173.2403321594511</ele><time>2022-09-03T05:37:49Z</time></trkpt><trkpt lat="22.258284273528506" lon="113.98285367082906"><ele>172.86038934535043</ele><time>2022-09-03T05:37:52Z</time></trkpt><trkpt lat="22.258286860765796" lon="113.98287989939735"><ele>172.6025737621373</ele><time>2022-09-03T05:37:55Z</time></trkpt><trkpt lat="22.258282400084347" lon="113.98290015016717"><ele>171.813931261404</ele><time>2022-09-03T05:37:58Z</time></trkpt><trkpt lat="22.258281210986112" lon="113.98292621872233"><ele>171.28855532868928</ele><time>2022-09-03T05:38:01Z</time></trkpt><trkpt lat="22.25827245612621" lon="113.98295202808839"><ele>170.86106207187666</ele><time>2022-09-03T05:38:04Z</time></trkpt><trkpt lat="22.258265107423696" lon="113.98297656721647"><ele>170.19796238602757</ele><time>2022-09-03T05:38:07Z</time></trkpt><trkpt lat="22.25825915398627" lon="113.98300275321321"><ele>169.58098004114638</ele><time>2022-09-03T05:38:09Z</time></trkpt><trkpt lat="22.258251283901203" lon="113.98302833530647"><ele>169.1012416402343</ele><time>2022-09-03T05:38:11Z</time></trkpt><trkpt lat="22.258244517886514" lon="113.9830530984894"><ele>168.34126097930505</ele><time>2022-09-03T05:38:14Z</time></trkpt><trkpt lat="22.25823401356462" lon="113.98307568248741"><ele>166.83337324459987</ele><time>2022-09-03T05:38:19Z</time></trkpt><trkpt lat="22.258230063335148" lon="113.98309819933661"><ele>165.81459764063828</ele><time>2022-09-03T05:38:22Z</time></trkpt><trkpt lat="22.258221921526616" lon="113.98311914877567"><ele>164.41149431427834</ele><time>2022-09-03T05:38:26Z</time></trkpt><trkpt lat="22.25822155112924" lon="113.98315676615381"><ele>163.55439247699738</ele><time>2022-09-03T05:38:32Z</time></trkpt><trkpt lat="22.258221686914435" lon="113.98317626628864"><ele>162.80267816945548</ele><time>2022-09-03T05:38:33Z</time></trkpt><trkpt lat="22.25821404773901" lon="113.98319702271623"><ele>162.58034690396184</ele><time>2022-09-03T05:38:38Z</time></trkpt><trkpt lat="22.258207048618207" lon="113.98321967811307"><ele>161.30049645470194</ele><time>2022-09-03T05:38:44Z</time></trkpt><trkpt lat="22.25820963973518" lon="113.98324857163853"><ele>160.56685655006183</ele><time>2022-09-03T05:39:00Z</time></trkpt><trkpt lat="22.25822193005855" lon="113.98326729911173"><ele>160.34148749244326</ele><time>2022-09-03T05:39:02Z</time></trkpt><trkpt lat="22.258200515332877" lon="113.98327148196992"><ele>159.98683044424496</ele><time>2022-09-03T05:39:45Z</time></trkpt><trkpt lat="22.25818111050326" lon="113.98325589852092"><ele>159.96133517935962</ele><time>2022-09-03T05:40:00Z</time></trkpt><trkpt lat="22.25816631168815" lon="113.98324448060674"><ele>159.791936869553</ele><time>2022-09-03T05:40:01Z</time></trkpt><trkpt lat="22.258146129614982" lon="113.9832383744657"><ele>159.18659403013578</ele><time>2022-09-03T05:40:04Z</time></trkpt><trkpt lat="22.258123766422838" lon="113.98323353433851"><ele>158.04494885210244</ele><time>2022-09-03T05:40:07Z</time></trkpt><trkpt lat="22.258105532378476" lon="113.9832349290069"><ele>157.50800148454815</ele><time>2022-09-03T05:40:09Z</time></trkpt><trkpt lat="22.25807774082498" lon="113.98323868059951"><ele>156.92989947016903</ele><time>2022-09-03T05:40:27Z</time></trkpt><trkpt lat="22.258055573604384" lon="113.98323953652009"><ele>157.5535744490774</ele><time>2022-09-03T05:40:29Z</time></trkpt><trkpt lat="22.258032655488737" lon="113.98324709637664"><ele>157.71675555429778</ele><time>2022-09-03T05:40:31Z</time></trkpt><trkpt lat="22.258014790990046" lon="113.98325691974212"><ele>157.902392271103</ele><time>2022-09-03T05:40:33Z</time></trkpt><trkpt lat="22.257999851603085" lon="113.98327553286711"><ele>157.56037477235017</ele><time>2022-09-03T05:40:36Z</time></trkpt><trkpt lat="22.257981394272072" lon="113.98328991173518"><ele>157.35461286869761</ele><time>2022-09-03T05:40:38Z</time></trkpt><trkpt lat="22.25796584766046" lon="113.9833035532701"><ele>157.39404680549313</ele><time>2022-09-03T05:40:40Z</time></trkpt><trkpt lat="22.257956983901554" lon="113.98332120222702"><ele>157.05144181481197</ele><time>2022-09-03T05:40:41Z</time></trkpt><trkpt lat="22.257931852485747" lon="113.98333647413541"><ele>156.35035701690103</ele><time>2022-09-03T05:40:43Z</time></trkpt><trkpt lat="22.25791336493755" lon="113.98334272899054"><ele>156.06697943708772</ele><time>2022-09-03T05:40:45Z</time></trkpt><trkpt lat="22.257891613176962" lon="113.98334116681158"><ele>155.46514593321</ele><time>2022-09-03T05:40:47Z</time></trkpt><trkpt lat="22.257875450079787" lon="113.9833508623291"><ele>155.2605601833474</ele><time>2022-09-03T05:40:49Z</time></trkpt><trkpt lat="22.257856432554913" lon="113.9833579073157"><ele>154.8763587365765</ele><time>2022-09-03T05:40:51Z</time></trkpt><trkpt lat="22.25783863474525" lon="113.98336941013382"><ele>154.6220894952262</ele><time>2022-09-03T05:40:53Z</time></trkpt><trkpt lat="22.25782251688416" lon="113.98339240907721"><ele>153.93933440000657</ele><time>2022-09-03T05:40:56Z</time></trkpt><trkpt lat="22.2578165307143" lon="113.98341165340528"><ele>153.6755648489367</ele><time>2022-09-03T05:40:58Z</time></trkpt><trkpt lat="22.257812365225213" lon="113.98343249883965"><ele>153.3814787793388</ele><time>2022-09-03T05:41:00Z</time></trkpt><trkpt lat="22.257808668423497" lon="113.98345611909012"><ele>153.21313204598434</ele><time>2022-09-03T05:41:02Z</time></trkpt><trkpt lat="22.257805643532333" lon="113.98347793178608"><ele>153.13073796831657</ele><time>2022-09-03T05:41:04Z</time></trkpt><trkpt lat="22.257803654939114" lon="113.98350066378353"><ele>152.76858093403013</ele><time>2022-09-03T05:41:06Z</time></trkpt><trkpt lat="22.257796954938044" lon="113.98352651365602"><ele>152.5700541498505</ele><time>2022-09-03T05:41:08Z</time></trkpt><trkpt lat="22.257792732193856" lon="113.98355156339113"><ele>152.60642183407992</ele><time>2022-09-03T05:41:10Z</time></trkpt><trkpt lat="22.25779052190666" lon="113.98357651332243"><ele>152.8925676376572</ele><time>2022-09-03T05:41:12Z</time></trkpt><trkpt lat="22.257772076794918" lon="113.98360253918892"><ele>153.22195338410435</ele><time>2022-09-03T05:41:14Z</time></trkpt><trkpt lat="22.25775276005978" lon="113.98362211106962"><ele>153.38352068662712</ele><time>2022-09-03T05:41:16Z</time></trkpt><trkpt lat="22.257735738008005" lon="113.98363825212648"><ele>153.3793843635658</ele><time>2022-09-03T05:41:18Z</time></trkpt><trkpt lat="22.257710441129674" lon="113.9836589951156"><ele>153.7471750879724</ele><time>2022-09-03T05:41:20Z</time></trkpt><trkpt lat="22.257673986009898" lon="113.98367469137538"><ele>154.0956279678129</ele><time>2022-09-03T05:41:22Z</time></trkpt><trkpt lat="22.25764653738358" lon="113.98368171370385"><ele>154.44814239591517</ele><time>2022-09-03T05:41:24Z</time></trkpt><trkpt lat="22.257629166272807" lon="113.98369229032939"><ele>153.91074395995662</ele><time>2022-09-03T05:41:26Z</time></trkpt><trkpt lat="22.25760984574635" lon="113.9837090536047"><ele>153.0330448502717</ele><time>2022-09-03T05:41:30Z</time></trkpt><trkpt lat="22.257594521668214" lon="113.98372505975843"><ele>152.87990988740512</ele><time>2022-09-03T05:41:32Z</time></trkpt><trkpt lat="22.25757360657687" lon="113.9837339968117"><ele>152.97826466844415</ele><time>2022-09-03T05:41:34Z</time></trkpt><trkpt lat="22.257551507824314" lon="113.98373680053295"><ele>152.91451948921082</ele><time>2022-09-03T05:41:36Z</time></trkpt><trkpt lat="22.257531466215344" lon="113.9837439277591"><ele>152.49067069348382</ele><time>2022-09-03T05:41:38Z</time></trkpt><trkpt lat="22.257509827911957" lon="113.98375507746748"><ele>152.55394634933467</ele><time>2022-09-03T05:41:40Z</time></trkpt><trkpt lat="22.257489481115886" lon="113.98376909755302"><ele>152.15308501166996</ele><time>2022-09-03T05:41:42Z</time></trkpt><trkpt lat="22.257472807046643" lon="113.98378501211843"><ele>152.08218143682197</ele><time>2022-09-03T05:41:44Z</time></trkpt><trkpt lat="22.257459599444473" lon="113.98380480995297"><ele>152.0179337797331</ele><time>2022-09-03T05:41:46Z</time></trkpt><trkpt lat="22.25744134985511" lon="113.98381883035232"><ele>152.18258999302526</ele><time>2022-09-03T05:41:48Z</time></trkpt><trkpt lat="22.25741972662101" lon="113.9838332607163"><ele>151.92962097320876</ele><time>2022-09-03T05:41:51Z</time></trkpt><trkpt lat="22.257401604271553" lon="113.98384155761197"><ele>151.37559791018367</ele><time>2022-09-03T05:41:53Z</time></trkpt><trkpt lat="22.257384632005095" lon="113.98385815633179"><ele>151.03644169330693</ele><time>2022-09-03T05:41:55Z</time></trkpt><trkpt lat="22.257368540384434" lon="113.98387776260881"><ele>150.59397532716207</ele><time>2022-09-03T05:41:57Z</time></trkpt><trkpt lat="22.25735166207172" lon="113.98389849070928"><ele>149.90923552054917</ele><time>2022-09-03T05:42:00Z</time></trkpt><trkpt lat="22.257337107730365" lon="113.98392114942007"><ele>149.8971451295405</ele><time>2022-09-03T05:42:03Z</time></trkpt><trkpt lat="22.25733134564965" lon="113.98394579680976"><ele>149.76546177844355</ele><time>2022-09-03T05:42:06Z</time></trkpt><trkpt lat="22.25733587918578" lon="113.98396744601857"><ele>149.5050394414097</ele><time>2022-09-03T05:42:08Z</time></trkpt><trkpt lat="22.257339855281977" lon="113.98399079830918"><ele>149.32478607039272</ele><time>2022-09-03T05:42:10Z</time></trkpt><trkpt lat="22.257345293603464" lon="113.98401057420796"><ele>148.92215148618692</ele><time>2022-09-03T05:42:12Z</time></trkpt><trkpt lat="22.257351349297647" lon="113.98402955559307"><ele>149.0478738495039</ele><time>2022-09-03T05:42:14Z</time></trkpt><trkpt lat="22.25736082588049" lon="113.98405415019062"><ele>148.99453518732125</ele><time>2022-09-03T05:42:16Z</time></trkpt><trkpt lat="22.257364998069967" lon="113.98408049155064"><ele>148.84352975234248</ele><time>2022-09-03T05:42:18Z</time></trkpt><trkpt lat="22.257359555922704" lon="113.9841056255712"><ele>148.84075449511676</ele><time>2022-09-03T05:42:20Z</time></trkpt><trkpt lat="22.25735610901526" lon="113.98413439578717"><ele>148.65987288553407</ele><time>2022-09-03T05:42:22Z</time></trkpt><trkpt lat="22.257351603871722" lon="113.98416331290733"><ele>148.51949416661407</ele><time>2022-09-03T05:42:24Z</time></trkpt><trkpt lat="22.25733875628697" lon="113.98418277519923"><ele>148.35722179271406</ele><time>2022-09-03T05:42:26Z</time></trkpt><trkpt lat="22.257319234883884" lon="113.98420226872848"><ele>148.30599003029744</ele><time>2022-09-03T05:42:28Z</time></trkpt><trkpt lat="22.257299788171203" lon="113.98420736009813"><ele>148.4261312928013</ele><time>2022-09-03T05:42:30Z</time></trkpt><trkpt lat="22.25728018747181" lon="113.98420623008879"><ele>148.53459895054053</ele><time>2022-09-03T05:42:32Z</time></trkpt><trkpt lat="22.257251633969886" lon="113.98421062455677"><ele>149.4373308069344</ele><time>2022-09-03T05:42:35Z</time></trkpt><trkpt lat="22.257230546467692" lon="113.98421611748174"><ele>150.3851669007216</ele><time>2022-09-03T05:42:37Z</time></trkpt><trkpt lat="22.25721246363824" lon="113.98422741369919"><ele>151.3140387036952</ele><time>2022-09-03T05:42:39Z</time></trkpt><trkpt lat="22.25718954197101" lon="113.9842372298797"><ele>151.6811234761525</ele><time>2022-09-03T05:42:42Z</time></trkpt><trkpt lat="22.257169356465084" lon="113.9842506168322"><ele>151.08670092966912</ele><time>2022-09-03T05:42:44Z</time></trkpt><trkpt lat="22.25715123782769" lon="113.98426405084528"><ele>150.83982717321572</ele><time>2022-09-03T05:42:46Z</time></trkpt><trkpt lat="22.25713125557749" lon="113.98426969481201"><ele>150.39014870210283</ele><time>2022-09-03T05:42:49Z</time></trkpt><trkpt lat="22.257120858742336" lon="113.98428749565632"><ele>150.16527661702696</ele><time>2022-09-03T05:42:51Z</time></trkpt><trkpt lat="22.257110646388252" lon="113.9843108267629"><ele>150.15453470805178</ele><time>2022-09-03T05:42:53Z</time></trkpt><trkpt lat="22.257093453489986" lon="113.98432529322199"><ele>149.8151953349569</ele><time>2022-09-03T05:42:55Z</time></trkpt><trkpt lat="22.257078265698116" lon="113.9843394638798"><ele>149.66663483943037</ele><time>2022-09-03T05:42:57Z</time></trkpt><trkpt lat="22.257063365141047" lon="113.98435518338401"><ele>149.74549386502804</ele><time>2022-09-03T05:42:59Z</time></trkpt><trkpt lat="22.25705834402248" lon="113.98437707773068"><ele>149.5115371208305</ele><time>2022-09-03T05:43:01Z</time></trkpt><trkpt lat="22.257049983461243" lon="113.98439437221923"><ele>149.1771931850343</ele><time>2022-09-03T05:43:03Z</time></trkpt><trkpt lat="22.257045915995583" lon="113.98441534087989"><ele>148.58293346226148</ele><time>2022-09-03T05:43:06Z</time></trkpt><trkpt lat="22.257029034735048" lon="113.9844409345233"><ele>147.7979323764911</ele><time>2022-09-03T05:43:10Z</time></trkpt><trkpt lat="22.257013125397453" lon="113.98445589762358"><ele>147.698236391055</ele><time>2022-09-03T05:43:12Z</time></trkpt><trkpt lat="22.256993872468833" lon="113.98447404336302"><ele>148.06431662646904</ele><time>2022-09-03T05:43:14Z</time></trkpt><trkpt lat="22.256977671936273" lon="113.98449457244767"><ele>148.51080351284577</ele><time>2022-09-03T05:43:16Z</time></trkpt><trkpt lat="22.25695496857078" lon="113.98454250300998"><ele>151.17612472454806</ele><time>2022-09-03T05:43:18Z</time></trkpt><trkpt lat="22.25694594503087" lon="113.98456338943333"><ele>152.68791029793837</ele><time>2022-09-03T05:43:19Z</time></trkpt><trkpt lat="22.256934694610067" lon="113.98458708697669"><ele>151.96926534408456</ele><time>2022-09-03T05:43:22Z</time></trkpt><trkpt lat="22.256918751342496" lon="113.98460563622362"><ele>151.98555359927255</ele><time>2022-09-03T05:43:26Z</time></trkpt><trkpt lat="22.256905985189178" lon="113.9846225813842"><ele>152.17410494980155</ele><time>2022-09-03T05:43:30Z</time></trkpt><trkpt lat="22.256903585903206" lon="113.98464817929079"><ele>152.02965444972526</ele><time>2022-09-03T05:43:43Z</time></trkpt><trkpt lat="22.25691729968257" lon="113.9846794622339"><ele>151.15556330473925</ele><time>2022-09-03T05:43:45Z</time></trkpt><trkpt lat="22.256931874499987" lon="113.98470991418674"><ele>150.6783209269711</ele><time>2022-09-03T05:43:47Z</time></trkpt><trkpt lat="22.25693977268336" lon="113.98473155173262"><ele>150.09351566138488</ele><time>2022-09-03T05:43:50Z</time></trkpt><trkpt lat="22.25695045920105" lon="113.9847572578961"><ele>150.05689638370453</ele><time>2022-09-03T05:43:52Z</time></trkpt><trkpt lat="22.25695943929435" lon="113.98477488582945"><ele>150.09857351293198</ele><time>2022-09-03T05:43:54Z</time></trkpt><trkpt lat="22.256969319969645" lon="113.98479669382053"><ele>149.63135323044892</ele><time>2022-09-03T05:43:57Z</time></trkpt><trkpt lat="22.25697596790226" lon="113.98481766514404"><ele>149.63139485901942</ele><time>2022-09-03T05:43:59Z</time></trkpt><trkpt lat="22.25698946116117" lon="113.98483811555231"><ele>149.7547106638318</ele><time>2022-09-03T05:44:02Z</time></trkpt><trkpt lat="22.256995864624805" lon="113.98485653179459"><ele>149.18414022714438</ele><time>2022-09-03T05:44:11Z</time></trkpt><trkpt lat="22.25699055799127" lon="113.98487983976685"><ele>148.11273132846804</ele><time>2022-09-03T05:44:16Z</time></trkpt><trkpt lat="22.25697918982392" lon="113.98490024038053"><ele>147.83476058839042</ele><time>2022-09-03T05:44:18Z</time></trkpt><trkpt lat="22.256957733889582" lon="113.98492468814196"><ele>145.99038711913653</ele><time>2022-09-03T05:44:19Z</time></trkpt><trkpt lat="22.256947210829637" lon="113.98494229157738"><ele>146.17135449325013</ele><time>2022-09-03T05:44:20Z</time></trkpt><trkpt lat="22.256939307900208" lon="113.98496060954473"><ele>146.1519348000974</ele><time>2022-09-03T05:44:22Z</time></trkpt><trkpt lat="22.25692813743283" lon="113.98498415999354"><ele>146.07212099655823</ele><time>2022-09-03T05:44:25Z</time></trkpt><trkpt lat="22.256914066760118" lon="113.98499641500452"><ele>145.92833520068396</ele><time>2022-09-03T05:44:28Z</time></trkpt><trkpt lat="22.25687594509945" lon="113.98505139223165"><ele>148.73626124596214</ele><time>2022-09-03T05:44:30Z</time></trkpt><trkpt lat="22.256849171486238" lon="113.98506735190291"><ele>149.22268318080216</ele><time>2022-09-03T05:44:33Z</time></trkpt><trkpt lat="22.25684915229466" lon="113.98504176206824"><ele>149.3802474996731</ele><time>2022-09-03T05:44:50Z</time></trkpt><trkpt lat="22.25686546057731" lon="113.98503002932037"><ele>147.78433488592427</ele><time>2022-09-03T05:44:52Z</time></trkpt><trkpt lat="22.256867618005092" lon="113.98506722973798"><ele>147.7587277906592</ele><time>2022-09-03T05:44:57Z</time></trkpt><trkpt lat="22.256863517999623" lon="113.98509653690915"><ele>147.5788698506185</ele><time>2022-09-03T05:44:59Z</time></trkpt><trkpt lat="22.256855092994478" lon="113.98511415319014"><ele>147.51410062679156</ele><time>2022-09-03T05:45:01Z</time></trkpt><trkpt lat="22.25684057034054" lon="113.98513039196392"><ele>147.22980630719223</ele><time>2022-09-03T05:45:03Z</time></trkpt><trkpt lat="22.25682328623387" lon="113.98514627559864"><ele>146.66921908492813</ele><time>2022-09-03T05:45:05Z</time></trkpt><trkpt lat="22.256797914179167" lon="113.98519039949885"><ele>142.79869682759383</ele><time>2022-09-03T05:45:07Z</time></trkpt><trkpt lat="22.256780800924304" lon="113.98520581971454"><ele>141.64313564004806</ele><time>2022-09-03T05:45:09Z</time></trkpt><trkpt lat="22.2567644244953" lon="113.98522518419517"><ele>140.87967554281624</ele><time>2022-09-03T05:45:12Z</time></trkpt><trkpt lat="22.256753357257665" lon="113.98524521697178"><ele>139.64533739810184</ele><time>2022-09-03T05:45:16Z</time></trkpt><trkpt lat="22.256741963650388" lon="113.9852631999536"><ele>139.720601044823</ele><time>2022-09-03T05:45:18Z</time></trkpt><trkpt lat="22.25673595175399" lon="113.98528181560819"><ele>139.80300395822155</ele><time>2022-09-03T05:45:20Z</time></trkpt><trkpt lat="22.256729985751317" lon="113.98530912219563"><ele>139.96117793665408</ele><time>2022-09-03T05:45:22Z</time></trkpt><trkpt lat="22.25672488545638" lon="113.98533426023764"><ele>139.8054920012202</ele><time>2022-09-03T05:45:24Z</time></trkpt><trkpt lat="22.256726150652245" lon="113.98535677504597"><ele>139.7922285608166</ele><time>2022-09-03T05:45:26Z</time></trkpt><trkpt lat="22.2567216604797" lon="113.98538053409233"><ele>139.96500350818093</ele><time>2022-09-03T05:45:29Z</time></trkpt><trkpt lat="22.25671631587861" lon="113.98539931683214"><ele>139.96962578833177</ele><time>2022-09-03T05:45:32Z</time></trkpt><trkpt lat="22.256717325645397" lon="113.98542605611976"><ele>140.07526418849008</ele><time>2022-09-03T05:45:35Z</time></trkpt><trkpt lat="22.256717681463495" lon="113.98544586616408"><ele>140.03363078051223</ele><time>2022-09-03T05:45:37Z</time></trkpt><trkpt lat="22.25672062090882" lon="113.98546547240286"><ele>139.93031608844205</ele><time>2022-09-03T05:45:39Z</time></trkpt><trkpt lat="22.256726664577652" lon="113.98549212244018"><ele>139.72756193406767</ele><time>2022-09-03T05:45:42Z</time></trkpt><trkpt lat="22.25673441613442" lon="113.98551202019777"><ele>139.42771314501732</ele><time>2022-09-03T05:45:44Z</time></trkpt><trkpt lat="22.256746319791006" lon="113.98553067178628"><ele>139.28068713883852</ele><time>2022-09-03T05:45:46Z</time></trkpt><trkpt lat="22.256762263199068" lon="113.9855482253362"><ele>138.5793080186455</ele><time>2022-09-03T05:45:49Z</time></trkpt><trkpt lat="22.256773977323682" lon="113.98556972475998"><ele>138.16568236170582</ele><time>2022-09-03T05:46:03Z</time></trkpt><trkpt lat="22.256787785037044" lon="113.98559312032047"><ele>137.33788364395832</ele><time>2022-09-03T05:46:06Z</time></trkpt><trkpt lat="22.256815806877853" lon="113.98561378130887"><ele>135.57790387993043</ele><time>2022-09-03T05:46:08Z</time></trkpt><trkpt lat="22.256831571844124" lon="113.9856369366813"><ele>135.07429052990648</ele><time>2022-09-03T05:46:11Z</time></trkpt><trkpt lat="22.256841969628216" lon="113.98565797630607"><ele>134.71317600331506</ele><time>2022-09-03T05:46:13Z</time></trkpt><trkpt lat="22.25685031059791" lon="113.98568159787955"><ele>134.4623426897146</ele><time>2022-09-03T05:46:15Z</time></trkpt><trkpt lat="22.25685928651772" lon="113.98570199776442"><ele>134.17308725667667</ele><time>2022-09-03T05:46:18Z</time></trkpt><trkpt lat="22.256876853116474" lon="113.98572783327522"><ele>133.6026200208059</ele><time>2022-09-03T05:46:21Z</time></trkpt><trkpt lat="22.256883992738878" lon="113.98575053974632"><ele>133.74743082215957</ele><time>2022-09-03T05:46:23Z</time></trkpt><trkpt lat="22.256888799551735" lon="113.98577634312929"><ele>134.5610016469032</ele><time>2022-09-03T05:46:25Z</time></trkpt><trkpt lat="22.256896496728807" lon="113.98579560133162"><ele>135.2948209216493</ele><time>2022-09-03T05:46:26Z</time></trkpt><trkpt lat="22.256907589211067" lon="113.98581863994625"><ele>136.25712210796527</ele><time>2022-09-03T05:46:28Z</time></trkpt><trkpt lat="22.256917224994872" lon="113.98583668761513"><ele>137.11984867096515</ele><time>2022-09-03T05:46:30Z</time></trkpt><trkpt lat="22.25693150899872" lon="113.98585738100019"><ele>137.27940133946643</ele><time>2022-09-03T05:46:33Z</time></trkpt><trkpt lat="22.256946829050147" lon="113.98587156650825"><ele>137.168190924719</ele><time>2022-09-03T05:46:37Z</time></trkpt><trkpt lat="22.256954898817224" lon="113.98588930713103"><ele>136.66327996254415</ele><time>2022-09-03T05:46:39Z</time></trkpt><trkpt lat="22.256970625716395" lon="113.98590675473193"><ele>135.96671943150514</ele><time>2022-09-03T05:46:44Z</time></trkpt><trkpt lat="22.256976189438728" lon="113.9859265548271"><ele>135.6268629770076</ele><time>2022-09-03T05:46:46Z</time></trkpt><trkpt lat="22.25698096350885" lon="113.98595105215635"><ele>135.5218208667175</ele><time>2022-09-03T05:46:48Z</time></trkpt><trkpt lat="22.2569902076348" lon="113.98597401633783"><ele>135.313664213357</ele><time>2022-09-03T05:46:50Z</time></trkpt><trkpt lat="22.256998014941633" lon="113.9859977159518"><ele>134.96090257714252</ele><time>2022-09-03T05:46:52Z</time></trkpt><trkpt lat="22.257002974674684" lon="113.98602562301457"><ele>134.5421249075811</ele><time>2022-09-03T05:46:54Z</time></trkpt><trkpt lat="22.25700361129507" lon="113.98604672720619"><ele>133.9491904387616</ele><time>2022-09-03T05:46:56Z</time></trkpt><trkpt lat="22.257002002988365" lon="113.98607163668409"><ele>133.25387207676505</ele><time>2022-09-03T05:46:58Z</time></trkpt><trkpt lat="22.25699331801876" lon="113.98610191565693"><ele>132.8360904989937</ele><time>2022-09-03T05:47:00Z</time></trkpt><trkpt lat="22.256979842665203" lon="113.98612974425107"><ele>132.4578291224846</ele><time>2022-09-03T05:47:02Z</time></trkpt><trkpt lat="22.256963520051052" lon="113.98615250715034"><ele>132.33200520580507</ele><time>2022-09-03T05:47:04Z</time></trkpt><trkpt lat="22.256943570379065" lon="113.9861704788611"><ele>131.99602728834964</ele><time>2022-09-03T05:47:06Z</time></trkpt><trkpt lat="22.256915022676427" lon="113.98617804515483"><ele>131.82615837587002</ele><time>2022-09-03T05:47:08Z</time></trkpt><trkpt lat="22.256886921835058" lon="113.98618767460556"><ele>131.41525364020816</ele><time>2022-09-03T05:47:10Z</time></trkpt><trkpt lat="22.256864298020627" lon="113.98619434655089"><ele>130.8495639753674</ele><time>2022-09-03T05:47:12Z</time></trkpt><trkpt lat="22.256838865091733" lon="113.98619986501112"><ele>130.18081134336114</ele><time>2022-09-03T05:47:14Z</time></trkpt><trkpt lat="22.256813380394192" lon="113.98620113015488"><ele>129.77750231808042</ele><time>2022-09-03T05:47:16Z</time></trkpt><trkpt lat="22.25678534106716" lon="113.98621197779688"><ele>129.8479347804473</ele><time>2022-09-03T05:47:19Z</time></trkpt><trkpt lat="22.25676534787673" lon="113.98622735041911"><ele>129.6937038126651</ele><time>2022-09-03T05:47:21Z</time></trkpt><trkpt lat="22.25674506204947" lon="113.98624553244753"><ele>129.41263863089327</ele><time>2022-09-03T05:47:23Z</time></trkpt><trkpt lat="22.256727036015477" lon="113.9862710786192"><ele>128.93285491067556</ele><time>2022-09-03T05:47:25Z</time></trkpt><trkpt lat="22.256718525366168" lon="113.98629662132953"><ele>128.51575792980623</ele><time>2022-09-03T05:47:27Z</time></trkpt><trkpt lat="22.256710284172872" lon="113.98632322857662"><ele>128.32515709522698</ele><time>2022-09-03T05:47:29Z</time></trkpt><trkpt lat="22.256695027213073" lon="113.98634496187537"><ele>128.2869755378712</ele><time>2022-09-03T05:47:31Z</time></trkpt><trkpt lat="22.25667326085803" lon="113.9863587790685"><ele>128.0875884574861</ele><time>2022-09-03T05:47:33Z</time></trkpt><trkpt lat="22.256652863880188" lon="113.98637551611196"><ele>127.87647830996104</ele><time>2022-09-03T05:47:35Z</time></trkpt><trkpt lat="22.256633989597233" lon="113.9863878449022"><ele>127.97154547065523</ele><time>2022-09-03T05:47:37Z</time></trkpt><trkpt lat="22.256609879282315" lon="113.98639682243815"><ele>128.30103082410818</ele><time>2022-09-03T05:47:39Z</time></trkpt><trkpt lat="22.256585730081138" lon="113.9864102027291"><ele>128.38751155662627</ele><time>2022-09-03T05:47:41Z</time></trkpt><trkpt lat="22.25656215188143" lon="113.98642134733079"><ele>128.35397960040936</ele><time>2022-09-03T05:47:43Z</time></trkpt><trkpt lat="22.256534265756944" lon="113.98642058797944"><ele>128.13357223654256</ele><time>2022-09-03T05:47:45Z</time></trkpt><trkpt lat="22.256513213715348" lon="113.9864172738487"><ele>127.88270237340221</ele><time>2022-09-03T05:47:47Z</time></trkpt><trkpt lat="22.256484970788645" lon="113.98641075055663"><ele>127.34025157514876</ele><time>2022-09-03T05:47:49Z</time></trkpt><trkpt lat="22.256457231373954" lon="113.98639165744177"><ele>126.95792088293528</ele><time>2022-09-03T05:47:51Z</time></trkpt><trkpt lat="22.256434302402027" lon="113.98636670961895"><ele>126.84472405044727</ele><time>2022-09-03T05:47:53Z</time></trkpt><trkpt lat="22.256413540979477" lon="113.98634748904676"><ele>126.58154735399377</ele><time>2022-09-03T05:47:55Z</time></trkpt><trkpt lat="22.25638765274593" lon="113.9863336444278"><ele>126.1251088724757</ele><time>2022-09-03T05:47:57Z</time></trkpt><trkpt lat="22.256366664636147" lon="113.98631609416518"><ele>126.38062485562777</ele><time>2022-09-03T05:47:59Z</time></trkpt><trkpt lat="22.25635226055311" lon="113.98630114567484"><ele>126.35849038508064</ele><time>2022-09-03T05:48:01Z</time></trkpt><trkpt lat="22.256334775707128" lon="113.98628992013158"><ele>126.18220607784171</ele><time>2022-09-03T05:48:03Z</time></trkpt><trkpt lat="22.256313801227765" lon="113.98626965481029"><ele>126.11020766796906</ele><time>2022-09-03T05:48:05Z</time></trkpt><trkpt lat="22.256293630081217" lon="113.98625044300594"><ele>126.05694759966642</ele><time>2022-09-03T05:48:07Z</time></trkpt><trkpt lat="22.25627779221255" lon="113.98622931462363"><ele>125.96314501486813</ele><time>2022-09-03T05:48:09Z</time></trkpt><trkpt lat="22.256260470744753" lon="113.98621025258224"><ele>125.75241051697787</ele><time>2022-09-03T05:48:11Z</time></trkpt><trkpt lat="22.25624519917192" lon="113.98618969997197"><ele>125.3657477873049</ele><time>2022-09-03T05:48:13Z</time></trkpt><trkpt lat="22.256228139883266" lon="113.98617068746533"><ele>125.4598161791067</ele><time>2022-09-03T05:48:15Z</time></trkpt><trkpt lat="22.25620964121974" lon="113.98615309131986"><ele>125.16949575874317</ele><time>2022-09-03T05:48:17Z</time></trkpt><trkpt lat="22.25619231102023" lon="113.98614000379546"><ele>124.9874264848255</ele><time>2022-09-03T05:48:19Z</time></trkpt><trkpt lat="22.25617076573886" lon="113.98612776792395"><ele>124.47442768601454</ele><time>2022-09-03T05:48:21Z</time></trkpt><trkpt lat="22.256144285140795" lon="113.98611209353749"><ele>123.65304387486556</ele><time>2022-09-03T05:48:23Z</time></trkpt><trkpt lat="22.256119493270152" lon="113.98610069302151"><ele>122.84798385911846</ele><time>2022-09-03T05:48:25Z</time></trkpt><trkpt lat="22.256095091561736" lon="113.9860944069923"><ele>122.10162134796738</ele><time>2022-09-03T05:48:27Z</time></trkpt><trkpt lat="22.256072922807707" lon="113.98609027120955"><ele>121.61041704622637</ele><time>2022-09-03T05:48:29Z</time></trkpt><trkpt lat="22.256049573266704" lon="113.98608632983085"><ele>120.96412239775171</ele><time>2022-09-03T05:48:31Z</time></trkpt><trkpt lat="22.256028714067632" lon="113.98607892468122"><ele>120.76494491963513</ele><time>2022-09-03T05:48:33Z</time></trkpt><trkpt lat="22.256004865067915" lon="113.98607700896778"><ele>120.82218882298748</ele><time>2022-09-03T05:48:35Z</time></trkpt><trkpt lat="22.25598480132104" lon="113.98607668166055"><ele>120.92060210297178</ele><time>2022-09-03T05:48:37Z</time></trkpt><trkpt lat="22.25595690564066" lon="113.98607936762943"><ele>120.27147478344763</ele><time>2022-09-03T05:48:40Z</time></trkpt><trkpt lat="22.25592952103896" lon="113.98607603496305"><ele>119.40869639934517</ele><time>2022-09-03T05:48:42Z</time></trkpt><trkpt lat="22.25589766260776" lon="113.98607610981401"><ele>118.196041702057</ele><time>2022-09-03T05:48:45Z</time></trkpt><trkpt lat="22.255874398366245" lon="113.98607650264847"><ele>117.71873037063845</ele><time>2022-09-03T05:48:47Z</time></trkpt><trkpt lat="22.25585496002589" lon="113.98608665513912"><ele>117.54302183582342</ele><time>2022-09-03T05:48:49Z</time></trkpt><trkpt lat="22.255836563936192" lon="113.98609352008525"><ele>117.52250172659457</ele><time>2022-09-03T05:48:52Z</time></trkpt><trkpt lat="22.255823445319855" lon="113.98611398871287"><ele>118.40419219047492</ele><time>2022-09-03T05:49:00Z</time></trkpt><trkpt lat="22.25581525481539" lon="113.98613843401789"><ele>118.0031656569634</ele><time>2022-09-03T05:49:03Z</time></trkpt><trkpt lat="22.25580583526365" lon="113.98616074153915"><ele>117.5783386113834</ele><time>2022-09-03T05:49:06Z</time></trkpt><trkpt lat="22.255804864317167" lon="113.98618812494495"><ele>117.25210441347355</ele><time>2022-09-03T05:49:09Z</time></trkpt><trkpt lat="22.255804508256624" lon="113.9862136567349"><ele>117.04626353315476</ele><time>2022-09-03T05:49:11Z</time></trkpt><trkpt lat="22.25579250956003" lon="113.98623982046527"><ele>116.89821884075444</ele><time>2022-09-03T05:49:13Z</time></trkpt><trkpt lat="22.255780058028463" lon="113.98627009508765"><ele>116.95088405234485</ele><time>2022-09-03T05:49:15Z</time></trkpt><trkpt lat="22.255763626696066" lon="113.98630306574495"><ele>117.46618880203594</ele><time>2022-09-03T05:49:17Z</time></trkpt><trkpt lat="22.25574887813677" lon="113.98632333372403"><ele>117.73930738262952</ele><time>2022-09-03T05:49:19Z</time></trkpt><trkpt lat="22.2557368353344" lon="113.98634517699622"><ele>117.64366314569834</ele><time>2022-09-03T05:49:22Z</time></trkpt><trkpt lat="22.25572505743428" lon="113.98636739612625"><ele>117.40435541138031</ele><time>2022-09-03T05:49:24Z</time></trkpt><trkpt lat="22.25570902432888" lon="113.98638953193922"><ele>117.67244975338912</ele><time>2022-09-03T05:49:26Z</time></trkpt><trkpt lat="22.255695441973877" lon="113.98640729605442"><ele>117.8552626727479</ele><time>2022-09-03T05:49:28Z</time></trkpt><trkpt lat="22.25568287040213" lon="113.98642656644898"><ele>117.63913207802148</ele><time>2022-09-03T05:49:30Z</time></trkpt><trkpt lat="22.25567133705306" lon="113.98644396722877"><ele>117.77252134429843</ele><time>2022-09-03T05:49:32Z</time></trkpt><trkpt lat="22.255657144349147" lon="113.98646379595881"><ele>117.91699943082023</ele><time>2022-09-03T05:49:34Z</time></trkpt><trkpt lat="22.25564040305304" lon="113.98648391290044"><ele>118.11539289281103</ele><time>2022-09-03T05:49:36Z</time></trkpt><trkpt lat="22.255630016810475" lon="113.98650667119503"><ele>118.40873532095584</ele><time>2022-09-03T05:49:39Z</time></trkpt><trkpt lat="22.25562190235591" lon="113.98653613764066"><ele>118.55012099906841</ele><time>2022-09-03T05:49:42Z</time></trkpt><trkpt lat="22.255619109561607" lon="113.98655609500524"><ele>118.97175192424866</ele><time>2022-09-03T05:49:44Z</time></trkpt><trkpt lat="22.255604385672335" lon="113.98656893723418"><ele>119.51039574634646</ele><time>2022-09-03T05:49:48Z</time></trkpt><trkpt lat="22.255579173328453" lon="113.98658278095485"><ele>120.08794471775892</ele><time>2022-09-03T05:49:52Z</time></trkpt><trkpt lat="22.255557187979942" lon="113.9866006603142"><ele>120.22716300122347</ele><time>2022-09-03T05:49:54Z</time></trkpt><trkpt lat="22.255538863998762" lon="113.98660981998034"><ele>119.7901686178621</ele><time>2022-09-03T05:49:55Z</time></trkpt><trkpt lat="22.255513033484593" lon="113.98662471416264"><ele>119.39383773633571</ele><time>2022-09-03T05:49:58Z</time></trkpt><trkpt lat="22.255501709435176" lon="113.98664326885171"><ele>119.22664889404437</ele><time>2022-09-03T05:50:01Z</time></trkpt></trkseg></trk></gpx>