<?xml version='1.0' encoding='UTF-8' ?><gpx version="1.1" creator="HikingTrailHK" xsi:schemaLocation="http://www.topografix.com/GPX/1/1 http://www.topografix.com/GPX/1/1/gpx.xsd" xmlns="http://www.topografix.com/GPX/1/1" xmlns:xsi="http://www.w3.org/2001/XMLSchema-instance"><metadata><name>我的轨迹 @ 2022-08-20 11:23:59</name><desc></desc></metadata><trk><trkseg><trkpt lat="22.248174338944843" lon="113.94311663806711"><ele>342.69390588967224</ele><time>2022-08-20T03:23:59.709Z</time></trkpt><trkpt lat="22.248171947146588" lon="113.94308624784757"><ele>340.5907888171668</ele><time>2022-08-20T03:24:15Z</time></trkpt><trkpt lat="22.248172848994795" lon="113.94306341506137"><ele>340.2764147328625</ele><time>2022-08-20T03:24:17Z</time></trkpt><trkpt lat="22.24817255664704" lon="113.94304288810997"><ele>340.9208671611657</ele><time>2022-08-20T03:24:24Z</time></trkpt><trkpt lat="22.2481944508815" lon="113.94301788410452"><ele>341.21655319716797</ele><time>2022-08-20T03:24:28Z</time></trkpt><trkpt lat="22.248206917872828" lon="113.94300056059807"><ele>341.04470088260086</ele><time>2022-08-20T03:24:30Z</time></trkpt><trkpt lat="22.248212727939077" lon="113.94297871941828"><ele>341.03027481051805</ele><time>2022-08-20T03:24:33Z</time></trkpt><trkpt lat="22.248227074980136" lon="113.94296296352485"><ele>341.5658724389664</ele><time>2022-08-20T03:24:35Z</time></trkpt><trkpt lat="22.248253411339178" lon="113.94294453082566"><ele>341.88464646432215</ele><time>2022-08-20T03:24:37Z</time></trkpt><trkpt lat="22.24827660586824" lon="113.94292687227683"><ele>342.1998840092796</ele><time>2022-08-20T03:24:39Z</time></trkpt><trkpt lat="22.24829328565959" lon="113.942915662679"><ele>342.54404557392076</ele><time>2022-08-20T03:24:41Z</time></trkpt><trkpt lat="22.248310204229124" lon="113.9428983399587"><ele>342.46838907138596</ele><time>2022-08-20T03:24:44Z</time></trkpt><trkpt lat="22.248310155128067" lon="113.94287535337791"><ele>343.62246146028156</ele><time>2022-08-20T03:24:49Z</time></trkpt><trkpt lat="22.248321785604126" lon="113.9428501157197"><ele>344.2591410943004</ele><time>2022-08-20T03:24:52Z</time></trkpt><trkpt lat="22.24833708476109" lon="113.94283010171188"><ele>344.6569322747319</ele><time>2022-08-20T03:24:54Z</time></trkpt><trkpt lat="22.24834307179158" lon="113.94280432207636"><ele>345.76082158630885</ele><time>2022-08-20T03:24:59Z</time></trkpt><trkpt lat="22.248335775566492" lon="113.94277814011842"><ele>346.5572316261299</ele><time>2022-08-20T03:25:02Z</time></trkpt><trkpt lat="22.24832909904417" lon="113.94275631273611"><ele>347.3341606563881</ele><time>2022-08-20T03:25:04Z</time></trkpt><trkpt lat="22.248324459784985" lon="113.94273153358401"><ele>347.8421154514868</ele><time>2022-08-20T03:25:06Z</time></trkpt><trkpt lat="22.248318141992936" lon="113.94270773883095"><ele>348.96195958746546</ele><time>2022-08-20T03:25:09Z</time></trkpt><trkpt lat="22.248328710519786" lon="113.94268550342636"><ele>350.0512510999084</ele><time>2022-08-20T03:25:14Z</time></trkpt><trkpt lat="22.248331247021245" lon="113.94266027733421"><ele>350.5887639050897</ele><time>2022-08-20T03:25:17Z</time></trkpt><trkpt lat="22.248324607711908" lon="113.94263601635794"><ele>350.73975870788246</ele><time>2022-08-20T03:25:19Z</time></trkpt><trkpt lat="22.248318177362354" lon="113.94261763107882"><ele>351.3841998228698</ele><time>2022-08-20T03:25:21Z</time></trkpt><trkpt lat="22.248305078623822" lon="113.94259604350742"><ele>352.37033884159473</ele><time>2022-08-20T03:25:25Z</time></trkpt><trkpt lat="22.24828731394303" lon="113.94259081999506"><ele>358.53496628337234</ele><time>2022-08-20T03:25:28Z</time></trkpt><trkpt lat="22.248278655143697" lon="113.942571556532"><ele>359.3650041403822</ele><time>2022-08-20T03:25:34Z</time></trkpt><trkpt lat="22.248273404518187" lon="113.9425507264284"><ele>359.8140083908108</ele><time>2022-08-20T03:25:38Z</time></trkpt><trkpt lat="22.248273633475886" lon="113.94252480597872"><ele>359.89227999773453</ele><time>2022-08-20T03:25:41Z</time></trkpt><trkpt lat="22.248279840193874" lon="113.94250581496665"><ele>360.2220646168014</ele><time>2022-08-20T03:25:43Z</time></trkpt><trkpt lat="22.248294904975474" lon="113.94249151524171"><ele>360.4564245366461</ele><time>2022-08-20T03:25:45Z</time></trkpt><trkpt lat="22.248315922777167" lon="113.94247816513193"><ele>360.3508816210181</ele><time>2022-08-20T03:25:47Z</time></trkpt><trkpt lat="22.24832772225646" lon="113.94246072423242"><ele>360.13253329588343</ele><time>2022-08-20T03:25:50Z</time></trkpt><trkpt lat="22.24833723951906" lon="113.94244216498895"><ele>360.38541341519937</ele><time>2022-08-20T03:25:53Z</time></trkpt><trkpt lat="22.248348052299992" lon="113.94242072681241"><ele>360.21018429310413</ele><time>2022-08-20T03:25:57Z</time></trkpt><trkpt lat="22.248355429108855" lon="113.94239094702515"><ele>359.9651002457812</ele><time>2022-08-20T03:26:00Z</time></trkpt><trkpt lat="22.248357060588063" lon="113.94236995288526"><ele>359.95200609780846</ele><time>2022-08-20T03:26:02Z</time></trkpt><trkpt lat="22.248345504603087" lon="113.94234404312019"><ele>360.0197994720917</ele><time>2022-08-20T03:26:05Z</time></trkpt><trkpt lat="22.24833900221198" lon="113.94232488215961"><ele>359.8168963965101</ele><time>2022-08-20T03:26:07Z</time></trkpt><trkpt lat="22.24832437499943" lon="113.94230223939365"><ele>359.89111419635833</ele><time>2022-08-20T03:26:10Z</time></trkpt><trkpt lat="22.24831933170225" lon="113.94228145527268"><ele>359.8992564383607</ele><time>2022-08-20T03:26:12Z</time></trkpt><trkpt lat="22.248313836121987" lon="113.94226100674119"><ele>360.1342363997502</ele><time>2022-08-20T03:26:15Z</time></trkpt><trkpt lat="22.248301333580002" lon="113.94224386640855"><ele>360.381722646401</ele><time>2022-08-20T03:26:18Z</time></trkpt><trkpt lat="22.248294949432825" lon="113.94222227224232"><ele>360.5252967986174</ele><time>2022-08-20T03:26:21Z</time></trkpt><trkpt lat="22.248289077350222" lon="113.94219969177972"><ele>360.5857359611683</ele><time>2022-08-20T03:26:24Z</time></trkpt><trkpt lat="22.24827087126338" lon="113.9421870451021"><ele>361.31487199885754</ele><time>2022-08-20T03:26:35Z</time></trkpt><trkpt lat="22.248266206523315" lon="113.94216312764762"><ele>361.85194762463567</ele><time>2022-08-20T03:26:38Z</time></trkpt><trkpt lat="22.24824911394328" lon="113.94214583227564"><ele>362.70250644313484</ele><time>2022-08-20T03:26:41Z</time></trkpt><trkpt lat="22.24824345437549" lon="113.94211818970254"><ele>363.18753228136524</ele><time>2022-08-20T03:26:44Z</time></trkpt><trkpt lat="22.24824797421638" lon="113.94209041989043"><ele>363.2575304740114</ele><time>2022-08-20T03:26:48Z</time></trkpt><trkpt lat="22.248256526750843" lon="113.94206547357588"><ele>363.3176023372419</ele><time>2022-08-20T03:26:50Z</time></trkpt><trkpt lat="22.248256501667516" lon="113.9420438334793"><ele>363.32503313106326</ele><time>2022-08-20T03:26:52Z</time></trkpt><trkpt lat="22.2482589400038" lon="113.94202031064842"><ele>363.5350257448987</ele><time>2022-08-20T03:26:54Z</time></trkpt><trkpt lat="22.24825376750145" lon="113.94200019046457"><ele>363.7914656091741</ele><time>2022-08-20T03:26:56Z</time></trkpt><trkpt lat="22.248252250821533" lon="113.94197585293985"><ele>364.2258353465528</ele><time>2022-08-20T03:26:58Z</time></trkpt><trkpt lat="22.24823702709425" lon="113.94195697750057"><ele>365.5069889403262</ele><time>2022-08-20T03:27:02Z</time></trkpt><trkpt lat="22.248230743706063" lon="113.94193835325069"><ele>366.30694581923876</ele><time>2022-08-20T03:27:05Z</time></trkpt><trkpt lat="22.248224116281047" lon="113.94191971205055"><ele>366.3002234531905</ele><time>2022-08-20T03:27:07Z</time></trkpt><trkpt lat="22.248222282686147" lon="113.94189854520485"><ele>366.7725706505302</ele><time>2022-08-20T03:27:09Z</time></trkpt><trkpt lat="22.248220103085753" lon="113.94187514849992"><ele>366.8780418894657</ele><time>2022-08-20T03:27:11Z</time></trkpt><trkpt lat="22.248214041060596" lon="113.94184943109224"><ele>367.40800686943294</ele><time>2022-08-20T03:27:13Z</time></trkpt><trkpt lat="22.248205955244117" lon="113.94182927010733"><ele>367.75586602812893</ele><time>2022-08-20T03:27:15Z</time></trkpt><trkpt lat="22.248197649765604" lon="113.9418068750427"><ele>368.2193622131388</ele><time>2022-08-20T03:27:17Z</time></trkpt><trkpt lat="22.248188617964434" lon="113.94178811897196"><ele>368.50344762642874</ele><time>2022-08-20T03:27:19Z</time></trkpt><trkpt lat="22.248184298709077" lon="113.94176122623018"><ele>368.39470882384865</ele><time>2022-08-20T03:27:22Z</time></trkpt><trkpt lat="22.248182635802344" lon="113.94173921809721"><ele>368.5555765826474</ele><time>2022-08-20T03:27:24Z</time></trkpt><trkpt lat="22.248184610488938" lon="113.94171752459549"><ele>369.2005385371726</ele><time>2022-08-20T03:27:28Z</time></trkpt><trkpt lat="22.248186002386085" lon="113.94169186450378"><ele>369.8571019354272</ele><time>2022-08-20T03:27:31Z</time></trkpt><trkpt lat="22.2481879949993" lon="113.94166545126929"><ele>370.7954009366329</ele><time>2022-08-20T03:27:34Z</time></trkpt><trkpt lat="22.24818670246105" lon="113.94164571601327"><ele>371.3289151015094</ele><time>2022-08-20T03:27:39Z</time></trkpt><trkpt lat="22.24818784063828" lon="113.94162224864174"><ele>372.40776946055905</ele><time>2022-08-20T03:27:46Z</time></trkpt><trkpt lat="22.24819047365566" lon="113.9415986430428"><ele>372.7994937437174</ele><time>2022-08-20T03:27:49Z</time></trkpt><trkpt lat="22.248195128927616" lon="113.94157946795411"><ele>372.9696923706135</ele><time>2022-08-20T03:27:51Z</time></trkpt><trkpt lat="22.248205465134898" lon="113.94155422965905"><ele>373.5652299156473</ele><time>2022-08-20T03:27:54Z</time></trkpt><trkpt lat="22.24821263536742" lon="113.9415317899712"><ele>373.6740038101704</ele><time>2022-08-20T03:27:56Z</time></trkpt><trkpt lat="22.248219592703798" lon="113.94150769422755"><ele>373.3663284137328</ele><time>2022-08-20T03:27:58Z</time></trkpt><trkpt lat="22.248223738622375" lon="113.94148294505183"><ele>373.3170569824781</ele><time>2022-08-20T03:28:01Z</time></trkpt><trkpt lat="22.248230530453352" lon="113.94146121555232"><ele>373.604061670196</ele><time>2022-08-20T03:28:05Z</time></trkpt><trkpt lat="22.248248432581892" lon="113.941457601486"><ele>373.910980292859</ele><time>2022-08-20T03:28:08Z</time></trkpt><trkpt lat="22.24825463166628" lon="113.94143710931428"><ele>373.854673919863</ele><time>2022-08-20T03:28:17Z</time></trkpt><trkpt lat="22.248260387868807" lon="113.94141357152532"><ele>374.2433714997034</ele><time>2022-08-20T03:28:20Z</time></trkpt><trkpt lat="22.248259557078914" lon="113.94139106640046"><ele>374.5001051829292</ele><time>2022-08-20T03:28:23Z</time></trkpt><trkpt lat="22.24827840176994" lon="113.94137563658188"><ele>375.17687052099933</ele><time>2022-08-20T03:28:26Z</time></trkpt><trkpt lat="22.248303820503374" lon="113.94138324518373"><ele>376.12339371963253</ele><time>2022-08-20T03:28:30Z</time></trkpt><trkpt lat="22.24828955804708" lon="113.94139621473569"><ele>377.15562637686264</ele><time>2022-08-20T03:28:40Z</time></trkpt><trkpt lat="22.24827464827653" lon="113.94141058070802"><ele>377.230791053841</ele><time>2022-08-20T03:28:48Z</time></trkpt><trkpt lat="22.248260478305323" lon="113.94138821091497"><ele>376.563728373894</ele><time>2022-08-20T03:28:55Z</time></trkpt><trkpt lat="22.248264444281784" lon="113.94136251151276"><ele>376.33421114873937</ele><time>2022-08-20T03:28:58Z</time></trkpt><trkpt lat="22.248266563459346" lon="113.9413339942169"><ele>376.57143630324936</ele><time>2022-08-20T03:29:01Z</time></trkpt><trkpt lat="22.248270365371443" lon="113.9413103087268"><ele>376.7658337786747</ele><time>2022-08-20T03:29:04Z</time></trkpt><trkpt lat="22.248259390187876" lon="113.94128554787767"><ele>377.3015902738984</ele><time>2022-08-20T03:29:08Z</time></trkpt><trkpt lat="22.24825257810473" lon="113.94126095467469"><ele>378.0358115911829</ele><time>2022-08-20T03:29:11Z</time></trkpt><trkpt lat="22.24824887314545" lon="113.94123652942591"><ele>378.690104558444</ele><time>2022-08-20T03:29:14Z</time></trkpt><trkpt lat="22.248233411104184" lon="113.94122318953471"><ele>379.66284243179473</ele><time>2022-08-20T03:29:18Z</time></trkpt><trkpt lat="22.248222823290114" lon="113.94119952978087"><ele>380.5685529034192</ele><time>2022-08-20T03:29:21Z</time></trkpt><trkpt lat="22.24821736043661" lon="113.94118057925557"><ele>381.03527471327925</ele><time>2022-08-20T03:29:23Z</time></trkpt><trkpt lat="22.24820264672502" lon="113.94115325367365"><ele>381.2405258091314</ele><time>2022-08-20T03:29:26Z</time></trkpt><trkpt lat="22.248187314184953" lon="113.94114075529743"><ele>381.31632533278525</ele><time>2022-08-20T03:29:28Z</time></trkpt><trkpt lat="22.248173234460815" lon="113.94112544977716"><ele>381.0621554191993</ele><time>2022-08-20T03:29:30Z</time></trkpt><trkpt lat="22.24815281839238" lon="113.94110883944326"><ele>381.3404442165599</ele><time>2022-08-20T03:29:32Z</time></trkpt><trkpt lat="22.248137323698327" lon="113.94108865048041"><ele>381.2351023079004</ele><time>2022-08-20T03:29:34Z</time></trkpt><trkpt lat="22.248126108509034" lon="113.94107241775664"><ele>381.57864401194286</ele><time>2022-08-20T03:29:36Z</time></trkpt><trkpt lat="22.24811046470893" lon="113.94105172772214"><ele>381.63899304268404</ele><time>2022-08-20T03:29:39Z</time></trkpt><trkpt lat="22.248092955310838" lon="113.94104168306364"><ele>382.8206319122562</ele><time>2022-08-20T03:29:43Z</time></trkpt><trkpt lat="22.2480776152767" lon="113.94102811292785"><ele>383.4108099868613</ele><time>2022-08-20T03:29:45Z</time></trkpt><trkpt lat="22.24807127989053" lon="113.94100551185743"><ele>383.9959305372103</ele><time>2022-08-20T03:29:47Z</time></trkpt><trkpt lat="22.24806534116194" lon="113.94097446569032"><ele>384.6212671623339</ele><time>2022-08-20T03:29:49Z</time></trkpt><trkpt lat="22.24805025521538" lon="113.94095424611494"><ele>385.11191751172163</ele><time>2022-08-20T03:29:51Z</time></trkpt><trkpt lat="22.248031036725973" lon="113.94093761593135"><ele>385.3616712198492</ele><time>2022-08-20T03:29:53Z</time></trkpt><trkpt lat="22.248014262984647" lon="113.94091221422978"><ele>385.91020993985035</ele><time>2022-08-20T03:29:56Z</time></trkpt><trkpt lat="22.248000289178446" lon="113.94089184939736"><ele>386.31834053363934</ele><time>2022-08-20T03:29:58Z</time></trkpt><trkpt lat="22.247985158119466" lon="113.94087577585888"><ele>386.9666013629077</ele><time>2022-08-20T03:30:00Z</time></trkpt><trkpt lat="22.24798681720987" lon="113.94085173288707"><ele>387.2483617806324</ele><time>2022-08-20T03:30:02Z</time></trkpt><trkpt lat="22.247988843074417" lon="113.94083216789943"><ele>387.9303177509044</ele><time>2022-08-20T03:30:04Z</time></trkpt><trkpt lat="22.24798782819864" lon="113.9408126814312"><ele>388.86840590617726</ele><time>2022-08-20T03:30:07Z</time></trkpt><trkpt lat="22.247973239978492" lon="113.94079588722283"><ele>390.17803729949134</ele><time>2022-08-20T03:30:11Z</time></trkpt><trkpt lat="22.247968292640827" lon="113.94077114849426"><ele>391.17548561796593</ele><time>2022-08-20T03:30:14Z</time></trkpt><trkpt lat="22.247955440250106" lon="113.94074925475081"><ele>392.03468555942646</ele><time>2022-08-20T03:30:17Z</time></trkpt><trkpt lat="22.247954393351048" lon="113.94072165013425"><ele>393.09260867391265</ele><time>2022-08-20T03:30:20Z</time></trkpt><trkpt lat="22.247953856310268" lon="113.94069756913852"><ele>393.85751703789396</ele><time>2022-08-20T03:30:23Z</time></trkpt><trkpt lat="22.24795210323928" lon="113.9406745334837"><ele>394.8888081391776</ele><time>2022-08-20T03:30:27Z</time></trkpt><trkpt lat="22.247944478207867" lon="113.9406483616165"><ele>396.51159431698187</ele><time>2022-08-20T03:30:32Z</time></trkpt><trkpt lat="22.24794278648436" lon="113.9406284055034"><ele>397.79703196709016</ele><time>2022-08-20T03:30:35Z</time></trkpt><trkpt lat="22.247944294087656" lon="113.94060743328264"><ele>398.95243200682995</ele><time>2022-08-20T03:30:38Z</time></trkpt><trkpt lat="22.247938312711742" lon="113.94058698780256"><ele>399.580514006403</ele><time>2022-08-20T03:30:41Z</time></trkpt><trkpt lat="22.24793904456203" lon="113.94056511192025"><ele>400.2066134251477</ele><time>2022-08-20T03:30:44Z</time></trkpt><trkpt lat="22.247944215121777" lon="113.94054166755024"><ele>400.57918435689106</ele><time>2022-08-20T03:30:47Z</time></trkpt><trkpt lat="22.24794495180884" lon="113.94052216079103"><ele>400.9102170579752</ele><time>2022-08-20T03:30:50Z</time></trkpt><trkpt lat="22.24794161954207" lon="113.94050197443954"><ele>401.10717654540315</ele><time>2022-08-20T03:31:02Z</time></trkpt><trkpt lat="22.24794998155418" lon="113.94048304208172"><ele>401.88056324116053</ele><time>2022-08-20T03:31:05Z</time></trkpt><trkpt lat="22.247963091356464" lon="113.94046727358678"><ele>401.99113061959935</ele><time>2022-08-20T03:31:09Z</time></trkpt><trkpt lat="22.24797329567846" lon="113.94045072189215"><ele>401.6167895861328</ele><time>2022-08-20T03:31:13Z</time></trkpt><trkpt lat="22.24798252053944" lon="113.94043088595643"><ele>401.5694983380949</ele><time>2022-08-20T03:31:18Z</time></trkpt><trkpt lat="22.247989868790818" lon="113.9404094889193"><ele>401.60044755145026</ele><time>2022-08-20T03:31:21Z</time></trkpt><trkpt lat="22.247986494857386" lon="113.94038604893463"><ele>402.45344855571443</ele><time>2022-08-20T03:31:25Z</time></trkpt><trkpt lat="22.247977984249147" lon="113.94036287446873"><ele>402.8141204279968</ele><time>2022-08-20T03:31:29Z</time></trkpt><trkpt lat="22.247964775312262" lon="113.94034133218177"><ele>403.08394759550333</ele><time>2022-08-20T03:31:32Z</time></trkpt><trkpt lat="22.247960758311347" lon="113.94031964903317"><ele>402.9860869370536</ele><time>2022-08-20T03:31:36Z</time></trkpt><trkpt lat="22.247975993297263" lon="113.94030653072514"><ele>402.51806772303166</ele><time>2022-08-20T03:31:48Z</time></trkpt><trkpt lat="22.24797369147302" lon="113.94028597124213"><ele>403.41807404102656</ele><time>2022-08-20T03:32:02Z</time></trkpt><trkpt lat="22.247979189600176" lon="113.94026708183864"><ele>403.3429030249191</ele><time>2022-08-20T03:32:04Z</time></trkpt><trkpt lat="22.247991948202483" lon="113.94024811761265"><ele>403.95581733875775</ele><time>2022-08-20T03:32:07Z</time></trkpt><trkpt lat="22.2479868183541" lon="113.94022737468373"><ele>404.6590871254225</ele><time>2022-08-20T03:32:11Z</time></trkpt><trkpt lat="22.24797771635596" lon="113.94020846769033"><ele>404.69635157792084</ele><time>2022-08-20T03:32:14Z</time></trkpt><trkpt lat="22.24797549770714" lon="113.94017872946169"><ele>405.06105447260853</ele><time>2022-08-20T03:32:25Z</time></trkpt><trkpt lat="22.247971148677657" lon="113.94015535053457"><ele>406.53190856855616</ele><time>2022-08-20T03:32:35Z</time></trkpt><trkpt lat="22.247985070223834" lon="113.94013580865715"><ele>408.15429493405225</ele><time>2022-08-20T03:32:39Z</time></trkpt><trkpt lat="22.247979011227" lon="113.9401072922717"><ele>408.4494868977466</ele><time>2022-08-20T03:32:42Z</time></trkpt><trkpt lat="22.247971850576473" lon="113.9400825312236"><ele>408.72493876237303</ele><time>2022-08-20T03:32:44Z</time></trkpt><trkpt lat="22.247964642199147" lon="113.9400623632116"><ele>409.12130954520916</ele><time>2022-08-20T03:32:46Z</time></trkpt><trkpt lat="22.24796054364408" lon="113.94003819078604"><ele>409.38520444016524</ele><time>2022-08-20T03:32:49Z</time></trkpt><trkpt lat="22.247955582688107" lon="113.94001772097221"><ele>409.68325321238467</ele><time>2022-08-20T03:32:52Z</time></trkpt><trkpt lat="22.24795957311036" lon="113.93999111528889"><ele>409.65262504492995</ele><time>2022-08-20T03:32:55Z</time></trkpt><trkpt lat="22.24796520289957" lon="113.93996936230128"><ele>409.33821528921413</ele><time>2022-08-20T03:32:58Z</time></trkpt><trkpt lat="22.247964685027984" lon="113.93994773072433"><ele>409.393948570013</ele><time>2022-08-20T03:33:02Z</time></trkpt><trkpt lat="22.247977764828498" lon="113.93993337094899"><ele>409.8580689228305</ele><time>2022-08-20T03:33:05Z</time></trkpt><trkpt lat="22.24798599568539" lon="113.93991448847719"><ele>409.8980604087194</ele><time>2022-08-20T03:33:07Z</time></trkpt><trkpt lat="22.247990134633394" lon="113.93989514369498"><ele>409.8388661488419</ele><time>2022-08-20T03:33:09Z</time></trkpt><trkpt lat="22.24799335158873" lon="113.93986912073281"><ele>410.4113220523462</ele><time>2022-08-20T03:33:12Z</time></trkpt><trkpt lat="22.247997767397404" lon="113.93984816386198"><ele>410.84679871411583</ele><time>2022-08-20T03:33:14Z</time></trkpt><trkpt lat="22.24799312886843" lon="113.93982116395033"><ele>411.00516907350146</ele><time>2022-08-20T03:33:17Z</time></trkpt><trkpt lat="22.247977551865674" lon="113.93980731429117"><ele>411.0533882336561</ele><time>2022-08-20T03:33:19Z</time></trkpt><trkpt lat="22.24795807170246" lon="113.93979689135679"><ele>411.0849878965176</ele><time>2022-08-20T03:33:21Z</time></trkpt><trkpt lat="22.247936245843498" lon="113.93978819203036"><ele>411.1623152611416</ele><time>2022-08-20T03:33:23Z</time></trkpt><trkpt lat="22.247914283073865" lon="113.93977629925935"><ele>411.4237875764734</ele><time>2022-08-20T03:33:25Z</time></trkpt><trkpt lat="22.247896449363473" lon="113.93976373717008"><ele>411.70725521838875</ele><time>2022-08-20T03:33:27Z</time></trkpt><trkpt lat="22.247881932035988" lon="113.93975092056255"><ele>411.69028809171823</ele><time>2022-08-20T03:33:29Z</time></trkpt><trkpt lat="22.247883544698052" lon="113.93972500141072"><ele>411.79634981225934</ele><time>2022-08-20T03:33:32Z</time></trkpt><trkpt lat="22.247887072950682" lon="113.93970165277018"><ele>412.14105487670287</ele><time>2022-08-20T03:33:34Z</time></trkpt><trkpt lat="22.24788676501166" lon="113.93968128530224"><ele>412.4234510448129</ele><time>2022-08-20T03:33:36Z</time></trkpt><trkpt lat="22.247891325704558" lon="113.93966119629326"><ele>412.3909096998962</ele><time>2022-08-20T03:33:38Z</time></trkpt><trkpt lat="22.24789165059642" lon="113.93963418528284"><ele>412.87224976278634</ele><time>2022-08-20T03:33:43Z</time></trkpt><trkpt lat="22.247879247074298" lon="113.93960924063195"><ele>412.7493550238562</ele><time>2022-08-20T03:33:46Z</time></trkpt><trkpt lat="22.247865149196603" lon="113.93959403947433"><ele>412.798167553758</ele><time>2022-08-20T03:33:49Z</time></trkpt><trkpt lat="22.247863435275683" lon="113.93957367540519"><ele>413.6507859023881</ele><time>2022-08-20T03:33:52Z</time></trkpt><trkpt lat="22.24786659245517" lon="113.93954990205182"><ele>415.1656782851243</ele><time>2022-08-20T03:34:00Z</time></trkpt><trkpt lat="22.247862393436378" lon="113.93952613401532"><ele>416.9592173143368</ele><time>2022-08-20T03:34:07Z</time></trkpt><trkpt lat="22.2478384600776" lon="113.93951748766246"><ele>417.3998557136311</ele><time>2022-08-20T03:34:09Z</time></trkpt><trkpt lat="22.247824806558967" lon="113.93949259657599"><ele>418.7377559784479</ele><time>2022-08-20T03:34:12Z</time></trkpt><trkpt lat="22.247813801202366" lon="113.93946575207616"><ele>419.2984081561101</ele><time>2022-08-20T03:34:15Z</time></trkpt><trkpt lat="22.247809720083236" lon="113.93944623929555"><ele>419.4077893142559</ele><time>2022-08-20T03:34:17Z</time></trkpt><trkpt lat="22.24780206886951" lon="113.93942762413546"><ele>419.7128254349027</ele><time>2022-08-20T03:34:19Z</time></trkpt><trkpt lat="22.24778942088567" lon="113.93940356849505"><ele>419.7147626380793</ele><time>2022-08-20T03:34:21Z</time></trkpt><trkpt lat="22.247777319027513" lon="113.93938265839546"><ele>419.51291264460303</ele><time>2022-08-20T03:34:23Z</time></trkpt><trkpt lat="22.247769652164084" lon="113.93936389227828"><ele>419.2159972775567</ele><time>2022-08-20T03:34:25Z</time></trkpt><trkpt lat="22.247761735621403" lon="113.93933598345276"><ele>418.61149520763803</ele><time>2022-08-20T03:34:28Z</time></trkpt><trkpt lat="22.247748438698558" lon="113.93931787957108"><ele>418.9128361917804</ele><time>2022-08-20T03:34:31Z</time></trkpt><trkpt lat="22.247734551498546" lon="113.93929891381467"><ele>419.3051125683751</ele><time>2022-08-20T03:34:34Z</time></trkpt><trkpt lat="22.247722102149712" lon="113.93928142443505"><ele>419.92810853310704</ele><time>2022-08-20T03:34:36Z</time></trkpt><trkpt lat="22.247707167114253" lon="113.93926826957505"><ele>420.1370358300909</ele><time>2022-08-20T03:34:38Z</time></trkpt><trkpt lat="22.24768714630405" lon="113.9392497368243"><ele>420.88185810619456</ele><time>2022-08-20T03:34:41Z</time></trkpt><trkpt lat="22.247676621170147" lon="113.93923348115307"><ele>421.20195389123165</ele><time>2022-08-20T03:34:43Z</time></trkpt><trkpt lat="22.2476632264252" lon="113.93921965054822"><ele>421.180719206689</ele><time>2022-08-20T03:34:45Z</time></trkpt><trkpt lat="22.24764884228298" lon="113.93920334330562"><ele>421.6329639458055</ele><time>2022-08-20T03:34:47Z</time></trkpt><trkpt lat="22.247629597538243" lon="113.93918496934437"><ele>422.289826207036</ele><time>2022-08-20T03:34:49Z</time></trkpt><trkpt lat="22.247614986808372" lon="113.93916947941457"><ele>422.3630422809412</ele><time>2022-08-20T03:34:51Z</time></trkpt><trkpt lat="22.247597208392573" lon="113.93915575598189"><ele>422.792217056187</ele><time>2022-08-20T03:34:53Z</time></trkpt><trkpt lat="22.24758249511759" lon="113.93914276953025"><ele>423.1117660926516</ele><time>2022-08-20T03:34:55Z</time></trkpt><trkpt lat="22.247568646878374" lon="113.93912834410995"><ele>423.79990689029785</ele><time>2022-08-20T03:34:58Z</time></trkpt><trkpt lat="22.247549174711033" lon="113.93912139200782"><ele>424.8721728900814</ele><time>2022-08-20T03:35:09Z</time></trkpt><trkpt lat="22.247524572768324" lon="113.93909517342065"><ele>426.094267475076</ele><time>2022-08-20T03:35:26Z</time></trkpt><trkpt lat="22.247491165376474" lon="113.93909576443139"><ele>426.8531879821126</ele><time>2022-08-20T03:35:30Z</time></trkpt><trkpt lat="22.2474669719003" lon="113.93908898161138"><ele>427.3249550202148</ele><time>2022-08-20T03:35:32Z</time></trkpt><trkpt lat="22.247444586310195" lon="113.93907442399126"><ele>427.93991450051095</ele><time>2022-08-20T03:35:34Z</time></trkpt><trkpt lat="22.24742143523936" lon="113.93906217985887"><ele>428.72821924817947</ele><time>2022-08-20T03:35:36Z</time></trkpt><trkpt lat="22.247403581633137" lon="113.93905373007995"><ele>429.3820518111299</ele><time>2022-08-20T03:35:38Z</time></trkpt><trkpt lat="22.24740385084801" lon="113.93903246291033"><ele>431.0061575378997</ele><time>2022-08-20T03:35:43Z</time></trkpt><trkpt lat="22.247388276286554" lon="113.93901108101335"><ele>431.7077664265232</ele><time>2022-08-20T03:35:45Z</time></trkpt><trkpt lat="22.247368734232946" lon="113.93899128826557"><ele>432.4885742292512</ele><time>2022-08-20T03:35:48Z</time></trkpt><trkpt lat="22.247347379110504" lon="113.93898920417399"><ele>432.6305266388429</ele><time>2022-08-20T03:35:50Z</time></trkpt><trkpt lat="22.247339552276046" lon="113.9389698859217"><ele>432.7818351626336</ele><time>2022-08-20T03:35:57Z</time></trkpt><trkpt lat="22.247327410523543" lon="113.93894516225798"><ele>433.28961263664047</ele><time>2022-08-20T03:36:05Z</time></trkpt><trkpt lat="22.247305346060934" lon="113.93892591303576"><ele>435.84277209029136</ele><time>2022-08-20T03:36:09Z</time></trkpt><trkpt lat="22.24729732128958" lon="113.93890171647824"><ele>436.93050547119293</ele><time>2022-08-20T03:36:11Z</time></trkpt><trkpt lat="22.247291990508955" lon="113.93887432246856"><ele>439.02402658525114</ele><time>2022-08-20T03:36:13Z</time></trkpt><trkpt lat="22.24728667023874" lon="113.93885329444464"><ele>439.1288095024691</ele><time>2022-08-20T03:36:15Z</time></trkpt><trkpt lat="22.247275481486312" lon="113.9388317175105"><ele>439.5277041774211</ele><time>2022-08-20T03:36:46Z</time></trkpt><trkpt lat="22.24728380056212" lon="113.93881348417399"><ele>440.01114333166674</ele><time>2022-08-20T03:36:48Z</time></trkpt><trkpt lat="22.24729018078346" lon="113.93878812331154"><ele>439.82062706374876</ele><time>2022-08-20T03:36:51Z</time></trkpt><trkpt lat="22.247290326691584" lon="113.93876813270916"><ele>439.64869635544017</ele><time>2022-08-20T03:36:55Z</time></trkpt><trkpt lat="22.24727966150751" lon="113.93874867729116"><ele>440.2761736846131</ele><time>2022-08-20T03:37:00Z</time></trkpt><trkpt lat="22.24728098662856" lon="113.93872531758271"><ele>440.84563974013355</ele><time>2022-08-20T03:37:13Z</time></trkpt><trkpt lat="22.24727848180705" lon="113.93870315505754"><ele>440.9959068542607</ele><time>2022-08-20T03:37:15Z</time></trkpt><trkpt lat="22.247281256549364" lon="113.93868272367258"><ele>440.99680480476746</ele><time>2022-08-20T03:37:17Z</time></trkpt><trkpt lat="22.24728963046064" lon="113.93866062131052"><ele>441.1094027402064</ele><time>2022-08-20T03:37:19Z</time></trkpt><trkpt lat="22.24728949540345" lon="113.93863727011062"><ele>440.9615896612486</ele><time>2022-08-20T03:37:21Z</time></trkpt><trkpt lat="22.247290632093065" lon="113.9386127483662"><ele>441.1513434788599</ele><time>2022-08-20T03:37:24Z</time></trkpt><trkpt lat="22.24729798848575" lon="113.93859329539139"><ele>441.61484159287056</ele><time>2022-08-20T03:37:28Z</time></trkpt><trkpt lat="22.24732052461264" lon="113.93858503600734"><ele>441.82202114208866</ele><time>2022-08-20T03:37:43Z</time></trkpt><trkpt lat="22.24733269463508" lon="113.938554448816"><ele>442.6256101298136</ele><time>2022-08-20T03:37:47Z</time></trkpt><trkpt lat="22.247349918672597" lon="113.9385358394964"><ele>442.8840951523855</ele><time>2022-08-20T03:37:49Z</time></trkpt><trkpt lat="22.247362410097146" lon="113.93851698365593"><ele>442.84126787600144</ele><time>2022-08-20T03:37:51Z</time></trkpt><trkpt lat="22.24736669774525" lon="113.93849281412606"><ele>442.6473549913151</ele><time>2022-08-20T03:37:53Z</time></trkpt><trkpt lat="22.247369298472936" lon="113.93846441116158"><ele>442.72705020225305</ele><time>2022-08-20T03:37:55Z</time></trkpt><trkpt lat="22.247385961273498" lon="113.93844097014895"><ele>443.32274703168014</ele><time>2022-08-20T03:37:57Z</time></trkpt><trkpt lat="22.2474051650034" lon="113.93842471432204"><ele>443.3660622740337</ele><time>2022-08-20T03:37:59Z</time></trkpt><trkpt lat="22.247411358708515" lon="113.9384053743948"><ele>443.29419424658056</ele><time>2022-08-20T03:38:01Z</time></trkpt><trkpt lat="22.247413140004653" lon="113.93837665808921"><ele>443.8665091153803</ele><time>2022-08-20T03:38:04Z</time></trkpt><trkpt lat="22.247412357504444" lon="113.93835505050373"><ele>444.1987544589526</ele><time>2022-08-20T03:38:06Z</time></trkpt><trkpt lat="22.24740815113296" lon="113.93833403192255"><ele>444.3729893576728</ele><time>2022-08-20T03:38:08Z</time></trkpt><trkpt lat="22.24740550795514" lon="113.9383062348428"><ele>444.8802632518076</ele><time>2022-08-20T03:38:11Z</time></trkpt><trkpt lat="22.247402501185075" lon="113.93827923475621"><ele>445.5057749903323</ele><time>2022-08-20T03:38:14Z</time></trkpt><trkpt lat="22.247404744280143" lon="113.93825993696873"><ele>445.8667376556286</ele><time>2022-08-20T03:38:16Z</time></trkpt><trkpt lat="22.247406879322842" lon="113.93823465208514"><ele>446.5269330454891</ele><time>2022-08-20T03:38:19Z</time></trkpt><trkpt lat="22.247410610145934" lon="113.93821408468588"><ele>446.91046401071327</ele><time>2022-08-20T03:38:22Z</time></trkpt><trkpt lat="22.24740503887268" lon="113.93818676706977"><ele>447.707731367811</ele><time>2022-08-20T03:38:25Z</time></trkpt><trkpt lat="22.24739406242587" lon="113.93816797762314"><ele>447.8038737685872</ele><time>2022-08-20T03:38:27Z</time></trkpt><trkpt lat="22.247381117918795" lon="113.9381518704201"><ele>448.032959364382</ele><time>2022-08-20T03:38:29Z</time></trkpt><trkpt lat="22.24737089846879" lon="113.93813231092066"><ele>448.41519187849815</ele><time>2022-08-20T03:38:32Z</time></trkpt><trkpt lat="22.247353612522033" lon="113.93810886356705"><ele>447.5713824443275</ele><time>2022-08-20T03:38:35Z</time></trkpt><trkpt lat="22.24734318297261" lon="113.93808661831766"><ele>447.41573115815345</ele><time>2022-08-20T03:38:37Z</time></trkpt><trkpt lat="22.247336007048496" lon="113.93805943208807"><ele>447.40027523632745</ele><time>2022-08-20T03:38:40Z</time></trkpt><trkpt lat="22.247330355604557" lon="113.93803701122896"><ele>447.75039512286986</ele><time>2022-08-20T03:38:42Z</time></trkpt><trkpt lat="22.24732163014976" lon="113.93801597090072"><ele>448.0202916193149</ele><time>2022-08-20T03:38:44Z</time></trkpt><trkpt lat="22.247309723114107" lon="113.93799638722828"><ele>448.2284049575582</ele><time>2022-08-20T03:38:46Z</time></trkpt><trkpt lat="22.24729569243762" lon="113.93797585642315"><ele>449.0890984074925</ele><time>2022-08-20T03:38:48Z</time></trkpt><trkpt lat="22.24727754878885" lon="113.93795986919511"><ele>449.1956190793104</ele><time>2022-08-20T03:38:50Z</time></trkpt><trkpt lat="22.247259805683534" lon="113.9379474352238"><ele>449.4396713477012</ele><time>2022-08-20T03:38:52Z</time></trkpt><trkpt lat="22.24724360111934" lon="113.93793203551424"><ele>449.5999433668654</ele><time>2022-08-20T03:38:55Z</time></trkpt><trkpt lat="22.247232656392505" lon="113.93791312008018"><ele>449.52017889403896</ele><time>2022-08-20T03:38:57Z</time></trkpt><trkpt lat="22.247218204215205" lon="113.93789011681838"><ele>449.52574773315075</ele><time>2022-08-20T03:38:59Z</time></trkpt><trkpt lat="22.247200523514614" lon="113.9378712257112"><ele>449.5731141088176</ele><time>2022-08-20T03:39:01Z</time></trkpt><trkpt lat="22.247188353773627" lon="113.93784728306731"><ele>450.8674156726862</ele><time>2022-08-20T03:40:19Z</time></trkpt><trkpt lat="22.247185615638745" lon="113.93782523663036"><ele>451.06677127886866</ele><time>2022-08-20T03:40:24Z</time></trkpt><trkpt lat="22.247170060576885" lon="113.9378136049884"><ele>451.5218287372512</ele><time>2022-08-20T03:40:56Z</time></trkpt><trkpt lat="22.247158449677563" lon="113.93778822210507"><ele>452.32018426348264</ele><time>2022-08-20T03:40:58Z</time></trkpt><trkpt lat="22.247137063835257" lon="113.93778459822933"><ele>451.97725468959175</ele><time>2022-08-20T03:41:00Z</time></trkpt><trkpt lat="22.247111306180145" lon="113.93778202384307"><ele>451.86606741030397</ele><time>2022-08-20T03:41:02Z</time></trkpt><trkpt lat="22.247088679700443" lon="113.93778025419337"><ele>452.2233537344145</ele><time>2022-08-20T03:41:04Z</time></trkpt><trkpt lat="22.247063125768623" lon="113.9377775496549"><ele>452.15488568463536</ele><time>2022-08-20T03:41:06Z</time></trkpt><trkpt lat="22.24704477508227" lon="113.9377751096182"><ele>452.320820325053</ele><time>2022-08-20T03:41:08Z</time></trkpt><trkpt lat="22.247024707007277" lon="113.93777427378005"><ele>454.17384120023365</ele><time>2022-08-20T03:41:09Z</time></trkpt><trkpt lat="22.247005857434793" lon="113.93776118890004"><ele>455.05327963489367</ele><time>2022-08-20T03:41:12Z</time></trkpt><trkpt lat="22.246982845311294" lon="113.93776082757063"><ele>455.21171646172075</ele><time>2022-08-20T03:41:15Z</time></trkpt><trkpt lat="22.24696637018338" lon="113.93775173421032"><ele>455.6216406228119</ele><time>2022-08-20T03:41:17Z</time></trkpt><trkpt lat="22.24694914127747" lon="113.93773802193277"><ele>455.4671605362957</ele><time>2022-08-20T03:41:19Z</time></trkpt><trkpt lat="22.24693041438654" lon="113.93771730678563"><ele>455.3728860430735</ele><time>2022-08-20T03:41:21Z</time></trkpt><trkpt lat="22.246914846890885" lon="113.93770050670513"><ele>455.5365645702415</ele><time>2022-08-20T03:41:23Z</time></trkpt><trkpt lat="22.24690563710602" lon="113.93768199185368"><ele>455.78634235690095</ele><time>2022-08-20T03:41:25Z</time></trkpt><trkpt lat="22.246891587136425" lon="113.93766743284213"><ele>455.8603699939334</ele><time>2022-08-20T03:41:27Z</time></trkpt><trkpt lat="22.246867034818056" lon="113.93765770265367"><ele>456.13850604749445</ele><time>2022-08-20T03:41:30Z</time></trkpt><trkpt lat="22.246847054185956" lon="113.937656805857"><ele>456.3060042091139</ele><time>2022-08-20T03:41:32Z</time></trkpt><trkpt lat="22.24682439518807" lon="113.93765399349577"><ele>456.5084928967716</ele><time>2022-08-20T03:41:35Z</time></trkpt><trkpt lat="22.246805362969358" lon="113.93764424540714"><ele>456.5862314302044</ele><time>2022-08-20T03:41:37Z</time></trkpt><trkpt lat="22.24678823841297" lon="113.9376333261149"><ele>456.4298588834218</ele><time>2022-08-20T03:41:39Z</time></trkpt><trkpt lat="22.24676651092593" lon="113.93762830461826"><ele>456.246867573735</ele><time>2022-08-20T03:41:41Z</time></trkpt><trkpt lat="22.246745750598514" lon="113.93762151497882"><ele>456.7430193071535</ele><time>2022-08-20T03:41:43Z</time></trkpt><trkpt lat="22.246723498541268" lon="113.9376137615162"><ele>457.34875340756884</ele><time>2022-08-20T03:41:45Z</time></trkpt><trkpt lat="22.24670545454538" lon="113.93760819945818"><ele>457.66473497172876</ele><time>2022-08-20T03:41:47Z</time></trkpt><trkpt lat="22.24668730149324" lon="113.93760597617647"><ele>457.5374103493582</ele><time>2022-08-20T03:41:49Z</time></trkpt><trkpt lat="22.246667969253668" lon="113.93760683128264"><ele>457.63121220449085</ele><time>2022-08-20T03:41:51Z</time></trkpt><trkpt lat="22.24664436531522" lon="113.93761222066458"><ele>457.4230812768672</ele><time>2022-08-20T03:41:53Z</time></trkpt><trkpt lat="22.24662311059514" lon="113.93761819162555"><ele>457.3771541149549</ele><time>2022-08-20T03:41:55Z</time></trkpt><trkpt lat="22.246604672295135" lon="113.93761906175757"><ele>457.60924604993363</ele><time>2022-08-20T03:41:57Z</time></trkpt><trkpt lat="22.24658655756689" lon="113.93762378174776"><ele>457.25219384669623</ele><time>2022-08-20T03:41:59Z</time></trkpt><trkpt lat="22.24656624916825" lon="113.93762313391608"><ele>457.2725590897041</ele><time>2022-08-20T03:42:01Z</time></trkpt><trkpt lat="22.246543250248056" lon="113.93761802184933"><ele>457.36830336101445</ele><time>2022-08-20T03:42:03Z</time></trkpt><trkpt lat="22.246514892226298" lon="113.93760918812093"><ele>457.2338716342114</ele><time>2022-08-20T03:42:05Z</time></trkpt><trkpt lat="22.246488980996286" lon="113.93759709719433"><ele>457.26993688121223</ele><time>2022-08-20T03:42:07Z</time></trkpt><trkpt lat="22.24647452628493" lon="113.9375828723642"><ele>457.42183525721737</ele><time>2022-08-20T03:42:09Z</time></trkpt><trkpt lat="22.246462948275724" lon="113.9375642447074"><ele>457.7179617166299</ele><time>2022-08-20T03:42:11Z</time></trkpt><trkpt lat="22.246453390229103" lon="113.93753843422003"><ele>458.18622252386206</ele><time>2022-08-20T03:42:14Z</time></trkpt><trkpt lat="22.246447896945888" lon="113.93751891752913"><ele>458.6376468108149</ele><time>2022-08-20T03:42:16Z</time></trkpt><trkpt lat="22.246445493895088" lon="113.93749570487518"><ele>459.19958058784215</ele><time>2022-08-20T03:42:18Z</time></trkpt><trkpt lat="22.246436439594476" lon="113.93747626882431"><ele>459.42964551341373</ele><time>2022-08-20T03:42:20Z</time></trkpt><trkpt lat="22.246425016117442" lon="113.93745843572691"><ele>459.58573323077195</ele><time>2022-08-20T03:42:22Z</time></trkpt><trkpt lat="22.246409702661044" lon="113.93744273153479"><ele>459.95177618991386</ele><time>2022-08-20T03:42:25Z</time></trkpt><trkpt lat="22.246400790078106" lon="113.93742568850531"><ele>460.38369893970184</ele><time>2022-08-20T03:42:27Z</time></trkpt><trkpt lat="22.24638791215114" lon="113.9374100855993"><ele>460.87656827519373</ele><time>2022-08-20T03:42:29Z</time></trkpt><trkpt lat="22.24637452402528" lon="113.93739444756824"><ele>461.3260240655857</ele><time>2022-08-20T03:42:31Z</time></trkpt><trkpt lat="22.24636438741759" lon="113.9373758969623"><ele>461.6107566129769</ele><time>2022-08-20T03:42:33Z</time></trkpt><trkpt lat="22.246349457405074" lon="113.93735966829811"><ele>461.93623524404455</ele><time>2022-08-20T03:42:35Z</time></trkpt><trkpt lat="22.24633260086526" lon="113.93733910706635"><ele>462.58896967899614</ele><time>2022-08-20T03:42:38Z</time></trkpt><trkpt lat="22.246320873521164" lon="113.93732351921162"><ele>462.82857290906594</ele><time>2022-08-20T03:42:40Z</time></trkpt><trkpt lat="22.246305634394023" lon="113.93730768847321"><ele>462.75620513096095</ele><time>2022-08-20T03:42:42Z</time></trkpt><trkpt lat="22.246287654293432" lon="113.93729244429923"><ele>462.79052122106054</ele><time>2022-08-20T03:42:44Z</time></trkpt><trkpt lat="22.246269678103644" lon="113.9372769931453"><ele>462.539546427307</ele><time>2022-08-20T03:42:46Z</time></trkpt><trkpt lat="22.24625231735628" lon="113.93726363090045"><ele>462.2727988071067</ele><time>2022-08-20T03:42:48Z</time></trkpt><trkpt lat="22.246231702821888" lon="113.9372510635652"><ele>462.1411824433672</ele><time>2022-08-20T03:42:52Z</time></trkpt><trkpt lat="22.246219538685356" lon="113.93723283342268"><ele>462.25403462560547</ele><time>2022-08-20T03:42:54Z</time></trkpt><trkpt lat="22.246204960528335" lon="113.93721895297365"><ele>462.22567049257003</ele><time>2022-08-20T03:42:56Z</time></trkpt><trkpt lat="22.24618657853807" lon="113.93720175426425"><ele>462.5769672880463</ele><time>2022-08-20T03:43:00Z</time></trkpt><trkpt lat="22.24617028985339" lon="113.93718766899578"><ele>462.91255795169815</ele><time>2022-08-20T03:43:03Z</time></trkpt><trkpt lat="22.246156815717278" lon="113.93717094751892"><ele>462.4727331426779</ele><time>2022-08-20T03:44:07Z</time></trkpt><trkpt lat="22.24614257359625" lon="113.93714750211703"><ele>462.8591787702846</ele><time>2022-08-20T03:44:10Z</time></trkpt><trkpt lat="22.246114864773727" lon="113.93712482619588"><ele>463.1769606464358</ele><time>2022-08-20T03:44:12Z</time></trkpt><trkpt lat="22.246094103628984" lon="113.93710326294605"><ele>463.2869078566906</ele><time>2022-08-20T03:44:14Z</time></trkpt><trkpt lat="22.246075146676784" lon="113.93709508955756"><ele>463.4771884680913</ele><time>2022-08-20T03:44:16Z</time></trkpt><trkpt lat="22.246053549364987" lon="113.93708474670431"><ele>463.51080862142885</ele><time>2022-08-20T03:44:19Z</time></trkpt><trkpt lat="22.246036028635398" lon="113.93707550722046"><ele>463.76806713747163</ele><time>2022-08-20T03:44:21Z</time></trkpt><trkpt lat="22.246020152670006" lon="113.93706216156868"><ele>463.82237079619074</ele><time>2022-08-20T03:44:23Z</time></trkpt><trkpt lat="22.2459996996498" lon="113.93704682868359"><ele>463.7624725483217</ele><time>2022-08-20T03:44:25Z</time></trkpt><trkpt lat="22.2459833993761" lon="113.93702231548886"><ele>463.6465589694891</ele><time>2022-08-20T03:44:28Z</time></trkpt><trkpt lat="22.24597177984001" lon="113.93700162463321"><ele>463.7002547632165</ele><time>2022-08-20T03:44:30Z</time></trkpt><trkpt lat="22.245959373388825" lon="113.93698171131113"><ele>464.0984176650105</ele><time>2022-08-20T03:44:33Z</time></trkpt><trkpt lat="22.24594500655163" lon="113.93696422019136"><ele>464.4909363770054</ele><time>2022-08-20T03:44:36Z</time></trkpt><trkpt lat="22.245925176562643" lon="113.93695986431972"><ele>464.47809030724005</ele><time>2022-08-20T03:44:40Z</time></trkpt><trkpt lat="22.24590776039032" lon="113.93694807677367"><ele>465.7092265392413</ele><time>2022-08-20T03:44:45Z</time></trkpt><trkpt lat="22.24589569384137" lon="113.93693205777538"><ele>466.22124709068953</ele><time>2022-08-20T03:44:49Z</time></trkpt><trkpt lat="22.245887752849534" lon="113.93691188267672"><ele>467.6082606813214</ele><time>2022-08-20T03:44:51Z</time></trkpt><trkpt lat="22.24588833556195" lon="113.93688732445051"><ele>467.4702271048507</ele><time>2022-08-20T03:44:54Z</time></trkpt><trkpt lat="22.245881131295523" lon="113.93686807323786"><ele>467.9041866281346</ele><time>2022-08-20T03:45:00Z</time></trkpt><trkpt lat="22.245866328824917" lon="113.93685254962031"><ele>468.15236162078446</ele><time>2022-08-20T03:45:05Z</time></trkpt><trkpt lat="22.245859183139036" lon="113.9368341738177"><ele>468.7021575621156</ele><time>2022-08-20T03:45:10Z</time></trkpt><trkpt lat="22.245852454391493" lon="113.93681413207045"><ele>469.1945865654216</ele><time>2022-08-20T03:45:13Z</time></trkpt><trkpt lat="22.245840474400413" lon="113.93679474432705"><ele>469.6775495011019</ele><time>2022-08-20T03:45:17Z</time></trkpt><trkpt lat="22.245828532278168" lon="113.93677738543683"><ele>470.429990181448</ele><time>2022-08-20T03:45:20Z</time></trkpt><trkpt lat="22.245810958234646" lon="113.93676587037062"><ele>471.0071399287508</ele><time>2022-08-20T03:45:23Z</time></trkpt><trkpt lat="22.245791370283534" lon="113.93675303750906"><ele>471.63851380196064</ele><time>2022-08-20T03:45:27Z</time></trkpt><trkpt lat="22.245778202301192" lon="113.93673746439474"><ele>471.87659156103416</ele><time>2022-08-20T03:45:30Z</time></trkpt><trkpt lat="22.245763479196405" lon="113.93672084035995"><ele>471.5743271950086</ele><time>2022-08-20T03:45:33Z</time></trkpt><trkpt lat="22.24574452034769" lon="113.93670418927283"><ele>471.7012048410912</ele><time>2022-08-20T03:45:36Z</time></trkpt><trkpt lat="22.245732784270686" lon="113.93668564671873"><ele>472.0242992262027</ele><time>2022-08-20T03:45:40Z</time></trkpt><trkpt lat="22.245730047135602" lon="113.93666497642646"><ele>472.92207585101414</ele><time>2022-08-20T03:45:43Z</time></trkpt><trkpt lat="22.245725848906815" lon="113.9366449400008"><ele>473.8848006176883</ele><time>2022-08-20T03:45:46Z</time></trkpt><trkpt lat="22.245725175281745" lon="113.93662456258261"><ele>475.08876837830985</ele><time>2022-08-20T03:45:49Z</time></trkpt><trkpt lat="22.245720870002014" lon="113.93660041647689"><ele>475.03056525769114</ele><time>2022-08-20T03:47:39Z</time></trkpt><trkpt lat="22.2457248722901" lon="113.9365811336688"><ele>475.1401869833822</ele><time>2022-08-20T03:47:53Z</time></trkpt><trkpt lat="22.245733841646103" lon="113.93655813543675"><ele>474.83380417170656</ele><time>2022-08-20T03:47:57Z</time></trkpt><trkpt lat="22.24572994020112" lon="113.93653277667319"><ele>474.7861371684073</ele><time>2022-08-20T03:48:00Z</time></trkpt><trkpt lat="22.245726346876904" lon="113.93651311088125"><ele>474.8376061345384</ele><time>2022-08-20T03:48:02Z</time></trkpt><trkpt lat="22.24572900432091" lon="113.93648797648251"><ele>475.2836499761635</ele><time>2022-08-20T03:48:05Z</time></trkpt><trkpt lat="22.245726705407854" lon="113.93646291517005"><ele>475.97127675020886</ele><time>2022-08-20T03:48:09Z</time></trkpt><trkpt lat="22.245729824762023" lon="113.9364397082963"><ele>476.45600192074465</ele><time>2022-08-20T03:48:13Z</time></trkpt><trkpt lat="22.245744402147768" lon="113.93642170204394"><ele>475.9067435026456</ele><time>2022-08-20T03:48:17Z</time></trkpt><trkpt lat="22.245762722155423" lon="113.93640808580611"><ele>475.25942338410186</ele><time>2022-08-20T03:48:21Z</time></trkpt><trkpt lat="22.24577511093882" lon="113.93638921064066"><ele>475.17544855286866</ele><time>2022-08-20T03:48:26Z</time></trkpt><trkpt lat="22.245786510446774" lon="113.93636788530834"><ele>475.58259215749644</ele><time>2022-08-20T03:48:31Z</time></trkpt><trkpt lat="22.245793212763967" lon="113.93634618951823"><ele>475.6581534488899</ele><time>2022-08-20T03:48:35Z</time></trkpt><trkpt lat="22.245804580357643" lon="113.93632290713842"><ele>475.8304404778353</ele><time>2022-08-20T03:48:39Z</time></trkpt><trkpt lat="22.24581220491256" lon="113.93630323709598"><ele>475.76829085391387</ele><time>2022-08-20T03:48:42Z</time></trkpt><trkpt lat="22.245826735303726" lon="113.9362905594438"><ele>475.77903170463264</ele><time>2022-08-20T03:48:46Z</time></trkpt><trkpt lat="22.24584647756416" lon="113.93628245297076"><ele>474.9417020602092</ele><time>2022-08-20T03:48:49Z</time></trkpt><trkpt lat="22.24585921428534" lon="113.93626733512491"><ele>474.85059036775095</ele><time>2022-08-20T03:48:53Z</time></trkpt><trkpt lat="22.24586978553135" lon="113.93624576020201"><ele>474.96888057022517</ele><time>2022-08-20T03:48:57Z</time></trkpt><trkpt lat="22.245880480232252" lon="113.93622869400457"><ele>475.60850823737337</ele><time>2022-08-20T03:49:01Z</time></trkpt><trkpt lat="22.24589580905775" lon="113.93620814660139"><ele>476.0204660490237</ele><time>2022-08-20T03:49:07Z</time></trkpt><trkpt lat="22.24591612604024" lon="113.93619243458065"><ele>475.9696348352935</ele><time>2022-08-20T03:49:10Z</time></trkpt><trkpt lat="22.245939169255823" lon="113.9361854502858"><ele>475.93909830963946</ele><time>2022-08-20T03:49:13Z</time></trkpt><trkpt lat="22.245952426248756" lon="113.93617193560281"><ele>476.58374320180684</ele><time>2022-08-20T03:50:11Z</time></trkpt><trkpt lat="22.245975174034875" lon="113.9361548322235"><ele>476.05984914307044</ele><time>2022-08-20T03:50:14Z</time></trkpt><trkpt lat="22.245994709005785" lon="113.93613331709172"><ele>476.1989205389263</ele><time>2022-08-20T03:50:18Z</time></trkpt><trkpt lat="22.24601365842742" lon="113.93611761956585"><ele>475.9716469841461</ele><time>2022-08-20T03:50:20Z</time></trkpt><trkpt lat="22.246026351017566" lon="113.93609011576645"><ele>476.2019181317558</ele><time>2022-08-20T03:50:24Z</time></trkpt><trkpt lat="22.246038757029027" lon="113.93606668490274"><ele>476.5649418155303</ele><time>2022-08-20T03:50:26Z</time></trkpt><trkpt lat="22.246046957480416" lon="113.93604590434916"><ele>476.8277248174652</ele><time>2022-08-20T03:50:28Z</time></trkpt><trkpt lat="22.246057062491133" lon="113.93602614060597"><ele>476.9002432966194</ele><time>2022-08-20T03:50:31Z</time></trkpt><trkpt lat="22.24605784147287" lon="113.93600152841367"><ele>477.1231635029108</ele><time>2022-08-20T03:50:39Z</time></trkpt><trkpt lat="22.246056331941126" lon="113.93597574656798"><ele>477.36465233004367</ele><time>2022-08-20T03:50:41Z</time></trkpt><trkpt lat="22.246062644226186" lon="113.93595075142025"><ele>477.6911432564005</ele><time>2022-08-20T03:50:44Z</time></trkpt><trkpt lat="22.246074505376605" lon="113.93593450507448"><ele>477.7264253163807</ele><time>2022-08-20T03:50:46Z</time></trkpt><trkpt lat="22.246094731095535" lon="113.93591671714107"><ele>477.5660827145443</ele><time>2022-08-20T03:50:49Z</time></trkpt><trkpt lat="22.246114413574805" lon="113.93590064766612"><ele>477.6213865078815</ele><time>2022-08-20T03:51:07Z</time></trkpt><trkpt lat="22.246127097433988" lon="113.93588309869239"><ele>477.3011828536964</ele><time>2022-08-20T03:51:10Z</time></trkpt><trkpt lat="22.246142418449267" lon="113.93586832846805"><ele>477.3181539490769</ele><time>2022-08-20T03:51:12Z</time></trkpt><trkpt lat="22.246159426620874" lon="113.93585820613804"><ele>476.9394335709393</ele><time>2022-08-20T03:51:15Z</time></trkpt><trkpt lat="22.246172602177687" lon="113.93583793616982"><ele>477.3146189758077</ele><time>2022-08-20T03:51:18Z</time></trkpt><trkpt lat="22.24618360974907" lon="113.93581298428255"><ele>477.55993543064574</ele><time>2022-08-20T03:51:21Z</time></trkpt><trkpt lat="22.246196239685656" lon="113.93579374218001"><ele>477.85195196897143</ele><time>2022-08-20T03:51:24Z</time></trkpt><trkpt lat="22.246203874312783" lon="113.93577554675444"><ele>477.79147741159863</ele><time>2022-08-20T03:51:29Z</time></trkpt><trkpt lat="22.246209611624717" lon="113.93575636206786"><ele>478.5506747087827</ele><time>2022-08-20T03:51:35Z</time></trkpt><trkpt lat="22.246227975333237" lon="113.93574242028447"><ele>479.6194833472519</ele><time>2022-08-20T03:51:39Z</time></trkpt><trkpt lat="22.246245592204133" lon="113.93573214057578"><ele>479.8280388927064</ele><time>2022-08-20T03:51:43Z</time></trkpt><trkpt lat="22.24626534169576" lon="113.93572174022921"><ele>479.8717751742161</ele><time>2022-08-20T03:51:47Z</time></trkpt><trkpt lat="22.246277662577732" lon="113.93570736078236"><ele>479.7668449035956</ele><time>2022-08-20T03:51:50Z</time></trkpt><trkpt lat="22.246295870249696" lon="113.93569451340603"><ele>480.23936290497306</ele><time>2022-08-20T03:51:53Z</time></trkpt><trkpt lat="22.246311645648312" lon="113.93568292664888"><ele>480.7008126445708</ele><time>2022-08-20T03:51:56Z</time></trkpt><trkpt lat="22.24632806609854" lon="113.93567241802725"><ele>481.0792566640045</ele><time>2022-08-20T03:52:00Z</time></trkpt><trkpt lat="22.246340373306964" lon="113.93565765795819"><ele>481.3466473145638</ele><time>2022-08-20T03:52:03Z</time></trkpt><trkpt lat="22.246357704677845" lon="113.93564496627513"><ele>482.89294715839844</ele><time>2022-08-20T03:52:08Z</time></trkpt><trkpt lat="22.24637751406263" lon="113.93563060579936"><ele>482.5887039455496</ele><time>2022-08-20T03:52:11Z</time></trkpt><trkpt lat="22.246392218226184" lon="113.935617373721"><ele>482.67475295311505</ele><time>2022-08-20T03:52:13Z</time></trkpt><trkpt lat="22.246408062500784" lon="113.9355937303424"><ele>482.7833035777926</ele><time>2022-08-20T03:52:16Z</time></trkpt><trkpt lat="22.246420998109304" lon="113.93557986110615"><ele>482.5989635965026</ele><time>2022-08-20T03:52:19Z</time></trkpt><trkpt lat="22.246438471017605" lon="113.935561080214"><ele>483.1807850761844</ele><time>2022-08-20T03:52:22Z</time></trkpt><trkpt lat="22.24645166659422" lon="113.93554654836852"><ele>483.61169608907375</ele><time>2022-08-20T03:52:24Z</time></trkpt><trkpt lat="22.246467782051603" lon="113.93552657110496"><ele>484.34457035061024</ele><time>2022-08-20T03:52:27Z</time></trkpt><trkpt lat="22.246479574690824" lon="113.9355079526582"><ele>484.9320228253096</ele><time>2022-08-20T03:52:29Z</time></trkpt><trkpt lat="22.246489412242475" lon="113.93548855117862"><ele>485.83811260632643</ele><time>2022-08-20T03:52:33Z</time></trkpt><trkpt lat="22.246501472021855" lon="113.93547168449537"><ele>486.64402655598</ele><time>2022-08-20T03:52:35Z</time></trkpt><trkpt lat="22.246511397735617" lon="113.9354511124314"><ele>487.4099653629954</ele><time>2022-08-20T03:52:37Z</time></trkpt><trkpt lat="22.246522973902106" lon="113.9354348278899"><ele>488.70214238181296</ele><time>2022-08-20T03:52:39Z</time></trkpt><trkpt lat="22.246540563253244" lon="113.93541204240192"><ele>489.4943086501101</ele><time>2022-08-20T03:52:42Z</time></trkpt><trkpt lat="22.246553017757716" lon="113.93539654894552"><ele>489.9292269952291</ele><time>2022-08-20T03:52:44Z</time></trkpt><trkpt lat="22.246566253871315" lon="113.93537884927947"><ele>490.6102784681416</ele><time>2022-08-20T03:52:46Z</time></trkpt><trkpt lat="22.246577211558545" lon="113.93535788155441"><ele>491.1826231023193</ele><time>2022-08-20T03:52:48Z</time></trkpt><trkpt lat="22.246590836292693" lon="113.93533751937402"><ele>491.7064244257208</ele><time>2022-08-20T03:52:50Z</time></trkpt><trkpt lat="22.246606876961046" lon="113.93531613186316"><ele>492.43305910557916</ele><time>2022-08-20T03:52:53Z</time></trkpt><trkpt lat="22.246616094375398" lon="113.93529760353603"><ele>492.823838892167</ele><time>2022-08-20T03:52:55Z</time></trkpt><trkpt lat="22.24662115748521" lon="113.935277368677"><ele>495.1742539737726</ele><time>2022-08-20T03:52:58Z</time></trkpt><trkpt lat="22.24663162497323" lon="113.93525655379526"><ele>499.9939591465518</ele><time>2022-08-20T03:54:21Z</time></trkpt><trkpt lat="22.2466418939775" lon="113.93523917831699"><ele>500.0500826872885</ele><time>2022-08-20T03:54:23Z</time></trkpt><trkpt lat="22.24665508757307" lon="113.93521605556822"><ele>500.49483558069915</ele><time>2022-08-20T03:54:27Z</time></trkpt><trkpt lat="22.246660020610932" lon="113.93519075822289"><ele>500.96318234410137</ele><time>2022-08-20T03:54:30Z</time></trkpt><trkpt lat="22.246663413380464" lon="113.93517054122728"><ele>500.9909939011559</ele><time>2022-08-20T03:54:32Z</time></trkpt><trkpt lat="22.246668118320454" lon="113.93515049252017"><ele>500.77144620753825</ele><time>2022-08-20T03:54:34Z</time></trkpt><trkpt lat="22.24668089771036" lon="113.93512994351113"><ele>500.44888745620847</ele><time>2022-08-20T03:54:38Z</time></trkpt><trkpt lat="22.24669815652949" lon="113.93510374569475"><ele>499.9141234252602</ele><time>2022-08-20T03:54:41Z</time></trkpt><trkpt lat="22.246712104065757" lon="113.93507278045215"><ele>499.8869582666084</ele><time>2022-08-20T03:54:43Z</time></trkpt><trkpt lat="22.24672557659829" lon="113.93505590191438"><ele>500.2485023373738</ele><time>2022-08-20T03:54:47Z</time></trkpt><trkpt lat="22.24673789287572" lon="113.93504070571173"><ele>499.7086720187217</ele><time>2022-08-20T03:54:54Z</time></trkpt><trkpt lat="22.24675349130625" lon="113.93502410064521"><ele>496.1856711151452</ele><time>2022-08-20T03:54:58Z</time></trkpt><trkpt lat="22.246770864113422" lon="113.93501837004236"><ele>495.3201812667329</ele><time>2022-08-20T03:55:14Z</time></trkpt><trkpt lat="22.24678224761401" lon="113.93500042984854"><ele>493.3572103574698</ele><time>2022-08-20T03:55:18Z</time></trkpt><trkpt lat="22.246783335808026" lon="113.93498030034853"><ele>492.7922669093381</ele><time>2022-08-20T03:55:20Z</time></trkpt><trkpt lat="22.246798140688227" lon="113.9349657433923"><ele>492.18269946633285</ele><time>2022-08-20T03:55:24Z</time></trkpt><trkpt lat="22.246818412941995" lon="113.93494882013134"><ele>492.23797220557464</ele><time>2022-08-20T03:55:27Z</time></trkpt><trkpt lat="22.246833530035307" lon="113.93492873711007"><ele>491.77923594338523</ele><time>2022-08-20T03:55:30Z</time></trkpt><trkpt lat="22.24682914511886" lon="113.9348994203016"><ele>491.27533126947003</ele><time>2022-08-20T03:55:35Z</time></trkpt><trkpt lat="22.24683816875275" lon="113.9348803456957"><ele>490.8747889957147</ele><time>2022-08-20T03:55:37Z</time></trkpt><trkpt lat="22.24684755564453" lon="113.93486244636529"><ele>490.70479355914966</ele><time>2022-08-20T03:55:39Z</time></trkpt><trkpt lat="22.24685189963738" lon="113.93483720930784"><ele>491.43935866764485</ele><time>2022-08-20T03:55:42Z</time></trkpt><trkpt lat="22.24686505584642" lon="113.93481932144161"><ele>491.9790225425667</ele><time>2022-08-20T03:55:46Z</time></trkpt><trkpt lat="22.246874913470844" lon="113.93479548251246"><ele>491.83216723419247</ele><time>2022-08-20T03:55:49Z</time></trkpt><trkpt lat="22.246890724660222" lon="113.9347787323004"><ele>491.86882492489923</ele><time>2022-08-20T03:55:51Z</time></trkpt><trkpt lat="22.246913149661726" lon="113.93476325612932"><ele>491.72512170708364</ele><time>2022-08-20T03:55:53Z</time></trkpt><trkpt lat="22.246930693601513" lon="113.93475761834102"><ele>491.3325858938054</ele><time>2022-08-20T03:55:55Z</time></trkpt><trkpt lat="22.246948775432227" lon="113.93475109973775"><ele>490.7175010118394</ele><time>2022-08-20T03:55:58Z</time></trkpt><trkpt lat="22.24695493907187" lon="113.93473246945084"><ele>490.50988358596356</ele><time>2022-08-20T03:56:00Z</time></trkpt><trkpt lat="22.246965458932028" lon="113.93471391425449"><ele>490.28241635214</ele><time>2022-08-20T03:56:02Z</time></trkpt><trkpt lat="22.246987486161974" lon="113.93470459180443"><ele>489.5828744422944</ele><time>2022-08-20T03:56:06Z</time></trkpt><trkpt lat="22.24700746881062" lon="113.93468478347145"><ele>488.7189623115478</ele><time>2022-08-20T03:56:09Z</time></trkpt><trkpt lat="22.247018473273457" lon="113.9346682917061"><ele>488.47067053267193</ele><time>2022-08-20T03:56:11Z</time></trkpt><trkpt lat="22.24702529519371" lon="113.93464254054989"><ele>488.44179456708036</ele><time>2022-08-20T03:56:14Z</time></trkpt><trkpt lat="22.247034294004326" lon="113.9346226699525"><ele>488.4105337123147</ele><time>2022-08-20T03:56:16Z</time></trkpt><trkpt lat="22.24704550848089" lon="113.93460316747277"><ele>488.4500012746723</ele><time>2022-08-20T03:56:18Z</time></trkpt><trkpt lat="22.24706146635166" lon="113.93458043452877"><ele>488.73090702621045</ele><time>2022-08-20T03:56:21Z</time></trkpt><trkpt lat="22.24707012489969" lon="113.93456210653851"><ele>489.2178190102995</ele><time>2022-08-20T03:56:23Z</time></trkpt><trkpt lat="22.24707674049573" lon="113.93454358869445"><ele>489.6851844192387</ele><time>2022-08-20T03:56:25Z</time></trkpt><trkpt lat="22.247085035686002" lon="113.93451948062808"><ele>489.98635355120297</ele><time>2022-08-20T03:56:27Z</time></trkpt><trkpt lat="22.2470980790619" lon="113.93449621318194"><ele>490.04637704101145</ele><time>2022-08-20T03:56:29Z</time></trkpt><trkpt lat="22.247111232849623" lon="113.93447227230179"><ele>490.2495970531626</ele><time>2022-08-20T03:56:31Z</time></trkpt><trkpt lat="22.24712438271854" lon="113.93445817058752"><ele>490.346349630263</ele><time>2022-08-20T03:56:33Z</time></trkpt><trkpt lat="22.247141197147656" lon="113.9344471384506"><ele>490.64388314109965</ele><time>2022-08-20T03:56:36Z</time></trkpt><trkpt lat="22.247151202337868" lon="113.9344282962336"><ele>490.8787233003452</ele><time>2022-08-20T03:56:39Z</time></trkpt><trkpt lat="22.247161876546034" lon="113.9344063982946"><ele>490.5061444710116</ele><time>2022-08-20T03:56:42Z</time></trkpt><trkpt lat="22.24716043223242" lon="113.93438599344869"><ele>490.8070484630577</ele><time>2022-08-20T03:56:44Z</time></trkpt><trkpt lat="22.247164370899064" lon="113.93436251615383"><ele>491.5764359219856</ele><time>2022-08-20T03:56:47Z</time></trkpt><trkpt lat="22.247169105039095" lon="113.9343424937762"><ele>492.0729445811598</ele><time>2022-08-20T03:56:49Z</time></trkpt><trkpt lat="22.247179505467784" lon="113.9343215462703"><ele>492.26159496116935</ele><time>2022-08-20T03:56:51Z</time></trkpt><trkpt lat="22.247195932721294" lon="113.93430031531248"><ele>492.4431838037513</ele><time>2022-08-20T03:56:53Z</time></trkpt><trkpt lat="22.24720975239604" lon="113.93428746359783"><ele>492.65895405770647</ele><time>2022-08-20T03:56:55Z</time></trkpt><trkpt lat="22.247234281249266" lon="113.93427523041508"><ele>493.08018489494106</ele><time>2022-08-20T03:56:58Z</time></trkpt><trkpt lat="22.247252788470874" lon="113.9342691612091"><ele>492.9147480017493</ele><time>2022-08-20T03:57:00Z</time></trkpt><trkpt lat="22.24727081917618" lon="113.93426397570738"><ele>492.29674932904936</ele><time>2022-08-20T03:57:02Z</time></trkpt><trkpt lat="22.247288921222566" lon="113.93425921714257"><ele>491.8471308968103</ele><time>2022-08-20T03:57:04Z</time></trkpt><trkpt lat="22.247308732469396" lon="113.93426278069188"><ele>491.8952968465146</ele><time>2022-08-20T03:57:06Z</time></trkpt><trkpt lat="22.247330394717135" lon="113.93427072060862"><ele>492.2898080028859</ele><time>2022-08-20T03:57:08Z</time></trkpt><trkpt lat="22.247358216180835" lon="113.93428249625244"><ele>492.6532449092295</ele><time>2022-08-20T03:57:10Z</time></trkpt><trkpt lat="22.247383726086376" lon="113.93428712524926"><ele>492.6246101794966</ele><time>2022-08-20T03:57:12Z</time></trkpt><trkpt lat="22.24740701190757" lon="113.93428738717519"><ele>492.73808858042037</ele><time>2022-08-20T03:57:14Z</time></trkpt><trkpt lat="22.247430876204202" lon="113.93428735669738"><ele>492.88645746524446</ele><time>2022-08-20T03:57:16Z</time></trkpt><trkpt lat="22.247453278256152" lon="113.93428881014128"><ele>493.2783618020215</ele><time>2022-08-20T03:57:18Z</time></trkpt><trkpt lat="22.24747683281623" lon="113.93428273430621"><ele>493.3950254120225</ele><time>2022-08-20T03:57:21Z</time></trkpt><trkpt lat="22.24749406470702" lon="113.93426911602572"><ele>492.98344033241574</ele><time>2022-08-20T03:57:24Z</time></trkpt><trkpt lat="22.24751171577099" lon="113.9342590205063"><ele>492.08276986544973</ele><time>2022-08-20T03:57:26Z</time></trkpt><trkpt lat="22.24752736607384" lon="113.93424769856571"><ele>491.8593419117767</ele><time>2022-08-20T03:57:28Z</time></trkpt><trkpt lat="22.247544413752" lon="113.93423693616562"><ele>492.34476133868094</ele><time>2022-08-20T03:57:30Z</time></trkpt><trkpt lat="22.247561429546156" lon="113.93422388568152"><ele>492.9743001524552</ele><time>2022-08-20T03:57:32Z</time></trkpt><trkpt lat="22.247585278380786" lon="113.93421139200596"><ele>493.38472184026796</ele><time>2022-08-20T03:57:35Z</time></trkpt><trkpt lat="22.247601872564992" lon="113.93420250926853"><ele>493.6240413417573</ele><time>2022-08-20T03:57:37Z</time></trkpt><trkpt lat="22.24762065503541" lon="113.9341831553067"><ele>493.8186699567981</ele><time>2022-08-20T03:57:40Z</time></trkpt><trkpt lat="22.24763106206055" lon="113.93416464474289"><ele>493.89461463201803</ele><time>2022-08-20T03:57:43Z</time></trkpt><trkpt lat="22.247629701387776" lon="113.934143004256"><ele>494.0871437120331</ele><time>2022-08-20T03:58:14Z</time></trkpt><trkpt lat="22.247636375535677" lon="113.93412296195203"><ele>494.18810653476584</ele><time>2022-08-20T03:58:16Z</time></trkpt><trkpt lat="22.24764922113432" lon="113.93409760153672"><ele>493.72315319163084</ele><time>2022-08-20T03:58:20Z</time></trkpt><trkpt lat="22.247655943402663" lon="113.9340767823973"><ele>494.32086178323965</ele><time>2022-08-20T03:58:23Z</time></trkpt><trkpt lat="22.247671755368327" lon="113.93405691219563"><ele>495.1665565580447</ele><time>2022-08-20T03:58:26Z</time></trkpt><trkpt lat="22.247687949165865" lon="113.93404037681826"><ele>496.03333484902095</ele><time>2022-08-20T03:58:28Z</time></trkpt><trkpt lat="22.247699298016105" lon="113.93402400092383"><ele>496.5870827968098</ele><time>2022-08-20T03:58:31Z</time></trkpt><trkpt lat="22.24771844455851" lon="113.93400853737263"><ele>496.17114516018796</ele><time>2022-08-20T03:58:35Z</time></trkpt><trkpt lat="22.24773148367675" lon="113.93399304988958"><ele>495.86498421902144</ele><time>2022-08-20T03:58:37Z</time></trkpt><trkpt lat="22.247743390757524" lon="113.93397353619477"><ele>496.1468262741297</ele><time>2022-08-20T03:58:39Z</time></trkpt><trkpt lat="22.247757387598345" lon="113.93396055997734"><ele>497.17899402865527</ele><time>2022-08-20T03:58:42Z</time></trkpt><trkpt lat="22.247776515474328" lon="113.93394607618673"><ele>498.0676960181479</ele><time>2022-08-20T03:58:46Z</time></trkpt><trkpt lat="22.247794668455946" lon="113.93393558738394"><ele>499.6864231862528</ele><time>2022-08-20T03:58:50Z</time></trkpt><trkpt lat="22.24780737790582" lon="113.93392029047256"><ele>500.3251558067624</ele><time>2022-08-20T03:58:53Z</time></trkpt><trkpt lat="22.24782000306608" lon="113.93390245891969"><ele>500.0214827797897</ele><time>2022-08-20T03:58:56Z</time></trkpt><trkpt lat="22.247834150918425" lon="113.933883997023"><ele>500.802809676462</ele><time>2022-08-20T03:59:00Z</time></trkpt><trkpt lat="22.24784489234226" lon="113.93386362617906"><ele>501.6627067812998</ele><time>2022-08-20T03:59:04Z</time></trkpt><trkpt lat="22.247864252412317" lon="113.93385249409705"><ele>502.28252785757866</ele><time>2022-08-20T03:59:06Z</time></trkpt><trkpt lat="22.247882004184074" lon="113.93384178716614"><ele>502.7060493234882</ele><time>2022-08-20T03:59:09Z</time></trkpt><trkpt lat="22.247895270660045" lon="113.93382386865326"><ele>503.7463248520555</ele><time>2022-08-20T03:59:13Z</time></trkpt><trkpt lat="22.247909855627007" lon="113.93381100339072"><ele>504.3363277988191</ele><time>2022-08-20T03:59:16Z</time></trkpt><trkpt lat="22.24792736336611" lon="113.93379979242037"><ele>505.1973761150501</ele><time>2022-08-20T03:59:21Z</time></trkpt><trkpt lat="22.24794501341261" lon="113.93378802626404"><ele>505.9890579695603</ele><time>2022-08-20T03:59:24Z</time></trkpt><trkpt lat="22.24796695218261" lon="113.93377893975436"><ele>507.3053833787082</ele><time>2022-08-20T03:59:29Z</time></trkpt><trkpt lat="22.2479823336468" lon="113.93376247551072"><ele>507.5979820926668</ele><time>2022-08-20T03:59:32Z</time></trkpt><trkpt lat="22.24799311891225" lon="113.93374600342811"><ele>508.85973390600685</ele><time>2022-08-20T03:59:35Z</time></trkpt><trkpt lat="22.24798657822067" lon="113.93372553052886"><ele>513.1640872306036</ele><time>2022-08-20T04:01:27Z</time></trkpt><trkpt lat="22.24799992368896" lon="113.933703047635"><ele>513.6933882607074</ele><time>2022-08-20T04:01:29Z</time></trkpt><trkpt lat="22.24801409389564" lon="113.93368976538146"><ele>514.3441576521266</ele><time>2022-08-20T04:01:32Z</time></trkpt><trkpt lat="22.248022850686468" lon="113.93367181486457"><ele>514.7986322083761</ele><time>2022-08-20T04:01:35Z</time></trkpt><trkpt lat="22.248038058270115" lon="113.93365203780301"><ele>515.34523188271</ele><time>2022-08-20T04:01:38Z</time></trkpt><trkpt lat="22.24805453228041" lon="113.93363938008689"><ele>516.1153249155263</ele><time>2022-08-20T04:01:41Z</time></trkpt><trkpt lat="22.248063130324187" lon="113.93361973181484"><ele>517.4082691516203</ele><time>2022-08-20T04:01:45Z</time></trkpt><trkpt lat="22.248051839981784" lon="113.93359953775877"><ele>518.7173093456862</ele><time>2022-08-20T04:01:49Z</time></trkpt><trkpt lat="22.24804257910615" lon="113.93358218284934"><ele>519.7385144001659</ele><time>2022-08-20T04:01:52Z</time></trkpt><trkpt lat="22.24803878031355" lon="113.93356090054853"><ele>520.7736235996148</ele><time>2022-08-20T04:01:55Z</time></trkpt><trkpt lat="22.248028713694712" lon="113.93353839740479"><ele>521.5868918342294</ele><time>2022-08-20T04:01:58Z</time></trkpt><trkpt lat="22.248031835080795" lon="113.93351707248188"><ele>522.1667259309102</ele><time>2022-08-20T04:02:01Z</time></trkpt><trkpt lat="22.248045440010795" lon="113.93349711291035"><ele>522.8717640542939</ele><time>2022-08-20T04:02:05Z</time></trkpt><trkpt lat="22.248060719719508" lon="113.9334798001385"><ele>523.4401242984561</ele><time>2022-08-20T04:02:09Z</time></trkpt><trkpt lat="22.248074200635674" lon="113.93346407549787"><ele>525.3565674336522</ele><time>2022-08-20T04:02:16Z</time></trkpt><trkpt lat="22.24807396789975" lon="113.93344047277272"><ele>526.0237477530322</ele><time>2022-08-20T04:02:24Z</time></trkpt><trkpt lat="22.248079859367763" lon="113.93342193022681"><ele>526.4316121812128</ele><time>2022-08-20T04:02:26Z</time></trkpt><trkpt lat="22.248083239867977" lon="113.93339426244334"><ele>526.951236115499</ele><time>2022-08-20T04:02:29Z</time></trkpt><trkpt lat="22.248071153452397" lon="113.93337701186579"><ele>527.9578617931629</ele><time>2022-08-20T04:02:34Z</time></trkpt><trkpt lat="22.248057985266026" lon="113.93335908120855"><ele>529.940572144529</ele><time>2022-08-20T04:02:40Z</time></trkpt><trkpt lat="22.248056279981775" lon="113.93333970116922"><ele>532.0416263332359</ele><time>2022-08-20T04:02:47Z</time></trkpt><trkpt lat="22.248045910164997" lon="113.93331619249071"><ele>533.668856865757</ele><time>2022-08-20T04:02:53Z</time></trkpt><trkpt lat="22.248040810177223" lon="113.93329286200245"><ele>535.0509344809817</ele><time>2022-08-20T04:03:07Z</time></trkpt><trkpt lat="22.24805022727875" lon="113.93327447332864"><ele>535.2511779890982</ele><time>2022-08-20T04:03:10Z</time></trkpt><trkpt lat="22.248056962122327" lon="113.93325505305292"><ele>536.2047879145816</ele><time>2022-08-20T04:03:33Z</time></trkpt><trkpt lat="22.248071697260013" lon="113.93324262842849"><ele>536.8306099549964</ele><time>2022-08-20T04:03:36Z</time></trkpt><trkpt lat="22.248082912144795" lon="113.93322610611699"><ele>537.1657533250275</ele><time>2022-08-20T04:03:39Z</time></trkpt><trkpt lat="22.248094895464614" lon="113.93320115571288"><ele>538.0136074973706</ele><time>2022-08-20T04:03:43Z</time></trkpt><trkpt lat="22.248085169376452" lon="113.93318078588402"><ele>538.7108681349589</ele><time>2022-08-20T04:03:46Z</time></trkpt><trkpt lat="22.248065600954035" lon="113.93317680128224"><ele>539.5980662671125</ele><time>2022-08-20T04:05:22Z</time></trkpt><trkpt lat="22.248049137652806" lon="113.93315734903746"><ele>539.8327304508354</ele><time>2022-08-20T04:05:25Z</time></trkpt><trkpt lat="22.24805050374592" lon="113.93313496139868"><ele>539.8362233271868</ele><time>2022-08-20T04:05:27Z</time></trkpt><trkpt lat="22.248063068363802" lon="113.93311278459542"><ele>540.4772957175588</ele><time>2022-08-20T04:05:31Z</time></trkpt><trkpt lat="22.248073183028698" lon="113.93308721646021"><ele>541.1807787176648</ele><time>2022-08-20T04:05:34Z</time></trkpt><trkpt lat="22.248082702041774" lon="113.93306778656584"><ele>541.6029173588929</ele><time>2022-08-20T04:05:37Z</time></trkpt><trkpt lat="22.248093194736192" lon="113.93305179043618"><ele>542.24415047505</ele><time>2022-08-20T04:05:40Z</time></trkpt><trkpt lat="22.248109024421673" lon="113.93304151252853"><ele>543.8908365792412</ele><time>2022-08-20T04:05:46Z</time></trkpt><trkpt lat="22.248125708710887" lon="113.93302847897426"><ele>544.5201040540012</ele><time>2022-08-20T04:05:49Z</time></trkpt><trkpt lat="22.24813934094081" lon="113.93301162833227"><ele>545.1610168214312</ele><time>2022-08-20T04:05:53Z</time></trkpt><trkpt lat="22.24815025617835" lon="113.93299446651812"><ele>546.006515668737</ele><time>2022-08-20T04:05:56Z</time></trkpt><trkpt lat="22.24816754709674" lon="113.93298543015109"><ele>546.8942204894527</ele><time>2022-08-20T04:06:00Z</time></trkpt><trkpt lat="22.248184916174683" lon="113.93297540527547"><ele>546.9153695619119</ele><time>2022-08-20T04:06:04Z</time></trkpt><trkpt lat="22.24819507278796" lon="113.93295759523016"><ele>547.1804985170096</ele><time>2022-08-20T04:06:07Z</time></trkpt><trkpt lat="22.248197056665735" lon="113.93293673741765"><ele>547.7086889403226</ele><time>2022-08-20T04:06:10Z</time></trkpt><trkpt lat="22.248189109333794" lon="113.93291603631826"><ele>549.1416760698056</ele><time>2022-08-20T04:06:18Z</time></trkpt><trkpt lat="22.248194770452958" lon="113.93289322382354"><ele>549.9580869309209</ele><time>2022-08-20T04:06:22Z</time></trkpt><trkpt lat="22.24819593623508" lon="113.9328730080098"><ele>552.9181100904962</ele><time>2022-08-20T04:06:25Z</time></trkpt><trkpt lat="22.24818762092789" lon="113.93285499685297"><ele>553.8019780930947</ele><time>2022-08-20T04:06:34Z</time></trkpt><trkpt lat="22.24817773662884" lon="113.93283484048361"><ele>554.7179461400987</ele><time>2022-08-20T04:06:39Z</time></trkpt><trkpt lat="22.248177321612655" lon="113.93280862738085"><ele>555.7619394466741</ele><time>2022-08-20T04:06:45Z</time></trkpt><trkpt lat="22.248180308275675" lon="113.932788007616"><ele>556.8350971846245</ele><time>2022-08-20T04:06:53Z</time></trkpt><trkpt lat="22.248166497167478" lon="113.93276870351625"><ele>557.2136402952658</ele><time>2022-08-20T04:06:57Z</time></trkpt><trkpt lat="22.24815156132337" lon="113.93274638164199"><ele>558.4266645268284</ele><time>2022-08-20T04:07:01Z</time></trkpt><trkpt lat="22.248132482104907" lon="113.93274516497021"><ele>560.2041549927219</ele><time>2022-08-20T04:07:14Z</time></trkpt><trkpt lat="22.24813310518695" lon="113.93272531471666"><ele>560.9343172696816</ele><time>2022-08-20T04:08:14Z</time></trkpt><trkpt lat="22.24814529126185" lon="113.93270404940665"><ele>561.0680151028425</ele><time>2022-08-20T04:08:16Z</time></trkpt><trkpt lat="22.2481632639474" lon="113.93269010547739"><ele>561.379013462112</ele><time>2022-08-20T04:08:19Z</time></trkpt><trkpt lat="22.24815393938701" lon="113.93267313102339"><ele>561.6769885311063</ele><time>2022-08-20T04:08:20Z</time></trkpt><trkpt lat="22.248160018721475" lon="113.93264829917285"><ele>563.5114386137597</ele><time>2022-08-20T04:08:27Z</time></trkpt><trkpt lat="22.2481617562805" lon="113.93261857607851"><ele>564.4980407972043</ele><time>2022-08-20T04:08:30Z</time></trkpt><trkpt lat="22.24816482921879" lon="113.93259869984487"><ele>565.350751122713</ele><time>2022-08-20T04:08:32Z</time></trkpt><trkpt lat="22.24817024112993" lon="113.93257776343646"><ele>566.29325654734</ele><time>2022-08-20T04:08:36Z</time></trkpt><trkpt lat="22.248179147446347" lon="113.93256010984248"><ele>567.1231120757639</ele><time>2022-08-20T04:08:43Z</time></trkpt><trkpt lat="22.248198205419577" lon="113.93254899970452"><ele>567.1595256587386</ele><time>2022-08-20T04:08:48Z</time></trkpt><trkpt lat="22.248212560639246" lon="113.93253463195309"><ele>567.4186676844274</ele><time>2022-08-20T04:08:54Z</time></trkpt><trkpt lat="22.24823206625251" lon="113.93251807961447"><ele>567.9887734462422</ele><time>2022-08-20T04:08:58Z</time></trkpt><trkpt lat="22.24825133940328" lon="113.93250173525165"><ele>568.5825282162997</ele><time>2022-08-20T04:09:01Z</time></trkpt><trkpt lat="22.24826692137651" lon="113.93249081312601"><ele>568.9588711098164</ele><time>2022-08-20T04:09:04Z</time></trkpt><trkpt lat="22.248287906731495" lon="113.93248322815822"><ele>569.7855637396787</ele><time>2022-08-20T04:09:08Z</time></trkpt><trkpt lat="22.248300798341916" lon="113.93246917051378"><ele>571.2556115227886</ele><time>2022-08-20T04:09:13Z</time></trkpt><trkpt lat="22.248318507782262" lon="113.93245604313665"><ele>572.9645063683782</ele><time>2022-08-20T04:09:18Z</time></trkpt><trkpt lat="22.24833581667074" lon="113.93244936376334"><ele>573.9759075364112</ele><time>2022-08-20T04:09:22Z</time></trkpt><trkpt lat="22.2483551869523" lon="113.93243845092049"><ele>577.9413574155886</ele><time>2022-08-20T04:09:38Z</time></trkpt><trkpt lat="22.24837570898316" lon="113.93243385899797"><ele>578.744659040519</ele><time>2022-08-20T04:09:41Z</time></trkpt><trkpt lat="22.248387158537625" lon="113.93241546074046"><ele>579.7983452047685</ele><time>2022-08-20T04:09:46Z</time></trkpt><trkpt lat="22.24838442451719" lon="113.93238797238175"><ele>581.2186654190881</ele><time>2022-08-20T04:09:54Z</time></trkpt><trkpt lat="22.2483945976504" lon="113.93236887169573"><ele>582.4047576371333</ele><time>2022-08-20T04:10:30Z</time></trkpt><trkpt lat="22.248384592309794" lon="113.93234543173442"><ele>583.2432008044686</ele><time>2022-08-20T04:10:34Z</time></trkpt><trkpt lat="22.248394089055445" lon="113.93232353401264"><ele>583.9381608930346</ele><time>2022-08-20T04:10:36Z</time></trkpt><trkpt lat="22.248413106019413" lon="113.93231051201333"><ele>584.668182479876</ele><time>2022-08-20T04:10:39Z</time></trkpt><trkpt lat="22.248431466851883" lon="113.93230446335647"><ele>585.2744685507072</ele><time>2022-08-20T04:10:47Z</time></trkpt><trkpt lat="22.248452367723765" lon="113.93230971768492"><ele>586.4850787573654</ele><time>2022-08-20T04:10:54Z</time></trkpt><trkpt lat="22.24846789285372" lon="113.93229197029898"><ele>586.9663267653356</ele><time>2022-08-20T04:11:01Z</time></trkpt><trkpt lat="22.248471857876222" lon="113.93226874542968"><ele>588.1763832336595</ele><time>2022-08-20T04:11:07Z</time></trkpt><trkpt lat="22.248482920318768" lon="113.93225213905082"><ele>589.970679404583</ele><time>2022-08-20T04:11:18Z</time></trkpt><trkpt lat="22.248481242968186" lon="113.93223006565358"><ele>591.7240065065888</ele><time>2022-08-20T04:11:26Z</time></trkpt><trkpt lat="22.248495859109177" lon="113.93221828541145"><ele>593.0738782022925</ele><time>2022-08-20T04:11:32Z</time></trkpt><trkpt lat="22.248490521654617" lon="113.93219825834893"><ele>594.3779061926467</ele><time>2022-08-20T04:12:03Z</time></trkpt><trkpt lat="22.248496088303888" lon="113.93217132999061"><ele>595.5610475143535</ele><time>2022-08-20T04:12:06Z</time></trkpt><trkpt lat="22.248506717416824" lon="113.93215372353133"><ele>600.9461754322365</ele><time>2022-08-20T04:12:11Z</time></trkpt><trkpt lat="22.24851270573766" lon="113.93212962566882"><ele>602.3894593889264</ele><time>2022-08-20T04:12:39Z</time></trkpt><trkpt lat="22.248518499413453" lon="113.93210688549203"><ele>603.1728484992614</ele><time>2022-08-20T04:12:42Z</time></trkpt><trkpt lat="22.248536864736735" lon="113.93210534808578"><ele>604.2683696931285</ele><time>2022-08-20T04:12:52Z</time></trkpt><trkpt lat="22.24855506362972" lon="113.93209217885098"><ele>604.8028528662461</ele><time>2022-08-20T04:12:57Z</time></trkpt><trkpt lat="22.248572697500585" lon="113.93209624420132"><ele>604.9248440048464</ele><time>2022-08-20T04:13:08Z</time></trkpt><trkpt lat="22.24859166430592" lon="113.93209443300017"><ele>604.9726565201817</ele><time>2022-08-20T04:13:11Z</time></trkpt><trkpt lat="22.248608694514996" lon="113.93208254951327"><ele>605.2228964792076</ele><time>2022-08-20T04:13:15Z</time></trkpt><trkpt lat="22.248627217777226" lon="113.93206390042877"><ele>606.0551548417089</ele><time>2022-08-20T04:13:18Z</time></trkpt><trkpt lat="22.248638347167432" lon="113.932041199753"><ele>607.073093583071</ele><time>2022-08-20T04:13:21Z</time></trkpt><trkpt lat="22.248640943722503" lon="113.93202135407212"><ele>608.4230363422864</ele><time>2022-08-20T04:13:26Z</time></trkpt><trkpt lat="22.248649449714133" lon="113.93200377554182"><ele>610.8244090449491</ele><time>2022-08-20T04:13:32Z</time></trkpt><trkpt lat="22.24864961035565" lon="113.93197978258077"><ele>611.696037837222</ele><time>2022-08-20T04:13:36Z</time></trkpt><trkpt lat="22.24864766094961" lon="113.93195874378675"><ele>612.581473198495</ele><time>2022-08-20T04:13:39Z</time></trkpt><trkpt lat="22.24865155604927" lon="113.9319353323891"><ele>613.5516081569178</ele><time>2022-08-20T04:13:42Z</time></trkpt><trkpt lat="22.248661885313634" lon="113.93191732304307"><ele>614.1162662953014</ele><time>2022-08-20T04:13:44Z</time></trkpt><trkpt lat="22.248676411033234" lon="113.93189625482717"><ele>615.3513962232643</ele><time>2022-08-20T04:15:00Z</time></trkpt><trkpt lat="22.24868577892908" lon="113.93187813274807"><ele>615.2759223004304</ele><time>2022-08-20T04:15:02Z</time></trkpt><trkpt lat="22.248702463311677" lon="113.93186133243549"><ele>615.2837033791054</ele><time>2022-08-20T04:15:04Z</time></trkpt><trkpt lat="22.24872208482445" lon="113.931846330521"><ele>615.2770704970111</ele><time>2022-08-20T04:15:06Z</time></trkpt><trkpt lat="22.24874649598565" lon="113.9318264789505"><ele>615.1343207862648</ele><time>2022-08-20T04:15:08Z</time></trkpt><trkpt lat="22.248765960325304" lon="113.93181440785564"><ele>615.0637289164812</ele><time>2022-08-20T04:15:10Z</time></trkpt><trkpt lat="22.248787280540977" lon="113.93179612770312"><ele>615.1786460133917</ele><time>2022-08-20T04:15:12Z</time></trkpt><trkpt lat="22.24880569121331" lon="113.93177633345891"><ele>615.4809051512497</ele><time>2022-08-20T04:15:14Z</time></trkpt><trkpt lat="22.248818981102293" lon="113.93175526167833"><ele>615.7893659339408</ele><time>2022-08-20T04:15:16Z</time></trkpt><trkpt lat="22.248830620420648" lon="113.93173257643409"><ele>615.8907530376694</ele><time>2022-08-20T04:15:18Z</time></trkpt><trkpt lat="22.248826407487844" lon="113.93170687989725"><ele>617.4273900638773</ele><time>2022-08-20T04:15:37Z</time></trkpt><trkpt lat="22.248823228210195" lon="113.93168440495195"><ele>617.943270978706</ele><time>2022-08-20T04:15:39Z</time></trkpt><trkpt lat="22.24881899179372" lon="113.93165619997468"><ele>618.0648072332109</ele><time>2022-08-20T04:15:41Z</time></trkpt><trkpt lat="22.248813705827214" lon="113.9316339956309"><ele>618.2543949924944</ele><time>2022-08-20T04:15:43Z</time></trkpt><trkpt lat="22.248809007769946" lon="113.93160971631163"><ele>618.4751924788067</ele><time>2022-08-20T04:15:45Z</time></trkpt><trkpt lat="22.24881136720162" lon="113.93157756704929"><ele>619.0836315463316</ele><time>2022-08-20T04:15:47Z</time></trkpt><trkpt lat="22.248812629618254" lon="113.93155103607378"><ele>619.6082252762293</ele><time>2022-08-20T04:15:49Z</time></trkpt><trkpt lat="22.24881622786833" lon="113.93153155227436"><ele>619.7333869953807</ele><time>2022-08-20T04:15:51Z</time></trkpt><trkpt lat="22.248820623170385" lon="113.93151066579992"><ele>620.0289571073562</ele><time>2022-08-20T04:15:53Z</time></trkpt><trkpt lat="22.24882515366354" lon="113.9314901673828"><ele>620.14299607501</ele><time>2022-08-20T04:15:55Z</time></trkpt><trkpt lat="22.24882640417888" lon="113.9314695520462"><ele>619.9671291620461</ele><time>2022-08-20T04:15:58Z</time></trkpt><trkpt lat="22.24882103193369" lon="113.93144421007375"><ele>620.2232562688224</ele><time>2022-08-20T04:16:01Z</time></trkpt><trkpt lat="22.24881974111036" lon="113.93142003897606"><ele>621.0182169416098</ele><time>2022-08-20T04:16:06Z</time></trkpt><trkpt lat="22.248823949469234" lon="113.93139348710854"><ele>621.3755459592467</ele><time>2022-08-20T04:16:09Z</time></trkpt><trkpt lat="22.248820441183415" lon="113.93137317242575"><ele>621.705810918021</ele><time>2022-08-20T04:16:12Z</time></trkpt><trkpt lat="22.248808946004925" lon="113.93134862900227"><ele>621.995563095219</ele><time>2022-08-20T04:16:15Z</time></trkpt><trkpt lat="22.24880464007522" lon="113.9313239819172"><ele>621.7446688950334</ele><time>2022-08-20T04:16:18Z</time></trkpt><trkpt lat="22.248803098250985" lon="113.9312954186301"><ele>621.7463853124754</ele><time>2022-08-20T04:16:21Z</time></trkpt><trkpt lat="22.24879892990964" lon="113.93127522297412"><ele>621.9827017969808</ele><time>2022-08-20T04:16:23Z</time></trkpt><trkpt lat="22.248801638596536" lon="113.93124427665106"><ele>622.7511317713743</ele><time>2022-08-20T04:16:26Z</time></trkpt><trkpt lat="22.248804268856745" lon="113.93121631871216"><ele>623.3578829402796</ele><time>2022-08-20T04:16:28Z</time></trkpt><trkpt lat="22.248808630312126" lon="113.93119103491397"><ele>623.7584459724465</ele><time>2022-08-20T04:16:30Z</time></trkpt><trkpt lat="22.24881472280266" lon="113.93116491255567"><ele>624.1595479514735</ele><time>2022-08-20T04:16:33Z</time></trkpt><trkpt lat="22.24882074511168" lon="113.93114315609832"><ele>624.3058910040843</ele><time>2022-08-20T04:16:36Z</time></trkpt><trkpt lat="22.248829925908623" lon="113.93112108408285"><ele>624.264906893322</ele><time>2022-08-20T04:16:38Z</time></trkpt><trkpt lat="22.248843249919265" lon="113.9310901262115"><ele>624.2224191911624</ele><time>2022-08-20T04:16:40Z</time></trkpt><trkpt lat="22.248855936848155" lon="113.93106411808907"><ele>624.1647967528205</ele><time>2022-08-20T04:16:42Z</time></trkpt><trkpt lat="22.248864287150056" lon="113.93103922389581"><ele>624.2141886416694</ele><time>2022-08-20T04:16:44Z</time></trkpt><trkpt lat="22.24886465495557" lon="113.93101730296333"><ele>624.520186051099</ele><time>2022-08-20T04:16:46Z</time></trkpt><trkpt lat="22.248858847422113" lon="113.93099491244745"><ele>624.6728463985907</ele><time>2022-08-20T04:16:48Z</time></trkpt><trkpt lat="22.248850044745783" lon="113.93097485383176"><ele>624.8651524104829</ele><time>2022-08-20T04:16:50Z</time></trkpt><trkpt lat="22.248842947956657" lon="113.93095620480958"><ele>625.163152591075</ele><time>2022-08-20T04:16:52Z</time></trkpt><trkpt lat="22.2488344587798" lon="113.93093647243488"><ele>625.8372149405233</ele><time>2022-08-20T04:16:55Z</time></trkpt><trkpt lat="22.248829947938564" lon="113.93091765362404"><ele>626.0362324631772</ele><time>2022-08-20T04:16:58Z</time></trkpt><trkpt lat="22.248834846118996" lon="113.93089338101205"><ele>626.3227300843266</ele><time>2022-08-20T04:17:01Z</time></trkpt><trkpt lat="22.248830148720725" lon="113.93087100311753"><ele>626.4756182986599</ele><time>2022-08-20T04:17:04Z</time></trkpt><trkpt lat="22.24882431668177" lon="113.93084412504912"><ele>626.8096348001051</ele><time>2022-08-20T04:17:07Z</time></trkpt><trkpt lat="22.248826860268885" lon="113.93082124513698"><ele>627.1838830046593</ele><time>2022-08-20T04:17:09Z</time></trkpt><trkpt lat="22.248834747163908" lon="113.93080228717994"><ele>627.6551104179925</ele><time>2022-08-20T04:17:11Z</time></trkpt><trkpt lat="22.248844959205957" lon="113.93077741330474"><ele>628.4773296858028</ele><time>2022-08-20T04:17:14Z</time></trkpt><trkpt lat="22.24883446575219" lon="113.93075656726765"><ele>628.6687744279527</ele><time>2022-08-20T04:17:17Z</time></trkpt><trkpt lat="22.24883280493188" lon="113.930735121116"><ele>629.1590600536808</ele><time>2022-08-20T04:17:33Z</time></trkpt><trkpt lat="22.248824698295124" lon="113.93071174115144"><ele>629.2873567749948</ele><time>2022-08-20T04:17:35Z</time></trkpt><trkpt lat="22.24881464608085" lon="113.93068370370808"><ele>629.4523659509714</ele><time>2022-08-20T04:17:37Z</time></trkpt><trkpt lat="22.248805395633276" lon="113.930651483588"><ele>629.4862251912924</ele><time>2022-08-20T04:17:40Z</time></trkpt><trkpt lat="22.248796791423068" lon="113.93062780133278"><ele>629.524635982403</ele><time>2022-08-20T04:17:42Z</time></trkpt><trkpt lat="22.248788987146426" lon="113.9306002346874"><ele>629.2905906622602</ele><time>2022-08-20T04:17:45Z</time></trkpt><trkpt lat="22.248779662982923" lon="113.93057522496277"><ele>629.0366358786621</ele><time>2022-08-20T04:17:48Z</time></trkpt><trkpt lat="22.24877292864016" lon="113.93055446420843"><ele>629.1254916528644</ele><time>2022-08-20T04:17:50Z</time></trkpt><trkpt lat="22.248764053208223" lon="113.93053387605606"><ele>629.2193676148947</ele><time>2022-08-20T04:17:52Z</time></trkpt><trkpt lat="22.248757180530784" lon="113.93051074596825"><ele>629.4044564079312</ele><time>2022-08-20T04:17:54Z</time></trkpt><trkpt lat="22.248748460066626" lon="113.9304924882008"><ele>629.7740342490583</ele><time>2022-08-20T04:17:56Z</time></trkpt><trkpt lat="22.248743390572187" lon="113.93047325386603"><ele>629.9639399636009</ele><time>2022-08-20T04:17:58Z</time></trkpt><trkpt lat="22.248739455490114" lon="113.9304506920249"><ele>629.9004987477078</ele><time>2022-08-20T04:18:01Z</time></trkpt><trkpt lat="22.248736654967598" lon="113.93043032106151"><ele>630.1807618597337</ele><time>2022-08-20T04:18:03Z</time></trkpt><trkpt lat="22.24873942630011" lon="113.93040982877157"><ele>630.4043114546247</ele><time>2022-08-20T04:18:05Z</time></trkpt><trkpt lat="22.248745851431618" lon="113.93038348094476"><ele>630.4303372339097</ele><time>2022-08-20T04:18:08Z</time></trkpt><trkpt lat="22.248757564907475" lon="113.93036199379915"><ele>630.4699831134159</ele><time>2022-08-20T04:18:11Z</time></trkpt><trkpt lat="22.248766092119336" lon="113.93033347036133"><ele>630.6146944212549</ele><time>2022-08-20T04:18:14Z</time></trkpt><trkpt lat="22.24876897919482" lon="113.93031136041697"><ele>630.6641584299048</ele><time>2022-08-20T04:18:16Z</time></trkpt><trkpt lat="22.248767925247392" lon="113.93029089617244"><ele>630.6671175611177</ele><time>2022-08-20T04:18:18Z</time></trkpt><trkpt lat="22.248767365589366" lon="113.93026299319882"><ele>630.9912143793894</ele><time>2022-08-20T04:18:21Z</time></trkpt><trkpt lat="22.248767152857017" lon="113.9302398671681"><ele>631.6332344749625</ele><time>2022-08-20T04:18:24Z</time></trkpt><trkpt lat="22.248769705276736" lon="113.93021870502274"><ele>632.1747255042864</ele><time>2022-08-20T04:18:58Z</time></trkpt><trkpt lat="22.24877646013558" lon="113.9301869582397"><ele>632.4607550222945</ele><time>2022-08-20T04:19:00Z</time></trkpt><trkpt lat="22.248784299107506" lon="113.93015797917441"><ele>632.4437332600091</ele><time>2022-08-20T04:19:02Z</time></trkpt><trkpt lat="22.248797641908897" lon="113.93013183615948"><ele>632.5899560487178</ele><time>2022-08-20T04:19:04Z</time></trkpt><trkpt lat="22.248811666870512" lon="113.93011113536473"><ele>632.7937026333437</ele><time>2022-08-20T04:19:06Z</time></trkpt><trkpt lat="22.248828596065827" lon="113.93009436814974"><ele>632.598757953277</ele><time>2022-08-20T04:19:08Z</time></trkpt><trkpt lat="22.24885192341452" lon="113.93008359387503"><ele>632.2519234266223</ele><time>2022-08-20T04:19:11Z</time></trkpt><trkpt lat="22.248861793726988" lon="113.9300634231503"><ele>632.132741074561</ele><time>2022-08-20T04:19:31Z</time></trkpt><trkpt lat="22.24885787142786" lon="113.93003922091714"><ele>632.7288797065709</ele><time>2022-08-20T04:19:48Z</time></trkpt><trkpt lat="22.248855797500326" lon="113.93001448217416"><ele>633.5647007798791</ele><time>2022-08-20T04:19:55Z</time></trkpt><trkpt lat="22.248869049652033" lon="113.92998976972434"><ele>633.6593442714649</ele><time>2022-08-20T04:19:57Z</time></trkpt><trkpt lat="22.2488901112786" lon="113.92997383186638"><ele>633.3154676574508</ele><time>2022-08-20T04:19:59Z</time></trkpt><trkpt lat="22.2489016111647" lon="113.929951964494"><ele>633.0519122192076</ele><time>2022-08-20T04:20:02Z</time></trkpt><trkpt lat="22.24891421553289" lon="113.92992818242078"><ele>631.3772455067577</ele><time>2022-08-20T04:21:11Z</time></trkpt><trkpt lat="22.248932252802128" lon="113.92990912205256"><ele>630.8470845082393</ele><time>2022-08-20T04:21:14Z</time></trkpt><trkpt lat="22.248940580818292" lon="113.92989132013273"><ele>630.7517847893471</ele><time>2022-08-20T04:21:16Z</time></trkpt><trkpt lat="22.248949984864478" lon="113.92986302181431"><ele>630.7861164558265</ele><time>2022-08-20T04:21:19Z</time></trkpt><trkpt lat="22.24896224451465" lon="113.92984047174275"><ele>630.5630645286324</ele><time>2022-08-20T04:21:21Z</time></trkpt><trkpt lat="22.24896937277591" lon="113.92982163174527"><ele>630.9131752891271</ele><time>2022-08-20T04:21:23Z</time></trkpt><trkpt lat="22.24897072956289" lon="113.92979904809962"><ele>631.4997545213796</ele><time>2022-08-20T04:21:26Z</time></trkpt><trkpt lat="22.248963201355622" lon="113.92977077233029"><ele>631.9204304841406</ele><time>2022-08-20T04:21:29Z</time></trkpt><trkpt lat="22.248952554112535" lon="113.92974933013485"><ele>632.007399651886</ele><time>2022-08-20T04:21:31Z</time></trkpt><trkpt lat="22.2489489149635" lon="113.9297289554098"><ele>632.029291851189</ele><time>2022-08-20T04:21:33Z</time></trkpt><trkpt lat="22.24894588829216" lon="113.92970887315477"><ele>632.1986453608109</ele><time>2022-08-20T04:21:35Z</time></trkpt><trkpt lat="22.248950149796908" lon="113.9296785331295"><ele>632.4472246627109</ele><time>2022-08-20T04:21:38Z</time></trkpt><trkpt lat="22.248951380889956" lon="113.92965557864102"><ele>632.7396313213484</ele><time>2022-08-20T04:21:40Z</time></trkpt><trkpt lat="22.248948656054953" lon="113.92962988860985"><ele>632.9200851622013</ele><time>2022-08-20T04:21:44Z</time></trkpt><trkpt lat="22.248949117725573" lon="113.9296089536186"><ele>633.0345508724706</ele><time>2022-08-20T04:21:46Z</time></trkpt><trkpt lat="22.24894731841572" lon="113.92958737114053"><ele>633.5773093296285</ele><time>2022-08-20T04:21:49Z</time></trkpt><trkpt lat="22.24893979851984" lon="113.92956611345791"><ele>633.9942546055913</ele><time>2022-08-20T04:21:54Z</time></trkpt><trkpt lat="22.248942680595057" lon="113.9295397178451"><ele>634.0424499302686</ele><time>2022-08-20T04:21:58Z</time></trkpt><trkpt lat="22.24894002993839" lon="113.92951732937114"><ele>634.3235056131706</ele><time>2022-08-20T04:22:00Z</time></trkpt><trkpt lat="22.24893624366014" lon="113.92949127104065"><ele>634.4454372732607</ele><time>2022-08-20T04:22:02Z</time></trkpt><trkpt lat="22.248931262547025" lon="113.92946979626838"><ele>634.7339306974603</ele><time>2022-08-20T04:22:04Z</time></trkpt><trkpt lat="22.24892379939322" lon="113.92944961161783"><ele>635.0709291848992</ele><time>2022-08-20T04:22:06Z</time></trkpt><trkpt lat="22.24891222695492" lon="113.92943106474868"><ele>635.5748669943654</ele><time>2022-08-20T04:22:08Z</time></trkpt><trkpt lat="22.24890174210531" lon="113.9294135732374"><ele>635.42938691662</ele><time>2022-08-20T04:22:10Z</time></trkpt><trkpt lat="22.248893006555647" lon="113.92939260783993"><ele>634.9380216395408</ele><time>2022-08-20T04:22:13Z</time></trkpt><trkpt lat="22.24888203470102" lon="113.92937246142132"><ele>634.7565936067216</ele><time>2022-08-20T04:22:16Z</time></trkpt><trkpt lat="22.248873351194938" lon="113.92934400721099"><ele>635.0653187768005</ele><time>2022-08-20T04:22:19Z</time></trkpt><trkpt lat="22.248872745973472" lon="113.92932303644552"><ele>635.0174941180937</ele><time>2022-08-20T04:22:21Z</time></trkpt><trkpt lat="22.248868711207027" lon="113.9293023825459"><ele>634.6770902403946</ele><time>2022-08-20T04:22:23Z</time></trkpt><trkpt lat="22.248870046508948" lon="113.9292756622339"><ele>634.5218745332321</ele><time>2022-08-20T04:22:26Z</time></trkpt><trkpt lat="22.248872354457152" lon="113.92925015347983"><ele>634.9000089600598</ele><time>2022-08-20T04:22:29Z</time></trkpt><trkpt lat="22.24887547054746" lon="113.92922668651153"><ele>635.6210819621527</ele><time>2022-08-20T04:22:32Z</time></trkpt><trkpt lat="22.248875851992803" lon="113.92920669185472"><ele>635.6536870658626</ele><time>2022-08-20T04:22:35Z</time></trkpt><trkpt lat="22.248875342751642" lon="113.92918617994658"><ele>635.883074209047</ele><time>2022-08-20T04:22:37Z</time></trkpt><trkpt lat="22.248867203914763" lon="113.92916810455452"><ele>635.4195126690361</ele><time>2022-08-20T04:24:18Z</time></trkpt><trkpt lat="22.24887274969056" lon="113.92914473841039"><ele>636.1755514879886</ele><time>2022-08-20T04:24:20Z</time></trkpt><trkpt lat="22.248874294225157" lon="113.92911701582078"><ele>636.5498429019092</ele><time>2022-08-20T04:24:22Z</time></trkpt><trkpt lat="22.248879008687492" lon="113.92909464480006"><ele>636.7536622514417</ele><time>2022-08-20T04:24:24Z</time></trkpt><trkpt lat="22.24888204477339" lon="113.92907440196898"><ele>636.5122931004585</ele><time>2022-08-20T04:24:30Z</time></trkpt><trkpt lat="22.248887657202175" lon="113.92905135990034"><ele>636.1460854555444</ele><time>2022-08-20T04:24:33Z</time></trkpt><trkpt lat="22.248897603515005" lon="113.92903383519916"><ele>635.7317768782287</ele><time>2022-08-20T04:24:36Z</time></trkpt><trkpt lat="22.24890844248979" lon="113.92901774006388"><ele>635.5708770389707</ele><time>2022-08-20T04:24:40Z</time></trkpt><trkpt lat="22.248902195747142" lon="113.92899874564894"><ele>636.4846188178233</ele><time>2022-08-20T04:24:47Z</time></trkpt><trkpt lat="22.248899739598336" lon="113.92897790786878"><ele>637.4540654440392</ele><time>2022-08-20T04:24:51Z</time></trkpt><trkpt lat="22.248897285868487" lon="113.92895432533713"><ele>638.2296694238781</ele><time>2022-08-20T04:24:55Z</time></trkpt><trkpt lat="22.248900402205575" lon="113.92893362962401"><ele>639.0403392647567</ele><time>2022-08-20T04:24:58Z</time></trkpt><trkpt lat="22.248904336332167" lon="113.92891386783698"><ele>639.9017955971048</ele><time>2022-08-20T04:25:03Z</time></trkpt><trkpt lat="22.248901996615718" lon="113.92889329464467"><ele>639.9681885693515</ele><time>2022-08-20T04:25:07Z</time></trkpt><trkpt lat="22.248899601231585" lon="113.92887077150617"><ele>640.6465103624217</ele><time>2022-08-20T04:25:14Z</time></trkpt><trkpt lat="22.24890229597893" lon="113.92885099436427"><ele>641.4352312720481</ele><time>2022-08-20T04:25:20Z</time></trkpt><trkpt lat="22.2489258204687" lon="113.92885705652864"><ele>642.4524476625112</ele><time>2022-08-20T04:25:29Z</time></trkpt><trkpt lat="22.248946419441374" lon="113.92885733718788"><ele>643.4951638305224</ele><time>2022-08-20T04:25:35Z</time></trkpt><trkpt lat="22.248966958794814" lon="113.92885474282998"><ele>644.8116441309893</ele><time>2022-08-20T04:25:39Z</time></trkpt><trkpt lat="22.248971392652976" lon="113.92882808664518"><ele>647.8392176420898</ele><time>2022-08-20T04:26:24Z</time></trkpt><trkpt lat="22.248979900779013" lon="113.92880594587483"><ele>648.1399080082239</ele><time>2022-08-20T04:26:33Z</time></trkpt><trkpt lat="22.248978432084336" lon="113.92878055819597"><ele>650.0361505806842</ele><time>2022-08-20T04:26:38Z</time></trkpt><trkpt lat="22.24898770643154" lon="113.92876301449618"><ele>651.8971500642692</ele><time>2022-08-20T04:26:45Z</time></trkpt><trkpt lat="22.248990252747518" lon="113.92873879524784"><ele>652.4218553883744</ele><time>2022-08-20T04:26:53Z</time></trkpt><trkpt lat="22.24899073064951" lon="113.9287190549955"><ele>652.81370001883</ele><time>2022-08-20T04:26:56Z</time></trkpt><trkpt lat="22.248993794222166" lon="113.92869818666685"><ele>654.04060464234</ele><time>2022-08-20T04:27:01Z</time></trkpt><trkpt lat="22.248999941486385" lon="113.92867719254554"><ele>654.9389745457554</ele><time>2022-08-20T04:27:04Z</time></trkpt><trkpt lat="22.249004131597427" lon="113.9286574248081"><ele>656.3811566769083</ele><time>2022-08-20T04:27:12Z</time></trkpt><trkpt lat="22.249015586244905" lon="113.92863797720429"><ele>657.2588627147657</ele><time>2022-08-20T04:27:21Z</time></trkpt><trkpt lat="22.24902975677517" lon="113.92861480385343"><ele>658.0545917564207</ele><time>2022-08-20T04:27:30Z</time></trkpt><trkpt lat="22.249044689829873" lon="113.92859889765754"><ele>658.2112230982194</ele><time>2022-08-20T04:27:33Z</time></trkpt><trkpt lat="22.249057663051342" lon="113.92857814889992"><ele>658.4779354125601</ele><time>2022-08-20T04:27:36Z</time></trkpt><trkpt lat="22.24907530117907" lon="113.92856983658379"><ele>659.904832497738</ele><time>2022-08-20T04:28:06Z</time></trkpt><trkpt lat="22.249095677139334" lon="113.92856252209225"><ele>659.9929319303889</ele><time>2022-08-20T04:28:09Z</time></trkpt><trkpt lat="22.249115205255386" lon="113.9285551185271"><ele>660.6623326664936</ele><time>2022-08-20T04:28:12Z</time></trkpt><trkpt lat="22.24912527912348" lon="113.92853772126914"><ele>662.4112412747007</ele><time>2022-08-20T04:28:16Z</time></trkpt><trkpt lat="22.249147261859463" lon="113.92853496221235"><ele>663.9169417553355</ele><time>2022-08-20T04:28:20Z</time></trkpt><trkpt lat="22.24916459351344" lon="113.928520152316"><ele>665.4793454483234</ele><time>2022-08-20T04:28:24Z</time></trkpt><trkpt lat="22.249177081191203" lon="113.92849812769201"><ele>667.00819199346</ele><time>2022-08-20T04:28:27Z</time></trkpt><trkpt lat="22.24919502722552" lon="113.92848300984839"><ele>667.5498806447503</ele><time>2022-08-20T04:28:31Z</time></trkpt><trkpt lat="22.24921097580474" lon="113.92846968460863"><ele>668.5929032250699</ele><time>2022-08-20T04:28:35Z</time></trkpt><trkpt lat="22.249222953010012" lon="113.92845111411184"><ele>669.9467111849489</ele><time>2022-08-20T04:29:22Z</time></trkpt><trkpt lat="22.24924118715042" lon="113.92842865147718"><ele>670.7218602713881</ele><time>2022-08-20T04:29:25Z</time></trkpt><trkpt lat="22.249257360569334" lon="113.92841398602042"><ele>671.9127899628646</ele><time>2022-08-20T04:29:28Z</time></trkpt><trkpt lat="22.249270516459198" lon="113.92839995060996"><ele>673.049404237355</ele><time>2022-08-20T04:29:33Z</time></trkpt><trkpt lat="22.249284639072425" lon="113.92838186756877"><ele>675.4018538830443</ele><time>2022-08-20T04:29:46Z</time></trkpt><trkpt lat="22.24929808522857" lon="113.92836673754961"><ele>677.352018591101</ele><time>2022-08-20T04:29:52Z</time></trkpt><trkpt lat="22.249318549077817" lon="113.92836439689842"><ele>677.9183213809766</ele><time>2022-08-20T04:30:02Z</time></trkpt><trkpt lat="22.249341844516294" lon="113.92835276190652"><ele>678.5346510165593</ele><time>2022-08-20T04:30:05Z</time></trkpt><trkpt lat="22.249361974896356" lon="113.92835901771147"><ele>679.847798771689</ele><time>2022-08-20T04:30:24Z</time></trkpt><trkpt lat="22.249370387309707" lon="113.92833998614626"><ele>680.3945571394883</ele><time>2022-08-20T04:30:29Z</time></trkpt><trkpt lat="22.24938571464154" lon="113.92832779649099"><ele>680.8236692184119</ele><time>2022-08-20T04:30:32Z</time></trkpt><trkpt lat="22.249369325082135" lon="113.92831701739215"><ele>681.4217837863043</ele><time>2022-08-20T04:30:39Z</time></trkpt><trkpt lat="22.24936821470918" lon="113.92829542413824"><ele>681.7999770537893</ele><time>2022-08-20T04:30:46Z</time></trkpt><trkpt lat="22.24935276219662" lon="113.9282849183984"><ele>682.2612571788659</ele><time>2022-08-20T04:30:49Z</time></trkpt><trkpt lat="22.249375624224967" lon="113.92827025745824"><ele>685.0953113899553</ele><time>2022-08-20T04:30:57Z</time></trkpt><trkpt lat="22.249383687891125" lon="113.9282485053018"><ele>685.4856204183814</ele><time>2022-08-20T04:31:08Z</time></trkpt><trkpt lat="22.249401969169938" lon="113.92823537993047"><ele>685.572343130584</ele><time>2022-08-20T04:31:13Z</time></trkpt><trkpt lat="22.249392870777115" lon="113.92821431390291"><ele>686.3952172888977</ele><time>2022-08-20T04:31:17Z</time></trkpt><trkpt lat="22.249399884775766" lon="113.92818989578073"><ele>687.8493203351871</ele><time>2022-08-20T04:31:22Z</time></trkpt><trkpt lat="22.249397746850683" lon="113.92816220653793"><ele>689.6126551312877</ele><time>2022-08-20T04:31:27Z</time></trkpt><trkpt lat="22.249402229830874" lon="113.9281418093355"><ele>690.5132304140867</ele><time>2022-08-20T04:31:32Z</time></trkpt><trkpt lat="22.24942245435765" lon="113.9281382425041"><ele>690.4699618941656</ele><time>2022-08-20T04:31:35Z</time></trkpt><trkpt lat="22.249439165017293" lon="113.92812072679028"><ele>692.4637682553883</ele><time>2022-08-20T04:31:48Z</time></trkpt><trkpt lat="22.249442525289304" lon="113.92809905806541"><ele>693.7016670725585</ele><time>2022-08-20T04:31:53Z</time></trkpt><trkpt lat="22.249423436815697" lon="113.92808406835144"><ele>693.8102765824553</ele><time>2022-08-20T04:32:02Z</time></trkpt><trkpt lat="22.249412898274763" lon="113.92806469531304"><ele>693.9559918899149</ele><time>2022-08-20T04:32:07Z</time></trkpt><trkpt lat="22.249413970839257" lon="113.92804422493111"><ele>694.4411102544087</ele><time>2022-08-20T04:32:19Z</time></trkpt><trkpt lat="22.249414746973077" lon="113.92802398811378"><ele>694.673360936748</ele><time>2022-08-20T04:32:34Z</time></trkpt><trkpt lat="22.249405813135578" lon="113.92800514833884"><ele>695.8463238059276</ele><time>2022-08-20T04:32:41Z</time></trkpt><trkpt lat="22.249400434235245" lon="113.92798648603451"><ele>696.2949630914587</ele><time>2022-08-20T04:32:44Z</time></trkpt><trkpt lat="22.24938149576203" lon="113.92797679387512"><ele>696.3561647127146</ele><time>2022-08-20T04:32:48Z</time></trkpt><trkpt lat="22.249364912764953" lon="113.92796872017273"><ele>696.7166303613382</ele><time>2022-08-20T04:32:51Z</time></trkpt><trkpt lat="22.24934903560355" lon="113.92795777130956"><ele>697.9841183264136</ele><time>2022-08-20T04:32:56Z</time></trkpt><trkpt lat="22.249331735192406" lon="113.9279439613015"><ele>699.2058543690644</ele><time>2022-08-20T04:33:06Z</time></trkpt><trkpt lat="22.24932225827722" lon="113.92792563192208"><ele>699.7524822163476</ele><time>2022-08-20T04:33:08Z</time></trkpt><trkpt lat="22.249314675118626" lon="113.92790672742187"><ele>700.2201880768374</ele><time>2022-08-20T04:33:10Z</time></trkpt><trkpt lat="22.249303157093344" lon="113.92788518812455"><ele>700.6273430587614</ele><time>2022-08-20T04:33:14Z</time></trkpt><trkpt lat="22.249289989498887" lon="113.92786520036154"><ele>701.8784024427291</ele><time>2022-08-20T04:33:18Z</time></trkpt><trkpt lat="22.249287816458985" lon="113.92784550705761"><ele>702.4587856517602</ele><time>2022-08-20T04:33:20Z</time></trkpt><trkpt lat="22.249291720985436" lon="113.92782342524052"><ele>703.2304750464729</ele><time>2022-08-20T04:33:23Z</time></trkpt><trkpt lat="22.24927819794906" lon="113.92780443225824"><ele>704.0885220713659</ele><time>2022-08-20T04:33:33Z</time></trkpt><trkpt lat="22.249280255335147" lon="113.92777621508175"><ele>705.1511067475398</ele><time>2022-08-20T04:33:37Z</time></trkpt><trkpt lat="22.24927345742319" lon="113.927758075913"><ele>706.4863354325793</ele><time>2022-08-20T04:33:44Z</time></trkpt><trkpt lat="22.24925770245557" lon="113.92773729335968"><ele>707.0617063013883</ele><time>2022-08-20T04:33:49Z</time></trkpt><trkpt lat="22.24923917508357" lon="113.92773693486762"><ele>706.9314019055945</ele><time>2022-08-20T04:33:52Z</time></trkpt><trkpt lat="22.249225649197133" lon="113.92771683045727"><ele>708.4525088276772</ele><time>2022-08-20T04:34:39Z</time></trkpt><trkpt lat="22.249202059533" lon="113.92769906147458"><ele>708.3825957542906</ele><time>2022-08-20T04:34:44Z</time></trkpt><trkpt lat="22.24918531531694" lon="113.92767936004088"><ele>708.2453548066878</ele><time>2022-08-20T04:34:47Z</time></trkpt><trkpt lat="22.249170146898045" lon="113.92766845740947"><ele>708.8107845797363</ele><time>2022-08-20T04:34:51Z</time></trkpt><trkpt lat="22.249156040808508" lon="113.92765430892544"><ele>709.5004587426333</ele><time>2022-08-20T04:34:55Z</time></trkpt><trkpt lat="22.24914316108023" lon="113.92763906975426"><ele>710.2309327064196</ele><time>2022-08-20T04:34:58Z</time></trkpt><trkpt lat="22.249137634513897" lon="113.92761590374073"><ele>710.6659689157848</ele><time>2022-08-20T04:35:01Z</time></trkpt><trkpt lat="22.24914986774111" lon="113.92759860915797"><ele>711.9390073412202</ele><time>2022-08-20T04:35:06Z</time></trkpt><trkpt lat="22.249160017420344" lon="113.9275787207319"><ele>713.7757304989351</ele><time>2022-08-20T04:35:12Z</time></trkpt><trkpt lat="22.24916829049522" lon="113.92755820580192"><ele>714.7626422382206</ele><time>2022-08-20T04:35:14Z</time></trkpt><trkpt lat="22.249174098559582" lon="113.92753968164013"><ele>715.3805235145413</ele><time>2022-08-20T04:35:16Z</time></trkpt><trkpt lat="22.24917847503071" lon="113.92751702844589"><ele>716.0125461691779</ele><time>2022-08-20T04:35:19Z</time></trkpt><trkpt lat="22.24918744193222" lon="113.92749748743172"><ele>716.4828178751924</ele><time>2022-08-20T04:35:22Z</time></trkpt><trkpt lat="22.249187426299066" lon="113.9274771787441"><ele>717.1690782911838</ele><time>2022-08-20T04:35:26Z</time></trkpt><trkpt lat="22.24918018529161" lon="113.9274562539656"><ele>717.6648453110266</ele><time>2022-08-20T04:35:29Z</time></trkpt><trkpt lat="22.249175097361658" lon="113.927433363344"><ele>718.5418883722128</ele><time>2022-08-20T04:35:32Z</time></trkpt><trkpt lat="22.24916984764851" lon="113.92741382170654"><ele>718.9267982123475</ele><time>2022-08-20T04:35:34Z</time></trkpt><trkpt lat="22.249159441121034" lon="113.92738764468199"><ele>719.3359355104157</ele><time>2022-08-20T04:35:37Z</time></trkpt><trkpt lat="22.249150315239184" lon="113.92736647424441"><ele>719.7888395750888</ele><time>2022-08-20T04:35:39Z</time></trkpt><trkpt lat="22.24914733177876" lon="113.92734133786108"><ele>720.0875557374212</ele><time>2022-08-20T04:35:42Z</time></trkpt><trkpt lat="22.24914958306735" lon="113.92732002313288"><ele>720.4868770238319</ele><time>2022-08-20T04:35:44Z</time></trkpt><trkpt lat="22.249152417080868" lon="113.92729318282039"><ele>720.8040967729155</ele><time>2022-08-20T04:35:46Z</time></trkpt><trkpt lat="22.249156066901122" lon="113.92727389018064"><ele>721.0730532722584</ele><time>2022-08-20T04:35:48Z</time></trkpt><trkpt lat="22.249155329553002" lon="113.9272502559015"><ele>721.3892341487268</ele><time>2022-08-20T04:35:51Z</time></trkpt><trkpt lat="22.249155195218968" lon="113.92722497234723"><ele>721.8886215369708</ele><time>2022-08-20T04:36:04Z</time></trkpt><trkpt lat="22.24914714946245" lon="113.92720191718577"><ele>721.7709687469924</ele><time>2022-08-20T04:36:07Z</time></trkpt><trkpt lat="22.249139727645378" lon="113.92717908713632"><ele>721.9748400155222</ele><time>2022-08-20T04:36:10Z</time></trkpt><trkpt lat="22.249126400331445" lon="113.92716136528648"><ele>722.0009362463667</ele><time>2022-08-20T04:36:13Z</time></trkpt><trkpt lat="22.249117927905512" lon="113.92714167706532"><ele>721.6782631621726</ele><time>2022-08-20T04:36:15Z</time></trkpt><trkpt lat="22.249117111696403" lon="113.92712193134943"><ele>721.465017142517</ele><time>2022-08-20T04:36:17Z</time></trkpt><trkpt lat="22.249113298702447" lon="113.92709232695789"><ele>721.4204520196902</ele><time>2022-08-20T04:36:20Z</time></trkpt><trkpt lat="22.249104140453227" lon="113.92706430316565"><ele>721.5655604893292</ele><time>2022-08-20T04:36:23Z</time></trkpt><trkpt lat="22.249096680990572" lon="113.92704647365534"><ele>721.5526545404335</ele><time>2022-08-20T04:36:25Z</time></trkpt><trkpt lat="22.249090311570612" lon="113.92702668335868"><ele>722.0461721917866</ele><time>2022-08-20T04:36:28Z</time></trkpt><trkpt lat="22.249086355913008" lon="113.92700677258993"><ele>722.5628521898268</ele><time>2022-08-20T04:36:33Z</time></trkpt><trkpt lat="22.249084983226037" lon="113.92698256995764"><ele>723.0854278493351</ele><time>2022-08-20T04:36:36Z</time></trkpt><trkpt lat="22.24908113560859" lon="113.92695969741055"><ele>723.4025409852367</ele><time>2022-08-20T04:36:39Z</time></trkpt><trkpt lat="22.249073979304967" lon="113.9269397962027"><ele>723.4527094853238</ele><time>2022-08-20T04:36:41Z</time></trkpt><trkpt lat="22.24906488934363" lon="113.9269173123236"><ele>723.3840117702485</ele><time>2022-08-20T04:36:43Z</time></trkpt><trkpt lat="22.249053158416977" lon="113.92690072650248"><ele>723.1443595317119</ele><time>2022-08-20T04:36:45Z</time></trkpt><trkpt lat="22.249039035326486" lon="113.92688569221306"><ele>722.6924975496872</ele><time>2022-08-20T04:36:48Z</time></trkpt><trkpt lat="22.2490368069811" lon="113.92685996529983"><ele>722.9067799230749</ele><time>2022-08-20T04:37:05Z</time></trkpt><trkpt lat="22.249028226816225" lon="113.92683885264407"><ele>722.810413879567</ele><time>2022-08-20T04:37:06Z</time></trkpt><trkpt lat="22.24901660902405" lon="113.92681315997588"><ele>722.8127346136381</ele><time>2022-08-20T04:37:08Z</time></trkpt><trkpt lat="22.24900265870257" lon="113.9267961349609"><ele>722.4608293477982</ele><time>2022-08-20T04:37:11Z</time></trkpt><trkpt lat="22.248988528091093" lon="113.92677498888239"><ele>722.0460756016817</ele><time>2022-08-20T04:37:14Z</time></trkpt><trkpt lat="22.248975784129385" lon="113.92675516725177"><ele>721.5913650141387</ele><time>2022-08-20T04:37:17Z</time></trkpt><trkpt lat="22.248962595898163" lon="113.92673994606923"><ele>720.956775716196</ele><time>2022-08-20T04:37:23Z</time></trkpt><trkpt lat="22.248947705650576" lon="113.92671531110958"><ele>719.9927015908512</ele><time>2022-08-20T04:37:26Z</time></trkpt><trkpt lat="22.248936099141538" lon="113.92669316339963"><ele>719.0770132770438</ele><time>2022-08-20T04:37:29Z</time></trkpt><trkpt lat="22.2489322370757" lon="113.9266732815139"><ele>718.5052949970275</ele><time>2022-08-20T04:37:32Z</time></trkpt><trkpt lat="22.24892796594526" lon="113.92665112994638"><ele>718.3085110336926</ele><time>2022-08-20T04:37:35Z</time></trkpt><trkpt lat="22.24891453916402" lon="113.9266278754958"><ele>717.9241706786735</ele><time>2022-08-20T04:37:38Z</time></trkpt><trkpt lat="22.24889658024121" lon="113.92660282410219"><ele>717.9443775218208</ele><time>2022-08-20T04:37:40Z</time></trkpt><trkpt lat="22.248882683396836" lon="113.92657820178594"><ele>717.9145011953206</ele><time>2022-08-20T04:37:42Z</time></trkpt><trkpt lat="22.248871486469028" lon="113.92655664871086"><ele>717.8156103725182</ele><time>2022-08-20T04:37:44Z</time></trkpt><trkpt lat="22.2488642492255" lon="113.92653865893486"><ele>717.8730512356279</ele><time>2022-08-20T04:37:47Z</time></trkpt><trkpt lat="22.248855808888734" lon="113.92651861813162"><ele>717.9536568562503</ele><time>2022-08-20T04:37:50Z</time></trkpt><trkpt lat="22.248852924580994" lon="113.92649518569931"><ele>718.0534353678318</ele><time>2022-08-20T04:37:53Z</time></trkpt><trkpt lat="22.248853383381835" lon="113.92647019924921"><ele>718.0416521136791</ele><time>2022-08-20T04:37:56Z</time></trkpt><trkpt lat="22.248848783954998" lon="113.92644514643999"><ele>717.5308600779738</ele><time>2022-08-20T04:37:59Z</time></trkpt><trkpt lat="22.248840072172825" lon="113.92642099922496"><ele>717.1590231296391</ele><time>2022-08-20T04:38:02Z</time></trkpt><trkpt lat="22.24883899476971" lon="113.92640114162808"><ele>716.5473339761745</ele><time>2022-08-20T04:38:06Z</time></trkpt><trkpt lat="22.248839203564927" lon="113.92637975966267"><ele>716.7167575362573</ele><time>2022-08-20T04:38:19Z</time></trkpt><trkpt lat="22.2488339500768" lon="113.9263526033704"><ele>716.8657661637675</ele><time>2022-08-20T04:38:21Z</time></trkpt><trkpt lat="22.24883431003095" lon="113.92632307437381"><ele>717.0755249315237</ele><time>2022-08-20T04:38:23Z</time></trkpt><trkpt lat="22.24883175441893" lon="113.9262994385531"><ele>717.2910395069111</ele><time>2022-08-20T04:38:25Z</time></trkpt><trkpt lat="22.248834425290617" lon="113.92627216501197"><ele>717.2762015105676</ele><time>2022-08-20T04:38:28Z</time></trkpt><trkpt lat="22.248840779736184" lon="113.92625373246918"><ele>716.8447638481038</ele><time>2022-08-20T04:38:30Z</time></trkpt><trkpt lat="22.24884942382479" lon="113.92623331550915"><ele>716.5558611189292</ele><time>2022-08-20T04:38:32Z</time></trkpt><trkpt lat="22.248858071182113" lon="113.92621303921776"><ele>716.4174574936897</ele><time>2022-08-20T04:38:34Z</time></trkpt><trkpt lat="22.248863726756074" lon="113.92619130952176"><ele>716.3455332481858</ele><time>2022-08-20T04:38:38Z</time></trkpt><trkpt lat="22.248864742721832" lon="113.92616974124785"><ele>716.3550282548939</ele><time>2022-08-20T04:38:43Z</time></trkpt><trkpt lat="22.248862274061572" lon="113.92615031916739"><ele>716.384983274173</ele><time>2022-08-20T04:38:46Z</time></trkpt><trkpt lat="22.248856386387622" lon="113.92613182959606"><ele>715.8611845166491</ele><time>2022-08-20T04:38:48Z</time></trkpt><trkpt lat="22.248842586648486" lon="113.92610829480519"><ele>715.2660263434103</ele><time>2022-08-20T04:38:51Z</time></trkpt><trkpt lat="22.24882808101366" lon="113.9260865825363"><ele>714.5694430099793</ele><time>2022-08-20T04:38:54Z</time></trkpt><trkpt lat="22.248829707395714" lon="113.9260651201132"><ele>714.1892691117739</ele><time>2022-08-20T04:38:58Z</time></trkpt><trkpt lat="22.24883027799404" lon="113.92604558369011"><ele>714.1600506791688</ele><time>2022-08-20T04:39:02Z</time></trkpt><trkpt lat="22.24883453823052" lon="113.92601937641821"><ele>713.1767055721799</ele><time>2022-08-20T04:39:06Z</time></trkpt><trkpt lat="22.248813238054613" lon="113.92599826653102"><ele>712.3053386745704</ele><time>2022-08-20T04:39:24Z</time></trkpt><trkpt lat="22.248805336440494" lon="113.92597921217681"><ele>712.4036973981006</ele><time>2022-08-20T04:39:25Z</time></trkpt><trkpt lat="22.248807841143048" lon="113.92595728168335"><ele>710.7817992755</ele><time>2022-08-20T04:40:07Z</time></trkpt><trkpt lat="22.248808710413613" lon="113.92593715667303"><ele>710.7547383734855</ele><time>2022-08-20T04:40:10Z</time></trkpt><trkpt lat="22.248815848449567" lon="113.92590861071682"><ele>710.8871711989016</ele><time>2022-08-20T04:40:12Z</time></trkpt><trkpt lat="22.248822748210564" lon="113.92588353774491"><ele>710.912974302065</ele><time>2022-08-20T04:40:14Z</time></trkpt><trkpt lat="22.24883090399918" lon="113.92585863516365"><ele>711.1555376807542</ele><time>2022-08-20T04:40:16Z</time></trkpt><trkpt lat="22.24883362348275" lon="113.92583494845914"><ele>711.3443153678463</ele><time>2022-08-20T04:40:18Z</time></trkpt><trkpt lat="22.24882913949732" lon="113.92581183633172"><ele>711.6538726452961</ele><time>2022-08-20T04:40:21Z</time></trkpt><trkpt lat="22.248820614512283" lon="113.92579404932434"><ele>711.6858863740698</ele><time>2022-08-20T04:40:24Z</time></trkpt><trkpt lat="22.248827748027537" lon="113.92577352802415"><ele>711.4748408740174</ele><time>2022-08-20T04:40:28Z</time></trkpt><trkpt lat="22.248839441616834" lon="113.9257478998274"><ele>711.9951444490636</ele><time>2022-08-20T04:40:53Z</time></trkpt><trkpt lat="22.24883984061968" lon="113.92572434783597"><ele>712.5817076824467</ele><time>2022-08-20T04:40:56Z</time></trkpt><trkpt lat="22.248834911341564" lon="113.92570496170133"><ele>712.8303781741643</ele><time>2022-08-20T04:40:59Z</time></trkpt><trkpt lat="22.248834715937985" lon="113.92567637592641"><ele>713.1703107357447</ele><time>2022-08-20T04:41:02Z</time></trkpt><trkpt lat="22.248838841384877" lon="113.92565388334776"><ele>713.5610768838351</ele><time>2022-08-20T04:41:05Z</time></trkpt><trkpt lat="22.248839089525912" lon="113.92563035253073"><ele>713.6751480605309</ele><time>2022-08-20T04:41:08Z</time></trkpt><trkpt lat="22.248834895997284" lon="113.9256098803733"><ele>713.985365608721</ele><time>2022-08-20T04:41:11Z</time></trkpt><trkpt lat="22.248823770915493" lon="113.92559031111742"><ele>715.5837988248121</ele><time>2022-08-20T04:41:24Z</time></trkpt><trkpt lat="22.248833132856774" lon="113.92557105158694"><ele>715.8381906621164</ele><time>2022-08-20T04:41:27Z</time></trkpt><trkpt lat="22.24883921248518" lon="113.92554564960693"><ele>716.1094478160152</ele><time>2022-08-20T04:41:31Z</time></trkpt><trkpt lat="22.24884315463756" lon="113.92552600825401"><ele>715.3391347055938</ele><time>2022-08-20T04:41:40Z</time></trkpt><trkpt lat="22.248845089924046" lon="113.92550666173672"><ele>716.1502645027206</ele><time>2022-08-20T04:41:48Z</time></trkpt><trkpt lat="22.248854532780165" lon="113.92548127849302"><ele>717.6002554657056</ele><time>2022-08-20T04:41:53Z</time></trkpt><trkpt lat="22.248864725457267" lon="113.92546346020913"><ele>718.2097927314499</ele><time>2022-08-20T04:42:06Z</time></trkpt><trkpt lat="22.248854748439147" lon="113.92543923494225"><ele>718.6879116264557</ele><time>2022-08-20T04:42:29Z</time></trkpt><trkpt lat="22.248832313946306" lon="113.92542652965996"><ele>720.3892050070077</ele><time>2022-08-20T04:42:37Z</time></trkpt><trkpt lat="22.248843511359166" lon="113.92541000150374"><ele>722.4087703853875</ele><time>2022-08-20T04:42:47Z</time></trkpt><trkpt lat="22.248852113122382" lon="113.925388904239"><ele>724.6384560529287</ele><time>2022-08-20T04:43:05Z</time></trkpt><trkpt lat="22.24885408109678" lon="113.92536190643811"><ele>725.5183830336824</ele><time>2022-08-20T04:43:07Z</time></trkpt><trkpt lat="22.248843396008397" lon="113.9253416908422"><ele>727.8254790723421</ele><time>2022-08-20T04:43:11Z</time></trkpt><trkpt lat="22.248828317969302" lon="113.92532327810353"><ele>730.2404289198664</ele><time>2022-08-20T04:43:16Z</time></trkpt><trkpt lat="22.248821119479558" lon="113.9253026960169"><ele>732.2334130165866</ele><time>2022-08-20T04:43:25Z</time></trkpt><trkpt lat="22.248820839782272" lon="113.92527882894937"><ele>732.6741942527301</ele><time>2022-08-20T04:43:29Z</time></trkpt><trkpt lat="22.248826466493203" lon="113.92526005041721"><ele>733.0814211319157</ele><time>2022-08-20T04:43:32Z</time></trkpt><trkpt lat="22.248832835987628" lon="113.92524010442929"><ele>734.6694929722566</ele><time>2022-08-20T04:43:37Z</time></trkpt><trkpt lat="22.248823137189426" lon="113.9252118159565"><ele>736.0671524521973</ele><time>2022-08-20T04:44:14Z</time></trkpt><trkpt lat="22.248817804834477" lon="113.92518774235458"><ele>736.1858558110949</ele><time>2022-08-20T04:44:17Z</time></trkpt><trkpt lat="22.248807095524267" lon="113.92517159443935"><ele>736.7320496832397</ele><time>2022-08-20T04:44:48Z</time></trkpt><trkpt lat="22.24879672286651" lon="113.92514792340337"><ele>736.7749894116246</ele><time>2022-08-20T04:44:50Z</time></trkpt><trkpt lat="22.248792282646843" lon="113.92512710122976"><ele>736.9741252804452</ele><time>2022-08-20T04:44:54Z</time></trkpt><trkpt lat="22.248805344945527" lon="113.92510977712547"><ele>738.0219559273454</ele><time>2022-08-20T04:45:02Z</time></trkpt><trkpt lat="22.248809289494694" lon="113.92509043327436"><ele>739.3460488010854</ele><time>2022-08-20T04:45:06Z</time></trkpt><trkpt lat="22.248819345282016" lon="113.92507379534365"><ele>740.2069425080031</ele><time>2022-08-20T04:45:09Z</time></trkpt><trkpt lat="22.24881218994082" lon="113.92505303921148"><ele>741.3207917676385</ele><time>2022-08-20T04:45:12Z</time></trkpt><trkpt lat="22.24881069724679" lon="113.925029570083"><ele>742.0283027450209</ele><time>2022-08-20T04:45:16Z</time></trkpt><trkpt lat="22.24880884514893" lon="113.92500482725558"><ele>742.121505754765</ele><time>2022-08-20T04:45:19Z</time></trkpt><trkpt lat="22.24880934214455" lon="113.9249839158406"><ele>742.4146145335607</ele><time>2022-08-20T04:45:24Z</time></trkpt><trkpt lat="22.248798201392958" lon="113.92496139172866"><ele>744.1619156228309</ele><time>2022-08-20T04:45:58Z</time></trkpt><trkpt lat="22.248802440945628" lon="113.92493946754595"><ele>744.5782016363227</ele><time>2022-08-20T04:46:00Z</time></trkpt><trkpt lat="22.248812935487162" lon="113.92491613364726"><ele>747.1694265234132</ele><time>2022-08-20T04:46:11Z</time></trkpt><trkpt lat="22.248831531662447" lon="113.92490869107804"><ele>747.4719632583702</ele><time>2022-08-20T04:46:15Z</time></trkpt><trkpt lat="22.248839579946424" lon="113.92489120284294"><ele>746.9491443516647</ele><time>2022-08-20T04:46:19Z</time></trkpt><trkpt lat="22.248843768974492" lon="113.92486779677942"><ele>747.0614200659256</ele><time>2022-08-20T04:46:22Z</time></trkpt><trkpt lat="22.248842814373265" lon="113.92484774388183"><ele>747.5678118622144</ele><time>2022-08-20T04:46:33Z</time></trkpt><trkpt lat="22.248845371118335" lon="113.92482395032587"><ele>747.9644697154961</ele><time>2022-08-20T04:46:37Z</time></trkpt><trkpt lat="22.248847932026155" lon="113.92480451168855"><ele>748.2179496180439</ele><time>2022-08-20T04:46:41Z</time></trkpt><trkpt lat="22.248850975498403" lon="113.92478471493784"><ele>749.302131760612</ele><time>2022-08-20T04:46:47Z</time></trkpt><trkpt lat="22.24885539997457" lon="113.92476213638702"><ele>750.8209676409613</ele><time>2022-08-20T04:46:53Z</time></trkpt><trkpt lat="22.248863956022415" lon="113.92474232283693"><ele>752.620207099064</ele><time>2022-08-20T04:47:13Z</time></trkpt><trkpt lat="22.24885817564252" lon="113.924723474674"><ele>753.8857309899316</ele><time>2022-08-20T04:47:20Z</time></trkpt><trkpt lat="22.24884989449006" lon="113.9246981694408"><ele>754.749475057311</ele><time>2022-08-20T04:47:28Z</time></trkpt><trkpt lat="22.24885249655565" lon="113.92467073325167"><ele>754.9027055061397</ele><time>2022-08-20T04:47:31Z</time></trkpt><trkpt lat="22.248865468991077" lon="113.924650067137"><ele>755.5058887125145</ele><time>2022-08-20T04:47:34Z</time></trkpt><trkpt lat="22.248877751102068" lon="113.92463174917188"><ele>756.8809813331005</ele><time>2022-08-20T04:47:52Z</time></trkpt><trkpt lat="22.248887068289868" lon="113.92460979431762"><ele>757.434146462452</ele><time>2022-08-20T04:47:55Z</time></trkpt><trkpt lat="22.248894564262752" lon="113.92458851950968"><ele>758.1783493076821</ele><time>2022-08-20T04:47:59Z</time></trkpt><trkpt lat="22.24889178836293" lon="113.92456891844934"><ele>759.6390616992053</ele><time>2022-08-20T04:48:05Z</time></trkpt><trkpt lat="22.248887744540415" lon="113.92454553046385"><ele>759.9127377381251</ele><time>2022-08-20T04:48:08Z</time></trkpt><trkpt lat="22.248895593060602" lon="113.92452798235422"><ele>760.5349185536236</ele><time>2022-08-20T04:48:11Z</time></trkpt><trkpt lat="22.248910873410942" lon="113.92451114190816"><ele>761.7568527588361</ele><time>2022-08-20T04:48:15Z</time></trkpt><trkpt lat="22.248925454257694" lon="113.92449502344385"><ele>763.380806823059</ele><time>2022-08-20T04:49:40Z</time></trkpt><trkpt lat="22.248927414429353" lon="113.92446814433634"><ele>764.3088312875254</ele><time>2022-08-20T04:49:47Z</time></trkpt><trkpt lat="22.248934924929625" lon="113.92444888409466"><ele>764.5090831488416</ele><time>2022-08-20T04:49:51Z</time></trkpt><trkpt lat="22.2489311608308" lon="113.92442772913982"><ele>765.4229532279147</ele><time>2022-08-20T04:49:57Z</time></trkpt><trkpt lat="22.24893387481216" lon="113.92440778863912"><ele>766.5696003646842</ele><time>2022-08-20T04:49:59Z</time></trkpt><trkpt lat="22.248942722247733" lon="113.92438445904178"><ele>768.2693863860399</ele><time>2022-08-20T04:50:04Z</time></trkpt><trkpt lat="22.248946567949385" lon="113.92436101019305"><ele>769.1057097700325</ele><time>2022-08-20T04:50:07Z</time></trkpt><trkpt lat="22.248951919787576" lon="113.92433936242915"><ele>769.4253118156704</ele><time>2022-08-20T04:50:11Z</time></trkpt><trkpt lat="22.248948796131774" lon="113.92431157053561"><ele>770.0333153530155</ele><time>2022-08-20T04:50:14Z</time></trkpt><trkpt lat="22.248947726649092" lon="113.92429003925362"><ele>770.363992572856</ele><time>2022-08-20T04:50:16Z</time></trkpt><trkpt lat="22.2489448430555" lon="113.92426847580057"><ele>770.9636952572198</ele><time>2022-08-20T04:50:28Z</time></trkpt><trkpt lat="22.248955164578415" lon="113.92425092377503"><ele>771.619636250514</ele><time>2022-08-20T04:50:32Z</time></trkpt><trkpt lat="22.248960437208858" lon="113.9242316105611"><ele>772.929177393906</ele><time>2022-08-20T04:50:36Z</time></trkpt><trkpt lat="22.248954642137498" lon="113.92421176975931"><ele>773.6019747055013</ele><time>2022-08-20T04:50:39Z</time></trkpt><trkpt lat="22.248963594566987" lon="113.92418942445573"><ele>774.2442657390629</ele><time>2022-08-20T04:50:42Z</time></trkpt><trkpt lat="22.24895682085616" lon="113.92416802381489"><ele>775.6339987619585</ele><time>2022-08-20T04:50:49Z</time></trkpt><trkpt lat="22.248944488765986" lon="113.92414922153583"><ele>776.2246337319331</ele><time>2022-08-20T04:50:53Z</time></trkpt><trkpt lat="22.24892448595365" lon="113.92413715759331"><ele>777.4242337739781</ele><time>2022-08-20T04:50:57Z</time></trkpt><trkpt lat="22.248911314827748" lon="113.92412158250839"><ele>778.9926654066257</ele><time>2022-08-20T04:51:23Z</time></trkpt><trkpt lat="22.248902273546346" lon="113.9241020312476"><ele>779.6869854599103</ele><time>2022-08-20T04:51:28Z</time></trkpt><trkpt lat="22.248888158903586" lon="113.92408921264123"><ele>779.9102378702381</ele><time>2022-08-20T04:51:32Z</time></trkpt><trkpt lat="22.24886840785015" lon="113.92407348558777"><ele>779.1928736796855</ele><time>2022-08-20T04:51:36Z</time></trkpt><trkpt lat="22.248854253994384" lon="113.92405446543867"><ele>779.8902688992928</ele><time>2022-08-20T04:51:41Z</time></trkpt><trkpt lat="22.24883572109864" lon="113.92404211972632"><ele>781.8702186072421</ele><time>2022-08-20T04:51:47Z</time></trkpt><trkpt lat="22.248813490934115" lon="113.92403199682292"><ele>781.9350377429905</ele><time>2022-08-20T04:51:50Z</time></trkpt><trkpt lat="22.24881067278805" lon="113.92401055493393"><ele>783.1181006368381</ele><time>2022-08-20T04:51:56Z</time></trkpt><trkpt lat="22.248810834575462" lon="113.92398857267924"><ele>783.7023622165053</ele><time>2022-08-20T04:51:59Z</time></trkpt><trkpt lat="22.248813301084432" lon="113.92396507100096"><ele>783.781504440184</ele><time>2022-08-20T04:52:02Z</time></trkpt><trkpt lat="22.248824538131757" lon="113.92394208088461"><ele>784.8295542126589</ele><time>2022-08-20T04:52:41Z</time></trkpt><trkpt lat="22.24882497727696" lon="113.92392069065748"><ele>786.1836361561902</ele><time>2022-08-20T04:52:44Z</time></trkpt><trkpt lat="22.248824080258238" lon="113.92389653662093"><ele>787.2599276020034</ele><time>2022-08-20T04:52:47Z</time></trkpt><trkpt lat="22.248821489862596" lon="113.92387128987609"><ele>787.8444771096085</ele><time>2022-08-20T04:52:49Z</time></trkpt><trkpt lat="22.248832774714455" lon="113.92385033749039"><ele>788.341377571943</ele><time>2022-08-20T04:52:51Z</time></trkpt><trkpt lat="22.24883854964689" lon="113.92383091172216"><ele>789.0584888255387</ele><time>2022-08-20T04:53:04Z</time></trkpt><trkpt lat="22.248831139944148" lon="113.92381208094787"><ele>790.6401120420803</ele><time>2022-08-20T04:53:15Z</time></trkpt><trkpt lat="22.248839515331255" lon="113.92379074227712"><ele>791.6247394298707</ele><time>2022-08-20T04:53:20Z</time></trkpt><trkpt lat="22.24885033583169" lon="113.92377048195863"><ele>792.5849027441144</ele><time>2022-08-20T04:53:23Z</time></trkpt><trkpt lat="22.24886340603701" lon="113.92374951150744"><ele>793.1694876690864</ele><time>2022-08-20T04:53:26Z</time></trkpt><trkpt lat="22.248874226088038" lon="113.92372838982844"><ele>793.7564317669452</ele><time>2022-08-20T04:53:28Z</time></trkpt><trkpt lat="22.24887880398106" lon="113.92370624380898"><ele>794.3198951513682</ele><time>2022-08-20T04:53:31Z</time></trkpt><trkpt lat="22.248881782322073" lon="113.92368330401148"><ele>795.8700079702317</ele><time>2022-08-20T04:53:36Z</time></trkpt><trkpt lat="22.248874483787137" lon="113.92366233100633"><ele>796.4306470369187</ele><time>2022-08-20T04:53:39Z</time></trkpt><trkpt lat="22.248864947543808" lon="113.9236425827901"><ele>796.9877021310389</ele><time>2022-08-20T04:53:42Z</time></trkpt><trkpt lat="22.248854860526585" lon="113.92362204623541"><ele>797.6404375710298</ele><time>2022-08-20T04:53:46Z</time></trkpt><trkpt lat="22.248847483535847" lon="113.92360399244438"><ele>798.3355281794643</ele><time>2022-08-20T04:54:00Z</time></trkpt><trkpt lat="22.248848391300406" lon="113.92357695049697"><ele>798.2501325091356</ele><time>2022-08-20T04:54:04Z</time></trkpt><trkpt lat="22.24883668197603" lon="113.92356099756545"><ele>797.8218079110504</ele><time>2022-08-20T04:54:08Z</time></trkpt><trkpt lat="22.248842979139344" lon="113.92358234289077"><ele>798.0272014435252</ele><time>2022-08-20T04:54:55Z</time></trkpt><trkpt lat="22.248829771075048" lon="113.92355992667544"><ele>799.0808656178895</ele><time>2022-08-20T04:55:02Z</time></trkpt><trkpt lat="22.24881507679754" lon="113.92354138688923"><ele>799.7533122165634</ele><time>2022-08-20T04:55:05Z</time></trkpt><trkpt lat="22.248811937497386" lon="113.92351914388351"><ele>800.030326369984</ele><time>2022-08-20T04:55:08Z</time></trkpt><trkpt lat="22.24881148904408" lon="113.92348463267292"><ele>800.39277421041</ele><time>2022-08-20T04:55:11Z</time></trkpt><trkpt lat="22.24880993392211" lon="113.92346192181236"><ele>800.9595055717446</ele><time>2022-08-20T04:55:13Z</time></trkpt><trkpt lat="22.24880043302965" lon="113.92344312358738"><ele>801.8649527936276</ele><time>2022-08-20T04:55:15Z</time></trkpt><trkpt lat="22.248791681857053" lon="113.92342544364068"><ele>802.1035793051789</ele><time>2022-08-20T04:55:17Z</time></trkpt><trkpt lat="22.248787234849246" lon="113.92340287924992"><ele>802.3741434618505</ele><time>2022-08-20T04:55:19Z</time></trkpt><trkpt lat="22.248777706849896" lon="113.92338589967932"><ele>803.1802649677717</ele><time>2022-08-20T04:55:22Z</time></trkpt><trkpt lat="22.248777509397513" lon="113.92336471530557"><ele>803.9551073726161</ele><time>2022-08-20T04:55:27Z</time></trkpt><trkpt lat="22.24878113863357" lon="113.92333903190809"><ele>804.4764424922528</ele><time>2022-08-20T04:55:34Z</time></trkpt><trkpt lat="22.248782058237822" lon="113.92331915032095"><ele>804.976257765487</ele><time>2022-08-20T04:55:38Z</time></trkpt><trkpt lat="22.248779537798892" lon="113.92329314494013"><ele>804.7367607147012</ele><time>2022-08-20T04:55:41Z</time></trkpt><trkpt lat="22.248783662508895" lon="113.9232715983867"><ele>805.0789581563987</ele><time>2022-08-20T04:55:44Z</time></trkpt><trkpt lat="22.248789925917354" lon="113.92325265914367"><ele>805.2949300554025</ele><time>2022-08-20T04:55:47Z</time></trkpt><trkpt lat="22.2488032822755" lon="113.92323434303644"><ele>806.0641639020525</ele><time>2022-08-20T04:55:54Z</time></trkpt><trkpt lat="22.248810303464058" lon="113.92321527326847"><ele>806.4327567123347</ele><time>2022-08-20T04:55:57Z</time></trkpt><trkpt lat="22.24881423407729" lon="113.92319374804524"><ele>806.9646533595086</ele><time>2022-08-20T04:56:01Z</time></trkpt><trkpt lat="22.248810524123307" lon="113.92317047554431"><ele>807.6708424333908</ele><time>2022-08-20T04:56:06Z</time></trkpt><trkpt lat="22.24881231799225" lon="113.92314761804047"><ele>809.5566655754554</ele><time>2022-08-20T04:56:12Z</time></trkpt><trkpt lat="22.248820221875818" lon="113.92312852982325"><ele>809.9588286883104</ele><time>2022-08-20T04:56:15Z</time></trkpt><trkpt lat="22.24882978748649" lon="113.92311069828693"><ele>810.1282520992933</ele><time>2022-08-20T04:56:19Z</time></trkpt><trkpt lat="22.248836263639635" lon="113.92308942138769"><ele>811.1709375507857</ele><time>2022-08-20T04:56:23Z</time></trkpt><trkpt lat="22.248833922686032" lon="113.9230694003276"><ele>812.1614910205126</ele><time>2022-08-20T04:56:27Z</time></trkpt><trkpt lat="22.248817819345028" lon="113.92304940411414"><ele>813.1407733991052</ele><time>2022-08-20T04:56:31Z</time></trkpt><trkpt lat="22.24880727653727" lon="113.92303060718655"><ele>813.5311073245585</ele><time>2022-08-20T04:56:33Z</time></trkpt><trkpt lat="22.248799124119596" lon="113.92301277355914"><ele>813.7215297931981</ele><time>2022-08-20T04:56:34Z</time></trkpt><trkpt lat="22.24879698248132" lon="113.92298432225493"><ele>814.7696791966149</ele><time>2022-08-20T04:56:37Z</time></trkpt><trkpt lat="22.24880165777904" lon="113.92295940741178"><ele>815.7913661424976</ele><time>2022-08-20T04:56:40Z</time></trkpt><trkpt lat="22.248807559357708" lon="113.92293667699631"><ele>816.4061759971271</ele><time>2022-08-20T04:56:43Z</time></trkpt><trkpt lat="22.248802057027895" lon="113.92291326602056"><ele>817.3769764325425</ele><time>2022-08-20T04:56:46Z</time></trkpt><trkpt lat="22.24879527131685" lon="113.92289177848015"><ele>818.0267577237618</ele><time>2022-08-20T04:56:49Z</time></trkpt><trkpt lat="22.248791305627176" lon="113.92287034672083"><ele>819.0574413308171</ele><time>2022-08-20T04:56:52Z</time></trkpt><trkpt lat="22.248788493333944" lon="113.92284490018098"><ele>820.0988338317826</ele><time>2022-08-20T04:56:55Z</time></trkpt><trkpt lat="22.248793127871103" lon="113.92282585880244"><ele>820.6554456043917</ele><time>2022-08-20T04:56:57Z</time></trkpt><trkpt lat="22.24879849987361" lon="113.92280394911968"><ele>821.5947682398656</ele><time>2022-08-20T04:57:24Z</time></trkpt><trkpt lat="22.24879770695277" lon="113.92277954794734"><ele>821.9927452659753</ele><time>2022-08-20T04:57:27Z</time></trkpt><trkpt lat="22.24880155004555" lon="113.9227602352312"><ele>822.3359831621524</ele><time>2022-08-20T04:57:29Z</time></trkpt><trkpt lat="22.248806248747968" lon="113.92273652321903"><ele>822.7190801158542</ele><time>2022-08-20T04:57:31Z</time></trkpt><trkpt lat="22.24880962382122" lon="113.92271202513037"><ele>822.373439024639</ele><time>2022-08-20T04:57:34Z</time></trkpt><trkpt lat="22.24880549324401" lon="113.92269309694626"><ele>822.1993416206218</ele><time>2022-08-20T04:57:36Z</time></trkpt><trkpt lat="22.248798099786093" lon="113.92266621772929"><ele>821.9682944546383</ele><time>2022-08-20T04:57:43Z</time></trkpt><trkpt lat="22.248795675387907" lon="113.92264594203768"><ele>822.6657588617603</ele><time>2022-08-20T04:57:45Z</time></trkpt><trkpt lat="22.248795656885363" lon="113.92262180706365"><ele>823.8283552639228</ele><time>2022-08-20T04:57:48Z</time></trkpt><trkpt lat="22.24879880590748" lon="113.92259787608454"><ele>825.1907264850895</ele><time>2022-08-20T04:57:54Z</time></trkpt><trkpt lat="22.248803955864144" lon="113.9225791064112"><ele>825.4534538243887</ele><time>2022-08-20T04:57:57Z</time></trkpt><trkpt lat="22.248800393139632" lon="113.92255933184984"><ele>825.7362707972535</ele><time>2022-08-20T04:58:04Z</time></trkpt><trkpt lat="22.24879535893907" lon="113.922539408835"><ele>825.6720266838448</ele><time>2022-08-20T04:58:07Z</time></trkpt><trkpt lat="22.24878548225768" lon="113.92251639438375"><ele>826.3468539510308</ele><time>2022-08-20T04:58:10Z</time></trkpt><trkpt lat="22.248774856827875" lon="113.92249583307355"><ele>827.0937316979793</ele><time>2022-08-20T04:58:14Z</time></trkpt><trkpt lat="22.24877214253184" lon="113.92247273137185"><ele>827.8743197071491</ele><time>2022-08-20T04:58:56Z</time></trkpt><trkpt lat="22.24876769857215" lon="113.92245006124423"><ele>828.107768996796</ele><time>2022-08-20T04:58:58Z</time></trkpt><trkpt lat="22.24876000113819" lon="113.92242142215817"><ele>828.8599448881591</ele><time>2022-08-20T04:59:01Z</time></trkpt><trkpt lat="22.24875198864078" lon="113.92240320627263"><ele>829.1525632213945</ele><time>2022-08-20T04:59:03Z</time></trkpt><trkpt lat="22.248763011189098" lon="113.92238762501565"><ele>830.2460168587289</ele><time>2022-08-20T04:59:10Z</time></trkpt><trkpt lat="22.248758710210105" lon="113.9223650039042"><ele>830.7235184367082</ele><time>2022-08-20T04:59:12Z</time></trkpt><trkpt lat="22.248746116803417" lon="113.92234416297258"><ele>831.4241366226257</ele><time>2022-08-20T04:59:17Z</time></trkpt><trkpt lat="22.248728296567812" lon="113.92232895577033"><ele>823.4790482293977</ele><time>2022-08-20T04:59:27Z</time></trkpt><trkpt lat="22.248713896515003" lon="113.92231401786918"><ele>824.8108112434109</ele><time>2022-08-20T04:59:29Z</time></trkpt><trkpt lat="22.2487172722372" lon="113.92229212887969"><ele>827.5854907833417</ele><time>2022-08-20T04:59:33Z</time></trkpt><trkpt lat="22.248699301839505" lon="113.92228270187967"><ele>829.1662490976731</ele><time>2022-08-20T04:59:39Z</time></trkpt><trkpt lat="22.248689460276367" lon="113.92225481469413"><ele>830.0226079090357</ele><time>2022-08-20T04:59:43Z</time></trkpt><trkpt lat="22.2486839364447" lon="113.92222317272568"><ele>830.4598864246547</ele><time>2022-08-20T04:59:46Z</time></trkpt><trkpt lat="22.248679431274304" lon="113.9221990302573"><ele>830.8609358669921</ele><time>2022-08-20T04:59:48Z</time></trkpt><trkpt lat="22.248682131264616" lon="113.92216871560916"><ele>831.4318314743873</ele><time>2022-08-20T04:59:50Z</time></trkpt><trkpt lat="22.248690222576585" lon="113.92214307162476"><ele>831.9510696455574</ele><time>2022-08-20T04:59:52Z</time></trkpt><trkpt lat="22.248698623826158" lon="113.92211518797983"><ele>832.4072872608427</ele><time>2022-08-20T04:59:54Z</time></trkpt><trkpt lat="22.248706365872287" lon="113.92209544199845"><ele>833.1028488013301</ele><time>2022-08-20T04:59:56Z</time></trkpt><trkpt lat="22.24871572990154" lon="113.92207241588322"><ele>834.1225430800672</ele><time>2022-08-20T04:59:59Z</time></trkpt><trkpt lat="22.24873386345384" lon="113.92205001780104"><ele>836.2765732390031</ele><time>2022-08-20T05:01:02Z</time></trkpt><trkpt lat="22.248741213755274" lon="113.92202908614921"><ele>837.3754397129115</ele><time>2022-08-20T05:01:05Z</time></trkpt><trkpt lat="22.2487460182299" lon="113.92200605168796"><ele>838.3412634153939</ele><time>2022-08-20T05:01:09Z</time></trkpt><trkpt lat="22.24874913069049" lon="113.92198129161575"><ele>838.5742227412717</ele><time>2022-08-20T05:01:11Z</time></trkpt><trkpt lat="22.248755438232475" lon="113.92195316471124"><ele>839.3337039346827</ele><time>2022-08-20T05:01:16Z</time></trkpt><trkpt lat="22.248758083377346" lon="113.92192945260523"><ele>839.732222518747</ele><time>2022-08-20T05:01:18Z</time></trkpt><trkpt lat="22.248765027730446" lon="113.9219021461224"><ele>839.8614517557569</ele><time>2022-08-20T05:01:21Z</time></trkpt><trkpt lat="22.24877086207456" lon="113.92188345739771"><ele>839.9051099882705</ele><time>2022-08-20T05:01:23Z</time></trkpt><trkpt lat="22.248777904050694" lon="113.92186339538812"><ele>840.2262525748953</ele><time>2022-08-20T05:01:25Z</time></trkpt><trkpt lat="22.248782961017124" lon="113.921837524259"><ele>840.4170033603953</ele><time>2022-08-20T05:01:29Z</time></trkpt><trkpt lat="22.248782763049103" lon="113.92181551553247"><ele>840.9891972800626</ele><time>2022-08-20T05:01:32Z</time></trkpt><trkpt lat="22.24878575439365" lon="113.92179632612199"><ele>841.4391367439449</ele><time>2022-08-20T05:01:39Z</time></trkpt><trkpt lat="22.248801224505563" lon="113.92177678371074"><ele>841.8496284817458</ele><time>2022-08-20T05:01:43Z</time></trkpt><trkpt lat="22.248809676874" lon="113.92175959432802"><ele>842.2047972291871</ele><time>2022-08-20T05:01:47Z</time></trkpt><trkpt lat="22.248812462490875" lon="113.92173653634538"><ele>842.4611248255098</ele><time>2022-08-20T05:01:50Z</time></trkpt><trkpt lat="22.248805474806133" lon="113.92171687667786"><ele>842.7124573348266</ele><time>2022-08-20T05:01:57Z</time></trkpt><trkpt lat="22.248807303617916" lon="113.92169625483437"><ele>844.1585532720211</ele><time>2022-08-20T05:02:50Z</time></trkpt><trkpt lat="22.248806055522962" lon="113.9216746609642"><ele>844.9143949323773</ele><time>2022-08-20T05:02:55Z</time></trkpt><trkpt lat="22.24881436862758" lon="113.92164976819241"><ele>846.2391406650806</ele><time>2022-08-20T05:03:31Z</time></trkpt><trkpt lat="22.248817837625634" lon="113.92162633284806"><ele>847.9598383891997</ele><time>2022-08-20T05:03:39Z</time></trkpt><trkpt lat="22.248805070631665" lon="113.9216067962703"><ele>848.2681134948666</ele><time>2022-08-20T05:03:41Z</time></trkpt><trkpt lat="22.24879270395394" lon="113.92158706445477"><ele>848.6153552487896</ele><time>2022-08-20T05:03:44Z</time></trkpt><trkpt lat="22.24880889681642" lon="113.92157541727303"><ele>849.6551030990182</ele><time>2022-08-20T05:03:49Z</time></trkpt><trkpt lat="22.248814882919735" lon="113.92155173507467"><ele>850.7818430619485</ele><time>2022-08-20T05:03:54Z</time></trkpt><trkpt lat="22.248821315502926" lon="113.92152935796258"><ele>852.0139866820399</ele><time>2022-08-20T05:04:01Z</time></trkpt><trkpt lat="22.248836257815938" lon="113.92151498413986"><ele>851.8067216131226</ele><time>2022-08-20T05:04:05Z</time></trkpt><trkpt lat="22.24882380572223" lon="113.92149768801166"><ele>852.8434503263771</ele><time>2022-08-20T05:04:10Z</time></trkpt><trkpt lat="22.248823501980578" lon="113.92147638702102"><ele>853.6387724127637</ele><time>2022-08-20T05:04:14Z</time></trkpt><trkpt lat="22.24883922117725" lon="113.9214649874336"><ele>854.2151836052818</ele><time>2022-08-20T05:04:16Z</time></trkpt><trkpt lat="22.248854230041957" lon="113.92143195702617"><ele>856.9597212552791</ele><time>2022-08-20T05:04:34Z</time></trkpt><trkpt lat="22.24887292472256" lon="113.92142259307337"><ele>856.8651381374485</ele><time>2022-08-20T05:04:38Z</time></trkpt><trkpt lat="22.24889134277776" lon="113.92141529545238"><ele>857.3599836960445</ele><time>2022-08-20T05:04:45Z</time></trkpt><trkpt lat="22.248915333353075" lon="113.92140872034571"><ele>857.9291718026917</ele><time>2022-08-20T05:04:48Z</time></trkpt><trkpt lat="22.248931875935433" lon="113.92139686000662"><ele>858.4335337899671</ele><time>2022-08-20T05:04:51Z</time></trkpt><trkpt lat="22.248943640932023" lon="113.92138149771648"><ele>859.1886513916884</ele><time>2022-08-20T05:04:54Z</time></trkpt><trkpt lat="22.24896339792677" lon="113.92136004631642"><ele>860.8470736966683</ele><time>2022-08-20T05:05:03Z</time></trkpt><trkpt lat="22.24897822467525" lon="113.92133416910373"><ele>861.5642378960606</ele><time>2022-08-20T05:05:05Z</time></trkpt><trkpt lat="22.248995604599035" lon="113.921319781994"><ele>862.4153947453455</ele><time>2022-08-20T05:05:08Z</time></trkpt><trkpt lat="22.249014253156783" lon="113.92131073646135"><ele>862.9532057230911</ele><time>2022-08-20T05:05:11Z</time></trkpt><trkpt lat="22.2490330091356" lon="113.92131312360384"><ele>862.5845386231721</ele><time>2022-08-20T05:05:20Z</time></trkpt><trkpt lat="22.24905407480551" lon="113.92130382935125"><ele>862.9158538552996</ele><time>2022-08-20T05:05:24Z</time></trkpt><trkpt lat="22.24907120946214" lon="113.92128373476034"><ele>863.5662960399051</ele><time>2022-08-20T05:05:27Z</time></trkpt><trkpt lat="22.249076468029692" lon="113.92126310023002"><ele>864.5015430654536</ele><time>2022-08-20T05:05:37Z</time></trkpt><trkpt lat="22.2490753600151" lon="113.92123990262648"><ele>866.9007576164681</ele><time>2022-08-20T05:05:45Z</time></trkpt><trkpt lat="22.24905795953594" lon="113.92122937463314"><ele>868.9220521076321</ele><time>2022-08-20T05:05:50Z</time></trkpt><trkpt lat="22.24903891107884" lon="113.9212246815585"><ele>870.5396407692956</ele><time>2022-08-20T05:05:55Z</time></trkpt><trkpt lat="22.249044180274183" lon="113.9212058649554"><ele>871.0872747842385</ele><time>2022-08-20T05:05:58Z</time></trkpt><trkpt lat="22.2490407510344" lon="113.92118380946756"><ele>872.1977840758784</ele><time>2022-08-20T05:06:13Z</time></trkpt><trkpt lat="22.24905739510297" lon="113.92116110116471"><ele>874.0004000184174</ele><time>2022-08-20T05:06:23Z</time></trkpt><trkpt lat="22.249071481022558" lon="113.92114676224148"><ele>875.798296462016</ele><time>2022-08-20T05:06:35Z</time></trkpt><trkpt lat="22.249056824939554" lon="113.92112866126114"><ele>875.5203440998474</ele><time>2022-08-20T05:06:39Z</time></trkpt><trkpt lat="22.24906453976104" lon="113.92110952275347"><ele>876.6838663700128</ele><time>2022-08-20T05:06:47Z</time></trkpt><trkpt lat="22.249080353091117" lon="113.92109511309808"><ele>876.8638822017251</ele><time>2022-08-20T05:06:49Z</time></trkpt><trkpt lat="22.249086706882196" lon="113.92107280616517"><ele>876.9920678886799</ele><time>2022-08-20T05:06:52Z</time></trkpt><trkpt lat="22.24908918944579" lon="113.92104900329551"><ele>878.5450016737739</ele><time>2022-08-20T05:07:08Z</time></trkpt><trkpt lat="22.249093724124677" lon="113.92102725796862"><ele>878.7708910164002</ele><time>2022-08-20T05:07:11Z</time></trkpt><trkpt lat="22.249095986006147" lon="113.9210015812428"><ele>878.6188933727946</ele><time>2022-08-20T05:07:16Z</time></trkpt><trkpt lat="22.24910297250767" lon="113.92097974672728"><ele>879.9998832912761</ele><time>2022-08-20T05:07:25Z</time></trkpt><trkpt lat="22.249104446703562" lon="113.9209554514277"><ele>881.0455212451601</ele><time>2022-08-20T05:07:29Z</time></trkpt><trkpt lat="22.24910665013788" lon="113.92093474438359"><ele>882.4269278062885</ele><time>2022-08-20T05:07:38Z</time></trkpt><trkpt lat="22.249122093382116" lon="113.92091555034895"><ele>882.6171894118451</ele><time>2022-08-20T05:07:41Z</time></trkpt><trkpt lat="22.249127403430492" lon="113.92089359788874"><ele>883.4043616434224</ele><time>2022-08-20T05:07:43Z</time></trkpt><trkpt lat="22.249142074131637" lon="113.92087066218912"><ele>885.270144998683</ele><time>2022-08-20T05:08:25Z</time></trkpt><trkpt lat="22.249136133434074" lon="113.92085028445833"><ele>886.1053160993716</ele><time>2022-08-20T05:08:27Z</time></trkpt><trkpt lat="22.249133506208356" lon="113.92082870940477"><ele>886.5917125966071</ele><time>2022-08-20T05:08:29Z</time></trkpt><trkpt lat="22.249152271760117" lon="113.92081004628817"><ele>886.77758921383</ele><time>2022-08-20T05:08:32Z</time></trkpt><trkpt lat="22.249172417005983" lon="113.92080149634296"><ele>886.9990434795184</ele><time>2022-08-20T05:08:35Z</time></trkpt><trkpt lat="22.24919004334175" lon="113.92079698966417"><ele>887.2027982333364</ele><time>2022-08-20T05:08:37Z</time></trkpt><trkpt lat="22.249202018041185" lon="113.92077609772517"><ele>887.9014146695889</ele><time>2022-08-20T05:08:40Z</time></trkpt><trkpt lat="22.249194020602836" lon="113.92075407868718"><ele>889.4269820763095</ele><time>2022-08-20T05:08:50Z</time></trkpt><trkpt lat="22.249194697134733" lon="113.92073047169406"><ele>890.8773233990854</ele><time>2022-08-20T05:08:52Z</time></trkpt><trkpt lat="22.24919548923817" lon="113.92071057886987"><ele>892.1296453337317</ele><time>2022-08-20T05:08:54Z</time></trkpt><trkpt lat="22.249200536563137" lon="113.9206839685444"><ele>894.1895572727386</ele><time>2022-08-20T05:09:00Z</time></trkpt><trkpt lat="22.24920500207063" lon="113.92065999226645"><ele>894.8301291369384</ele><time>2022-08-20T05:09:03Z</time></trkpt><trkpt lat="22.24920960900941" lon="113.92063681954012"><ele>896.6037537827906</ele><time>2022-08-20T05:09:14Z</time></trkpt><trkpt lat="22.249202271097026" lon="113.92061712731625"><ele>897.7151315249539</ele><time>2022-08-20T05:09:22Z</time></trkpt><trkpt lat="22.249198021382973" lon="113.92059412674612"><ele>898.4751489059131</ele><time>2022-08-20T05:09:29Z</time></trkpt><trkpt lat="22.249205438175125" lon="113.92057447801224"><ele>900.7240241845908</ele><time>2022-08-20T05:10:33Z</time></trkpt><trkpt lat="22.24921336956381" lon="113.92055455940303"><ele>903.2101567294188</ele><time>2022-08-20T05:11:00Z</time></trkpt><trkpt lat="22.249210372944916" lon="113.9205325117418"><ele>903.3550920200538</ele><time>2022-08-20T05:11:02Z</time></trkpt><trkpt lat="22.24921228638776" lon="113.92050907843989"><ele>903.4776441352366</ele><time>2022-08-20T05:11:04Z</time></trkpt><trkpt lat="22.249233592108535" lon="113.92050031024222"><ele>903.3378142001284</ele><time>2022-08-20T05:11:07Z</time></trkpt><trkpt lat="22.249244295085425" lon="113.9204781077745"><ele>903.6160581496672</ele><time>2022-08-20T05:11:11Z</time></trkpt><trkpt lat="22.249234746625678" lon="113.92045882371782"><ele>905.4855898240262</ele><time>2022-08-20T05:11:21Z</time></trkpt><trkpt lat="22.249241635803983" lon="113.92043307075961"><ele>906.4533203630409</ele><time>2022-08-20T05:11:27Z</time></trkpt><trkpt lat="22.249244021578235" lon="113.92041364586154"><ele>908.0979678737227</ele><time>2022-08-20T05:11:41Z</time></trkpt><trkpt lat="22.249253922491587" lon="113.92039324258748"><ele>908.5999061603903</ele><time>2022-08-20T05:11:45Z</time></trkpt><trkpt lat="22.249252426028526" lon="113.92036539075893"><ele>912.7582817951518</ele><time>2022-08-20T05:12:04Z</time></trkpt><trkpt lat="22.249258282914884" lon="113.92034549596009"><ele>913.3209462094719</ele><time>2022-08-20T05:12:06Z</time></trkpt><trkpt lat="22.24926561216857" lon="113.92032413544801"><ele>913.8313046102247</ele><time>2022-08-20T05:12:11Z</time></trkpt><trkpt lat="22.24925228288886" lon="113.9203055265928"><ele>914.5082284951698</ele><time>2022-08-20T05:12:21Z</time></trkpt><trkpt lat="22.249239322451835" lon="113.92027919614488"><ele>916.3435948494699</ele><time>2022-08-20T05:12:24Z</time></trkpt><trkpt lat="22.24923500154035" lon="113.92025722670878"><ele>918.5040687185877</ele><time>2022-08-20T05:12:54Z</time></trkpt><trkpt lat="22.249254719565464" lon="113.92025450084202"><ele>919.3407809398539</ele><time>2022-08-20T05:13:03Z</time></trkpt><trkpt lat="22.249245621788614" lon="113.92023525037747"><ele>919.9405427167172</ele><time>2022-08-20T05:13:12Z</time></trkpt><trkpt lat="22.249244980080444" lon="113.92021497702697"><ele>921.9423826486576</ele><time>2022-08-20T05:13:26Z</time></trkpt><trkpt lat="22.249237008753187" lon="113.92019430492505"><ele>923.4535694478941</ele><time>2022-08-20T05:13:40Z</time></trkpt><trkpt lat="22.24922852297726" lon="113.92016907505021"><ele>924.2892748533776</ele><time>2022-08-20T05:13:44Z</time></trkpt><trkpt lat="22.249215478365862" lon="113.92015530889742"><ele>924.8499182269308</ele><time>2022-08-20T05:13:47Z</time></trkpt><trkpt lat="22.249208790685678" lon="113.92013379617536"><ele>924.510755530234</ele><time>2022-08-20T05:13:50Z</time></trkpt><trkpt lat="22.249216675438397" lon="113.92011570547193"><ele>926.9830953938348</ele><time>2022-08-20T05:14:11Z</time></trkpt><trkpt lat="22.24923322039833" lon="113.92010424621009"><ele>928.6846439570646</ele><time>2022-08-20T05:14:33Z</time></trkpt><trkpt lat="22.249253166791206" lon="113.92010415991982"><ele>929.0757294154314</ele><time>2022-08-20T05:14:38Z</time></trkpt><trkpt lat="22.24927027518492" lon="113.92008966476446"><ele>929.3070170656702</ele><time>2022-08-20T05:14:42Z</time></trkpt><trkpt lat="22.24926232240137" lon="113.92007065115081"><ele>928.6810846003187</ele><time>2022-08-20T05:14:46Z</time></trkpt><trkpt lat="22.249278646636718" lon="113.92008976622195"><ele>928.3426574444211</ele><time>2022-08-20T05:15:04Z</time></trkpt><trkpt lat="22.249297271775685" lon="113.92010879954223"><ele>928.9932358191367</ele><time>2022-08-20T05:15:07Z</time></trkpt><trkpt lat="22.249299060807378" lon="113.92013316366159"><ele>929.7462441670867</ele><time>2022-08-20T05:15:12Z</time></trkpt><trkpt lat="22.24928205981838" lon="113.92012005910333"><ele>930.6562950424225</ele><time>2022-08-20T05:16:37Z</time></trkpt><trkpt lat="22.249282039656006" lon="113.92014208203409"><ele>931.5380546117566</ele><time>2022-08-20T05:16:41Z</time></trkpt><trkpt lat="22.24928901608185" lon="113.92016199451652"><ele>933.7424476975575</ele><time>2022-08-20T05:17:41Z</time></trkpt><trkpt lat="22.24929786705443" lon="113.92013983208362"><ele>933.8375497125089</ele><time>2022-08-20T05:18:54Z</time></trkpt><trkpt lat="22.24928488129349" lon="113.92011207690142"><ele>934.5949992025271</ele><time>2022-08-20T05:18:57Z</time></trkpt><trkpt lat="22.249261946009835" lon="113.920094814901"><ele>933.5411255173385</ele><time>2022-08-20T05:19:00Z</time></trkpt><trkpt lat="22.249269323734413" lon="113.92007277457543"><ele>932.1717524072155</ele><time>2022-08-20T05:19:03Z</time></trkpt><trkpt lat="22.249269100768153" lon="113.92009282515217"><ele>931.3161402723903</ele><time>2022-08-20T05:20:16Z</time></trkpt><trkpt lat="22.249247072202287" lon="113.92008902722336"><ele>931.0677133432735</ele><time>2022-08-20T05:20:19Z</time></trkpt><trkpt lat="22.249227040135864" lon="113.92008434390563"><ele>930.3646173559969</ele><time>2022-08-20T05:20:21Z</time></trkpt><trkpt lat="22.249207663268397" lon="113.9200832901652"><ele>928.7843741998711</ele><time>2022-08-20T05:20:24Z</time></trkpt><trkpt lat="22.24918687757746" lon="113.92008573813833"><ele>927.947664480244</ele><time>2022-08-20T05:20:28Z</time></trkpt><trkpt lat="22.249168252471048" lon="113.92008908403177"><ele>927.6829601456573</ele><time>2022-08-20T05:20:31Z</time></trkpt><trkpt lat="22.249153283589024" lon="113.92007249102477"><ele>927.4266398461866</ele><time>2022-08-20T05:20:34Z</time></trkpt><trkpt lat="22.249137549088235" lon="113.92005536226651"><ele>926.1986118251588</ele><time>2022-08-20T05:20:39Z</time></trkpt><trkpt lat="22.249122709971903" lon="113.92004374883274"><ele>926.1992741217766</ele><time>2022-08-20T05:21:19Z</time></trkpt><trkpt lat="22.249130113772754" lon="113.92002164659743"><ele>926.3438424378041</ele><time>2022-08-20T05:21:28Z</time></trkpt><trkpt lat="22.249110476689697" lon="113.92002223621773"><ele>925.3768831428166</ele><time>2022-08-20T05:21:47Z</time></trkpt><trkpt lat="22.24908912508657" lon="113.92002587507199"><ele>923.9173520305129</ele><time>2022-08-20T05:22:11Z</time></trkpt><trkpt lat="22.249062252124393" lon="113.92002972601274"><ele>919.5002990194663</ele><time>2022-08-20T05:22:16Z</time></trkpt><trkpt lat="22.249035565192038" lon="113.92002307989902"><ele>919.2051635152428</ele><time>2022-08-20T05:22:18Z</time></trkpt><trkpt lat="22.249015772286047" lon="113.92001279776566"><ele>918.6976574295742</ele><time>2022-08-20T05:22:21Z</time></trkpt><trkpt lat="22.248997229513886" lon="113.91999132541703"><ele>918.308543827263</ele><time>2022-08-20T05:22:25Z</time></trkpt><trkpt lat="22.24897869789356" lon="113.91997436620105"><ele>918.4165131253933</ele><time>2022-08-20T05:22:28Z</time></trkpt><trkpt lat="22.248962748916536" lon="113.91996338816544"><ele>918.2607491030267</ele><time>2022-08-20T05:22:30Z</time></trkpt><trkpt lat="22.2489441933997" lon="113.91995427666714"><ele>917.1780927021406</ele><time>2022-08-20T05:22:35Z</time></trkpt><trkpt lat="22.248930594513055" lon="113.91993885170234"><ele>916.946678625726</ele><time>2022-08-20T05:22:39Z</time></trkpt><trkpt lat="22.248916549652" lon="113.91991981538871"><ele>917.3471962007869</ele><time>2022-08-20T05:22:42Z</time></trkpt><trkpt lat="22.24890486370454" lon="113.91990340823074"><ele>916.7398874057852</ele><time>2022-08-20T05:22:48Z</time></trkpt><trkpt lat="22.248884903523173" lon="113.9199040741816"><ele>914.9807313406845</ele><time>2022-08-20T05:22:54Z</time></trkpt><trkpt lat="22.248867806237573" lon="113.91989744912195"><ele>914.0394905959531</ele><time>2022-08-20T05:23:04Z</time></trkpt><trkpt lat="22.248853854199098" lon="113.91988419595259"><ele>913.2132170301961</ele><time>2022-08-20T05:23:07Z</time></trkpt><trkpt lat="22.24884362491321" lon="113.91986639717891"><ele>912.5674826648265</ele><time>2022-08-20T05:23:10Z</time></trkpt><trkpt lat="22.248834787176378" lon="113.91984850812553"><ele>911.096343446156</ele><time>2022-08-20T05:23:14Z</time></trkpt><trkpt lat="22.248815693125103" lon="113.91984557464133"><ele>908.6960114020384</ele><time>2022-08-20T05:23:28Z</time></trkpt><trkpt lat="22.2487960301599" lon="113.91984378506142"><ele>907.3380548364518</ele><time>2022-08-20T05:23:35Z</time></trkpt><trkpt lat="22.248775723214887" lon="113.91985373190856"><ele>906.6995450771179</ele><time>2022-08-20T05:23:45Z</time></trkpt><trkpt lat="22.24875521801568" lon="113.91986440719944"><ele>906.6329522668556</ele><time>2022-08-20T05:23:49Z</time></trkpt><trkpt lat="22.24873064011692" lon="113.9198508705894"><ele>906.5994884656645</ele><time>2022-08-20T05:23:52Z</time></trkpt><trkpt lat="22.248714460673455" lon="113.91983822000766"><ele>906.6085332174285</ele><time>2022-08-20T05:23:56Z</time></trkpt><trkpt lat="22.24869426245637" lon="113.91983460050116"><ele>905.2639535093497</ele><time>2022-08-20T05:24:00Z</time></trkpt><trkpt lat="22.248675980792953" lon="113.9198276195229"><ele>904.1728249030454</ele><time>2022-08-20T05:24:04Z</time></trkpt><trkpt lat="22.248655528943413" lon="113.91981940332695"><ele>904.2179934007811</ele><time>2022-08-20T05:24:09Z</time></trkpt><trkpt lat="22.248637277107974" lon="113.91981198049513"><ele>903.6603394467652</ele><time>2022-08-20T05:24:12Z</time></trkpt><trkpt lat="22.2486153619601" lon="113.91980896866296"><ele>901.1920028735284</ele><time>2022-08-20T05:24:17Z</time></trkpt><trkpt lat="22.248592056697085" lon="113.91980566280124"><ele>900.3341740931944</ele><time>2022-08-20T05:24:19Z</time></trkpt><trkpt lat="22.24857482523381" lon="113.91979459212071"><ele>899.5657359260024</ele><time>2022-08-20T05:25:05Z</time></trkpt><trkpt lat="22.248553871334604" lon="113.91978623768313"><ele>899.1290499895166</ele><time>2022-08-20T05:25:08Z</time></trkpt><trkpt lat="22.248533954398788" lon="113.91978704933254"><ele>897.7360549175743</ele><time>2022-08-20T05:25:15Z</time></trkpt><trkpt lat="22.248514076826066" lon="113.91978461978003"><ele>897.4962454141564</ele><time>2022-08-20T05:25:21Z</time></trkpt><trkpt lat="22.248497164143522" lon="113.91977797009513"><ele>897.5368417516233</ele><time>2022-08-20T05:25:24Z</time></trkpt><trkpt lat="22.24847844218069" lon="113.91977024218147"><ele>897.271660455271</ele><time>2022-08-20T05:25:30Z</time></trkpt><trkpt lat="22.24846378369708" lon="113.91978341057028"><ele>896.0790346481325</ele><time>2022-08-20T05:25:37Z</time></trkpt><trkpt lat="22.24844190923656" lon="113.91977242318647"><ele>895.3092151375878</ele><time>2022-08-20T05:25:41Z</time></trkpt><trkpt lat="22.248414658076467" lon="113.91976755252874"><ele>895.1100523897463</ele><time>2022-08-20T05:25:44Z</time></trkpt><trkpt lat="22.248394149926327" lon="113.91977158843693"><ele>895.1888488143508</ele><time>2022-08-20T05:25:46Z</time></trkpt><trkpt lat="22.24837566204121" lon="113.91978269478524"><ele>895.2086634033915</ele><time>2022-08-20T05:25:48Z</time></trkpt><trkpt lat="22.24835798145779" lon="113.91979344918028"><ele>895.086305434791</ele><time>2022-08-20T05:25:50Z</time></trkpt><trkpt lat="22.248333969269382" lon="113.91979162721425"><ele>894.3478053555173</ele><time>2022-08-20T05:25:53Z</time></trkpt><trkpt lat="22.248319853666572" lon="113.91977871792947"><ele>894.4246210722832</ele><time>2022-08-20T05:25:57Z</time></trkpt><trkpt lat="22.24830617788045" lon="113.91976462348097"><ele>894.2397615572239</ele><time>2022-08-20T05:26:00Z</time></trkpt><trkpt lat="22.248285450399926" lon="113.91974937823016"><ele>894.3310445645445</ele><time>2022-08-20T05:26:02Z</time></trkpt><trkpt lat="22.248264271206867" lon="113.91973286493854"><ele>894.2316686931797</ele><time>2022-08-20T05:26:04Z</time></trkpt><trkpt lat="22.2482437479065" lon="113.919720820667"><ele>894.0779191944647</ele><time>2022-08-20T05:26:06Z</time></trkpt><trkpt lat="22.248224677065924" lon="113.91972278561678"><ele>893.3587544755762</ele><time>2022-08-20T05:26:09Z</time></trkpt><trkpt lat="22.248207858167156" lon="113.91970502056277"><ele>892.0847337577773</ele><time>2022-08-20T05:26:21Z</time></trkpt><trkpt lat="22.24818869784021" lon="113.91969372917292"><ele>891.7689126146146</ele><time>2022-08-20T05:26:25Z</time></trkpt><trkpt lat="22.248170372394316" lon="113.91969134891586"><ele>890.3389657703503</ele><time>2022-08-20T05:26:35Z</time></trkpt><trkpt lat="22.248149866547877" lon="113.91969375717531"><ele>889.8482270591486</ele><time>2022-08-20T05:26:42Z</time></trkpt><trkpt lat="22.248128351918915" lon="113.91969466610267"><ele>889.5268394798259</ele><time>2022-08-20T05:26:46Z</time></trkpt><trkpt lat="22.248116477157748" lon="113.91967855143587"><ele>889.1610442283325</ele><time>2022-08-20T05:26:58Z</time></trkpt><trkpt lat="22.248095618468025" lon="113.9196682169518"><ele>888.2792390638359</ele><time>2022-08-20T05:27:05Z</time></trkpt><trkpt lat="22.248072508989612" lon="113.91966824181121"><ele>888.2938567419357</ele><time>2022-08-20T05:27:08Z</time></trkpt><trkpt lat="22.248052705655827" lon="113.91965989382393"><ele>887.7892782844978</ele><time>2022-08-20T05:27:13Z</time></trkpt><trkpt lat="22.248035556210052" lon="113.91964778683658"><ele>887.8135508149354</ele><time>2022-08-20T05:27:17Z</time></trkpt><trkpt lat="22.2480256503561" lon="113.91963056355786"><ele>887.1477584734712</ele><time>2022-08-20T05:27:33Z</time></trkpt><trkpt lat="22.248007617413137" lon="113.91961570594547"><ele>886.3206584812901</ele><time>2022-08-20T05:27:38Z</time></trkpt><trkpt lat="22.24798655934989" lon="113.91962100755448"><ele>885.8997880400136</ele><time>2022-08-20T05:27:41Z</time></trkpt><trkpt lat="22.24797495866344" lon="113.91960606247771"><ele>885.9407498739869</ele><time>2022-08-20T05:27:44Z</time></trkpt><trkpt lat="22.24796107989857" lon="113.91958877855726"><ele>881.6105513710039</ele><time>2022-08-20T05:28:09Z</time></trkpt><trkpt lat="22.247955514108817" lon="113.91956611408898"><ele>880.7322468656427</ele><time>2022-08-20T05:28:12Z</time></trkpt><trkpt lat="22.247956527682998" lon="113.91954554042604"><ele>880.2016400075272</ele><time>2022-08-20T05:28:15Z</time></trkpt><trkpt lat="22.247942605033927" lon="113.91953086379714"><ele>878.9084338881827</ele><time>2022-08-20T05:28:19Z</time></trkpt><trkpt lat="22.247924456268684" lon="113.91951890861831"><ele>878.1007817568374</ele><time>2022-08-20T05:28:27Z</time></trkpt><trkpt lat="22.24792335261615" lon="113.91949634962333"><ele>878.0163294408478</ele><time>2022-08-20T05:28:31Z</time></trkpt><trkpt lat="22.24792460424658" lon="113.91947424333537"><ele>877.1829558912805</ele><time>2022-08-20T05:28:35Z</time></trkpt><trkpt lat="22.247900804902354" lon="113.91947386606475"><ele>876.6824850219284</ele><time>2022-08-20T05:28:45Z</time></trkpt><trkpt lat="22.247889108702232" lon="113.91945580323254"><ele>876.9142792338702</ele><time>2022-08-20T05:28:49Z</time></trkpt><trkpt lat="22.247868787030598" lon="113.91945508770232"><ele>875.2657603391461</ele><time>2022-08-20T05:28:58Z</time></trkpt><trkpt lat="22.247863850040954" lon="113.91943464634774"><ele>874.5709193145136</ele><time>2022-08-20T05:29:05Z</time></trkpt><trkpt lat="22.24785478965921" lon="113.91941426729836"><ele>873.8706955520036</ele><time>2022-08-20T05:29:09Z</time></trkpt><trkpt lat="22.247864923150313" lon="113.91939314868473"><ele>872.5046036241524</ele><time>2022-08-20T05:29:20Z</time></trkpt><trkpt lat="22.247850083983053" lon="113.91937985962171"><ele>872.1339197593004</ele><time>2022-08-20T05:29:25Z</time></trkpt><trkpt lat="22.24783294604535" lon="113.91936826560256"><ele>871.772319792904</ele><time>2022-08-20T05:29:28Z</time></trkpt><trkpt lat="22.247821595761074" lon="113.919350769373"><ele>871.0954915485136</ele><time>2022-08-20T05:29:32Z</time></trkpt><trkpt lat="22.24782336803005" lon="113.91932875995496"><ele>871.316814159441</ele><time>2022-08-20T05:29:38Z</time></trkpt><trkpt lat="22.247822109242946" lon="113.91930582191709"><ele>870.5568949508694</ele><time>2022-08-20T05:29:42Z</time></trkpt><trkpt lat="22.24781776246611" lon="113.91928673908713"><ele>870.4162571939673</ele><time>2022-08-20T05:29:44Z</time></trkpt><trkpt lat="22.247807601394694" lon="113.91926994335341"><ele>870.2615504915857</ele><time>2022-08-20T05:29:46Z</time></trkpt><trkpt lat="22.247800044813165" lon="113.91924382653968"><ele>870.4069323777522</ele><time>2022-08-20T05:29:49Z</time></trkpt><trkpt lat="22.247795081172278" lon="113.9192243384458"><ele>870.350535381652</ele><time>2022-08-20T05:29:52Z</time></trkpt><trkpt lat="22.24778404179215" lon="113.91920244530033"><ele>869.609833590979</ele><time>2022-08-20T05:29:57Z</time></trkpt><trkpt lat="22.247767690656723" lon="113.91918987202376"><ele>869.4823909573149</ele><time>2022-08-20T05:29:59Z</time></trkpt><trkpt lat="22.24775121830754" lon="113.91917639572172"><ele>869.5437248349818</ele><time>2022-08-20T05:30:01Z</time></trkpt><trkpt lat="22.24774133615924" lon="113.91915832169924"><ele>869.3537721330201</ele><time>2022-08-20T05:30:04Z</time></trkpt><trkpt lat="22.247731053031572" lon="113.91913669572537"><ele>868.5176006810207</ele><time>2022-08-20T05:30:12Z</time></trkpt><trkpt lat="22.24772237691696" lon="113.91911542918092"><ele>867.2016067205091</ele><time>2022-08-20T05:30:17Z</time></trkpt><trkpt lat="22.247704984848617" lon="113.91910390649569"><ele>864.0074056954294</ele><time>2022-08-20T05:31:28Z</time></trkpt><trkpt lat="22.247697059481194" lon="113.91907710105063"><ele>863.0907551200734</ele><time>2022-08-20T05:31:46Z</time></trkpt><trkpt lat="22.247692817075766" lon="113.91905369216896"><ele>862.5268776599144</ele><time>2022-08-20T05:31:49Z</time></trkpt><trkpt lat="22.24767893673896" lon="113.91903870266346"><ele>860.4825544719425</ele><time>2022-08-20T05:32:11Z</time></trkpt><trkpt lat="22.247661786950903" lon="113.91902249090542"><ele>859.3904593759721</ele><time>2022-08-20T05:32:23Z</time></trkpt><trkpt lat="22.24764316513337" lon="113.91901427072722"><ele>858.6060373772808</ele><time>2022-08-20T05:32:31Z</time></trkpt><trkpt lat="22.247623420488743" lon="113.91901612312242"><ele>857.6682854754561</ele><time>2022-08-20T05:32:36Z</time></trkpt><trkpt lat="22.247639248159214" lon="113.919006850613"><ele>853.9814025386274</ele><time>2022-08-20T05:34:58Z</time></trkpt><trkpt lat="22.247657530670164" lon="113.91900799583843"><ele>853.2151224490761</ele><time>2022-08-20T05:35:03Z</time></trkpt><trkpt lat="22.247679788719097" lon="113.91900484528155"><ele>850.5916888063939</ele><time>2022-08-20T05:36:08Z</time></trkpt><trkpt lat="22.247684145028373" lon="113.91902374648872"><ele>850.7116018666899</ele><time>2022-08-20T05:36:13Z</time></trkpt><trkpt lat="22.2476959176368" lon="113.9190474512935"><ele>850.4601805536072</ele><time>2022-08-20T05:36:18Z</time></trkpt><trkpt lat="22.247700655978843" lon="113.91907127236409"><ele>850.509167162916</ele><time>2022-08-20T05:36:21Z</time></trkpt><trkpt lat="22.24770396286769" lon="113.91909166153758"><ele>850.5362407861603</ele><time>2022-08-20T05:36:26Z</time></trkpt><trkpt lat="22.24772489888273" lon="113.91909366353403"><ele>850.5578831848143</ele><time>2022-08-20T05:36:30Z</time></trkpt><trkpt lat="22.24774372012478" lon="113.91910464686988"><ele>851.4570022895741</ele><time>2022-08-20T05:36:35Z</time></trkpt><trkpt lat="22.24774738496658" lon="113.91912638242144"><ele>852.5699076176487</ele><time>2022-08-20T05:36:38Z</time></trkpt><trkpt lat="22.247761242008693" lon="113.91914743491274"><ele>852.8871837232404</ele><time>2022-08-20T05:36:40Z</time></trkpt><trkpt lat="22.247766563856658" lon="113.91917202730967"><ele>853.5088413963465</ele><time>2022-08-20T05:36:42Z</time></trkpt><trkpt lat="22.247771244857155" lon="113.91919339193501"><ele>854.6336759243222</ele><time>2022-08-20T05:36:44Z</time></trkpt><trkpt lat="22.24778891146066" lon="113.91921206213694"><ele>855.2913843784494</ele><time>2022-08-20T05:36:46Z</time></trkpt><trkpt lat="22.2477974833492" lon="113.91923175818577"><ele>855.9519092920788</ele><time>2022-08-20T05:36:48Z</time></trkpt><trkpt lat="22.247810829885484" lon="113.91924986765814"><ele>857.2694940682898</ele><time>2022-08-20T05:36:51Z</time></trkpt><trkpt lat="22.247808511964568" lon="113.91927491704293"><ele>858.4716029718518</ele><time>2022-08-20T05:36:55Z</time></trkpt><trkpt lat="22.247806177896155" lon="113.91929951726318"><ele>859.218158935848</ele><time>2022-08-20T05:36:58Z</time></trkpt><trkpt lat="22.247820183833486" lon="113.91932151166135"><ele>859.4636731942003</ele><time>2022-08-20T05:37:00Z</time></trkpt><trkpt lat="22.247831103352915" lon="113.91933707375009"><ele>859.8596204287003</ele><time>2022-08-20T05:37:02Z</time></trkpt><trkpt lat="22.247844705092156" lon="113.91935039814433"><ele>860.352681850346</ele><time>2022-08-20T05:37:04Z</time></trkpt><trkpt lat="22.247853732566966" lon="113.91936875418739"><ele>861.0021367441259</ele><time>2022-08-20T05:37:07Z</time></trkpt><trkpt lat="22.247867596604717" lon="113.9193935309926"><ele>861.8485766611993</ele><time>2022-08-20T05:37:11Z</time></trkpt><trkpt lat="22.24788278102849" lon="113.91940589162718"><ele>862.5286160623384</ele><time>2022-08-20T05:37:16Z</time></trkpt><trkpt lat="22.247885406822498" lon="113.91943151259437"><ele>862.6208103402271</ele><time>2022-08-20T05:37:18Z</time></trkpt><trkpt lat="22.24789711415674" lon="113.91945146745927"><ele>862.7698055820717</ele><time>2022-08-20T05:37:20Z</time></trkpt><trkpt lat="22.2479073595871" lon="113.91947408313973"><ele>863.9398503392499</ele><time>2022-08-20T05:37:26Z</time></trkpt><trkpt lat="22.24792965767962" lon="113.9194842282121"><ele>864.6172477658332</ele><time>2022-08-20T05:37:29Z</time></trkpt><trkpt lat="22.247942869862793" lon="113.91950063291702"><ele>866.220587300964</ele><time>2022-08-20T05:37:33Z</time></trkpt><trkpt lat="22.247945788244994" lon="113.91952020266805"><ele>867.4295390931712</ele><time>2022-08-20T05:37:39Z</time></trkpt><trkpt lat="22.247967526070095" lon="113.91953168150157"><ele>867.8351387284097</ele><time>2022-08-20T05:37:41Z</time></trkpt><trkpt lat="22.24797315597143" lon="113.9195502711821"><ele>868.1323338967459</ele><time>2022-08-20T05:37:43Z</time></trkpt><trkpt lat="22.24797376803838" lon="113.91957028669151"><ele>869.7440097489825</ele><time>2022-08-20T05:37:50Z</time></trkpt><trkpt lat="22.24798222072527" lon="113.91959548597741"><ele>870.5624342183936</ele><time>2022-08-20T05:37:53Z</time></trkpt><trkpt lat="22.247996541859834" lon="113.91961491391301"><ele>870.901244950102</ele><time>2022-08-20T05:37:56Z</time></trkpt><trkpt lat="22.24801659361862" lon="113.91962464932685"><ele>871.0642878871328</ele><time>2022-08-20T05:38:00Z</time></trkpt><trkpt lat="22.248032816179084" lon="113.91964052831172"><ele>870.8206298800934</ele><time>2022-08-20T05:38:04Z</time></trkpt><trkpt lat="22.248052528137798" lon="113.91964220435666"><ele>871.6391366038185</ele><time>2022-08-20T05:38:09Z</time></trkpt><trkpt lat="22.24806492027197" lon="113.91965896136732"><ele>872.4520526598589</ele><time>2022-08-20T05:38:12Z</time></trkpt><trkpt lat="22.24807900499396" lon="113.91967742734923"><ele>873.0173164370982</ele><time>2022-08-20T05:38:15Z</time></trkpt><trkpt lat="22.248096239036943" lon="113.91969209409893"><ele>874.5711679775202</ele><time>2022-08-20T05:38:20Z</time></trkpt><trkpt lat="22.248115618067065" lon="113.91969623377388"><ele>875.0429084259788</ele><time>2022-08-20T05:38:23Z</time></trkpt><trkpt lat="22.24813749191641" lon="113.91970732916737"><ele>875.7534698026805</ele><time>2022-08-20T05:38:26Z</time></trkpt><trkpt lat="22.24815546044874" lon="113.9197102259488"><ele>876.1115948966082</ele><time>2022-08-20T05:38:28Z</time></trkpt><trkpt lat="22.248175155272396" lon="113.91972002365327"><ele>877.0132787115424</ele><time>2022-08-20T05:38:31Z</time></trkpt><trkpt lat="22.248198429819745" lon="113.91973226610146"><ele>877.7412957397711</ele><time>2022-08-20T05:38:35Z</time></trkpt><trkpt lat="22.248218721233826" lon="113.91974685644001"><ele>878.2891100016797</ele><time>2022-08-20T05:38:38Z</time></trkpt><trkpt lat="22.248238171677247" lon="113.91975832820877"><ele>879.384085276048</ele><time>2022-08-20T05:38:42Z</time></trkpt><trkpt lat="22.248260020580677" lon="113.91976505375364"><ele>879.7826499608352</ele><time>2022-08-20T05:38:44Z</time></trkpt><trkpt lat="22.24828394174991" lon="113.91977328487087"><ele>880.4627315013055</ele><time>2022-08-20T05:38:47Z</time></trkpt><trkpt lat="22.248304320585685" lon="113.91978715631741"><ele>880.6070835318827</ele><time>2022-08-20T05:38:49Z</time></trkpt><trkpt lat="22.24832252909597" lon="113.91979506727633"><ele>880.7106434017818</ele><time>2022-08-20T05:38:51Z</time></trkpt><trkpt lat="22.24834230833222" lon="113.91978362991996"><ele>882.3128977094627</ele><time>2022-08-20T05:39:03Z</time></trkpt><trkpt lat="22.24835683818459" lon="113.91981373350818"><ele>883.2463212575424</ele><time>2022-08-20T05:39:08Z</time></trkpt><trkpt lat="22.248373857311442" lon="113.91983967681975"><ele>884.1505361515408</ele><time>2022-08-20T05:39:11Z</time></trkpt><trkpt lat="22.248402964514625" lon="113.91983766951414"><ele>884.4520002624138</ele><time>2022-08-20T05:39:13Z</time></trkpt><trkpt lat="22.248425097706182" lon="113.91982238251627"><ele>884.688488992264</ele><time>2022-08-20T05:39:15Z</time></trkpt><trkpt lat="22.248442865590228" lon="113.9198190939257"><ele>884.8320283822161</ele><time>2022-08-20T05:39:17Z</time></trkpt><trkpt lat="22.248461561010938" lon="113.91982333846335"><ele>885.0633942953324</ele><time>2022-08-20T05:39:19Z</time></trkpt><trkpt lat="22.248482658474188" lon="113.91981809000728"><ele>885.3676464804238</ele><time>2022-08-20T05:39:22Z</time></trkpt><trkpt lat="22.248499482635864" lon="113.9198034048246"><ele>886.5197033955441</ele><time>2022-08-20T05:39:28Z</time></trkpt><trkpt lat="22.248521532419634" lon="113.91979909492996"><ele>886.7435590032213</ele><time>2022-08-20T05:39:31Z</time></trkpt><trkpt lat="22.24854310247465" lon="113.91979549625266"><ele>887.006874082258</ele><time>2022-08-20T05:39:33Z</time></trkpt><trkpt lat="22.248565246884386" lon="113.91979138574953"><ele>887.5951922040109</ele><time>2022-08-20T05:39:36Z</time></trkpt><trkpt lat="22.248584315302395" lon="113.91978304322289"><ele>888.0501634198437</ele><time>2022-08-20T05:39:39Z</time></trkpt><trkpt lat="22.24860072095958" lon="113.91979290635082"><ele>888.2240233027745</ele><time>2022-08-20T05:39:42Z</time></trkpt><trkpt lat="22.248613971950935" lon="113.91980770794723"><ele>888.7824584879386</ele><time>2022-08-20T05:39:44Z</time></trkpt><trkpt lat="22.24863276925358" lon="113.91982493307373"><ele>889.46591373005</ele><time>2022-08-20T05:39:46Z</time></trkpt><trkpt lat="22.248653726187833" lon="113.91982684786034"><ele>890.4299760514624</ele><time>2022-08-20T05:39:49Z</time></trkpt><trkpt lat="22.24867523806131" lon="113.9198357434319"><ele>891.2663589999999</ele><time>2022-08-20T05:39:52Z</time></trkpt><trkpt lat="22.248692269735812" lon="113.91984709580541"><ele>891.8084071929362</ele><time>2022-08-20T05:39:54Z</time></trkpt><trkpt lat="22.2487074063424" lon="113.91986772738912"><ele>892.6504352448925</ele><time>2022-08-20T05:39:58Z</time></trkpt><trkpt lat="22.248728822293717" lon="113.91987121482234"><ele>893.4367604699638</ele><time>2022-08-20T05:40:04Z</time></trkpt><trkpt lat="22.24875313509978" lon="113.91987004262444"><ele>894.6470500665674</ele><time>2022-08-20T05:40:25Z</time></trkpt><trkpt lat="22.248772679052955" lon="113.91986791058163"><ele>894.8846206808977</ele><time>2022-08-20T05:40:27Z</time></trkpt><trkpt lat="22.248792012447907" lon="113.91986677100789"><ele>894.8673717112001</ele><time>2022-08-20T05:40:29Z</time></trkpt><trkpt lat="22.248811156673746" lon="113.91986211907488"><ele>895.9089992146746</ele><time>2022-08-20T05:40:34Z</time></trkpt><trkpt lat="22.248823527627966" lon="113.91987670344449"><ele>896.8373551800411</ele><time>2022-08-20T05:40:38Z</time></trkpt><trkpt lat="22.248842334981752" lon="113.91989004079838"><ele>897.8811912974065</ele><time>2022-08-20T05:40:42Z</time></trkpt><trkpt lat="22.2488611793733" lon="113.91990125870159"><ele>898.7540738532726</ele><time>2022-08-20T05:40:46Z</time></trkpt><trkpt lat="22.24888298426752" lon="113.9199035653455"><ele>899.706244469743</ele><time>2022-08-20T05:40:55Z</time></trkpt><trkpt lat="22.248900837416404" lon="113.91991914847834"><ele>900.3879308488807</ele><time>2022-08-20T05:40:58Z</time></trkpt><trkpt lat="22.248919658168354" lon="113.91993275210159"><ele>901.3416338259754</ele><time>2022-08-20T05:41:04Z</time></trkpt><trkpt lat="22.24893371980925" lon="113.91994936453104"><ele>902.3486927542801</ele><time>2022-08-20T05:41:07Z</time></trkpt><trkpt lat="22.24895792116522" lon="113.9199596045287"><ele>903.5343923723817</ele><time>2022-08-20T05:41:48Z</time></trkpt><trkpt lat="22.248976160262952" lon="113.91996884174958"><ele>903.6108722723598</ele><time>2022-08-20T05:41:50Z</time></trkpt><trkpt lat="22.248989591973494" lon="113.91998263909748"><ele>903.7723114428356</ele><time>2022-08-20T05:41:52Z</time></trkpt><trkpt lat="22.249007694074795" lon="113.92000307040622"><ele>904.641575325908</ele><time>2022-08-20T05:41:55Z</time></trkpt><trkpt lat="22.248993277385352" lon="113.92001521825269"><ele>906.5048227303598</ele><time>2022-08-20T05:42:50Z</time></trkpt><trkpt lat="22.248991004935117" lon="113.9199928472276"><ele>907.5193998367478</ele><time>2022-08-20T05:45:34Z</time></trkpt><trkpt lat="22.248979004525822" lon="113.91997436313245"><ele>907.8321803178277</ele><time>2022-08-20T05:45:38Z</time></trkpt><trkpt lat="22.248961660097738" lon="113.91996220010799"><ele>907.8298855431286</ele><time>2022-08-20T05:45:41Z</time></trkpt><trkpt lat="22.24894581087072" lon="113.91995183861475"><ele>908.0521187004487</ele><time>2022-08-20T05:45:45Z</time></trkpt><trkpt lat="22.248924834082658" lon="113.91994004490171"><ele>908.6972670097629</ele><time>2022-08-20T05:45:49Z</time></trkpt><trkpt lat="22.24890726656267" lon="113.91992568355171"><ele>909.1732849464813</ele><time>2022-08-20T05:45:51Z</time></trkpt><trkpt lat="22.248896872740023" lon="113.91990812228082"><ele>909.1797017223363</ele><time>2022-08-20T05:45:55Z</time></trkpt><trkpt lat="22.24888897422086" lon="113.91988994928629"><ele>908.5087239912114</ele><time>2022-08-20T05:46:04Z</time></trkpt><trkpt lat="22.248906828472478" lon="113.91989609702915"><ele>909.1171682909677</ele><time>2022-08-20T05:46:15Z</time></trkpt><trkpt lat="22.248926013108893" lon="113.9199075842503"><ele>909.1073705849772</ele><time>2022-08-20T05:46:17Z</time></trkpt><trkpt lat="22.24893627831124" lon="113.91992663608941"><ele>909.7330418935388</ele><time>2022-08-20T05:46:21Z</time></trkpt><trkpt lat="22.248952404115236" lon="113.91994396449522"><ele>910.0480916609097</ele><time>2022-08-20T05:46:28Z</time></trkpt><trkpt lat="22.24897141606895" lon="113.9199529650868"><ele>910.5655312144521</ele><time>2022-08-20T05:46:30Z</time></trkpt><trkpt lat="22.248990018827033" lon="113.91996217150124"><ele>910.3682469722471</ele><time>2022-08-20T05:46:33Z</time></trkpt><trkpt lat="22.249005919200037" lon="113.91997539846042"><ele>909.439044455638</ele><time>2022-08-20T05:46:38Z</time></trkpt><trkpt lat="22.24898946297892" lon="113.91996515854885"><ele>909.285161825615</ele><time>2022-08-20T05:47:16Z</time></trkpt><trkpt lat="22.248967503577976" lon="113.91995797499936"><ele>909.0628262338251</ele><time>2022-08-20T05:47:19Z</time></trkpt><trkpt lat="22.24895012686002" lon="113.9199426292609"><ele>909.3909432327724</ele><time>2022-08-20T05:47:22Z</time></trkpt><trkpt lat="22.248931544808276" lon="113.91992711455156"><ele>909.9520547490596</ele><time>2022-08-20T05:47:25Z</time></trkpt><trkpt lat="22.248914629301144" lon="113.91990975343617"><ele>910.7852119302748</ele><time>2022-08-20T05:47:30Z</time></trkpt><trkpt lat="22.248895969729734" lon="113.91990545054918"><ele>911.0006675311961</ele><time>2022-08-20T05:47:34Z</time></trkpt><trkpt lat="22.24888213070124" lon="113.91988892001521"><ele>910.8539680134116</ele><time>2022-08-20T05:47:40Z</time></trkpt><trkpt lat="22.2488706021873" lon="113.91987346210797"><ele>910.3722868381371</ele><time>2022-08-20T05:47:49Z</time></trkpt><trkpt lat="22.248852753071375" lon="113.91986397379229"><ele>910.2630015448976</ele><time>2022-08-20T05:47:57Z</time></trkpt><trkpt lat="22.248832300905466" lon="113.91985284487735"><ele>909.5588851968993</ele><time>2022-08-20T05:48:07Z</time></trkpt><trkpt lat="22.248821493572024" lon="113.91983280930596"><ele>908.6107053258421</ele><time>2022-08-20T05:48:12Z</time></trkpt><trkpt lat="22.248797395388845" lon="113.91982643521645"><ele>908.0395989029445</ele><time>2022-08-20T05:48:16Z</time></trkpt><trkpt lat="22.248777514678892" lon="113.91982805797277"><ele>907.6639044011264</ele><time>2022-08-20T05:48:19Z</time></trkpt><trkpt lat="22.24876339188179" lon="113.91984450782188"><ele>906.133407365646</ele><time>2022-08-20T05:48:27Z</time></trkpt><trkpt lat="22.24874275362482" lon="113.91984385842494"><ele>905.6467260821403</ele><time>2022-08-20T05:48:35Z</time></trkpt><trkpt lat="22.248716850690514" lon="113.9198447749621"><ele>905.03409756797</ele><time>2022-08-20T05:48:38Z</time></trkpt><trkpt lat="22.248694096920783" lon="113.91984866325858"><ele>904.3908565536203</ele><time>2022-08-20T05:48:40Z</time></trkpt><trkpt lat="22.248676339139074" lon="113.9198363432038"><ele>903.368574187335</ele><time>2022-08-20T05:48:44Z</time></trkpt><trkpt lat="22.248662468666353" lon="113.91982220019898"><ele>903.0838301478932</ele><time>2022-08-20T05:48:48Z</time></trkpt><trkpt lat="22.248645855070226" lon="113.91981420306253"><ele>903.2391892087549</ele><time>2022-08-20T05:48:50Z</time></trkpt><trkpt lat="22.248623695636063" lon="113.91980703332943"><ele>903.0610323575582</ele><time>2022-08-20T05:48:53Z</time></trkpt><trkpt lat="22.248603289254376" lon="113.91980468412632"><ele>902.8019523970806</ele><time>2022-08-20T05:48:57Z</time></trkpt><trkpt lat="22.248587049697775" lon="113.91978845576075"><ele>901.8895629281078</ele><time>2022-08-20T05:49:00Z</time></trkpt><trkpt lat="22.248565175833967" lon="113.91978861547416"><ele>901.0597372438327</ele><time>2022-08-20T05:49:04Z</time></trkpt><trkpt lat="22.248554667006157" lon="113.9197724557442"><ele>900.5826391985127</ele><time>2022-08-20T05:49:13Z</time></trkpt><trkpt lat="22.24853603318313" lon="113.91977362681266"><ele>897.8349902469164</ele><time>2022-08-20T05:49:23Z</time></trkpt><trkpt lat="22.248512701425774" lon="113.91977623611892"><ele>896.1391740064973</ele><time>2022-08-20T05:49:27Z</time></trkpt><trkpt lat="22.248492213658295" lon="113.91978436427283"><ele>895.194255522492</ele><time>2022-08-20T05:49:32Z</time></trkpt><trkpt lat="22.24847356374859" lon="113.91979441103068"><ele>893.2694469929903</ele><time>2022-08-20T05:49:43Z</time></trkpt><trkpt lat="22.24845445265073" lon="113.91979353746476"><ele>892.196536743</ele><time>2022-08-20T05:49:48Z</time></trkpt><trkpt lat="22.248430450452023" lon="113.91979999099311"><ele>890.9185973858655</ele><time>2022-08-20T05:49:53Z</time></trkpt><trkpt lat="22.24840281567496" lon="113.91980145814362"><ele>890.6914610100725</ele><time>2022-08-20T05:49:55Z</time></trkpt><trkpt lat="22.24837948955861" lon="113.91980503218369"><ele>890.5725376786421</ele><time>2022-08-20T05:49:57Z</time></trkpt><trkpt lat="22.248355899738666" lon="113.91980710331109"><ele>890.3490943597354</ele><time>2022-08-20T05:49:59Z</time></trkpt><trkpt lat="22.248343438622705" lon="113.9197890217344"><ele>890.3825467883618</ele><time>2022-08-20T05:50:01Z</time></trkpt><trkpt lat="22.24833883973602" lon="113.91976785519641"><ele>890.436305952027</ele><time>2022-08-20T05:50:03Z</time></trkpt><trkpt lat="22.24832649944852" lon="113.91975115099065"><ele>890.6754846296512</ele><time>2022-08-20T05:50:06Z</time></trkpt><trkpt lat="22.248298653878035" lon="113.91973826779552"><ele>890.5412908180004</ele><time>2022-08-20T05:50:08Z</time></trkpt><trkpt lat="22.248272683293166" lon="113.91972563111476"><ele>890.2870050208733</ele><time>2022-08-20T05:50:10Z</time></trkpt><trkpt lat="22.248249977768594" lon="113.91971228500299"><ele>890.1810749786438</ele><time>2022-08-20T05:50:12Z</time></trkpt><trkpt lat="22.248232810421452" lon="113.91970642165784"><ele>888.6297918195247</ele><time>2022-08-20T05:50:26Z</time></trkpt><trkpt lat="22.24821365355293" lon="113.91970062184835"><ele>888.4215001529174</ele><time>2022-08-20T05:50:33Z</time></trkpt><trkpt lat="22.248190378845113" lon="113.91969663476888"><ele>888.1731254183331</ele><time>2022-08-20T05:50:37Z</time></trkpt><trkpt lat="22.248171572752188" lon="113.91969393388247"><ele>887.7537660144679</ele><time>2022-08-20T05:50:40Z</time></trkpt><trkpt lat="22.24814834625534" lon="113.91968810520441"><ele>886.9017821970616</ele><time>2022-08-20T05:50:44Z</time></trkpt><trkpt lat="22.248129311159932" lon="113.91968441124794"><ele>886.084287621597</ele><time>2022-08-20T05:50:48Z</time></trkpt><trkpt lat="22.248115154662358" lon="113.91967011990667"><ele>884.443316228476</ele><time>2022-08-20T05:51:01Z</time></trkpt><trkpt lat="22.24809483280705" lon="113.91966594025716"><ele>883.8102212073865</ele><time>2022-08-20T05:51:07Z</time></trkpt><trkpt lat="22.24807183140724" lon="113.91966043415052"><ele>884.3174006723401</ele><time>2022-08-20T05:51:11Z</time></trkpt><trkpt lat="22.248064005008686" lon="113.91964212657476"><ele>884.288084435118</ele><time>2022-08-20T05:51:13Z</time></trkpt><trkpt lat="22.248047975219816" lon="113.91962203273611"><ele>883.7403069861856</ele><time>2022-08-20T05:51:17Z</time></trkpt><trkpt lat="22.248030253191743" lon="113.91961122029649"><ele>883.4263193798857</ele><time>2022-08-20T05:51:22Z</time></trkpt><trkpt lat="22.248013524669098" lon="113.91960314099607"><ele>883.1794815108526</ele><time>2022-08-20T05:51:26Z</time></trkpt><trkpt lat="22.24799411346505" lon="113.91959541396466"><ele>882.7998253735913</ele><time>2022-08-20T05:51:34Z</time></trkpt><trkpt lat="22.247987734038723" lon="113.91957578922289"><ele>881.998527351156</ele><time>2022-08-20T05:51:40Z</time></trkpt><trkpt lat="22.247969349786406" lon="113.91956577126756"><ele>880.1360899952192</ele><time>2022-08-20T05:51:51Z</time></trkpt><trkpt lat="22.24795509642586" lon="113.91955101147244"><ele>879.6087241657964</ele><time>2022-08-20T05:51:53Z</time></trkpt><trkpt lat="22.247947313600584" lon="113.91952551938621"><ele>878.0374506540688</ele><time>2022-08-20T05:52:10Z</time></trkpt><trkpt lat="22.247948835714794" lon="113.91950082330409"><ele>878.2914505493225</ele><time>2022-08-20T05:52:14Z</time></trkpt><trkpt lat="22.247932862730508" lon="113.91948905672426"><ele>877.3807494530845</ele><time>2022-08-20T05:52:22Z</time></trkpt><trkpt lat="22.2479159004018" lon="113.91947429338882"><ele>876.7754469075584</ele><time>2022-08-20T05:52:25Z</time></trkpt><trkpt lat="22.247906083724185" lon="113.91945535825906"><ele>875.7762014471907</ele><time>2022-08-20T05:52:28Z</time></trkpt><trkpt lat="22.247889068769677" lon="113.9194439142497"><ele>873.9133610363897</ele><time>2022-08-20T05:52:39Z</time></trkpt><trkpt lat="22.24788965748458" lon="113.91942436278846"><ele>873.4184015345827</ele><time>2022-08-20T05:52:42Z</time></trkpt><trkpt lat="22.247889503933703" lon="113.91940025595765"><ele>872.8862609813735</ele><time>2022-08-20T05:52:45Z</time></trkpt><trkpt lat="22.2478766590731" lon="113.9193836834763"><ele>872.3268274098243</ele><time>2022-08-20T05:52:48Z</time></trkpt><trkpt lat="22.247866701678564" lon="113.91936274155674"><ele>871.5234845173243</ele><time>2022-08-20T05:52:58Z</time></trkpt><trkpt lat="22.24786258290192" lon="113.91934060616116"><ele>871.1709002107631</ele><time>2022-08-20T05:53:01Z</time></trkpt><trkpt lat="22.247853867256524" lon="113.91931842935085"><ele>870.8854580522327</ele><time>2022-08-20T05:53:04Z</time></trkpt><trkpt lat="22.247842401412598" lon="113.91929900366462"><ele>870.3922184685578</ele><time>2022-08-20T05:53:08Z</time></trkpt><trkpt lat="22.247834238715242" lon="113.91928105743544"><ele>870.1869561039912</ele><time>2022-08-20T05:53:11Z</time></trkpt><trkpt lat="22.24783138875911" lon="113.91926038549214"><ele>870.0308239961112</ele><time>2022-08-20T05:53:13Z</time></trkpt><trkpt lat="22.247826633595988" lon="113.91923959018186"><ele>870.0506524915451</ele><time>2022-08-20T05:53:15Z</time></trkpt><trkpt lat="22.24781641922023" lon="113.9192172388988"><ele>870.1957044518206</ele><time>2022-08-20T05:53:19Z</time></trkpt><trkpt lat="22.247807431474033" lon="113.91919674944339"><ele>870.2801572163632</ele><time>2022-08-20T05:53:22Z</time></trkpt><trkpt lat="22.247790354253997" lon="113.91918210872089"><ele>869.9521757001768</ele><time>2022-08-20T05:53:24Z</time></trkpt><trkpt lat="22.247771727510084" lon="113.91916332099721"><ele>869.4389791953085</ele><time>2022-08-20T05:53:26Z</time></trkpt><trkpt lat="22.247761211503647" lon="113.91914105839064"><ele>868.7113126608627</ele><time>2022-08-20T05:53:29Z</time></trkpt><trkpt lat="22.247754337268347" lon="113.9191169832309"><ele>866.7060655318603</ele><time>2022-08-20T05:53:35Z</time></trkpt><trkpt lat="22.24774263777625" lon="113.91909589285646"><ele>866.4039175617901</ele><time>2022-08-20T05:53:39Z</time></trkpt><trkpt lat="22.24772286866665" lon="113.91908670013932"><ele>866.2148568070269</ele><time>2022-08-20T05:53:43Z</time></trkpt><trkpt lat="22.247705641022453" lon="113.9190763113705"><ele>865.170643055076</ele><time>2022-08-20T05:53:58Z</time></trkpt><trkpt lat="22.2476807477072" lon="113.91905428284225"><ele>860.0253827131854</ele><time>2022-08-20T05:54:13Z</time></trkpt><trkpt lat="22.24767544541994" lon="113.91903243418285"><ele>858.2928497058122</ele><time>2022-08-20T05:54:26Z</time></trkpt><trkpt lat="22.24767055900594" lon="113.91901146891811"><ele>859.4845906186641</ele><time>2022-08-20T05:54:31Z</time></trkpt><trkpt lat="22.247656977341055" lon="113.9189957767697"><ele>858.8123757438503</ele><time>2022-08-20T05:54:41Z</time></trkpt><trkpt lat="22.247634101287517" lon="113.91898846702479"><ele>857.9880897537286</ele><time>2022-08-20T05:54:45Z</time></trkpt><trkpt lat="22.247612077213876" lon="113.91899382583124"><ele>856.433966354721</ele><time>2022-08-20T05:54:52Z</time></trkpt><trkpt lat="22.247592043757386" lon="113.91899718790468"><ele>854.9912422880253</ele><time>2022-08-20T05:54:56Z</time></trkpt><trkpt lat="22.24757193743408" lon="113.9189885147208"><ele>853.0311248019377</ele><time>2022-08-20T05:55:09Z</time></trkpt><trkpt lat="22.24756059497107" lon="113.9189712729254"><ele>852.1904403565409</ele><time>2022-08-20T05:55:14Z</time></trkpt><trkpt lat="22.247544496311633" lon="113.91895853417279"><ele>851.084177220085</ele><time>2022-08-20T05:55:20Z</time></trkpt><trkpt lat="22.24752969205859" lon="113.91894457479872"><ele>848.7117055089313</ele><time>2022-08-20T05:55:37Z</time></trkpt><trkpt lat="22.24751233726655" lon="113.91893531954328"><ele>847.403026030392</ele><time>2022-08-20T05:55:42Z</time></trkpt><trkpt lat="22.24749560499416" lon="113.91892672156479"><ele>846.6214629348225</ele><time>2022-08-20T05:55:45Z</time></trkpt><trkpt lat="22.24749448352402" lon="113.91890616208175"><ele>846.119724546921</ele><time>2022-08-20T05:55:55Z</time></trkpt><trkpt lat="22.247493657122888" lon="113.9188829480473"><ele>846.0822243580451</ele><time>2022-08-20T05:56:03Z</time></trkpt><trkpt lat="22.24748830902416" lon="113.91886177645401"><ele>844.4361326722627</ele><time>2022-08-20T05:56:09Z</time></trkpt><trkpt lat="22.247478023296843" lon="113.91884038775649"><ele>843.1952530655092</ele><time>2022-08-20T05:56:17Z</time></trkpt><trkpt lat="22.24745774870084" lon="113.91882671331922"><ele>841.064773409088</ele><time>2022-08-20T05:56:24Z</time></trkpt><trkpt lat="22.247437212525956" lon="113.91881818611968"><ele>838.1915820033831</ele><time>2022-08-20T05:56:26Z</time></trkpt><trkpt lat="22.24742005845516" lon="113.91880378084443"><ele>838.0268623653766</ele><time>2022-08-20T05:56:30Z</time></trkpt><trkpt lat="22.24740844349282" lon="113.91878495835186"><ele>837.2212371234576</ele><time>2022-08-20T05:56:37Z</time></trkpt><trkpt lat="22.247391161203094" lon="113.91876484912962"><ele>836.4427687909152</ele><time>2022-08-20T05:56:42Z</time></trkpt><trkpt lat="22.247379481836596" lon="113.91874486123831"><ele>835.9031172740022</ele><time>2022-08-20T05:56:45Z</time></trkpt><trkpt lat="22.247370821771376" lon="113.91872460918847"><ele>834.9645626995544</ele><time>2022-08-20T05:56:49Z</time></trkpt><trkpt lat="22.247357709322838" lon="113.91870551634719"><ele>834.3570882599521</ele><time>2022-08-20T05:56:55Z</time></trkpt><trkpt lat="22.247345897250025" lon="113.91868911588016"><ele>833.2474006540581</ele><time>2022-08-20T05:57:02Z</time></trkpt><trkpt lat="22.247342760414565" lon="113.91866616864087"><ele>832.407334681448</ele><time>2022-08-20T05:57:07Z</time></trkpt><trkpt lat="22.247325509499813" lon="113.91865817174073"><ele>829.5548932857905</ele><time>2022-08-20T05:57:20Z</time></trkpt><trkpt lat="22.24731239325099" lon="113.91863896996139"><ele>829.367722600715</ele><time>2022-08-20T05:57:28Z</time></trkpt><trkpt lat="22.247306973385115" lon="113.91861672762144"><ele>827.833276966998</ele><time>2022-08-20T05:57:32Z</time></trkpt><trkpt lat="22.247294340597367" lon="113.91859650509991"><ele>825.8651146649152</ele><time>2022-08-20T05:57:39Z</time></trkpt><trkpt lat="22.24727642167443" lon="113.91858930210273"><ele>824.2190475928344</ele><time>2022-08-20T05:57:45Z</time></trkpt><trkpt lat="22.247261869634038" lon="113.91857758648086"><ele>823.6861456146936</ele><time>2022-08-20T05:57:57Z</time></trkpt><trkpt lat="22.24725200454181" lon="113.91856047396311"><ele>822.1683299232457</ele><time>2022-08-20T05:58:06Z</time></trkpt><trkpt lat="22.247244270176264" lon="113.91853987963431"><ele>821.0581145898793</ele><time>2022-08-20T05:58:15Z</time></trkpt><trkpt lat="22.247222428711265" lon="113.9185272791699"><ele>821.7863174416569</ele><time>2022-08-20T05:59:22Z</time></trkpt><trkpt lat="22.247223481281715" lon="113.9185067329333"><ele>821.3734111378336</ele><time>2022-08-20T05:59:31Z</time></trkpt><trkpt lat="22.24721167644072" lon="113.9184909976559"><ele>821.0947153196107</ele><time>2022-08-20T05:59:37Z</time></trkpt><trkpt lat="22.24720286310361" lon="113.91846964212944"><ele>820.3533243473352</ele><time>2022-08-20T05:59:41Z</time></trkpt><trkpt lat="22.24719204400478" lon="113.91845229872783"><ele>818.9560500042699</ele><time>2022-08-20T05:59:48Z</time></trkpt><trkpt lat="22.247176410315465" lon="113.9184389412166"><ele>818.4011361720397</ele><time>2022-08-20T05:59:52Z</time></trkpt><trkpt lat="22.247169650837563" lon="113.91841888378917"><ele>818.2383260823457</ele><time>2022-08-20T05:59:54Z</time></trkpt><trkpt lat="22.247162668852386" lon="113.9183994256544"><ele>818.1132767991035</ele><time>2022-08-20T05:59:56Z</time></trkpt><trkpt lat="22.247145127732338" lon="113.91838173147335"><ele>818.205202477833</ele><time>2022-08-20T05:59:59Z</time></trkpt><trkpt lat="22.247128510047165" lon="113.91837037116568"><ele>817.9981378502097</ele><time>2022-08-20T06:00:02Z</time></trkpt><trkpt lat="22.247106174963314" lon="113.91836383623487"><ele>817.6086789563713</ele><time>2022-08-20T06:00:05Z</time></trkpt><trkpt lat="22.247094663786132" lon="113.91834734703444"><ele>816.2150086857417</ele><time>2022-08-20T06:00:09Z</time></trkpt><trkpt lat="22.24708343951282" lon="113.91833005858118"><ele>815.500884140158</ele><time>2022-08-20T06:00:12Z</time></trkpt><trkpt lat="22.247068913585416" lon="113.91831168329918"><ele>814.9771368838105</ele><time>2022-08-20T06:00:15Z</time></trkpt><trkpt lat="22.247048335862743" lon="113.91831284489724"><ele>814.9034688886748</ele><time>2022-08-20T06:00:20Z</time></trkpt><trkpt lat="22.247031332836542" lon="113.91829923345512"><ele>814.2976941877291</ele><time>2022-08-20T06:00:31Z</time></trkpt><trkpt lat="22.247026218210564" lon="113.91828024985118"><ele>813.2112190367399</ele><time>2022-08-20T06:00:34Z</time></trkpt><trkpt lat="22.247011041015508" lon="113.91826483196492"><ele>811.7373564987163</ele><time>2022-08-20T06:00:43Z</time></trkpt><trkpt lat="22.24699320136176" lon="113.91825365371521"><ele>810.9205286451867</ele><time>2022-08-20T06:00:49Z</time></trkpt><trkpt lat="22.24697183896282" lon="113.91824793236295"><ele>810.3973445577869</ele><time>2022-08-20T06:00:54Z</time></trkpt><trkpt lat="22.246965161606493" lon="113.91822827022827"><ele>809.6762014447903</ele><time>2022-08-20T06:00:57Z</time></trkpt><trkpt lat="22.246950837147377" lon="113.9182123941629"><ele>809.8804797184115</ele><time>2022-08-20T06:01:02Z</time></trkpt><trkpt lat="22.24694334962992" lon="113.91819398891238"><ele>809.7520552504752</ele><time>2022-08-20T06:01:07Z</time></trkpt><trkpt lat="22.246937492719024" lon="113.91817399571302"><ele>809.6304163033232</ele><time>2022-08-20T06:01:11Z</time></trkpt><trkpt lat="22.246921766997197" lon="113.91816075073662"><ele>809.2245270238395</ele><time>2022-08-20T06:01:14Z</time></trkpt><trkpt lat="22.24690957558549" lon="113.91814248554216"><ele>808.4771010486248</ele><time>2022-08-20T06:01:17Z</time></trkpt><trkpt lat="22.246887978786393" lon="113.91813502782205"><ele>803.4972417721999</ele><time>2022-08-20T06:01:30Z</time></trkpt><trkpt lat="22.246866488547873" lon="113.91812227251879"><ele>803.4403038136134</ele><time>2022-08-20T06:01:33Z</time></trkpt><trkpt lat="22.24685140734394" lon="113.91811072230875"><ele>802.4948903701329</ele><time>2022-08-20T06:01:39Z</time></trkpt><trkpt lat="22.246830339431902" lon="113.91811395721024"><ele>802.1015183173021</ele><time>2022-08-20T06:01:42Z</time></trkpt><trkpt lat="22.246811523482588" lon="113.9181055333032"><ele>801.8392939914899</ele><time>2022-08-20T06:01:44Z</time></trkpt><trkpt lat="22.24679105502667" lon="113.9180996073163"><ele>801.582088500709</ele><time>2022-08-20T06:01:48Z</time></trkpt><trkpt lat="22.246787177455232" lon="113.9180801403769"><ele>799.4896867133409</ele><time>2022-08-20T06:02:02Z</time></trkpt><trkpt lat="22.246788720907254" lon="113.91805778587195"><ele>799.3868031749095</ele><time>2022-08-20T06:02:05Z</time></trkpt><trkpt lat="22.246793607959763" lon="113.9180364646721"><ele>798.5913948950613</ele><time>2022-08-20T06:02:11Z</time></trkpt><trkpt lat="22.246791504704987" lon="113.91801466306302"><ele>797.9491956272766</ele><time>2022-08-20T06:02:15Z</time></trkpt><trkpt lat="22.24678951329068" lon="113.91799521151344"><ele>797.3878260619979</ele><time>2022-08-20T06:02:24Z</time></trkpt><trkpt lat="22.246789728116248" lon="113.91797134759439"><ele>797.0527198918505</ele><time>2022-08-20T06:02:28Z</time></trkpt><trkpt lat="22.246785482121954" lon="113.91794906477799"><ele>796.5905505841413</ele><time>2022-08-20T06:02:33Z</time></trkpt><trkpt lat="22.246783951718008" lon="113.91792785001053"><ele>793.9198326654724</ele><time>2022-08-20T06:02:38Z</time></trkpt><trkpt lat="22.24677936810986" lon="113.91790796790275"><ele>792.8102359660942</ele><time>2022-08-20T06:02:45Z</time></trkpt><trkpt lat="22.24676814263937" lon="113.91788760390271"><ele>792.4902930232097</ele><time>2022-08-20T06:02:54Z</time></trkpt><trkpt lat="22.24675641116024" lon="113.91786675865853"><ele>792.1342736276198</ele><time>2022-08-20T06:02:59Z</time></trkpt><trkpt lat="22.24674927496074" lon="113.91784705908368"><ele>791.9149588644265</ele><time>2022-08-20T06:03:05Z</time></trkpt><trkpt lat="22.24674222593823" lon="113.91782717378422"><ele>791.4630963167433</ele><time>2022-08-20T06:03:09Z</time></trkpt><trkpt lat="22.246739327681038" lon="113.91780673321718"><ele>790.6196033334313</ele><time>2022-08-20T06:03:14Z</time></trkpt><trkpt lat="22.246734555909697" lon="113.91778394232556"><ele>789.7304021403324</ele><time>2022-08-20T06:03:27Z</time></trkpt><trkpt lat="22.246731710519224" lon="113.91776314551227"><ele>789.4914176176882</ele><time>2022-08-20T06:03:31Z</time></trkpt><trkpt lat="22.246743818178842" lon="113.91774753543666"><ele>788.9215972489253</ele><time>2022-08-20T06:03:43Z</time></trkpt><trkpt lat="22.246761726469703" lon="113.9177390138322"><ele>783.7952456775955</ele><time>2022-08-20T06:03:51Z</time></trkpt><trkpt lat="22.246768690348517" lon="113.91771406510897"><ele>783.0481784059832</ele><time>2022-08-20T06:03:59Z</time></trkpt><trkpt lat="22.246772326282436" lon="113.91768884538739"><ele>782.4952500848374</ele><time>2022-08-20T06:04:05Z</time></trkpt><trkpt lat="22.246777698283342" lon="113.91766966493613"><ele>781.8702252960503</ele><time>2022-08-20T06:04:09Z</time></trkpt><trkpt lat="22.24677475466214" lon="113.91764882470785"><ele>780.4977116448666</ele><time>2022-08-20T06:04:22Z</time></trkpt><trkpt lat="22.246777344504327" lon="113.91762762815274"><ele>779.4265035570527</ele><time>2022-08-20T06:04:25Z</time></trkpt><trkpt lat="22.246779307330048" lon="113.91760620592042"><ele>778.8708771627854</ele><time>2022-08-20T06:04:35Z</time></trkpt><trkpt lat="22.246780873507497" lon="113.91758149393159"><ele>777.3802277218927</ele><time>2022-08-20T06:04:38Z</time></trkpt><trkpt lat="22.246785806745233" lon="113.91756169050542"><ele>776.6913143940827</ele><time>2022-08-20T06:04:47Z</time></trkpt><trkpt lat="22.24679115980105" lon="113.91753829880405"><ele>776.26997787835</ele><time>2022-08-20T06:04:58Z</time></trkpt><trkpt lat="22.24679168222876" lon="113.91751650937798"><ele>775.6133324473576</ele><time>2022-08-20T06:05:02Z</time></trkpt><trkpt lat="22.246799987082927" lon="113.91749626005799"><ele>774.767348155898</ele><time>2022-08-20T06:05:08Z</time></trkpt><trkpt lat="22.246807651689753" lon="113.91747719837659"><ele>773.5111750414652</ele><time>2022-08-20T06:05:12Z</time></trkpt><trkpt lat="22.24681330213966" lon="113.91745775189264"><ele>772.2228063337972</ele><time>2022-08-20T06:05:16Z</time></trkpt><trkpt lat="22.246823096802775" lon="113.91743709328809"><ele>769.8963133672703</ele><time>2022-08-20T06:05:28Z</time></trkpt><trkpt lat="22.246832423374144" lon="113.9174168684771"><ele>767.8676446302264</ele><time>2022-08-20T06:05:42Z</time></trkpt><trkpt lat="22.246843497272316" lon="113.91739148115957"><ele>767.3250889508126</ele><time>2022-08-20T06:05:46Z</time></trkpt><trkpt lat="22.246841357299804" lon="113.91736894668533"><ele>766.9962182839611</ele><time>2022-08-20T06:05:49Z</time></trkpt><trkpt lat="22.246835354172127" lon="113.91734922523003"><ele>765.8570979053378</ele><time>2022-08-20T06:05:52Z</time></trkpt><trkpt lat="22.246843697741433" lon="113.91732893725762"><ele>763.9493050657254</ele><time>2022-08-20T06:05:58Z</time></trkpt><trkpt lat="22.246866281354386" lon="113.91732400920354"><ele>758.2922667063602</ele><time>2022-08-20T06:06:00Z</time></trkpt><trkpt lat="22.246882873323923" lon="113.91730689037047"><ele>757.3686540845106</ele><time>2022-08-20T06:06:04Z</time></trkpt><trkpt lat="22.24689716606293" lon="113.91729015622607"><ele>756.9334512285131</ele><time>2022-08-20T06:06:07Z</time></trkpt><trkpt lat="22.24691099173723" lon="113.91727505185938"><ele>755.7672681881469</ele><time>2022-08-20T06:06:12Z</time></trkpt><trkpt lat="22.246917351068607" lon="113.91725478084805"><ele>750.5962140089007</ele><time>2022-08-20T06:06:22Z</time></trkpt><trkpt lat="22.246914416747583" lon="113.91723338892433"><ele>749.0544629828698</ele><time>2022-08-20T06:06:31Z</time></trkpt><trkpt lat="22.24690772224154" lon="113.91721438410615"><ele>747.7770512981359</ele><time>2022-08-20T06:06:41Z</time></trkpt><trkpt lat="22.24691416233462" lon="113.9171942843211"><ele>746.8666856233986</ele><time>2022-08-20T06:06:47Z</time></trkpt><trkpt lat="22.246906200517834" lon="113.91717447081398"><ele>745.4671951300959</ele><time>2022-08-20T06:06:52Z</time></trkpt><trkpt lat="22.246920989465462" lon="113.91715863540415"><ele>744.3762318422717</ele><time>2022-08-20T06:06:58Z</time></trkpt><trkpt lat="22.246930489595716" lon="113.91713844849549"><ele>742.3499856511552</ele><time>2022-08-20T06:07:09Z</time></trkpt><trkpt lat="22.24694539611527" lon="113.91712734605582"><ele>741.7130581633867</ele><time>2022-08-20T06:07:15Z</time></trkpt><trkpt lat="22.246961147581846" lon="113.91711509654561"><ele>741.3234108413383</ele><time>2022-08-20T06:07:22Z</time></trkpt><trkpt lat="22.24694802392776" lon="113.91710065418714"><ele>739.8984611774459</ele><time>2022-08-20T06:07:27Z</time></trkpt><trkpt lat="22.246944388347575" lon="113.9170813630683"><ele>738.8876932491997</ele><time>2022-08-20T06:07:33Z</time></trkpt><trkpt lat="22.246954582732556" lon="113.91706525108141"><ele>738.8031655913567</ele><time>2022-08-20T06:07:42Z</time></trkpt><trkpt lat="22.246973349268874" lon="113.91706090626374"><ele>738.3851757642418</ele><time>2022-08-20T06:07:48Z</time></trkpt><trkpt lat="22.24699492117915" lon="113.91705625174268"><ele>736.4628183875755</ele><time>2022-08-20T06:07:55Z</time></trkpt><trkpt lat="22.247008538239736" lon="113.91704088053638"><ele>734.4288173339835</ele><time>2022-08-20T06:07:59Z</time></trkpt><trkpt lat="22.247023691008845" lon="113.91703019966587"><ele>733.0931925783224</ele><time>2022-08-20T06:08:02Z</time></trkpt><trkpt lat="22.247022675209013" lon="113.91701031251675"><ele>731.0312335786887</ele><time>2022-08-20T06:08:14Z</time></trkpt><trkpt lat="22.247034579537953" lon="113.91698852886023"><ele>730.8159722687533</ele><time>2022-08-20T06:08:19Z</time></trkpt><trkpt lat="22.247048074446976" lon="113.91697187036839"><ele>730.2594899919526</ele><time>2022-08-20T06:08:25Z</time></trkpt><trkpt lat="22.247058312751175" lon="113.91695326146638"><ele>728.3967389561071</ele><time>2022-08-20T06:08:30Z</time></trkpt><trkpt lat="22.24707736194373" lon="113.91694718008505"><ele>725.5652377475326</ele><time>2022-08-20T06:08:41Z</time></trkpt><trkpt lat="22.247074814283863" lon="113.91692649640528"><ele>724.5765303029577</ele><time>2022-08-20T06:09:01Z</time></trkpt><trkpt lat="22.247068935554655" lon="113.91689988576952"><ele>721.1958919581828</ele><time>2022-08-20T06:09:11Z</time></trkpt><trkpt lat="22.24708576155468" lon="113.91688739293706"><ele>719.7777129649738</ele><time>2022-08-20T06:09:17Z</time></trkpt><trkpt lat="22.247106474517107" lon="113.91688296220747"><ele>718.1265368797343</ele><time>2022-08-20T06:09:21Z</time></trkpt><trkpt lat="22.247125455228755" lon="113.91686737246998"><ele>716.715660136959</ele><time>2022-08-20T06:09:38Z</time></trkpt><trkpt lat="22.24713525887098" lon="113.91684577821185"><ele>715.9894595175411</ele><time>2022-08-20T06:09:45Z</time></trkpt><trkpt lat="22.24715149867145" lon="113.91682945341657"><ele>715.3140647462639</ele><time>2022-08-20T06:09:50Z</time></trkpt><trkpt lat="22.24716772775026" lon="113.91681661714424"><ele>713.5160505346242</ele><time>2022-08-20T06:10:01Z</time></trkpt><trkpt lat="22.24716431286648" lon="113.9167949521391"><ele>710.801490753001</ele><time>2022-08-20T06:10:06Z</time></trkpt><trkpt lat="22.247169876302415" lon="113.91677467373303"><ele>709.8280871874538</ele><time>2022-08-20T06:10:17Z</time></trkpt><trkpt lat="22.247180841355178" lon="113.91675355700661"><ele>708.2534826423955</ele><time>2022-08-20T06:10:22Z</time></trkpt><trkpt lat="22.24719528684068" lon="113.91674177559992"><ele>708.1657989695814</ele><time>2022-08-20T06:10:25Z</time></trkpt><trkpt lat="22.247215017543947" lon="113.9167345150979"><ele>707.9916827743724</ele><time>2022-08-20T06:10:30Z</time></trkpt><trkpt lat="22.247233846898276" lon="113.91672123852705"><ele>706.9263929196118</ele><time>2022-08-20T06:10:41Z</time></trkpt><trkpt lat="22.247248419594975" lon="113.9167066889207"><ele>705.8907710982638</ele><time>2022-08-20T06:10:44Z</time></trkpt><trkpt lat="22.247258960492548" lon="113.91668586135614"><ele>704.3949351839693</ele><time>2022-08-20T06:10:54Z</time></trkpt><trkpt lat="22.247268378625925" lon="113.91666692126513"><ele>704.3687401442518</ele><time>2022-08-20T06:11:02Z</time></trkpt><trkpt lat="22.2472820985062" lon="113.91665000110795"><ele>702.4370494721791</ele><time>2022-08-20T06:11:12Z</time></trkpt><trkpt lat="22.247280006132392" lon="113.91662768242732"><ele>701.8666806792849</ele><time>2022-08-20T06:11:19Z</time></trkpt><trkpt lat="22.247269625035532" lon="113.91660656350271"><ele>701.3261245601474</ele><time>2022-08-20T06:11:22Z</time></trkpt><trkpt lat="22.247283658544355" lon="113.91659385790251"><ele>700.2789575282501</ele><time>2022-08-20T06:11:30Z</time></trkpt><trkpt lat="22.247301282992584" lon="113.9166038399791"><ele>700.3282768278868</ele><time>2022-08-20T06:11:36Z</time></trkpt><trkpt lat="22.247310938188637" lon="113.91656985273956"><ele>698.1017737087708</ele><time>2022-08-20T06:11:50Z</time></trkpt><trkpt lat="22.247316870358656" lon="113.91654171598144"><ele>694.3621216008125</ele><time>2022-08-20T06:11:52Z</time></trkpt><trkpt lat="22.247326676242107" lon="113.91651480996717"><ele>692.8574147931042</ele><time>2022-08-20T06:11:54Z</time></trkpt><trkpt lat="22.24733836796603" lon="113.91649941792153"><ele>692.8811130967442</ele><time>2022-08-20T06:11:55Z</time></trkpt><trkpt lat="22.24736284970175" lon="113.91650227881802"><ele>691.7524474919869</ele><time>2022-08-20T06:11:57Z</time></trkpt><trkpt lat="22.247381370191782" lon="113.91649423943193"><ele>689.9227191160545</ele><time>2022-08-20T06:11:59Z</time></trkpt><trkpt lat="22.24739565542573" lon="113.9164785614068"><ele>689.1258252719897</ele><time>2022-08-20T06:12:06Z</time></trkpt><trkpt lat="22.247396446013557" lon="113.91643733761855"><ele>684.9504608987414</ele><time>2022-08-20T06:12:28Z</time></trkpt><trkpt lat="22.247418956840065" lon="113.9164267846543"><ele>682.1493326792211</ele><time>2022-08-20T06:12:40Z</time></trkpt><trkpt lat="22.24742576629966" lon="113.916398088335"><ele>676.368423107821</ele><time>2022-08-20T06:13:01Z</time></trkpt><trkpt lat="22.24744223041919" lon="113.91637681850317"><ele>675.6612106894514</ele><time>2022-08-20T06:13:02Z</time></trkpt><trkpt lat="22.247439857566466" lon="113.9163533168395"><ele>675.6006028911195</ele><time>2022-08-20T06:13:12Z</time></trkpt><trkpt lat="22.247458938979065" lon="113.91632374476383"><ele>674.1342383284418</ele><time>2022-08-20T06:13:23Z</time></trkpt><trkpt lat="22.247450549971457" lon="113.9163018666236"><ele>674.3772855707961</ele><time>2022-08-20T06:13:28Z</time></trkpt><trkpt lat="22.247441643052078" lon="113.91627899287118"><ele>674.1775897706202</ele><time>2022-08-20T06:13:35Z</time></trkpt><trkpt lat="22.24743184832701" lon="113.9162603662047"><ele>673.2032489365375</ele><time>2022-08-20T06:13:39Z</time></trkpt><trkpt lat="22.247419548198" lon="113.91623394952742"><ele>670.2864615581989</ele><time>2022-08-20T06:13:53Z</time></trkpt><trkpt lat="22.247399357465824" lon="113.91618332981814"><ele>664.9261285291516</ele><time>2022-08-20T06:14:00Z</time></trkpt><trkpt lat="22.247405105783514" lon="113.91616249243125"><ele>664.6067372566426</ele><time>2022-08-20T06:14:02Z</time></trkpt><trkpt lat="22.247416994671134" lon="113.91614115248925"><ele>664.1281706065769</ele><time>2022-08-20T06:14:06Z</time></trkpt><trkpt lat="22.247434131894877" lon="113.91612327145755"><ele>663.0470767826935</ele><time>2022-08-20T06:14:10Z</time></trkpt><trkpt lat="22.247453865332776" lon="113.916118570485"><ele>662.8188144534317</ele><time>2022-08-20T06:14:15Z</time></trkpt><trkpt lat="22.247471525174596" lon="113.9161083235618"><ele>660.7021191465494</ele><time>2022-08-20T06:14:23Z</time></trkpt><trkpt lat="22.247467225851164" lon="113.91608701809493"><ele>660.0804558267708</ele><time>2022-08-20T06:14:36Z</time></trkpt><trkpt lat="22.24745386228331" lon="113.91607227979031"><ele>658.8245596950279</ele><time>2022-08-20T06:14:40Z</time></trkpt><trkpt lat="22.247443131007607" lon="113.9160560740796"><ele>658.5450923670016</ele><time>2022-08-20T06:14:42Z</time></trkpt><trkpt lat="22.247433912810987" lon="113.91603247945137"><ele>657.5073805958723</ele><time>2022-08-20T06:14:45Z</time></trkpt><trkpt lat="22.247436871953937" lon="113.91601194439554"><ele>656.4533447830341</ele><time>2022-08-20T06:14:50Z</time></trkpt><trkpt lat="22.247446796304178" lon="113.91599351910412"><ele>655.680353505587</ele><time>2022-08-20T06:14:55Z</time></trkpt><trkpt lat="22.24744805133096" lon="113.91597144989272"><ele>652.1829200682278</ele><time>2022-08-20T06:15:15Z</time></trkpt><trkpt lat="22.2474528409828" lon="113.9159487864393"><ele>650.0592210641801</ele><time>2022-08-20T06:15:19Z</time></trkpt><trkpt lat="22.247466965210972" lon="113.91593018904535"><ele>648.0281277773832</ele><time>2022-08-20T06:15:23Z</time></trkpt><trkpt lat="22.247486458382955" lon="113.91592677979507"><ele>645.8882889386264</ele><time>2022-08-20T06:15:27Z</time></trkpt><trkpt lat="22.24750414821659" lon="113.9159305893115"><ele>644.9147678082408</ele><time>2022-08-20T06:15:30Z</time></trkpt><trkpt lat="22.247525186948437" lon="113.91593658662592"><ele>644.8636746226549</ele><time>2022-08-20T06:15:34Z</time></trkpt><trkpt lat="22.247546751284347" lon="113.91593504857705"><ele>643.4283679445681</ele><time>2022-08-20T06:15:37Z</time></trkpt><trkpt lat="22.247565901456387" lon="113.91593873247864"><ele>641.8560662823006</ele><time>2022-08-20T06:15:43Z</time></trkpt><trkpt lat="22.247580719712836" lon="113.91592570731784"><ele>639.8089327073963</ele><time>2022-08-20T06:15:50Z</time></trkpt><trkpt lat="22.247581190619147" lon="113.91590544830225"><ele>638.139854366047</ele><time>2022-08-20T06:15:55Z</time></trkpt><trkpt lat="22.247575105083346" lon="113.91588712246124"><ele>634.687076831055</ele><time>2022-08-20T06:16:06Z</time></trkpt><trkpt lat="22.247572881502073" lon="113.9158638438445"><ele>632.812174287626</ele><time>2022-08-20T06:16:20Z</time></trkpt><trkpt lat="22.247579286682388" lon="113.91584438521355"><ele>631.9309581517398</ele><time>2022-08-20T06:16:31Z</time></trkpt><trkpt lat="22.24759496229667" lon="113.91583015316247"><ele>630.6913812913868</ele><time>2022-08-20T06:16:34Z</time></trkpt><trkpt lat="22.24760544005196" lon="113.91581216304515"><ele>629.0596509770002</ele><time>2022-08-20T06:16:42Z</time></trkpt><trkpt lat="22.247627511881774" lon="113.91580519772378"><ele>627.6426035635093</ele><time>2022-08-20T06:16:50Z</time></trkpt><trkpt lat="22.2476444187742" lon="113.91579331275486"><ele>627.3946529666495</ele><time>2022-08-20T06:16:57Z</time></trkpt><trkpt lat="22.247661243124494" lon="113.91578292883861"><ele>627.0631882203779</ele><time>2022-08-20T06:17:06Z</time></trkpt><trkpt lat="22.247682188363907" lon="113.91577893553631"><ele>626.6105247518192</ele><time>2022-08-20T06:17:09Z</time></trkpt><trkpt lat="22.247697441400927" lon="113.91576445560541"><ele>626.0704019431189</ele><time>2022-08-20T06:17:15Z</time></trkpt><trkpt lat="22.247717949228186" lon="113.91575612828774"><ele>626.016615753377</ele><time>2022-08-20T06:17:21Z</time></trkpt><trkpt lat="22.247738832029853" lon="113.9157540363047"><ele>625.043448214061</ele><time>2022-08-20T06:17:28Z</time></trkpt><trkpt lat="22.24776030362201" lon="113.91575932928541"><ele>625.2969929006797</ele><time>2022-08-20T06:17:30Z</time></trkpt><trkpt lat="22.24777751914618" lon="113.91576644725093"><ele>624.8645326736356</ele><time>2022-08-20T06:17:32Z</time></trkpt><trkpt lat="22.24780326446086" lon="113.91576721406325"><ele>624.2493965239066</ele><time>2022-08-20T06:17:35Z</time></trkpt><trkpt lat="22.247822045619866" lon="113.91576802373875"><ele>624.6553598322894</ele><time>2022-08-20T06:17:37Z</time></trkpt><trkpt lat="22.247842377330702" lon="113.91576107521904"><ele>624.783289758248</ele><time>2022-08-20T06:17:41Z</time></trkpt><trkpt lat="22.24785421307027" lon="113.91574407475997"><ele>623.9369664165791</ele><time>2022-08-20T06:17:51Z</time></trkpt><trkpt lat="22.247871809135365" lon="113.91573786072435"><ele>623.1292718801525</ele><time>2022-08-20T06:17:58Z</time></trkpt><trkpt lat="22.247888542705248" lon="113.91572475860127"><ele>622.3507581207517</ele><time>2022-08-20T06:18:07Z</time></trkpt><trkpt lat="22.24790484319414" lon="113.91571020758676"><ele>621.8170545196605</ele><time>2022-08-20T06:18:12Z</time></trkpt><trkpt lat="22.24792104156271" lon="113.91569753407309"><ele>621.8556695009552</ele><time>2022-08-20T06:18:26Z</time></trkpt><trkpt lat="22.247944343623157" lon="113.91567780127863"><ele>621.5307941361677</ele><time>2022-08-20T06:18:30Z</time></trkpt><trkpt lat="22.247967693419096" lon="113.91566628203513"><ele>621.5831123250571</ele><time>2022-08-20T06:18:32Z</time></trkpt><trkpt lat="22.247985857475296" lon="113.91566714833885"><ele>621.2042957763138</ele><time>2022-08-20T06:18:35Z</time></trkpt><trkpt lat="22.24800593771748" lon="113.91567191747168"><ele>621.0648556223667</ele><time>2022-08-20T06:18:38Z</time></trkpt><trkpt lat="22.248024304895306" lon="113.9156749972259"><ele>620.9816860831564</ele><time>2022-08-20T06:18:47Z</time></trkpt><trkpt lat="22.248044937147768" lon="113.91568030808021"><ele>620.8901014664224</ele><time>2022-08-20T06:18:49Z</time></trkpt><trkpt lat="22.248065608866714" lon="113.91568633470465"><ele>619.9639244975244</ele><time>2022-08-20T06:18:52Z</time></trkpt><trkpt lat="22.24808190839393" lon="113.91567642121103"><ele>619.1182968711149</ele><time>2022-08-20T06:18:55Z</time></trkpt><trkpt lat="22.24810258161729" lon="113.91567114472629"><ele>617.9393080657022</ele><time>2022-08-20T06:19:00Z</time></trkpt><trkpt lat="22.248118043963665" lon="113.91566008382134"><ele>617.9940947191999</ele><time>2022-08-20T06:19:12Z</time></trkpt><trkpt lat="22.248133617292837" lon="113.91564496680192"><ele>617.9880198821719</ele><time>2022-08-20T06:19:14Z</time></trkpt><trkpt lat="22.24815091296898" lon="113.91563791287064"><ele>617.3475729835802</ele><time>2022-08-20T06:19:16Z</time></trkpt><trkpt lat="22.248175591152187" lon="113.91563070470605"><ele>611.4824227527017</ele><time>2022-08-20T06:19:17Z</time></trkpt><trkpt lat="22.248190395561643" lon="113.91561934225984"><ele>610.8730815497723</ele><time>2022-08-20T06:19:19Z</time></trkpt><trkpt lat="22.248201135748648" lon="113.9156027616161"><ele>610.6937908711808</ele><time>2022-08-20T06:19:21Z</time></trkpt><trkpt lat="22.248214039453842" lon="113.91558428732047"><ele>610.33376754723</ele><time>2022-08-20T06:19:24Z</time></trkpt><trkpt lat="22.24822684464315" lon="113.9155676929903"><ele>609.6790713736629</ele><time>2022-08-20T06:19:28Z</time></trkpt><trkpt lat="22.248245817763355" lon="113.9155551359169"><ele>605.1711589574154</ele><time>2022-08-20T06:19:48Z</time></trkpt><trkpt lat="22.248248507615628" lon="113.91553395387348"><ele>604.7264132844077</ele><time>2022-08-20T06:19:56Z</time></trkpt><trkpt lat="22.248248036413074" lon="113.9155143760509"><ele>603.9845942957104</ele><time>2022-08-20T06:20:07Z</time></trkpt><trkpt lat="22.248251035013737" lon="113.91548447935114"><ele>602.773775266667</ele><time>2022-08-20T06:20:09Z</time></trkpt><trkpt lat="22.248262338748987" lon="113.9154606271997"><ele>602.3890688507468</ele><time>2022-08-20T06:20:10Z</time></trkpt><trkpt lat="22.248272000951065" lon="113.91544313091585"><ele>600.6936716727045</ele><time>2022-08-20T06:20:12Z</time></trkpt><trkpt lat="22.24828595211956" lon="113.91542346449837"><ele>600.1081558375581</ele><time>2022-08-20T06:20:26Z</time></trkpt><trkpt lat="22.248287113895667" lon="113.91539934806882"><ele>598.7294148393105</ele><time>2022-08-20T06:20:31Z</time></trkpt><trkpt lat="22.248314489302736" lon="113.91536927255507"><ele>597.4308313653313</ele><time>2022-08-20T06:20:41Z</time></trkpt><trkpt lat="22.24833076774516" lon="113.91535735015226"><ele>597.2324536158567</ele><time>2022-08-20T06:20:46Z</time></trkpt><trkpt lat="22.24835072352973" lon="113.91535188931503"><ele>595.6081957727499</ele><time>2022-08-20T06:20:50Z</time></trkpt><trkpt lat="22.24836809625813" lon="113.91533828173905"><ele>594.8386225366074</ele><time>2022-08-20T06:20:53Z</time></trkpt><trkpt lat="22.248384562394623" lon="113.91532977657094"><ele>595.0372223214708</ele><time>2022-08-20T06:20:55Z</time></trkpt><trkpt lat="22.248399696058566" lon="113.91531171059279"><ele>595.098316540598</ele><time>2022-08-20T06:20:58Z</time></trkpt><trkpt lat="22.248411469790508" lon="113.91529501478531"><ele>594.3856644399742</ele><time>2022-08-20T06:21:00Z</time></trkpt><trkpt lat="22.248424392878842" lon="113.91527830528655"><ele>593.868834641529</ele><time>2022-08-20T06:21:04Z</time></trkpt><trkpt lat="22.248446487881886" lon="113.91526539937263"><ele>593.5215516231488</ele><time>2022-08-20T06:21:07Z</time></trkpt><trkpt lat="22.248463883890114" lon="113.91525147863965"><ele>593.1039128643811</ele><time>2022-08-20T06:21:09Z</time></trkpt><trkpt lat="22.248477130262106" lon="113.9152306150208"><ele>592.0522788111522</ele><time>2022-08-20T06:21:12Z</time></trkpt><trkpt lat="22.248484422817352" lon="113.91520631809404"><ele>591.0570906520798</ele><time>2022-08-20T06:21:16Z</time></trkpt><trkpt lat="22.24849408646433" lon="113.91518730896328"><ele>590.102411134553</ele><time>2022-08-20T06:21:19Z</time></trkpt><trkpt lat="22.248499423491047" lon="113.9151673612966"><ele>589.5041858950584</ele><time>2022-08-20T06:21:22Z</time></trkpt><trkpt lat="22.248494829459265" lon="113.91514686571331"><ele>588.6992961608753</ele><time>2022-08-20T06:21:26Z</time></trkpt><trkpt lat="22.248485698606586" lon="113.91512218546285"><ele>588.963791055893</ele><time>2022-08-20T06:21:29Z</time></trkpt><trkpt lat="22.248486657218784" lon="113.915088790187"><ele>588.5072149696234</ele><time>2022-08-20T06:21:31Z</time></trkpt><trkpt lat="22.248498153315467" lon="113.9150562668814"><ele>588.1156926896066</ele><time>2022-08-20T06:21:33Z</time></trkpt><trkpt lat="22.248504853609145" lon="113.91502584819345"><ele>587.6703591717899</ele><time>2022-08-20T06:21:35Z</time></trkpt><trkpt lat="22.248509433897063" lon="113.91500271846938"><ele>586.8278666212617</ele><time>2022-08-20T06:21:37Z</time></trkpt><trkpt lat="22.248512212028505" lon="113.91498079748227"><ele>586.015195946276</ele><time>2022-08-20T06:21:39Z</time></trkpt><trkpt lat="22.248519803267367" lon="113.91496215440462"><ele>585.1364303494062</ele><time>2022-08-20T06:21:41Z</time></trkpt><trkpt lat="22.248532640062184" lon="113.91494452192899"><ele>584.2754420062413</ele><time>2022-08-20T06:21:45Z</time></trkpt><trkpt lat="22.248531756790964" lon="113.91491982607026"><ele>583.4883888973826</ele><time>2022-08-20T06:21:54Z</time></trkpt><trkpt lat="22.248525630454683" lon="113.91489595566188"><ele>583.0411374082415</ele><time>2022-08-20T06:21:57Z</time></trkpt><trkpt lat="22.24853113034207" lon="113.91486986564912"><ele>583.2490243382128</ele><time>2022-08-20T06:22:00Z</time></trkpt><trkpt lat="22.24853053999187" lon="113.91484473534966"><ele>582.6372236215485</ele><time>2022-08-20T06:22:03Z</time></trkpt><trkpt lat="22.248536069762416" lon="113.91482506083535"><ele>582.2139502763979</ele><time>2022-08-20T06:22:06Z</time></trkpt><trkpt lat="22.248542538673522" lon="113.91480051609626"><ele>581.6814390384181</ele><time>2022-08-20T06:22:10Z</time></trkpt><trkpt lat="22.248549985392984" lon="113.91477991152428"><ele>582.0211606750848</ele><time>2022-08-20T06:22:13Z</time></trkpt><trkpt lat="22.24855874484886" lon="113.9147559589633"><ele>581.7739480823785</ele><time>2022-08-20T06:22:17Z</time></trkpt><trkpt lat="22.248564154183356" lon="113.91473302631165"><ele>581.6135745438298</ele><time>2022-08-20T06:22:20Z</time></trkpt><trkpt lat="22.248566415136576" lon="113.9147108833529"><ele>581.709120440875</ele><time>2022-08-20T06:22:23Z</time></trkpt><trkpt lat="22.248563474400843" lon="113.91468864867576"><ele>581.9770848291283</ele><time>2022-08-20T06:22:28Z</time></trkpt><trkpt lat="22.248569969616117" lon="113.9146654317342"><ele>581.8527845506917</ele><time>2022-08-20T06:22:31Z</time></trkpt><trkpt lat="22.24857315456726" lon="113.91464608685548"><ele>581.926183720325</ele><time>2022-08-20T06:22:33Z</time></trkpt><trkpt lat="22.248576382519538" lon="113.9146197124042"><ele>581.8838364237691</ele><time>2022-08-20T06:22:36Z</time></trkpt><trkpt lat="22.248574758024777" lon="113.91459459035833"><ele>581.261847279874</ele><time>2022-08-20T06:22:39Z</time></trkpt><trkpt lat="22.248572903789867" lon="113.91457437645686"><ele>581.0224063182159</ele><time>2022-08-20T06:22:42Z</time></trkpt><trkpt lat="22.24857808042417" lon="113.91454955676507"><ele>580.3859735496486</ele><time>2022-08-20T06:22:45Z</time></trkpt><trkpt lat="22.248573465482192" lon="113.91452749210919"><ele>579.4086659213879</ele><time>2022-08-20T06:22:48Z</time></trkpt><trkpt lat="22.248574914895563" lon="113.91450733097058"><ele>578.0023567224551</ele><time>2022-08-20T06:22:52Z</time></trkpt><trkpt lat="22.24858686865587" lon="113.91448898940867"><ele>577.6836192232487</ele><time>2022-08-20T06:22:55Z</time></trkpt><trkpt lat="22.24860033734833" lon="113.91446624703238"><ele>576.8606215317454</ele><time>2022-08-20T06:22:59Z</time></trkpt><trkpt lat="22.248608268614866" lon="113.91444702813605"><ele>576.7151822569733</ele><time>2022-08-20T06:23:03Z</time></trkpt><trkpt lat="22.24861644793178" lon="113.91442745178134"><ele>576.1082118733231</ele><time>2022-08-20T06:23:08Z</time></trkpt><trkpt lat="22.248637592539264" lon="113.91441741379843"><ele>574.8178326461464</ele><time>2022-08-20T06:25:03Z</time></trkpt><trkpt lat="22.248659108908655" lon="113.91441935790479"><ele>573.9767686523702</ele><time>2022-08-20T06:25:13Z</time></trkpt><trkpt lat="22.248675663814144" lon="113.91440614289283"><ele>573.8736603614412</ele><time>2022-08-20T06:25:20Z</time></trkpt><trkpt lat="22.24869456449726" lon="113.91440970359716"><ele>569.6156350161714</ele><time>2022-08-20T06:26:01Z</time></trkpt><trkpt lat="22.24870505602865" lon="113.91439055879542"><ele>567.2254165689267</ele><time>2022-08-20T06:26:24Z</time></trkpt><trkpt lat="22.248737626855785" lon="113.91437665215861"><ele>567.4691171375887</ele><time>2022-08-20T06:26:58Z</time></trkpt><trkpt lat="22.248740479735687" lon="113.91434578512877"><ele>567.3208608764847</ele><time>2022-08-20T06:27:00Z</time></trkpt><trkpt lat="22.248754922736463" lon="113.91433226369134"><ele>563.1456715380023</ele><time>2022-08-20T06:27:09Z</time></trkpt><trkpt lat="22.24877754553831" lon="113.91432142262718"><ele>565.900603119627</ele><time>2022-08-20T06:27:15Z</time></trkpt><trkpt lat="22.248808714957903" lon="113.91430615311356"><ele>569.0001681270006</ele><time>2022-08-20T06:27:30Z</time></trkpt><trkpt lat="22.24882600180737" lon="113.91428958257393"><ele>569.7496040803088</ele><time>2022-08-20T06:27:37Z</time></trkpt><trkpt lat="22.248832750856792" lon="113.91425975185615"><ele>572.6111727286208</ele><time>2022-08-20T06:27:56Z</time></trkpt><trkpt lat="22.248856502831135" lon="113.91423685323119"><ele>567.6575413057382</ele><time>2022-08-20T06:28:50Z</time></trkpt><trkpt lat="22.248881155785266" lon="113.91421541109165"><ele>564.4655816060388</ele><time>2022-08-20T06:28:56Z</time></trkpt><trkpt lat="22.24889844634955" lon="113.91420143864053"><ele>563.168301728659</ele><time>2022-08-20T06:28:59Z</time></trkpt><trkpt lat="22.24892124935284" lon="113.91416899774917"><ele>560.9756611364481</ele><time>2022-08-20T06:29:05Z</time></trkpt><trkpt lat="22.248937813948796" lon="113.91414478033995"><ele>559.1965950268553</ele><time>2022-08-20T06:29:07Z</time></trkpt><trkpt lat="22.248963195935413" lon="113.91415471039228"><ele>558.3696991167634</ele><time>2022-08-20T06:29:12Z</time></trkpt><trkpt lat="22.248978760267697" lon="113.91414033393552"><ele>556.4928664654487</ele><time>2022-08-20T06:29:22Z</time></trkpt><trkpt lat="22.248993262934682" lon="113.91411007413862"><ele>554.9652024597061</ele><time>2022-08-20T06:29:30Z</time></trkpt><trkpt lat="22.248984351882136" lon="113.91409210598712"><ele>553.5293553195514</ele><time>2022-08-20T06:29:35Z</time></trkpt><trkpt lat="22.24900551686514" lon="113.91406131670077"><ele>553.2708231147463</ele><time>2022-08-20T06:29:54Z</time></trkpt><trkpt lat="22.24901702998125" lon="113.91404452739174"><ele>552.5278920041923</ele><time>2022-08-20T06:30:01Z</time></trkpt><trkpt lat="22.249026987577107" lon="113.91402402210522"><ele>551.942256258487</ele><time>2022-08-20T06:30:04Z</time></trkpt><trkpt lat="22.249039262457757" lon="113.91398699855931"><ele>552.1612403130875</ele><time>2022-08-20T06:30:12Z</time></trkpt><trkpt lat="22.24905094123951" lon="113.91396914512262"><ele>552.4572607762461</ele><time>2022-08-20T06:30:18Z</time></trkpt><trkpt lat="22.249067052537963" lon="113.9139565598298"><ele>552.4392121907922</ele><time>2022-08-20T06:30:19Z</time></trkpt><trkpt lat="22.2490835024777" lon="113.91390645221327"><ele>543.860987031405</ele><time>2022-08-20T06:31:53Z</time></trkpt><trkpt lat="22.24909559215471" lon="113.91388746335033"><ele>542.6581014791392</ele><time>2022-08-20T06:31:55Z</time></trkpt><trkpt lat="22.2491204012992" lon="113.91387206283842"><ele>542.5330251406618</ele><time>2022-08-20T06:31:56Z</time></trkpt><trkpt lat="22.24915657439962" lon="113.91386350650215"><ele>541.1059543530195</ele><time>2022-08-20T06:32:13Z</time></trkpt><trkpt lat="22.249175529020256" lon="113.91385541367497"><ele>541.0812248882792</ele><time>2022-08-20T06:32:24Z</time></trkpt><trkpt lat="22.249209580441743" lon="113.91383993403053"><ele>540.0196054512165</ele><time>2022-08-20T06:32:26Z</time></trkpt><trkpt lat="22.249228170923953" lon="113.91384291999981"><ele>536.3165381517967</ele><time>2022-08-20T06:34:17Z</time></trkpt><trkpt lat="22.249257570925998" lon="113.91385017938724"><ele>540.690685863825</ele><time>2022-08-20T06:34:58Z</time></trkpt><trkpt lat="22.249286611532014" lon="113.91384573418004"><ele>541.1074018020545</ele><time>2022-08-20T06:35:11Z</time></trkpt><trkpt lat="22.24931446717885" lon="113.9138315214823"><ele>535.593639592365</ele><time>2022-08-20T06:35:53Z</time></trkpt><trkpt lat="22.249336251079406" lon="113.91383146657367"><ele>534.9682405918069</ele><time>2022-08-20T06:35:55Z</time></trkpt><trkpt lat="22.249359064957986" lon="113.91384280637143"><ele>534.5326962445147</ele><time>2022-08-20T06:36:10Z</time></trkpt><trkpt lat="22.249396008101808" lon="113.91384996175124"><ele>532.4786229238002</ele><time>2022-08-20T06:36:19Z</time></trkpt><trkpt lat="22.24941620245795" lon="113.91383681885155"><ele>532.2720752380642</ele><time>2022-08-20T06:36:20Z</time></trkpt><trkpt lat="22.249437666404383" lon="113.91385083549507"><ele>524.0892475211588</ele><time>2022-08-20T06:36:26Z</time></trkpt><trkpt lat="22.249475050837024" lon="113.91383785790575"><ele>522.6688450999042</ele><time>2022-08-20T06:36:30Z</time></trkpt><trkpt lat="22.24949210778759" lon="113.91382197731353"><ele>522.7456138998034</ele><time>2022-08-20T06:36:31Z</time></trkpt><trkpt lat="22.249512665519767" lon="113.91381314839995"><ele>521.2857464092841</ele><time>2022-08-20T06:36:32Z</time></trkpt><trkpt lat="22.24953730948431" lon="113.91382063628835"><ele>520.4260596459116</ele><time>2022-08-20T06:36:37Z</time></trkpt><trkpt lat="22.249564592685307" lon="113.91383284033242"><ele>518.4626811630545</ele><time>2022-08-20T06:36:41Z</time></trkpt><trkpt lat="22.24957470990447" lon="113.91385278508089"><ele>517.8756277137036</ele><time>2022-08-20T06:36:46Z</time></trkpt><trkpt lat="22.249583306296113" lon="113.9138757980837"><ele>517.8075505335412</ele><time>2022-08-20T06:36:51Z</time></trkpt><trkpt lat="22.249599990670443" lon="113.91384905999433"><ele>520.3202005377777</ele><time>2022-08-20T06:37:05Z</time></trkpt><trkpt lat="22.249624800772217" lon="113.91383921441421"><ele>521.286375424678</ele><time>2022-08-20T06:37:08Z</time></trkpt><trkpt lat="22.249645894943285" lon="113.91383830373965"><ele>521.8266524020512</ele><time>2022-08-20T06:37:11Z</time></trkpt><trkpt lat="22.249671549868488" lon="113.91383980766697"><ele>519.5018176154165</ele><time>2022-08-20T06:37:14Z</time></trkpt><trkpt lat="22.249692103785204" lon="113.91384215366811"><ele>517.9728474318316</ele><time>2022-08-20T06:37:26Z</time></trkpt><trkpt lat="22.249711289054346" lon="113.91383469558845"><ele>518.1485809071467</ele><time>2022-08-20T06:37:28Z</time></trkpt><trkpt lat="22.249733025939516" lon="113.91382471556376"><ele>518.6270066409768</ele><time>2022-08-20T06:37:30Z</time></trkpt><trkpt lat="22.249758640160117" lon="113.91381760186191"><ele>519.3673102477026</ele><time>2022-08-20T06:37:33Z</time></trkpt><trkpt lat="22.24978382631575" lon="113.91381241550593"><ele>519.9986160115116</ele><time>2022-08-20T06:37:36Z</time></trkpt><trkpt lat="22.249797995128656" lon="113.91380011176122"><ele>520.108006567848</ele><time>2022-08-20T06:37:38Z</time></trkpt><trkpt lat="22.24981314176263" lon="113.91378674100429"><ele>520.1445534592549</ele><time>2022-08-20T06:37:40Z</time></trkpt><trkpt lat="22.249828359605324" lon="113.91377617578677"><ele>520.180176194811</ele><time>2022-08-20T06:37:42Z</time></trkpt><trkpt lat="22.249847965973267" lon="113.91375756348029"><ele>519.5352544597026</ele><time>2022-08-20T06:37:45Z</time></trkpt><trkpt lat="22.249866151709867" lon="113.91374082894377"><ele>519.0849334541442</ele><time>2022-08-20T06:37:51Z</time></trkpt><trkpt lat="22.249885773980605" lon="113.9137276938437"><ele>518.8196019134156</ele><time>2022-08-20T06:37:57Z</time></trkpt><trkpt lat="22.2499089719426" lon="113.91371415124668"><ele>516.6419631929859</ele><time>2022-08-20T06:38:08Z</time></trkpt><trkpt lat="22.249917495448504" lon="113.91369430936763"><ele>517.712852659473</ele><time>2022-08-20T06:38:10Z</time></trkpt><trkpt lat="22.249931008804793" lon="113.91367826656096"><ele>518.5556701632725</ele><time>2022-08-20T06:38:12Z</time></trkpt><trkpt lat="22.249959843932576" lon="113.91366536780087"><ele>513.9943766809794</ele><time>2022-08-20T06:38:14Z</time></trkpt><trkpt lat="22.249977182688422" lon="113.91365628620379"><ele>513.651230832032</ele><time>2022-08-20T06:38:19Z</time></trkpt><trkpt lat="22.249999770461308" lon="113.9136572306285"><ele>513.296271166599</ele><time>2022-08-20T06:38:22Z</time></trkpt><trkpt lat="22.25002234894527" lon="113.91366494169607"><ele>512.9698930893619</ele><time>2022-08-20T06:38:27Z</time></trkpt><trkpt lat="22.250040533121677" lon="113.91367358507286"><ele>512.8630091390785</ele><time>2022-08-20T06:38:29Z</time></trkpt><trkpt lat="22.25006711621415" lon="113.91367172175916"><ele>511.77392558157055</ele><time>2022-08-20T06:38:33Z</time></trkpt><trkpt lat="22.2500989139346" lon="113.91366369611252"><ele>507.38963863269396</ele><time>2022-08-20T06:38:38Z</time></trkpt><trkpt lat="22.250119719170428" lon="113.91366211985857"><ele>505.2820449925028</ele><time>2022-08-20T06:38:39Z</time></trkpt><trkpt lat="22.250138144003355" lon="113.91366058975962"><ele>503.52820906563727</ele><time>2022-08-20T06:38:40Z</time></trkpt><trkpt lat="22.25015633656535" lon="113.91366289658656"><ele>501.91121186428705</ele><time>2022-08-20T06:38:42Z</time></trkpt><trkpt lat="22.25016966695628" lon="113.9136789719111"><ele>493.8313625421399</ele><time>2022-08-20T06:40:43Z</time></trkpt><trkpt lat="22.2501944690985" lon="113.91367576969469"><ele>489.28882305434945</ele><time>2022-08-20T06:40:49Z</time></trkpt><trkpt lat="22.250222255154917" lon="113.91367508460716"><ele>487.4096270406517</ele><time>2022-08-20T06:40:52Z</time></trkpt><trkpt lat="22.250240785775322" lon="113.91366677320454"><ele>486.89501806675116</ele><time>2022-08-20T06:40:54Z</time></trkpt><trkpt lat="22.25025948145116" lon="113.9136567837885"><ele>486.9317425847826</ele><time>2022-08-20T06:40:58Z</time></trkpt><trkpt lat="22.25027755085544" lon="113.91366241509199"><ele>486.5202753284571</ele><time>2022-08-20T06:41:01Z</time></trkpt><trkpt lat="22.250298047289817" lon="113.9136582642506"><ele>484.47199321164857</ele><time>2022-08-20T06:41:03Z</time></trkpt><trkpt lat="22.250271975085475" lon="113.91365536254398"><ele>484.71554010875917</ele><time>2022-08-20T06:41:07Z</time></trkpt><trkpt lat="22.250273060765778" lon="113.91363525779327"><ele>484.5640575975777</ele><time>2022-08-20T06:41:12Z</time></trkpt><trkpt lat="22.25028603887724" lon="113.91361574947506"><ele>484.12175691016523</ele><time>2022-08-20T06:41:16Z</time></trkpt><trkpt lat="22.250299519045445" lon="113.9135967833604"><ele>482.63779920967295</ele><time>2022-08-20T06:41:25Z</time></trkpt><trkpt lat="22.250309972068038" lon="113.91357557059995"><ele>482.1887626559574</ele><time>2022-08-20T06:41:28Z</time></trkpt><trkpt lat="22.250328533829098" lon="113.91356250967988"><ele>481.9601969089586</ele><time>2022-08-20T06:41:31Z</time></trkpt><trkpt lat="22.250344619506656" lon="113.91355339169914"><ele>482.3803733223435</ele><time>2022-08-20T06:41:34Z</time></trkpt><trkpt lat="22.250363770521016" lon="113.91354530531815"><ele>482.1882485230769</ele><time>2022-08-20T06:41:38Z</time></trkpt><trkpt lat="22.250385795344407" lon="113.91353955347398"><ele>482.0153319045239</ele><time>2022-08-20T06:41:43Z</time></trkpt><trkpt lat="22.25042392839865" lon="113.91353846501814"><ele>480.09224792389176</ele><time>2022-08-20T06:41:47Z</time></trkpt><trkpt lat="22.250439889022307" lon="113.91352715006"><ele>479.28911169006216</ele><time>2022-08-20T06:41:52Z</time></trkpt><trkpt lat="22.25045575497708" lon="113.91351590053104"><ele>477.61321919261354</ele><time>2022-08-20T06:41:56Z</time></trkpt><trkpt lat="22.250478577258896" lon="113.91352319603547"><ele>476.56650873683805</ele><time>2022-08-20T06:42:00Z</time></trkpt><trkpt lat="22.25050128782105" lon="113.91351689416412"><ele>476.1963677391807</ele><time>2022-08-20T06:42:04Z</time></trkpt><trkpt lat="22.25050807914382" lon="113.91349703252348"><ele>474.97257977724456</ele><time>2022-08-20T06:42:09Z</time></trkpt><trkpt lat="22.250525717511042" lon="113.91347916642647"><ele>474.7749864909966</ele><time>2022-08-20T06:42:12Z</time></trkpt><trkpt lat="22.250540613739023" lon="113.91346181903866"><ele>474.64574991978714</ele><time>2022-08-20T06:42:15Z</time></trkpt><trkpt lat="22.25055780898754" lon="113.91344347959466"><ele>474.33636256613136</ele><time>2022-08-20T06:42:18Z</time></trkpt><trkpt lat="22.250575188416192" lon="113.91343713024204"><ele>473.7729236989339</ele><time>2022-08-20T06:42:21Z</time></trkpt><trkpt lat="22.25059397989999" lon="113.9134304412466"><ele>472.3195541588853</ele><time>2022-08-20T06:42:25Z</time></trkpt><trkpt lat="22.250610133606486" lon="113.91341510983813"><ele>471.1380023392823</ele><time>2022-08-20T06:42:29Z</time></trkpt><trkpt lat="22.250629929726266" lon="113.9134046092646"><ele>471.0153412121783</ele><time>2022-08-20T06:42:33Z</time></trkpt><trkpt lat="22.250640724433335" lon="113.91338410391371"><ele>471.0159411882043</ele><time>2022-08-20T06:42:46Z</time></trkpt><trkpt lat="22.25065973954386" lon="113.91337707333156"><ele>470.982321562465</ele><time>2022-08-20T06:42:48Z</time></trkpt><trkpt lat="22.25068252620496" lon="113.91337306547383"><ele>471.2654480077354</ele><time>2022-08-20T06:42:50Z</time></trkpt><trkpt lat="22.25070505967831" lon="113.91337892501316"><ele>471.2536305110607</ele><time>2022-08-20T06:42:53Z</time></trkpt><trkpt lat="22.250723977671083" lon="113.91337826780602"><ele>470.96849665400936</ele><time>2022-08-20T06:42:56Z</time></trkpt><trkpt lat="22.250745113454506" lon="113.91337534086219"><ele>470.7641873529095</ele><time>2022-08-20T06:42:59Z</time></trkpt><trkpt lat="22.25076655687463" lon="113.91337066136974"><ele>470.4168665416748</ele><time>2022-08-20T06:43:02Z</time></trkpt><trkpt lat="22.250782419288715" lon="113.91336146589805"><ele>470.1207184968254</ele><time>2022-08-20T06:43:05Z</time></trkpt><trkpt lat="22.25080452772638" lon="113.91334977190616"><ele>469.1380950421893</ele><time>2022-08-20T06:43:09Z</time></trkpt><trkpt lat="22.25082349937838" lon="113.91333868136766"><ele>467.4455245550289</ele><time>2022-08-20T06:43:14Z</time></trkpt><trkpt lat="22.250838958398997" lon="113.91332780573337"><ele>465.93424494778964</ele><time>2022-08-20T06:43:19Z</time></trkpt><trkpt lat="22.25086292043326" lon="113.91332160259397"><ele>465.52685827378275</ele><time>2022-08-20T06:43:22Z</time></trkpt><trkpt lat="22.250886615441477" lon="113.91331614031621"><ele>465.0119550146584</ele><time>2022-08-20T06:43:24Z</time></trkpt><trkpt lat="22.25090721668947" lon="113.91331096471481"><ele>464.41802133237167</ele><time>2022-08-20T06:43:26Z</time></trkpt><trkpt lat="22.2509255203885" lon="113.91330082216626"><ele>463.9558724302185</ele><time>2022-08-20T06:43:28Z</time></trkpt><trkpt lat="22.250945437553693" lon="113.91328671416582"><ele>463.9712192256176</ele><time>2022-08-20T06:43:30Z</time></trkpt><trkpt lat="22.250972916400315" lon="113.91327649245729"><ele>464.0260819331994</ele><time>2022-08-20T06:43:32Z</time></trkpt><trkpt lat="22.25099707480986" lon="113.91326690904734"><ele>463.94651608489306</ele><time>2022-08-20T06:43:34Z</time></trkpt><trkpt lat="22.251019769092718" lon="113.91325686160926"><ele>463.8496129698295</ele><time>2022-08-20T06:43:36Z</time></trkpt><trkpt lat="22.251039911045194" lon="113.91324690492584"><ele>463.63901577161</ele><time>2022-08-20T06:43:38Z</time></trkpt><trkpt lat="22.251062059989476" lon="113.91324185089236"><ele>463.12727877842804</ele><time>2022-08-20T06:43:40Z</time></trkpt><trkpt lat="22.251080577024997" lon="113.91324476423134"><ele>462.96921954569063</ele><time>2022-08-20T06:43:42Z</time></trkpt><trkpt lat="22.251101213235284" lon="113.91325702836937"><ele>462.5258497741172</ele><time>2022-08-20T06:43:46Z</time></trkpt><trkpt lat="22.251115625957045" lon="113.91327056710823"><ele>463.44052078161394</ele><time>2022-08-20T06:43:50Z</time></trkpt><trkpt lat="22.251137741854773" lon="113.91328108480603"><ele>463.135502672459</ele><time>2022-08-20T06:43:57Z</time></trkpt><trkpt lat="22.251156450272557" lon="113.91328301415653"><ele>462.5392195518622</ele><time>2022-08-20T06:44:00Z</time></trkpt><trkpt lat="22.251179119467714" lon="113.91328788685685"><ele>461.3718423245528</ele><time>2022-08-20T06:44:06Z</time></trkpt><trkpt lat="22.251198474057798" lon="113.91328626278873"><ele>459.696665573954</ele><time>2022-08-20T06:44:10Z</time></trkpt><trkpt lat="22.251216652509548" lon="113.91328823203101"><ele>459.50102140133566</ele><time>2022-08-20T06:44:12Z</time></trkpt><trkpt lat="22.25124329840185" lon="113.9132975600419"><ele>459.5954054522368</ele><time>2022-08-20T06:44:14Z</time></trkpt><trkpt lat="22.25127171386258" lon="113.91330353392306"><ele>459.8115443782857</ele><time>2022-08-20T06:44:17Z</time></trkpt><trkpt lat="22.251290636783246" lon="113.91330141061154"><ele>460.1525919800844</ele><time>2022-08-20T06:44:20Z</time></trkpt><trkpt lat="22.251316150142237" lon="113.91328887774543"><ele>459.87221989837684</ele><time>2022-08-20T06:44:23Z</time></trkpt><trkpt lat="22.251339278143952" lon="113.91327858734412"><ele>459.9474735213727</ele><time>2022-08-20T06:44:25Z</time></trkpt><trkpt lat="22.251364997142577" lon="113.91327452233857"><ele>460.21020683094855</ele><time>2022-08-20T06:44:27Z</time></trkpt><trkpt lat="22.251379888384374" lon="113.91328597510511"><ele>460.14607640048513</ele><time>2022-08-20T06:44:53Z</time></trkpt><trkpt lat="22.251399368152388" lon="113.91329436666139"><ele>460.25017838532335</ele><time>2022-08-20T06:44:59Z</time></trkpt><trkpt lat="22.251421169735963" lon="113.91330696632916"><ele>459.9775548324748</ele><time>2022-08-20T06:45:02Z</time></trkpt><trkpt lat="22.251444255760866" lon="113.913322440332"><ele>459.5547400566903</ele><time>2022-08-20T06:45:04Z</time></trkpt><trkpt lat="22.251463332877645" lon="113.91333335382203"><ele>459.2831516552401</ele><time>2022-08-20T06:45:06Z</time></trkpt><trkpt lat="22.251478578612897" lon="113.91335254650203"><ele>458.5560671178104</ele><time>2022-08-20T06:45:09Z</time></trkpt><trkpt lat="22.251488911777628" lon="113.9133758993819"><ele>457.78122119365935</ele><time>2022-08-20T06:45:12Z</time></trkpt><trkpt lat="22.251504844821767" lon="113.91338985405808"><ele>457.4704638098369</ele><time>2022-08-20T06:45:15Z</time></trkpt><trkpt lat="22.251522970873587" lon="113.91340366431061"><ele>457.2180810757723</ele><time>2022-08-20T06:45:19Z</time></trkpt><trkpt lat="22.251541688794884" lon="113.91339586799602"><ele>457.6131701929031</ele><time>2022-08-20T06:45:21Z</time></trkpt><trkpt lat="22.251560634948508" lon="113.91338308863396"><ele>457.98632048335253</ele><time>2022-08-20T06:45:24Z</time></trkpt><trkpt lat="22.251581395070467" lon="113.91336804901083"><ele>458.8688966226829</ele><time>2022-08-20T06:45:28Z</time></trkpt><trkpt lat="22.251601110851936" lon="113.91336173895785"><ele>458.49971988212076</ele><time>2022-08-20T06:45:33Z</time></trkpt><trkpt lat="22.251623662710067" lon="113.9133553465962"><ele>458.7214085563994</ele><time>2022-08-20T06:45:36Z</time></trkpt><trkpt lat="22.251639509495533" lon="113.91333327064793"><ele>458.95984981103703</ele><time>2022-08-20T06:45:40Z</time></trkpt><trkpt lat="22.25165915821197" lon="113.9133196945986"><ele>458.81938507553326</ele><time>2022-08-20T06:45:43Z</time></trkpt><trkpt lat="22.251681467219726" lon="113.91330875345575"><ele>459.5424142810326</ele><time>2022-08-20T06:45:48Z</time></trkpt><trkpt lat="22.251703851245463" lon="113.91330543492828"><ele>459.73091967982936</ele><time>2022-08-20T06:45:50Z</time></trkpt><trkpt lat="22.25172335950809" lon="113.91330092137112"><ele>459.4788509328477</ele><time>2022-08-20T06:45:52Z</time></trkpt><trkpt lat="22.2517434000997" lon="113.91330443341374"><ele>459.35833108989476</ele><time>2022-08-20T06:45:54Z</time></trkpt><trkpt lat="22.251764696702153" lon="113.91330852520555"><ele>458.9015621687351</ele><time>2022-08-20T06:45:57Z</time></trkpt><trkpt lat="22.25178628021968" lon="113.91329986258191"><ele>457.9724462809534</ele><time>2022-08-20T06:46:00Z</time></trkpt><trkpt lat="22.251810044333396" lon="113.91329794193813"><ele>457.1827231592491</ele><time>2022-08-20T06:46:03Z</time></trkpt><trkpt lat="22.251832290293915" lon="113.9133000715004"><ele>456.4301544047533</ele><time>2022-08-20T06:46:06Z</time></trkpt><trkpt lat="22.251844483855212" lon="113.91331851338002"><ele>456.1574834481778</ele><time>2022-08-20T06:46:10Z</time></trkpt><trkpt lat="22.251863267511865" lon="113.9133131371125"><ele>456.61883755637</ele><time>2022-08-20T06:46:14Z</time></trkpt><trkpt lat="22.251883324479017" lon="113.91330877440669"><ele>456.4857624245899</ele><time>2022-08-20T06:46:18Z</time></trkpt><trkpt lat="22.25190786223013" lon="113.91330742560896"><ele>456.7534492282398</ele><time>2022-08-20T06:46:21Z</time></trkpt><trkpt lat="22.25192787081056" lon="113.91331079688551"><ele>456.7733662916795</ele><time>2022-08-20T06:46:23Z</time></trkpt><trkpt lat="22.25194861998253" lon="113.91330863177551"><ele>457.0330985212157</ele><time>2022-08-20T06:46:28Z</time></trkpt><trkpt lat="22.251966790069904" lon="113.91329525608649"><ele>457.25201050531405</ele><time>2022-08-20T06:46:31Z</time></trkpt><trkpt lat="22.251986507564936" lon="113.91328639634474"><ele>457.31728824136206</ele><time>2022-08-20T06:46:33Z</time></trkpt><trkpt lat="22.252005542883122" lon="113.91327398299529"><ele>457.64552941519605</ele><time>2022-08-20T06:46:35Z</time></trkpt><trkpt lat="22.252025216591054" lon="113.9132657062643"><ele>457.79175891946153</ele><time>2022-08-20T06:46:37Z</time></trkpt><trkpt lat="22.252045372658376" lon="113.91325788816899"><ele>458.3159746348742</ele><time>2022-08-20T06:46:40Z</time></trkpt><trkpt lat="22.252059928243536" lon="113.91324418264176"><ele>458.11535713409876</ele><time>2022-08-20T06:46:43Z</time></trkpt><trkpt lat="22.25207662898934" lon="113.91322900951282"><ele>457.8391710408828</ele><time>2022-08-20T06:46:46Z</time></trkpt><trkpt lat="22.252091615163263" lon="113.91321464138738"><ele>456.79052621103307</ele><time>2022-08-20T06:46:50Z</time></trkpt><trkpt lat="22.2521085383192" lon="113.9131965650858"><ele>456.041244485721</ele><time>2022-08-20T06:46:53Z</time></trkpt><trkpt lat="22.252124311574395" lon="113.91318314155967"><ele>455.792163930493</ele><time>2022-08-20T06:46:55Z</time></trkpt><trkpt lat="22.25214658708899" lon="113.91317543481425"><ele>456.0562940769811</ele><time>2022-08-20T06:46:58Z</time></trkpt><trkpt lat="22.252161461527127" lon="113.91316106792182"><ele>457.35945523481087</ele><time>2022-08-20T06:47:01Z</time></trkpt><trkpt lat="22.252163427228552" lon="113.91314017795857"><ele>457.555181834954</ele><time>2022-08-20T06:47:04Z</time></trkpt><trkpt lat="22.25216353105698" lon="113.91311790160478"><ele>457.24635341155124</ele><time>2022-08-20T06:47:07Z</time></trkpt><trkpt lat="22.25216135500791" lon="113.91309105460466"><ele>457.4321552794347</ele><time>2022-08-20T06:47:09Z</time></trkpt><trkpt lat="22.252158384698" lon="113.91306834257483"><ele>457.626915970403</ele><time>2022-08-20T06:47:11Z</time></trkpt><trkpt lat="22.252150637379952" lon="113.91304592037785"><ele>457.4909701978315</ele><time>2022-08-20T06:47:14Z</time></trkpt><trkpt lat="22.25213603102417" lon="113.91302913944556"><ele>457.46042176635626</ele><time>2022-08-20T06:47:17Z</time></trkpt><trkpt lat="22.2521205021057" lon="113.91301375379096"><ele>457.6200712121756</ele><time>2022-08-20T06:47:19Z</time></trkpt><trkpt lat="22.25210368507266" lon="113.91299651151118"><ele>457.39966812197656</ele><time>2022-08-20T06:47:21Z</time></trkpt><trkpt lat="22.252093515801235" lon="113.91297467227989"><ele>457.1728743325475</ele><time>2022-08-20T06:47:23Z</time></trkpt><trkpt lat="22.25208791360979" lon="113.91295578561616"><ele>457.0643974792781</ele><time>2022-08-20T06:47:25Z</time></trkpt><trkpt lat="22.25208273990605" lon="113.91293127745877"><ele>456.11993456135184</ele><time>2022-08-20T06:47:28Z</time></trkpt><trkpt lat="22.25207322331232" lon="113.912909994416"><ele>454.9175015992596</ele><time>2022-08-20T06:47:31Z</time></trkpt><trkpt lat="22.25207330099513" lon="113.91288287420507"><ele>454.90711533264613</ele><time>2022-08-20T06:47:34Z</time></trkpt><trkpt lat="22.252074942348067" lon="113.91285828022899"><ele>454.70955693915096</ele><time>2022-08-20T06:47:38Z</time></trkpt><trkpt lat="22.252082996935943" lon="113.91283570243577"><ele>454.421740276749</ele><time>2022-08-20T06:47:40Z</time></trkpt><trkpt lat="22.252084990108646" lon="113.91281420354193"><ele>453.51502219371537</ele><time>2022-08-20T06:47:43Z</time></trkpt><trkpt lat="22.252088547705824" lon="113.91279358713138"><ele>451.90118113539467</ele><time>2022-08-20T06:47:47Z</time></trkpt><trkpt lat="22.25210274619166" lon="113.9127758575923"><ele>450.3754934121727</ele><time>2022-08-20T06:47:51Z</time></trkpt><trkpt lat="22.25210390795736" lon="113.91275185766699"><ele>449.71825067240206</ele><time>2022-08-20T06:47:54Z</time></trkpt><trkpt lat="22.252111646985384" lon="113.91272877550541"><ele>449.4628383594808</ele><time>2022-08-20T06:47:56Z</time></trkpt><trkpt lat="22.25212173299107" lon="113.91270299262234"><ele>449.1347390212373</ele><time>2022-08-20T06:47:58Z</time></trkpt><trkpt lat="22.25212964324101" lon="113.91267660950774"><ele>449.021684169847</ele><time>2022-08-20T06:48:00Z</time></trkpt><trkpt lat="22.252142749529614" lon="113.91265533581509"><ele>449.0200204788215</ele><time>2022-08-20T06:48:02Z</time></trkpt><trkpt lat="22.2521609218548" lon="113.91263783682363"><ele>449.02383128037405</ele><time>2022-08-20T06:48:04Z</time></trkpt><trkpt lat="22.25218532480278" lon="113.91262323852703"><ele>448.99327757185813</ele><time>2022-08-20T06:48:06Z</time></trkpt><trkpt lat="22.25220964252671" lon="113.91261715903946"><ele>448.8561049791415</ele><time>2022-08-20T06:48:08Z</time></trkpt><trkpt lat="22.25222951326846" lon="113.91261125280288"><ele>448.6850213906787</ele><time>2022-08-20T06:48:10Z</time></trkpt><trkpt lat="22.25224745930795" lon="113.91260921409612"><ele>448.37513509438594</ele><time>2022-08-20T06:48:12Z</time></trkpt><trkpt lat="22.252265171349393" lon="113.91260337708273"><ele>448.2422752616643</ele><time>2022-08-20T06:48:14Z</time></trkpt><trkpt lat="22.25228542914981" lon="113.9125891916775"><ele>447.9708285200163</ele><time>2022-08-20T06:48:16Z</time></trkpt><trkpt lat="22.252308709236573" lon="113.91257538485036"><ele>447.3128879830828</ele><time>2022-08-20T06:48:18Z</time></trkpt><trkpt lat="22.25233098440626" lon="113.91256056246563"><ele>446.95341329298446</ele><time>2022-08-20T06:48:20Z</time></trkpt><trkpt lat="22.252353817013756" lon="113.91254778943221"><ele>446.6759375721078</ele><time>2022-08-20T06:48:22Z</time></trkpt><trkpt lat="22.252376079604232" lon="113.9125357287827"><ele>446.47848835725654</ele><time>2022-08-20T06:48:24Z</time></trkpt><trkpt lat="22.252395435311612" lon="113.91252576811496"><ele>447.13652681586495</ele><time>2022-08-20T06:48:26Z</time></trkpt><trkpt lat="22.25241474265726" lon="113.91251490368766"><ele>447.3643197654345</ele><time>2022-08-20T06:48:28Z</time></trkpt><trkpt lat="22.252438691978885" lon="113.91250182375755"><ele>446.6165396078728</ele><time>2022-08-20T06:48:31Z</time></trkpt><trkpt lat="22.252452131137314" lon="113.91248805959432"><ele>446.1553745385054</ele><time>2022-08-20T06:48:33Z</time></trkpt><trkpt lat="22.25246564458302" lon="113.91247460987954"><ele>445.8932642769004</ele><time>2022-08-20T06:48:35Z</time></trkpt><trkpt lat="22.252477467843633" lon="113.91245845519062"><ele>445.7875101277669</ele><time>2022-08-20T06:48:38Z</time></trkpt><trkpt lat="22.252476265141016" lon="113.91243788769403"><ele>445.6523459409467</ele><time>2022-08-20T06:48:43Z</time></trkpt><trkpt lat="22.252501784639044" lon="113.9124198695313"><ele>445.3146513477031</ele><time>2022-08-20T06:48:45Z</time></trkpt><trkpt lat="22.252526306618137" lon="113.91240415005814"><ele>444.9273533754034</ele><time>2022-08-20T06:48:47Z</time></trkpt><trkpt lat="22.252545855754285" lon="113.91239228712836"><ele>444.5838357548511</ele><time>2022-08-20T06:48:49Z</time></trkpt><trkpt lat="22.252562910150044" lon="113.91237652511965"><ele>444.3384742015023</ele><time>2022-08-20T06:48:51Z</time></trkpt><trkpt lat="22.25257666408606" lon="113.91236380679156"><ele>444.06816574104033</ele><time>2022-08-20T06:48:53Z</time></trkpt><trkpt lat="22.2525892635887" lon="113.91234929645938"><ele>443.8216135432507</ele><time>2022-08-20T06:48:55Z</time></trkpt><trkpt lat="22.252597378064138" lon="113.91232324172074"><ele>443.66477925544217</ele><time>2022-08-20T06:48:57Z</time></trkpt><trkpt lat="22.252600494070826" lon="113.91229744653471"><ele>443.72034786592627</ele><time>2022-08-20T06:48:59Z</time></trkpt><trkpt lat="22.252605276061576" lon="113.91227704545528"><ele>443.86321042173694</ele><time>2022-08-20T06:49:01Z</time></trkpt><trkpt lat="22.252605052341924" lon="113.91225506816369"><ele>443.9069680419752</ele><time>2022-08-20T06:49:03Z</time></trkpt><trkpt lat="22.25260285321279" lon="113.912229146025"><ele>443.74777814466114</ele><time>2022-08-20T06:49:06Z</time></trkpt><trkpt lat="22.252606086969" lon="113.91220790894678"><ele>443.9366199041341</ele><time>2022-08-20T06:49:10Z</time></trkpt><trkpt lat="22.25261669943033" lon="113.9121890777412"><ele>443.9648463024639</ele><time>2022-08-20T06:49:13Z</time></trkpt><trkpt lat="22.252635860455165" lon="113.91218837135064"><ele>443.15744356055086</ele><time>2022-08-20T06:49:17Z</time></trkpt></trkseg></trk></gpx>