<?xml version='1.0' encoding='UTF-8' ?><gpx version="1.1" creator="HikingTrailHK" xsi:schemaLocation="http://www.topografix.com/GPX/1/1 http://www.topografix.com/GPX/1/1/gpx.xsd" xmlns="http://www.topografix.com/GPX/1/1" xmlns:xsi="http://www.w3.org/2001/XMLSchema-instance"><metadata><name>我的轨迹 @ 2023-03-11 13:19:16</name><desc></desc></metadata><trk><trkseg><trkpt lat="22.304551466289915" lon="114.25301228780195"><ele>22.42570614706515</ele><time>2023-03-11T05:19:16.723Z</time></trkpt><trkpt lat="22.30452991510405" lon="114.25301388859884"><ele>22.317239639111317</ele><time>2023-03-11T05:19:18Z</time></trkpt><trkpt lat="22.30451664793862" lon="114.25302753464614"><ele>22.156010821415077</ele><time>2023-03-11T05:19:20Z</time></trkpt><trkpt lat="22.304485849595135" lon="114.25303984006345"><ele>22.227222871593746</ele><time>2023-03-11T05:19:24Z</time></trkpt><trkpt lat="22.304464681613677" lon="114.25303485369412"><ele>21.549264324386538</ele><time>2023-03-11T05:19:26Z</time></trkpt><trkpt lat="22.304439522162774" lon="114.2530373104164"><ele>20.798457757806442</ele><time>2023-03-11T05:19:28Z</time></trkpt><trkpt lat="22.304421337615683" lon="114.2530497563914"><ele>20.616282358763577</ele><time>2023-03-11T05:19:30Z</time></trkpt><trkpt lat="22.30440369395856" lon="114.25306291255612"><ele>19.015295389353778</ele><time>2023-03-11T05:19:32Z</time></trkpt><trkpt lat="22.304382955310754" lon="114.25307593248696"><ele>17.58865447529873</ele><time>2023-03-11T05:19:34Z</time></trkpt><trkpt lat="22.304360657928378" lon="114.25308127419007"><ele>15.538045946524434</ele><time>2023-03-11T05:19:36Z</time></trkpt><trkpt lat="22.304336601482856" lon="114.25308579889021"><ele>13.459337419468822</ele><time>2023-03-11T05:19:38Z</time></trkpt><trkpt lat="22.304311271473914" lon="114.25309750830436"><ele>12.147720261038966</ele><time>2023-03-11T05:19:40Z</time></trkpt><trkpt lat="22.30428675810934" lon="114.25311649217409"><ele>11.237622235112513</ele><time>2023-03-11T05:19:42Z</time></trkpt><trkpt lat="22.30425365885305" lon="114.25313138795364"><ele>10.103396455460535</ele><time>2023-03-11T05:19:44Z</time></trkpt><trkpt lat="22.30423154998544" lon="114.25314058244821"><ele>9.325188649507806</ele><time>2023-03-11T05:19:46Z</time></trkpt><trkpt lat="22.30420795819898" lon="114.25314510697811"><ele>8.20987186555593</ele><time>2023-03-11T05:19:48Z</time></trkpt><trkpt lat="22.304189188072826" lon="114.25315578145052"><ele>7.41067262232879</ele><time>2023-03-11T05:19:50Z</time></trkpt><trkpt lat="22.30417331466776" lon="114.25318115935185"><ele>6.68856241468792</ele><time>2023-03-11T05:19:52Z</time></trkpt><trkpt lat="22.30415973738451" lon="114.25320006798944"><ele>5.872726130849923</ele><time>2023-03-11T05:19:54Z</time></trkpt><trkpt lat="22.304150355688265" lon="114.25322463709784"><ele>4.8794938709883215</ele><time>2023-03-11T05:19:56Z</time></trkpt><trkpt lat="22.30414149070658" lon="114.25324624335225"><ele>4.053556983540597</ele><time>2023-03-11T05:19:58Z</time></trkpt><trkpt lat="22.304132053430877" lon="114.253267042856"><ele>3.566608587052624</ele><time>2023-03-11T05:20:00Z</time></trkpt><trkpt lat="22.304124900138355" lon="114.25329048259215"><ele>3.2133791221221992</ele><time>2023-03-11T05:20:02Z</time></trkpt><trkpt lat="22.304109812828223" lon="114.25332374486338"><ele>2.176655848475604</ele><time>2023-03-11T05:20:06Z</time></trkpt><trkpt lat="22.30409246229662" lon="114.25334607880467"><ele>1.752998943888954</ele><time>2023-03-11T05:20:08Z</time></trkpt><trkpt lat="22.30407338475086" lon="114.25336722293764"><ele>1.1376604221773492</ele><time>2023-03-11T05:20:10Z</time></trkpt><trkpt lat="22.304052257958432" lon="114.25338638537693"><ele>0.15083045244637</ele><time>2023-03-11T05:20:12Z</time></trkpt><trkpt lat="22.304036090305164" lon="114.25340568029141"><ele>-0.7570916711572856</ele><time>2023-03-11T05:20:14Z</time></trkpt><trkpt lat="22.30402209615208" lon="114.2534294289233"><ele>-1.6994702609655263</ele><time>2023-03-11T05:20:16Z</time></trkpt><trkpt lat="22.304006896867847" lon="114.25345287204995"><ele>-1.8664344663344412</ele><time>2023-03-11T05:20:18Z</time></trkpt><trkpt lat="22.303987610588063" lon="114.25346744482954"><ele>-2.1575276702117483</ele><time>2023-03-11T05:20:20Z</time></trkpt><trkpt lat="22.3039717585485" lon="114.25348395175833"><ele>-2.258932729389646</ele><time>2023-03-11T05:20:22Z</time></trkpt><trkpt lat="22.303954513786298" lon="114.25349931245417"><ele>-2.2640009494909195</ele><time>2023-03-11T05:20:24Z</time></trkpt><trkpt lat="22.303934080483867" lon="114.25351556640472"><ele>-2.846231249326507</ele><time>2023-03-11T05:20:26Z</time></trkpt><trkpt lat="22.303912359600243" lon="114.25353763583524"><ele>-3.1181676360029242</ele><time>2023-03-11T05:20:28Z</time></trkpt><trkpt lat="22.303892073308887" lon="114.25355621903577"><ele>-3.554727808121691</ele><time>2023-03-11T05:20:30Z</time></trkpt><trkpt lat="22.30387442213499" lon="114.25357064806029"><ele>-3.9456476970375216</ele><time>2023-03-11T05:20:32Z</time></trkpt><trkpt lat="22.303844159062884" lon="114.25361107938402"><ele>-4.773885801024732</ele><time>2023-03-11T05:20:36Z</time></trkpt><trkpt lat="22.303825478848285" lon="114.25363700464793"><ele>-4.715968387718415</ele><time>2023-03-11T05:20:38Z</time></trkpt><trkpt lat="22.303812535070737" lon="114.25367264779823"><ele>-4.85650238888865</ele><time>2023-03-11T05:20:40Z</time></trkpt><trkpt lat="22.30379918210613" lon="114.25371399783818"><ele>-5.246157907633557</ele><time>2023-03-11T05:20:42Z</time></trkpt><trkpt lat="22.303783249182015" lon="114.25375549771233"><ele>-5.168585051816343</ele><time>2023-03-11T05:20:44Z</time></trkpt><trkpt lat="22.30377095972823" lon="114.25378968070162"><ele>-5.037227533867041</ele><time>2023-03-11T05:20:46Z</time></trkpt><trkpt lat="22.303760619202755" lon="114.253817250701"><ele>-4.881978745649473</ele><time>2023-03-11T05:20:48Z</time></trkpt><trkpt lat="22.303745474777116" lon="114.25384949591542"><ele>-4.4946442114420675</ele><time>2023-03-11T05:20:50Z</time></trkpt><trkpt lat="22.30373034600344" lon="114.25387878545575"><ele>-4.403997289774611</ele><time>2023-03-11T05:20:52Z</time></trkpt><trkpt lat="22.30371523338479" lon="114.25390658640262"><ele>-4.3467743435800745</ele><time>2023-03-11T05:20:54Z</time></trkpt><trkpt lat="22.303699398094274" lon="114.25393140167638"><ele>-4.409710954449165</ele><time>2023-03-11T05:20:56Z</time></trkpt><trkpt lat="22.303685290787097" lon="114.25395783215819"><ele>-4.674462965208865</ele><time>2023-03-11T05:20:58Z</time></trkpt><trkpt lat="22.30366956215682" lon="114.25397981531896"><ele>-4.123714252311401</ele><time>2023-03-11T05:21:00Z</time></trkpt><trkpt lat="22.303656679372416" lon="114.25400294866505"><ele>-3.2373396588925525</ele><time>2023-03-11T05:21:02Z</time></trkpt><trkpt lat="22.303643294636355" lon="114.2540278889617"><ele>-2.5896474179522317</ele><time>2023-03-11T05:21:04Z</time></trkpt><trkpt lat="22.303629531398588" lon="114.25405125337038"><ele>-2.3185222255493985</ele><time>2023-03-11T05:21:06Z</time></trkpt><trkpt lat="22.303616961503295" lon="114.25407022164369"><ele>-1.8976221483799935</ele><time>2023-03-11T05:21:08Z</time></trkpt><trkpt lat="22.30360664242873" lon="114.25409317032758"><ele>-1.748853605081127</ele><time>2023-03-11T05:21:10Z</time></trkpt><trkpt lat="22.3035961196108" lon="114.25412187280756"><ele>-1.5471011683311815</ele><time>2023-03-11T05:21:12Z</time></trkpt><trkpt lat="22.303581840251606" lon="114.25414693077911"><ele>-1.5503791212917155</ele><time>2023-03-11T05:21:14Z</time></trkpt><trkpt lat="22.3035651849042" lon="114.25417215793462"><ele>-1.6074344097630928</ele><time>2023-03-11T05:21:16Z</time></trkpt><trkpt lat="22.30355142991968" lon="114.25419942499639"><ele>-1.586197477516962</ele><time>2023-03-11T05:21:18Z</time></trkpt><trkpt lat="22.303536009474538" lon="114.25422196812438"><ele>-1.7384706774452867</ele><time>2023-03-11T05:21:20Z</time></trkpt><trkpt lat="22.303515455662648" lon="114.2542366886348"><ele>-2.2211951711944007</ele><time>2023-03-11T05:21:22Z</time></trkpt><trkpt lat="22.303500868186003" lon="114.25425009288324"><ele>-2.486655172153853</ele><time>2023-03-11T05:21:24Z</time></trkpt><trkpt lat="22.303482253957597" lon="114.25426439150509"><ele>-2.3535713975563683</ele><time>2023-03-11T05:21:26Z</time></trkpt><trkpt lat="22.303464474511763" lon="114.25428031851784"><ele>-1.8270594676895724</ele><time>2023-03-11T05:21:28Z</time></trkpt><trkpt lat="22.303450155219032" lon="114.25429525756363"><ele>-1.5530568092019894</ele><time>2023-03-11T05:21:30Z</time></trkpt><trkpt lat="22.303439979837826" lon="114.25431745924863"><ele>-1.1106250787294978</ele><time>2023-03-11T05:21:32Z</time></trkpt><trkpt lat="22.303429959891194" lon="114.25434262403977"><ele>-1.2708084972119058</ele><time>2023-03-11T05:21:34Z</time></trkpt><trkpt lat="22.303413737892082" lon="114.25436735059041"><ele>-1.5185263006414025</ele><time>2023-03-11T05:21:36Z</time></trkpt><trkpt lat="22.30339550073956" lon="114.2543885313178"><ele>-1.5373718490453556</ele><time>2023-03-11T05:21:38Z</time></trkpt><trkpt lat="22.303374708122558" lon="114.25440720869098"><ele>-1.4582637390109192</ele><time>2023-03-11T05:21:40Z</time></trkpt><trkpt lat="22.303355908440277" lon="114.2544243029498"><ele>-1.3806851441465633</ele><time>2023-03-11T05:21:42Z</time></trkpt><trkpt lat="22.30334174484055" lon="114.25444266391243"><ele>-1.493440697950153</ele><time>2023-03-11T05:21:44Z</time></trkpt><trkpt lat="22.303326371169778" lon="114.25446209338838"><ele>-1.4762391161409458</ele><time>2023-03-11T05:21:46Z</time></trkpt><trkpt lat="22.30331340941139" lon="114.25448222114764"><ele>-1.4700364346496058</ele><time>2023-03-11T05:21:48Z</time></trkpt><trkpt lat="22.303303671773122" lon="114.25450168664611"><ele>-1.6013250820419171</ele><time>2023-03-11T05:21:50Z</time></trkpt><trkpt lat="22.30329019147615" lon="114.25452564813679"><ele>-1.9962055560225276</ele><time>2023-03-11T05:21:52Z</time></trkpt><trkpt lat="22.303272572755485" lon="114.25453991829747"><ele>-1.860994678863244</ele><time>2023-03-11T05:21:54Z</time></trkpt><trkpt lat="22.3032578666094" lon="114.2545545618281"><ele>-1.6452231913739017</ele><time>2023-03-11T05:21:56Z</time></trkpt><trkpt lat="22.303240758238562" lon="114.25457322795543"><ele>-1.4914462792930705</ele><time>2023-03-11T05:21:58Z</time></trkpt><trkpt lat="22.30322294991011" lon="114.25459233106034"><ele>-1.2396257685720344</ele><time>2023-03-11T05:22:00Z</time></trkpt><trkpt lat="22.303203786707044" lon="114.25460956887271"><ele>-0.5876719691420299</ele><time>2023-03-11T05:22:02Z</time></trkpt><trkpt lat="22.303184114942756" lon="114.25463047104911"><ele>-0.13991349703615333</ele><time>2023-03-11T05:22:04Z</time></trkpt><trkpt lat="22.303162210051184" lon="114.25465034107052"><ele>0.03410766903941698</ele><time>2023-03-11T05:22:06Z</time></trkpt><trkpt lat="22.303142080068106" lon="114.25466987008596"><ele>0.21311474549434087</ele><time>2023-03-11T05:22:08Z</time></trkpt><trkpt lat="22.303119738815614" lon="114.25468818905202"><ele>-0.10497834704478247</ele><time>2023-03-11T05:22:10Z</time></trkpt><trkpt lat="22.303099260101643" lon="114.25470455717073"><ele>-0.17640756611853037</ele><time>2023-03-11T05:22:12Z</time></trkpt><trkpt lat="22.3030797273388" lon="114.25471676626915"><ele>-0.35754857187152295</ele><time>2023-03-11T05:22:14Z</time></trkpt><trkpt lat="22.303047196924272" lon="114.25474278789795"><ele>-1.2396089148336855</ele><time>2023-03-11T05:22:18Z</time></trkpt><trkpt lat="22.303028156587185" lon="114.2547595066951"><ele>-1.6489276722080861</ele><time>2023-03-11T05:22:20Z</time></trkpt><trkpt lat="22.303009209597207" lon="114.25477485723792"><ele>-1.9497931570557996</ele><time>2023-03-11T05:22:22Z</time></trkpt><trkpt lat="22.302992258402092" lon="114.2547836050538"><ele>-2.2454819873971137</ele><time>2023-03-11T05:22:24Z</time></trkpt><trkpt lat="22.302976122658777" lon="114.25479603813184"><ele>-2.453238468598552</ele><time>2023-03-11T05:22:26Z</time></trkpt><trkpt lat="22.30295966470559" lon="114.2548127956534"><ele>-2.792630955774924</ele><time>2023-03-11T05:22:28Z</time></trkpt><trkpt lat="22.302943270625914" lon="114.25482486549376"><ele>-2.85672081466315</ele><time>2023-03-11T05:22:30Z</time></trkpt><trkpt lat="22.302926935545276" lon="114.25484072148994"><ele>-3.0564198206578905</ele><time>2023-03-11T05:22:32Z</time></trkpt><trkpt lat="22.30290786998929" lon="114.25485453043703"><ele>-3.243017585026599</ele><time>2023-03-11T05:22:34Z</time></trkpt><trkpt lat="22.302890178120023" lon="114.25486874432548"><ele>-3.4381352936327807</ele><time>2023-03-11T05:22:36Z</time></trkpt><trkpt lat="22.3028735478866" lon="114.25488244971169"><ele>-3.932113995086474</ele><time>2023-03-11T05:22:38Z</time></trkpt><trkpt lat="22.30285858489487" lon="114.25489513417705"><ele>-4.20438671929013</ele><time>2023-03-11T05:22:40Z</time></trkpt><trkpt lat="22.302843290715284" lon="114.25491024234603"><ele>-4.353773007652289</ele><time>2023-03-11T05:22:42Z</time></trkpt><trkpt lat="22.302827178927867" lon="114.25492711534605"><ele>-5.0013052372960765</ele><time>2023-03-11T05:22:44Z</time></trkpt><trkpt lat="22.3028089741881" lon="114.25494033168515"><ele>-5.5710805157857</ele><time>2023-03-11T05:22:46Z</time></trkpt><trkpt lat="22.302790683939136" lon="114.25495182216851"><ele>-5.83638478414642</ele><time>2023-03-11T05:22:48Z</time></trkpt><trkpt lat="22.302769958507074" lon="114.25496937386177"><ele>-5.9365647570526665</ele><time>2023-03-11T05:22:50Z</time></trkpt><trkpt lat="22.302752279629377" lon="114.25498453592992"><ele>-5.86116517335774</ele><time>2023-03-11T05:22:52Z</time></trkpt><trkpt lat="22.30273267258313" lon="114.25499332881064"><ele>-5.695311602299792</ele><time>2023-03-11T05:22:54Z</time></trkpt><trkpt lat="22.302714250692887" lon="114.25499891267165"><ele>-5.69603951470077</ele><time>2023-03-11T05:22:56Z</time></trkpt><trkpt lat="22.30270070349721" lon="114.2550118763287"><ele>-5.964280966958656</ele><time>2023-03-11T05:22:58Z</time></trkpt><trkpt lat="22.302683694733737" lon="114.25502400502164"><ele>-5.946586681330284</ele><time>2023-03-11T05:23:00Z</time></trkpt><trkpt lat="22.302666356753747" lon="114.25503309181148"><ele>-5.933895249790992</ele><time>2023-03-11T05:23:02Z</time></trkpt><trkpt lat="22.302644938053067" lon="114.2550477463443"><ele>-6.044254606804965</ele><time>2023-03-11T05:23:04Z</time></trkpt><trkpt lat="22.302620599249895" lon="114.25505549846953"><ele>-6.2684630474763265</ele><time>2023-03-11T05:23:06Z</time></trkpt><trkpt lat="22.30259654226834" lon="114.25506181620611"><ele>-6.4493275925739555</ele><time>2023-03-11T05:23:08Z</time></trkpt><trkpt lat="22.302577692505533" lon="114.25507057643351"><ele>-6.738539106097648</ele><time>2023-03-11T05:23:10Z</time></trkpt><trkpt lat="22.30256109519877" lon="114.25508296803673"><ele>-6.5710391558727395</ele><time>2023-03-11T05:23:12Z</time></trkpt><trkpt lat="22.302542922061594" lon="114.25509846516077"><ele>-6.59205513942805</ele><time>2023-03-11T05:23:14Z</time></trkpt><trkpt lat="22.30252106101602" lon="114.2551180834997"><ele>-6.656466300560225</ele><time>2023-03-11T05:23:16Z</time></trkpt><trkpt lat="22.302500654226076" lon="114.2551351378308"><ele>-6.692948037961514</ele><time>2023-03-11T05:23:18Z</time></trkpt><trkpt lat="22.30248176594885" lon="114.25514710573208"><ele>-6.446524952676262</ele><time>2023-03-11T05:23:20Z</time></trkpt><trkpt lat="22.302462982024934" lon="114.25516584439013"><ele>-6.363669371128482</ele><time>2023-03-11T05:23:22Z</time></trkpt><trkpt lat="22.302440116719307" lon="114.25518562534816"><ele>-6.127930105728158</ele><time>2023-03-11T05:23:24Z</time></trkpt><trkpt lat="22.302419314279796" lon="114.25520534634104"><ele>-6.123669189121965</ele><time>2023-03-11T05:23:26Z</time></trkpt><trkpt lat="22.302404236523056" lon="114.25522184120446"><ele>-6.314239764283331</ele><time>2023-03-11T05:23:28Z</time></trkpt><trkpt lat="22.30238792924777" lon="114.25523884006459"><ele>-6.76585055678614</ele><time>2023-03-11T05:23:30Z</time></trkpt><trkpt lat="22.30237252404561" lon="114.25525771567511"><ele>-7.148071632767661</ele><time>2023-03-11T05:23:32Z</time></trkpt><trkpt lat="22.302356620379683" lon="114.25527404712419"><ele>-7.497554602816004</ele><time>2023-03-11T05:23:34Z</time></trkpt><trkpt lat="22.302341985280304" lon="114.2552884576201"><ele>-7.311867534557441</ele><time>2023-03-11T05:23:36Z</time></trkpt><trkpt lat="22.302327251440804" lon="114.25530654311488"><ele>-7.112319512671115</ele><time>2023-03-11T05:23:38Z</time></trkpt><trkpt lat="22.302310947485307" lon="114.25532713627115"><ele>-6.966398405209812</ele><time>2023-03-11T05:23:40Z</time></trkpt><trkpt lat="22.302293381029" lon="114.25534954204409"><ele>-6.736573755825243</ele><time>2023-03-11T05:23:42Z</time></trkpt><trkpt lat="22.30228130741207" lon="114.25537094402891"><ele>-6.619894691159985</ele><time>2023-03-11T05:23:44Z</time></trkpt><trkpt lat="22.302270623356304" lon="114.25539271771463"><ele>-6.5655838054749545</ele><time>2023-03-11T05:23:46Z</time></trkpt><trkpt lat="22.302258193279286" lon="114.25541111993473"><ele>-6.5071530920208644</ele><time>2023-03-11T05:23:48Z</time></trkpt><trkpt lat="22.3022448276164" lon="114.25542655475822"><ele>-6.648464865426313</ele><time>2023-03-11T05:23:50Z</time></trkpt><trkpt lat="22.302230263332522" lon="114.25544774641453"><ele>-7.053967303205507</ele><time>2023-03-11T05:23:52Z</time></trkpt><trkpt lat="22.302210720593436" lon="114.25546553766175"><ele>-7.2669411718451045</ele><time>2023-03-11T05:23:54Z</time></trkpt><trkpt lat="22.302193807655325" lon="114.25548375199689"><ele>-7.43546057672187</ele><time>2023-03-11T05:23:56Z</time></trkpt><trkpt lat="22.302184950722935" lon="114.2555026844425"><ele>-7.354871100934405</ele><time>2023-03-11T05:23:58Z</time></trkpt><trkpt lat="22.302179810916876" lon="114.25552567347962"><ele>-7.739393518103819</ele><time>2023-03-11T05:24:00Z</time></trkpt><trkpt lat="22.302175162207433" lon="114.25555228042253"><ele>-8.059714275359749</ele><time>2023-03-11T05:24:02Z</time></trkpt><trkpt lat="22.30217057468697" lon="114.2555773764219"><ele>-8.162394930014313</ele><time>2023-03-11T05:24:04Z</time></trkpt><trkpt lat="22.302160615062448" lon="114.25560218541477"><ele>-8.110353049528989</ele><time>2023-03-11T05:24:06Z</time></trkpt><trkpt lat="22.3021477837141" lon="114.25562354361445"><ele>-8.120887821023457</ele><time>2023-03-11T05:24:08Z</time></trkpt><trkpt lat="22.30214071099066" lon="114.25564722672426"><ele>-8.160115493165636</ele><time>2023-03-11T05:24:10Z</time></trkpt><trkpt lat="22.30213741117327" lon="114.25567104259618"><ele>-8.368942071704414</ele><time>2023-03-11T05:24:12Z</time></trkpt><trkpt lat="22.302133861387723" lon="114.25569205219287"><ele>-8.495681801215175</ele><time>2023-03-11T05:24:14Z</time></trkpt><trkpt lat="22.302134034196968" lon="114.25573063949358"><ele>-7.710875900097855</ele><time>2023-03-11T05:24:18Z</time></trkpt><trkpt lat="22.302137399375844" lon="114.25575273470142"><ele>-7.063100278353395</ele><time>2023-03-11T05:24:20Z</time></trkpt><trkpt lat="22.30214388491191" lon="114.25577831148746"><ele>-6.816797488967824</ele><time>2023-03-11T05:24:22Z</time></trkpt><trkpt lat="22.302148393109103" lon="114.25580523829"><ele>-6.823530864245207</ele><time>2023-03-11T05:24:24Z</time></trkpt><trkpt lat="22.30215797997701" lon="114.25582914876146"><ele>-6.7009397510822355</ele><time>2023-03-11T05:24:26Z</time></trkpt><trkpt lat="22.30216533109441" lon="114.25585216305169"><ele>-6.719812730156097</ele><time>2023-03-11T05:24:28Z</time></trkpt><trkpt lat="22.302170414776242" lon="114.25587846465578"><ele>-6.664996790866453</ele><time>2023-03-11T05:24:30Z</time></trkpt><trkpt lat="22.30217932992887" lon="114.25590503198711"><ele>-6.540547633023582</ele><time>2023-03-11T05:24:32Z</time></trkpt><trkpt lat="22.30218464437265" lon="114.25593155466665"><ele>-6.4493413431132325</ele><time>2023-03-11T05:24:34Z</time></trkpt><trkpt lat="22.30218557530446" lon="114.25595514797503"><ele>-6.461549436123275</ele><time>2023-03-11T05:24:36Z</time></trkpt><trkpt lat="22.302186386095272" lon="114.25597610581117"><ele>-6.3937651498681465</ele><time>2023-03-11T05:24:38Z</time></trkpt><trkpt lat="22.30219424353191" lon="114.2559960984395"><ele>-6.378312681950394</ele><time>2023-03-11T05:24:40Z</time></trkpt><trkpt lat="22.302206153682555" lon="114.25601881122101"><ele>-6.2979222802302</ele><time>2023-03-11T05:24:42Z</time></trkpt><trkpt lat="22.302215961250916" lon="114.2560436070097"><ele>-6.089692015692699</ele><time>2023-03-11T05:24:44Z</time></trkpt><trkpt lat="22.30222721066418" lon="114.25606731250227"><ele>-6.059018398113764</ele><time>2023-03-11T05:24:46Z</time></trkpt><trkpt lat="22.302238884616287" lon="114.25609042213571"><ele>-5.962071198244098</ele><time>2023-03-11T05:24:48Z</time></trkpt><trkpt lat="22.30225236162013" lon="114.25611650466267"><ele>-6.012869176682179</ele><time>2023-03-11T05:24:50Z</time></trkpt><trkpt lat="22.302248404661285" lon="114.25614694793033"><ele>-5.951693286265515</ele><time>2023-03-11T05:24:52Z</time></trkpt><trkpt lat="22.30222910388485" lon="114.25616924541639"><ele>-6.1567331373787315</ele><time>2023-03-11T05:24:54Z</time></trkpt><trkpt lat="22.302204513156084" lon="114.25617966689546"><ele>-6.475764364713785</ele><time>2023-03-11T05:24:56Z</time></trkpt><trkpt lat="22.302180347487393" lon="114.25618332335094"><ele>-6.701537585559579</ele><time>2023-03-11T05:24:58Z</time></trkpt><trkpt lat="22.302156614246087" lon="114.25619018905384"><ele>-7.003640930479699</ele><time>2023-03-11T05:25:00Z</time></trkpt><trkpt lat="22.302135753047185" lon="114.25619762525986"><ele>-7.094014762116966</ele><time>2023-03-11T05:25:02Z</time></trkpt><trkpt lat="22.30211492992487" lon="114.256199673497"><ele>-7.0019466078166435</ele><time>2023-03-11T05:25:04Z</time></trkpt><trkpt lat="22.302085022099586" lon="114.25619572434567"><ele>-6.079613694619767</ele><time>2023-03-11T05:25:06Z</time></trkpt><trkpt lat="22.302057269100352" lon="114.25619201065177"><ele>-5.638867134068886</ele><time>2023-03-11T05:25:08Z</time></trkpt><trkpt lat="22.302030202160058" lon="114.25619333505159"><ele>-5.319387966682998</ele><time>2023-03-11T05:25:10Z</time></trkpt><trkpt lat="22.30200336411183" lon="114.2561919602611"><ele>-4.7722830970468895</ele><time>2023-03-11T05:25:12Z</time></trkpt><trkpt lat="22.30197700546269" lon="114.25619111894866"><ele>-4.508833081172472</ele><time>2023-03-11T05:25:14Z</time></trkpt><trkpt lat="22.30195172286747" lon="114.25619073855596"><ele>-4.321571678232618</ele><time>2023-03-11T05:25:16Z</time></trkpt><trkpt lat="22.301931413373257" lon="114.25619111343424"><ele>-4.730052477183376</ele><time>2023-03-11T05:25:18Z</time></trkpt><trkpt lat="22.30191333865019" lon="114.25619130066077"><ele>-5.120144243815329</ele><time>2023-03-11T05:25:20Z</time></trkpt><trkpt lat="22.301893155950236" lon="114.2561951199298"><ele>-5.260569465143331</ele><time>2023-03-11T05:25:22Z</time></trkpt><trkpt lat="22.30187150772164" lon="114.25619581808172"><ele>-5.08986957187901</ele><time>2023-03-11T05:25:24Z</time></trkpt><trkpt lat="22.301846924137802" lon="114.25619420699353"><ele>-4.695895094992718</ele><time>2023-03-11T05:25:26Z</time></trkpt><trkpt lat="22.301825882388563" lon="114.25619373105867"><ele>-4.3575722738430995</ele><time>2023-03-11T05:25:28Z</time></trkpt><trkpt lat="22.301803360444378" lon="114.25619008186537"><ele>-4.456847074689307</ele><time>2023-03-11T05:25:30Z</time></trkpt><trkpt lat="22.301785117901307" lon="114.25618732202612"><ele>-4.600436719252643</ele><time>2023-03-11T05:25:32Z</time></trkpt><trkpt lat="22.301762238966056" lon="114.25618335198787"><ele>-4.44709541769065</ele><time>2023-03-11T05:25:34Z</time></trkpt><trkpt lat="22.3017328635563" lon="114.25617924932381"><ele>-3.9039137012442735</ele><time>2023-03-11T05:25:36Z</time></trkpt><trkpt lat="22.301702686081438" lon="114.25617884552047"><ele>-3.645133618453351</ele><time>2023-03-11T05:25:38Z</time></trkpt><trkpt lat="22.30167709527146" lon="114.25617749505771"><ele>-3.2977666394331457</ele><time>2023-03-11T05:25:40Z</time></trkpt><trkpt lat="22.30165621440172" lon="114.2561744657821"><ele>-3.0076667110251925</ele><time>2023-03-11T05:25:42Z</time></trkpt><trkpt lat="22.30163603001407" lon="114.25617399044071"><ele>-2.8598416290349378</ele><time>2023-03-11T05:25:44Z</time></trkpt><trkpt lat="22.30161086647869" lon="114.25617297618348"><ele>-2.5860285918918127</ele><time>2023-03-11T05:25:46Z</time></trkpt><trkpt lat="22.301586551390134" lon="114.25616934148525"><ele>-2.51074091377513</ele><time>2023-03-11T05:25:48Z</time></trkpt><trkpt lat="22.301560739689123" lon="114.25617105271192"><ele>-2.534830642579475</ele><time>2023-03-11T05:25:50Z</time></trkpt><trkpt lat="22.301535058820775" lon="114.25617378938637"><ele>-2.692090380425602</ele><time>2023-03-11T05:25:52Z</time></trkpt><trkpt lat="22.301509934480475" lon="114.25617433521217"><ele>-2.7245040679315786</ele><time>2023-03-11T05:25:54Z</time></trkpt><trkpt lat="22.301483191154677" lon="114.25617530675244"><ele>-2.9525421776754146</ele><time>2023-03-11T05:25:56Z</time></trkpt><trkpt lat="22.30145718864404" lon="114.25617559882569"><ele>-3.38236048773997</ele><time>2023-03-11T05:25:58Z</time></trkpt><trkpt lat="22.30143507694382" lon="114.25617643846269"><ele>-3.8396465641347666</ele><time>2023-03-11T05:26:00Z</time></trkpt><trkpt lat="22.30141115225813" lon="114.25617806992857"><ele>-4.266584283568538</ele><time>2023-03-11T05:26:02Z</time></trkpt><trkpt lat="22.301384175904705" lon="114.25618145905179"><ele>-4.309869046954515</ele><time>2023-03-11T05:26:04Z</time></trkpt><trkpt lat="22.301357868522548" lon="114.25618252688749"><ele>-4.3375901198127345</ele><time>2023-03-11T05:26:06Z</time></trkpt><trkpt lat="22.301336185910152" lon="114.25618216559245"><ele>-4.075286598476273</ele><time>2023-03-11T05:26:08Z</time></trkpt><trkpt lat="22.30131608710456" lon="114.25617992842606"><ele>-4.081427791843332</ele><time>2023-03-11T05:26:10Z</time></trkpt><trkpt lat="22.30129597072469" lon="114.25618114256118"><ele>-4.0197777024483745</ele><time>2023-03-11T05:26:12Z</time></trkpt><trkpt lat="22.30127435246044" lon="114.25617935477497"><ele>-4.26057933366322</ele><time>2023-03-11T05:26:14Z</time></trkpt><trkpt lat="22.301254241063805" lon="114.25617551152577"><ele>-4.734872519168038</ele><time>2023-03-11T05:26:16Z</time></trkpt><trkpt lat="22.301227905182042" lon="114.25616906407596"><ele>-4.637927879379906</ele><time>2023-03-11T05:26:18Z</time></trkpt><trkpt lat="22.301204510782657" lon="114.25616340354131"><ele>-4.650651897686864</ele><time>2023-03-11T05:26:20Z</time></trkpt><trkpt lat="22.301185069511444" lon="114.2561526345073"><ele>-4.553567287804059</ele><time>2023-03-11T05:26:22Z</time></trkpt><trkpt lat="22.301160960860088" lon="114.25612890613743"><ele>-3.1241758828461337</ele><time>2023-03-11T05:26:26Z</time></trkpt><trkpt lat="22.30115126047494" lon="114.25610768701401"><ele>-2.4326908132031404</ele><time>2023-03-11T05:26:28Z</time></trkpt><trkpt lat="22.301130748413186" lon="114.25610876048245"><ele>-1.7875077756543396</ele><time>2023-03-11T05:26:30Z</time></trkpt><trkpt lat="22.30110631639402" lon="114.25611469803854"><ele>-1.4329602169281141</ele><time>2023-03-11T05:26:32Z</time></trkpt><trkpt lat="22.301085909530222" lon="114.25611742583855"><ele>-1.4110474807698268</ele><time>2023-03-11T05:26:34Z</time></trkpt><trkpt lat="22.301065352417876" lon="114.25612526530949"><ele>-1.3387712200266069</ele><time>2023-03-11T05:26:36Z</time></trkpt><trkpt lat="22.301043838570628" lon="114.25614825837242"><ele>-0.9152368911198072</ele><time>2023-03-11T05:26:38Z</time></trkpt><trkpt lat="22.301043225855086" lon="114.25617715618729"><ele>-1.135187490688169</ele><time>2023-03-11T05:26:40Z</time></trkpt><trkpt lat="22.30103293454952" lon="114.25619911470355"><ele>-1.5320980897786993</ele><time>2023-03-11T05:26:42Z</time></trkpt><trkpt lat="22.30101900593549" lon="114.25621849352447"><ele>-1.2209995584954492</ele><time>2023-03-11T05:26:44Z</time></trkpt><trkpt lat="22.300996718708213" lon="114.25622935527824"><ele>-0.6647182577466986</ele><time>2023-03-11T05:26:48Z</time></trkpt><trkpt lat="22.300978466321258" lon="114.25622717242864"><ele>-0.3372270771871929</ele><time>2023-03-11T05:27:08Z</time></trkpt><trkpt lat="22.301000786456385" lon="114.25620586444668"><ele>-0.123013310903974</ele><time>2023-03-11T05:27:28Z</time></trkpt><trkpt lat="22.301007359078525" lon="114.2561723964913"><ele>-0.15432674375852085</ele><time>2023-03-11T05:27:30Z</time></trkpt><trkpt lat="22.300995122570953" lon="114.25612697300748"><ele>0.1975249973950278</ele><time>2023-03-11T05:27:34Z</time></trkpt><trkpt lat="22.300983798900077" lon="114.25610906134658"><ele>0.2183698891207481</ele><time>2023-03-11T05:27:36Z</time></trkpt><trkpt lat="22.300962285693544" lon="114.25609177567867"><ele>-0.11511813920476759</ele><time>2023-03-11T05:27:38Z</time></trkpt><trkpt lat="22.3009426446468" lon="114.25607634326617"><ele>-0.4002884768142582</ele><time>2023-03-11T05:27:40Z</time></trkpt><trkpt lat="22.30091887564617" lon="114.25606178353453"><ele>-0.7373002633601634</ele><time>2023-03-11T05:27:42Z</time></trkpt><trkpt lat="22.30089508504758" lon="114.25604943165669"><ele>-0.7916041904008491</ele><time>2023-03-11T05:27:44Z</time></trkpt><trkpt lat="22.300870525064774" lon="114.25604140236798"><ele>-0.9834826171790173</ele><time>2023-03-11T05:27:46Z</time></trkpt><trkpt lat="22.30084429753599" lon="114.2560373071106"><ele>-1.3261936703168118</ele><time>2023-03-11T05:27:48Z</time></trkpt><trkpt lat="22.300820038370105" lon="114.25603561726233"><ele>-1.2745277401513595</ele><time>2023-03-11T05:27:50Z</time></trkpt><trkpt lat="22.30079607961383" lon="114.25603264071717"><ele>-1.308953532594548</ele><time>2023-03-11T05:27:52Z</time></trkpt><trkpt lat="22.300772785401666" lon="114.256028079729"><ele>-1.1035870360154139</ele><time>2023-03-11T05:27:54Z</time></trkpt><trkpt lat="22.30075130626861" lon="114.25602406624085"><ele>-1.0000397702078458</ele><time>2023-03-11T05:27:56Z</time></trkpt><trkpt lat="22.3007308879694" lon="114.2560208204032"><ele>-0.8188013097701032</ele><time>2023-03-11T05:27:58Z</time></trkpt><trkpt lat="22.30070998520502" lon="114.25601142426693"><ele>-0.7394115284346445</ele><time>2023-03-11T05:28:00Z</time></trkpt><trkpt lat="22.30068717454182" lon="114.2560098175608"><ele>-0.854909968990332</ele><time>2023-03-11T05:28:02Z</time></trkpt><trkpt lat="22.30066366401576" lon="114.2560159552033"><ele>-0.9644637769307509</ele><time>2023-03-11T05:28:04Z</time></trkpt><trkpt lat="22.300638404430376" lon="114.25602018279703"><ele>-0.816965701523557</ele><time>2023-03-11T05:28:06Z</time></trkpt><trkpt lat="22.30061966483121" lon="114.2560224060753"><ele>-0.457977528308115</ele><time>2023-03-11T05:28:08Z</time></trkpt><trkpt lat="22.300599119986224" lon="114.2560263909248"><ele>-0.5831650737128593</ele><time>2023-03-11T05:28:10Z</time></trkpt><trkpt lat="22.30056916036685" lon="114.25600721842659"><ele>-0.21485338039642515</ele><time>2023-03-11T05:28:14Z</time></trkpt><trkpt lat="22.30054759130098" lon="114.25599455467933"><ele>-0.19322979610170019</ele><time>2023-03-11T05:28:16Z</time></trkpt><trkpt lat="22.300523404554028" lon="114.25598210316798"><ele>-0.03737709918786882</ele><time>2023-03-11T05:28:18Z</time></trkpt><trkpt lat="22.300497542721295" lon="114.25597568062003"><ele>0.24486283826706967</ele><time>2023-03-11T05:28:20Z</time></trkpt><trkpt lat="22.300473875141627" lon="114.25598299039423"><ele>0.7181777583641239</ele><time>2023-03-11T05:28:22Z</time></trkpt><trkpt lat="22.300453751655212" lon="114.25599872363692"><ele>1.29228249297724</ele><time>2023-03-11T05:28:24Z</time></trkpt><trkpt lat="22.300437193595638" lon="114.2560091819568"><ele>1.3226269384386902</ele><time>2023-03-11T05:28:26Z</time></trkpt><trkpt lat="22.30039390771495" lon="114.25601370690448"><ele>0.6997056120763545</ele><time>2023-03-11T05:28:36Z</time></trkpt><trkpt lat="22.300370350788057" lon="114.25600792921449"><ele>0.8179121865611937</ele><time>2023-03-11T05:28:38Z</time></trkpt><trkpt lat="22.300350089763736" lon="114.25600629477779"><ele>0.9201681947283105</ele><time>2023-03-11T05:28:40Z</time></trkpt><trkpt lat="22.300324061877646" lon="114.25601126183768"><ele>0.7535509581235855</ele><time>2023-03-11T05:28:42Z</time></trkpt><trkpt lat="22.300299792433343" lon="114.25601907892265"><ele>0.6320050409803277</ele><time>2023-03-11T05:28:44Z</time></trkpt><trkpt lat="22.300277806398725" lon="114.25602053026385"><ele>0.3375358655383537</ele><time>2023-03-11T05:28:46Z</time></trkpt><trkpt lat="22.300255979031096" lon="114.25601828029623"><ele>0.026891529686525046</ele><time>2023-03-11T05:28:48Z</time></trkpt><trkpt lat="22.300231318155635" lon="114.2560149437814"><ele>-0.3313365541429798</ele><time>2023-03-11T05:28:50Z</time></trkpt><trkpt lat="22.30020784782904" lon="114.25601154522444"><ele>-0.7164680500400057</ele><time>2023-03-11T05:28:52Z</time></trkpt><trkpt lat="22.300180699471298" lon="114.25600894105276"><ele>-0.8663056387424325</ele><time>2023-03-11T05:28:54Z</time></trkpt><trkpt lat="22.300156871580242" lon="114.25601000583826"><ele>-1.004746797908917</ele><time>2023-03-11T05:28:56Z</time></trkpt><trkpt lat="22.30013343085945" lon="114.25600982740552"><ele>-0.8419465145289777</ele><time>2023-03-11T05:28:58Z</time></trkpt><trkpt lat="22.300108966741096" lon="114.25600645111523"><ele>-0.8625551174594295</ele><time>2023-03-11T05:29:00Z</time></trkpt><trkpt lat="22.30008463510751" lon="114.25600124613577"><ele>-0.6408083856429941</ele><time>2023-03-11T05:29:02Z</time></trkpt><trkpt lat="22.300064882305414" lon="114.25599451563147"><ele>-0.06287683833864999</ele><time>2023-03-11T05:29:04Z</time></trkpt><trkpt lat="22.300028640197556" lon="114.25598353693904"><ele>0.7546120160412833</ele><time>2023-03-11T05:29:08Z</time></trkpt><trkpt lat="22.300008743130103" lon="114.2559801960239"><ele>0.9619073623234058</ele><time>2023-03-11T05:29:10Z</time></trkpt><trkpt lat="22.29998447921719" lon="114.25597987828334"><ele>1.1076012683129446</ele><time>2023-03-11T05:29:12Z</time></trkpt><trkpt lat="22.299959923525233" lon="114.25598505146624"><ele>0.9971645698306408</ele><time>2023-03-11T05:29:14Z</time></trkpt><trkpt lat="22.299932035765554" lon="114.25598950723669"><ele>0.8957504658353956</ele><time>2023-03-11T05:29:16Z</time></trkpt><trkpt lat="22.29990825142313" lon="114.25599338967984"><ele>0.629824212234568</ele><time>2023-03-11T05:29:18Z</time></trkpt><trkpt lat="22.299883912629188" lon="114.2559985396308"><ele>0.23304927947687912</ele><time>2023-03-11T05:29:20Z</time></trkpt><trkpt lat="22.299860433779912" lon="114.25600169351505"><ele>0.018982853532455095</ele><time>2023-03-11T05:29:22Z</time></trkpt><trkpt lat="22.299839635234406" lon="114.25600093976635"><ele>0.18253654715432022</ele><time>2023-03-11T05:29:24Z</time></trkpt><trkpt lat="22.299816714377457" lon="114.25599478450862"><ele>0.34968979080985174</ele><time>2023-03-11T05:29:26Z</time></trkpt><trkpt lat="22.299793068543607" lon="114.2559887969604"><ele>0.24717392079245434</ele><time>2023-03-11T05:29:28Z</time></trkpt><trkpt lat="22.299770367691387" lon="114.25598312779665"><ele>0.20480717011152794</ele><time>2023-03-11T05:29:30Z</time></trkpt><trkpt lat="22.29974751660165" lon="114.25598281963931"><ele>0.23333986554678868</ele><time>2023-03-11T05:29:32Z</time></trkpt><trkpt lat="22.29972284919315" lon="114.25598633847079"><ele>-0.020056982603477498</ele><time>2023-03-11T05:29:34Z</time></trkpt><trkpt lat="22.29969932227274" lon="114.25598683228343"><ele>-0.10246747902845602</ele><time>2023-03-11T05:29:36Z</time></trkpt><trkpt lat="22.29967630993695" lon="114.25599151600454"><ele>-0.34650609657859555</ele><time>2023-03-11T05:29:38Z</time></trkpt><trkpt lat="22.299650891854675" lon="114.25599381093362"><ele>-0.6279556935263981</ele><time>2023-03-11T05:29:40Z</time></trkpt><trkpt lat="22.299623340524427" lon="114.25599342255784"><ele>-1.0892152296875692</ele><time>2023-03-11T05:29:42Z</time></trkpt><trkpt lat="22.29959663186758" lon="114.25599099646651"><ele>-1.4060813171568405</ele><time>2023-03-11T05:29:44Z</time></trkpt><trkpt lat="22.2995708566336" lon="114.25598725816701"><ele>-1.8946798511503846</ele><time>2023-03-11T05:29:46Z</time></trkpt><trkpt lat="22.29954587390265" lon="114.25598082751357"><ele>-2.118795945697078</ele><time>2023-03-11T05:29:48Z</time></trkpt><trkpt lat="22.299522554995864" lon="114.25597655798717"><ele>-2.1741031118165015</ele><time>2023-03-11T05:29:50Z</time></trkpt><trkpt lat="22.299498400010183" lon="114.25598043048178"><ele>-2.3406774499635006</ele><time>2023-03-11T05:29:52Z</time></trkpt><trkpt lat="22.299470465498704" lon="114.25598224675075"><ele>-2.5411772637806362</ele><time>2023-03-11T05:29:54Z</time></trkpt><trkpt lat="22.2994448354435" lon="114.25598209330091"><ele>-2.5354122393024716</ele><time>2023-03-11T05:29:56Z</time></trkpt><trkpt lat="22.299423178060202" lon="114.25597979696698"><ele>-2.5119780274818866</ele><time>2023-03-11T05:29:58Z</time></trkpt><trkpt lat="22.29940173016512" lon="114.2559814731115"><ele>-2.51073253332945</ele><time>2023-03-11T05:30:00Z</time></trkpt><trkpt lat="22.299379227055766" lon="114.25598714589488"><ele>-2.405448498129065</ele><time>2023-03-11T05:30:02Z</time></trkpt><trkpt lat="22.299356085135624" lon="114.25598855223292"><ele>-2.415662542236703</ele><time>2023-03-11T05:30:04Z</time></trkpt><trkpt lat="22.299336257038537" lon="114.25598464935888"><ele>-2.4368712198091504</ele><time>2023-03-11T05:30:06Z</time></trkpt><trkpt lat="22.299314014788795" lon="114.25598139627216"><ele>-2.4152875473801023</ele><time>2023-03-11T05:30:08Z</time></trkpt><trkpt lat="22.29929350370531" lon="114.25597864614194"><ele>-2.4832673732857904</ele><time>2023-03-11T05:30:10Z</time></trkpt><trkpt lat="22.299268319456697" lon="114.2559787225234"><ele>-2.5563310500654146</ele><time>2023-03-11T05:30:12Z</time></trkpt><trkpt lat="22.299244625782315" lon="114.25598337428089"><ele>-2.9122647556504493</ele><time>2023-03-11T05:30:14Z</time></trkpt><trkpt lat="22.29921734790262" lon="114.25598559421229"><ele>-2.8755604664325305</ele><time>2023-03-11T05:30:16Z</time></trkpt><trkpt lat="22.299191942254552" lon="114.25598716961267"><ele>-2.8723960911259434</ele><time>2023-03-11T05:30:18Z</time></trkpt><trkpt lat="22.299170777888012" lon="114.25598527115402"><ele>-3.1149726019075588</ele><time>2023-03-11T05:30:20Z</time></trkpt><trkpt lat="22.299149422977088" lon="114.25598253521669"><ele>-2.83770035951994</ele><time>2023-03-11T05:30:22Z</time></trkpt><trkpt lat="22.299127260497134" lon="114.25597916254081"><ele>-2.855477070864047</ele><time>2023-03-11T05:30:24Z</time></trkpt><trkpt lat="22.299105341898475" lon="114.25597430701244"><ele>-2.8976542043297395</ele><time>2023-03-11T05:30:26Z</time></trkpt><trkpt lat="22.299081947375942" lon="114.25597411655403"><ele>-3.0604175578458035</ele><time>2023-03-11T05:30:28Z</time></trkpt><trkpt lat="22.299054746102428" lon="114.25597831872952"><ele>-3.1593793609203256</ele><time>2023-03-11T05:30:30Z</time></trkpt><trkpt lat="22.299029973386677" lon="114.25597792042555"><ele>-3.172764086631096</ele><time>2023-03-11T05:30:32Z</time></trkpt><trkpt lat="22.299006325934773" lon="114.25597662144706"><ele>-2.7505271854962583</ele><time>2023-03-11T05:30:34Z</time></trkpt><trkpt lat="22.298982259153135" lon="114.25597373173669"><ele>-2.3775858637434655</ele><time>2023-03-11T05:30:36Z</time></trkpt><trkpt lat="22.298958885679582" lon="114.25596959643865"><ele>-2.253787863523087</ele><time>2023-03-11T05:30:38Z</time></trkpt><trkpt lat="22.298937940685466" lon="114.25597193177124"><ele>-2.320795371595231</ele><time>2023-03-11T05:30:40Z</time></trkpt><trkpt lat="22.298912578562945" lon="114.25597606950683"><ele>-2.3650293622644716</ele><time>2023-03-11T05:30:42Z</time></trkpt><trkpt lat="22.29888525368201" lon="114.25597558125123"><ele>-2.4254176855633074</ele><time>2023-03-11T05:30:44Z</time></trkpt><trkpt lat="22.298855357346895" lon="114.25597618085438"><ele>-2.522227212459243</ele><time>2023-03-11T05:30:46Z</time></trkpt><trkpt lat="22.29882755761895" lon="114.25597633904673"><ele>-2.4283372549621194</ele><time>2023-03-11T05:30:48Z</time></trkpt><trkpt lat="22.298801151950332" lon="114.25597669424164"><ele>-2.1865041597711716</ele><time>2023-03-11T05:30:50Z</time></trkpt><trkpt lat="22.298776672444024" lon="114.25597236061529"><ele>-2.118614516428169</ele><time>2023-03-11T05:30:52Z</time></trkpt><trkpt lat="22.298755935874226" lon="114.25596761790345"><ele>-1.7308946407673949</ele><time>2023-03-11T05:30:54Z</time></trkpt><trkpt lat="22.298736268683612" lon="114.2559651759469"><ele>-1.407453785959341</ele><time>2023-03-11T05:30:56Z</time></trkpt><trkpt lat="22.2987154790337" lon="114.25596131912826"><ele>-1.2179522211503566</ele><time>2023-03-11T05:30:58Z</time></trkpt><trkpt lat="22.298693059240737" lon="114.25595886141637"><ele>-1.0694251551299236</ele><time>2023-03-11T05:31:00Z</time></trkpt><trkpt lat="22.298668522540787" lon="114.25596112572953"><ele>-0.8815885732518862</ele><time>2023-03-11T05:31:02Z</time></trkpt><trkpt lat="22.29864550833529" lon="114.25596708987933"><ele>-0.746933934218981</ele><time>2023-03-11T05:31:04Z</time></trkpt><trkpt lat="22.29862444072572" lon="114.25597110625985"><ele>-0.6619614310746972</ele><time>2023-03-11T05:31:06Z</time></trkpt><trkpt lat="22.298599255084667" lon="114.25597218722312"><ele>-0.6212683116600524</ele><time>2023-03-11T05:31:08Z</time></trkpt><trkpt lat="22.298574878182343" lon="114.25597065926033"><ele>-0.6535315406783678</ele><time>2023-03-11T05:31:10Z</time></trkpt><trkpt lat="22.298548762384502" lon="114.25596569485188"><ele>-0.5402501055558072</ele><time>2023-03-11T05:31:12Z</time></trkpt><trkpt lat="22.29852322350934" lon="114.25596312707816"><ele>-0.5879468493334795</ele><time>2023-03-11T05:31:14Z</time></trkpt><trkpt lat="22.298497213189158" lon="114.25596057740616"><ele>-0.3632474551600226</ele><time>2023-03-11T05:31:16Z</time></trkpt><trkpt lat="22.298472085902983" lon="114.2559590768447"><ele>-0.28553303492136467</ele><time>2023-03-11T05:31:18Z</time></trkpt><trkpt lat="22.29844901912317" lon="114.25595550580226"><ele>-0.20575950740307708</ele><time>2023-03-11T05:31:20Z</time></trkpt><trkpt lat="22.29842818532952" lon="114.25595012467409"><ele>-0.1079539193387115</ele><time>2023-03-11T05:31:22Z</time></trkpt><trkpt lat="22.29840417396722" lon="114.25594925338572"><ele>-0.28763942107874374</ele><time>2023-03-11T05:31:24Z</time></trkpt><trkpt lat="22.298384400687496" lon="114.25595244234474"><ele>-0.11127329943781226</ele><time>2023-03-11T05:31:26Z</time></trkpt><trkpt lat="22.29836691310785" lon="114.2559617831956"><ele>-0.06884988787214734</ele><time>2023-03-11T05:31:28Z</time></trkpt><trkpt lat="22.298350494936436" lon="114.25597807764858"><ele>-0.03546396670817528</ele><time>2023-03-11T05:31:30Z</time></trkpt><trkpt lat="22.29833277557439" lon="114.25599669176641"><ele>-0.13894694771564256</ele><time>2023-03-11T05:31:32Z</time></trkpt><trkpt lat="22.298315569819447" lon="114.2560095168203"><ele>0.2547712162127964</ele><time>2023-03-11T05:31:34Z</time></trkpt><trkpt lat="22.298301887577175" lon="114.25599452460646"><ele>0.29247236966539586</ele><time>2023-03-11T05:31:48Z</time></trkpt><trkpt lat="22.298290331617714" lon="114.2559705163262"><ele>0.04101929358489842</ele><time>2023-03-11T05:31:50Z</time></trkpt><trkpt lat="22.29828299962132" lon="114.25594977958683"><ele>-0.24605211502035423</ele><time>2023-03-11T05:31:52Z</time></trkpt><trkpt lat="22.298262700977592" lon="114.25594643756538"><ele>0.008423660766949148</ele><time>2023-03-11T05:31:54Z</time></trkpt><trkpt lat="22.298225488422784" lon="114.2559598170489"><ele>0.014191857303393385</ele><time>2023-03-11T05:31:56Z</time></trkpt><trkpt lat="22.298192747063183" lon="114.25596791474337"><ele>-0.06806719925160737</ele><time>2023-03-11T05:31:58Z</time></trkpt><trkpt lat="22.298153774880745" lon="114.2559848254254"><ele>0.8155231763666437</ele><time>2023-03-11T05:32:02Z</time></trkpt><trkpt lat="22.298133595609958" lon="114.25597903719127"><ele>1.309585249237648</ele><time>2023-03-11T05:32:04Z</time></trkpt><trkpt lat="22.298099919212973" lon="114.25597259962684"><ele>1.595255258696482</ele><time>2023-03-11T05:32:08Z</time></trkpt><trkpt lat="22.29807950014447" lon="114.25597525105597"><ele>1.289472477579146</ele><time>2023-03-11T05:32:10Z</time></trkpt><trkpt lat="22.298060442346326" lon="114.2559787029522"><ele>1.1852734775013802</ele><time>2023-03-11T05:32:12Z</time></trkpt><trkpt lat="22.298039285565814" lon="114.25598011898602"><ele>0.8865447731205442</ele><time>2023-03-11T05:32:14Z</time></trkpt><trkpt lat="22.29801532376488" lon="114.25598100903534"><ele>0.8584786412461499</ele><time>2023-03-11T05:32:16Z</time></trkpt><trkpt lat="22.29798920172929" lon="114.25598003338375"><ele>0.7807450039360759</ele><time>2023-03-11T05:32:18Z</time></trkpt><trkpt lat="22.29796606969212" lon="114.25597480717916"><ele>0.7537945757057295</ele><time>2023-03-11T05:32:20Z</time></trkpt><trkpt lat="22.297947024779972" lon="114.25597528480371"><ele>0.5462814443993883</ele><time>2023-03-11T05:32:22Z</time></trkpt><trkpt lat="22.297924391393355" lon="114.25598129415309"><ele>0.39028778139613535</ele><time>2023-03-11T05:32:24Z</time></trkpt><trkpt lat="22.297901906616598" lon="114.25598266185483"><ele>0.3985541956966662</ele><time>2023-03-11T05:32:26Z</time></trkpt><trkpt lat="22.29787870113703" lon="114.25598524798373"><ele>0.3935021627888033</ele><time>2023-03-11T05:32:28Z</time></trkpt><trkpt lat="22.297852749901207" lon="114.25598644854387"><ele>0.4422966372403578</ele><time>2023-03-11T05:32:30Z</time></trkpt><trkpt lat="22.297829961682044" lon="114.25598679734468"><ele>0.423292267752416</ele><time>2023-03-11T05:32:32Z</time></trkpt><trkpt lat="22.29780817906372" lon="114.2559924395079"><ele>0.5080104866865883</ele><time>2023-03-11T05:32:34Z</time></trkpt><trkpt lat="22.29777344354201" lon="114.25599914831291"><ele>-0.006587991198070034</ele><time>2023-03-11T05:32:38Z</time></trkpt><trkpt lat="22.297750972233853" lon="114.25599892594545"><ele>0.03941846777332619</ele><time>2023-03-11T05:32:40Z</time></trkpt><trkpt lat="22.29772661423717" lon="114.25599745709957"><ele>0.004701786685465788</ele><time>2023-03-11T05:32:42Z</time></trkpt><trkpt lat="22.29770302610431" lon="114.25599717810199"><ele>-0.05093090674585149</ele><time>2023-03-11T05:32:44Z</time></trkpt><trkpt lat="22.297678431949837" lon="114.25599864149143"><ele>-0.09648740669977582</ele><time>2023-03-11T05:32:46Z</time></trkpt><trkpt lat="22.297652446957457" lon="114.25599960999656"><ele>-0.030081886928171483</ele><time>2023-03-11T05:32:48Z</time></trkpt><trkpt lat="22.297629366448685" lon="114.25600536309405"><ele>0.015325417519512899</ele><time>2023-03-11T05:32:50Z</time></trkpt><trkpt lat="22.297604271651306" lon="114.25600902330193"><ele>0.2025336031196734</ele><time>2023-03-11T05:32:52Z</time></trkpt><trkpt lat="22.29758235848274" lon="114.25600626034176"><ele>0.2195727698464772</ele><time>2023-03-11T05:32:54Z</time></trkpt><trkpt lat="22.297563638257436" lon="114.25600524882692"><ele>0.2292007759316834</ele><time>2023-03-11T05:32:56Z</time></trkpt><trkpt lat="22.297539836073554" lon="114.25600713909675"><ele>0.20780235331479494</ele><time>2023-03-11T05:32:58Z</time></trkpt><trkpt lat="22.297513516490792" lon="114.256008000995"><ele>0.2038279967984444</ele><time>2023-03-11T05:33:00Z</time></trkpt><trkpt lat="22.297489154670156" lon="114.25601166284046"><ele>0.2776055987524261</ele><time>2023-03-11T05:33:02Z</time></trkpt><trkpt lat="22.297465466896607" lon="114.25601680860504"><ele>0.07139199753359869</ele><time>2023-03-11T05:33:04Z</time></trkpt><trkpt lat="22.297443502805308" lon="114.25602022387459"><ele>-0.06412838000458942</ele><time>2023-03-11T05:33:06Z</time></trkpt><trkpt lat="22.297422582917136" lon="114.2560300196373"><ele>-0.01956221299436099</ele><time>2023-03-11T05:33:08Z</time></trkpt><trkpt lat="22.297402785495287" lon="114.25603767564819"><ele>0.029321107931257293</ele><time>2023-03-11T05:33:10Z</time></trkpt><trkpt lat="22.297383531599987" lon="114.25604345551113"><ele>-0.08892132014799801</ele><time>2023-03-11T05:33:12Z</time></trkpt><trkpt lat="22.297364955947447" lon="114.25604659822882"><ele>-0.05607577969964084</ele><time>2023-03-11T05:33:14Z</time></trkpt><trkpt lat="22.297340679260035" lon="114.25605104441283"><ele>0.21632030932898966</ele><time>2023-03-11T05:33:16Z</time></trkpt><trkpt lat="22.297316243681824" lon="114.25606358845504"><ele>0.05254177326975696</ele><time>2023-03-11T05:33:18Z</time></trkpt><trkpt lat="22.29729112005506" lon="114.25607469400218"><ele>0.5014686097618688</ele><time>2023-03-11T05:33:20Z</time></trkpt><trkpt lat="22.297265432531912" lon="114.25608430914232"><ele>0.8521348887932063</ele><time>2023-03-11T05:33:22Z</time></trkpt><trkpt lat="22.297237865689755" lon="114.25609393648158"><ele>1.4454663275119077</ele><time>2023-03-11T05:33:24Z</time></trkpt><trkpt lat="22.297210571885614" lon="114.25610234868931"><ele>1.9062202637695433</ele><time>2023-03-11T05:33:26Z</time></trkpt><trkpt lat="22.2971859657061" lon="114.25611399941681"><ele>2.3385515444552833</ele><time>2023-03-11T05:33:28Z</time></trkpt><trkpt lat="22.29716225721508" lon="114.2561229840278"><ele>2.7086645469717348</ele><time>2023-03-11T05:33:30Z</time></trkpt><trkpt lat="22.29713881575422" lon="114.25613085630778"><ele>2.7752107816787133</ele><time>2023-03-11T05:33:32Z</time></trkpt><trkpt lat="22.297115001338124" lon="114.25614277254267"><ele>2.5939154125529664</ele><time>2023-03-11T05:33:34Z</time></trkpt><trkpt lat="22.297094979350707" lon="114.25614947099298"><ele>2.6077208525968305</ele><time>2023-03-11T05:33:36Z</time></trkpt><trkpt lat="22.29707369922912" lon="114.25615877529758"><ele>2.6321187768252297</ele><time>2023-03-11T05:33:38Z</time></trkpt><trkpt lat="22.29705157599121" lon="114.25616883074835"><ele>2.4440924620457767</ele><time>2023-03-11T05:33:40Z</time></trkpt><trkpt lat="22.297027539085082" lon="114.25618024152014"><ele>1.9592663070696374</ele><time>2023-03-11T05:33:42Z</time></trkpt><trkpt lat="22.297005851391706" lon="114.25619335451172"><ele>1.6330285249152112</ele><time>2023-03-11T05:33:44Z</time></trkpt><trkpt lat="22.29698399671345" lon="114.25620349972704"><ele>1.737063110689444</ele><time>2023-03-11T05:33:46Z</time></trkpt><trkpt lat="22.296961364907855" lon="114.25621582480105"><ele>1.587094321027346</ele><time>2023-03-11T05:33:48Z</time></trkpt><trkpt lat="22.29693955586815" lon="114.25622802448486"><ele>1.7263845550765184</ele><time>2023-03-11T05:33:50Z</time></trkpt><trkpt lat="22.296917869104348" lon="114.25623292999275"><ele>1.913194496356223</ele><time>2023-03-11T05:33:52Z</time></trkpt><trkpt lat="22.29689512580592" lon="114.25624093655583"><ele>2.204807726374971</ele><time>2023-03-11T05:33:54Z</time></trkpt><trkpt lat="22.296870635982508" lon="114.25624830894012"><ele>2.1519733958535125</ele><time>2023-03-11T05:33:56Z</time></trkpt><trkpt lat="22.296844760572412" lon="114.25625676095213"><ele>2.2577604616553413</ele><time>2023-03-11T05:33:58Z</time></trkpt><trkpt lat="22.296820557943537" lon="114.25626455100355"><ele>2.5903056438029317</ele><time>2023-03-11T05:34:00Z</time></trkpt><trkpt lat="22.296799811254342" lon="114.25627802970453"><ele>2.4304728257466452</ele><time>2023-03-11T05:34:02Z</time></trkpt><trkpt lat="22.296782262208538" lon="114.25628943419088"><ele>2.0218247823130744</ele><time>2023-03-11T05:34:04Z</time></trkpt><trkpt lat="22.29676549990153" lon="114.2563029104157"><ele>1.9636180720741396</ele><time>2023-03-11T05:34:06Z</time></trkpt><trkpt lat="22.296749592435624" lon="114.25631714718143"><ele>1.9602428795231657</ele><time>2023-03-11T05:34:08Z</time></trkpt><trkpt lat="22.296731243922085" lon="114.25633509765953"><ele>2.121046982272705</ele><time>2023-03-11T05:34:10Z</time></trkpt><trkpt lat="22.296710878942246" lon="114.25634986014695"><ele>2.3602488304313023</ele><time>2023-03-11T05:34:12Z</time></trkpt><trkpt lat="22.296692031036798" lon="114.2563603832945"><ele>2.739568651869931</ele><time>2023-03-11T05:34:14Z</time></trkpt><trkpt lat="22.29667549869789" lon="114.2563717462446"><ele>2.9689576362117904</ele><time>2023-03-11T05:34:16Z</time></trkpt><trkpt lat="22.296655458777003" lon="114.25638409620113"><ele>2.9711338396652263</ele><time>2023-03-11T05:34:18Z</time></trkpt><trkpt lat="22.296631995704065" lon="114.25639432774108"><ele>2.9325517535013232</ele><time>2023-03-11T05:34:20Z</time></trkpt><trkpt lat="22.296611388149373" lon="114.25640329802641"><ele>2.943804882192269</ele><time>2023-03-11T05:34:22Z</time></trkpt><trkpt lat="22.296590542475762" lon="114.2564134880798"><ele>3.040450076151559</ele><time>2023-03-11T05:34:24Z</time></trkpt><trkpt lat="22.296572393300416" lon="114.25642422282849"><ele>2.9206374132964084</ele><time>2023-03-11T05:34:26Z</time></trkpt><trkpt lat="22.29655282594421" lon="114.25643238708275"><ele>2.7803432744529384</ele><time>2023-03-11T05:34:28Z</time></trkpt><trkpt lat="22.29652972192899" lon="114.25643899586699"><ele>2.9582008655062295</ele><time>2023-03-11T05:34:30Z</time></trkpt><trkpt lat="22.296507131519704" lon="114.25644689869821"><ele>3.3137055321846125</ele><time>2023-03-11T05:34:32Z</time></trkpt><trkpt lat="22.296483209292735" lon="114.25645513376908"><ele>3.273426347462989</ele><time>2023-03-11T05:34:34Z</time></trkpt><trkpt lat="22.29646128569755" lon="114.25647039353727"><ele>3.320196564979894</ele><time>2023-03-11T05:34:36Z</time></trkpt><trkpt lat="22.296442575318803" lon="114.25648599370648"><ele>3.443156153631289</ele><time>2023-03-11T05:34:38Z</time></trkpt><trkpt lat="22.2964251613674" lon="114.25650253625226"><ele>3.4246719482728345</ele><time>2023-03-11T05:34:40Z</time></trkpt><trkpt lat="22.29640918963524" lon="114.25651750359911"><ele>3.1569240397344434</ele><time>2023-03-11T05:34:42Z</time></trkpt><trkpt lat="22.296390563112432" lon="114.25653355113897"><ele>3.10791421943597</ele><time>2023-03-11T05:34:44Z</time></trkpt><trkpt lat="22.29636815234864" lon="114.2565491907297"><ele>3.2085028923278647</ele><time>2023-03-11T05:34:46Z</time></trkpt><trkpt lat="22.29634278491831" lon="114.25656667798165"><ele>3.370200006318965</ele><time>2023-03-11T05:34:48Z</time></trkpt><trkpt lat="22.296315330658995" lon="114.25657853945079"><ele>3.5285650264083612</ele><time>2023-03-11T05:34:50Z</time></trkpt><trkpt lat="22.296289842475556" lon="114.25658980871013"><ele>3.6835961226335456</ele><time>2023-03-11T05:34:52Z</time></trkpt><trkpt lat="22.296266369926926" lon="114.25660494922431"><ele>3.648519442007024</ele><time>2023-03-11T05:34:54Z</time></trkpt><trkpt lat="22.29624200812631" lon="114.2566229067239"><ele>3.516093128974415</ele><time>2023-03-11T05:34:56Z</time></trkpt><trkpt lat="22.29621722630533" lon="114.25663994087526"><ele>3.685761057907309</ele><time>2023-03-11T05:34:58Z</time></trkpt><trkpt lat="22.29619626367602" lon="114.256655797915"><ele>3.695191031810403</ele><time>2023-03-11T05:35:00Z</time></trkpt><trkpt lat="22.296174197423987" lon="114.2566704761901"><ele>3.767572066346808</ele><time>2023-03-11T05:35:02Z</time></trkpt><trkpt lat="22.29615306288093" lon="114.25668026875704"><ele>4.137442172170557</ele><time>2023-03-11T05:35:04Z</time></trkpt><trkpt lat="22.296132936256278" lon="114.25669146622857"><ele>4.509534022714046</ele><time>2023-03-11T05:35:06Z</time></trkpt><trkpt lat="22.296114766120986" lon="114.25670013070136"><ele>4.859306267124127</ele><time>2023-03-11T05:35:08Z</time></trkpt><trkpt lat="22.296096821262395" lon="114.25671092910707"><ele>5.084948841617686</ele><time>2023-03-11T05:35:10Z</time></trkpt><trkpt lat="22.29607798496898" lon="114.2567233909304"><ele>5.1773326657888825</ele><time>2023-03-11T05:35:12Z</time></trkpt><trkpt lat="22.296056713484482" lon="114.25673400239782"><ele>4.923974331011066</ele><time>2023-03-11T05:35:14Z</time></trkpt><trkpt lat="22.296035744309513" lon="114.25674349256325"><ele>4.702094117686086</ele><time>2023-03-11T05:35:16Z</time></trkpt><trkpt lat="22.29601418774889" lon="114.25675248076763"><ele>4.562541057059089</ele><time>2023-03-11T05:35:18Z</time></trkpt><trkpt lat="22.295994900866184" lon="114.25676474953934"><ele>4.516467747395763</ele><time>2023-03-11T05:35:20Z</time></trkpt><trkpt lat="22.295976465674254" lon="114.25677783352992"><ele>4.64863417148478</ele><time>2023-03-11T05:35:22Z</time></trkpt><trkpt lat="22.295958441652523" lon="114.25678872301366"><ele>4.7075758487167105</ele><time>2023-03-11T05:35:24Z</time></trkpt><trkpt lat="22.29593901363694" lon="114.2568013201264"><ele>4.941318369385264</ele><time>2023-03-11T05:35:26Z</time></trkpt><trkpt lat="22.29591988454666" lon="114.25681646347026"><ele>5.343514644885662</ele><time>2023-03-11T05:35:28Z</time></trkpt><trkpt lat="22.295901269739716" lon="114.25682927853684"><ele>5.633176926913669</ele><time>2023-03-11T05:35:30Z</time></trkpt><trkpt lat="22.295879407261413" lon="114.25684763741727"><ele>5.805606304943458</ele><time>2023-03-11T05:35:32Z</time></trkpt><trkpt lat="22.29585698602651" lon="114.25686509625643"><ele>6.057120905189301</ele><time>2023-03-11T05:35:34Z</time></trkpt><trkpt lat="22.295834650376804" lon="114.25688109758838"><ele>6.239331212876048</ele><time>2023-03-11T05:35:36Z</time></trkpt><trkpt lat="22.2958118721621" lon="114.25689451621514"><ele>6.633955775270568</ele><time>2023-03-11T05:35:38Z</time></trkpt><trkpt lat="22.29579055649445" lon="114.25691052242567"><ele>6.994768283662328</ele><time>2023-03-11T05:35:40Z</time></trkpt><trkpt lat="22.295771337659957" lon="114.2569255776285"><ele>7.290256126994014</ele><time>2023-03-11T05:35:42Z</time></trkpt><trkpt lat="22.29575168436642" lon="114.25693924036568"><ele>7.495544209950589</ele><time>2023-03-11T05:35:44Z</time></trkpt><trkpt lat="22.295731524863964" lon="114.25694757810687"><ele>7.4948096470572</ele><time>2023-03-11T05:35:46Z</time></trkpt><trkpt lat="22.29571412521545" lon="114.2569593507393"><ele>7.769831153674747</ele><time>2023-03-11T05:35:48Z</time></trkpt><trkpt lat="22.29569654534102" lon="114.25697231084925"><ele>7.958543059756226</ele><time>2023-03-11T05:35:50Z</time></trkpt><trkpt lat="22.295676748686937" lon="114.25698660333157"><ele>7.864098681378688</ele><time>2023-03-11T05:35:52Z</time></trkpt><trkpt lat="22.29565513022561" lon="114.25700125997155"><ele>7.74284075157729</ele><time>2023-03-11T05:35:54Z</time></trkpt><trkpt lat="22.295633986560528" lon="114.25702148301937"><ele>7.649064921052078</ele><time>2023-03-11T05:35:56Z</time></trkpt><trkpt lat="22.295612597476755" lon="114.25704271124965"><ele>7.656402492313182</ele><time>2023-03-11T05:35:58Z</time></trkpt><trkpt lat="22.295590416921417" lon="114.2570595918216"><ele>7.615250171697564</ele><time>2023-03-11T05:36:00Z</time></trkpt><trkpt lat="22.295568361691057" lon="114.25707629009135"><ele>7.4987366767941195</ele><time>2023-03-11T05:36:02Z</time></trkpt><trkpt lat="22.295551254124813" lon="114.25708904447865"><ele>7.54215019254994</ele><time>2023-03-11T05:36:04Z</time></trkpt><trkpt lat="22.2955341709219" lon="114.2571055676904"><ele>7.400704274861944</ele><time>2023-03-11T05:36:06Z</time></trkpt><trkpt lat="22.295517162783533" lon="114.25712477269944"><ele>7.546462932733528</ele><time>2023-03-11T05:36:08Z</time></trkpt><trkpt lat="22.29549910740351" lon="114.25714313307228"><ele>7.397632559660884</ele><time>2023-03-11T05:36:10Z</time></trkpt><trkpt lat="22.295479889199015" lon="114.25715783300558"><ele>7.493046470151503</ele><time>2023-03-11T05:36:12Z</time></trkpt><trkpt lat="22.2954579927459" lon="114.25717239538996"><ele>7.652052125256335</ele><time>2023-03-11T05:36:14Z</time></trkpt><trkpt lat="22.295437680035178" lon="114.25718687339443"><ele>7.299930170132778</ele><time>2023-03-11T05:36:16Z</time></trkpt><trkpt lat="22.29541885872798" lon="114.25720131234566"><ele>7.004013443205781</ele><time>2023-03-11T05:36:18Z</time></trkpt><trkpt lat="22.295401313471444" lon="114.25721830099289"><ele>6.807933124815938</ele><time>2023-03-11T05:36:20Z</time></trkpt><trkpt lat="22.295386860499466" lon="114.25723074803275"><ele>6.693145954782408</ele><time>2023-03-11T05:36:22Z</time></trkpt><trkpt lat="22.295360808399337" lon="114.25725407233602"><ele>7.184582653133177</ele><time>2023-03-11T05:36:26Z</time></trkpt><trkpt lat="22.29534192918328" lon="114.25726712314551"><ele>7.595478332539982</ele><time>2023-03-11T05:36:28Z</time></trkpt><trkpt lat="22.29532326308008" lon="114.25728277967737"><ele>7.825983309402918</ele><time>2023-03-11T05:36:30Z</time></trkpt><trkpt lat="22.295304021315836" lon="114.2573037497956"><ele>7.839448376111531</ele><time>2023-03-11T05:36:32Z</time></trkpt><trkpt lat="22.295285379161776" lon="114.25732174620246"><ele>7.685808155942134</ele><time>2023-03-11T05:36:34Z</time></trkpt><trkpt lat="22.295269473861165" lon="114.25733699111669"><ele>7.755250004038417</ele><time>2023-03-11T05:36:36Z</time></trkpt><trkpt lat="22.295253582073094" lon="114.25735276337593"><ele>7.688802043917901</ele><time>2023-03-11T05:36:38Z</time></trkpt><trkpt lat="22.29524014097455" lon="114.2573715115896"><ele>7.657182640849692</ele><time>2023-03-11T05:36:40Z</time></trkpt><trkpt lat="22.29522484905267" lon="114.25739295938729"><ele>7.711450427015989</ele><time>2023-03-11T05:36:42Z</time></trkpt><trkpt lat="22.295206479397834" lon="114.25741623681415"><ele>7.701237669448201</ele><time>2023-03-11T05:36:44Z</time></trkpt><trkpt lat="22.295190215102775" lon="114.2574454679383"><ele>7.500450404883338</ele><time>2023-03-11T05:36:46Z</time></trkpt><trkpt lat="22.295174943657244" lon="114.2574704356672"><ele>7.49491540822307</ele><time>2023-03-11T05:36:48Z</time></trkpt><trkpt lat="22.29516125994793" lon="114.25749184530618"><ele>7.435453908716956</ele><time>2023-03-11T05:36:50Z</time></trkpt><trkpt lat="22.295147433266678" lon="114.25751127245346"><ele>7.416368333225303</ele><time>2023-03-11T05:36:52Z</time></trkpt><trkpt lat="22.29513565569478" lon="114.25753044868283"><ele>7.438227685555811</ele><time>2023-03-11T05:36:54Z</time></trkpt><trkpt lat="22.295124156391523" lon="114.25754765244736"><ele>7.384512434086663</ele><time>2023-03-11T05:36:56Z</time></trkpt><trkpt lat="22.295112062114114" lon="114.25756258799154"><ele>7.550832833031685</ele><time>2023-03-11T05:36:58Z</time></trkpt><trkpt lat="22.295086677815934" lon="114.25759605006864"><ele>8.149630618382398</ele><time>2023-03-11T05:37:02Z</time></trkpt><trkpt lat="22.295074559563762" lon="114.25761790224539"><ele>8.344420565565647</ele><time>2023-03-11T05:37:04Z</time></trkpt><trkpt lat="22.295059895723654" lon="114.25764082596525"><ele>8.210592479907532</ele><time>2023-03-11T05:37:06Z</time></trkpt><trkpt lat="22.295050927640805" lon="114.25766005789514"><ele>8.104191097911263</ele><time>2023-03-11T05:37:08Z</time></trkpt><trkpt lat="22.29504092292909" lon="114.257681361277"><ele>7.847427605442207</ele><time>2023-03-11T05:37:10Z</time></trkpt><trkpt lat="22.295029997058762" lon="114.25770415853354"><ele>7.8553736739452065</ele><time>2023-03-11T05:37:12Z</time></trkpt><trkpt lat="22.295016171137497" lon="114.25772713325746"><ele>7.836795161293416</ele><time>2023-03-11T05:37:14Z</time></trkpt><trkpt lat="22.295003124495913" lon="114.25774540739006"><ele>7.809349844354334</ele><time>2023-03-11T05:37:16Z</time></trkpt><trkpt lat="22.294989411938516" lon="114.25776662773548"><ele>7.834774142664798</ele><time>2023-03-11T05:37:18Z</time></trkpt><trkpt lat="22.294975963568245" lon="114.25778979695873"><ele>8.029894051490745</ele><time>2023-03-11T05:37:20Z</time></trkpt><trkpt lat="22.29495931844824" lon="114.25781389033945"><ele>8.216155893304057</ele><time>2023-03-11T05:37:22Z</time></trkpt><trkpt lat="22.294945319223128" lon="114.25783661979065"><ele>8.081980116068387</ele><time>2023-03-11T05:37:24Z</time></trkpt><trkpt lat="22.29493097091279" lon="114.25785919063672"><ele>7.91422732577343</ele><time>2023-03-11T05:37:26Z</time></trkpt><trkpt lat="22.29492048167896" lon="114.25787842962978"><ele>7.643012435228622</ele><time>2023-03-11T05:37:28Z</time></trkpt><trkpt lat="22.29491087072278" lon="114.25789846247262"><ele>7.36215312998187</ele><time>2023-03-11T05:37:30Z</time></trkpt><trkpt lat="22.294898697732904" lon="114.25791598060675"><ele>7.320074759566835</ele><time>2023-03-11T05:37:32Z</time></trkpt><trkpt lat="22.29488724157345" lon="114.25793552097012"><ele>7.561396821836319</ele><time>2023-03-11T05:37:34Z</time></trkpt><trkpt lat="22.294876111071748" lon="114.25795892126325"><ele>7.72518983141972</ele><time>2023-03-11T05:37:36Z</time></trkpt><trkpt lat="22.29487123939404" lon="114.2579940584767"><ele>8.123871724839955</ele><time>2023-03-11T05:37:38Z</time></trkpt><trkpt lat="22.29486436414573" lon="114.25802331764366"><ele>9.150056396617526</ele><time>2023-03-11T05:37:40Z</time></trkpt><trkpt lat="22.294856956595208" lon="114.25804653256705"><ele>9.755543831847179</ele><time>2023-03-11T05:37:42Z</time></trkpt><trkpt lat="22.294851221530156" lon="114.25806899754713"><ele>10.634050875788951</ele><time>2023-03-11T05:37:44Z</time></trkpt><trkpt lat="22.29484221829527" lon="114.25809085011181"><ele>11.459995996797133</ele><time>2023-03-11T05:37:46Z</time></trkpt><trkpt lat="22.294834691101702" lon="114.25810937712266"><ele>12.508722722768125</ele><time>2023-03-11T05:37:48Z</time></trkpt><trkpt lat="22.29481617940113" lon="114.25814204415732"><ele>14.638017525270483</ele><time>2023-03-11T05:37:52Z</time></trkpt><trkpt lat="22.294804495803465" lon="114.25816511719495"><ele>15.547310374395133</ele><time>2023-03-11T05:37:54Z</time></trkpt><trkpt lat="22.29479652267189" lon="114.25819156388529"><ele>16.05175376212037</ele><time>2023-03-11T05:37:56Z</time></trkpt><trkpt lat="22.29478913196433" lon="114.25821871589858"><ele>16.673724434937842</ele><time>2023-03-11T05:37:58Z</time></trkpt><trkpt lat="22.29477997793781" lon="114.2582430243131"><ele>17.116868707957224</ele><time>2023-03-11T05:38:00Z</time></trkpt><trkpt lat="22.294773148595958" lon="114.25826471474873"><ele>17.184803367828852</ele><time>2023-03-11T05:38:02Z</time></trkpt><trkpt lat="22.294767442098657" lon="114.25828830389882"><ele>16.899780337015727</ele><time>2023-03-11T05:38:04Z</time></trkpt><trkpt lat="22.294756147844925" lon="114.25830917828395"><ele>17.04582859229607</ele><time>2023-03-11T05:38:06Z</time></trkpt><trkpt lat="22.294741045470325" lon="114.25832606264281"><ele>17.11570339178505</ele><time>2023-03-11T05:38:08Z</time></trkpt><trkpt lat="22.294730282321947" lon="114.2583427365282"><ele>17.051586373430982</ele><time>2023-03-11T05:38:10Z</time></trkpt><trkpt lat="22.29472201390026" lon="114.25836034208359"><ele>17.058600532776524</ele><time>2023-03-11T05:38:12Z</time></trkpt><trkpt lat="22.29471031780294" lon="114.25837761039827"><ele>16.86668152247832</ele><time>2023-03-11T05:38:14Z</time></trkpt><trkpt lat="22.294691790649445" lon="114.25839564627792"><ele>16.815819383102312</ele><time>2023-03-11T05:38:16Z</time></trkpt><trkpt lat="22.294678227511735" lon="114.25841800930219"><ele>16.64777027038979</ele><time>2023-03-11T05:38:18Z</time></trkpt><trkpt lat="22.294668823467884" lon="114.25844405727065"><ele>16.631948285795282</ele><time>2023-03-11T05:38:20Z</time></trkpt><trkpt lat="22.29466315613785" lon="114.25846779094313"><ele>16.764570634774778</ele><time>2023-03-11T05:38:22Z</time></trkpt><trkpt lat="22.2946602922973" lon="114.25849095759706"><ele>16.99867916249016</ele><time>2023-03-11T05:38:24Z</time></trkpt><trkpt lat="22.29464860877097" lon="114.2585119628706"><ele>17.02596157198308</ele><time>2023-03-11T05:38:26Z</time></trkpt><trkpt lat="22.294635780112657" lon="114.25852694652765"><ele>17.242334254469267</ele><time>2023-03-11T05:38:28Z</time></trkpt><trkpt lat="22.29463672345509" lon="114.25856724380023"><ele>17.669839100209845</ele><time>2023-03-11T05:38:32Z</time></trkpt><trkpt lat="22.294631149863992" lon="114.25858646093215"><ele>17.396864659266562</ele><time>2023-03-11T05:38:34Z</time></trkpt><trkpt lat="22.294615604748856" lon="114.25860495801018"><ele>17.051460444934293</ele><time>2023-03-11T05:38:36Z</time></trkpt><trkpt lat="22.2945989389557" lon="114.25862534993539"><ele>16.602225959365892</ele><time>2023-03-11T05:38:38Z</time></trkpt><trkpt lat="22.29458326347625" lon="114.25863744329565"><ele>16.396058964320744</ele><time>2023-03-11T05:38:40Z</time></trkpt><trkpt lat="22.294579962924495" lon="114.25865739481083"><ele>17.966320894613194</ele><time>2023-03-11T05:38:52Z</time></trkpt><trkpt lat="22.294576844243196" lon="114.25867789822999"><ele>18.075991345127548</ele><time>2023-03-11T05:38:54Z</time></trkpt><trkpt lat="22.294572809231116" lon="114.25870473015445"><ele>17.851507685082296</ele><time>2023-03-11T05:38:56Z</time></trkpt><trkpt lat="22.29457868446619" lon="114.25873958437663"><ele>17.859367745558092</ele><time>2023-03-11T05:39:00Z</time></trkpt><trkpt lat="22.294579757563703" lon="114.25876680546313"><ele>17.79805579180703</ele><time>2023-03-11T05:39:02Z</time></trkpt><trkpt lat="22.2945617913459" lon="114.2587840303575"><ele>17.38992572335322</ele><time>2023-03-11T05:39:04Z</time></trkpt><trkpt lat="22.294544418452844" lon="114.25879207054196"><ele>17.302557443590267</ele><time>2023-03-11T05:39:06Z</time></trkpt><trkpt lat="22.294531884376173" lon="114.25880925812284"><ele>17.06426545238683</ele><time>2023-03-11T05:39:08Z</time></trkpt><trkpt lat="22.2945197360818" lon="114.25883353312585"><ele>17.203697949388324</ele><time>2023-03-11T05:39:10Z</time></trkpt><trkpt lat="22.294507858101852" lon="114.25885381141678"><ele>17.48859058733577</ele><time>2023-03-11T05:39:12Z</time></trkpt><trkpt lat="22.294490286189866" lon="114.25886715473685"><ele>17.33434612657132</ele><time>2023-03-11T05:39:14Z</time></trkpt><trkpt lat="22.294474160029246" lon="114.25888570174722"><ele>16.98948969485231</ele><time>2023-03-11T05:39:16Z</time></trkpt><trkpt lat="22.294459324468807" lon="114.25890518677824"><ele>16.866357273693367</ele><time>2023-03-11T05:39:18Z</time></trkpt><trkpt lat="22.294445288980732" lon="114.25892707127475"><ele>16.640057075293324</ele><time>2023-03-11T05:39:20Z</time></trkpt><trkpt lat="22.294433933902496" lon="114.25895040031821"><ele>16.383297176145064</ele><time>2023-03-11T05:39:22Z</time></trkpt><trkpt lat="22.294421905868447" lon="114.25897013428688"><ele>16.060803332759413</ele><time>2023-03-11T05:39:24Z</time></trkpt><trkpt lat="22.29441030822382" lon="114.25898668798243"><ele>15.82993024227327</ele><time>2023-03-11T05:39:26Z</time></trkpt><trkpt lat="22.294395445295272" lon="114.25901476598509"><ele>15.45255486173334</ele><time>2023-03-11T05:39:30Z</time></trkpt><trkpt lat="22.29438554338803" lon="114.25903574044602"><ele>15.177216945036959</ele><time>2023-03-11T05:39:32Z</time></trkpt><trkpt lat="22.294374593287014" lon="114.25905968805587"><ele>15.205623795622113</ele><time>2023-03-11T05:39:34Z</time></trkpt><trkpt lat="22.294363914927505" lon="114.25908479615822"><ele>15.187496670472658</ele><time>2023-03-11T05:39:36Z</time></trkpt><trkpt lat="22.29435280979382" lon="114.25910561907784"><ele>14.874449605176453</ele><time>2023-03-11T05:39:38Z</time></trkpt><trkpt lat="22.29434219629065" lon="114.2591282770096"><ele>14.66582775576053</ele><time>2023-03-11T05:39:40Z</time></trkpt><trkpt lat="22.294329841231505" lon="114.25915346763959"><ele>14.562049234211097</ele><time>2023-03-11T05:39:42Z</time></trkpt><trkpt lat="22.294316094052082" lon="114.2591765224965"><ele>14.537522505984334</ele><time>2023-03-11T05:39:44Z</time></trkpt><trkpt lat="22.29430712564124" lon="114.25919876466882"><ele>14.631801932608841</ele><time>2023-03-11T05:39:46Z</time></trkpt><trkpt lat="22.294299795470483" lon="114.25922228346853"><ele>14.577757279461503</ele><time>2023-03-11T05:39:48Z</time></trkpt><trkpt lat="22.29429441518395" lon="114.25924436679674"><ele>14.655114583796163</ele><time>2023-03-11T05:39:50Z</time></trkpt><trkpt lat="22.294284400259507" lon="114.25926532002481"><ele>14.603703419977196</ele><time>2023-03-11T05:39:52Z</time></trkpt><trkpt lat="22.294271409648257" lon="114.25928366424532"><ele>14.357346649969609</ele><time>2023-03-11T05:39:54Z</time></trkpt><trkpt lat="22.294259057033553" lon="114.25930414745544"><ele>14.099484089071554</ele><time>2023-03-11T05:39:56Z</time></trkpt><trkpt lat="22.29425003992735" lon="114.2593293739077"><ele>13.990261887369707</ele><time>2023-03-11T05:39:58Z</time></trkpt><trkpt lat="22.29424415592874" lon="114.25935315312992"><ele>13.895828926962954</ele><time>2023-03-11T05:40:00Z</time></trkpt><trkpt lat="22.29423941556854" lon="114.259379884864"><ele>14.214961410636027</ele><time>2023-03-11T05:40:02Z</time></trkpt><trkpt lat="22.29422974881385" lon="114.25940201230532"><ele>14.595682501631464</ele><time>2023-03-11T05:40:04Z</time></trkpt><trkpt lat="22.29421721561796" lon="114.25942384085518"><ele>15.01786029941531</ele><time>2023-03-11T05:40:06Z</time></trkpt><trkpt lat="22.294205707324366" lon="114.2594474383945"><ele>15.31422021031583</ele><time>2023-03-11T05:40:08Z</time></trkpt><trkpt lat="22.294201389979893" lon="114.25947115964507"><ele>15.742930627317573</ele><time>2023-03-11T05:40:10Z</time></trkpt><trkpt lat="22.2941921277874" lon="114.25951637665574"><ele>17.019289793395927</ele><time>2023-03-11T05:40:38Z</time></trkpt><trkpt lat="22.294184801544265" lon="114.2595451803704"><ele>16.98563734465955</ele><time>2023-03-11T05:40:40Z</time></trkpt><trkpt lat="22.294176215496847" lon="114.2595723179326"><ele>17.04111969426144</ele><time>2023-03-11T05:40:42Z</time></trkpt><trkpt lat="22.294169249222016" lon="114.25960307361638"><ele>17.34379536469675</ele><time>2023-03-11T05:40:44Z</time></trkpt><trkpt lat="22.294162658055722" lon="114.2596298363723"><ele>17.723233784879397</ele><time>2023-03-11T05:40:46Z</time></trkpt><trkpt lat="22.29415605959028" lon="114.25965714067976"><ele>17.993787802651976</ele><time>2023-03-11T05:40:48Z</time></trkpt><trkpt lat="22.294147351823238" lon="114.25968261088808"><ele>18.299664910940542</ele><time>2023-03-11T05:40:50Z</time></trkpt><trkpt lat="22.294138208806142" lon="114.25971576951683"><ele>18.37652316096515</ele><time>2023-03-11T05:40:52Z</time></trkpt><trkpt lat="22.29412777938378" lon="114.2597470563235"><ele>18.37282241248256</ele><time>2023-03-11T05:40:54Z</time></trkpt><trkpt lat="22.294114780096677" lon="114.25977559076416"><ele>18.244653704831617</ele><time>2023-03-11T05:40:56Z</time></trkpt><trkpt lat="22.294100789765874" lon="114.25979887928176"><ele>18.491353404003174</ele><time>2023-03-11T05:40:58Z</time></trkpt><trkpt lat="22.294090574400105" lon="114.25982188432617"><ele>18.89166867586484</ele><time>2023-03-11T05:41:00Z</time></trkpt><trkpt lat="22.29407896728067" lon="114.25983993658336"><ele>19.255400543627886</ele><time>2023-03-11T05:41:02Z</time></trkpt><trkpt lat="22.294065140868423" lon="114.25985917783863"><ele>19.55151897338485</ele><time>2023-03-11T05:41:04Z</time></trkpt><trkpt lat="22.294049177123966" lon="114.25988244565349"><ele>19.959268517111983</ele><time>2023-03-11T05:41:06Z</time></trkpt><trkpt lat="22.294029879800963" lon="114.25989788670161"><ele>20.19918136621731</ele><time>2023-03-11T05:41:08Z</time></trkpt><trkpt lat="22.294015043637867" lon="114.2599197222163"><ele>20.982658674475996</ele><time>2023-03-11T05:41:10Z</time></trkpt><trkpt lat="22.294005188933532" lon="114.25993793569246"><ele>21.49887898997665</ele><time>2023-03-11T05:41:14Z</time></trkpt><trkpt lat="22.293995556041352" lon="114.25996626413352"><ele>20.6007531222182</ele><time>2023-03-11T05:41:22Z</time></trkpt><trkpt lat="22.29398798149578" lon="114.25998700356391"><ele>20.10000901751695</ele><time>2023-03-11T05:41:24Z</time></trkpt><trkpt lat="22.293980928858694" lon="114.260006252968"><ele>19.884896449582367</ele><time>2023-03-11T05:41:26Z</time></trkpt><trkpt lat="22.293971518009172" lon="114.26003027926151"><ele>19.759462431045016</ele><time>2023-03-11T05:41:28Z</time></trkpt><trkpt lat="22.293961795650564" lon="114.26004747976546"><ele>19.26650157551922</ele><time>2023-03-11T05:41:30Z</time></trkpt><trkpt lat="22.29394717850146" lon="114.26007162105296"><ele>18.698284541156262</ele><time>2023-03-11T05:41:32Z</time></trkpt><trkpt lat="22.293935084642946" lon="114.26009507312594"><ele>18.229226987237627</ele><time>2023-03-11T05:41:34Z</time></trkpt><trkpt lat="22.29392457153703" lon="114.26011587088844"><ele>17.790517776163803</ele><time>2023-03-11T05:41:36Z</time></trkpt><trkpt lat="22.293913143033258" lon="114.26014925510644"><ele>17.444570400496026</ele><time>2023-03-11T05:41:40Z</time></trkpt><trkpt lat="22.293909021205206" lon="114.26016999973723"><ele>17.20543917225602</ele><time>2023-03-11T05:41:42Z</time></trkpt><trkpt lat="22.293901841657505" lon="114.26019319556514"><ele>17.08592430774347</ele><time>2023-03-11T05:41:44Z</time></trkpt><trkpt lat="22.293893617622974" lon="114.26021789054646"><ele>16.89486187964648</ele><time>2023-03-11T05:41:46Z</time></trkpt><trkpt lat="22.293883127176358" lon="114.26024210065239"><ele>16.75754858130449</ele><time>2023-03-11T05:41:48Z</time></trkpt><trkpt lat="22.293876655345603" lon="114.26027245631812"><ele>17.00587086697348</ele><time>2023-03-11T05:41:50Z</time></trkpt><trkpt lat="22.293871606445403" lon="114.26030036156418"><ele>17.119340208597134</ele><time>2023-03-11T05:41:52Z</time></trkpt><trkpt lat="22.293865419743447" lon="114.26032265398668"><ele>17.652307390125415</ele><time>2023-03-11T05:41:54Z</time></trkpt><trkpt lat="22.29385441442085" lon="114.26034293146377"><ele>18.398679719202143</ele><time>2023-03-11T05:41:56Z</time></trkpt><trkpt lat="22.29384129523691" lon="114.26036225746576"><ele>18.557313901535835</ele><time>2023-03-11T05:41:58Z</time></trkpt><trkpt lat="22.29382625000828" lon="114.26038087685788"><ele>18.665980042277848</ele><time>2023-03-11T05:42:00Z</time></trkpt><trkpt lat="22.293813719072585" lon="114.26040410893434"><ele>18.698142507256758</ele><time>2023-03-11T05:42:02Z</time></trkpt><trkpt lat="22.29379870802864" lon="114.26042818351195"><ele>18.81797154389636</ele><time>2023-03-11T05:42:04Z</time></trkpt><trkpt lat="22.293785848400127" lon="114.26045285034128"><ele>18.83935400809898</ele><time>2023-03-11T05:42:06Z</time></trkpt><trkpt lat="22.29377451343617" lon="114.26047687254422"><ele>18.755095691315045</ele><time>2023-03-11T05:42:08Z</time></trkpt><trkpt lat="22.29376424661784" lon="114.26049969925764"><ele>18.7286412438716</ele><time>2023-03-11T05:42:10Z</time></trkpt><trkpt lat="22.293755431900088" lon="114.26051759819174"><ele>18.497554826590935</ele><time>2023-03-11T05:42:12Z</time></trkpt><trkpt lat="22.293742777325424" lon="114.26055362053182"><ele>17.99616591829691</ele><time>2023-03-11T05:42:16Z</time></trkpt><trkpt lat="22.29373694407067" lon="114.26057795633477"><ele>17.91690927465828</ele><time>2023-03-11T05:42:18Z</time></trkpt><trkpt lat="22.293727967436226" lon="114.26060361655514"><ele>17.719224422425675</ele><time>2023-03-11T05:42:20Z</time></trkpt><trkpt lat="22.2937171567699" lon="114.26062989901362"><ele>17.524741605743202</ele><time>2023-03-11T05:42:22Z</time></trkpt><trkpt lat="22.293703026245527" lon="114.2606563533094"><ele>17.342621591180432</ele><time>2023-03-11T05:42:24Z</time></trkpt><trkpt lat="22.293694348020544" lon="114.26068550804202"><ele>17.256163085157</ele><time>2023-03-11T05:42:26Z</time></trkpt><trkpt lat="22.29368448972462" lon="114.26071413930988"><ele>17.009413854161743</ele><time>2023-03-11T05:42:28Z</time></trkpt><trkpt lat="22.2936751932123" lon="114.26074109127774"><ele>16.52923770186055</ele><time>2023-03-11T05:42:30Z</time></trkpt><trkpt lat="22.293664917106955" lon="114.26076607032842"><ele>16.627497525412412</ele><time>2023-03-11T05:42:32Z</time></trkpt><trkpt lat="22.293659548019047" lon="114.26078726612835"><ele>16.353897107527352</ele><time>2023-03-11T05:42:34Z</time></trkpt><trkpt lat="22.2936565087334" lon="114.26080875771473"><ele>16.311423328559062</ele><time>2023-03-11T05:42:36Z</time></trkpt><trkpt lat="22.2936517241432" lon="114.26083296706268"><ele>16.223131590547617</ele><time>2023-03-11T05:42:38Z</time></trkpt><trkpt lat="22.293637241865387" lon="114.26087284002067"><ele>15.870563851226198</ele><time>2023-03-11T05:42:48Z</time></trkpt><trkpt lat="22.29362601487603" lon="114.26090420245112"><ele>15.587031968457323</ele><time>2023-03-11T05:42:50Z</time></trkpt><trkpt lat="22.29361641332229" lon="114.26092968555834"><ele>15.229480901075085</ele><time>2023-03-11T05:42:52Z</time></trkpt><trkpt lat="22.293604770214944" lon="114.26094908634626"><ele>15.046445782932377</ele><time>2023-03-11T05:42:54Z</time></trkpt><trkpt lat="22.2935896812414" lon="114.26098463348876"><ele>14.65003306249221</ele><time>2023-03-11T05:42:58Z</time></trkpt><trkpt lat="22.293580463234584" lon="114.2610035468387"><ele>14.232681916437912</ele><time>2023-03-11T05:43:00Z</time></trkpt><trkpt lat="22.293572103483935" lon="114.26102324970323"><ele>14.29415371481624</ele><time>2023-03-11T05:43:02Z</time></trkpt><trkpt lat="22.293562257673642" lon="114.26104161575816"><ele>14.388474671935613</ele><time>2023-03-11T05:43:04Z</time></trkpt><trkpt lat="22.29355035978315" lon="114.26105989310436"><ele>14.396827617563833</ele><time>2023-03-11T05:43:06Z</time></trkpt><trkpt lat="22.293537653431056" lon="114.26107652572298"><ele>14.654527404037394</ele><time>2023-03-11T05:43:08Z</time></trkpt><trkpt lat="22.29352764877382" lon="114.26109625169461"><ele>14.67591406502793</ele><time>2023-03-11T05:43:10Z</time></trkpt><trkpt lat="22.29352155351632" lon="114.26111830993055"><ele>14.82272817705487</ele><time>2023-03-11T05:43:12Z</time></trkpt><trkpt lat="22.29350605901397" lon="114.2611551587588"><ele>15.722516305044037</ele><time>2023-03-11T05:43:16Z</time></trkpt><trkpt lat="22.293492923407037" lon="114.26117555860027"><ele>15.811346499208033</ele><time>2023-03-11T05:43:18Z</time></trkpt><trkpt lat="22.293482864955276" lon="114.26119385533022"><ele>15.8827043447571</ele><time>2023-03-11T05:43:20Z</time></trkpt><trkpt lat="22.293474434851127" lon="114.26121415778087"><ele>15.774131050701765</ele><time>2023-03-11T05:43:22Z</time></trkpt><trkpt lat="22.29346622848621" lon="114.26123419683579"><ele>15.789163070654219</ele><time>2023-03-11T05:43:24Z</time></trkpt><trkpt lat="22.293457899405063" lon="114.2612528526515"><ele>16.029285408735774</ele><time>2023-03-11T05:43:26Z</time></trkpt><trkpt lat="22.293446475808974" lon="114.26127192020034"><ele>16.23023015093457</ele><time>2023-03-11T05:43:28Z</time></trkpt><trkpt lat="22.293438193805795" lon="114.26129194186547"><ele>16.27423002255525</ele><time>2023-03-11T05:43:30Z</time></trkpt><trkpt lat="22.293427658752126" lon="114.26131201009713"><ele>16.313397028410375</ele><time>2023-03-11T05:43:32Z</time></trkpt><trkpt lat="22.293418703390934" lon="114.26133231405288"><ele>16.35226160092976</ele><time>2023-03-11T05:43:34Z</time></trkpt><trkpt lat="22.293411794436814" lon="114.26135236663796"><ele>16.50078077636614</ele><time>2023-03-11T05:43:36Z</time></trkpt><trkpt lat="22.293407771201192" lon="114.26137469004235"><ele>17.075630548191192</ele><time>2023-03-11T05:43:38Z</time></trkpt><trkpt lat="22.29340170929344" lon="114.26139640156276"><ele>17.56817144548352</ele><time>2023-03-11T05:43:40Z</time></trkpt><trkpt lat="22.293394970509876" lon="114.26142130456053"><ele>17.788335739744973</ele><time>2023-03-11T05:43:42Z</time></trkpt><trkpt lat="22.29338873715583" lon="114.26145221187727"><ele>17.971631193571362</ele><time>2023-03-11T05:43:44Z</time></trkpt><trkpt lat="22.29338117531926" lon="114.26148391528257"><ele>18.212323829349987</ele><time>2023-03-11T05:43:46Z</time></trkpt><trkpt lat="22.293372426917482" lon="114.26151690188087"><ele>18.399970744342575</ele><time>2023-03-11T05:43:48Z</time></trkpt><trkpt lat="22.2933675260618" lon="114.26154512402708"><ele>18.79186947237071</ele><time>2023-03-11T05:43:50Z</time></trkpt><trkpt lat="22.293359158986572" lon="114.26156285415158"><ele>18.926616604533674</ele><time>2023-03-11T05:43:52Z</time></trkpt><trkpt lat="22.293349658421466" lon="114.26158193334685"><ele>18.939399343213612</ele><time>2023-03-11T05:43:54Z</time></trkpt><trkpt lat="22.29333989331173" lon="114.26161736103407"><ele>19.738985083571293</ele><time>2023-03-11T05:43:58Z</time></trkpt><trkpt lat="22.293336067104747" lon="114.26164028604549"><ele>20.285022579320664</ele><time>2023-03-11T05:44:00Z</time></trkpt><trkpt lat="22.293331052744225" lon="114.26166661311419"><ele>20.962170260754146</ele><time>2023-03-11T05:44:02Z</time></trkpt><trkpt lat="22.293320555426757" lon="114.26169210244419"><ele>21.172169817589374</ele><time>2023-03-11T05:44:04Z</time></trkpt><trkpt lat="22.293308176068454" lon="114.2617144225633"><ele>20.692816598836316</ele><time>2023-03-11T05:44:06Z</time></trkpt><trkpt lat="22.293295758391412" lon="114.26173892327658"><ele>20.374672223015754</ele><time>2023-03-11T05:44:08Z</time></trkpt><trkpt lat="22.293284388628155" lon="114.2617621127885"><ele>20.14016410603823</ele><time>2023-03-11T05:44:10Z</time></trkpt><trkpt lat="22.293271928243293" lon="114.26178543208661"><ele>19.97289925738784</ele><time>2023-03-11T05:44:12Z</time></trkpt><trkpt lat="22.293261530220885" lon="114.26181001758025"><ele>19.833905201896442</ele><time>2023-03-11T05:44:14Z</time></trkpt><trkpt lat="22.293251026422475" lon="114.26183106134671"><ele>19.847726999451652</ele><time>2023-03-11T05:44:16Z</time></trkpt><trkpt lat="22.29323221314168" lon="114.26184959042361"><ele>20.1285648819848</ele><time>2023-03-11T05:44:18Z</time></trkpt><trkpt lat="22.29321550041204" lon="114.26186712251858"><ele>20.127208337464623</ele><time>2023-03-11T05:44:20Z</time></trkpt><trkpt lat="22.29320307249911" lon="114.26188747594762"><ele>19.920098816483538</ele><time>2023-03-11T05:44:22Z</time></trkpt><trkpt lat="22.29318792015639" lon="114.26190790972207"><ele>19.367034466303323</ele><time>2023-03-11T05:44:24Z</time></trkpt><trkpt lat="22.293174486045043" lon="114.26193170990148"><ele>18.700793443423308</ele><time>2023-03-11T05:44:26Z</time></trkpt><trkpt lat="22.293161770474775" lon="114.26195767661766"><ele>18.408074316387413</ele><time>2023-03-11T05:44:28Z</time></trkpt><trkpt lat="22.293154103167552" lon="114.2619900334459"><ele>18.38271525422999</ele><time>2023-03-11T05:44:30Z</time></trkpt><trkpt lat="22.293148099573692" lon="114.26201966426385"><ele>18.434303496104494</ele><time>2023-03-11T05:44:32Z</time></trkpt><trkpt lat="22.293147691047984" lon="114.26204654987374"><ele>18.460992927750592</ele><time>2023-03-11T05:44:34Z</time></trkpt><trkpt lat="22.293144926148567" lon="114.26207104605112"><ele>18.662326442546632</ele><time>2023-03-11T05:44:36Z</time></trkpt><trkpt lat="22.293136313281998" lon="114.26209073830765"><ele>18.918784373061424</ele><time>2023-03-11T05:44:38Z</time></trkpt><trkpt lat="22.293127310266847" lon="114.2621095447035"><ele>19.206840235632907</ele><time>2023-03-11T05:44:40Z</time></trkpt><trkpt lat="22.293109476844563" lon="114.26214686289879"><ele>18.973316886123623</ele><time>2023-03-11T05:44:44Z</time></trkpt><trkpt lat="22.293101137274938" lon="114.26216816830018"><ele>18.86111800750065</ele><time>2023-03-11T05:44:46Z</time></trkpt><trkpt lat="22.293090134935753" lon="114.26219021709439"><ele>18.781344377413163</ele><time>2023-03-11T05:44:48Z</time></trkpt><trkpt lat="22.293081377875577" lon="114.26221816063916"><ele>18.66641474247498</ele><time>2023-03-11T05:44:50Z</time></trkpt><trkpt lat="22.29307227232241" lon="114.26224767728598"><ele>18.701981703873173</ele><time>2023-03-11T05:44:52Z</time></trkpt><trkpt lat="22.293059186481294" lon="114.26227063779352"><ele>18.5556706456231</ele><time>2023-03-11T05:44:54Z</time></trkpt><trkpt lat="22.29304466037719" lon="114.26229298709846"><ele>18.298035605443264</ele><time>2023-03-11T05:44:56Z</time></trkpt><trkpt lat="22.293032426628557" lon="114.26231849495173"><ele>18.262012513267592</ele><time>2023-03-11T05:44:58Z</time></trkpt><trkpt lat="22.29301750182626" lon="114.26234577759148"><ele>17.950016182575897</ele><time>2023-03-11T05:45:00Z</time></trkpt><trkpt lat="22.293004767896903" lon="114.26237306904336"><ele>18.02997100868959</ele><time>2023-03-11T05:45:02Z</time></trkpt><trkpt lat="22.292997387336868" lon="114.2623966863068"><ele>18.352675843964754</ele><time>2023-03-11T05:45:04Z</time></trkpt><trkpt lat="22.292991756449446" lon="114.26241747306311"><ele>18.756074579971106</ele><time>2023-03-11T05:45:06Z</time></trkpt><trkpt lat="22.29297567111076" lon="114.26244907576158"><ele>19.082486220445226</ele><time>2023-03-11T05:45:10Z</time></trkpt><trkpt lat="22.29296600740092" lon="114.26246660119075"><ele>19.321697287484547</ele><time>2023-03-11T05:45:12Z</time></trkpt><trkpt lat="22.29294822033604" lon="114.2625047570275"><ele>19.575132921194577</ele><time>2023-03-11T05:45:16Z</time></trkpt><trkpt lat="22.29293875047938" lon="114.26254573630135"><ele>19.37882255206743</ele><time>2023-03-11T05:45:20Z</time></trkpt><trkpt lat="22.29293245425593" lon="114.26257280697638"><ele>19.185494406855685</ele><time>2023-03-11T05:45:22Z</time></trkpt><trkpt lat="22.292925556700578" lon="114.26260006524028"><ele>19.17245367214953</ele><time>2023-03-11T05:45:24Z</time></trkpt><trkpt lat="22.2929138879287" lon="114.26262775296625"><ele>19.282703606893204</ele><time>2023-03-11T05:45:26Z</time></trkpt><trkpt lat="22.292902869955334" lon="114.26264846892121"><ele>18.979423782536443</ele><time>2023-03-11T05:45:28Z</time></trkpt><trkpt lat="22.292894314239973" lon="114.26267046582221"><ele>18.709534956179496</ele><time>2023-03-11T05:45:30Z</time></trkpt><trkpt lat="22.292884393081707" lon="114.26269678900108"><ele>18.463609433090394</ele><time>2023-03-11T05:45:32Z</time></trkpt><trkpt lat="22.292874588968047" lon="114.26272074219249"><ele>18.33300786372964</ele><time>2023-03-11T05:45:34Z</time></trkpt><trkpt lat="22.292862514570206" lon="114.26274425657606"><ele>18.26439583412104</ele><time>2023-03-11T05:45:36Z</time></trkpt><trkpt lat="22.29285176042217" lon="114.2627720900123"><ele>18.406713483790895</ele><time>2023-03-11T05:45:38Z</time></trkpt><trkpt lat="22.292838731792266" lon="114.26279935024976"><ele>18.87102840408904</ele><time>2023-03-11T05:45:40Z</time></trkpt><trkpt lat="22.29282835919015" lon="114.26283044920238"><ele>19.558698644355815</ele><time>2023-03-11T05:45:42Z</time></trkpt><trkpt lat="22.29282081744245" lon="114.26286545095336"><ele>20.00362032729601</ele><time>2023-03-11T05:45:44Z</time></trkpt><trkpt lat="22.292811858495977" lon="114.26288281379735"><ele>20.22449367128051</ele><time>2023-03-11T05:45:46Z</time></trkpt><trkpt lat="22.292791630318938" lon="114.26291092588909"><ele>21.186571809774797</ele><time>2023-03-11T05:45:50Z</time></trkpt><trkpt lat="22.292782674545784" lon="114.26293021374539"><ele>21.69331953687268</ele><time>2023-03-11T05:45:52Z</time></trkpt><trkpt lat="22.292772891931488" lon="114.26295214457484"><ele>21.971721921954593</ele><time>2023-03-11T05:45:54Z</time></trkpt><trkpt lat="22.2927621658454" lon="114.26297079739555"><ele>22.277672719164464</ele><time>2023-03-11T05:45:56Z</time></trkpt><trkpt lat="22.292752352242328" lon="114.26298743165837"><ele>22.298387922538467</ele><time>2023-03-11T05:45:58Z</time></trkpt><trkpt lat="22.292746754028613" lon="114.26303244829448"><ele>22.114871008799025</ele><time>2023-03-11T05:46:02Z</time></trkpt><trkpt lat="22.292739768668675" lon="114.26306082473285"><ele>22.03791351468782</ele><time>2023-03-11T05:46:04Z</time></trkpt><trkpt lat="22.29273029768887" lon="114.26308614829716"><ele>21.907883448036557</ele><time>2023-03-11T05:46:06Z</time></trkpt><trkpt lat="22.292724630989216" lon="114.26311260981628"><ele>21.550618260870777</ele><time>2023-03-11T05:46:08Z</time></trkpt><trkpt lat="22.29272087528189" lon="114.26313909092882"><ele>21.276871378440976</ele><time>2023-03-11T05:46:10Z</time></trkpt><trkpt lat="22.29271978930306" lon="114.26316623566005"><ele>21.2532604244193</ele><time>2023-03-11T05:46:12Z</time></trkpt><trkpt lat="22.292715714254737" lon="114.26319036494797"><ele>21.62571775865663</ele><time>2023-03-11T05:46:14Z</time></trkpt><trkpt lat="22.29270376078222" lon="114.26321332880364"><ele>22.035664519670455</ele><time>2023-03-11T05:46:16Z</time></trkpt><trkpt lat="22.292693310227325" lon="114.26323657438266"><ele>22.029971954552124</ele><time>2023-03-11T05:46:18Z</time></trkpt><trkpt lat="22.292683596374633" lon="114.2632656056504"><ele>21.923431235628808</ele><time>2023-03-11T05:46:20Z</time></trkpt><trkpt lat="22.29267567136633" lon="114.26329079708164"><ele>21.355264038005224</ele><time>2023-03-11T05:46:22Z</time></trkpt><trkpt lat="22.292663852192888" lon="114.26331566172779"><ele>21.403098196500554</ele><time>2023-03-11T05:46:24Z</time></trkpt><trkpt lat="22.292653125357216" lon="114.26333594998425"><ele>21.36603294699252</ele><time>2023-03-11T05:46:26Z</time></trkpt><trkpt lat="22.29264535683087" lon="114.26335637140278"><ele>21.02146874917829</ele><time>2023-03-11T05:46:28Z</time></trkpt><trkpt lat="22.292632793437882" lon="114.26338922892654"><ele>20.178190163499785</ele><time>2023-03-11T05:46:32Z</time></trkpt><trkpt lat="22.292625536968508" lon="114.26341384464752"><ele>20.212346301867786</ele><time>2023-03-11T05:46:34Z</time></trkpt><trkpt lat="22.29261933075611" lon="114.26344733845299"><ele>20.304748324570348</ele><time>2023-03-11T05:46:36Z</time></trkpt><trkpt lat="22.292615220353714" lon="114.26347656066824"><ele>20.512498095518495</ele><time>2023-03-11T05:46:38Z</time></trkpt><trkpt lat="22.292611310469027" lon="114.26349880617428"><ele>20.41198447457298</ele><time>2023-03-11T05:46:40Z</time></trkpt><trkpt lat="22.29260737678293" lon="114.26352049022401"><ele>20.11870360779067</ele><time>2023-03-11T05:46:42Z</time></trkpt><trkpt lat="22.29259754234049" lon="114.2635442042794"><ele>19.846100072110264</ele><time>2023-03-11T05:46:44Z</time></trkpt><trkpt lat="22.29258731050354" lon="114.26356819817546"><ele>19.545170033043938</ele><time>2023-03-11T05:46:46Z</time></trkpt><trkpt lat="22.292576481500245" lon="114.26358860548281"><ele>19.114039069935437</ele><time>2023-03-11T05:46:48Z</time></trkpt><trkpt lat="22.292569503420573" lon="114.26360891069"><ele>18.81865256804866</ele><time>2023-03-11T05:46:50Z</time></trkpt><trkpt lat="22.292564351750478" lon="114.26364001537813"><ele>18.732144211747244</ele><time>2023-03-11T05:46:52Z</time></trkpt><trkpt lat="22.29255644929183" lon="114.26366241146374"><ele>18.85535958900593</ele><time>2023-03-11T05:46:54Z</time></trkpt><trkpt lat="22.292547270546105" lon="114.26370296815449"><ele>18.871518997722976</ele><time>2023-03-11T05:46:58Z</time></trkpt><trkpt lat="22.292540453185552" lon="114.26372854943973"><ele>18.552424236142322</ele><time>2023-03-11T05:47:00Z</time></trkpt><trkpt lat="22.29253283326034" lon="114.26375566136248"><ele>18.511727806176424</ele><time>2023-03-11T05:47:02Z</time></trkpt><trkpt lat="22.29252316524376" lon="114.26378165991592"><ele>18.407119888545385</ele><time>2023-03-11T05:47:04Z</time></trkpt><trkpt lat="22.292514796877988" lon="114.26380646824008"><ele>18.202788341734188</ele><time>2023-03-11T05:47:06Z</time></trkpt><trkpt lat="22.292508316931055" lon="114.26382891776085"><ele>18.147058076414805</ele><time>2023-03-11T05:47:08Z</time></trkpt><trkpt lat="22.29250414746617" lon="114.26385255207046"><ele>18.01928941189063</ele><time>2023-03-11T05:47:10Z</time></trkpt><trkpt lat="22.29249937570951" lon="114.2638739183106"><ele>17.87274201704704</ele><time>2023-03-11T05:47:12Z</time></trkpt><trkpt lat="22.29249244618728" lon="114.26389649654669"><ele>17.769770199133053</ele><time>2023-03-11T05:47:14Z</time></trkpt><trkpt lat="22.292488523426545" lon="114.26392083651567"><ele>17.375421293174092</ele><time>2023-03-11T05:47:16Z</time></trkpt><trkpt lat="22.29248637770861" lon="114.26394496854954"><ele>16.881085030812095</ele><time>2023-03-11T05:47:18Z</time></trkpt><trkpt lat="22.292483976554866" lon="114.26396878470419"><ele>16.420945726634056</ele><time>2023-03-11T05:47:20Z</time></trkpt><trkpt lat="22.292477392066733" lon="114.26399168049467"><ele>16.46673762885971</ele><time>2023-03-11T05:47:22Z</time></trkpt><trkpt lat="22.29247049401617" lon="114.26401573144024"><ele>16.52133583013831</ele><time>2023-03-11T05:47:24Z</time></trkpt><trkpt lat="22.29246518517936" lon="114.26403821588126"><ele>16.511774710861232</ele><time>2023-03-11T05:47:26Z</time></trkpt><trkpt lat="22.292457302715015" lon="114.26406241131319"><ele>16.447586990016603</ele><time>2023-03-11T05:47:28Z</time></trkpt><trkpt lat="22.29245038656979" lon="114.26408483265178"><ele>15.99938348872205</ele><time>2023-03-11T05:47:30Z</time></trkpt><trkpt lat="22.29244305723588" lon="114.26411114239845"><ele>15.86074702127018</ele><time>2023-03-11T05:47:32Z</time></trkpt><trkpt lat="22.292437940547597" lon="114.2641363488475"><ele>15.873450058551876</ele><time>2023-03-11T05:47:34Z</time></trkpt><trkpt lat="22.292431206211656" lon="114.26416321536932"><ele>15.880986889432121</ele><time>2023-03-11T05:47:36Z</time></trkpt><trkpt lat="22.292422917650494" lon="114.26419247852078"><ele>15.706509781486089</ele><time>2023-03-11T05:47:38Z</time></trkpt><trkpt lat="22.292414551268443" lon="114.26421924955609"><ele>15.66661419503042</ele><time>2023-03-11T05:47:40Z</time></trkpt><trkpt lat="22.292406917431006" lon="114.2642448168338"><ele>15.527568335768674</ele><time>2023-03-11T05:47:42Z</time></trkpt><trkpt lat="22.292401156798302" lon="114.2642688367678"><ele>15.321972051402298</ele><time>2023-03-11T05:47:44Z</time></trkpt><trkpt lat="22.292397744257556" lon="114.26429460455101"><ele>15.465865797844788</ele><time>2023-03-11T05:47:46Z</time></trkpt><trkpt lat="22.292393938965144" lon="114.26431839562281"><ele>15.62893549591467</ele><time>2023-03-11T05:47:48Z</time></trkpt><trkpt lat="22.292391554671692" lon="114.26434504557999"><ele>15.494947417526866</ele><time>2023-03-11T05:47:50Z</time></trkpt><trkpt lat="22.292392304686693" lon="114.26437185862058"><ele>15.384097683032008</ele><time>2023-03-11T05:47:52Z</time></trkpt><trkpt lat="22.29239374777725" lon="114.26439813124782"><ele>15.13474600941561</ele><time>2023-03-11T05:47:54Z</time></trkpt><trkpt lat="22.292394542087887" lon="114.26441908686817"><ele>14.881135214311215</ele><time>2023-03-11T05:47:56Z</time></trkpt><trkpt lat="22.2923917498007" lon="114.26444161139086"><ele>14.76864141194156</ele><time>2023-03-11T05:47:58Z</time></trkpt><trkpt lat="22.29238966822912" lon="114.26447053539896"><ele>14.765991283625352</ele><time>2023-03-11T05:48:00Z</time></trkpt><trkpt lat="22.292381612905046" lon="114.26449533182821"><ele>14.582560742384487</ele><time>2023-03-11T05:48:02Z</time></trkpt><trkpt lat="22.292374099600647" lon="114.26452685193432"><ele>14.475208326489179</ele><time>2023-03-11T05:48:04Z</time></trkpt><trkpt lat="22.292368908114142" lon="114.26455744850475"><ele>14.500784312046845</ele><time>2023-03-11T05:48:06Z</time></trkpt><trkpt lat="22.29235852740903" lon="114.26458684553707"><ele>14.653916722051648</ele><time>2023-03-11T05:48:08Z</time></trkpt><trkpt lat="22.29234847097092" lon="114.26461237319582"><ele>14.759595930195054</ele><time>2023-03-11T05:48:10Z</time></trkpt><trkpt lat="22.292344256648903" lon="114.26463594854641"><ele>14.790177216003702</ele><time>2023-03-11T05:48:12Z</time></trkpt><trkpt lat="22.29234191458772" lon="114.26465655289299"><ele>14.888071901132744</ele><time>2023-03-11T05:48:14Z</time></trkpt><trkpt lat="22.292342259980032" lon="114.26468231373686"><ele>14.712866488892422</ele><time>2023-03-11T05:48:16Z</time></trkpt><trkpt lat="22.29234305789301" lon="114.2647070507004"><ele>14.43618548803447</ele><time>2023-03-11T05:48:18Z</time></trkpt><trkpt lat="22.292341545212658" lon="114.264730595847"><ele>14.20181674425405</ele><time>2023-03-11T05:48:20Z</time></trkpt><trkpt lat="22.29233963461654" lon="114.26475186799001"><ele>14.098814461541304</ele><time>2023-03-11T05:48:22Z</time></trkpt><trkpt lat="22.29233911922202" lon="114.2647759876126"><ele>13.5903793020387</ele><time>2023-03-11T05:48:24Z</time></trkpt><trkpt lat="22.292340293345017" lon="114.26480455369035"><ele>13.343857977486676</ele><time>2023-03-11T05:48:26Z</time></trkpt><trkpt lat="22.29233538036439" lon="114.26483019105254"><ele>13.210988797059054</ele><time>2023-03-11T05:48:28Z</time></trkpt><trkpt lat="22.29232811712498" lon="114.26485269905042"><ele>13.06881362715096</ele><time>2023-03-11T05:48:30Z</time></trkpt><trkpt lat="22.292324701521384" lon="114.26488298310666"><ele>12.969054754382928</ele><time>2023-03-11T05:48:32Z</time></trkpt><trkpt lat="22.292321375428905" lon="114.2649125472283"><ele>12.882335752114221</ele><time>2023-03-11T05:48:34Z</time></trkpt><trkpt lat="22.29232009034164" lon="114.26493853945702"><ele>12.36682057617889</ele><time>2023-03-11T05:48:36Z</time></trkpt><trkpt lat="22.292315105767557" lon="114.26495884672903"><ele>12.033363220435856</ele><time>2023-03-11T05:48:38Z</time></trkpt><trkpt lat="22.292308874110965" lon="114.26498022239561"><ele>12.105561276360325</ele><time>2023-03-11T05:48:40Z</time></trkpt><trkpt lat="22.29230498503063" lon="114.2650083095816"><ele>12.083232436637969</ele><time>2023-03-11T05:48:42Z</time></trkpt><trkpt lat="22.292298780713082" lon="114.265041156578"><ele>12.32964865744723</ele><time>2023-03-11T05:48:44Z</time></trkpt><trkpt lat="22.292294222901813" lon="114.26507144028496"><ele>12.564864749348422</ele><time>2023-03-11T05:48:46Z</time></trkpt><trkpt lat="22.292290521784828" lon="114.26509717237987"><ele>12.69491191617383</ele><time>2023-03-11T05:48:48Z</time></trkpt><trkpt lat="22.292288222738883" lon="114.26512182697745"><ele>12.681336669296185</ele><time>2023-03-11T05:48:50Z</time></trkpt><trkpt lat="22.292284367481166" lon="114.26514889582192"><ele>12.56819714250106</ele><time>2023-03-11T05:48:52Z</time></trkpt><trkpt lat="22.29228131145111" lon="114.26517589507183"><ele>12.373953653288517</ele><time>2023-03-11T05:48:54Z</time></trkpt><trkpt lat="22.292281182638355" lon="114.26520868525894"><ele>12.166532712221027</ele><time>2023-03-11T05:48:56Z</time></trkpt><trkpt lat="22.292278605268447" lon="114.26524493468064"><ele>12.072729295594764</ele><time>2023-03-11T05:48:58Z</time></trkpt><trkpt lat="22.292279362567403" lon="114.26527578623511"><ele>11.836583095663228</ele><time>2023-03-11T05:49:00Z</time></trkpt><trkpt lat="22.292280430319387" lon="114.26530288537764"><ele>11.86846905342025</ele><time>2023-03-11T05:49:02Z</time></trkpt><trkpt lat="22.292279172310337" lon="114.26532759405708"><ele>11.892234733517379</ele><time>2023-03-11T05:49:04Z</time></trkpt><trkpt lat="22.292277327494553" lon="114.26535534207174"><ele>11.871323800757855</ele><time>2023-03-11T05:49:06Z</time></trkpt><trkpt lat="22.29227375001632" lon="114.26537827307413"><ele>11.736952899205736</ele><time>2023-03-11T05:49:08Z</time></trkpt><trkpt lat="22.292270287774425" lon="114.26540056363687"><ele>11.428655408285397</ele><time>2023-03-11T05:49:10Z</time></trkpt><trkpt lat="22.292266934054183" lon="114.26542788370575"><ele>11.061448324462527</ele><time>2023-03-11T05:49:12Z</time></trkpt><trkpt lat="22.292264756869567" lon="114.26545613502866"><ele>10.691923438065176</ele><time>2023-03-11T05:49:14Z</time></trkpt><trkpt lat="22.292265667516" lon="114.26548404730951"><ele>10.418131137145698</ele><time>2023-03-11T05:49:16Z</time></trkpt><trkpt lat="22.292268616225645" lon="114.26551437061694"><ele>10.217995882705202</ele><time>2023-03-11T05:49:18Z</time></trkpt><trkpt lat="22.292262751848817" lon="114.26553807603845"><ele>10.178179652539427</ele><time>2023-03-11T05:49:20Z</time></trkpt><trkpt lat="22.29225836205658" lon="114.26556299955685"><ele>10.167119006444015</ele><time>2023-03-11T05:49:22Z</time></trkpt><trkpt lat="22.29225338609811" lon="114.26558573338252"><ele>10.17565312747333</ele><time>2023-03-11T05:49:24Z</time></trkpt><trkpt lat="22.29225342939517" lon="114.26561054925037"><ele>10.233421105483522</ele><time>2023-03-11T05:49:26Z</time></trkpt><trkpt lat="22.292254367591635" lon="114.26563258841493"><ele>10.073213988398864</ele><time>2023-03-11T05:49:28Z</time></trkpt><trkpt lat="22.29225555284364" lon="114.2656591402949"><ele>10.109687835916247</ele><time>2023-03-11T05:49:30Z</time></trkpt><trkpt lat="22.292255484901503" lon="114.26568844891973"><ele>9.920509311976648</ele><time>2023-03-11T05:49:32Z</time></trkpt><trkpt lat="22.292254951796917" lon="114.26571767077306"><ele>9.913778783274527</ele><time>2023-03-11T05:49:34Z</time></trkpt><trkpt lat="22.292250142786383" lon="114.26574497914874"><ele>9.839893936732128</ele><time>2023-03-11T05:49:36Z</time></trkpt><trkpt lat="22.292247043031423" lon="114.26577112846782"><ele>9.80689000424194</ele><time>2023-03-11T05:49:38Z</time></trkpt><trkpt lat="22.292242814258433" lon="114.26579343537999"><ele>9.502247390544195</ele><time>2023-03-11T05:49:40Z</time></trkpt><trkpt lat="22.29223888351585" lon="114.26581624311704"><ele>9.240355388166648</ele><time>2023-03-11T05:49:42Z</time></trkpt><trkpt lat="22.292236567771063" lon="114.26584021607333"><ele>8.822457746669999</ele><time>2023-03-11T05:49:44Z</time></trkpt><trkpt lat="22.292233766514325" lon="114.2658678178393"><ele>8.877615297221137</ele><time>2023-03-11T05:49:46Z</time></trkpt><trkpt lat="22.292235772434083" lon="114.26589653427158"><ele>8.619543852993356</ele><time>2023-03-11T05:49:48Z</time></trkpt><trkpt lat="22.2922377968043" lon="114.26592480253875"><ele>8.439379077679751</ele><time>2023-03-11T05:49:50Z</time></trkpt><trkpt lat="22.29223722370925" lon="114.26595199932876"><ele>8.205390809865692</ele><time>2023-03-11T05:49:52Z</time></trkpt><trkpt lat="22.29223408387872" lon="114.26597914255898"><ele>7.751228259454811</ele><time>2023-03-11T05:49:54Z</time></trkpt><trkpt lat="22.292235571662452" lon="114.26600864966119"><ele>7.397311860101624</ele><time>2023-03-11T05:49:56Z</time></trkpt><trkpt lat="22.292236611646455" lon="114.2660363210949"><ele>7.153781597642929</ele><time>2023-03-11T05:49:58Z</time></trkpt><trkpt lat="22.292238757979483" lon="114.26605942358898"><ele>7.060222303200744</ele><time>2023-03-11T05:50:00Z</time></trkpt><trkpt lat="22.29224464948606" lon="114.2660833794194"><ele>7.0273060251651716</ele><time>2023-03-11T05:50:02Z</time></trkpt><trkpt lat="22.29224716214359" lon="114.26610793261126"><ele>6.912575812312469</ele><time>2023-03-11T05:50:04Z</time></trkpt><trkpt lat="22.292245394930067" lon="114.26613246158044"><ele>6.9797693895393955</ele><time>2023-03-11T05:50:06Z</time></trkpt><trkpt lat="22.29224433294234" lon="114.26616294135003"><ele>6.924631564259989</ele><time>2023-03-11T05:50:08Z</time></trkpt><trkpt lat="22.292241786521494" lon="114.26619095233237"><ele>6.82983255658288</ele><time>2023-03-11T05:50:10Z</time></trkpt><trkpt lat="22.292242085430942" lon="114.26621846724846"><ele>7.018374769823426</ele><time>2023-03-11T05:50:12Z</time></trkpt><trkpt lat="22.292241844194095" lon="114.26624372695501"><ele>6.8626767936715005</ele><time>2023-03-11T05:50:14Z</time></trkpt><trkpt lat="22.292232517082912" lon="114.26626148607453"><ele>6.493761962947623</ele><time>2023-03-11T05:50:16Z</time></trkpt><trkpt lat="22.292222808335822" lon="114.2662834201275"><ele>6.510438285079709</ele><time>2023-03-11T05:50:18Z</time></trkpt><trkpt lat="22.29222458442368" lon="114.26630970952664"><ele>6.283533770590021</ele><time>2023-03-11T05:50:20Z</time></trkpt><trkpt lat="22.29222735894835" lon="114.26633419920898"><ele>6.190430464067143</ele><time>2023-03-11T05:50:22Z</time></trkpt><trkpt lat="22.292227551339533" lon="114.2663568689591"><ele>6.230981272653675</ele><time>2023-03-11T05:50:24Z</time></trkpt><trkpt lat="22.29222855377744" lon="114.26637664139098"><ele>6.436179107002085</ele><time>2023-03-11T05:50:26Z</time></trkpt><trkpt lat="22.292234046127486" lon="114.26641756578844"><ele>7.049001564457041</ele><time>2023-03-11T05:50:30Z</time></trkpt><trkpt lat="22.29223644938348" lon="114.26644440279978"><ele>6.759171912815837</ele><time>2023-03-11T05:50:32Z</time></trkpt><trkpt lat="22.292239512502594" lon="114.26646878230925"><ele>6.694902836606611</ele><time>2023-03-11T05:50:34Z</time></trkpt><trkpt lat="22.292240808256757" lon="114.26649397239777"><ele>6.7792878761742426</ele><time>2023-03-11T05:50:36Z</time></trkpt><trkpt lat="22.29224234741957" lon="114.26651879923384"><ele>6.7680988754282145</ele><time>2023-03-11T05:50:38Z</time></trkpt><trkpt lat="22.29224195731691" lon="114.26654607555732"><ele>6.6532853569012085</ele><time>2023-03-11T05:50:40Z</time></trkpt><trkpt lat="22.29224108380853" lon="114.26656996802045"><ele>6.807581154416645</ele><time>2023-03-11T05:50:42Z</time></trkpt><trkpt lat="22.292238725845174" lon="114.26659321671548"><ele>7.006698019218875</ele><time>2023-03-11T05:50:44Z</time></trkpt><trkpt lat="22.29223766150984" lon="114.26661681574927"><ele>7.3226695980051435</ele><time>2023-03-11T05:50:46Z</time></trkpt><trkpt lat="22.29223848060863" lon="114.26664059838649"><ele>7.756970234234329</ele><time>2023-03-11T05:50:48Z</time></trkpt><trkpt lat="22.29223664441837" lon="114.26666605691139"><ele>7.584698234197518</ele><time>2023-03-11T05:50:50Z</time></trkpt><trkpt lat="22.292235026318412" lon="114.26670463024583"><ele>7.239602738014995</ele><time>2023-03-11T05:50:54Z</time></trkpt><trkpt lat="22.292233279686116" lon="114.26672776624027"><ele>7.493490138218556</ele><time>2023-03-11T05:50:56Z</time></trkpt><trkpt lat="22.292230690317876" lon="114.26675163865603"><ele>7.808317222168724</ele><time>2023-03-11T05:50:58Z</time></trkpt><trkpt lat="22.292231817706565" lon="114.26677861601912"><ele>7.989848159705583</ele><time>2023-03-11T05:51:00Z</time></trkpt><trkpt lat="22.29223708378604" lon="114.26680279503461"><ele>7.987240179209646</ele><time>2023-03-11T05:51:02Z</time></trkpt><trkpt lat="22.292249748003222" lon="114.26682883855457"><ele>8.029793972969411</ele><time>2023-03-11T05:51:04Z</time></trkpt><trkpt lat="22.292271048069914" lon="114.26684866941235"><ele>8.23182783182472</ele><time>2023-03-11T05:51:06Z</time></trkpt><trkpt lat="22.29228832148714" lon="114.26686074778362"><ele>8.372248443490834</ele><time>2023-03-11T05:51:08Z</time></trkpt><trkpt lat="22.292307486243754" lon="114.26687537285905"><ele>8.529191011206807</ele><time>2023-03-11T05:51:10Z</time></trkpt><trkpt lat="22.29232536757887" lon="114.26689172698269"><ele>8.376177215730499</ele><time>2023-03-11T05:51:12Z</time></trkpt><trkpt lat="22.292343671655654" lon="114.26690473335523"><ele>8.43971702575049</ele><time>2023-03-11T05:51:14Z</time></trkpt><trkpt lat="22.292366423968478" lon="114.26691479710553"><ele>8.446280706900836</ele><time>2023-03-11T05:51:16Z</time></trkpt><trkpt lat="22.292391147209297" lon="114.26692853678895"><ele>8.599979074408516</ele><time>2023-03-11T05:51:18Z</time></trkpt><trkpt lat="22.292420432860208" lon="114.26694248147278"><ele>8.39357214524662</ele><time>2023-03-11T05:51:20Z</time></trkpt><trkpt lat="22.292443282767707" lon="114.26695310854825"><ele>8.416814546959724</ele><time>2023-03-11T05:51:22Z</time></trkpt><trkpt lat="22.292469199141046" lon="114.26696188988531"><ele>8.728155048630843</ele><time>2023-03-11T05:51:24Z</time></trkpt><trkpt lat="22.2924941472463" lon="114.26697123616869"><ele>9.180395605849444</ele><time>2023-03-11T05:51:26Z</time></trkpt><trkpt lat="22.29252831799102" lon="114.26697921211503"><ele>10.048635942155023</ele><time>2023-03-11T05:51:28Z</time></trkpt><trkpt lat="22.292555152296735" lon="114.26698047555203"><ele>10.985171393268901</ele><time>2023-03-11T05:51:30Z</time></trkpt><trkpt lat="22.292577194649855" lon="114.26698482312891"><ele>11.76621038495805</ele><time>2023-03-11T05:51:32Z</time></trkpt><trkpt lat="22.29259866278417" lon="114.26698425460657"><ele>11.814355671274143</ele><time>2023-03-11T05:51:34Z</time></trkpt><trkpt lat="22.29262267101487" lon="114.26698900693047"><ele>11.652106330416638</ele><time>2023-03-11T05:51:36Z</time></trkpt><trkpt lat="22.292647264204273" lon="114.26699453249313"><ele>11.435475343034922</ele><time>2023-03-11T05:51:38Z</time></trkpt><trkpt lat="22.292669615739488" lon="114.2669887921438"><ele>11.55485664364724</ele><time>2023-03-11T05:51:40Z</time></trkpt><trkpt lat="22.292689973746555" lon="114.26698391734419"><ele>11.935035493709842</ele><time>2023-03-11T05:51:42Z</time></trkpt><trkpt lat="22.292712054700363" lon="114.26698041059089"><ele>12.097467695362315</ele><time>2023-03-11T05:51:44Z</time></trkpt><trkpt lat="22.29273493524238" lon="114.26697694995126"><ele>12.068855962073973</ele><time>2023-03-11T05:51:46Z</time></trkpt><trkpt lat="22.292756522306973" lon="114.2669760695615"><ele>12.04164963593313</ele><time>2023-03-11T05:51:48Z</time></trkpt><trkpt lat="22.292774358096803" lon="114.26697874187482"><ele>11.60736992018787</ele><time>2023-03-11T05:51:50Z</time></trkpt><trkpt lat="22.292797915589585" lon="114.26702113928303"><ele>10.872376183089616</ele><time>2023-03-11T05:52:10Z</time></trkpt><trkpt lat="22.29283414153668" lon="114.26705330968079"><ele>10.628850757585536</ele><time>2023-03-11T05:52:12Z</time></trkpt><trkpt lat="22.29287343557518" lon="114.26706829661725"><ele>10.67792325917107</ele><time>2023-03-11T05:52:14Z</time></trkpt><trkpt lat="22.292910329716957" lon="114.26706853915735"><ele>10.761263486614354</ele><time>2023-03-11T05:52:16Z</time></trkpt><trkpt lat="22.292948583553926" lon="114.26707117772848"><ele>10.830517777287712</ele><time>2023-03-11T05:52:18Z</time></trkpt><trkpt lat="22.292983535523593" lon="114.26706959237124"><ele>11.216303803035103</ele><time>2023-03-11T05:52:20Z</time></trkpt><trkpt lat="22.293007078540207" lon="114.26706674365113"><ele>11.032350442144224</ele><time>2023-03-11T05:52:22Z</time></trkpt><trkpt lat="22.29302953469077" lon="114.26705599630775"><ele>10.648158065679102</ele><time>2023-03-11T05:52:24Z</time></trkpt><trkpt lat="22.293047534799705" lon="114.26704717190911"><ele>10.102310400201734</ele><time>2023-03-11T05:52:26Z</time></trkpt><trkpt lat="22.293055635236442" lon="114.26701915721173"><ele>7.7883614580726634</ele><time>2023-03-11T05:52:30Z</time></trkpt><trkpt lat="22.293082435452312" lon="114.26700650029365"><ele>6.190438748970628</ele><time>2023-03-11T05:52:34Z</time></trkpt><trkpt lat="22.293108453103287" lon="114.2670011784665"><ele>5.695917123804983</ele><time>2023-03-11T05:52:36Z</time></trkpt><trkpt lat="22.293130625438792" lon="114.26699470597175"><ele>5.539759418709616</ele><time>2023-03-11T05:52:38Z</time></trkpt><trkpt lat="22.293154209801223" lon="114.2669893775489"><ele>5.341555900758959</ele><time>2023-03-11T05:52:40Z</time></trkpt><trkpt lat="22.293172256935517" lon="114.26697967801982"><ele>5.286243101264364</ele><time>2023-03-11T05:52:42Z</time></trkpt><trkpt lat="22.29319435917286" lon="114.2669680639782"><ele>5.069156581972288</ele><time>2023-03-11T05:52:44Z</time></trkpt><trkpt lat="22.29321059634276" lon="114.26695508861928"><ele>4.424581339481704</ele><time>2023-03-11T05:52:46Z</time></trkpt><trkpt lat="22.293229823599493" lon="114.26694523767884"><ele>3.6153843232877363</ele><time>2023-03-11T05:52:48Z</time></trkpt><trkpt lat="22.293253873922634" lon="114.26691750138284"><ele>2.2546821315233445</ele><time>2023-03-11T05:52:52Z</time></trkpt><trkpt lat="22.293270955218706" lon="114.2669102180837"><ele>1.9736177810111015</ele><time>2023-03-11T05:52:54Z</time></trkpt><trkpt lat="22.293293959224805" lon="114.26690755844874"><ele>1.2882815821622933</ele><time>2023-03-11T05:52:56Z</time></trkpt><trkpt lat="22.293318500514538" lon="114.26690825424052"><ele>1.2562807939453653</ele><time>2023-03-11T05:52:58Z</time></trkpt><trkpt lat="22.293348590952995" lon="114.266908747945"><ele>1.2327382974892676</ele><time>2023-03-11T05:53:00Z</time></trkpt><trkpt lat="22.293377489258816" lon="114.26691077314895"><ele>1.5855116886137106</ele><time>2023-03-11T05:53:02Z</time></trkpt><trkpt lat="22.293405775227594" lon="114.26691514300418"><ele>1.9806200955011377</ele><time>2023-03-11T05:53:04Z</time></trkpt><trkpt lat="22.29343525466573" lon="114.26691552557581"><ele>2.4426167002312087</ele><time>2023-03-11T05:53:06Z</time></trkpt><trkpt lat="22.29346464550027" lon="114.2669170048532"><ele>2.595539218909741</ele><time>2023-03-11T05:53:08Z</time></trkpt><trkpt lat="22.29349380335076" lon="114.26692144977135"><ele>2.3830693169808086</ele><time>2023-03-11T05:53:10Z</time></trkpt><trkpt lat="22.293521470703194" lon="114.26692268471679"><ele>2.0566601854384747</ele><time>2023-03-11T05:53:12Z</time></trkpt><trkpt lat="22.29354715073828" lon="114.26692611472832"><ele>1.6305834553087593</ele><time>2023-03-11T05:53:14Z</time></trkpt><trkpt lat="22.293570124218192" lon="114.26692559126585"><ele>1.1610897180097826</ele><time>2023-03-11T05:53:16Z</time></trkpt><trkpt lat="22.293593370784127" lon="114.26692485015448"><ele>0.9051773117916784</ele><time>2023-03-11T05:53:18Z</time></trkpt><trkpt lat="22.293615510313145" lon="114.26693405831516"><ele>1.1124599414803111</ele><time>2023-03-11T05:53:20Z</time></trkpt><trkpt lat="22.29363498437412" lon="114.2669323223964"><ele>1.3555953211603016</ele><time>2023-03-11T05:53:22Z</time></trkpt><trkpt lat="22.293660404104056" lon="114.26692834153334"><ele>0.9666164697732016</ele><time>2023-03-11T05:53:24Z</time></trkpt><trkpt lat="22.293682209058858" lon="114.26693035308404"><ele>0.959767520672453</ele><time>2023-03-11T05:53:26Z</time></trkpt><trkpt lat="22.293707027101366" lon="114.26693089647918"><ele>0.8328636154422703</ele><time>2023-03-11T05:53:28Z</time></trkpt><trkpt lat="22.29372817513189" lon="114.26693187051661"><ele>0.644740143356497</ele><time>2023-03-11T05:53:30Z</time></trkpt><trkpt lat="22.29375337457009" lon="114.26692936124181"><ele>0.20052693814825726</ele><time>2023-03-11T05:53:32Z</time></trkpt><trkpt lat="22.293775302713573" lon="114.2669271031954"><ele>-0.4582736760150404</ele><time>2023-03-11T05:53:34Z</time></trkpt><trkpt lat="22.293797171705496" lon="114.26692719032607"><ele>-0.968386978067661</ele><time>2023-03-11T05:53:36Z</time></trkpt><trkpt lat="22.29382144603658" lon="114.26692946734529"><ele>-1.2545057954852372</ele><time>2023-03-11T05:53:38Z</time></trkpt><trkpt lat="22.293850533072785" lon="114.26692783797196"><ele>-3.546109974770242</ele><time>2023-03-11T05:53:40Z</time></trkpt><trkpt lat="22.293876352642034" lon="114.26693113102118"><ele>-5.462937257750546</ele><time>2023-03-11T05:53:42Z</time></trkpt><trkpt lat="22.29390006801234" lon="114.2669298042379"><ele>-5.864469451850213</ele><time>2023-03-11T05:53:44Z</time></trkpt><trkpt lat="22.29391962071987" lon="114.26692423781542"><ele>-5.971942715548607</ele><time>2023-03-11T05:53:46Z</time></trkpt><trkpt lat="22.293944398122143" lon="114.26692083980467"><ele>-5.9859686954070765</ele><time>2023-03-11T05:53:48Z</time></trkpt><trkpt lat="22.293970728404616" lon="114.26692176408439"><ele>-6.675089506355535</ele><time>2023-03-11T05:53:50Z</time></trkpt><trkpt lat="22.294000873520545" lon="114.26692510332843"><ele>-7.622509802714936</ele><time>2023-03-11T05:53:52Z</time></trkpt><trkpt lat="22.294030654946457" lon="114.26692656764227"><ele>-8.275547462029143</ele><time>2023-03-11T05:53:54Z</time></trkpt><trkpt lat="22.29406108747734" lon="114.26692568299977"><ele>-8.831546442540466</ele><time>2023-03-11T05:53:56Z</time></trkpt><trkpt lat="22.29409288716112" lon="114.26692720015261"><ele>-9.460674070413555</ele><time>2023-03-11T05:53:58Z</time></trkpt><trkpt lat="22.29411450883556" lon="114.2669419323512"><ele>-9.97257370993143</ele><time>2023-03-11T05:54:00Z</time></trkpt><trkpt lat="22.29413697883054" lon="114.26695729459749"><ele>-9.405951236638446</ele><time>2023-03-11T05:54:02Z</time></trkpt><trkpt lat="22.294161488640086" lon="114.26695657989794"><ele>-9.123326962802624</ele><time>2023-03-11T05:54:04Z</time></trkpt><trkpt lat="22.29417976979356" lon="114.26694612850956"><ele>-8.454768799996259</ele><time>2023-03-11T05:54:06Z</time></trkpt><trkpt lat="22.29419493608325" lon="114.26695819621149"><ele>-6.8824901787416275</ele><time>2023-03-11T05:54:10Z</time></trkpt><trkpt lat="22.294211666915086" lon="114.26697129917159"><ele>-0.28287380430701725</ele><time>2023-03-11T05:54:16Z</time></trkpt><trkpt lat="22.294250081731107" lon="114.26697875569401"><ele>1.1705438932650094</ele><time>2023-03-11T05:54:20Z</time></trkpt><trkpt lat="22.29428162180042" lon="114.26697021369378"><ele>-0.08989816213411714</ele><time>2023-03-11T05:54:24Z</time></trkpt><trkpt lat="22.29432192430644" lon="114.26695597604709"><ele>-1.0717747088923508</ele><time>2023-03-11T05:54:28Z</time></trkpt><trkpt lat="22.294350305679306" lon="114.26694876265569"><ele>-1.6857269830007615</ele><time>2023-03-11T05:54:30Z</time></trkpt><trkpt lat="22.29437568071564" lon="114.26694493625874"><ele>-2.204888145981596</ele><time>2023-03-11T05:54:32Z</time></trkpt><trkpt lat="22.294406253070004" lon="114.26694098557483"><ele>-2.4280321516806227</ele><time>2023-03-11T05:54:34Z</time></trkpt><trkpt lat="22.29443490698218" lon="114.2669318650463"><ele>-2.813583859567813</ele><time>2023-03-11T05:54:36Z</time></trkpt><trkpt lat="22.294479081608635" lon="114.26691252925565"><ele>-1.7654532930495195</ele><time>2023-03-11T05:54:38Z</time></trkpt><trkpt lat="22.29451374556816" lon="114.26690353348417"><ele>-2.023712299568181</ele><time>2023-03-11T05:54:40Z</time></trkpt><trkpt lat="22.29455267066522" lon="114.26689612374099"><ele>-2.7157238412735762</ele><time>2023-03-11T05:54:42Z</time></trkpt><trkpt lat="22.294586384769858" lon="114.26689104956331"><ele>-3.065948978432998</ele><time>2023-03-11T05:54:44Z</time></trkpt><trkpt lat="22.294605945580535" lon="114.26688130237744"><ele>-2.4504678279410874</ele><time>2023-03-11T05:54:46Z</time></trkpt><trkpt lat="22.29462149765663" lon="114.26687110387974"><ele>-1.8490789061934332</ele><time>2023-03-11T05:54:48Z</time></trkpt><trkpt lat="22.294642375995014" lon="114.26686503011432"><ele>-1.5354688408557322</ele><time>2023-03-11T05:54:50Z</time></trkpt><trkpt lat="22.29466193208693" lon="114.266861477486"><ele>-1.273780558297758</ele><time>2023-03-11T05:54:52Z</time></trkpt><trkpt lat="22.29468433175623" lon="114.26685735892553"><ele>-1.8573462691480458</ele><time>2023-03-11T05:54:54Z</time></trkpt><trkpt lat="22.29470663631796" lon="114.26685660279841"><ele>-2.4818259102873834</ele><time>2023-03-11T05:54:56Z</time></trkpt><trkpt lat="22.294728754464657" lon="114.26686078509972"><ele>-2.555645505679945</ele><time>2023-03-11T05:54:58Z</time></trkpt><trkpt lat="22.2947503313166" lon="114.26686088216732"><ele>-2.4238366457412424</ele><time>2023-03-11T05:55:00Z</time></trkpt><trkpt lat="22.294773366850766" lon="114.26686718029735"><ele>-2.5761702685246304</ele><time>2023-03-11T05:55:02Z</time></trkpt><trkpt lat="22.294795992889437" lon="114.2668769265713"><ele>-2.695623236113987</ele><time>2023-03-11T05:55:04Z</time></trkpt><trkpt lat="22.29482656579928" lon="114.26688406661468"><ele>-3.542357096605929</ele><time>2023-03-11T05:55:06Z</time></trkpt><trkpt lat="22.294852034564833" lon="114.26689906834126"><ele>-4.059712998316775</ele><time>2023-03-11T05:55:08Z</time></trkpt><trkpt lat="22.294876915610878" lon="114.266912413575"><ele>-4.833920514400661</ele><time>2023-03-11T05:55:10Z</time></trkpt><trkpt lat="22.294899304460007" lon="114.2669193825143"><ele>-5.281216956125384</ele><time>2023-03-11T05:55:12Z</time></trkpt><trkpt lat="22.294921020255117" lon="114.26692888938038"><ele>-5.963444504535352</ele><time>2023-03-11T05:55:14Z</time></trkpt><trkpt lat="22.294944549907747" lon="114.26694761889473"><ele>-6.611411787186092</ele><time>2023-03-11T05:55:16Z</time></trkpt><trkpt lat="22.294970163453012" lon="114.266966594775"><ele>-7.176257176817616</ele><time>2023-03-11T05:55:18Z</time></trkpt><trkpt lat="22.294994773723655" lon="114.2669847452637"><ele>-7.685795259422182</ele><time>2023-03-11T05:55:20Z</time></trkpt><trkpt lat="22.295018454515247" lon="114.26700707062696"><ele>-7.827493943277257</ele><time>2023-03-11T05:55:22Z</time></trkpt><trkpt lat="22.295035155168584" lon="114.26702232680418"><ele>-7.677963522231168</ele><time>2023-03-11T05:55:24Z</time></trkpt><trkpt lat="22.295052783537052" lon="114.26703417956836"><ele>-7.631576407008825</ele><time>2023-03-11T05:55:26Z</time></trkpt><trkpt lat="22.295068328374303" lon="114.26704417698338"><ele>-7.5649791120461565</ele><time>2023-03-11T05:55:28Z</time></trkpt><trkpt lat="22.295097480292135" lon="114.2670463408116"><ele>-7.613941931437134</ele><time>2023-03-11T05:55:32Z</time></trkpt><trkpt lat="22.29511715477021" lon="114.26704637046663"><ele>-7.655048103311629</ele><time>2023-03-11T05:55:34Z</time></trkpt><trkpt lat="22.295140110038204" lon="114.26704027677654"><ele>-7.428180671620989</ele><time>2023-03-11T05:55:36Z</time></trkpt><trkpt lat="22.295160971032793" lon="114.26704169044336"><ele>-7.25879157600593</ele><time>2023-03-11T05:55:38Z</time></trkpt><trkpt lat="22.295186262241188" lon="114.26704722357185"><ele>-7.597489678102867</ele><time>2023-03-11T05:55:40Z</time></trkpt><trkpt lat="22.29520776374299" lon="114.26705428246294"><ele>-7.5864858207627455</ele><time>2023-03-11T05:55:42Z</time></trkpt><trkpt lat="22.295235058544236" lon="114.26705920338674"><ele>-8.136225918319946</ele><time>2023-03-11T05:55:44Z</time></trkpt><trkpt lat="22.29526218649041" lon="114.26706220110167"><ele>-9.070867058140019</ele><time>2023-03-11T05:55:46Z</time></trkpt><trkpt lat="22.29529027832754" lon="114.26705929795982"><ele>-9.892636434775085</ele><time>2023-03-11T05:55:48Z</time></trkpt><trkpt lat="22.295319527435414" lon="114.26705416624257"><ele>-10.922806538305625</ele><time>2023-03-11T05:55:50Z</time></trkpt><trkpt lat="22.29534855342078" lon="114.26705400533638"><ele>-11.764347496092286</ele><time>2023-03-11T05:55:52Z</time></trkpt><trkpt lat="22.2953750282017" lon="114.26705627768399"><ele>-12.262617736865225</ele><time>2023-03-11T05:55:54Z</time></trkpt><trkpt lat="22.295405191577856" lon="114.26706185227764"><ele>-13.042614508347853</ele><time>2023-03-11T05:55:56Z</time></trkpt><trkpt lat="22.295431901532016" lon="114.26707716066004"><ele>-13.780530485239465</ele><time>2023-03-11T05:55:58Z</time></trkpt><trkpt lat="22.295457740315598" lon="114.26708826892774"><ele>-14.766324818532844</ele><time>2023-03-11T05:56:00Z</time></trkpt><trkpt lat="22.295483044185204" lon="114.26709110324792"><ele>-15.164164364651887</ele><time>2023-03-11T05:56:02Z</time></trkpt><trkpt lat="22.295503001010072" lon="114.26708965253623"><ele>-15.717032278714367</ele><time>2023-03-11T05:56:04Z</time></trkpt><trkpt lat="22.295522432550538" lon="114.26708502258246"><ele>-16.536656879762212</ele><time>2023-03-11T05:56:06Z</time></trkpt><trkpt lat="22.29554320481547" lon="114.2670868087366"><ele>-17.426371802633746</ele><time>2023-03-11T05:56:08Z</time></trkpt><trkpt lat="22.295571203411683" lon="114.2670901600599"><ele>-18.568697314805668</ele><time>2023-03-11T05:56:10Z</time></trkpt><trkpt lat="22.295601457531298" lon="114.26709657607708"><ele>-19.332565383372305</ele><time>2023-03-11T05:56:12Z</time></trkpt><trkpt lat="22.295631521038505" lon="114.26710493277888"><ele>-20.356091462418078</ele><time>2023-03-11T05:56:14Z</time></trkpt><trkpt lat="22.295658252291936" lon="114.26710625252336"><ele>-21.05339154484828</ele><time>2023-03-11T05:56:16Z</time></trkpt><trkpt lat="22.295683283887264" lon="114.26710902322515"><ele>-21.46328621267351</ele><time>2023-03-11T05:56:18Z</time></trkpt><trkpt lat="22.295707038175234" lon="114.26711407333856"><ele>-22.056752178329575</ele><time>2023-03-11T05:56:20Z</time></trkpt><trkpt lat="22.2957317997919" lon="114.26713039354338"><ele>-22.793053225270864</ele><time>2023-03-11T05:56:22Z</time></trkpt><trkpt lat="22.29575046950943" lon="114.2671398653395"><ele>-23.757823209166187</ele><time>2023-03-11T05:56:24Z</time></trkpt><trkpt lat="22.29577161883011" lon="114.26714275316169"><ele>-24.736209765511813</ele><time>2023-03-11T05:56:26Z</time></trkpt><trkpt lat="22.295792253520933" lon="114.26713905762385"><ele>-25.53906169879752</ele><time>2023-03-11T05:56:28Z</time></trkpt><trkpt lat="22.29581692666847" lon="114.26713354928582"><ele>-26.30278275437541</ele><time>2023-03-11T05:56:30Z</time></trkpt><trkpt lat="22.295844019580837" lon="114.26712509276503"><ele>-26.570651377601457</ele><time>2023-03-11T05:56:32Z</time></trkpt><trkpt lat="22.295871530687123" lon="114.26712227758998"><ele>-26.940915099998332</ele><time>2023-03-11T05:56:34Z</time></trkpt><trkpt lat="22.295899087517657" lon="114.26712390646698"><ele>-27.065701894331085</ele><time>2023-03-11T05:56:36Z</time></trkpt><trkpt lat="22.295923839788443" lon="114.26712366674744"><ele>-26.992638551436343</ele><time>2023-03-11T05:56:38Z</time></trkpt><trkpt lat="22.29594244692221" lon="114.26711241180462"><ele>-26.991853207889953</ele><time>2023-03-11T05:56:40Z</time></trkpt><trkpt lat="22.295957658726206" lon="114.26709478640271"><ele>-26.703032006896468</ele><time>2023-03-11T05:56:42Z</time></trkpt><trkpt lat="22.295980721468716" lon="114.26707603103945"><ele>-27.043556830415838</ele><time>2023-03-11T05:56:44Z</time></trkpt><trkpt lat="22.295994060193795" lon="114.26705742235458"><ele>-25.6458589410683</ele><time>2023-03-11T05:56:46Z</time></trkpt><trkpt lat="22.296011589505937" lon="114.2670476215083"><ele>-24.265354409772858</ele><time>2023-03-11T05:56:48Z</time></trkpt><trkpt lat="22.29603454173819" lon="114.2670402667803"><ele>-23.42074021601516</ele><time>2023-03-11T05:56:50Z</time></trkpt><trkpt lat="22.296053435796555" lon="114.26703478336947"><ele>-23.018562461704235</ele><time>2023-03-11T05:56:52Z</time></trkpt><trkpt lat="22.296083687771446" lon="114.26701747345356"><ele>-21.217160459278006</ele><time>2023-03-11T05:56:56Z</time></trkpt><trkpt lat="22.296108342150013" lon="114.26698721512285"><ele>-20.00941948781227</ele><time>2023-03-11T05:57:00Z</time></trkpt><trkpt lat="22.296115855461533" lon="114.26696952577565"><ele>-19.31993976597498</ele><time>2023-03-11T05:57:02Z</time></trkpt><trkpt lat="22.296119567112864" lon="114.26693389774394"><ele>-18.74485462172932</ele><time>2023-03-11T05:57:06Z</time></trkpt><trkpt lat="22.29611506245342" lon="114.2669099380991"><ele>-18.285677273393524</ele><time>2023-03-11T05:57:08Z</time></trkpt><trkpt lat="22.296111044599847" lon="114.26688669662775"><ele>-17.343264302728798</ele><time>2023-03-11T05:57:10Z</time></trkpt><trkpt lat="22.29610439080623" lon="114.26686593685852"><ele>-10.561830272599153</ele><time>2023-03-11T05:57:14Z</time></trkpt><trkpt lat="22.296119524870818" lon="114.26683332825193"><ele>-5.452695124550292</ele><time>2023-03-11T05:57:18Z</time></trkpt><trkpt lat="22.29612444273547" lon="114.26681233977094"><ele>-3.726370704667721</ele><time>2023-03-11T05:57:20Z</time></trkpt><trkpt lat="22.296133855003337" lon="114.26678699200089"><ele>-3.7976845833714963</ele><time>2023-03-11T05:57:22Z</time></trkpt><trkpt lat="22.29614858078378" lon="114.2667611979134"><ele>-3.434339245135825</ele><time>2023-03-11T05:57:24Z</time></trkpt><trkpt lat="22.29616798675246" lon="114.26673638527826"><ele>-3.8004204121179757</ele><time>2023-03-11T05:57:26Z</time></trkpt><trkpt lat="22.296193649856065" lon="114.26670873266328"><ele>-4.067272664450379</ele><time>2023-03-11T05:57:28Z</time></trkpt><trkpt lat="22.296220267030808" lon="114.26668248216889"><ele>-4.317191015003238</ele><time>2023-03-11T05:57:30Z</time></trkpt><trkpt lat="22.296238045639114" lon="114.26665596429142"><ele>-4.939129864564019</ele><time>2023-03-11T05:57:32Z</time></trkpt><trkpt lat="22.296251169444307" lon="114.266621971001"><ele>-5.512494532294416</ele><time>2023-03-11T05:57:34Z</time></trkpt><trkpt lat="22.296266652105913" lon="114.26658530487279"><ele>-5.728021842267944</ele><time>2023-03-11T05:57:36Z</time></trkpt><trkpt lat="22.296288018781233" lon="114.26655651538398"><ele>-5.968058325922573</ele><time>2023-03-11T05:57:38Z</time></trkpt><trkpt lat="22.296312306955908" lon="114.26653262924285"><ele>-6.525973428575643</ele><time>2023-03-11T05:57:40Z</time></trkpt><trkpt lat="22.296334321660854" lon="114.26650919573281"><ele>-7.378912297601887</ele><time>2023-03-11T05:57:42Z</time></trkpt><trkpt lat="22.29634841141588" lon="114.26648879341985"><ele>-8.687055336656869</ele><time>2023-03-11T05:57:44Z</time></trkpt><trkpt lat="22.29635650451729" lon="114.26647092514517"><ele>-9.664335312942665</ele><time>2023-03-11T05:57:46Z</time></trkpt><trkpt lat="22.296362522496008" lon="114.26644683082499"><ele>-10.006502059007566</ele><time>2023-03-11T05:57:48Z</time></trkpt><trkpt lat="22.296367805441662" lon="114.2664226872215"><ele>-10.548949317579261</ele><time>2023-03-11T05:57:50Z</time></trkpt><trkpt lat="22.296377771078397" lon="114.26639980842653"><ele>-11.43937460482325</ele><time>2023-03-11T05:57:52Z</time></trkpt><trkpt lat="22.296390133057937" lon="114.26637755339145"><ele>-12.428305881832406</ele><time>2023-03-11T05:57:54Z</time></trkpt><trkpt lat="22.29640729747256" lon="114.26636192952266"><ele>-13.094235764267316</ele><time>2023-03-11T05:57:56Z</time></trkpt><trkpt lat="22.296423912513227" lon="114.26634440267729"><ele>-13.764559416081891</ele><time>2023-03-11T05:57:58Z</time></trkpt><trkpt lat="22.296439766238787" lon="114.26632687986394"><ele>-14.453761633861705</ele><time>2023-03-11T05:58:00Z</time></trkpt><trkpt lat="22.29645572552021" lon="114.26631222647106"><ele>-14.86057932774512</ele><time>2023-03-11T05:58:02Z</time></trkpt><trkpt lat="22.296463940180377" lon="114.26628956729805"><ele>-15.585091402757747</ele><time>2023-03-11T05:58:04Z</time></trkpt><trkpt lat="22.29647990322777" lon="114.26626966180295"><ele>-15.927791250417592</ele><time>2023-03-11T05:58:06Z</time></trkpt><trkpt lat="22.29649527718473" lon="114.26624731834416"><ele>-16.084756332520396</ele><time>2023-03-11T05:58:08Z</time></trkpt><trkpt lat="22.296509582038734" lon="114.26622403014383"><ele>-16.539166335015484</ele><time>2023-03-11T05:58:10Z</time></trkpt><trkpt lat="22.296502135215984" lon="114.26620106869002"><ele>-9.425946226931044</ele><time>2023-03-11T05:58:14Z</time></trkpt><trkpt lat="22.296504933756918" lon="114.26615957893357"><ele>-6.618293793130485</ele><time>2023-03-11T05:58:18Z</time></trkpt><trkpt lat="22.29651229795379" lon="114.26613016742081"><ele>-6.9316612247607425</ele><time>2023-03-11T05:58:20Z</time></trkpt><trkpt lat="22.29651926208561" lon="114.26609963503303"><ele>-7.114533331841978</ele><time>2023-03-11T05:58:22Z</time></trkpt><trkpt lat="22.296524623741682" lon="114.26606816053577"><ele>-7.829863169334214</ele><time>2023-03-11T05:58:24Z</time></trkpt><trkpt lat="22.296530138344643" lon="114.26604035374457"><ele>-8.57092797959425</ele><time>2023-03-11T05:58:26Z</time></trkpt><trkpt lat="22.296535420334724" lon="114.26601222458449"><ele>-9.337201966792803</ele><time>2023-03-11T05:58:28Z</time></trkpt><trkpt lat="22.29654404469485" lon="114.26598483124867"><ele>-10.242210460068979</ele><time>2023-03-11T05:58:30Z</time></trkpt><trkpt lat="22.296551144133606" lon="114.26595551936825"><ele>-10.72675347348014</ele><time>2023-03-11T05:58:32Z</time></trkpt><trkpt lat="22.29655561512903" lon="114.26592456868575"><ele>-11.182223174085605</ele><time>2023-03-11T05:58:34Z</time></trkpt><trkpt lat="22.296560301212846" lon="114.26589509637358"><ele>-11.988723572622789</ele><time>2023-03-11T05:58:36Z</time></trkpt><trkpt lat="22.29657226206181" lon="114.26586592126485"><ele>-12.712619641175415</ele><time>2023-03-11T05:58:38Z</time></trkpt><trkpt lat="22.296584855245328" lon="114.26583398326845"><ele>-13.42225421411815</ele><time>2023-03-11T05:58:40Z</time></trkpt><trkpt lat="22.296572393803093" lon="114.26580530461338"><ele>-5.810244582434453</ele><time>2023-03-11T05:58:44Z</time></trkpt><trkpt lat="22.296564898931727" lon="114.26576687067154"><ele>-1.7130244694948182</ele><time>2023-03-11T05:58:48Z</time></trkpt><trkpt lat="22.296567939557036" lon="114.2657426223238"><ele>-0.45071389504868453</ele><time>2023-03-11T05:58:50Z</time></trkpt><trkpt lat="22.29657407331137" lon="114.26571630230546"><ele>0.48370906588860596</ele><time>2023-03-11T05:58:52Z</time></trkpt><trkpt lat="22.29658083613623" lon="114.26569370733971"><ele>1.0448351100162039</ele><time>2023-03-11T05:58:54Z</time></trkpt><trkpt lat="22.296590074835354" lon="114.26567020260036"><ele>1.3327639992266185</ele><time>2023-03-11T05:58:56Z</time></trkpt><trkpt lat="22.296603814295498" lon="114.26565017998318"><ele>1.317630499670303</ele><time>2023-03-11T05:58:58Z</time></trkpt><trkpt lat="22.296612522921457" lon="114.2656276100614"><ele>1.442680588159102</ele><time>2023-03-11T05:59:00Z</time></trkpt><trkpt lat="22.29662663738632" lon="114.26559913370706"><ele>1.5603796750762757</ele><time>2023-03-11T05:59:02Z</time></trkpt><trkpt lat="22.296638920884142" lon="114.26557220925986"><ele>1.914611598777176</ele><time>2023-03-11T05:59:04Z</time></trkpt><trkpt lat="22.296648644396925" lon="114.26554809669302"><ele>2.0734430350028874</ele><time>2023-03-11T05:59:06Z</time></trkpt><trkpt lat="22.296661681022535" lon="114.2655218480873"><ele>2.5981878352115797</ele><time>2023-03-11T05:59:08Z</time></trkpt><trkpt lat="22.296671410802325" lon="114.26549939952983"><ele>2.639804564658692</ele><time>2023-03-11T05:59:10Z</time></trkpt><trkpt lat="22.29668126256183" lon="114.2654800050422"><ele>3.0504520654760157</ele><time>2023-03-11T05:59:12Z</time></trkpt><trkpt lat="22.29668720979631" lon="114.26545976566061"><ele>3.3632372693652566</ele><time>2023-03-11T05:59:14Z</time></trkpt><trkpt lat="22.296700087955784" lon="114.26543396713346"><ele>3.2235051586506507</ele><time>2023-03-11T05:59:16Z</time></trkpt><trkpt lat="22.296717563190278" lon="114.26540462804395"><ele>2.6063284091546195</ele><time>2023-03-11T05:59:18Z</time></trkpt><trkpt lat="22.29674255881192" lon="114.26537629762436"><ele>1.805211788382135</ele><time>2023-03-11T05:59:20Z</time></trkpt><trkpt lat="22.296766230052555" lon="114.26535025460699"><ele>1.176621480777516</ele><time>2023-03-11T05:59:22Z</time></trkpt><trkpt lat="22.296785904983366" lon="114.26532036317471"><ele>0.4329283380633346</ele><time>2023-03-11T05:59:24Z</time></trkpt><trkpt lat="22.296800110315274" lon="114.26528921669664"><ele>-0.47415634220590375</ele><time>2023-03-11T05:59:26Z</time></trkpt><trkpt lat="22.296814791331634" lon="114.26526055057775"><ele>-1.659919685292772</ele><time>2023-03-11T05:59:28Z</time></trkpt><trkpt lat="22.29682855651214" lon="114.26523200244807"><ele>-3.064810956980912</ele><time>2023-03-11T05:59:30Z</time></trkpt><trkpt lat="22.296846616152227" lon="114.26520764394598"><ele>-4.34713894930884</ele><time>2023-03-11T05:59:32Z</time></trkpt><trkpt lat="22.29686264365933" lon="114.26518785645052"><ele>-6.009597276250593</ele><time>2023-03-11T05:59:34Z</time></trkpt><trkpt lat="22.296876622178218" lon="114.26516017421673"><ele>-7.548600591797365</ele><time>2023-03-11T05:59:36Z</time></trkpt><trkpt lat="22.29689329501361" lon="114.26513089413824"><ele>-8.476645319575583</ele><time>2023-03-11T05:59:38Z</time></trkpt><trkpt lat="22.296905458361834" lon="114.26510421196356"><ele>-9.205931714310006</ele><time>2023-03-11T05:59:40Z</time></trkpt><trkpt lat="22.29691797711958" lon="114.2650780325214"><ele>-10.245630748339366</ele><time>2023-03-11T05:59:42Z</time></trkpt><trkpt lat="22.296932543345402" lon="114.26505565467464"><ele>-11.300523740418907</ele><time>2023-03-11T05:59:44Z</time></trkpt><trkpt lat="22.296943962918533" lon="114.26503564438555"><ele>-0.34654686233831816</ele><time>2023-03-11T05:59:50Z</time></trkpt><trkpt lat="22.296965905795734" lon="114.26501138152263"><ele>0.8684139733505896</ele><time>2023-03-11T05:59:54Z</time></trkpt><trkpt lat="22.296982801957622" lon="114.26498892399728"><ele>0.7806120546365368</ele><time>2023-03-11T05:59:56Z</time></trkpt><trkpt lat="22.29700648279071" lon="114.26496450560488"><ele>0.5762414819243808</ele><time>2023-03-11T05:59:58Z</time></trkpt><trkpt lat="22.29703357158684" lon="114.26493813074516"><ele>0.3137220089286533</ele><time>2023-03-11T06:00:00Z</time></trkpt><trkpt lat="22.29705388565377" lon="114.26490931780204"><ele>-0.55380145760802</ele><time>2023-03-11T06:00:02Z</time></trkpt><trkpt lat="22.297066399744587" lon="114.26488296550596"><ele>-1.6799658443184415</ele><time>2023-03-11T06:00:04Z</time></trkpt><trkpt lat="22.297086635181447" lon="114.26485873896836"><ele>-2.4837347595971635</ele><time>2023-03-11T06:00:06Z</time></trkpt><trkpt lat="22.29711122923774" lon="114.26484020196995"><ele>-3.2256135301010955</ele><time>2023-03-11T06:00:08Z</time></trkpt><trkpt lat="22.297129859987752" lon="114.26482357992036"><ele>-4.4460234451706535</ele><time>2023-03-11T06:00:10Z</time></trkpt><trkpt lat="22.2971472070515" lon="114.26480674520968"><ele>-5.694387756212694</ele><time>2023-03-11T06:00:12Z</time></trkpt><trkpt lat="22.297161632552903" lon="114.26478594921099"><ele>-7.070317030158435</ele><time>2023-03-11T06:00:14Z</time></trkpt><trkpt lat="22.29717472982997" lon="114.26476710147729"><ele>-8.168690478851406</ele><time>2023-03-11T06:00:16Z</time></trkpt><trkpt lat="22.297196161640723" lon="114.26474724252516"><ele>-9.019418737669366</ele><time>2023-03-11T06:00:18Z</time></trkpt><trkpt lat="22.29721699602549" lon="114.26472470491649"><ele>-9.875747942878185</ele><time>2023-03-11T06:00:20Z</time></trkpt><trkpt lat="22.297237329736973" lon="114.26470197773945"><ele>-10.600364731531181</ele><time>2023-03-11T06:00:22Z</time></trkpt><trkpt lat="22.297256166459107" lon="114.26467916985094"><ele>-11.464581273224166</ele><time>2023-03-11T06:00:24Z</time></trkpt><trkpt lat="22.297275065545584" lon="114.26466011591712"><ele>-12.03139285380913</ele><time>2023-03-11T06:00:26Z</time></trkpt><trkpt lat="22.297292674363373" lon="114.2646432727907"><ele>-12.76468386494593</ele><time>2023-03-11T06:00:28Z</time></trkpt><trkpt lat="22.29731631329946" lon="114.26461503909715"><ele>-14.232967710316013</ele><time>2023-03-11T06:00:32Z</time></trkpt><trkpt lat="22.297335430138087" lon="114.26460285944188"><ele>-14.822258707070208</ele><time>2023-03-11T06:00:34Z</time></trkpt><trkpt lat="22.297355414749592" lon="114.26459258758773"><ele>-15.41453490923206</ele><time>2023-03-11T06:00:36Z</time></trkpt><trkpt lat="22.297374711212655" lon="114.2645816756308"><ele>-15.956844443541327</ele><time>2023-03-11T06:00:38Z</time></trkpt><trkpt lat="22.297391152206973" lon="114.26456759021752"><ele>-16.951087691916552</ele><time>2023-03-11T06:00:40Z</time></trkpt><trkpt lat="22.29741325258332" lon="114.2645542180539"><ele>-17.509839468527506</ele><time>2023-03-11T06:00:42Z</time></trkpt><trkpt lat="22.297432244483456" lon="114.26454074267264"><ele>-18.173774523765626</ele><time>2023-03-11T06:00:44Z</time></trkpt><trkpt lat="22.297448502125786" lon="114.26452326016572"><ele>-18.673774532680365</ele><time>2023-03-11T06:00:46Z</time></trkpt><trkpt lat="22.2974761582497" lon="114.26451019303926"><ele>-18.706306914962695</ele><time>2023-03-11T06:00:48Z</time></trkpt><trkpt lat="22.297508355691757" lon="114.2644962507605"><ele>-18.91508305837157</ele><time>2023-03-11T06:00:50Z</time></trkpt><trkpt lat="22.297542250557353" lon="114.26448532907236"><ele>-19.568527651407546</ele><time>2023-03-11T06:00:52Z</time></trkpt><trkpt lat="22.297573476534758" lon="114.26447428509553"><ele>-20.46791407311559</ele><time>2023-03-11T06:00:54Z</time></trkpt><trkpt lat="22.297599192096467" lon="114.26446804304756"><ele>-20.407021931820058</ele><time>2023-03-11T06:00:56Z</time></trkpt><trkpt lat="22.29762017833052" lon="114.26446002108959"><ele>-20.236859492577242</ele><time>2023-03-11T06:00:58Z</time></trkpt><trkpt lat="22.2976373587527" lon="114.26444511883392"><ele>-20.47913537883044</ele><time>2023-03-11T06:01:00Z</time></trkpt><trkpt lat="22.29765632481273" lon="114.26443267749691"><ele>-20.66699790407278</ele><time>2023-03-11T06:01:02Z</time></trkpt><trkpt lat="22.29767481975542" lon="114.2644163869685"><ele>-20.852123713916072</ele><time>2023-03-11T06:01:04Z</time></trkpt><trkpt lat="22.2977060109594" lon="114.26438852568752"><ele>-21.42077534857502</ele><time>2023-03-11T06:01:08Z</time></trkpt><trkpt lat="22.297726193309114" lon="114.26437445190855"><ele>-21.03410874605217</ele><time>2023-03-11T06:01:10Z</time></trkpt><trkpt lat="22.297747353144995" lon="114.26436014177365"><ele>-20.588140042243</ele><time>2023-03-11T06:01:12Z</time></trkpt><trkpt lat="22.297764545037268" lon="114.26434783483872"><ele>-20.451500999682217</ele><time>2023-03-11T06:01:14Z</time></trkpt><trkpt lat="22.297788826112843" lon="114.26433585480135"><ele>-20.34431314677589</ele><time>2023-03-11T06:01:16Z</time></trkpt><trkpt lat="22.297812208285116" lon="114.26432705192214"><ele>-20.130517509369188</ele><time>2023-03-11T06:01:18Z</time></trkpt><trkpt lat="22.297837944415363" lon="114.26432097016867"><ele>-19.87195767666355</ele><time>2023-03-11T06:01:20Z</time></trkpt><trkpt lat="22.297861270929765" lon="114.26431455922496"><ele>-20.009943345941757</ele><time>2023-03-11T06:01:22Z</time></trkpt><trkpt lat="22.297887161897275" lon="114.26430533210181"><ele>-19.792987693857615</ele><time>2023-03-11T06:01:24Z</time></trkpt><trkpt lat="22.297908424670876" lon="114.26429653164898"><ele>-20.48763426002893</ele><time>2023-03-11T06:01:26Z</time></trkpt><trkpt lat="22.29792877467179" lon="114.26429824558336"><ele>-21.1178437095624</ele><time>2023-03-11T06:01:28Z</time></trkpt><trkpt lat="22.297947507128285" lon="114.26429932990408"><ele>-21.0849233387978</ele><time>2023-03-11T06:01:30Z</time></trkpt><trkpt lat="22.29796989085284" lon="114.26429664604629"><ele>-20.855401280146577</ele><time>2023-03-11T06:01:32Z</time></trkpt><trkpt lat="22.297994508344416" lon="114.26429491129063"><ele>-21.110379392721274</ele><time>2023-03-11T06:01:34Z</time></trkpt><trkpt lat="22.298029733019973" lon="114.26428935764338"><ele>-21.03258923584287</ele><time>2023-03-11T06:01:38Z</time></trkpt><trkpt lat="22.298071029530472" lon="114.26428202616225"><ele>-20.893144185045436</ele><time>2023-03-11T06:01:42Z</time></trkpt><trkpt lat="22.29809822997056" lon="114.2642752865266"><ele>-21.052466578100265</ele><time>2023-03-11T06:01:44Z</time></trkpt><trkpt lat="22.298130001256457" lon="114.26427395969914"><ele>-21.158768594976205</ele><time>2023-03-11T06:01:46Z</time></trkpt><trkpt lat="22.298162392047608" lon="114.26426482142104"><ele>-20.43982789101313</ele><time>2023-03-11T06:01:48Z</time></trkpt><trkpt lat="22.29819298115577" lon="114.26427003864961"><ele>-19.631365828498478</ele><time>2023-03-11T06:01:52Z</time></trkpt><trkpt lat="22.29821101245787" lon="114.26427620791877"><ele>-18.924936782592535</ele><time>2023-03-11T06:01:54Z</time></trkpt><trkpt lat="22.298229659339405" lon="114.26426923707858"><ele>-19.03967066555593</ele><time>2023-03-11T06:01:56Z</time></trkpt><trkpt lat="22.298247609745836" lon="114.26426047292287"><ele>-19.167882720614713</ele><time>2023-03-11T06:01:58Z</time></trkpt><trkpt lat="22.298272049674107" lon="114.26424913685746"><ele>-19.102373642893035</ele><time>2023-03-11T06:02:00Z</time></trkpt><trkpt lat="22.298301755573625" lon="114.26424007892781"><ele>-19.544819178286396</ele><time>2023-03-11T06:02:02Z</time></trkpt><trkpt lat="22.298326723350225" lon="114.26422273192671"><ele>-19.692746704090702</ele><time>2023-03-11T06:02:04Z</time></trkpt><trkpt lat="22.298351778179814" lon="114.26420782907984"><ele>-19.37353397448957</ele><time>2023-03-11T06:02:06Z</time></trkpt><trkpt lat="22.298369129417846" lon="114.26419617027105"><ele>-19.36684494672813</ele><time>2023-03-11T06:02:08Z</time></trkpt><trkpt lat="22.298397322395807" lon="114.26417360664868"><ele>-20.172411359554868</ele><time>2023-03-11T06:02:12Z</time></trkpt><trkpt lat="22.29841816362728" lon="114.26416357981363"><ele>-20.543165459392846</ele><time>2023-03-11T06:02:14Z</time></trkpt><trkpt lat="22.29843491313932" lon="114.26414635390186"><ele>-21.05331246355221</ele><time>2023-03-11T06:02:16Z</time></trkpt><trkpt lat="22.298455616570863" lon="114.26413329595219"><ele>-20.633691219810572</ele><time>2023-03-11T06:02:18Z</time></trkpt><trkpt lat="22.29847593766178" lon="114.26412132847325"><ele>-20.332558398798014</ele><time>2023-03-11T06:02:20Z</time></trkpt><trkpt lat="22.298494695006116" lon="114.26410493172966"><ele>-20.1298321830466</ele><time>2023-03-11T06:02:22Z</time></trkpt><trkpt lat="22.298513779534186" lon="114.26408234279184"><ele>-20.812870312086453</ele><time>2023-03-11T06:02:26Z</time></trkpt><trkpt lat="22.298497339653608" lon="114.26405182535218"><ele>-21.261793029508183</ele><time>2023-03-11T06:02:30Z</time></trkpt><trkpt lat="22.298542606545073" lon="114.26404392689011"><ele>-18.846948589171017</ele><time>2023-03-11T06:02:48Z</time></trkpt><trkpt lat="22.29858461173522" lon="114.26404142264235"><ele>-19.005178266341524</ele><time>2023-03-11T06:02:50Z</time></trkpt><trkpt lat="22.298612568659564" lon="114.26403854507292"><ele>-19.22562076503902</ele><time>2023-03-11T06:02:52Z</time></trkpt><trkpt lat="22.29864175135929" lon="114.26402436484764"><ele>-19.642840678995984</ele><time>2023-03-11T06:02:54Z</time></trkpt><trkpt lat="22.298658120940214" lon="114.26401167888241"><ele>-19.866041969508608</ele><time>2023-03-11T06:02:56Z</time></trkpt><trkpt lat="22.29868799006779" lon="114.26401622128"><ele>-19.739028825762055</ele><time>2023-03-11T06:02:58Z</time></trkpt><trkpt lat="22.298706554710787" lon="114.26401662639304"><ele>-19.77186507508113</ele><time>2023-03-11T06:03:00Z</time></trkpt><trkpt lat="22.298748439663658" lon="114.26402296814192"><ele>-19.367589742472887</ele><time>2023-03-11T06:03:04Z</time></trkpt><trkpt lat="22.298780384923052" lon="114.26401396165392"><ele>-19.00295043770185</ele><time>2023-03-11T06:03:08Z</time></trkpt><trkpt lat="22.298801225744594" lon="114.26401423629466"><ele>-18.678316114075894</ele><time>2023-03-11T06:03:10Z</time></trkpt><trkpt lat="22.298822161318693" lon="114.26401938805786"><ele>-18.764096872377166</ele><time>2023-03-11T06:03:12Z</time></trkpt><trkpt lat="22.298845079901366" lon="114.26402353181867"><ele>-18.855230278360914</ele><time>2023-03-11T06:03:14Z</time></trkpt><trkpt lat="22.298866128124185" lon="114.26402976015225"><ele>-19.2411636599229</ele><time>2023-03-11T06:03:16Z</time></trkpt><trkpt lat="22.298892908194627" lon="114.26403506318101"><ele>-19.08326805399412</ele><time>2023-03-11T06:03:18Z</time></trkpt><trkpt lat="22.298923230782503" lon="114.26403076301399"><ele>-18.66017176404466</ele><time>2023-03-11T06:03:20Z</time></trkpt><trkpt lat="22.29894415749201" lon="114.26402730576562"><ele>-18.840186187399976</ele><time>2023-03-11T06:03:22Z</time></trkpt><trkpt lat="22.298967720147484" lon="114.26402618616633"><ele>-18.72140097151906</ele><time>2023-03-11T06:03:24Z</time></trkpt><trkpt lat="22.298994418190546" lon="114.2640239077103"><ele>-18.748298466958033</ele><time>2023-03-11T06:03:26Z</time></trkpt><trkpt lat="22.299021104821765" lon="114.26401344249825"><ele>-19.00753302842174</ele><time>2023-03-11T06:03:28Z</time></trkpt><trkpt lat="22.29904418398624" lon="114.26400966667744"><ele>-19.44582796977654</ele><time>2023-03-11T06:03:30Z</time></trkpt><trkpt lat="22.299068087325608" lon="114.26400872548965"><ele>-19.75176800898423</ele><time>2023-03-11T06:03:32Z</time></trkpt><trkpt lat="22.299090765490714" lon="114.26401149151005"><ele>-19.7851525116171</ele><time>2023-03-11T06:03:34Z</time></trkpt><trkpt lat="22.299111620991667" lon="114.26400981519775"><ele>-19.612924485984095</ele><time>2023-03-11T06:03:36Z</time></trkpt><trkpt lat="22.299137816234147" lon="114.2640072405418"><ele>-19.851071966631835</ele><time>2023-03-11T06:03:38Z</time></trkpt><trkpt lat="22.299167157568217" lon="114.26400318436905"><ele>-19.386069121127022</ele><time>2023-03-11T06:03:40Z</time></trkpt><trkpt lat="22.299186312500705" lon="114.2639950862175"><ele>-19.485278152287552</ele><time>2023-03-11T06:03:42Z</time></trkpt><trkpt lat="22.299209902573914" lon="114.26398733248553"><ele>-19.841129378363252</ele><time>2023-03-11T06:03:44Z</time></trkpt><trkpt lat="22.299230746097695" lon="114.26397738313464"><ele>-20.162999558182594</ele><time>2023-03-11T06:03:46Z</time></trkpt><trkpt lat="22.29925028954078" lon="114.26397083665822"><ele>-20.190389511382985</ele><time>2023-03-11T06:03:48Z</time></trkpt><trkpt lat="22.299274711822346" lon="114.26396292724415"><ele>-20.19254237896779</ele><time>2023-03-11T06:03:50Z</time></trkpt><trkpt lat="22.299299331609777" lon="114.26396034781334"><ele>-20.193713678738018</ele><time>2023-03-11T06:03:52Z</time></trkpt><trkpt lat="22.299320147808896" lon="114.26395979311772"><ele>-20.010120202632706</ele><time>2023-03-11T06:03:54Z</time></trkpt><trkpt lat="22.299341851947585" lon="114.26396110847269"><ele>-20.000155709599</ele><time>2023-03-11T06:03:56Z</time></trkpt><trkpt lat="22.29936135886223" lon="114.26395762003116"><ele>-20.171979033437385</ele><time>2023-03-11T06:03:58Z</time></trkpt><trkpt lat="22.2993876142299" lon="114.26394726998201"><ele>-20.2059304890119</ele><time>2023-03-11T06:04:00Z</time></trkpt><trkpt lat="22.299412817337597" lon="114.26393570626293"><ele>-20.113271510672874</ele><time>2023-03-11T06:04:02Z</time></trkpt><trkpt lat="22.299437727234736" lon="114.26392310877011"><ele>-19.95843178429408</ele><time>2023-03-11T06:04:04Z</time></trkpt><trkpt lat="22.299456757104416" lon="114.26391525048753"><ele>-20.45166772096033</ele><time>2023-03-11T06:04:06Z</time></trkpt><trkpt lat="22.29947646289987" lon="114.26391302270831"><ele>-20.73513767866288</ele><time>2023-03-11T06:04:08Z</time></trkpt><trkpt lat="22.29951175565948" lon="114.26390889671507"><ele>-20.696894359744306</ele><time>2023-03-11T06:04:12Z</time></trkpt><trkpt lat="22.29953511658149" lon="114.26390369196392"><ele>-20.337141776752777</ele><time>2023-03-11T06:04:14Z</time></trkpt><trkpt lat="22.29955705934762" lon="114.2638917037054"><ele>-20.482991278874614</ele><time>2023-03-11T06:04:16Z</time></trkpt><trkpt lat="22.299576043913383" lon="114.26387602038521"><ele>-20.31878533919167</ele><time>2023-03-11T06:04:18Z</time></trkpt><trkpt lat="22.299595959708043" lon="114.26386098559585"><ele>-20.335745208988712</ele><time>2023-03-11T06:04:20Z</time></trkpt><trkpt lat="22.2996171697458" lon="114.2638574280017"><ele>-20.94416910938909</ele><time>2023-03-11T06:04:22Z</time></trkpt><trkpt lat="22.29965499429433" lon="114.26386323626754"><ele>-21.957424865884974</ele><time>2023-03-11T06:04:26Z</time></trkpt><trkpt lat="22.299677164048582" lon="114.26386395126262"><ele>-22.36165063996833</ele><time>2023-03-11T06:04:28Z</time></trkpt><trkpt lat="22.299698651476255" lon="114.2638597327669"><ele>-22.55575287995541</ele><time>2023-03-11T06:04:30Z</time></trkpt><trkpt lat="22.299721724551137" lon="114.26385322516475"><ele>-22.35044244366084</ele><time>2023-03-11T06:04:32Z</time></trkpt><trkpt lat="22.299740761431053" lon="114.2638446513891"><ele>-22.028107293969352</ele><time>2023-03-11T06:04:34Z</time></trkpt><trkpt lat="22.299760817757374" lon="114.26384096947517"><ele>-21.91053157652554</ele><time>2023-03-11T06:04:36Z</time></trkpt><trkpt lat="22.299783445763207" lon="114.26384266532195"><ele>-22.275582685310045</ele><time>2023-03-11T06:04:38Z</time></trkpt><trkpt lat="22.299809556064226" lon="114.26384335698599"><ele>-22.476511177339443</ele><time>2023-03-11T06:04:40Z</time></trkpt><trkpt lat="22.29983146953281" lon="114.26384616199067"><ele>-23.163027176052502</ele><time>2023-03-11T06:04:42Z</time></trkpt><trkpt lat="22.299858154983347" lon="114.26384928533044"><ele>-22.959854059184647</ele><time>2023-03-11T06:04:44Z</time></trkpt><trkpt lat="22.299892878350697" lon="114.26385114712424"><ele>-22.182317376113943</ele><time>2023-03-11T06:04:46Z</time></trkpt><trkpt lat="22.29991678537154" lon="114.26385975611562"><ele>-21.779640554770697</ele><time>2023-03-11T06:04:48Z</time></trkpt><trkpt lat="22.29994436420545" lon="114.26386800792845"><ele>-21.213334870323745</ele><time>2023-03-11T06:04:50Z</time></trkpt><trkpt lat="22.299968465622687" lon="114.26387327922154"><ele>-21.463709367580798</ele><time>2023-03-11T06:04:52Z</time></trkpt><trkpt lat="22.299995522181735" lon="114.2638714617488"><ele>-21.274056085021293</ele><time>2023-03-11T06:04:54Z</time></trkpt><trkpt lat="22.30001980964011" lon="114.26387068210094"><ele>-20.90384451486151</ele><time>2023-03-11T06:04:56Z</time></trkpt><trkpt lat="22.300037050261743" lon="114.2638822248708"><ele>-20.819855117435846</ele><time>2023-03-11T06:04:58Z</time></trkpt><trkpt lat="22.30005901301901" lon="114.2638927794022"><ele>-20.958097394376672</ele><time>2023-03-11T06:05:00Z</time></trkpt><trkpt lat="22.30007726207624" lon="114.26390046443944"><ele>-21.698339828471994</ele><time>2023-03-11T06:05:02Z</time></trkpt><trkpt lat="22.300094648572585" lon="114.26390691255253"><ele>-22.200991951733442</ele><time>2023-03-11T06:05:04Z</time></trkpt><trkpt lat="22.300137066422323" lon="114.26390826939323"><ele>-22.026531527524323</ele><time>2023-03-11T06:05:08Z</time></trkpt><trkpt lat="22.300164660156707" lon="114.26390178487638"><ele>-21.792305225657625</ele><time>2023-03-11T06:05:10Z</time></trkpt><trkpt lat="22.300188413880434" lon="114.26389840077488"><ele>-21.96436491647918</ele><time>2023-03-11T06:05:12Z</time></trkpt><trkpt lat="22.300210999051753" lon="114.2638979711562"><ele>-21.560508394490174</ele><time>2023-03-11T06:05:14Z</time></trkpt><trkpt lat="22.300232422630852" lon="114.26389685107245"><ele>-21.627784107562263</ele><time>2023-03-11T06:05:16Z</time></trkpt><trkpt lat="22.300251545158492" lon="114.26389641962493"><ele>-22.06392496401577</ele><time>2023-03-11T06:05:18Z</time></trkpt><trkpt lat="22.30027250792952" lon="114.2638982236613"><ele>-22.238472797557048</ele><time>2023-03-11T06:05:20Z</time></trkpt><trkpt lat="22.300301604966787" lon="114.26389996186747"><ele>-22.434584594830728</ele><time>2023-03-11T06:05:22Z</time></trkpt><trkpt lat="22.300324688796305" lon="114.2638994302044"><ele>-23.035804444324846</ele><time>2023-03-11T06:05:24Z</time></trkpt><trkpt lat="22.300345399970055" lon="114.26390425758265"><ele>-23.292167554372067</ele><time>2023-03-11T06:05:26Z</time></trkpt><trkpt lat="22.300368681462995" lon="114.26390320920117"><ele>-23.29923429266233</ele><time>2023-03-11T06:05:28Z</time></trkpt><trkpt lat="22.300389144045376" lon="114.26390720258196"><ele>-23.249617997581712</ele><time>2023-03-11T06:05:30Z</time></trkpt><trkpt lat="22.300409168855506" lon="114.26390907287072"><ele>-23.20952147570871</ele><time>2023-03-11T06:05:32Z</time></trkpt><trkpt lat="22.300432623344946" lon="114.26391215325883"><ele>-23.5361445088547</ele><time>2023-03-11T06:05:34Z</time></trkpt><trkpt lat="22.30045418463515" lon="114.26391888507185"><ele>-24.027042283893355</ele><time>2023-03-11T06:05:36Z</time></trkpt><trkpt lat="22.30047291536204" lon="114.26393101577823"><ele>-24.41132724513967</ele><time>2023-03-11T06:05:38Z</time></trkpt><trkpt lat="22.30048995708845" lon="114.26394449739595"><ele>-24.756338720196034</ele><time>2023-03-11T06:05:40Z</time></trkpt><trkpt lat="22.300507355352327" lon="114.26395563041204"><ele>-25.138933302599305</ele><time>2023-03-11T06:05:42Z</time></trkpt><trkpt lat="22.30052741291918" lon="114.2639686853276"><ele>-25.375363489465126</ele><time>2023-03-11T06:05:44Z</time></trkpt><trkpt lat="22.300548994017895" lon="114.26398109934497"><ele>-25.254412589416265</ele><time>2023-03-11T06:05:46Z</time></trkpt><trkpt lat="22.30057209930471" lon="114.26399578968592"><ele>-24.99152952884593</ele><time>2023-03-11T06:05:48Z</time></trkpt><trkpt lat="22.300599193077105" lon="114.26401330026937"><ele>-24.632500670956844</ele><time>2023-03-11T06:05:50Z</time></trkpt><trkpt lat="22.300624043586843" lon="114.26403220687293"><ele>-24.275409574468544</ele><time>2023-03-11T06:05:52Z</time></trkpt><trkpt lat="22.300641910786634" lon="114.26404887092711"><ele>-24.28887393256352</ele><time>2023-03-11T06:05:54Z</time></trkpt><trkpt lat="22.30065785356665" lon="114.26406574597897"><ele>-24.225972109745655</ele><time>2023-03-11T06:05:56Z</time></trkpt><trkpt lat="22.300679209475582" lon="114.26407711332669"><ele>-23.904714996479186</ele><time>2023-03-11T06:05:58Z</time></trkpt><trkpt lat="22.300700861884533" lon="114.26408643920313"><ele>-23.441362223574558</ele><time>2023-03-11T06:06:00Z</time></trkpt><trkpt lat="22.30071894714955" lon="114.2640996722843"><ele>-23.253910417981405</ele><time>2023-03-11T06:06:02Z</time></trkpt><trkpt lat="22.30072952140811" lon="114.26411855962324"><ele>-22.882756469185296</ele><time>2023-03-11T06:06:04Z</time></trkpt><trkpt lat="22.300737474863947" lon="114.26413859560029"><ele>-22.574251380487492</ele><time>2023-03-11T06:06:06Z</time></trkpt><trkpt lat="22.30074722698221" lon="114.26416477636461"><ele>-21.99278949654203</ele><time>2023-03-11T06:06:08Z</time></trkpt><trkpt lat="22.30075589589952" lon="114.26419022923605"><ele>-21.855766769551437</ele><time>2023-03-11T06:06:10Z</time></trkpt><trkpt lat="22.300767258057448" lon="114.26421459517465"><ele>-21.42895898563894</ele><time>2023-03-11T06:06:12Z</time></trkpt><trkpt lat="22.300784835162073" lon="114.26423714422552"><ele>-21.424849630025587</ele><time>2023-03-11T06:06:14Z</time></trkpt><trkpt lat="22.300799297867623" lon="114.26425292153158"><ele>-21.651188509662834</ele><time>2023-03-11T06:06:16Z</time></trkpt><trkpt lat="22.30081470298875" lon="114.26426872538052"><ele>-22.411007882232994</ele><time>2023-03-11T06:06:18Z</time></trkpt><trkpt lat="22.300835601906396" lon="114.26428551438"><ele>-22.361121852810182</ele><time>2023-03-11T06:06:20Z</time></trkpt><trkpt lat="22.300858761870803" lon="114.26429845966034"><ele>-21.684890900645367</ele><time>2023-03-11T06:06:22Z</time></trkpt><trkpt lat="22.30087915313064" lon="114.26430863816138"><ele>-21.16547900168636</ele><time>2023-03-11T06:06:24Z</time></trkpt><trkpt lat="22.300902248057426" lon="114.26432281992815"><ele>-20.908567478860423</ele><time>2023-03-11T06:06:26Z</time></trkpt><trkpt lat="22.300927227929577" lon="114.26433672184181"><ele>-20.948235121744684</ele><time>2023-03-11T06:06:28Z</time></trkpt><trkpt lat="22.300949395412246" lon="114.26434841925483"><ele>-20.970273117441394</ele><time>2023-03-11T06:06:30Z</time></trkpt><trkpt lat="22.30097241918236" lon="114.2643539985236"><ele>-20.249550358662948</ele><time>2023-03-11T06:06:32Z</time></trkpt><trkpt lat="22.30100933815552" lon="114.2643676430461"><ele>-18.757279987980226</ele><time>2023-03-11T06:06:36Z</time></trkpt><trkpt lat="22.30104137800572" lon="114.26438510663475"><ele>-17.36139853522917</ele><time>2023-03-11T06:06:40Z</time></trkpt><trkpt lat="22.30106888144446" lon="114.26438566625642"><ele>-16.914729589825857</ele><time>2023-03-11T06:06:42Z</time></trkpt><trkpt lat="22.30110002890275" lon="114.26438947904879"><ele>-16.939783646457165</ele><time>2023-03-11T06:06:44Z</time></trkpt><trkpt lat="22.301126989285642" lon="114.26439281204853"><ele>-18.490000536603006</ele><time>2023-03-11T06:06:48Z</time></trkpt><trkpt lat="22.30114771687513" lon="114.26436827777576"><ele>-19.77883613581639</ele><time>2023-03-11T06:06:52Z</time></trkpt><trkpt lat="22.301172562121376" lon="114.26436167064223"><ele>-19.525754507282368</ele><time>2023-03-11T06:06:54Z</time></trkpt><trkpt lat="22.301193467903246" lon="114.26436425055623"><ele>-20.40886829227932</ele><time>2023-03-11T06:06:56Z</time></trkpt><trkpt lat="22.301223599755794" lon="114.2643648712041"><ele>-20.413049501720145</ele><time>2023-03-11T06:06:58Z</time></trkpt><trkpt lat="22.30125086366523" lon="114.26436970577626"><ele>-20.375642904720152</ele><time>2023-03-11T06:07:00Z</time></trkpt><trkpt lat="22.30128368702584" lon="114.26438663013793"><ele>-20.44945483289538</ele><time>2023-03-11T06:07:04Z</time></trkpt><trkpt lat="22.301300913246635" lon="114.26439738070547"><ele>-20.776832617328225</ele><time>2023-03-11T06:07:06Z</time></trkpt><trkpt lat="22.30133184530803" lon="114.26442266454185"><ele>-21.840566818593153</ele><time>2023-03-11T06:07:10Z</time></trkpt><trkpt lat="22.301356790873932" lon="114.26442970520374"><ele>-22.1946141118726</ele><time>2023-03-11T06:07:12Z</time></trkpt><trkpt lat="22.301383648793465" lon="114.26443600638535"><ele>-22.511377425519047</ele><time>2023-03-11T06:07:14Z</time></trkpt><trkpt lat="22.30140573945551" lon="114.26444516071055"><ele>-22.57825697043492</ele><time>2023-03-11T06:07:16Z</time></trkpt><trkpt lat="22.301424057101116" lon="114.26445783852994"><ele>-22.563380472029824</ele><time>2023-03-11T06:07:18Z</time></trkpt><trkpt lat="22.301444519331415" lon="114.26446922543695"><ele>-22.17430497180838</ele><time>2023-03-11T06:07:20Z</time></trkpt><trkpt lat="22.301462626600447" lon="114.26448575312952"><ele>-22.08285081079351</ele><time>2023-03-11T06:07:22Z</time></trkpt><trkpt lat="22.301485071940263" lon="114.26449955517404"><ele>-22.328591932320826</ele><time>2023-03-11T06:07:24Z</time></trkpt><trkpt lat="22.301511876622726" lon="114.26450873295212"><ele>-21.965305667637374</ele><time>2023-03-11T06:07:26Z</time></trkpt><trkpt lat="22.30153898840167" lon="114.26452257522143"><ele>-21.71923648094879</ele><time>2023-03-11T06:07:28Z</time></trkpt><trkpt lat="22.30156110211327" lon="114.26453595900642"><ele>-21.57957010852774</ele><time>2023-03-11T06:07:30Z</time></trkpt><trkpt lat="22.301581785855777" lon="114.26454733412882"><ele>-21.690540623297583</ele><time>2023-03-11T06:07:32Z</time></trkpt><trkpt lat="22.301604750180545" lon="114.26455760832975"><ele>-21.78562106665348</ele><time>2023-03-11T06:07:34Z</time></trkpt><trkpt lat="22.301625003397263" lon="114.26456761905253"><ele>-22.020962516313723</ele><time>2023-03-11T06:07:36Z</time></trkpt><trkpt lat="22.301645283336455" lon="114.2645816079465"><ele>-21.99516679490855</ele><time>2023-03-11T06:07:38Z</time></trkpt><trkpt lat="22.301669270771587" lon="114.2645970164137"><ele>-22.117747701862793</ele><time>2023-03-11T06:07:40Z</time></trkpt><trkpt lat="22.301688949309252" lon="114.26461554458605"><ele>-22.31936630394951</ele><time>2023-03-11T06:07:42Z</time></trkpt><trkpt lat="22.3017106642951" lon="114.26463221351015"><ele>-22.654266392639116</ele><time>2023-03-11T06:07:44Z</time></trkpt><trkpt lat="22.301733684720016" lon="114.26464891992131"><ele>-22.73383702871492</ele><time>2023-03-11T06:07:46Z</time></trkpt><trkpt lat="22.301752771872223" lon="114.2646621369868"><ele>-22.815830848559383</ele><time>2023-03-11T06:07:48Z</time></trkpt><trkpt lat="22.301769021014376" lon="114.26467564580501"><ele>-22.90168526456014</ele><time>2023-03-11T06:07:50Z</time></trkpt><trkpt lat="22.301782171302445" lon="114.26468939756943"><ele>-23.05352667085524</ele><time>2023-03-11T06:07:52Z</time></trkpt><trkpt lat="22.301799824366558" lon="114.26469589570603"><ele>-23.154516527326912</ele><time>2023-03-11T06:07:54Z</time></trkpt><trkpt lat="22.301820197758722" lon="114.26470390802915"><ele>-23.124367020623662</ele><time>2023-03-11T06:07:56Z</time></trkpt><trkpt lat="22.30183893916507" lon="114.26471485243475"><ele>-23.35684640451326</ele><time>2023-03-11T06:07:58Z</time></trkpt><trkpt lat="22.30186133756474" lon="114.26472484473446"><ele>-23.173990556159946</ele><time>2023-03-11T06:08:00Z</time></trkpt><trkpt lat="22.301890390990096" lon="114.26472929150985"><ele>-22.704569535419303</ele><time>2023-03-11T06:08:02Z</time></trkpt><trkpt lat="22.301914597708077" lon="114.26474026913303"><ele>-22.37876269266761</ele><time>2023-03-11T06:08:04Z</time></trkpt><trkpt lat="22.301931624678183" lon="114.26475572376498"><ele>-22.343569650790812</ele><time>2023-03-11T06:08:06Z</time></trkpt><trkpt lat="22.30195405535802" lon="114.26476923577394"><ele>-22.24628595880035</ele><time>2023-03-11T06:08:08Z</time></trkpt><trkpt lat="22.301976383330324" lon="114.26478006280631"><ele>-22.36915025614647</ele><time>2023-03-11T06:08:10Z</time></trkpt><trkpt lat="22.301993080907682" lon="114.26479191891923"><ele>-22.792786289222985</ele><time>2023-03-11T06:08:12Z</time></trkpt><trkpt lat="22.302016385753316" lon="114.264803153813"><ele>-22.869844302966108</ele><time>2023-03-11T06:08:14Z</time></trkpt><trkpt lat="22.302047774169512" lon="114.26481324230897"><ele>-22.620463259749638</ele><time>2023-03-11T06:08:16Z</time></trkpt><trkpt lat="22.302069741717506" lon="114.26482776923704"><ele>-22.776975884592208</ele><time>2023-03-11T06:08:18Z</time></trkpt><trkpt lat="22.302091431142955" lon="114.26484354698717"><ele>-23.005924894169866</ele><time>2023-03-11T06:08:20Z</time></trkpt><trkpt lat="22.30210734754053" lon="114.26486158888437"><ele>-23.237494317067483</ele><time>2023-03-11T06:08:22Z</time></trkpt><trkpt lat="22.30212235089119" lon="114.26487896753284"><ele>-23.55349722360772</ele><time>2023-03-11T06:08:24Z</time></trkpt><trkpt lat="22.30214775596971" lon="114.2648898020014"><ele>-23.524893872734182</ele><time>2023-03-11T06:08:26Z</time></trkpt><trkpt lat="22.302173277744043" lon="114.2648945581032"><ele>-23.628783088520777</ele><time>2023-03-11T06:08:28Z</time></trkpt><trkpt lat="22.302193161860284" lon="114.26490473777918"><ele>-23.449367114518907</ele><time>2023-03-11T06:08:30Z</time></trkpt><trkpt lat="22.302212878184672" lon="114.26491621502305"><ele>-23.176178458594666</ele><time>2023-03-11T06:08:32Z</time></trkpt><trkpt lat="22.302235977522965" lon="114.26492450210988"><ele>-22.79837791204246</ele><time>2023-03-11T06:08:34Z</time></trkpt><trkpt lat="22.30226022171777" lon="114.26493176903328"><ele>-22.679790461117136</ele><time>2023-03-11T06:08:36Z</time></trkpt><trkpt lat="22.30227978873547" lon="114.26494321131865"><ele>-22.662836298619425</ele><time>2023-03-11T06:08:38Z</time></trkpt><trkpt lat="22.30230557391497" lon="114.264955050758"><ele>-22.473047973281414</ele><time>2023-03-11T06:08:40Z</time></trkpt><trkpt lat="22.302332957218848" lon="114.26496925784352"><ele>-21.954501728409195</ele><time>2023-03-11T06:08:42Z</time></trkpt><trkpt lat="22.302364107034865" lon="114.26497854090387"><ele>-21.33215758325538</ele><time>2023-03-11T06:08:44Z</time></trkpt><trkpt lat="22.3023908454243" lon="114.26499073492558"><ele>-20.541629379423952</ele><time>2023-03-11T06:08:46Z</time></trkpt><trkpt lat="22.302412267567593" lon="114.26500440791008"><ele>-20.676275590167435</ele><time>2023-03-11T06:08:48Z</time></trkpt><trkpt lat="22.302431496790692" lon="114.26501633799562"><ele>-20.702076720560743</ele><time>2023-03-11T06:08:50Z</time></trkpt><trkpt lat="22.30244596050237" lon="114.26502987325235"><ele>-21.01820939330515</ele><time>2023-03-11T06:08:52Z</time></trkpt><trkpt lat="22.302469849284456" lon="114.26504359001237"><ele>-20.963444113146746</ele><time>2023-03-11T06:08:54Z</time></trkpt><trkpt lat="22.302493613637544" lon="114.26505808990849"><ele>-21.18010731505003</ele><time>2023-03-11T06:08:56Z</time></trkpt><trkpt lat="22.3025172806205" lon="114.26507549751523"><ele>-21.50156317422529</ele><time>2023-03-11T06:08:58Z</time></trkpt><trkpt lat="22.30254291371171" lon="114.26509488385693"><ele>-21.13462021207977</ele><time>2023-03-11T06:09:00Z</time></trkpt><trkpt lat="22.30256596203417" lon="114.26511472612844"><ele>-20.973084678525804</ele><time>2023-03-11T06:09:02Z</time></trkpt><trkpt lat="22.302590159229997" lon="114.26512902333928"><ele>-21.18369722225926</ele><time>2023-03-11T06:09:04Z</time></trkpt><trkpt lat="22.30260977081997" lon="114.26513763915929"><ele>-21.869972568148516</ele><time>2023-03-11T06:09:06Z</time></trkpt><trkpt lat="22.302627667889983" lon="114.26514766594192"><ele>-22.07540541918765</ele><time>2023-03-11T06:09:08Z</time></trkpt><trkpt lat="22.30264429523595" lon="114.26515873879063"><ele>-22.190759273089107</ele><time>2023-03-11T06:09:10Z</time></trkpt><trkpt lat="22.302661181511997" lon="114.26517436444949"><ele>-22.376729749986136</ele><time>2023-03-11T06:09:12Z</time></trkpt><trkpt lat="22.302685978290846" lon="114.26518652768421"><ele>-22.44344819633952</ele><time>2023-03-11T06:09:14Z</time></trkpt><trkpt lat="22.302710509368502" lon="114.26519635592838"><ele>-22.76516001527254</ele><time>2023-03-11T06:09:16Z</time></trkpt><trkpt lat="22.302734605600662" lon="114.26520482044374"><ele>-22.92951945246407</ele><time>2023-03-11T06:09:18Z</time></trkpt><trkpt lat="22.302758711954272" lon="114.26520794911579"><ele>-22.87238912466007</ele><time>2023-03-11T06:09:20Z</time></trkpt><trkpt lat="22.30278482008639" lon="114.26521407187462"><ele>-22.924214691544353</ele><time>2023-03-11T06:09:22Z</time></trkpt><trkpt lat="22.30280355178386" lon="114.26522138950362"><ele>-22.840616078181778</ele><time>2023-03-11T06:09:24Z</time></trkpt><trkpt lat="22.30282442596339" lon="114.26522769507329"><ele>-22.92132713195644</ele><time>2023-03-11T06:09:26Z</time></trkpt><trkpt lat="22.302847049352145" lon="114.26523830695157"><ele>-23.133548705303514</ele><time>2023-03-11T06:09:28Z</time></trkpt><trkpt lat="22.302870842264987" lon="114.26525480958605"><ele>-23.353157454540202</ele><time>2023-03-11T06:09:30Z</time></trkpt><trkpt lat="22.302892192691317" lon="114.26527698580652"><ele>-23.783007968730455</ele><time>2023-03-11T06:09:32Z</time></trkpt><trkpt lat="22.302911378486275" lon="114.26529362446843"><ele>-23.999718580595335</ele><time>2023-03-11T06:09:34Z</time></trkpt><trkpt lat="22.302931575558397" lon="114.26530770114451"><ele>-23.818926726985794</ele><time>2023-03-11T06:09:36Z</time></trkpt><trkpt lat="22.302951656307698" lon="114.26532252950994"><ele>-23.81968375884803</ele><time>2023-03-11T06:09:38Z</time></trkpt><trkpt lat="22.302969623433018" lon="114.26533357267203"><ele>-23.554938693973636</ele><time>2023-03-11T06:09:40Z</time></trkpt><trkpt lat="22.302994672590255" lon="114.26534470597787"><ele>-23.344991302336705</ele><time>2023-03-11T06:09:42Z</time></trkpt><trkpt lat="22.303021804917076" lon="114.26535697382555"><ele>-22.975578533010793</ele><time>2023-03-11T06:09:44Z</time></trkpt><trkpt lat="22.30305369595539" lon="114.26536492685888"><ele>-22.94874168559427</ele><time>2023-03-11T06:09:46Z</time></trkpt><trkpt lat="22.30308402415042" lon="114.2653730349932"><ele>-23.145335478143764</ele><time>2023-03-11T06:09:48Z</time></trkpt><trkpt lat="22.303110640982197" lon="114.26538355277138"><ele>-22.754945290783372</ele><time>2023-03-11T06:09:50Z</time></trkpt><trkpt lat="22.3031380467807" lon="114.265389467908"><ele>-22.298416700734894</ele><time>2023-03-11T06:09:52Z</time></trkpt><trkpt lat="22.30316642508375" lon="114.26539983103751"><ele>-21.811129358875956</ele><time>2023-03-11T06:09:54Z</time></trkpt><trkpt lat="22.303196414425397" lon="114.26540911847933"><ele>-21.553301969415028</ele><time>2023-03-11T06:09:56Z</time></trkpt><trkpt lat="22.30322092423913" lon="114.26541739078529"><ele>-21.367040553411947</ele><time>2023-03-11T06:09:58Z</time></trkpt><trkpt lat="22.30323848140667" lon="114.26542843115261"><ele>-21.441999863619063</ele><time>2023-03-11T06:10:00Z</time></trkpt><trkpt lat="22.303258664975623" lon="114.2654396405096"><ele>-21.08341476627556</ele><time>2023-03-11T06:10:02Z</time></trkpt><trkpt lat="22.303277196917207" lon="114.26545264502231"><ele>-20.816942558645316</ele><time>2023-03-11T06:10:04Z</time></trkpt><trkpt lat="22.30329541124067" lon="114.26546828271115"><ele>-20.45634479433594</ele><time>2023-03-11T06:10:06Z</time></trkpt><trkpt lat="22.30332202908419" lon="114.26548569450924"><ele>-19.845288720000326</ele><time>2023-03-11T06:10:08Z</time></trkpt><trkpt lat="22.303347753319013" lon="114.26550114855252"><ele>-19.946774832266797</ele><time>2023-03-11T06:10:10Z</time></trkpt><trkpt lat="22.303366257577483" lon="114.265519038189"><ele>-19.88799198533782</ele><time>2023-03-11T06:10:12Z</time></trkpt><trkpt lat="22.303379886785983" lon="114.26553687658334"><ele>-19.898976510004243</ele><time>2023-03-11T06:10:14Z</time></trkpt><trkpt lat="22.303395303132216" lon="114.26555375331561"><ele>-19.627613282925473</ele><time>2023-03-11T06:10:16Z</time></trkpt><trkpt lat="22.303416027488975" lon="114.26557314799287"><ele>-19.287043688604363</ele><time>2023-03-11T06:10:18Z</time></trkpt><trkpt lat="22.303427548914783" lon="114.26559148171847"><ele>-19.266701820826984</ele><time>2023-03-11T06:10:20Z</time></trkpt><trkpt lat="22.303442408381837" lon="114.2656028352183"><ele>-19.55216011963458</ele><time>2023-03-11T06:10:22Z</time></trkpt><trkpt lat="22.30346433671621" lon="114.26561432419048"><ele>-20.02482989586795</ele><time>2023-03-11T06:10:24Z</time></trkpt><trkpt lat="22.303484081206598" lon="114.26562696252874"><ele>-20.021620411219075</ele><time>2023-03-11T06:10:26Z</time></trkpt><trkpt lat="22.303505986601174" lon="114.26563707107579"><ele>-19.803114250479144</ele><time>2023-03-11T06:10:28Z</time></trkpt><trkpt lat="22.303531658821832" lon="114.2656465809569"><ele>-19.162399081925344</ele><time>2023-03-11T06:10:30Z</time></trkpt><trkpt lat="22.303557421686758" lon="114.2656614448665"><ele>-18.625028657292034</ele><time>2023-03-11T06:10:32Z</time></trkpt><trkpt lat="22.30358907385028" lon="114.26567848701195"><ele>-18.135710557839776</ele><time>2023-03-11T06:10:34Z</time></trkpt><trkpt lat="22.30361543192732" lon="114.26569191948018"><ele>-17.779340576909313</ele><time>2023-03-11T06:10:36Z</time></trkpt><trkpt lat="22.30364317589115" lon="114.26570740794507"><ele>-17.554894711577237</ele><time>2023-03-11T06:10:38Z</time></trkpt><trkpt lat="22.303667918426033" lon="114.265717441167"><ele>-17.18040198290935</ele><time>2023-03-11T06:10:40Z</time></trkpt><trkpt lat="22.30368733838092" lon="114.26572607370701"><ele>-16.756034721249975</ele><time>2023-03-11T06:10:42Z</time></trkpt><trkpt lat="22.30370546790769" lon="114.26573212313825"><ele>-16.932559573713746</ele><time>2023-03-11T06:10:44Z</time></trkpt><trkpt lat="22.303729998450006" lon="114.26574768510889"><ele>-17.567213294973932</ele><time>2023-03-11T06:10:46Z</time></trkpt><trkpt lat="22.303749370215346" lon="114.26575803940334"><ele>-18.013270972574244</ele><time>2023-03-11T06:10:48Z</time></trkpt><trkpt lat="22.303777299788237" lon="114.26578433345922"><ele>-16.580466153399332</ele><time>2023-03-11T06:10:52Z</time></trkpt><trkpt lat="22.30381532742711" lon="114.26579481427503"><ele>-16.549385490255666</ele><time>2023-03-11T06:10:56Z</time></trkpt><trkpt lat="22.303832688856126" lon="114.26580904110327"><ele>-16.65947145606407</ele><time>2023-03-11T06:10:58Z</time></trkpt><trkpt lat="22.303854297404772" lon="114.26582962629944"><ele>-16.7722734064784</ele><time>2023-03-11T06:11:00Z</time></trkpt><trkpt lat="22.303890112442396" lon="114.26584191786056"><ele>-17.066472313530664</ele><time>2023-03-11T06:11:02Z</time></trkpt><trkpt lat="22.303910650511146" lon="114.26585909350165"><ele>-17.075233842867092</ele><time>2023-03-11T06:11:04Z</time></trkpt><trkpt lat="22.303918041425412" lon="114.26587987440682"><ele>-16.96056495172366</ele><time>2023-03-11T06:11:06Z</time></trkpt><trkpt lat="22.303938972780198" lon="114.26588985540509"><ele>-16.720457847173556</ele><time>2023-03-11T06:11:08Z</time></trkpt><trkpt lat="22.303976257117128" lon="114.26589964147821"><ele>-16.518769864558962</ele><time>2023-03-11T06:11:12Z</time></trkpt><trkpt lat="22.30399863298953" lon="114.26590720390475"><ele>-15.938759655052998</ele><time>2023-03-11T06:11:14Z</time></trkpt><trkpt lat="22.304021212472144" lon="114.26592133086275"><ele>-15.840928759682775</ele><time>2023-03-11T06:11:16Z</time></trkpt><trkpt lat="22.304040762096847" lon="114.26593942647409"><ele>-15.553339170455635</ele><time>2023-03-11T06:11:18Z</time></trkpt><trkpt lat="22.304065654867347" lon="114.26595119713669"><ele>-15.279556536743888</ele><time>2023-03-11T06:11:20Z</time></trkpt><trkpt lat="22.304087262205268" lon="114.26596115723619"><ele>-15.497659611951326</ele><time>2023-03-11T06:11:22Z</time></trkpt><trkpt lat="22.304110506018986" lon="114.26597555467744"><ele>-15.420906488504375</ele><time>2023-03-11T06:11:24Z</time></trkpt><trkpt lat="22.30413408999412" lon="114.26598725948566"><ele>-15.132039981021787</ele><time>2023-03-11T06:11:26Z</time></trkpt><trkpt lat="22.30415701282474" lon="114.26600005056989"><ele>-15.1445312880041</ele><time>2023-03-11T06:11:28Z</time></trkpt><trkpt lat="22.304175791133904" lon="114.26600418605015"><ele>-15.188380467203213</ele><time>2023-03-11T06:11:30Z</time></trkpt><trkpt lat="22.304196979600466" lon="114.26600785749517"><ele>-15.092363393953901</ele><time>2023-03-11T06:11:32Z</time></trkpt><trkpt lat="22.304219395421804" lon="114.26601707996784"><ele>-14.810924684897559</ele><time>2023-03-11T06:11:34Z</time></trkpt><trkpt lat="22.304242140380094" lon="114.26603279125905"><ele>-15.19728192513787</ele><time>2023-03-11T06:11:36Z</time></trkpt><trkpt lat="22.30426347800632" lon="114.26604950031722"><ele>-14.994920560746351</ele><time>2023-03-11T06:11:38Z</time></trkpt><trkpt lat="22.30428470574876" lon="114.2660649635167"><ele>-14.884333405209947</ele><time>2023-03-11T06:11:40Z</time></trkpt><trkpt lat="22.304299871066743" lon="114.2660760861659"><ele>-15.137424968869542</ele><time>2023-03-11T06:11:42Z</time></trkpt><trkpt lat="22.30433657690005" lon="114.26609982114273"><ele>-14.427132287157507</ele><time>2023-03-11T06:11:46Z</time></trkpt><trkpt lat="22.30436364218299" lon="114.26610860413909"><ele>-13.770957189782774</ele><time>2023-03-11T06:11:48Z</time></trkpt><trkpt lat="22.304386465395105" lon="114.2661190156648"><ele>-13.389511472147637</ele><time>2023-03-11T06:11:50Z</time></trkpt><trkpt lat="22.304411281344105" lon="114.26613082905077"><ele>-12.893370303374624</ele><time>2023-03-11T06:11:52Z</time></trkpt><trkpt lat="22.304430156914446" lon="114.26614426780846"><ele>-12.762680185373648</ele><time>2023-03-11T06:11:54Z</time></trkpt><trkpt lat="22.30444597428106" lon="114.26615357764948"><ele>-12.677457296268726</ele><time>2023-03-11T06:11:56Z</time></trkpt><trkpt lat="22.3044875992982" lon="114.2661465552058"><ele>-12.791046931160018</ele><time>2023-03-11T06:12:00Z</time></trkpt><trkpt lat="22.30451510502194" lon="114.26613607138849"><ele>-12.595731024153139</ele><time>2023-03-11T06:12:02Z</time></trkpt><trkpt lat="22.304533337578487" lon="114.26612658720258"><ele>-13.019988218210077</ele><time>2023-03-11T06:12:04Z</time></trkpt><trkpt lat="22.3045506747358" lon="114.26611569795445"><ele>-13.392514411300146</ele><time>2023-03-11T06:12:06Z</time></trkpt><trkpt lat="22.30456751035864" lon="114.26610386919212"><ele>-12.93633980691251</ele><time>2023-03-11T06:12:08Z</time></trkpt><trkpt lat="22.304577396016555" lon="114.26608576029824"><ele>-12.576490795222872</ele><time>2023-03-11T06:12:10Z</time></trkpt><trkpt lat="22.304600995615075" lon="114.26606126662004"><ele>-12.493466455700352</ele><time>2023-03-11T06:12:14Z</time></trkpt><trkpt lat="22.304607729656603" lon="114.26602503649856"><ele>-12.52721441882777</ele><time>2023-03-11T06:12:18Z</time></trkpt><trkpt lat="22.30461869778257" lon="114.26598813007998"><ele>-11.364828646379225</ele><time>2023-03-11T06:12:22Z</time></trkpt><trkpt lat="22.304635044043504" lon="114.26594895815869"><ele>-11.41866779075527</ele><time>2023-03-11T06:12:26Z</time></trkpt><trkpt lat="22.304654505313128" lon="114.26591744728583"><ele>-11.552894902847026</ele><time>2023-03-11T06:12:30Z</time></trkpt><trkpt lat="22.304669822708494" lon="114.26588633873216"><ele>-11.426676649961284</ele><time>2023-03-11T06:12:32Z</time></trkpt><trkpt lat="22.304684462823793" lon="114.26586306119405"><ele>-11.454790157591287</ele><time>2023-03-11T06:12:34Z</time></trkpt><trkpt lat="22.304703926877107" lon="114.26584030367451"><ele>-11.455945049389847</ele><time>2023-03-11T06:12:36Z</time></trkpt><trkpt lat="22.30472136304323" lon="114.26581945835203"><ele>-11.64111958514311</ele><time>2023-03-11T06:12:38Z</time></trkpt><trkpt lat="22.304741282006265" lon="114.26578615758685"><ele>-11.533635278878437</ele><time>2023-03-11T06:12:40Z</time></trkpt><trkpt lat="22.304751669579687" lon="114.26575546145371"><ele>-11.542775566610157</ele><time>2023-03-11T06:12:42Z</time></trkpt><trkpt lat="22.304761248510893" lon="114.26573193530277"><ele>-11.894007327477718</ele><time>2023-03-11T06:12:44Z</time></trkpt><trkpt lat="22.304767238500393" lon="114.26571174682414"><ele>-12.097212498975843</ele><time>2023-03-11T06:12:46Z</time></trkpt><trkpt lat="22.304791545686452" lon="114.26567786395317"><ele>-12.829919851204675</ele><time>2023-03-11T06:12:50Z</time></trkpt><trkpt lat="22.304802367390597" lon="114.26566088089471"><ele>-13.671125966601018</ele><time>2023-03-11T06:12:52Z</time></trkpt><trkpt lat="22.304814071898544" lon="114.26564137020326"><ele>-13.907923099940641</ele><time>2023-03-11T06:12:54Z</time></trkpt><trkpt lat="22.304828526865652" lon="114.26561592362764"><ele>-13.831543663318678</ele><time>2023-03-11T06:12:56Z</time></trkpt><trkpt lat="22.30484242260259" lon="114.26558584932981"><ele>-13.856866672944632</ele><time>2023-03-11T06:12:58Z</time></trkpt><trkpt lat="22.30486005279158" lon="114.26556211851855"><ele>-13.937760603262436</ele><time>2023-03-11T06:13:00Z</time></trkpt><trkpt lat="22.304870821247263" lon="114.2655406502348"><ele>-13.978945219106969</ele><time>2023-03-11T06:13:02Z</time></trkpt><trkpt lat="22.30488372703791" lon="114.26552105756737"><ele>-14.652906960123179</ele><time>2023-03-11T06:13:04Z</time></trkpt><trkpt lat="22.304891745654015" lon="114.26549705456964"><ele>-15.402473874281888</ele><time>2023-03-11T06:13:06Z</time></trkpt><trkpt lat="22.3049020438326" lon="114.26547129716207"><ele>-15.773226458437628</ele><time>2023-03-11T06:13:08Z</time></trkpt><trkpt lat="22.304910998404143" lon="114.26544490212135"><ele>-15.931691081248086</ele><time>2023-03-11T06:13:10Z</time></trkpt><trkpt lat="22.304916390621596" lon="114.26542098596035"><ele>-16.077734747576365</ele><time>2023-03-11T06:13:12Z</time></trkpt><trkpt lat="22.30492072855627" lon="114.26539870973325"><ele>-16.07600886777803</ele><time>2023-03-11T06:13:14Z</time></trkpt><trkpt lat="22.304937197224575" lon="114.26535476864233"><ele>-15.933719898287757</ele><time>2023-03-11T06:13:18Z</time></trkpt><trkpt lat="22.30494071520423" lon="114.26533041578953"><ele>-16.200596169079606</ele><time>2023-03-11T06:13:20Z</time></trkpt><trkpt lat="22.30494777919692" lon="114.26530662812347"><ele>-16.426768319215014</ele><time>2023-03-11T06:13:22Z</time></trkpt><trkpt lat="22.30495436826849" lon="114.26527811640752"><ele>-16.620690792817122</ele><time>2023-03-11T06:13:24Z</time></trkpt><trkpt lat="22.304970402906786" lon="114.26525152939872"><ele>-16.90101020683489</ele><time>2023-03-11T06:13:26Z</time></trkpt><trkpt lat="22.304986819042632" lon="114.26522696286949"><ele>-17.371958359742177</ele><time>2023-03-11T06:13:28Z</time></trkpt><trkpt lat="22.30499925511662" lon="114.2652047631827"><ele>-17.97639496257939</ele><time>2023-03-11T06:13:30Z</time></trkpt><trkpt lat="22.30500870492515" lon="114.26517240832854"><ele>-17.935584646689414</ele><time>2023-03-11T06:13:32Z</time></trkpt><trkpt lat="22.30502431647687" lon="114.26514387155348"><ele>-18.25874701970728</ele><time>2023-03-11T06:13:34Z</time></trkpt><trkpt lat="22.30504009078604" lon="114.26511422340569"><ele>-18.333506172728104</ele><time>2023-03-11T06:13:36Z</time></trkpt><trkpt lat="22.30505020638247" lon="114.26509111087054"><ele>-18.984671008536377</ele><time>2023-03-11T06:13:38Z</time></trkpt><trkpt lat="22.30506661820855" lon="114.26507083652336"><ele>-19.12561683762479</ele><time>2023-03-11T06:13:40Z</time></trkpt><trkpt lat="22.30508565063166" lon="114.26506086501576"><ele>-18.587004646666873</ele><time>2023-03-11T06:13:44Z</time></trkpt><trkpt lat="22.305099325563432" lon="114.26504445469017"><ele>-18.18011769699609</ele><time>2023-03-11T06:13:46Z</time></trkpt><trkpt lat="22.305113947778654" lon="114.265027137019"><ele>-18.164311517711425</ele><time>2023-03-11T06:13:48Z</time></trkpt><trkpt lat="22.305134675015786" lon="114.26500595734463"><ele>-18.2191639052624</ele><time>2023-03-11T06:13:50Z</time></trkpt><trkpt lat="22.305153711997036" lon="114.26499083546707"><ele>-17.856108190182923</ele><time>2023-03-11T06:13:52Z</time></trkpt><trkpt lat="22.305156201066822" lon="114.26495324515574"><ele>-17.39435021405638</ele><time>2023-03-11T06:13:54Z</time></trkpt><trkpt lat="22.30514319952744" lon="114.26493484738933"><ele>-15.650071188284027</ele><time>2023-03-11T06:13:56Z</time></trkpt><trkpt lat="22.305127506194555" lon="114.26492064737245"><ele>-13.035985894254434</ele><time>2023-03-11T06:14:08Z</time></trkpt><trkpt lat="22.305097653393908" lon="114.26492964210472"><ele>-12.239094067653289</ele><time>2023-03-11T06:14:26Z</time></trkpt><trkpt lat="22.30507647400856" lon="114.26493905478634"><ele>-11.475818497003509</ele><time>2023-03-11T06:14:34Z</time></trkpt><trkpt lat="22.305051767546253" lon="114.26491741567884"><ele>-5.779433711283154</ele><time>2023-03-11T06:14:38Z</time></trkpt><trkpt lat="22.30504409609079" lon="114.26488764440106"><ele>-2.90824647887675</ele><time>2023-03-11T06:14:40Z</time></trkpt><trkpt lat="22.30500284442654" lon="114.26488240226486"><ele>-0.14602236467992344</ele><time>2023-03-11T06:14:42Z</time></trkpt><trkpt lat="22.304964668694623" lon="114.26488513088714"><ele>1.9162278916679345</ele><time>2023-03-11T06:14:44Z</time></trkpt><trkpt lat="22.30493846679034" lon="114.26487828726813"><ele>2.375891872492944</ele><time>2023-03-11T06:14:46Z</time></trkpt><trkpt lat="22.30491824130081" lon="114.26486596519516"><ele>1.5420455328311669</ele><time>2023-03-11T06:14:48Z</time></trkpt><trkpt lat="22.304903666373818" lon="114.2648480816512"><ele>1.1536812552909206</ele><time>2023-03-11T06:14:50Z</time></trkpt><trkpt lat="22.304876309509936" lon="114.26483016326499"><ele>0.6981900414306833</ele><time>2023-03-11T06:14:52Z</time></trkpt><trkpt lat="22.304847134772903" lon="114.26481352976609"><ele>0.017570595862556954</ele><time>2023-03-11T06:14:54Z</time></trkpt><trkpt lat="22.304816720815648" lon="114.26480258397686"><ele>-0.8249087090317285</ele><time>2023-03-11T06:14:56Z</time></trkpt><trkpt lat="22.30479361445631" lon="114.26478700471434"><ele>-1.7154834483837251</ele><time>2023-03-11T06:14:58Z</time></trkpt><trkpt lat="22.30478222776004" lon="114.26476752402948"><ele>-2.5653691140076975</ele><time>2023-03-11T06:15:00Z</time></trkpt><trkpt lat="22.304790706566546" lon="114.26474857476516"><ele>-3.723980938118479</ele><time>2023-03-11T06:15:02Z</time></trkpt><trkpt lat="22.304806413120065" lon="114.2647125715043"><ele>-5.580531338406321</ele><time>2023-03-11T06:15:06Z</time></trkpt><trkpt lat="22.304812388030317" lon="114.26468143053427"><ele>-5.77274556365978</ele><time>2023-03-11T06:15:08Z</time></trkpt><trkpt lat="22.30482886527504" lon="114.26464275958718"><ele>-5.753305019937042</ele><time>2023-03-11T06:15:10Z</time></trkpt><trkpt lat="22.304843632232423" lon="114.26460889467027"><ele>-5.75109738809446</ele><time>2023-03-11T06:15:12Z</time></trkpt><trkpt lat="22.30485185117718" lon="114.26458071049564"><ele>-5.747888853805145</ele><time>2023-03-11T06:15:14Z</time></trkpt><trkpt lat="22.304864222202628" lon="114.26454821498928"><ele>-5.740374947142933</ele><time>2023-03-11T06:15:16Z</time></trkpt><trkpt lat="22.304871553078954" lon="114.26451290067021"><ele>-5.732508307468808</ele><time>2023-03-11T06:15:18Z</time></trkpt><trkpt lat="22.304857127356698" lon="114.26448803590074"><ele>-5.733246982398672</ele><time>2023-03-11T06:15:20Z</time></trkpt><trkpt lat="22.304837268495014" lon="114.26447790186597"><ele>-5.731997982398455</ele><time>2023-03-11T06:15:22Z</time></trkpt><trkpt lat="22.304810984783618" lon="114.26446135041164"><ele>-5.73493891769286</ele><time>2023-03-11T06:15:24Z</time></trkpt><trkpt lat="22.3048119220142" lon="114.2644317477167"><ele>-5.737612624238149</ele><time>2023-03-11T06:15:26Z</time></trkpt><trkpt lat="22.304845100553205" lon="114.26443057806718"><ele>-5.7385693222349365</ele><time>2023-03-11T06:15:28Z</time></trkpt><trkpt lat="22.304869758180697" lon="114.26440957972082"><ele>-5.738889327659999</ele><time>2023-03-11T06:15:30Z</time></trkpt><trkpt lat="22.304715009051435" lon="114.26469133414903"><ele>6.27268838044256</ele><time>2023-03-11T06:16:45Z</time></trkpt><trkpt lat="22.304698473841498" lon="114.26470167318227"><ele>-4.2721456019207835</ele><time>2023-03-11T06:16:47Z</time></trkpt><trkpt lat="22.304674478377578" lon="114.26471305104043"><ele>-3.9076929917028482</ele><time>2023-03-11T06:16:53Z</time></trkpt><trkpt lat="22.304660725765533" lon="114.26469467129061"><ele>-4.87487796774738</ele><time>2023-03-11T06:16:55Z</time></trkpt><trkpt lat="22.3046381189567" lon="114.26468447263524"><ele>-5.714947328057909</ele><time>2023-03-11T06:16:57Z</time></trkpt><trkpt lat="22.304608620424993" lon="114.26469194164471"><ele>-8.384391252371637</ele><time>2023-03-11T06:17:01Z</time></trkpt><trkpt lat="22.30458942745492" lon="114.26469251142528"><ele>-9.238965636880318</ele><time>2023-03-11T06:17:03Z</time></trkpt><trkpt lat="22.304568326865486" lon="114.26468311108268"><ele>-10.304381734996708</ele><time>2023-03-11T06:17:05Z</time></trkpt><trkpt lat="22.304549410233363" lon="114.26466595902346"><ele>-11.061412779770782</ele><time>2023-03-11T06:17:07Z</time></trkpt><trkpt lat="22.304530640662872" lon="114.26465549405934"><ele>-11.516689418295247</ele><time>2023-03-11T06:17:09Z</time></trkpt><trkpt lat="22.304515388787895" lon="114.26464334251042"><ele>-12.095254487219023</ele><time>2023-03-11T06:17:11Z</time></trkpt><trkpt lat="22.3044973095723" lon="114.26463478126908"><ele>-12.627937464308376</ele><time>2023-03-11T06:17:13Z</time></trkpt><trkpt lat="22.304479967195412" lon="114.26462331086938"><ele>-13.111998202135712</ele><time>2023-03-11T06:17:15Z</time></trkpt><trkpt lat="22.304461436665246" lon="114.26461336835818"><ele>-13.487943514260653</ele><time>2023-03-11T06:17:17Z</time></trkpt><trkpt lat="22.30444125851951" lon="114.26460270470973"><ele>-14.02375011989875</ele><time>2023-03-11T06:17:19Z</time></trkpt><trkpt lat="22.304423661257033" lon="114.26459192560249"><ele>-14.31893684782896</ele><time>2023-03-11T06:17:21Z</time></trkpt><trkpt lat="22.30440532373077" lon="114.26457674093248"><ele>-14.43006527592395</ele><time>2023-03-11T06:17:23Z</time></trkpt><trkpt lat="22.304373262511827" lon="114.26456058146775"><ele>-14.985486203463038</ele><time>2023-03-11T06:17:27Z</time></trkpt><trkpt lat="22.304354152373747" lon="114.26455387575089"><ele>-15.42534692672411</ele><time>2023-03-11T06:17:29Z</time></trkpt><trkpt lat="22.304329338350822" lon="114.26454834555115"><ele>-16.099052691745907</ele><time>2023-03-11T06:17:31Z</time></trkpt><trkpt lat="22.304309911951414" lon="114.26453586933373"><ele>-16.77265883126319</ele><time>2023-03-11T06:17:33Z</time></trkpt><trkpt lat="22.30428841695178" lon="114.26452367444993"><ele>-17.39111477227002</ele><time>2023-03-11T06:17:35Z</time></trkpt><trkpt lat="22.304264133099675" lon="114.2645148196071"><ele>-17.606178470264105</ele><time>2023-03-11T06:17:37Z</time></trkpt><trkpt lat="22.304237173470135" lon="114.26450662433157"><ele>-17.875359878945684</ele><time>2023-03-11T06:17:39Z</time></trkpt><trkpt lat="22.304209195779578" lon="114.26449821407776"><ele>-18.124400186416793</ele><time>2023-03-11T06:17:41Z</time></trkpt><trkpt lat="22.30418110247171" lon="114.26449068137146"><ele>-18.2194182960046</ele><time>2023-03-11T06:17:43Z</time></trkpt><trkpt lat="22.30415695442049" lon="114.26448005368206"><ele>-18.216787435116988</ele><time>2023-03-11T06:17:45Z</time></trkpt><trkpt lat="22.304132701401528" lon="114.26446925499577"><ele>-18.685615455320043</ele><time>2023-03-11T06:17:47Z</time></trkpt><trkpt lat="22.304110111927358" lon="114.2644584825832"><ele>-19.14848664800284</ele><time>2023-03-11T06:17:49Z</time></trkpt><trkpt lat="22.304089775713354" lon="114.26444545017148"><ele>-19.524235906481348</ele><time>2023-03-11T06:17:51Z</time></trkpt><trkpt lat="22.30406900894568" lon="114.26442836553865"><ele>-19.792312533080445</ele><time>2023-03-11T06:17:53Z</time></trkpt><trkpt lat="22.304048861411673" lon="114.26441848702461"><ele>-20.190222151696894</ele><time>2023-03-11T06:17:55Z</time></trkpt><trkpt lat="22.304027562003885" lon="114.2644029423934"><ele>-20.273136246884864</ele><time>2023-03-11T06:17:57Z</time></trkpt><trkpt lat="22.3040089812195" lon="114.26438792304846"><ele>-20.554186230786385</ele><time>2023-03-11T06:17:59Z</time></trkpt><trkpt lat="22.303991104284126" lon="114.26437850693817"><ele>-20.491038466350073</ele><time>2023-03-11T06:18:01Z</time></trkpt><trkpt lat="22.303967609911016" lon="114.2643697101027"><ele>-20.54344247715697</ele><time>2023-03-11T06:18:03Z</time></trkpt><trkpt lat="22.303952580208716" lon="114.26435745608767"><ele>-20.732942571329264</ele><time>2023-03-11T06:18:05Z</time></trkpt><trkpt lat="22.303919289732853" lon="114.26433743241053"><ele>-21.14182273276051</ele><time>2023-03-11T06:18:09Z</time></trkpt><trkpt lat="22.30389689216706" lon="114.26432453119376"><ele>-21.103770032945235</ele><time>2023-03-11T06:18:11Z</time></trkpt><trkpt lat="22.303876840183893" lon="114.26431008996738"><ele>-20.587771968029884</ele><time>2023-03-11T06:18:13Z</time></trkpt><trkpt lat="22.303852614208598" lon="114.2642986726426"><ele>-20.265162105100643</ele><time>2023-03-11T06:18:15Z</time></trkpt><trkpt lat="22.303832871001415" lon="114.26428389399128"><ele>-20.0470194374924</ele><time>2023-03-11T06:18:17Z</time></trkpt><trkpt lat="22.30381202079917" lon="114.26426946491226"><ele>-19.66425877036686</ele><time>2023-03-11T06:18:19Z</time></trkpt><trkpt lat="22.3037928914471" lon="114.26425746758821"><ele>-19.68862095096746</ele><time>2023-03-11T06:18:21Z</time></trkpt><trkpt lat="22.30377450250454" lon="114.2642499393028"><ele>-19.681561730579055</ele><time>2023-03-11T06:18:23Z</time></trkpt><trkpt lat="22.303755127477935" lon="114.26423781675858"><ele>-19.462704717524606</ele><time>2023-03-11T06:18:25Z</time></trkpt><trkpt lat="22.303732797612266" lon="114.26422690554186"><ele>-18.945117004753364</ele><time>2023-03-11T06:18:27Z</time></trkpt><trkpt lat="22.303708064313057" lon="114.26421635830765"><ele>-18.323159256788255</ele><time>2023-03-11T06:18:29Z</time></trkpt><trkpt lat="22.30369131081386" lon="114.26419969099837"><ele>-17.94353584279135</ele><time>2023-03-11T06:18:31Z</time></trkpt><trkpt lat="22.30367703082879" lon="114.2641790770885"><ele>-17.91747198246095</ele><time>2023-03-11T06:18:33Z</time></trkpt><trkpt lat="22.303663992054954" lon="114.26415402350716"><ele>-17.823206074228704</ele><time>2023-03-11T06:18:35Z</time></trkpt><trkpt lat="22.303651451895526" lon="114.26413023404893"><ele>-17.7933727528464</ele><time>2023-03-11T06:18:37Z</time></trkpt><trkpt lat="22.303623395450916" lon="114.26411632001155"><ele>-17.970120994869514</ele><time>2023-03-11T06:18:41Z</time></trkpt><trkpt lat="22.303592403307473" lon="114.26413694397152"><ele>-17.89401261824269</ele><time>2023-03-11T06:18:45Z</time></trkpt><trkpt lat="22.303570957207345" lon="114.26414445622892"><ele>-18.0017297808258</ele><time>2023-03-11T06:18:47Z</time></trkpt><trkpt lat="22.303547735773442" lon="114.26414868898668"><ele>-18.289287908617514</ele><time>2023-03-11T06:18:49Z</time></trkpt><trkpt lat="22.303524120294554" lon="114.26415772695566"><ele>-18.739476707663307</ele><time>2023-03-11T06:18:51Z</time></trkpt><trkpt lat="22.303499830094083" lon="114.26416830428221"><ele>-19.431294970715843</ele><time>2023-03-11T06:18:53Z</time></trkpt><trkpt lat="22.303471180995036" lon="114.26416327847924"><ele>-19.75024543110423</ele><time>2023-03-11T06:18:55Z</time></trkpt><trkpt lat="22.303446326051212" lon="114.26415320301818"><ele>-20.164918228307535</ele><time>2023-03-11T06:18:57Z</time></trkpt><trkpt lat="22.303423244143733" lon="114.26414059404235"><ele>-20.53189090990802</ele><time>2023-03-11T06:18:59Z</time></trkpt><trkpt lat="22.30340063081241" lon="114.2641328675462"><ele>-21.09095663657059</ele><time>2023-03-11T06:19:01Z</time></trkpt><trkpt lat="22.303376628697965" lon="114.26412523092449"><ele>-21.256092104548394</ele><time>2023-03-11T06:19:03Z</time></trkpt><trkpt lat="22.303354350812615" lon="114.264120721815"><ele>-21.094027776312245</ele><time>2023-03-11T06:19:05Z</time></trkpt><trkpt lat="22.303331942155125" lon="114.2641109146465"><ele>-20.937768541863495</ele><time>2023-03-11T06:19:07Z</time></trkpt><trkpt lat="22.303309836483898" lon="114.26409879116251"><ele>-20.809343328795542</ele><time>2023-03-11T06:19:09Z</time></trkpt><trkpt lat="22.303285719324027" lon="114.26409056165545"><ele>-20.604363805520432</ele><time>2023-03-11T06:19:11Z</time></trkpt><trkpt lat="22.303266330124927" lon="114.26407801158952"><ele>-20.554145027581363</ele><time>2023-03-11T06:19:13Z</time></trkpt><trkpt lat="22.303247541310135" lon="114.26406431032524"><ele>-20.89418803394588</ele><time>2023-03-11T06:19:15Z</time></trkpt><trkpt lat="22.303228099662853" lon="114.26405394122156"><ele>-21.092338269493336</ele><time>2023-03-11T06:19:17Z</time></trkpt><trkpt lat="22.303206370735754" lon="114.26404637852954"><ele>-21.372444793032827</ele><time>2023-03-11T06:19:19Z</time></trkpt><trkpt lat="22.303183568398527" lon="114.26404042896556"><ele>-21.382729550637016</ele><time>2023-03-11T06:19:21Z</time></trkpt><trkpt lat="22.303163755670163" lon="114.26402833994302"><ele>-21.14761321165183</ele><time>2023-03-11T06:19:23Z</time></trkpt><trkpt lat="22.303142207705754" lon="114.26401718389602"><ele>-21.183362950912286</ele><time>2023-03-11T06:19:25Z</time></trkpt><trkpt lat="22.30312209216438" lon="114.26400437200537"><ele>-21.025247203154787</ele><time>2023-03-11T06:19:27Z</time></trkpt><trkpt lat="22.30310208873016" lon="114.2639899327258"><ele>-21.0472020916032</ele><time>2023-03-11T06:19:29Z</time></trkpt><trkpt lat="22.303075615004595" lon="114.26398097366898"><ele>-21.325909077542903</ele><time>2023-03-11T06:19:31Z</time></trkpt><trkpt lat="22.30305098695417" lon="114.26396989034842"><ele>-21.16102955105744</ele><time>2023-03-11T06:19:33Z</time></trkpt><trkpt lat="22.303026432965407" lon="114.26396273368842"><ele>-21.3440527734368</ele><time>2023-03-11T06:19:35Z</time></trkpt><trkpt lat="22.303006657570105" lon="114.26395369812151"><ele>-21.387873711550814</ele><time>2023-03-11T06:19:37Z</time></trkpt><trkpt lat="22.302986295304475" lon="114.26394133628119"><ele>-21.074906286222483</ele><time>2023-03-11T06:19:39Z</time></trkpt><trkpt lat="22.30296938472658" lon="114.26392285359111"><ele>-20.83727132114256</ele><time>2023-03-11T06:19:41Z</time></trkpt><trkpt lat="22.30294651705346" lon="114.26390410317477"><ele>-21.01231303779527</ele><time>2023-03-11T06:19:43Z</time></trkpt><trkpt lat="22.302928999948904" lon="114.26388917837566"><ele>-20.985445858834865</ele><time>2023-03-11T06:19:45Z</time></trkpt><trkpt lat="22.302908236320558" lon="114.26387914986077"><ele>-20.933794193352234</ele><time>2023-03-11T06:19:47Z</time></trkpt><trkpt lat="22.30288820949042" lon="114.26387034544696"><ele>-20.956800269813254</ele><time>2023-03-11T06:19:49Z</time></trkpt><trkpt lat="22.302867947468684" lon="114.26386207063675"><ele>-20.882890262860563</ele><time>2023-03-11T06:19:51Z</time></trkpt><trkpt lat="22.302843684293077" lon="114.26385478524011"><ele>-20.74232554100034</ele><time>2023-03-11T06:19:53Z</time></trkpt><trkpt lat="22.302822884319255" lon="114.26384604473664"><ele>-20.926788601870594</ele><time>2023-03-11T06:19:55Z</time></trkpt><trkpt lat="22.302800187946115" lon="114.26383544230451"><ele>-21.426315274562228</ele><time>2023-03-11T06:19:57Z</time></trkpt><trkpt lat="22.30278467212605" lon="114.26381111945166"><ele>-21.21337327218645</ele><time>2023-03-11T06:19:59Z</time></trkpt><trkpt lat="22.302769848398494" lon="114.26378938529311"><ele>-21.02775572962081</ele><time>2023-03-11T06:20:01Z</time></trkpt><trkpt lat="22.302756467815644" lon="114.26376617166598"><ele>-20.92716724330295</ele><time>2023-03-11T06:20:03Z</time></trkpt><trkpt lat="22.302745143081445" lon="114.26374499724741"><ele>-21.128227210983408</ele><time>2023-03-11T06:20:05Z</time></trkpt><trkpt lat="22.302744696703762" lon="114.26372401058764"><ele>-21.502402840718084</ele><time>2023-03-11T06:20:07Z</time></trkpt><trkpt lat="22.302736974989056" lon="114.26368473286244"><ele>-22.218478684383715</ele><time>2023-03-11T06:20:11Z</time></trkpt><trkpt lat="22.302732545184114" lon="114.2636614630646"><ele>-22.56513137412301</ele><time>2023-03-11T06:20:13Z</time></trkpt><trkpt lat="22.30272271403005" lon="114.26363624630663"><ele>-22.93050000449374</ele><time>2023-03-11T06:20:15Z</time></trkpt><trkpt lat="22.30270940488142" lon="114.2636099036464"><ele>-23.37393677706453</ele><time>2023-03-11T06:20:17Z</time></trkpt><trkpt lat="22.302692865565678" lon="114.26359352678274"><ele>-23.615152376672757</ele><time>2023-03-11T06:20:19Z</time></trkpt><trkpt lat="22.302671070990442" lon="114.26358247889262"><ele>-23.610878535600946</ele><time>2023-03-11T06:20:21Z</time></trkpt><trkpt lat="22.302644322607463" lon="114.26356969970841"><ele>-23.638795307417208</ele><time>2023-03-11T06:20:23Z</time></trkpt><trkpt lat="22.30262065480577" lon="114.26355740985784"><ele>-23.53115559043481</ele><time>2023-03-11T06:20:25Z</time></trkpt><trkpt lat="22.302596657691236" lon="114.26355204066712"><ele>-23.376722761541803</ele><time>2023-03-11T06:20:27Z</time></trkpt><trkpt lat="22.3025747303703" lon="114.26354733384755"><ele>-23.406067929663603</ele><time>2023-03-11T06:20:29Z</time></trkpt><trkpt lat="22.302556187018055" lon="114.26354100386556"><ele>-23.437936456344037</ele><time>2023-03-11T06:20:31Z</time></trkpt><trkpt lat="22.30253967899778" lon="114.26353053433219"><ele>-23.3172179018067</ele><time>2023-03-11T06:20:33Z</time></trkpt><trkpt lat="22.302518456581407" lon="114.26351775298781"><ele>-23.422577159343625</ele><time>2023-03-11T06:20:35Z</time></trkpt><trkpt lat="22.302498969860974" lon="114.26350039962445"><ele>-23.614065200561623</ele><time>2023-03-11T06:20:37Z</time></trkpt><trkpt lat="22.30247540342376" lon="114.26348750711297"><ele>-23.863061964039073</ele><time>2023-03-11T06:20:39Z</time></trkpt><trkpt lat="22.302458644268672" lon="114.26346998348258"><ele>-24.05079964015523</ele><time>2023-03-11T06:20:41Z</time></trkpt><trkpt lat="22.302431493322857" lon="114.26344275925986"><ele>-24.819393000987397</ele><time>2023-03-11T06:20:45Z</time></trkpt><trkpt lat="22.30240622898312" lon="114.26342894157304"><ele>-25.257562303696762</ele><time>2023-03-11T06:20:47Z</time></trkpt><trkpt lat="22.30238616309859" lon="114.26341940854438"><ele>-25.301187630115265</ele><time>2023-03-11T06:20:49Z</time></trkpt><trkpt lat="22.302368589928964" lon="114.26341308010541"><ele>-25.301915323058118</ele><time>2023-03-11T06:20:51Z</time></trkpt><trkpt lat="22.302349279258483" lon="114.26340865650738"><ele>-25.49591297989264</ele><time>2023-03-11T06:20:53Z</time></trkpt><trkpt lat="22.302316368568135" lon="114.263402765811"><ele>-21.488113531938925</ele><time>2023-03-11T06:20:55Z</time></trkpt><trkpt lat="22.302275559326997" lon="114.26340106962738"><ele>-17.327284970931142</ele><time>2023-03-11T06:20:57Z</time></trkpt><trkpt lat="22.30225129512839" lon="114.26339564573077"><ele>-16.22238832570611</ele><time>2023-03-11T06:20:59Z</time></trkpt><trkpt lat="22.30223474540274" lon="114.26337555416313"><ele>-16.599470196274538</ele><time>2023-03-11T06:21:01Z</time></trkpt><trkpt lat="22.302215351916715" lon="114.26336398709373"><ele>-16.904726577625723</ele><time>2023-03-11T06:21:03Z</time></trkpt><trkpt lat="22.302195550956924" lon="114.2633521657261"><ele>-17.293343959675163</ele><time>2023-03-11T06:21:05Z</time></trkpt><trkpt lat="22.30218283676324" lon="114.26333603355506"><ele>-17.47944015586549</ele><time>2023-03-11T06:21:07Z</time></trkpt><trkpt lat="22.302164841121865" lon="114.26332324300982"><ele>-17.72379828377483</ele><time>2023-03-11T06:21:09Z</time></trkpt><trkpt lat="22.302132599725034" lon="114.26330648262102"><ele>-18.0502780152845</ele><time>2023-03-11T06:21:13Z</time></trkpt><trkpt lat="22.30210712605558" lon="114.26329850955064"><ele>-18.525526338237245</ele><time>2023-03-11T06:21:15Z</time></trkpt><trkpt lat="22.302081068129816" lon="114.2632863167966"><ele>-18.41473318638387</ele><time>2023-03-11T06:21:17Z</time></trkpt><trkpt lat="22.30206142491336" lon="114.2632748883817"><ele>-18.606932569926844</ele><time>2023-03-11T06:21:19Z</time></trkpt><trkpt lat="22.30204729234016" lon="114.26325897548607"><ele>-18.819693040716015</ele><time>2023-03-11T06:21:21Z</time></trkpt><trkpt lat="22.302033223067816" lon="114.26324219055874"><ele>-19.381200322378657</ele><time>2023-03-11T06:21:23Z</time></trkpt><trkpt lat="22.302012164942532" lon="114.26322799217766"><ele>-19.907440404622317</ele><time>2023-03-11T06:21:25Z</time></trkpt><trkpt lat="22.301993129200273" lon="114.26321280053565"><ele>-20.401040875863774</ele><time>2023-03-11T06:21:27Z</time></trkpt><trkpt lat="22.301971550368048" lon="114.26319516075021"><ele>-20.95033008559235</ele><time>2023-03-11T06:21:29Z</time></trkpt><trkpt lat="22.301950086846666" lon="114.2631796438716"><ele>-21.187131802338577</ele><time>2023-03-11T06:21:31Z</time></trkpt><trkpt lat="22.301931408670267" lon="114.26315998413209"><ele>-21.230264481827803</ele><time>2023-03-11T06:21:33Z</time></trkpt><trkpt lat="22.30191531529754" lon="114.26314336195723"><ele>-21.2493606415981</ele><time>2023-03-11T06:21:35Z</time></trkpt><trkpt lat="22.30189442288121" lon="114.26312787701208"><ele>-21.325379147026965</ele><time>2023-03-11T06:21:37Z</time></trkpt><trkpt lat="22.30187977723298" lon="114.26310735113015"><ele>-21.566027396839427</ele><time>2023-03-11T06:21:39Z</time></trkpt><trkpt lat="22.3018641881151" lon="114.26308735281592"><ele>-21.895256245658548</ele><time>2023-03-11T06:21:41Z</time></trkpt><trkpt lat="22.301853447471412" lon="114.26306605436007"><ele>-21.961732363573752</ele><time>2023-03-11T06:21:43Z</time></trkpt><trkpt lat="22.3018376061702" lon="114.26304976194125"><ele>-21.837359230840196</ele><time>2023-03-11T06:21:45Z</time></trkpt><trkpt lat="22.301817539828626" lon="114.26301760050737"><ele>-21.698853562436277</ele><time>2023-03-11T06:21:49Z</time></trkpt><trkpt lat="22.301804774531718" lon="114.26299823533319"><ele>-21.702045454284377</ele><time>2023-03-11T06:21:51Z</time></trkpt><trkpt lat="22.301783996812386" lon="114.2629834896765"><ele>-21.814092367319386</ele><time>2023-03-11T06:21:53Z</time></trkpt><trkpt lat="22.301759339732687" lon="114.26297250325497"><ele>-21.491461211284726</ele><time>2023-03-11T06:21:55Z</time></trkpt><trkpt lat="22.30172811768969" lon="114.26293905649399"><ele>-21.910432401789603</ele><time>2023-03-11T06:22:09Z</time></trkpt><trkpt lat="22.301707582939795" lon="114.262912951653"><ele>-22.001684204944226</ele><time>2023-03-11T06:22:11Z</time></trkpt><trkpt lat="22.30171281111398" lon="114.26287552324794"><ele>-22.01154427222992</ele><time>2023-03-11T06:22:13Z</time></trkpt><trkpt lat="22.30170736062472" lon="114.26283968581376"><ele>-21.735392211879613</ele><time>2023-03-11T06:22:15Z</time></trkpt><trkpt lat="22.301695067540994" lon="114.26280997763871"><ele>-21.69767947087077</ele><time>2023-03-11T06:22:17Z</time></trkpt><trkpt lat="22.301672337395292" lon="114.26279165702324"><ele>-21.335953332065603</ele><time>2023-03-11T06:22:19Z</time></trkpt><trkpt lat="22.30165684656699" lon="114.26277283259898"><ele>-21.133202625081477</ele><time>2023-03-11T06:22:21Z</time></trkpt><trkpt lat="22.301644729477335" lon="114.26274837043451"><ele>-20.9633056623882</ele><time>2023-03-11T06:22:23Z</time></trkpt><trkpt lat="22.301645194047136" lon="114.26272226291294"><ele>-21.182542652133815</ele><time>2023-03-11T06:22:25Z</time></trkpt><trkpt lat="22.301655912639514" lon="114.26269221799387"><ele>-21.798229211621866</ele><time>2023-03-11T06:22:27Z</time></trkpt><trkpt lat="22.301660140213052" lon="114.26265759226068"><ele>-22.441397002713305</ele><time>2023-03-11T06:22:29Z</time></trkpt><trkpt lat="22.301653008295045" lon="114.26261903219356"><ele>-22.886861913909268</ele><time>2023-03-11T06:22:31Z</time></trkpt><trkpt lat="22.30164832328371" lon="114.26258862527999"><ele>-23.6670795050051</ele><time>2023-03-11T06:22:33Z</time></trkpt><trkpt lat="22.301653737956055" lon="114.26255850119318"><ele>-24.468554923626083</ele><time>2023-03-11T06:22:35Z</time></trkpt><trkpt lat="22.301661674938508" lon="114.26253514202462"><ele>-25.512747563022987</ele><time>2023-03-11T06:22:37Z</time></trkpt><trkpt lat="22.301667756491128" lon="114.26251138988269"><ele>-26.2739818795857</ele><time>2023-03-11T06:22:39Z</time></trkpt><trkpt lat="22.301652162890043" lon="114.26248260142265"><ele>-27.07769324283789</ele><time>2023-03-11T06:22:43Z</time></trkpt><trkpt lat="22.301646374828117" lon="114.26246321328806"><ele>-26.64205526668585</ele><time>2023-03-11T06:22:45Z</time></trkpt><trkpt lat="22.301637310823104" lon="114.2624461850682"><ele>-26.28946946840836</ele><time>2023-03-11T06:22:47Z</time></trkpt><trkpt lat="22.301620405925217" lon="114.26242324550593"><ele>-25.613033029569205</ele><time>2023-03-11T06:22:51Z</time></trkpt><trkpt lat="22.30159805670635" lon="114.26242235598848"><ele>-25.6670346796497</ele><time>2023-03-11T06:22:53Z</time></trkpt><trkpt lat="22.301574003614903" lon="114.26242885751893"><ele>-25.66601217207998</ele><time>2023-03-11T06:22:55Z</time></trkpt><trkpt lat="22.30154057663693" lon="114.26243570889898"><ele>-25.37583482597863</ele><time>2023-03-11T06:22:57Z</time></trkpt><trkpt lat="22.30152278956894" lon="114.26243010201998"><ele>-25.051437152076883</ele><time>2023-03-11T06:22:59Z</time></trkpt><trkpt lat="22.301507765247614" lon="114.26240290691192"><ele>-25.736713630522605</ele><time>2023-03-11T06:23:03Z</time></trkpt><trkpt lat="22.301503022905763" lon="114.26237963762343"><ele>-25.826317595860235</ele><time>2023-03-11T06:23:05Z</time></trkpt><trkpt lat="22.301494575012484" lon="114.2623501574037"><ele>-24.89549682481479</ele><time>2023-03-11T06:23:07Z</time></trkpt><trkpt lat="22.30147853022627" lon="114.26231304961472"><ele>-23.450814607659268</ele><time>2023-03-11T06:23:09Z</time></trkpt><trkpt lat="22.301467489400622" lon="114.2622816188221"><ele>-23.10007099087966</ele><time>2023-03-11T06:23:11Z</time></trkpt><trkpt lat="22.30146096493671" lon="114.26225133147692"><ele>-22.674919680851108</ele><time>2023-03-11T06:23:13Z</time></trkpt><trkpt lat="22.301458549417102" lon="114.26221705067843"><ele>-22.31044579495486</ele><time>2023-03-11T06:23:15Z</time></trkpt><trkpt lat="22.30145341715387" lon="114.2621868433984"><ele>-22.13179242030095</ele><time>2023-03-11T06:23:17Z</time></trkpt><trkpt lat="22.301446415425673" lon="114.26216055845414"><ele>-22.022685085915374</ele><time>2023-03-11T06:23:19Z</time></trkpt><trkpt lat="22.30143750301669" lon="114.2621373183678"><ele>-21.88259973757811</ele><time>2023-03-11T06:23:21Z</time></trkpt><trkpt lat="22.3014169076688" lon="114.26213998176135"><ele>-20.577122442911282</ele><time>2023-03-11T06:23:23Z</time></trkpt><trkpt lat="22.30141093218474" lon="114.26210835409061"><ele>-18.500762985174465</ele><time>2023-03-11T06:23:27Z</time></trkpt><trkpt lat="22.301411219715703" lon="114.26208634485899"><ele>-17.909843247245412</ele><time>2023-03-11T06:23:29Z</time></trkpt><trkpt lat="22.30140935649401" lon="114.26206395772053"><ele>-17.151642238337374</ele><time>2023-03-11T06:23:31Z</time></trkpt><trkpt lat="22.30140869723333" lon="114.26203953219799"><ele>-16.401738457076522</ele><time>2023-03-11T06:23:33Z</time></trkpt><trkpt lat="22.301406250245016" lon="114.26201451883462"><ele>-15.830488758914298</ele><time>2023-03-11T06:23:35Z</time></trkpt><trkpt lat="22.30140125493169" lon="114.2619908865075"><ele>-15.031673637420388</ele><time>2023-03-11T06:23:37Z</time></trkpt><trkpt lat="22.301412362362957" lon="114.26196038955324"><ele>-13.266084694253818</ele><time>2023-03-11T06:24:33Z</time></trkpt><trkpt lat="22.30140532137939" lon="114.26193962227826"><ele>-13.144764119397605</ele><time>2023-03-11T06:24:35Z</time></trkpt><trkpt lat="22.301412579394654" lon="114.26191007127265"><ele>-13.174689546744018</ele><time>2023-03-11T06:24:37Z</time></trkpt><trkpt lat="22.301412886869056" lon="114.26188336314814"><ele>-13.29860015253059</ele><time>2023-03-11T06:24:39Z</time></trkpt><trkpt lat="22.301417297661786" lon="114.26186017985056"><ele>-13.150365303775258</ele><time>2023-03-11T06:24:41Z</time></trkpt><trkpt lat="22.30142456729971" lon="114.2618257979255"><ele>-13.313854984392337</ele><time>2023-03-11T06:24:43Z</time></trkpt><trkpt lat="22.30142107367304" lon="114.26179617722349"><ele>-13.097691569327232</ele><time>2023-03-11T06:24:45Z</time></trkpt><trkpt lat="22.301426861823114" lon="114.26176987185123"><ele>-13.196196879667387</ele><time>2023-03-11T06:24:47Z</time></trkpt><trkpt lat="22.301425812814923" lon="114.26174345708489"><ele>-13.262176119490736</ele><time>2023-03-11T06:24:49Z</time></trkpt><trkpt lat="22.30142441441695" lon="114.26170387207186"><ele>-13.43678402489765</ele><time>2023-03-11T06:24:53Z</time></trkpt><trkpt lat="22.301425217900633" lon="114.2616813836975"><ele>-13.669121034781876</ele><time>2023-03-11T06:24:55Z</time></trkpt><trkpt lat="22.301423785546124" lon="114.26165431888698"><ele>-13.804823898827134</ele><time>2023-03-11T06:24:57Z</time></trkpt><trkpt lat="22.30142671786771" lon="114.26163235930692"><ele>-13.896652046665995</ele><time>2023-03-11T06:24:59Z</time></trkpt><trkpt lat="22.301429332221936" lon="114.26160522465634"><ele>-13.908360510253056</ele><time>2023-03-11T06:25:01Z</time></trkpt><trkpt lat="22.301431094827393" lon="114.26158245324174"><ele>-12.885396023819949</ele><time>2023-03-11T06:25:03Z</time></trkpt><trkpt lat="22.301458844557157" lon="114.26156741951603"><ele>-8.569097856340635</ele><time>2023-03-11T06:25:07Z</time></trkpt><trkpt lat="22.301472364905813" lon="114.2615501914641"><ele>-4.095206069728646</ele><time>2023-03-11T06:25:11Z</time></trkpt><trkpt lat="22.301478060117287" lon="114.26150989863672"><ele>0.6693027539819628</ele><time>2023-03-11T06:25:15Z</time></trkpt><trkpt lat="22.301478297810473" lon="114.26148895990525"><ele>2.590797275021645</ele><time>2023-03-11T06:25:17Z</time></trkpt><trkpt lat="22.301476347144437" lon="114.2614689710243"><ele>4.2490853670413005</ele><time>2023-03-11T06:25:19Z</time></trkpt><trkpt lat="22.30146947921912" lon="114.26143466654777"><ele>7.310442361389692</ele><time>2023-03-11T06:25:23Z</time></trkpt><trkpt lat="22.3014646716132" lon="114.26141585554421"><ele>8.770761974084515</ele><time>2023-03-11T06:25:25Z</time></trkpt><trkpt lat="22.30145970450737" lon="114.26139279364632"><ele>10.39855437085963</ele><time>2023-03-11T06:25:27Z</time></trkpt><trkpt lat="22.30145836049667" lon="114.2613674161249"><ele>11.773415308300361</ele><time>2023-03-11T06:25:29Z</time></trkpt><trkpt lat="22.301461675320525" lon="114.26133973223233"><ele>13.20054628173451</ele><time>2023-03-11T06:25:31Z</time></trkpt><trkpt lat="22.301463779939564" lon="114.26130427542672"><ele>13.679443636030191</ele><time>2023-03-11T06:25:33Z</time></trkpt><trkpt lat="22.301444016037106" lon="114.26125960877941"><ele>11.590668976085027</ele><time>2023-03-11T06:25:35Z</time></trkpt><trkpt lat="22.3014187330145" lon="114.26120797183907"><ele>10.322401245661478</ele><time>2023-03-11T06:25:37Z</time></trkpt><trkpt lat="22.301403648931764" lon="114.2611686804131"><ele>10.205855339303035</ele><time>2023-03-11T06:25:39Z</time></trkpt><trkpt lat="22.30139460184482" lon="114.2611321317347"><ele>9.803554016881769</ele><time>2023-03-11T06:25:41Z</time></trkpt><trkpt lat="22.301383130283597" lon="114.26110266778764"><ele>9.822865805996138</ele><time>2023-03-11T06:25:43Z</time></trkpt><trkpt lat="22.30137930195338" lon="114.26108036588971"><ele>9.385307820665247</ele><time>2023-03-11T06:25:45Z</time></trkpt><trkpt lat="22.30138317617759" lon="114.26106106216662"><ele>8.88884102871453</ele><time>2023-03-11T06:25:47Z</time></trkpt><trkpt lat="22.301396186378792" lon="114.26102022459605"><ele>7.134571115168131</ele><time>2023-03-11T06:25:51Z</time></trkpt><trkpt lat="22.30140291322946" lon="114.2609964921533"><ele>6.602550608556877</ele><time>2023-03-11T06:25:53Z</time></trkpt><trkpt lat="22.301404446627732" lon="114.26097083752019"><ele>5.9364546496529425</ele><time>2023-03-11T06:25:55Z</time></trkpt><trkpt lat="22.301402555563463" lon="114.26094140421118"><ele>5.473256541268337</ele><time>2023-03-11T06:25:57Z</time></trkpt><trkpt lat="22.30140162960123" lon="114.26090672470785"><ele>4.995127749874124</ele><time>2023-03-11T06:25:59Z</time></trkpt><trkpt lat="22.301411447587125" lon="114.26086684121616"><ele>4.764869621241728</ele><time>2023-03-11T06:26:01Z</time></trkpt><trkpt lat="22.30141788384158" lon="114.26083047112147"><ele>4.04202916416244</ele><time>2023-03-11T06:26:03Z</time></trkpt><trkpt lat="22.30141799237033" lon="114.26080053571883"><ele>3.311021861447098</ele><time>2023-03-11T06:26:05Z</time></trkpt><trkpt lat="22.301428060628314" lon="114.26076704816194"><ele>2.6490141035374837</ele><time>2023-03-11T06:26:07Z</time></trkpt><trkpt lat="22.30143504717366" lon="114.26073159294413"><ele>1.7536648378885122</ele><time>2023-03-11T06:26:09Z</time></trkpt><trkpt lat="22.301469957209708" lon="114.26066763768964"><ele>-0.4758005973521078</ele><time>2023-03-11T06:26:13Z</time></trkpt><trkpt lat="22.301493350632136" lon="114.26064422132795"><ele>-1.679777689281844</ele><time>2023-03-11T06:26:15Z</time></trkpt><trkpt lat="22.301515716745392" lon="114.26062780685095"><ele>-2.8729808189876147</ele><time>2023-03-11T06:26:17Z</time></trkpt><trkpt lat="22.301526733767293" lon="114.26059203233453"><ele>-4.768207328787071</ele><time>2023-03-11T06:26:21Z</time></trkpt><trkpt lat="22.30156028293662" lon="114.26054860023356"><ele>-6.285583229950317</ele><time>2023-03-11T06:26:27Z</time></trkpt><trkpt lat="22.30158634140334" lon="114.26052891024692"><ele>-7.102277888545125</ele><time>2023-03-11T06:26:29Z</time></trkpt><trkpt lat="22.301605359467178" lon="114.26051138267917"><ele>-7.738125078973666</ele><time>2023-03-11T06:26:31Z</time></trkpt><trkpt lat="22.30163510078256" lon="114.26049925270505"><ele>-8.279123307918391</ele><time>2023-03-11T06:26:33Z</time></trkpt><trkpt lat="22.30166625899166" lon="114.2604871678606"><ele>-9.103126118804436</ele><time>2023-03-11T06:26:35Z</time></trkpt><trkpt lat="22.301693662891946" lon="114.26047795139286"><ele>-9.624166421125183</ele><time>2023-03-11T06:26:37Z</time></trkpt><trkpt lat="22.30171518759066" lon="114.26046512488396"><ele>-10.592288401116608</ele><time>2023-03-11T06:26:39Z</time></trkpt><trkpt lat="22.301739192640483" lon="114.26045287101091"><ele>-11.570591035861742</ele><time>2023-03-11T06:26:41Z</time></trkpt><trkpt lat="22.30176132174549" lon="114.26044067347631"><ele>-12.845018714032632</ele><time>2023-03-11T06:26:43Z</time></trkpt><trkpt lat="22.301780290495266" lon="114.26043111946328"><ele>-13.630359795515078</ele><time>2023-03-11T06:26:45Z</time></trkpt><trkpt lat="22.301794034045" lon="114.26041707290999"><ele>-14.302055022162465</ele><time>2023-03-11T06:26:47Z</time></trkpt><trkpt lat="22.301805183394958" lon="114.2603983738797"><ele>-14.726102988198722</ele><time>2023-03-11T06:26:49Z</time></trkpt><trkpt lat="22.301836407809567" lon="114.26036751886745"><ele>-15.934828591161075</ele><time>2023-03-11T06:26:53Z</time></trkpt><trkpt lat="22.301845701778173" lon="114.2603484567902"><ele>-16.305025880489623</ele><time>2023-03-11T06:26:55Z</time></trkpt><trkpt lat="22.301857992179855" lon="114.26032535009021"><ele>-16.258920031281306</ele><time>2023-03-11T06:26:57Z</time></trkpt><trkpt lat="22.30187077181275" lon="114.26030556611049"><ele>-16.41551994877033</ele><time>2023-03-11T06:26:59Z</time></trkpt><trkpt lat="22.301882490093504" lon="114.26028776565867"><ele>-16.363238214183035</ele><time>2023-03-11T06:27:01Z</time></trkpt><trkpt lat="22.301899493196434" lon="114.26026701613586"><ele>-16.414210461903043</ele><time>2023-03-11T06:27:03Z</time></trkpt><trkpt lat="22.30190901143126" lon="114.26024630599188"><ele>-16.70580279838581</ele><time>2023-03-11T06:27:05Z</time></trkpt><trkpt lat="22.3019214783952" lon="114.26022234154017"><ele>-17.020635667028564</ele><time>2023-03-11T06:27:07Z</time></trkpt><trkpt lat="22.301936464401674" lon="114.26019826716558"><ele>-17.092060166588066</ele><time>2023-03-11T06:27:09Z</time></trkpt><trkpt lat="22.301957473096316" lon="114.26016844404873"><ele>-16.91719819961868</ele><time>2023-03-11T06:27:11Z</time></trkpt><trkpt lat="22.30197193616521" lon="114.26013773392862"><ele>-17.063089454147022</ele><time>2023-03-11T06:27:13Z</time></trkpt><trkpt lat="22.301982224002344" lon="114.2601121154878"><ele>-17.33877927942979</ele><time>2023-03-11T06:27:15Z</time></trkpt><trkpt lat="22.301993491678225" lon="114.26009421510773"><ele>-17.5223011929779</ele><time>2023-03-11T06:27:17Z</time></trkpt><trkpt lat="22.30200267652291" lon="114.26007293645023"><ele>-18.03137528931641</ele><time>2023-03-11T06:27:19Z</time></trkpt><trkpt lat="22.302005476335925" lon="114.26005029784916"><ele>-18.271004419941594</ele><time>2023-03-11T06:27:21Z</time></trkpt><trkpt lat="22.302004615644943" lon="114.26002736976267"><ele>-18.589378742051935</ele><time>2023-03-11T06:27:23Z</time></trkpt><trkpt lat="22.302005632997144" lon="114.26000484871827"><ele>-18.939338302752358</ele><time>2023-03-11T06:27:25Z</time></trkpt><trkpt lat="22.302035428668933" lon="114.25999784485325"><ele>-19.528313866231535</ele><time>2023-03-11T06:27:29Z</time></trkpt><trkpt lat="22.302043217951244" lon="114.25995986669368"><ele>-19.469599551443558</ele><time>2023-03-11T06:27:39Z</time></trkpt><trkpt lat="22.302040712690822" lon="114.25993665174248"><ele>-19.48738685686135</ele><time>2023-03-11T06:27:41Z</time></trkpt><trkpt lat="22.302039160348695" lon="114.25990641424657"><ele>-19.638233729402604</ele><time>2023-03-11T06:27:43Z</time></trkpt><trkpt lat="22.302015245573656" lon="114.25987550116012"><ele>-20.340233728378323</ele><time>2023-03-11T06:27:47Z</time></trkpt><trkpt lat="22.301997953521944" lon="114.25986376581953"><ele>-20.29062394097622</ele><time>2023-03-11T06:27:49Z</time></trkpt><trkpt lat="22.301975731023266" lon="114.25984417549485"><ele>-19.992095036175428</ele><time>2023-03-11T06:27:51Z</time></trkpt><trkpt lat="22.302008643095522" lon="114.25979225883864"><ele>-20.029862122792274</ele><time>2023-03-11T06:27:53Z</time></trkpt><trkpt lat="22.302015850100386" lon="114.25975384539139"><ele>-20.04597756240156</ele><time>2023-03-11T06:27:55Z</time></trkpt><trkpt lat="22.302005307873593" lon="114.25973028000216"><ele>-20.308714451542365</ele><time>2023-03-11T06:27:57Z</time></trkpt><trkpt lat="22.301994046602854" lon="114.25970741839281"><ele>-20.610042083369244</ele><time>2023-03-11T06:27:59Z</time></trkpt><trkpt lat="22.301991206580748" lon="114.25968016123932"><ele>-20.55497380530198</ele><time>2023-03-11T06:28:01Z</time></trkpt><trkpt lat="22.30198278331154" lon="114.25965817884243"><ele>-20.661762682321797</ele><time>2023-03-11T06:28:03Z</time></trkpt><trkpt lat="22.301969594982893" lon="114.25963628295791"><ele>-20.839300646794026</ele><time>2023-03-11T06:28:05Z</time></trkpt><trkpt lat="22.301960256075333" lon="114.25961180236362"><ele>-21.00821243641606</ele><time>2023-03-11T06:28:07Z</time></trkpt><trkpt lat="22.301951410910128" lon="114.2595934340145"><ele>-21.340793512659136</ele><time>2023-03-11T06:28:09Z</time></trkpt><trkpt lat="22.301939786741414" lon="114.25957485117156"><ele>-21.60981111103657</ele><time>2023-03-11T06:28:11Z</time></trkpt><trkpt lat="22.30192466106188" lon="114.25955844177348"><ele>-21.85463234528371</ele><time>2023-03-11T06:28:13Z</time></trkpt><trkpt lat="22.301916525684568" lon="114.25954047279782"><ele>-22.50243606714558</ele><time>2023-03-11T06:28:15Z</time></trkpt><trkpt lat="22.301904637573816" lon="114.25952350996457"><ele>-22.760867037336418</ele><time>2023-03-11T06:28:17Z</time></trkpt><trkpt lat="22.3018811816319" lon="114.25951186335664"><ele>-22.963188520671338</ele><time>2023-03-11T06:28:19Z</time></trkpt><trkpt lat="22.301858455064853" lon="114.25949856559622"><ele>-22.768289736164466</ele><time>2023-03-11T06:28:21Z</time></trkpt><trkpt lat="22.301833183814747" lon="114.25948909842413"><ele>-22.624157613925693</ele><time>2023-03-11T06:28:23Z</time></trkpt><trkpt lat="22.301810924298536" lon="114.25947741985435"><ele>-22.48252387601993</ele><time>2023-03-11T06:28:25Z</time></trkpt><trkpt lat="22.301790702344597" lon="114.25946685011664"><ele>-22.355174375593705</ele><time>2023-03-11T06:28:27Z</time></trkpt><trkpt lat="22.30177006503577" lon="114.2594544464895"><ele>-22.490501994691517</ele><time>2023-03-11T06:28:29Z</time></trkpt><trkpt lat="22.301754649946655" lon="114.25943951658677"><ele>-22.695980388814043</ele><time>2023-03-11T06:28:31Z</time></trkpt><trkpt lat="22.301736191033473" lon="114.25942340139842"><ele>-22.75111729651073</ele><time>2023-03-11T06:28:33Z</time></trkpt><trkpt lat="22.301720212871565" lon="114.25940595987248"><ele>-22.363546922243188</ele><time>2023-03-11T06:28:35Z</time></trkpt><trkpt lat="22.301698855875703" lon="114.2593915843185"><ele>-22.56703052725609</ele><time>2023-03-11T06:28:37Z</time></trkpt><trkpt lat="22.301679304060965" lon="114.25937824946942"><ele>-22.5420597638896</ele><time>2023-03-11T06:28:39Z</time></trkpt><trkpt lat="22.301659976303643" lon="114.25936745972389"><ele>-22.469952015588444</ele><time>2023-03-11T06:28:41Z</time></trkpt><trkpt lat="22.301634488297992" lon="114.25935414833391"><ele>-22.36235475438795</ele><time>2023-03-11T06:28:43Z</time></trkpt><trkpt lat="22.301612370707108" lon="114.25933826703088"><ele>-22.069810863365436</ele><time>2023-03-11T06:28:45Z</time></trkpt><trkpt lat="22.301592643671647" lon="114.25932166743692"><ele>-21.926096510186895</ele><time>2023-03-11T06:28:47Z</time></trkpt><trkpt lat="22.301580949834182" lon="114.25929929055707"><ele>-22.071509759230334</ele><time>2023-03-11T06:28:49Z</time></trkpt><trkpt lat="22.30157068670764" lon="114.25927797643467"><ele>-22.390319296973026</ele><time>2023-03-11T06:28:51Z</time></trkpt><trkpt lat="22.301554317673983" lon="114.25925906732375"><ele>-22.6922404324407</ele><time>2023-03-11T06:28:53Z</time></trkpt><trkpt lat="22.301542518978497" lon="114.25923503162804"><ele>-22.71530205103651</ele><time>2023-03-11T06:28:55Z</time></trkpt><trkpt lat="22.301537179134897" lon="114.25921395219117"><ele>-23.118447584796574</ele><time>2023-03-11T06:28:57Z</time></trkpt><trkpt lat="22.30151891488585" lon="114.25917436222953"><ele>-23.505467970348985</ele><time>2023-03-11T06:29:01Z</time></trkpt><trkpt lat="22.301506719965214" lon="114.25915396932446"><ele>-23.58903894082122</ele><time>2023-03-11T06:29:03Z</time></trkpt><trkpt lat="22.301496118560877" lon="114.25913333846384"><ele>-23.666741783596976</ele><time>2023-03-11T06:29:05Z</time></trkpt><trkpt lat="22.301498709284893" lon="114.25911039884686"><ele>-23.577260419858472</ele><time>2023-03-11T06:29:07Z</time></trkpt><trkpt lat="22.30149494394994" lon="114.2590721068227"><ele>-23.732255259006042</ele><time>2023-03-11T06:29:11Z</time></trkpt><trkpt lat="22.30148311529351" lon="114.25904592017504"><ele>-23.625317658923176</ele><time>2023-03-11T06:29:13Z</time></trkpt><trkpt lat="22.301472560678704" lon="114.25902038937215"><ele>-23.2787965393643</ele><time>2023-03-11T06:29:15Z</time></trkpt><trkpt lat="22.30146593381697" lon="114.2590016479493"><ele>-22.73954950808494</ele><time>2023-03-11T06:29:17Z</time></trkpt><trkpt lat="22.301460870741593" lon="114.2589790831939"><ele>-22.484067927046794</ele><time>2023-03-11T06:29:19Z</time></trkpt><trkpt lat="22.301459283953836" lon="114.2589483681762"><ele>-21.77438070614942</ele><time>2023-03-11T06:29:21Z</time></trkpt><trkpt lat="22.30146145851318" lon="114.25892227578632"><ele>-21.1540406998546</ele><time>2023-03-11T06:29:23Z</time></trkpt><trkpt lat="22.301446518918016" lon="114.258902709254"><ele>-20.89517500963634</ele><time>2023-03-11T06:29:27Z</time></trkpt><trkpt lat="22.3014481559618" lon="114.25887753073323"><ele>-20.407330108711715</ele><time>2023-03-11T06:29:29Z</time></trkpt><trkpt lat="22.301435267192076" lon="114.2588498754213"><ele>-18.909249882001152</ele><time>2023-03-11T06:29:33Z</time></trkpt><trkpt lat="22.30144044173942" lon="114.25883057554788"><ele>-18.853631733784322</ele><time>2023-03-11T06:29:35Z</time></trkpt><trkpt lat="22.30144035318889" lon="114.25880185585619"><ele>-18.860288381382578</ele><time>2023-03-11T06:29:37Z</time></trkpt><trkpt lat="22.301455950970517" lon="114.2587826469765"><ele>-18.817101408539873</ele><time>2023-03-11T06:29:39Z</time></trkpt><trkpt lat="22.301480830922124" lon="114.25875292863451"><ele>-18.807746700722717</ele><time>2023-03-11T06:29:41Z</time></trkpt><trkpt lat="22.301501903096554" lon="114.25873149444284"><ele>-18.92125395835156</ele><time>2023-03-11T06:29:43Z</time></trkpt><trkpt lat="22.301521157577294" lon="114.25871262017758"><ele>-19.087806978808413</ele><time>2023-03-11T06:29:45Z</time></trkpt><trkpt lat="22.3015410300219" lon="114.25870621684213"><ele>-19.037410771338322</ele><time>2023-03-11T06:29:47Z</time></trkpt><trkpt lat="22.30155778120318" lon="114.25869267681428"><ele>-19.00515487594117</ele><time>2023-03-11T06:29:49Z</time></trkpt><trkpt lat="22.301573669745366" lon="114.25866984434238"><ele>-19.21797798306493</ele><time>2023-03-11T06:29:51Z</time></trkpt><trkpt lat="22.301574122324304" lon="114.25864407615211"><ele>-19.00182080961165</ele><time>2023-03-11T06:29:53Z</time></trkpt><trkpt lat="22.301578308767425" lon="114.25861697302679"><ele>-19.234183527117537</ele><time>2023-03-11T06:29:55Z</time></trkpt><trkpt lat="22.30158057349527" lon="114.25859396713334"><ele>-18.888924869403272</ele><time>2023-03-11T06:29:57Z</time></trkpt><trkpt lat="22.30158506174809" lon="114.2585735208481"><ele>-18.618484357955957</ele><time>2023-03-11T06:29:59Z</time></trkpt><trkpt lat="22.30158832430817" lon="114.25854411510207"><ele>-18.42489896215434</ele><time>2023-03-11T06:30:01Z</time></trkpt><trkpt lat="22.301589170008782" lon="114.25851725522429"><ele>-18.63670172036822</ele><time>2023-03-11T06:30:03Z</time></trkpt><trkpt lat="22.30159844701912" lon="114.25848713754006"><ele>-18.90438979068308</ele><time>2023-03-11T06:30:05Z</time></trkpt><trkpt lat="22.30160757238186" lon="114.25845548474821"><ele>-18.673770522773196</ele><time>2023-03-11T06:30:07Z</time></trkpt><trkpt lat="22.301611843808654" lon="114.25842576543668"><ele>-18.67633922425638</ele><time>2023-03-11T06:30:09Z</time></trkpt><trkpt lat="22.30160597954667" lon="114.25839959113918"><ele>-18.796229313473063</ele><time>2023-03-11T06:30:11Z</time></trkpt><trkpt lat="22.30160258341613" lon="114.25837427477788"><ele>-19.013720426094594</ele><time>2023-03-11T06:30:13Z</time></trkpt><trkpt lat="22.301600225121174" lon="114.25834706235547"><ele>-19.26273688893088</ele><time>2023-03-11T06:30:15Z</time></trkpt><trkpt lat="22.301595016007383" lon="114.25832027387618"><ele>-19.159801274238923</ele><time>2023-03-11T06:30:17Z</time></trkpt><trkpt lat="22.301593406319327" lon="114.25829166149425"><ele>-19.039077560151135</ele><time>2023-03-11T06:30:19Z</time></trkpt><trkpt lat="22.30159376165678" lon="114.2582666929649"><ele>-19.205967688914694</ele><time>2023-03-11T06:30:21Z</time></trkpt><trkpt lat="22.301599034923054" lon="114.25824325144298"><ele>-19.844445408932003</ele><time>2023-03-11T06:30:23Z</time></trkpt><trkpt lat="22.301600264631148" lon="114.25820485782492"><ele>-20.62188267258159</ele><time>2023-03-11T06:30:27Z</time></trkpt><trkpt lat="22.301598579620073" lon="114.25818032742556"><ele>-21.018366316458497</ele><time>2023-03-11T06:30:29Z</time></trkpt><trkpt lat="22.301597716338247" lon="114.25815199695464"><ele>-21.2899970559774</ele><time>2023-03-11T06:30:31Z</time></trkpt><trkpt lat="22.301601107673534" lon="114.25813095027863"><ele>-21.37551207981019</ele><time>2023-03-11T06:30:33Z</time></trkpt><trkpt lat="22.301608752081258" lon="114.25810842623004"><ele>-21.434664106638017</ele><time>2023-03-11T06:30:35Z</time></trkpt><trkpt lat="22.301610676725627" lon="114.258085546807"><ele>-22.270868138545065</ele><time>2023-03-11T06:30:37Z</time></trkpt><trkpt lat="22.30160180872661" lon="114.25806398462977"><ele>-22.82551933351004</ele><time>2023-03-11T06:30:39Z</time></trkpt><trkpt lat="22.301598898618305" lon="114.2580371509337"><ele>-23.329328401851246</ele><time>2023-03-11T06:30:41Z</time></trkpt><trkpt lat="22.301591893420333" lon="114.25801110057537"><ele>-23.631287003212933</ele><time>2023-03-11T06:30:43Z</time></trkpt><trkpt lat="22.301585020618326" lon="114.25798330918357"><ele>-23.605450016832883</ele><time>2023-03-11T06:30:45Z</time></trkpt><trkpt lat="22.30158156767938" lon="114.25795474384576"><ele>-23.497700826446653</ele><time>2023-03-11T06:30:47Z</time></trkpt><trkpt lat="22.301581873757836" lon="114.25793017695726"><ele>-23.384883147422375</ele><time>2023-03-11T06:30:49Z</time></trkpt><trkpt lat="22.30158043557921" lon="114.257910604738"><ele>-23.040351377790525</ele><time>2023-03-11T06:30:51Z</time></trkpt><trkpt lat="22.301574270825462" lon="114.2578907984564"><ele>-22.569569733330976</ele><time>2023-03-11T06:30:53Z</time></trkpt><trkpt lat="22.30155874995884" lon="114.25787363744394"><ele>-21.78959866191399</ele><time>2023-03-11T06:30:55Z</time></trkpt><trkpt lat="22.301550311755356" lon="114.25784875466596"><ele>-21.139805339513348</ele><time>2023-03-11T06:30:57Z</time></trkpt><trkpt lat="22.301541988824034" lon="114.25783015380682"><ele>-19.83280427750342</ele><time>2023-03-11T06:30:59Z</time></trkpt><trkpt lat="22.301527772707708" lon="114.25779097444692"><ele>-16.65058834540196</ele><time>2023-03-11T06:31:03Z</time></trkpt><trkpt lat="22.301535316432695" lon="114.25776750524663"><ele>-15.80616625736102</ele><time>2023-03-11T06:31:05Z</time></trkpt><trkpt lat="22.30153360327348" lon="114.25774546806782"><ele>-15.227895023534254</ele><time>2023-03-11T06:31:07Z</time></trkpt><trkpt lat="22.301540182435318" lon="114.25771451385376"><ele>-14.801386501346174</ele><time>2023-03-11T06:31:09Z</time></trkpt><trkpt lat="22.301544955493707" lon="114.25769072069615"><ele>-14.576228245964222</ele><time>2023-03-11T06:31:11Z</time></trkpt><trkpt lat="22.301547232525007" lon="114.25766788157162"><ele>-13.681261527525617</ele><time>2023-03-11T06:31:15Z</time></trkpt><trkpt lat="22.301551338353743" lon="114.25763788732861"><ele>-13.37981396612644</ele><time>2023-03-11T06:31:17Z</time></trkpt><trkpt lat="22.301550953906812" lon="114.25760697707754"><ele>-13.171767141098488</ele><time>2023-03-11T06:31:19Z</time></trkpt><trkpt lat="22.30154946357118" lon="114.25758145908738"><ele>-12.91884185508953</ele><time>2023-03-11T06:31:21Z</time></trkpt><trkpt lat="22.30155688128279" lon="114.25755551027402"><ele>-12.639950474538896</ele><time>2023-03-11T06:31:23Z</time></trkpt><trkpt lat="22.301548726862066" lon="114.25753261519557"><ele>-12.212909256455266</ele><time>2023-03-11T06:31:25Z</time></trkpt><trkpt lat="22.301538075707715" lon="114.25750410987602"><ele>-11.616393363556158</ele><time>2023-03-11T06:31:27Z</time></trkpt><trkpt lat="22.301534052727764" lon="114.25747668891752"><ele>-11.429504383501296</ele><time>2023-03-11T06:31:29Z</time></trkpt><trkpt lat="22.301530115711408" lon="114.25745318259467"><ele>-11.271547547156496</ele><time>2023-03-11T06:31:31Z</time></trkpt><trkpt lat="22.30153241992354" lon="114.25743133145271"><ele>-11.141327705996469</ele><time>2023-03-11T06:31:33Z</time></trkpt><trkpt lat="22.301539246869524" lon="114.25740775358912"><ele>-11.419512495475526</ele><time>2023-03-11T06:31:35Z</time></trkpt><trkpt lat="22.301562743960126" lon="114.25738015993197"><ele>-12.068797056834534</ele><time>2023-03-11T06:31:37Z</time></trkpt><trkpt lat="22.30157600020745" lon="114.25735752079468"><ele>-12.870149259735514</ele><time>2023-03-11T06:31:39Z</time></trkpt><trkpt lat="22.301585265337295" lon="114.25733747244291"><ele>-13.296008722029384</ele><time>2023-03-11T06:31:41Z</time></trkpt><trkpt lat="22.301595766427784" lon="114.25730190725024"><ele>-12.107423220812311</ele><time>2023-03-11T06:31:45Z</time></trkpt><trkpt lat="22.301606394728967" lon="114.2572598699618"><ele>-12.026006339371817</ele><time>2023-03-11T06:31:47Z</time></trkpt><trkpt lat="22.301611043031688" lon="114.2572246823219"><ele>-11.531707142317137</ele><time>2023-03-11T06:31:49Z</time></trkpt><trkpt lat="22.301612993751533" lon="114.25718699935885"><ele>-12.903099961314753</ele><time>2023-03-11T06:31:53Z</time></trkpt><trkpt lat="22.30161611390747" lon="114.25715267364833"><ele>-14.147630169733162</ele><time>2023-03-11T06:31:57Z</time></trkpt><trkpt lat="22.30160599488023" lon="114.25713543510255"><ele>-14.324685545472965</ele><time>2023-03-11T06:31:59Z</time></trkpt><trkpt lat="22.301610781339452" lon="114.25710960700627"><ele>-14.446205758319982</ele><time>2023-03-11T06:32:01Z</time></trkpt><trkpt lat="22.301619335365665" lon="114.25708024811827"><ele>-14.703407393018335</ele><time>2023-03-11T06:32:03Z</time></trkpt><trkpt lat="22.30163764963075" lon="114.2570676096025"><ele>-14.908447530331408</ele><time>2023-03-11T06:32:05Z</time></trkpt><trkpt lat="22.301664643073792" lon="114.25706569587743"><ele>-14.899143938782704</ele><time>2023-03-11T06:32:07Z</time></trkpt><trkpt lat="22.301684781177425" lon="114.25706463701832"><ele>-15.009946465769048</ele><time>2023-03-11T06:32:09Z</time></trkpt><trkpt lat="22.301714507062833" lon="114.25706443963082"><ele>-14.848351650250189</ele><time>2023-03-11T06:32:13Z</time></trkpt><trkpt lat="22.30173532625228" lon="114.25706129932078"><ele>-14.797392123572942</ele><time>2023-03-11T06:32:15Z</time></trkpt><trkpt lat="22.301759948603266" lon="114.25705498895456"><ele>-14.698798564935023</ele><time>2023-03-11T06:32:17Z</time></trkpt><trkpt lat="22.30178036013055" lon="114.25705394499064"><ele>-14.762138753032751</ele><time>2023-03-11T06:32:19Z</time></trkpt><trkpt lat="22.301810694599375" lon="114.25705578849553"><ele>-14.876711106153214</ele><time>2023-03-11T06:32:21Z</time></trkpt><trkpt lat="22.30184126320584" lon="114.25705864375006"><ele>-14.88885143816432</ele><time>2023-03-11T06:32:23Z</time></trkpt><trkpt lat="22.30187291008559" lon="114.25705744492186"><ele>-14.503938948698625</ele><time>2023-03-11T06:32:25Z</time></trkpt><trkpt lat="22.301901268582395" lon="114.25706216121193"><ele>-14.711934172737562</ele><time>2023-03-11T06:32:27Z</time></trkpt><trkpt lat="22.30192877549351" lon="114.25706207943695"><ele>-15.209608128130046</ele><time>2023-03-11T06:32:29Z</time></trkpt><trkpt lat="22.30195375862911" lon="114.25705463586843"><ele>-15.729680037847126</ele><time>2023-03-11T06:32:31Z</time></trkpt><trkpt lat="22.301973181619598" lon="114.25704888553025"><ele>-16.112362943559088</ele><time>2023-03-11T06:32:33Z</time></trkpt><trkpt lat="22.30199851604313" lon="114.25704619655114"><ele>-16.172504287080194</ele><time>2023-03-11T06:32:35Z</time></trkpt><trkpt lat="22.302022917418984" lon="114.25704079534265"><ele>-16.40714588938499</ele><time>2023-03-11T06:32:37Z</time></trkpt><trkpt lat="22.302041002613585" lon="114.25703559103586"><ele>-16.47540696030372</ele><time>2023-03-11T06:32:39Z</time></trkpt><trkpt lat="22.302061561041292" lon="114.25704235085863"><ele>-16.61710219229867</ele><time>2023-03-11T06:32:41Z</time></trkpt><trkpt lat="22.30208821308675" lon="114.2570477980785"><ele>-16.76910838023186</ele><time>2023-03-11T06:32:43Z</time></trkpt><trkpt lat="22.30211496882104" lon="114.25705888876477"><ele>-17.01136328829974</ele><time>2023-03-11T06:32:45Z</time></trkpt><trkpt lat="22.30214186537469" lon="114.25706502736712"><ele>-17.22111242316946</ele><time>2023-03-11T06:32:47Z</time></trkpt><trkpt lat="22.302162177944606" lon="114.25707039097175"><ele>-17.37064979710795</ele><time>2023-03-11T06:32:49Z</time></trkpt><trkpt lat="22.30218291301543" lon="114.25706949723661"><ele>-17.245355604454147</ele><time>2023-03-11T06:32:51Z</time></trkpt><trkpt lat="22.302203376317358" lon="114.25706371759296"><ele>-17.414392313684914</ele><time>2023-03-11T06:32:53Z</time></trkpt><trkpt lat="22.302224527967798" lon="114.25705983209276"><ele>-17.485609501855787</ele><time>2023-03-11T06:32:55Z</time></trkpt><trkpt lat="22.30224522684357" lon="114.25705101922443"><ele>-17.03451735680909</ele><time>2023-03-11T06:32:57Z</time></trkpt><trkpt lat="22.30226514328786" lon="114.25704995639533"><ele>-16.921857445653487</ele><time>2023-03-11T06:33:02.006Z</time></trkpt><trkpt lat="22.30227952439267" lon="114.25707175559252"><ele>-15.595185023574643</ele><time>2023-03-11T06:33:11Z</time></trkpt><trkpt lat="22.30230919808988" lon="114.25707902811091"><ele>-15.37984723086215</ele><time>2023-03-11T06:33:15Z</time></trkpt><trkpt lat="22.302339917961582" lon="114.25707046886008"><ele>-15.45387539175441</ele><time>2023-03-11T06:33:19Z</time></trkpt><trkpt lat="22.302344863150157" lon="114.25705136037722"><ele>-15.943072243483554</ele><time>2023-03-11T06:33:21Z</time></trkpt><trkpt lat="22.30235539698659" lon="114.25702788710791"><ele>-16.223857994803726</ele><time>2023-03-11T06:33:23Z</time></trkpt><trkpt lat="22.302353834835127" lon="114.2569993706953"><ele>-17.224053508977182</ele><time>2023-03-11T06:33:25Z</time></trkpt><trkpt lat="22.302356323668686" lon="114.25696892076273"><ele>-17.679083287664582</ele><time>2023-03-11T06:33:27Z</time></trkpt><trkpt lat="22.302354164805237" lon="114.25694139954706"><ele>-17.949928786063758</ele><time>2023-03-11T06:33:29Z</time></trkpt><trkpt lat="22.302355502544902" lon="114.25691547854446"><ele>-18.315112272402363</ele><time>2023-03-11T06:33:31Z</time></trkpt><trkpt lat="22.302359919374766" lon="114.25689455288396"><ele>-18.8596165940979</ele><time>2023-03-11T06:33:33Z</time></trkpt><trkpt lat="22.302365653537617" lon="114.2568658566527"><ele>-19.32565833800474</ele><time>2023-03-11T06:33:35Z</time></trkpt><trkpt lat="22.30236343227814" lon="114.25684402379305"><ele>-19.675341340919044</ele><time>2023-03-11T06:33:37Z</time></trkpt><trkpt lat="22.302364605507165" lon="114.25682190038168"><ele>-19.504104290772418</ele><time>2023-03-11T06:33:39Z</time></trkpt><trkpt lat="22.302365960250714" lon="114.25680118795044"><ele>-19.388419323291696</ele><time>2023-03-11T06:33:41Z</time></trkpt><trkpt lat="22.302358721778102" lon="114.25677787795281"><ele>-18.94948696565854</ele><time>2023-03-11T06:33:43Z</time></trkpt><trkpt lat="22.302348619136264" lon="114.25675859236658"><ele>-18.428780485880193</ele><time>2023-03-11T06:33:45Z</time></trkpt><trkpt lat="22.302330469309542" lon="114.25673693181027"><ele>-17.62054028641743</ele><time>2023-03-11T06:33:47Z</time></trkpt><trkpt lat="22.30232247321257" lon="114.25671490202332"><ele>-16.722346036015146</ele><time>2023-03-11T06:33:49Z</time></trkpt><trkpt lat="22.302317668195748" lon="114.25669311752586"><ele>-15.37548838240941</ele><time>2023-03-11T06:33:51Z</time></trkpt><trkpt lat="22.302348183224" lon="114.25666313909949"><ele>-14.143816658294897</ele><time>2023-03-11T06:33:55Z</time></trkpt><trkpt lat="22.302377437015053" lon="114.25665569073452"><ele>-13.73448187563716</ele><time>2023-03-11T06:33:57Z</time></trkpt><trkpt lat="22.30240159800717" lon="114.25665482974422"><ele>-13.30620790885119</ele><time>2023-03-11T06:33:59Z</time></trkpt><trkpt lat="22.302421954842114" lon="114.25665161529719"><ele>-12.582850423460906</ele><time>2023-03-11T06:34:01Z</time></trkpt><trkpt lat="22.30244402235809" lon="114.25664243681832"><ele>-12.379597460954871</ele><time>2023-03-11T06:34:03Z</time></trkpt><trkpt lat="22.30246592598344" lon="114.25662978296668"><ele>-12.298496079783305</ele><time>2023-03-11T06:34:05Z</time></trkpt><trkpt lat="22.302486985173047" lon="114.25661303238255"><ele>-11.40824627547285</ele><time>2023-03-11T06:34:07Z</time></trkpt><trkpt lat="22.302507264528426" lon="114.25659350350604"><ele>-10.418183397645604</ele><time>2023-03-11T06:34:09Z</time></trkpt><trkpt lat="22.302522901212278" lon="114.25657472174875"><ele>-9.517247912552131</ele><time>2023-03-11T06:34:11Z</time></trkpt><trkpt lat="22.302534564529324" lon="114.25655450944541"><ele>-7.883043020540998</ele><time>2023-03-11T06:34:13Z</time></trkpt><trkpt lat="22.302552830509807" lon="114.25652679759486"><ele>-5.1988089880024715</ele><time>2023-03-11T06:34:17Z</time></trkpt><trkpt lat="22.302578520929128" lon="114.2564982037129"><ele>-3.6803565973279846</ele><time>2023-03-11T06:34:21Z</time></trkpt><trkpt lat="22.302594276038896" lon="114.2564737875933"><ele>-2.827267594815804</ele><time>2023-03-11T06:34:23Z</time></trkpt><trkpt lat="22.302600870097013" lon="114.25645311198699"><ele>-2.0397889987906543</ele><time>2023-03-11T06:34:25Z</time></trkpt><trkpt lat="22.302613456704318" lon="114.25641269243553"><ele>-1.0599202845010594</ele><time>2023-03-11T06:34:29Z</time></trkpt><trkpt lat="22.302615400712845" lon="114.2563900372445"><ele>-0.7695116785199989</ele><time>2023-03-11T06:34:31Z</time></trkpt><trkpt lat="22.302593137873735" lon="114.25637446705743"><ele>-0.31027346958626534</ele><time>2023-03-11T06:34:33Z</time></trkpt><trkpt lat="22.30256902532601" lon="114.25636830458355"><ele>-0.5365237121229758</ele><time>2023-03-11T06:34:35Z</time></trkpt><trkpt lat="22.302543794621283" lon="114.25635556138846"><ele>-0.6008956046866586</ele><time>2023-03-11T06:34:37Z</time></trkpt><trkpt lat="22.302521401454392" lon="114.25633630717337"><ele>-0.26985966265965317</ele><time>2023-03-11T06:34:39Z</time></trkpt><trkpt lat="22.30249643989694" lon="114.25632277728889"><ele>0.11790786641101818</ele><time>2023-03-11T06:34:41Z</time></trkpt><trkpt lat="22.30247059207667" lon="114.25631213796731"><ele>0.4865719560861531</ele><time>2023-03-11T06:34:43Z</time></trkpt><trkpt lat="22.302448001525836" lon="114.25629925687339"><ele>0.9475725449045918</ele><time>2023-03-11T06:34:45Z</time></trkpt><trkpt lat="22.302426306289576" lon="114.2562935240926"><ele>1.494552910629914</ele><time>2023-03-11T06:34:47Z</time></trkpt><trkpt lat="22.302405088345736" lon="114.25628883070574"><ele>1.668173923936192</ele><time>2023-03-11T06:34:49Z</time></trkpt><trkpt lat="22.302384329174068" lon="114.25628329517909"><ele>2.0089573748796887</ele><time>2023-03-11T06:34:51Z</time></trkpt><trkpt lat="22.30236359794496" lon="114.25627793644846"><ele>2.316447284694285</ele><time>2023-03-11T06:34:53Z</time></trkpt><trkpt lat="22.30234422639735" lon="114.25626804430334"><ele>2.319283512686465</ele><time>2023-03-11T06:34:55Z</time></trkpt><trkpt lat="22.302320326926356" lon="114.25625702910202"><ele>2.3579693981345478</ele><time>2023-03-11T06:34:57Z</time></trkpt><trkpt lat="22.302299905964926" lon="114.25624135009365"><ele>2.3800682715898316</ele><time>2023-03-11T06:34:59Z</time></trkpt><trkpt lat="22.302285908789752" lon="114.25622801376663"><ele>2.435713286693122</ele><time>2023-03-11T06:35:01Z</time></trkpt><trkpt lat="22.302274281868023" lon="114.25620594667151"><ele>2.478135549811785</ele><time>2023-03-11T06:35:03Z</time></trkpt><trkpt lat="22.30226290808351" lon="114.25618267294675"><ele>2.4669933863786215</ele><time>2023-03-11T06:35:05Z</time></trkpt><trkpt lat="22.30225174768891" lon="114.25615576958717"><ele>2.7031736584368766</ele><time>2023-03-11T06:35:07Z</time></trkpt><trkpt lat="22.302235877448492" lon="114.25613358355568"><ele>3.0460651750603835</ele><time>2023-03-11T06:35:09Z</time></trkpt><trkpt lat="22.30221823386641" lon="114.25611194787585"><ele>3.5106960550342934</ele><time>2023-03-11T06:35:11Z</time></trkpt><trkpt lat="22.302201270816305" lon="114.25608869372668"><ele>3.7150923222383074</ele><time>2023-03-11T06:35:13Z</time></trkpt><trkpt lat="22.30218769823344" lon="114.25606470927607"><ele>3.9828433720568075</ele><time>2023-03-11T06:35:15Z</time></trkpt><trkpt lat="22.30217819172217" lon="114.25604439020275"><ele>4.094664225167153</ele><time>2023-03-11T06:35:17Z</time></trkpt><trkpt lat="22.302175198898784" lon="114.25602435575503"><ele>3.9671109376714067</ele><time>2023-03-11T06:35:19Z</time></trkpt><trkpt lat="22.30216905460859" lon="114.25600069247962"><ele>3.8739635919725384</ele><time>2023-03-11T06:35:21Z</time></trkpt><trkpt lat="22.30216397568538" lon="114.25597552152767"><ele>3.80077319357882</ele><time>2023-03-11T06:35:23Z</time></trkpt><trkpt lat="22.302156279997163" lon="114.25594573798257"><ele>3.8654277046769474</ele><time>2023-03-11T06:35:25Z</time></trkpt><trkpt lat="22.302147605479746" lon="114.25591859726109"><ele>3.9828757270213697</ele><time>2023-03-11T06:35:27Z</time></trkpt><trkpt lat="22.302143079454" lon="114.25589303908195"><ele>4.2267701635211035</ele><time>2023-03-11T06:35:29Z</time></trkpt><trkpt lat="22.302142775363848" lon="114.25586899103452"><ele>4.009582377842496</ele><time>2023-03-11T06:35:31Z</time></trkpt><trkpt lat="22.302141923050467" lon="114.25584484486642"><ele>3.8082601264363922</ele><time>2023-03-11T06:35:33Z</time></trkpt><trkpt lat="22.302143238671032" lon="114.25581545109691"><ele>3.818677344771108</ele><time>2023-03-11T06:35:35Z</time></trkpt><trkpt lat="22.30214843744052" lon="114.25578988308233"><ele>3.695353613550789</ele><time>2023-03-11T06:35:37Z</time></trkpt><trkpt lat="22.302152855681665" lon="114.25576067400962"><ele>3.7452202414427562</ele><time>2023-03-11T06:35:39Z</time></trkpt><trkpt lat="22.30215773502551" lon="114.25573330223035"><ele>3.851324255331372</ele><time>2023-03-11T06:35:41Z</time></trkpt><trkpt lat="22.30216045966378" lon="114.25571060787259"><ele>4.257748681799519</ele><time>2023-03-11T06:35:43Z</time></trkpt><trkpt lat="22.302162577437514" lon="114.25568657729056"><ele>4.646710064685026</ele><time>2023-03-11T06:35:45Z</time></trkpt><trkpt lat="22.302162802002606" lon="114.25565653708648"><ele>4.829771302554653</ele><time>2023-03-11T06:35:47Z</time></trkpt><trkpt lat="22.302167016300007" lon="114.25562308500845"><ele>4.982868267220678</ele><time>2023-03-11T06:35:49Z</time></trkpt><trkpt lat="22.30217306380947" lon="114.25559255684213"><ele>5.259185432341276</ele><time>2023-03-11T06:35:51Z</time></trkpt><trkpt lat="22.302181215671652" lon="114.25557388936748"><ele>5.530850922042634</ele><time>2023-03-11T06:35:53Z</time></trkpt><trkpt lat="22.30218804754171" lon="114.25554598955459"><ele>6.4182373692543235</ele><time>2023-03-11T06:35:57Z</time></trkpt><trkpt lat="22.30220659783192" lon="114.25551537097387"><ele>6.934755172863004</ele><time>2023-03-11T06:36:01Z</time></trkpt><trkpt lat="22.302215931164802" lon="114.2554945365035"><ele>7.042337564553482</ele><time>2023-03-11T06:36:03Z</time></trkpt><trkpt lat="22.302224012528555" lon="114.25547612661275"><ele>7.049270097984093</ele><time>2023-03-11T06:36:05Z</time></trkpt><trkpt lat="22.30225500731428" lon="114.25545548846242"><ele>6.739129221872024</ele><time>2023-03-11T06:36:09Z</time></trkpt><trkpt lat="22.30226938116439" lon="114.25544331456864"><ele>6.524412938092589</ele><time>2023-03-11T06:36:11Z</time></trkpt><trkpt lat="22.302286434803474" lon="114.25543576128977"><ele>6.520034098329959</ele><time>2023-03-11T06:36:13Z</time></trkpt><trkpt lat="22.302297339696224" lon="114.2554162711573"><ele>6.83520632024616</ele><time>2023-03-11T06:36:15Z</time></trkpt><trkpt lat="22.302310896653626" lon="114.25539921780444"><ele>6.9063577474980775</ele><time>2023-03-11T06:36:17Z</time></trkpt><trkpt lat="22.302321535724154" lon="114.25537892280983"><ele>6.758432877765306</ele><time>2023-03-11T06:36:19Z</time></trkpt><trkpt lat="22.302334053704957" lon="114.25536337571886"><ele>6.781024110189937</ele><time>2023-03-11T06:36:21Z</time></trkpt><trkpt lat="22.30235038507306" lon="114.25535149399617"><ele>6.914673332349147</ele><time>2023-03-11T06:36:23Z</time></trkpt><trkpt lat="22.302373643877917" lon="114.25533340454784"><ele>6.976303439402036</ele><time>2023-03-11T06:36:27Z</time></trkpt><trkpt lat="22.302395542962973" lon="114.25530225247816"><ele>7.083746684160166</ele><time>2023-03-11T06:36:31Z</time></trkpt><trkpt lat="22.302409828673177" lon="114.25528964811883"><ele>6.955025358338187</ele><time>2023-03-11T06:36:33Z</time></trkpt><trkpt lat="22.302423351652465" lon="114.25527560641962"><ele>6.7402375371878085</ele><time>2023-03-11T06:36:35Z</time></trkpt><trkpt lat="22.302434162979477" lon="114.25525281557898"><ele>6.75832469738186</ele><time>2023-03-11T06:36:37Z</time></trkpt><trkpt lat="22.302449240925878" lon="114.25523679430435"><ele>6.985443198964547</ele><time>2023-03-11T06:36:39Z</time></trkpt><trkpt lat="22.302465529089567" lon="114.2552278309691"><ele>6.968200942871627</ele><time>2023-03-11T06:36:41Z</time></trkpt><trkpt lat="22.302494613440295" lon="114.25520520704096"><ele>7.0755021876283015</ele><time>2023-03-11T06:36:45Z</time></trkpt><trkpt lat="22.302514379235046" lon="114.25518872406917"><ele>7.072738493445688</ele><time>2023-03-11T06:36:47Z</time></trkpt><trkpt lat="22.302529531186128" lon="114.25517521986093"><ele>7.390110579793773</ele><time>2023-03-11T06:36:49Z</time></trkpt><trkpt lat="22.30254748713011" lon="114.25516096937636"><ele>7.397533758741809</ele><time>2023-03-11T06:36:51Z</time></trkpt><trkpt lat="22.30256373429888" lon="114.2551524730466"><ele>7.157423289755791</ele><time>2023-03-11T06:36:53Z</time></trkpt><trkpt lat="22.30257960985212" lon="114.25514150414442"><ele>7.08689357358812</ele><time>2023-03-11T06:36:55Z</time></trkpt><trkpt lat="22.302596634771295" lon="114.25513177056223"><ele>6.814959827252382</ele><time>2023-03-11T06:36:57Z</time></trkpt><trkpt lat="22.30261127056804" lon="114.25511673065267"><ele>6.8788059990239825</ele><time>2023-03-11T06:36:59Z</time></trkpt><trkpt lat="22.30263295909754" lon="114.25510983141332"><ele>6.598261251824004</ele><time>2023-03-11T06:37:01Z</time></trkpt><trkpt lat="22.302648624768555" lon="114.25509903932144"><ele>6.57131761747137</ele><time>2023-03-11T06:37:03Z</time></trkpt><trkpt lat="22.30266883256169" lon="114.25508991087975"><ele>6.569072523393007</ele><time>2023-03-11T06:37:05Z</time></trkpt><trkpt lat="22.302688083823217" lon="114.25507699183714"><ele>6.627112315107941</ele><time>2023-03-11T06:37:07Z</time></trkpt><trkpt lat="22.30270462160799" lon="114.25506351469535"><ele>6.4994690200918095</ele><time>2023-03-11T06:37:09Z</time></trkpt><trkpt lat="22.302720141776696" lon="114.25505033895283"><ele>6.475319296204428</ele><time>2023-03-11T06:37:11Z</time></trkpt><trkpt lat="22.302739318398654" lon="114.25504175974113"><ele>6.225961689494625</ele><time>2023-03-11T06:37:13Z</time></trkpt><trkpt lat="22.302755313001413" lon="114.25502956128958"><ele>5.948056998582489</ele><time>2023-03-11T06:37:15Z</time></trkpt><trkpt lat="22.302773149032035" lon="114.25501876746915"><ele>5.817642731423333</ele><time>2023-03-11T06:37:17Z</time></trkpt><trkpt lat="22.302787996615173" lon="114.25500569205626"><ele>5.8028973191101985</ele><time>2023-03-11T06:37:19Z</time></trkpt><trkpt lat="22.302805428741635" lon="114.25499240498259"><ele>5.748178603070973</ele><time>2023-03-11T06:37:21Z</time></trkpt><trkpt lat="22.30282475541764" lon="114.25497983537119"><ele>5.684701350850391</ele><time>2023-03-11T06:37:23Z</time></trkpt><trkpt lat="22.30284047813625" lon="114.25496530912956"><ele>5.862825317222838</ele><time>2023-03-11T06:37:25Z</time></trkpt><trkpt lat="22.302860990746368" lon="114.25495157419151"><ele>5.921889425117314</ele><time>2023-03-11T06:37:27Z</time></trkpt><trkpt lat="22.30287704640764" lon="114.25493950981775"><ele>6.025386996636383</ele><time>2023-03-11T06:37:29Z</time></trkpt><trkpt lat="22.302897605883437" lon="114.25492654485271"><ele>5.914435637079413</ele><time>2023-03-11T06:37:31Z</time></trkpt><trkpt lat="22.302918427025872" lon="114.25491745892099"><ele>5.520523931647803</ele><time>2023-03-11T06:37:33Z</time></trkpt><trkpt lat="22.302933054664923" lon="114.25490489004021"><ele>5.455418281229657</ele><time>2023-03-11T06:37:35Z</time></trkpt><trkpt lat="22.302947082966607" lon="114.25488411204688"><ele>5.348913421610491</ele><time>2023-03-11T06:37:37Z</time></trkpt><trkpt lat="22.302960550280588" lon="114.25486640755439"><ele>5.269682511161571</ele><time>2023-03-11T06:37:39Z</time></trkpt><trkpt lat="22.302978629870438" lon="114.25485409924303"><ele>5.143310566973717</ele><time>2023-03-11T06:37:41Z</time></trkpt><trkpt lat="22.302997211297143" lon="114.25484229535653"><ele>5.244384526420171</ele><time>2023-03-11T06:37:43Z</time></trkpt><trkpt lat="22.30301559276036" lon="114.25483033159018"><ele>5.081647874610143</ele><time>2023-03-11T06:37:45Z</time></trkpt><trkpt lat="22.303046144315744" lon="114.2548085314221"><ele>4.867220549016058</ele><time>2023-03-11T06:37:49Z</time></trkpt><trkpt lat="22.303065237456863" lon="114.25479075188558"><ele>4.638105801162756</ele><time>2023-03-11T06:37:51Z</time></trkpt><trkpt lat="22.303083431967377" lon="114.2547735660962"><ele>4.0680791035417085</ele><time>2023-03-11T06:37:53Z</time></trkpt><trkpt lat="22.303104587080107" lon="114.254763388812"><ele>3.682483502435632</ele><time>2023-03-11T06:37:55Z</time></trkpt><trkpt lat="22.30312883573097" lon="114.25475332002725"><ele>3.3322193308062316</ele><time>2023-03-11T06:37:57Z</time></trkpt><trkpt lat="22.30314733738062" lon="114.25474171633498"><ele>3.2553961743992783</ele><time>2023-03-11T06:37:59Z</time></trkpt><trkpt lat="22.303165712818313" lon="114.25472801627981"><ele>3.031006314451231</ele><time>2023-03-11T06:38:01Z</time></trkpt><trkpt lat="22.303189296368597" lon="114.25471560204134"><ele>2.7739068209006397</ele><time>2023-03-11T06:38:03Z</time></trkpt><trkpt lat="22.303209183720444" lon="114.25469903003757"><ele>2.577606643160071</ele><time>2023-03-11T06:38:05Z</time></trkpt><trkpt lat="22.30323046828119" lon="114.25468425475115"><ele>2.408170021132197</ele><time>2023-03-11T06:38:07Z</time></trkpt><trkpt lat="22.303242511116313" lon="114.2546688496749"><ele>2.54909488630605</ele><time>2023-03-11T06:38:09Z</time></trkpt><trkpt lat="22.30325676766937" lon="114.25465154730651"><ele>2.5653120879380324</ele><time>2023-03-11T06:38:11Z</time></trkpt><trkpt lat="22.303271276708173" lon="114.25463155871414"><ele>2.441178445462216</ele><time>2023-03-11T06:38:13Z</time></trkpt><trkpt lat="22.30328785946778" lon="114.25461709280087"><ele>2.530882502717728</ele><time>2023-03-11T06:38:15Z</time></trkpt><trkpt lat="22.303303932968053" lon="114.25460402293274"><ele>2.5230522637842285</ele><time>2023-03-11T06:38:17Z</time></trkpt><trkpt lat="22.30331766585703" lon="114.2545903105567"><ele>2.585297735629996</ele><time>2023-03-11T06:38:19Z</time></trkpt><trkpt lat="22.303330586538678" lon="114.25457277435999"><ele>2.4032286695860123</ele><time>2023-03-11T06:38:21Z</time></trkpt><trkpt lat="22.303343357636784" lon="114.25455093423356"><ele>2.2071087555226745</ele><time>2023-03-11T06:38:23Z</time></trkpt><trkpt lat="22.303358399466376" lon="114.25453290545119"><ele>2.2211173602209193</ele><time>2023-03-11T06:38:25Z</time></trkpt><trkpt lat="22.30337324182451" lon="114.25452020387613"><ele>2.239629972219952</ele><time>2023-03-11T06:38:27Z</time></trkpt><trkpt lat="22.303391317886536" lon="114.25450956530918"><ele>2.173859814626419</ele><time>2023-03-11T06:38:29Z</time></trkpt><trkpt lat="22.303407441265954" lon="114.25449790306055"><ele>2.176851776470339</ele><time>2023-03-11T06:38:31Z</time></trkpt><trkpt lat="22.30342436971204" lon="114.25448255539364"><ele>1.9766539632116098</ele><time>2023-03-11T06:38:33Z</time></trkpt><trkpt lat="22.303440996648806" lon="114.25446357865447"><ele>1.60269624124097</ele><time>2023-03-11T06:38:35Z</time></trkpt><trkpt lat="22.30345496414021" lon="114.25444310113626"><ele>1.741792369101641</ele><time>2023-03-11T06:38:37Z</time></trkpt><trkpt lat="22.303471251523433" lon="114.25441950635724"><ele>2.106337322141282</ele><time>2023-03-11T06:38:39Z</time></trkpt><trkpt lat="22.30348746592049" lon="114.25439902536073"><ele>2.1365748273760135</ele><time>2023-03-11T06:38:41Z</time></trkpt><trkpt lat="22.303499440899397" lon="114.25438106704625"><ele>2.1949416937358457</ele><time>2023-03-11T06:38:43Z</time></trkpt><trkpt lat="22.303513008006465" lon="114.25436769247004"><ele>2.128132396109826</ele><time>2023-03-11T06:38:45Z</time></trkpt><trkpt lat="22.303537874810456" lon="114.2543392343909"><ele>1.7178369174019161</ele><time>2023-03-11T06:38:49Z</time></trkpt><trkpt lat="22.303548637971474" lon="114.25432251632361"><ele>1.4938406165656912</ele><time>2023-03-11T06:38:51Z</time></trkpt><trkpt lat="22.303560776554548" lon="114.25430599962766"><ele>1.356724564264115</ele><time>2023-03-11T06:38:53Z</time></trkpt><trkpt lat="22.303591748276855" lon="114.25427793771797"><ele>0.8453935899442245</ele><time>2023-03-11T06:38:57Z</time></trkpt><trkpt lat="22.303603923788337" lon="114.25426263553095"><ele>0.9281676553208437</ele><time>2023-03-11T06:38:59Z</time></trkpt><trkpt lat="22.30361838141545" lon="114.25424064055915"><ele>0.7517460386671658</ele><time>2023-03-11T06:39:01Z</time></trkpt><trkpt lat="22.30363427876738" lon="114.25422217621367"><ele>0.7606030541610721</ele><time>2023-03-11T06:39:03Z</time></trkpt><trkpt lat="22.303645451383225" lon="114.2542033036598"><ele>0.7287406076409783</ele><time>2023-03-11T06:39:05Z</time></trkpt><trkpt lat="22.30366638792137" lon="114.25417691725787"><ele>0.3730272288263066</ele><time>2023-03-11T06:39:09Z</time></trkpt><trkpt lat="22.303679906248508" lon="114.25416070211755"><ele>0.35298831612649917</ele><time>2023-03-11T06:39:11Z</time></trkpt><trkpt lat="22.30369561857696" lon="114.25414048632346"><ele>0.48966027890955177</ele><time>2023-03-11T06:39:13Z</time></trkpt><trkpt lat="22.303710171048024" lon="114.25412017751228"><ele>0.7536853726113242</ele><time>2023-03-11T06:39:15Z</time></trkpt><trkpt lat="22.303722385543022" lon="114.25409912929739"><ele>0.882870183304331</ele><time>2023-03-11T06:39:17Z</time></trkpt><trkpt lat="22.303733948724556" lon="114.25408204833238"><ele>1.140200440379635</ele><time>2023-03-11T06:39:19Z</time></trkpt><trkpt lat="22.30374521100503" lon="114.25406650904884"><ele>1.1264708350289288</ele><time>2023-03-11T06:39:21Z</time></trkpt><trkpt lat="22.303758036383734" lon="114.25404130427299"><ele>1.1696393872768596</ele><time>2023-03-11T06:39:23Z</time></trkpt><trkpt lat="22.303776544699254" lon="114.25401369294265"><ele>1.1823102385723947</ele><time>2023-03-11T06:39:25Z</time></trkpt><trkpt lat="22.30379475784934" lon="114.25399168121858"><ele>1.3240627838233865</ele><time>2023-03-11T06:39:27Z</time></trkpt><trkpt lat="22.30381183016545" lon="114.25397419208234"><ele>1.455033585973086</ele><time>2023-03-11T06:39:29Z</time></trkpt><trkpt lat="22.303826384936485" lon="114.25395971082021"><ele>1.5677780080877284</ele><time>2023-03-11T06:39:31Z</time></trkpt><trkpt lat="22.303844495857092" lon="114.25393293344341"><ele>1.863529791323188</ele><time>2023-03-11T06:39:35Z</time></trkpt><trkpt lat="22.30385716683874" lon="114.25389278958575"><ele>1.9470184915418955</ele><time>2023-03-11T06:39:39Z</time></trkpt><trkpt lat="22.30386938423602" lon="114.25387573762896"><ele>2.141440681009109</ele><time>2023-03-11T06:39:41Z</time></trkpt><trkpt lat="22.303886043851875" lon="114.25385007646331"><ele>2.763554773771891</ele><time>2023-03-11T06:39:45Z</time></trkpt><trkpt lat="22.303902493428712" lon="114.25382037137038"><ele>2.6388066775228434</ele><time>2023-03-11T06:39:49Z</time></trkpt><trkpt lat="22.303920317270094" lon="114.2537923712215"><ele>2.1962704120540333</ele><time>2023-03-11T06:39:53Z</time></trkpt><trkpt lat="22.303933513598363" lon="114.2537702567056"><ele>1.8153795157308674</ele><time>2023-03-11T06:39:55Z</time></trkpt><trkpt lat="22.303944955922457" lon="114.25374915605124"><ele>2.0497454346095507</ele><time>2023-03-11T06:39:57Z</time></trkpt><trkpt lat="22.303955423260305" lon="114.2537307206615"><ele>2.3827151805738302</ele><time>2023-03-11T06:39:59Z</time></trkpt><trkpt lat="22.30396472454533" lon="114.25371071683374"><ele>2.5260591145657307</ele><time>2023-03-11T06:40:01Z</time></trkpt><trkpt lat="22.30397612630136" lon="114.25368499611994"><ele>2.4567163127379437</ele><time>2023-03-11T06:40:03Z</time></trkpt><trkpt lat="22.30399301195705" lon="114.25366182110551"><ele>2.6887059564852036</ele><time>2023-03-11T06:40:05Z</time></trkpt><trkpt lat="22.304014207445892" lon="114.25364291507958"><ele>2.4774937275104962</ele><time>2023-03-11T06:40:07Z</time></trkpt><trkpt lat="22.30403580547579" lon="114.25362667222164"><ele>1.9463939717062821</ele><time>2023-03-11T06:40:09Z</time></trkpt><trkpt lat="22.30405507035335" lon="114.25361631521778"><ele>1.4866765310794514</ele><time>2023-03-11T06:40:11Z</time></trkpt><trkpt lat="22.304071318591657" lon="114.25359441469408"><ele>0.703260482873426</ele><time>2023-03-11T06:40:13Z</time></trkpt><trkpt lat="22.3040859733363" lon="114.25357813183908"><ele>0.279453526741433</ele><time>2023-03-11T06:40:15Z</time></trkpt><trkpt lat="22.304097789522096" lon="114.25356302909367"><ele>0.056414317214181976</ele><time>2023-03-11T06:40:17Z</time></trkpt><trkpt lat="22.304110128349436" lon="114.25354600058495"><ele>-0.062405140273511815</ele><time>2023-03-11T06:40:19Z</time></trkpt><trkpt lat="22.304124977998118" lon="114.25353017275644"><ele>0.17409222893967552</ele><time>2023-03-11T06:40:21Z</time></trkpt><trkpt lat="22.304138491187743" lon="114.25351208456992"><ele>0.5027766672252855</ele><time>2023-03-11T06:40:23Z</time></trkpt><trkpt lat="22.30415424921757" lon="114.25349755233394"><ele>0.5400920781037476</ele><time>2023-03-11T06:40:25Z</time></trkpt><trkpt lat="22.304169014057248" lon="114.25348048694916"><ele>0.5538325255602631</ele><time>2023-03-11T06:40:27Z</time></trkpt><trkpt lat="22.304182329803083" lon="114.25345823644173"><ele>0.1365460250294495</ele><time>2023-03-11T06:40:29Z</time></trkpt><trkpt lat="22.30419519033414" lon="114.25343694927933"><ele>0.03353812516880047</ele><time>2023-03-11T06:40:31Z</time></trkpt><trkpt lat="22.304213451765087" lon="114.25340390413405"><ele>-0.016026255074596065</ele><time>2023-03-11T06:40:35Z</time></trkpt><trkpt lat="22.304222739603155" lon="114.25338707290715"><ele>0.12872082606659485</ele><time>2023-03-11T06:40:37Z</time></trkpt><trkpt lat="22.304240103399607" lon="114.25337246771355"><ele>-0.30307186755185495</ele><time>2023-03-11T06:40:39Z</time></trkpt><trkpt lat="22.30426338684073" lon="114.2533707815859"><ele>-0.4860917955182066</ele><time>2023-03-11T06:40:41Z</time></trkpt><trkpt lat="22.30428439120093" lon="114.25336746138822"><ele>-0.6000109586616346</ele><time>2023-03-11T06:40:43Z</time></trkpt><trkpt lat="22.30430344406548" lon="114.25336884862548"><ele>-0.6135898053486722</ele><time>2023-03-11T06:40:45Z</time></trkpt><trkpt lat="22.30432374649893" lon="114.25336467293515"><ele>-0.8464026983362154</ele><time>2023-03-11T06:40:47Z</time></trkpt><trkpt lat="22.304360527804135" lon="114.25334666777786"><ele>-0.5259785676182319</ele><time>2023-03-11T06:40:51Z</time></trkpt><trkpt lat="22.30438373050155" lon="114.2533196052066"><ele>-0.5264564961578111</ele><time>2023-03-11T06:40:53Z</time></trkpt><trkpt lat="22.304403912450997" lon="114.25329656473646"><ele>-0.583574003968264</ele><time>2023-03-11T06:40:55Z</time></trkpt><trkpt lat="22.304429322471726" lon="114.25327472865285"><ele>-0.5137857698414773</ele><time>2023-03-11T06:40:57Z</time></trkpt><trkpt lat="22.304456582307957" lon="114.25325733028704"><ele>-0.5512066630399092</ele><time>2023-03-11T06:40:59Z</time></trkpt><trkpt lat="22.30447616769558" lon="114.25324282411196"><ele>-0.2688676775066706</ele><time>2023-03-11T06:41:01Z</time></trkpt><trkpt lat="22.304494494766928" lon="114.2532256423026"><ele>-0.1570216702165142</ele><time>2023-03-11T06:41:03Z</time></trkpt><trkpt lat="22.304508241296453" lon="114.25320568784448"><ele>0.04061099118689824</ele><time>2023-03-11T06:41:05Z</time></trkpt><trkpt lat="22.304519316772403" lon="114.25317700769632"><ele>0.11932060614527387</ele><time>2023-03-11T06:41:07Z</time></trkpt><trkpt lat="22.304520973596624" lon="114.25314760271138"><ele>0.37301795589246245</ele><time>2023-03-11T06:41:09Z</time></trkpt><trkpt lat="22.304513182352142" lon="114.25312035061985"><ele>0.6689646216045869</ele><time>2023-03-11T06:41:11Z</time></trkpt><trkpt lat="22.304509057722427" lon="114.25308613671044"><ele>2.662909636214015</ele><time>2023-03-11T06:41:13Z</time></trkpt><trkpt lat="22.304502111472868" lon="114.25306487120525"><ele>3.5473212922156843</ele><time>2023-03-11T06:41:15Z</time></trkpt><trkpt lat="22.30448822292695" lon="114.25308501478654"><ele>4.898425609730241</ele><time>2023-03-11T06:41:19Z</time></trkpt><trkpt lat="22.30446874101239" lon="114.25308443097205"><ele>5.4686918044797554</ele><time>2023-03-11T06:41:21Z</time></trkpt><trkpt lat="22.304464254755246" lon="114.25306105833639"><ele>5.7029433701203756</ele><time>2023-03-11T06:41:23Z</time></trkpt><trkpt lat="22.30445288095192" lon="114.25304110479114"><ele>5.483223657929477</ele><time>2023-03-11T06:41:29Z</time></trkpt></trkseg></trk></gpx>