<?xml version='1.0' encoding='UTF-8' ?><gpx version="1.1" creator="HikingTrailHK" xsi:schemaLocation="http://www.topografix.com/GPX/1/1 http://www.topografix.com/GPX/1/1/gpx.xsd" xmlns="http://www.topografix.com/GPX/1/1" xmlns:xsi="http://www.w3.org/2001/XMLSchema-instance"><metadata><name>我的轨迹 @ 2023-05-26 13:52:59</name><desc></desc></metadata><trk><trkseg><trkpt lat="22.25439044378943" lon="114.28928685480481"><ele>-0.5931023058803151</ele><time>2023-05-26T05:52:59Z</time></trkpt><trkpt lat="22.254409575044747" lon="114.2892994019292"><ele>1.2970731884044784</ele><time>2023-05-26T05:53:01Z</time></trkpt><trkpt lat="22.254418717228376" lon="114.28931798693375"><ele>3.774699301221363</ele><time>2023-05-26T05:53:05Z</time></trkpt><trkpt lat="22.254420570887874" lon="114.28933813168999"><ele>5.4516141766862525</ele><time>2023-05-26T05:53:09Z</time></trkpt><trkpt lat="22.254431990760196" lon="114.28935356416643"><ele>5.796600250861236</ele><time>2023-05-26T05:53:15Z</time></trkpt><trkpt lat="22.254469886688504" lon="114.28936149939008"><ele>5.729941941927188</ele><time>2023-05-26T05:53:19Z</time></trkpt><trkpt lat="22.254487542583657" lon="114.28936650488293"><ele>5.760488285077777</ele><time>2023-05-26T05:53:21Z</time></trkpt><trkpt lat="22.25450656196515" lon="114.28936949446195"><ele>5.840446370843382</ele><time>2023-05-26T05:53:23Z</time></trkpt><trkpt lat="22.254526341915106" lon="114.28936929162295"><ele>6.098350776331586</ele><time>2023-05-26T05:53:25Z</time></trkpt><trkpt lat="22.25454463197712" lon="114.28937078466825"><ele>6.9025281021217175</ele><time>2023-05-26T05:53:27Z</time></trkpt><trkpt lat="22.254568922637702" lon="114.28937051435004"><ele>8.651353383746764</ele><time>2023-05-26T05:53:29Z</time></trkpt><trkpt lat="22.254603082167723" lon="114.28937581493236"><ele>11.2378330747151</ele><time>2023-05-26T05:53:33Z</time></trkpt><trkpt lat="22.254618791044436" lon="114.28938942645298"><ele>12.464278841353586</ele><time>2023-05-26T05:53:37Z</time></trkpt><trkpt lat="22.25463893720611" lon="114.28939963382196"><ele>12.839562867097353</ele><time>2023-05-26T05:53:43Z</time></trkpt><trkpt lat="22.254670476182042" lon="114.28939583039627"><ele>13.226830930944331</ele><time>2023-05-26T05:53:47Z</time></trkpt><trkpt lat="22.254690821759358" lon="114.28939117635704"><ele>13.978786379069623</ele><time>2023-05-26T05:53:49Z</time></trkpt><trkpt lat="22.254709574129574" lon="114.28940287726209"><ele>14.569429653622379</ele><time>2023-05-26T05:53:51Z</time></trkpt><trkpt lat="22.25471434252636" lon="114.2894282205291"><ele>15.567249141517435</ele><time>2023-05-26T05:53:57Z</time></trkpt><trkpt lat="22.25468909102189" lon="114.28945694503881"><ele>15.581400989636222</ele><time>2023-05-26T05:54:03Z</time></trkpt><trkpt lat="22.254667324513505" lon="114.28946396288072"><ele>15.565900901790739</ele><time>2023-05-26T05:54:05Z</time></trkpt><trkpt lat="22.254645025345486" lon="114.28947618100088"><ele>15.450545474826283</ele><time>2023-05-26T05:54:07Z</time></trkpt><trkpt lat="22.25462801268579" lon="114.28949648287609"><ele>15.374238227770846</ele><time>2023-05-26T05:54:09Z</time></trkpt><trkpt lat="22.25462812653832" lon="114.28952593068614"><ele>16.008564197366088</ele><time>2023-05-26T05:54:13Z</time></trkpt><trkpt lat="22.254635439157592" lon="114.28954670827757"><ele>16.31809049416587</ele><time>2023-05-26T05:54:15Z</time></trkpt><trkpt lat="22.254639444750232" lon="114.2895665281173"><ele>16.995377372278686</ele><time>2023-05-26T05:54:17Z</time></trkpt><trkpt lat="22.25465383856553" lon="114.28959251263117"><ele>17.614923635938567</ele><time>2023-05-26T05:54:21Z</time></trkpt><trkpt lat="22.25468135087305" lon="114.2896140101553"><ele>18.45539089290165</ele><time>2023-05-26T05:54:25Z</time></trkpt><trkpt lat="22.254696834924435" lon="114.28962811482212"><ele>18.529656650743576</ele><time>2023-05-26T05:54:29Z</time></trkpt><trkpt lat="22.25467653719979" lon="114.28961144279683"><ele>17.825775763430205</ele><time>2023-05-26T05:54:37Z</time></trkpt><trkpt lat="22.254643932546028" lon="114.289612760425"><ele>17.762922656234775</ele><time>2023-05-26T05:54:41Z</time></trkpt><trkpt lat="22.25462178111165" lon="114.28962013126853"><ele>17.41796519773107</ele><time>2023-05-26T05:55:13Z</time></trkpt><trkpt lat="22.25460944646269" lon="114.28964014299433"><ele>17.375365072624422</ele><time>2023-05-26T05:55:17Z</time></trkpt><trkpt lat="22.254675642553345" lon="114.28964024499112"><ele>17.210237835340628</ele><time>2023-05-26T05:55:19Z</time></trkpt><trkpt lat="22.254698565443455" lon="114.28963143616508"><ele>17.07177334851787</ele><time>2023-05-26T05:55:21Z</time></trkpt><trkpt lat="22.25469594109354" lon="114.28960930263315"><ele>17.146527981081785</ele><time>2023-05-26T05:55:23Z</time></trkpt><trkpt lat="22.2546784878686" lon="114.28958065263679"><ele>17.235651052481437</ele><time>2023-05-26T05:55:25Z</time></trkpt><trkpt lat="22.254655379542477" lon="114.28958076688902"><ele>17.287751188133228</ele><time>2023-05-26T05:55:27Z</time></trkpt><trkpt lat="22.25463389082864" lon="114.28959201291005"><ele>17.384243884629683</ele><time>2023-05-26T05:55:29Z</time></trkpt><trkpt lat="22.25461952977869" lon="114.28962073263126"><ele>17.244593118960342</ele><time>2023-05-26T05:55:33Z</time></trkpt><trkpt lat="22.25456607216568" lon="114.28963831160746"><ele>16.423258720360852</ele><time>2023-05-26T05:55:35Z</time></trkpt><trkpt lat="22.25450875043967" lon="114.2895923930557"><ele>15.95881313948187</ele><time>2023-05-26T05:55:37Z</time></trkpt><trkpt lat="22.25447150866888" lon="114.28958150106914"><ele>17.03721077865174</ele><time>2023-05-26T05:55:39Z</time></trkpt><trkpt lat="22.25444124052759" lon="114.28958533782794"><ele>17.136980306774426</ele><time>2023-05-26T05:55:41Z</time></trkpt><trkpt lat="22.25441594366486" lon="114.28960493998815"><ele>17.57318191135309</ele><time>2023-05-26T05:55:45Z</time></trkpt><trkpt lat="22.254418647505187" lon="114.28962469878418"><ele>19.793286192447283</ele><time>2023-05-26T05:56:43Z</time></trkpt><trkpt lat="22.254419798811764" lon="114.28965106716105"><ele>22.071711977943778</ele><time>2023-05-26T05:56:51Z</time></trkpt><trkpt lat="22.254427877623385" lon="114.28966923230716"><ele>21.882196887396276</ele><time>2023-05-26T05:57:01Z</time></trkpt><trkpt lat="22.254408107370505" lon="114.2896674207627"><ele>22.146238315850496</ele><time>2023-05-26T05:57:41Z</time></trkpt><trkpt lat="22.254422602890124" lon="114.28965392094379"><ele>21.68624236434698</ele><time>2023-05-26T05:57:47Z</time></trkpt><trkpt lat="22.254446497600675" lon="114.28963581536023"><ele>22.016406738199294</ele><time>2023-05-26T05:57:49Z</time></trkpt><trkpt lat="22.254467763988416" lon="114.28962365404578"><ele>21.696918605826795</ele><time>2023-05-26T05:57:51Z</time></trkpt><trkpt lat="22.25448814583848" lon="114.28962647889333"><ele>21.97655349969864</ele><time>2023-05-26T05:57:53Z</time></trkpt><trkpt lat="22.2545105953228" lon="114.28962382312488"><ele>23.80283855367452</ele><time>2023-05-26T05:57:57Z</time></trkpt><trkpt lat="22.25452934172959" lon="114.28963793946363"><ele>24.007987963035703</ele><time>2023-05-26T05:58:03Z</time></trkpt><trkpt lat="22.254548103179634" lon="114.28964251342612"><ele>23.896588414907455</ele><time>2023-05-26T05:58:05Z</time></trkpt><trkpt lat="22.254564728616785" lon="114.28965355395016"><ele>23.922361958771944</ele><time>2023-05-26T05:58:07Z</time></trkpt><trkpt lat="22.254588151744972" lon="114.28964547108552"><ele>14.750655632749329</ele><time>2023-05-26T05:58:09Z</time></trkpt><trkpt lat="22.25459798820552" lon="114.28962283347387"><ele>14.750655632749329</ele><time>2023-05-26T05:58:13Z</time></trkpt><trkpt lat="22.25463812638229" lon="114.28961908631739"><ele>14.750655632749329</ele><time>2023-05-26T05:58:19Z</time></trkpt><trkpt lat="22.254666046754743" lon="114.28959967182692"><ele>14.750655632749329</ele><time>2023-05-26T05:58:23Z</time></trkpt><trkpt lat="22.254693733571855" lon="114.28959491221349"><ele>14.750655632749329</ele><time>2023-05-26T05:58:27Z</time></trkpt><trkpt lat="22.25468621665996" lon="114.28957420267629"><ele>14.750655632749329</ele><time>2023-05-26T05:58:33Z</time></trkpt><trkpt lat="22.25465930939451" lon="114.28958127595575"><ele>14.750655632749329</ele><time>2023-05-26T05:58:43Z</time></trkpt><trkpt lat="22.25460842165738" lon="114.28965528509569"><ele>23.650640030391514</ele><time>2023-05-26T05:59:30Z</time></trkpt><trkpt lat="22.254513593024257" lon="114.2897524081095"><ele>24.87035232782364</ele><time>2023-05-26T05:59:32Z</time></trkpt><trkpt lat="22.254626304384818" lon="114.28964216837014"><ele>24.189129351638258</ele><time>2023-05-26T05:59:34Z</time></trkpt><trkpt lat="22.254668195300745" lon="114.28962416286669"><ele>23.98590745218098</ele><time>2023-05-26T05:59:36Z</time></trkpt><trkpt lat="22.254498768241294" lon="114.28962091909774"><ele>23.155398989096284</ele><time>2023-05-26T05:59:38Z</time></trkpt><trkpt lat="22.254504710183944" lon="114.28970207988753"><ele>22.40036162454635</ele><time>2023-05-26T05:59:40Z</time></trkpt><trkpt lat="22.254521872251587" lon="114.28969151483601"><ele>22.65253479592502</ele><time>2023-05-26T05:59:42Z</time></trkpt><trkpt lat="22.254494043203806" lon="114.2896604934167"><ele>22.46846986375749</ele><time>2023-05-26T05:59:44Z</time></trkpt><trkpt lat="22.254479541951127" lon="114.28962277108336"><ele>22.073629526421428</ele><time>2023-05-26T05:59:46Z</time></trkpt><trkpt lat="22.25447551057854" lon="114.28959875602753"><ele>21.43320964835584</ele><time>2023-05-26T05:59:52Z</time></trkpt><trkpt lat="22.254497082273613" lon="114.28958373403275"><ele>20.92700874246657</ele><time>2023-05-26T06:00:02Z</time></trkpt><trkpt lat="22.25451543473866" lon="114.28958652386991"><ele>20.809198279865086</ele><time>2023-05-26T06:00:08Z</time></trkpt><trkpt lat="22.254528799339948" lon="114.28957115155157"><ele>20.560179740190506</ele><time>2023-05-26T06:00:16Z</time></trkpt><trkpt lat="22.25456081475927" lon="114.28954355088266"><ele>19.9600032242015</ele><time>2023-05-26T06:00:18Z</time></trkpt><trkpt lat="22.25456476417033" lon="114.28952353516185"><ele>19.740408657118678</ele><time>2023-05-26T06:00:32Z</time></trkpt><trkpt lat="22.254577462294275" lon="114.28954353453305"><ele>20.16555513255298</ele><time>2023-05-26T06:00:38Z</time></trkpt><trkpt lat="22.254599567932505" lon="114.289538139939"><ele>20.710021506994963</ele><time>2023-05-26T06:00:42Z</time></trkpt><trkpt lat="22.25461741734093" lon="114.28952259961672"><ele>21.156372618861496</ele><time>2023-05-26T06:00:46Z</time></trkpt><trkpt lat="22.254595280550518" lon="114.28955801656532"><ele>22.12886212579906</ele><time>2023-05-26T06:01:02Z</time></trkpt><trkpt lat="22.254574132706313" lon="114.28958388673048"><ele>22.244613217189908</ele><time>2023-05-26T06:01:06Z</time></trkpt><trkpt lat="22.2545527276288" lon="114.28960862494255"><ele>22.188172954134643</ele><time>2023-05-26T06:01:10Z</time></trkpt><trkpt lat="22.254530317780322" lon="114.28960783911039"><ele>22.267293737269938</ele><time>2023-05-26T06:01:18Z</time></trkpt><trkpt lat="22.25450994864426" lon="114.28964138843006"><ele>22.378451323136687</ele><time>2023-05-26T06:01:20Z</time></trkpt><trkpt lat="22.254508009386267" lon="114.28966562905585"><ele>22.340646230615675</ele><time>2023-05-26T06:01:22Z</time></trkpt><trkpt lat="22.254512436862832" lon="114.2896922255611"><ele>22.35736846551299</ele><time>2023-05-26T06:01:24Z</time></trkpt><trkpt lat="22.25456651293572" lon="114.28958908495011"><ele>23.00828404072672</ele><time>2023-05-26T06:01:32Z</time></trkpt><trkpt lat="22.254585841494617" lon="114.2895502648703"><ele>22.983427066355944</ele><time>2023-05-26T06:01:36Z</time></trkpt><trkpt lat="22.25457270594869" lon="114.2895665913953"><ele>22.374371849000454</ele><time>2023-05-26T06:01:42Z</time></trkpt><trkpt lat="22.25457999228283" lon="114.28954491539842"><ele>22.285936512053013</ele><time>2023-05-26T06:01:46Z</time></trkpt><trkpt lat="22.254600758431273" lon="114.28953595564312"><ele>24.0812113750726</ele><time>2023-05-26T06:01:48Z</time></trkpt><trkpt lat="22.254619260739627" lon="114.28952178225063"><ele>24.858953520655632</ele><time>2023-05-26T06:01:52Z</time></trkpt><trkpt lat="22.254625743551863" lon="114.28954328407971"><ele>24.541165294125676</ele><time>2023-05-26T06:02:04Z</time></trkpt><trkpt lat="22.254652135222873" lon="114.28954594339635"><ele>23.173443485982716</ele><time>2023-05-26T06:02:30Z</time></trkpt><trkpt lat="22.254667340211107" lon="114.28957566384334"><ele>21.990201777778566</ele><time>2023-05-26T06:02:36Z</time></trkpt><trkpt lat="22.25463815128318" lon="114.28957506090623"><ele>21.97531165741384</ele><time>2023-05-26T06:02:42Z</time></trkpt><trkpt lat="22.254618981068116" lon="114.28958196406307"><ele>21.938838485628366</ele><time>2023-05-26T06:02:46Z</time></trkpt><trkpt lat="22.254588627676096" lon="114.28959852966025"><ele>22.849152601324022</ele><time>2023-05-26T06:02:58Z</time></trkpt><trkpt lat="22.254569945755534" lon="114.2895840025007"><ele>22.81992833688855</ele><time>2023-05-26T06:03:00Z</time></trkpt><trkpt lat="22.25458508302939" lon="114.28956938061276"><ele>22.25564644858241</ele><time>2023-05-26T06:03:04Z</time></trkpt><trkpt lat="22.25460876519416" lon="114.28955788128224"><ele>21.94998726155609</ele><time>2023-05-26T06:03:06Z</time></trkpt><trkpt lat="22.254632906835177" lon="114.28955349936962"><ele>21.698455061763525</ele><time>2023-05-26T06:03:08Z</time></trkpt><trkpt lat="22.2546577581335" lon="114.28955045880957"><ele>21.177818385884166</ele><time>2023-05-26T06:03:10Z</time></trkpt><trkpt lat="22.254660231116276" lon="114.28957079003548"><ele>20.6444040723145</ele><time>2023-05-26T06:03:26Z</time></trkpt><trkpt lat="22.254672372315607" lon="114.289590010952"><ele>20.437415041960776</ele><time>2023-05-26T06:03:32Z</time></trkpt><trkpt lat="22.254688774025755" lon="114.28960264373755"><ele>20.43602756410837</ele><time>2023-05-26T06:03:36Z</time></trkpt><trkpt lat="22.254711838208838" lon="114.28960137973424"><ele>18.804113001562655</ele><time>2023-05-26T06:03:46Z</time></trkpt><trkpt lat="22.254725615219257" lon="114.28961907698"><ele>18.694683301262558</ele><time>2023-05-26T06:03:48Z</time></trkpt><trkpt lat="22.254706355478184" lon="114.289628874805"><ele>18.526604855433106</ele><time>2023-05-26T06:03:54Z</time></trkpt><trkpt lat="22.25468019910135" lon="114.28962727468293"><ele>18.177099529653788</ele><time>2023-05-26T06:03:56Z</time></trkpt><trkpt lat="22.254663475284307" lon="114.28963968005783"><ele>18.06753616500646</ele><time>2023-05-26T06:04:08Z</time></trkpt><trkpt lat="22.254636332536045" lon="114.28965106055605"><ele>18.01845684275031</ele><time>2023-05-26T06:04:32Z</time></trkpt><trkpt lat="22.254617859089016" lon="114.28964180786514"><ele>18.942963515408337</ele><time>2023-05-26T06:04:36Z</time></trkpt><trkpt lat="22.254624322023545" lon="114.28962140567286"><ele>19.34101599175483</ele><time>2023-05-26T06:04:50Z</time></trkpt><trkpt lat="22.254606910241893" lon="114.28959815825387"><ele>18.95321583468467</ele><time>2023-05-26T06:04:56Z</time></trkpt><trkpt lat="22.254591682187563" lon="114.28961037017203"><ele>18.891990141943097</ele><time>2023-05-26T06:04:58Z</time></trkpt><trkpt lat="22.254596544681544" lon="114.28963402561325"><ele>19.08206327445805</ele><time>2023-05-26T06:05:02Z</time></trkpt><trkpt lat="22.254621262460034" lon="114.28965203895304"><ele>19.369143882766366</ele><time>2023-05-26T06:05:06Z</time></trkpt><trkpt lat="22.254661184677204" lon="114.28964232603447"><ele>19.12280029989779</ele><time>2023-05-26T06:05:36Z</time></trkpt><trkpt lat="22.254683223848236" lon="114.2896457704992"><ele>19.41639251448214</ele><time>2023-05-26T06:05:40Z</time></trkpt><trkpt lat="22.25468956170074" lon="114.28961281138552"><ele>19.917706065811217</ele><time>2023-05-26T06:05:44Z</time></trkpt><trkpt lat="22.25460277818426" lon="114.28965996168168"><ele>19.83583196438849</ele><time>2023-05-26T06:05:56Z</time></trkpt><trkpt lat="22.25462960280438" lon="114.28968894815874"><ele>18.9355172496289</ele><time>2023-05-26T06:06:10Z</time></trkpt><trkpt lat="22.25462057090167" lon="114.289665480485"><ele>19.026887921616435</ele><time>2023-05-26T06:06:12Z</time></trkpt><trkpt lat="22.254603209062992" lon="114.2896755680868"><ele>18.54546583723277</ele><time>2023-05-26T06:06:18Z</time></trkpt><trkpt lat="22.254607811137085" lon="114.28969881832026"><ele>18.60834301263094</ele><time>2023-05-26T06:06:22Z</time></trkpt><trkpt lat="22.25458323121646" lon="114.2897072555826"><ele>18.435091528110206</ele><time>2023-05-26T06:06:26Z</time></trkpt><trkpt lat="22.254605895686282" lon="114.28969140702002"><ele>18.215863055549562</ele><time>2023-05-26T06:06:30Z</time></trkpt><trkpt lat="22.25461966002745" lon="114.28967586627756"><ele>17.990683615207672</ele><time>2023-05-26T06:06:36Z</time></trkpt><trkpt lat="22.254601590272216" lon="114.28965530291998"><ele>17.45262495148927</ele><time>2023-05-26T06:06:38Z</time></trkpt><trkpt lat="22.254599747221945" lon="114.28959605790246"><ele>16.666757971048355</ele><time>2023-05-26T06:06:40Z</time></trkpt><trkpt lat="22.254625898094428" lon="114.28959918153365"><ele>16.380008490756154</ele><time>2023-05-26T06:06:44Z</time></trkpt><trkpt lat="22.254641820203254" lon="114.2895830997387"><ele>16.084339076653123</ele><time>2023-05-26T06:06:46Z</time></trkpt><trkpt lat="22.254631170494246" lon="114.2896126550346"><ele>16.080302277579904</ele><time>2023-05-26T06:06:52Z</time></trkpt><trkpt lat="22.25462127415011" lon="114.28963218672403"><ele>16.180385507643223</ele><time>2023-05-26T06:06:54Z</time></trkpt><trkpt lat="22.254617092211472" lon="114.28965166527702"><ele>16.459806989878416</ele><time>2023-05-26T06:06:58Z</time></trkpt><trkpt lat="22.254637499926517" lon="114.28964911848854"><ele>16.042896952480078</ele><time>2023-05-26T06:07:08Z</time></trkpt><trkpt lat="22.25465519228923" lon="114.2896667184998"><ele>15.69056869391352</ele><time>2023-05-26T06:07:16Z</time></trkpt><trkpt lat="22.25467957250387" lon="114.28964034759585"><ele>14.658650840632617</ele><time>2023-05-26T06:07:18Z</time></trkpt><trkpt lat="22.254659644631555" lon="114.28961848817805"><ele>14.557947824709117</ele><time>2023-05-26T06:07:22Z</time></trkpt><trkpt lat="22.25464250192159" lon="114.28962861229145"><ele>14.87353220116347</ele><time>2023-05-26T06:07:26Z</time></trkpt><trkpt lat="22.254627922077137" lon="114.28964488763049"><ele>14.805573427118361</ele><time>2023-05-26T06:07:28Z</time></trkpt><trkpt lat="22.254591758348376" lon="114.28963384879643"><ele>14.584285818971694</ele><time>2023-05-26T06:07:34Z</time></trkpt><trkpt lat="22.25457148223351" lon="114.28964778993974"><ele>14.781170303933322</ele><time>2023-05-26T06:07:42Z</time></trkpt><trkpt lat="22.25454826931461" lon="114.28964449324042"><ele>14.950567282736301</ele><time>2023-05-26T06:07:46Z</time></trkpt><trkpt lat="22.25454447009559" lon="114.28962423949419"><ele>15.521210726350546</ele><time>2023-05-26T06:08:08Z</time></trkpt><trkpt lat="22.254533904261336" lon="114.28960430695643"><ele>15.83994869608432</ele><time>2023-05-26T06:08:20Z</time></trkpt><trkpt lat="22.254555758342445" lon="114.2896370417647"><ele>15.467670322395861</ele><time>2023-05-26T06:08:32Z</time></trkpt><trkpt lat="22.254570599741818" lon="114.28966559422948"><ele>15.388590002432466</ele><time>2023-05-26T06:08:34Z</time></trkpt><trkpt lat="22.25453478257243" lon="114.28967519293106"><ele>15.354240229353309</ele><time>2023-05-26T06:08:36Z</time></trkpt><trkpt lat="22.25457350057339" lon="114.28963262895616"><ele>14.76685994118452</ele><time>2023-05-26T06:08:48Z</time></trkpt><trkpt lat="22.25461175251078" lon="114.28964508362286"><ele>14.744093134067953</ele><time>2023-05-26T06:08:52Z</time></trkpt><trkpt lat="22.25461912518448" lon="114.28961237952564"><ele>14.991229744628072</ele><time>2023-05-26T06:09:16Z</time></trkpt><trkpt lat="22.254599423997043" lon="114.28963104693646"><ele>15.039724136702716</ele><time>2023-05-26T06:09:22Z</time></trkpt><trkpt lat="22.254582102177427" lon="114.28964251261743"><ele>15.299130183644593</ele><time>2023-05-26T06:09:36Z</time></trkpt><trkpt lat="22.254590721254694" lon="114.28966028551771"><ele>15.467689814046025</ele><time>2023-05-26T06:09:40Z</time></trkpt><trkpt lat="22.2545984289799" lon="114.28968368516136"><ele>15.601447988301516</ele><time>2023-05-26T06:09:42Z</time></trkpt><trkpt lat="22.254608723869882" lon="114.28970128641296"><ele>15.709190882742405</ele><time>2023-05-26T06:09:44Z</time></trkpt><trkpt lat="22.254631061609388" lon="114.28971349793291"><ele>15.820143130607903</ele><time>2023-05-26T06:09:46Z</time></trkpt><trkpt lat="22.254650055446113" lon="114.28971699123925"><ele>15.911757006309927</ele><time>2023-05-26T06:09:48Z</time></trkpt><trkpt lat="22.254665049286835" lon="114.28972845434522"><ele>15.981304422020912</ele><time>2023-05-26T06:09:50Z</time></trkpt><trkpt lat="22.25462793637749" lon="114.28973458804452"><ele>15.970056608319283</ele><time>2023-05-26T06:10:04Z</time></trkpt><trkpt lat="22.254634729933453" lon="114.2897111730807"><ele>15.857994451187551</ele><time>2023-05-26T06:10:06Z</time></trkpt><trkpt lat="22.254599647674613" lon="114.28969887803318"><ele>15.533464152365923</ele><time>2023-05-26T06:10:10Z</time></trkpt><trkpt lat="22.254612157857114" lon="114.28968071433356"><ele>15.401706581003964</ele><time>2023-05-26T06:10:12Z</time></trkpt><trkpt lat="22.25464020739281" lon="114.28965223863455"><ele>15.180818756110966</ele><time>2023-05-26T06:10:16Z</time></trkpt><trkpt lat="22.254650218020217" lon="114.28968154249145"><ele>15.168329895474017</ele><time>2023-05-26T06:10:20Z</time></trkpt><trkpt lat="22.254630113545876" lon="114.28966856785317"><ele>14.937857542186975</ele><time>2023-05-26T06:10:26Z</time></trkpt><trkpt lat="22.2546515981341" lon="114.28968889622384"><ele>15.2485057907179</ele><time>2023-05-26T06:10:34Z</time></trkpt><trkpt lat="22.254649865916825" lon="114.2896638997835"><ele>15.590719632804394</ele><time>2023-05-26T06:10:38Z</time></trkpt><trkpt lat="22.254637789301956" lon="114.28963462106852"><ele>15.36453263182193</ele><time>2023-05-26T06:10:42Z</time></trkpt><trkpt lat="22.254639646237845" lon="114.2896548667304"><ele>15.183254664763808</ele><time>2023-05-26T06:10:50Z</time></trkpt><trkpt lat="22.254625003618656" lon="114.28968247911885"><ele>15.287138689309359</ele><time>2023-05-26T06:10:52Z</time></trkpt><trkpt lat="22.254600884092525" lon="114.28967828102122"><ele>15.327199853025377</ele><time>2023-05-26T06:10:54Z</time></trkpt><trkpt lat="22.254565975391202" lon="114.28965137098635"><ele>15.4514363091439</ele><time>2023-05-26T06:10:58Z</time></trkpt><trkpt lat="22.25456293555388" lon="114.28962926828791"><ele>15.267789122648537</ele><time>2023-05-26T06:11:20Z</time></trkpt><trkpt lat="22.25455175388753" lon="114.28959377031128"><ele>15.02804331947118</ele><time>2023-05-26T06:11:30Z</time></trkpt><trkpt lat="22.25454253170084" lon="114.28957366210233"><ele>13.196917835623026</ele><time>2023-05-26T06:11:40Z</time></trkpt><trkpt lat="22.254534504455428" lon="114.28954190777145"><ele>12.75242143496871</ele><time>2023-05-26T06:11:44Z</time></trkpt><trkpt lat="22.25453315200994" lon="114.28956183461901"><ele>12.655419086106122</ele><time>2023-05-26T06:11:52Z</time></trkpt><trkpt lat="22.25456914570974" lon="114.2896291233324"><ele>11.88143450114876</ele><time>2023-05-26T06:12:12Z</time></trkpt><trkpt lat="22.25458195598073" lon="114.28965512393319"><ele>11.824932632036507</ele><time>2023-05-26T06:12:14Z</time></trkpt><trkpt lat="22.25459382388904" lon="114.28967955099344"><ele>11.86610469315201</ele><time>2023-05-26T06:12:16Z</time></trkpt><trkpt lat="22.254604447248912" lon="114.28970108703636"><ele>11.937133550643921</ele><time>2023-05-26T06:12:20Z</time></trkpt><trkpt lat="22.254602193166537" lon="114.28972207126134"><ele>11.996944211423397</ele><time>2023-05-26T06:12:26Z</time></trkpt><trkpt lat="22.254599580379978" lon="114.28969752910159"><ele>11.857781311497092</ele><time>2023-05-26T06:12:28Z</time></trkpt><trkpt lat="22.254593381803858" lon="114.28966862629382"><ele>11.700377163477242</ele><time>2023-05-26T06:12:30Z</time></trkpt><trkpt lat="22.254583009127323" lon="114.28963668557542"><ele>11.660882167518139</ele><time>2023-05-26T06:12:32Z</time></trkpt><trkpt lat="22.254572370709507" lon="114.28961594514354"><ele>11.696090205572546</ele><time>2023-05-26T06:12:34Z</time></trkpt><trkpt lat="22.254570855956416" lon="114.28959219313893"><ele>11.619671564549208</ele><time>2023-05-26T06:12:40Z</time></trkpt><trkpt lat="22.254563340629364" lon="114.28957415255542"><ele>11.637567128054798</ele><time>2023-05-26T06:12:50Z</time></trkpt><trkpt lat="22.25456989980674" lon="114.28959258464009"><ele>11.75013997219503</ele><time>2023-05-26T06:12:56Z</time></trkpt><trkpt lat="22.254575033496522" lon="114.28962420553331"><ele>11.931639232672751</ele><time>2023-05-26T06:12:58Z</time></trkpt><trkpt lat="22.254575946228545" lon="114.28964951860762"><ele>12.083387052640319</ele><time>2023-05-26T06:13:00Z</time></trkpt><trkpt lat="22.254597773426415" lon="114.28968540323663"><ele>11.986660500988364</ele><time>2023-05-26T06:13:08Z</time></trkpt><trkpt lat="22.25461516259548" lon="114.28968014081438"><ele>11.944396612234414</ele><time>2023-05-26T06:13:12Z</time></trkpt><trkpt lat="22.254602851964464" lon="114.28964467570789"><ele>11.779448619112372</ele><time>2023-05-26T06:13:26Z</time></trkpt><trkpt lat="22.254593830292468" lon="114.28962519313387"><ele>11.217329466715455</ele><time>2023-05-26T06:13:36Z</time></trkpt><trkpt lat="22.254592386868108" lon="114.28965293338693"><ele>10.410513703711331</ele><time>2023-05-26T06:13:42Z</time></trkpt><trkpt lat="22.254603489235805" lon="114.2897004403352"><ele>9.929401202127337</ele><time>2023-05-26T06:13:46Z</time></trkpt><trkpt lat="22.254611722142048" lon="114.28972753165326"><ele>9.895236475393176</ele><time>2023-05-26T06:13:48Z</time></trkpt><trkpt lat="22.254616138434788" lon="114.28974647350519"><ele>9.97997567243874</ele><time>2023-05-26T06:13:50Z</time></trkpt><trkpt lat="22.254601310123803" lon="114.28976062042855"><ele>10.149113065563142</ele><time>2023-05-26T06:14:00Z</time></trkpt><trkpt lat="22.254591729467993" lon="114.28973616906978"><ele>10.015456832014024</ele><time>2023-05-26T06:14:02Z</time></trkpt><trkpt lat="22.254610638408213" lon="114.28976916533215"><ele>9.941960983909667</ele><time>2023-05-26T06:14:06Z</time></trkpt><trkpt lat="22.25461513023752" lon="114.28974450467973"><ele>9.978991771116853</ele><time>2023-05-26T06:14:08Z</time></trkpt><trkpt lat="22.254606734134033" lon="114.28971756122175"><ele>10.020156119018793</ele><time>2023-05-26T06:14:10Z</time></trkpt><trkpt lat="22.25459275604255" lon="114.28966977443345"><ele>10.316880119033158</ele><time>2023-05-26T06:14:16Z</time></trkpt><trkpt lat="22.254580858902145" lon="114.28965359207199"><ele>10.39181130938232</ele><time>2023-05-26T06:14:18Z</time></trkpt><trkpt lat="22.254564142424343" lon="114.28963526944949"><ele>10.243119274266064</ele><time>2023-05-26T06:14:20Z</time></trkpt><trkpt lat="22.254548633884603" lon="114.28962243849902"><ele>10.02983775921166</ele><time>2023-05-26T06:14:22Z</time></trkpt><trkpt lat="22.25454549617366" lon="114.28959468786485"><ele>8.653661647811532</ele><time>2023-05-26T06:14:32Z</time></trkpt><trkpt lat="22.25454143037434" lon="114.28962805318264"><ele>10.313100785017014</ele><time>2023-05-26T06:14:40Z</time></trkpt><trkpt lat="22.254521744356026" lon="114.28963711851755"><ele>9.977314273826778</ele><time>2023-05-26T06:14:42Z</time></trkpt><trkpt lat="22.254525667196617" lon="114.28960550355332"><ele>9.95035686250776</ele><time>2023-05-26T06:14:44Z</time></trkpt><trkpt lat="22.25454906549318" lon="114.2895886558817"><ele>10.602788708172739</ele><time>2023-05-26T06:14:46Z</time></trkpt><trkpt lat="22.25456156141733" lon="114.28955377369054"><ele>11.47892013285309</ele><time>2023-05-26T06:14:48Z</time></trkpt><trkpt lat="22.254579307824766" lon="114.2895434898151"><ele>12.215168221853673</ele><time>2023-05-26T06:14:52Z</time></trkpt><trkpt lat="22.254593190827197" lon="114.28957343192539"><ele>11.906187779270113</ele><time>2023-05-26T06:15:00Z</time></trkpt><trkpt lat="22.254608843708603" lon="114.2895920703873"><ele>11.859012609347701</ele><time>2023-05-26T06:15:14Z</time></trkpt><trkpt lat="22.25460064411435" lon="114.28961200436096"><ele>11.717509594745934</ele><time>2023-05-26T06:15:18Z</time></trkpt><trkpt lat="22.254596966283476" lon="114.28958614031059"><ele>11.672497178427875</ele><time>2023-05-26T06:15:22Z</time></trkpt><trkpt lat="22.254586171894964" lon="114.28956796667349"><ele>11.773985165171325</ele><time>2023-05-26T06:15:24Z</time></trkpt><trkpt lat="22.254557700408675" lon="114.28957080870742"><ele>11.709070280194283</ele><time>2023-05-26T06:15:26Z</time></trkpt><trkpt lat="22.254541537541282" lon="114.28958763462322"><ele>11.98431162443012</ele><time>2023-05-26T06:15:28Z</time></trkpt><trkpt lat="22.254513464164372" lon="114.28959312601219"><ele>11.722661890089512</ele><time>2023-05-26T06:15:34Z</time></trkpt><trkpt lat="22.254550900987493" lon="114.28962513355653"><ele>11.265013428404927</ele><time>2023-05-26T06:15:44Z</time></trkpt><trkpt lat="22.254561628976866" lon="114.28964890606731"><ele>11.226248316466808</ele><time>2023-05-26T06:15:46Z</time></trkpt><trkpt lat="22.254569865310252" lon="114.28963043095612"><ele>11.049772506579757</ele><time>2023-05-26T06:15:56Z</time></trkpt><trkpt lat="22.254585741357687" lon="114.28965022537416"><ele>11.201254094019532</ele><time>2023-05-26T06:16:04Z</time></trkpt><trkpt lat="22.25460667285912" lon="114.2896657333999"><ele>11.29325087647885</ele><time>2023-05-26T06:16:06Z</time></trkpt><trkpt lat="22.254622508374084" lon="114.28968303096453"><ele>12.234771519899368</ele><time>2023-05-26T06:16:16Z</time></trkpt><trkpt lat="22.254623282411252" lon="114.2897077768621"><ele>12.530269331298769</ele><time>2023-05-26T06:16:38Z</time></trkpt><trkpt lat="22.254604793531843" lon="114.28971415778622"><ele>12.652113967575133</ele><time>2023-05-26T06:16:46Z</time></trkpt><trkpt lat="22.254593720498058" lon="114.28973105955009"><ele>12.765657886862755</ele><time>2023-05-26T06:16:48Z</time></trkpt><trkpt lat="22.254574934708174" lon="114.2897472138458"><ele>12.746156137436628</ele><time>2023-05-26T06:16:52Z</time></trkpt><trkpt lat="22.254564875304368" lon="114.28971497466716"><ele>13.207460300065577</ele><time>2023-05-26T06:16:58Z</time></trkpt><trkpt lat="22.254563337593318" lon="114.28969001609447"><ele>13.190973403863609</ele><time>2023-05-26T06:17:00Z</time></trkpt><trkpt lat="22.25454467902404" lon="114.2897068202055"><ele>12.917824239470065</ele><time>2023-05-26T06:17:06Z</time></trkpt><trkpt lat="22.254557906944964" lon="114.28967365452118"><ele>11.86178260203451</ele><time>2023-05-26T06:17:10Z</time></trkpt><trkpt lat="22.254576962097335" lon="114.2896614806518"><ele>10.860364841297269</ele><time>2023-05-26T06:17:12Z</time></trkpt><trkpt lat="22.25458175012823" lon="114.28964210246929"><ele>10.268596895039082</ele><time>2023-05-26T06:17:14Z</time></trkpt><trkpt lat="22.25457570632716" lon="114.28961995563587"><ele>9.343620132654905</ele><time>2023-05-26T06:17:18Z</time></trkpt><trkpt lat="22.254573675128633" lon="114.28956953665045"><ele>8.110723925754428</ele><time>2023-05-26T06:17:20Z</time></trkpt><trkpt lat="22.25456728971135" lon="114.28955016632011"><ele>7.664773786440492</ele><time>2023-05-26T06:17:22Z</time></trkpt><trkpt lat="22.254539898409497" lon="114.28956637116421"><ele>8.006285190582275</ele><time>2023-05-26T06:17:26Z</time></trkpt><trkpt lat="22.254522169013427" lon="114.28957191637922"><ele>8.401675042696297</ele><time>2023-05-26T06:17:28Z</time></trkpt><trkpt lat="22.25450097435546" lon="114.28958126332692"><ele>8.485538078472018</ele><time>2023-05-26T06:17:30Z</time></trkpt><trkpt lat="22.254493306428383" lon="114.28963174612298"><ele>7.738449043594301</ele><time>2023-05-26T06:17:32Z</time></trkpt><trkpt lat="22.254506622013082" lon="114.28964903781427"><ele>5.764888604171574</ele><time>2023-05-26T06:17:36Z</time></trkpt><trkpt lat="22.254515877275562" lon="114.2896688318743"><ele>3.7659789212048054</ele><time>2023-05-26T06:17:40Z</time></trkpt><trkpt lat="22.254522060009474" lon="114.28970731782837"><ele>3.456490406766534</ele><time>2023-05-26T06:17:42Z</time></trkpt><trkpt lat="22.254517375934622" lon="114.28972703569993"><ele>3.0973978778347373</ele><time>2023-05-26T06:17:52Z</time></trkpt><trkpt lat="22.25451834725586" lon="114.28977597665731"><ele>2.7166599510237575</ele><time>2023-05-26T06:17:54Z</time></trkpt><trkpt lat="22.25453153720087" lon="114.2897508271249"><ele>2.539389094337821</ele><time>2023-05-26T06:18:02Z</time></trkpt><trkpt lat="22.254539751108062" lon="114.28972426393187"><ele>2.5580676877871156</ele><time>2023-05-26T06:18:04Z</time></trkpt><trkpt lat="22.25454959276178" lon="114.28970092424255"><ele>2.5961067769676447</ele><time>2023-05-26T06:18:06Z</time></trkpt><trkpt lat="22.25458351901886" lon="114.28971621038751"><ele>2.69606801494956</ele><time>2023-05-26T06:18:12Z</time></trkpt><trkpt lat="22.254566185457595" lon="114.28973181997344"><ele>2.5111637776717544</ele><time>2023-05-26T06:18:58Z</time></trkpt><trkpt lat="22.254587347742653" lon="114.2897117109402"><ele>3.2730111368000507</ele><time>2023-05-26T06:19:14Z</time></trkpt><trkpt lat="22.254599424801242" lon="114.28968380671337"><ele>3.249043204821646</ele><time>2023-05-26T06:19:18Z</time></trkpt><trkpt lat="22.25460958206005" lon="114.28965931409947"><ele>3.2240289403125644</ele><time>2023-05-26T06:19:22Z</time></trkpt><trkpt lat="22.25458254463987" lon="114.28967770196356"><ele>3.2527316510677338</ele><time>2023-05-26T06:19:38Z</time></trkpt><trkpt lat="22.254560483498082" lon="114.28969356502489"><ele>3.378223997540772</ele><time>2023-05-26T06:20:00Z</time></trkpt><trkpt lat="22.2545568570255" lon="114.28971527787922"><ele>3.3639492439106107</ele><time>2023-05-26T06:20:18Z</time></trkpt><trkpt lat="22.254527924640016" lon="114.28972020169482"><ele>3.325454513542354</ele><time>2023-05-26T06:20:26Z</time></trkpt><trkpt lat="22.254525063893396" lon="114.28975077141193"><ele>3.4561191387474537</ele><time>2023-05-26T06:20:28Z</time></trkpt><trkpt lat="22.254552684636984" lon="114.28974273546461"><ele>3.5140988305211067</ele><time>2023-05-26T06:20:40Z</time></trkpt><trkpt lat="22.254563530474318" lon="114.28971718002198"><ele>3.5859773298725486</ele><time>2023-05-26T06:20:44Z</time></trkpt><trkpt lat="22.254556066222687" lon="114.28969659833254"><ele>3.9043165305629373</ele><time>2023-05-26T06:20:58Z</time></trkpt><trkpt lat="22.254580559972837" lon="114.2896894649767"><ele>3.9374326718971133</ele><time>2023-05-26T06:21:08Z</time></trkpt><trkpt lat="22.254598298389464" lon="114.28971214939348"><ele>4.278361605480313</ele><time>2023-05-26T06:21:40Z</time></trkpt><trkpt lat="22.25460681824441" lon="114.2896935690969"><ele>4.03754648566246</ele><time>2023-05-26T06:22:32Z</time></trkpt><trkpt lat="22.25458192105606" lon="114.28967128864737"><ele>4.455943091772497</ele><time>2023-05-26T06:22:50Z</time></trkpt><trkpt lat="22.25457750551214" lon="114.28965116557816"><ele>4.478560937568545</ele><time>2023-05-26T06:22:58Z</time></trkpt><trkpt lat="22.254558732980623" lon="114.28965208077705"><ele>4.526243225671351</ele><time>2023-05-26T06:23:00Z</time></trkpt><trkpt lat="22.254534887612223" lon="114.28965089934363"><ele>4.550032492727041</ele><time>2023-05-26T06:23:04Z</time></trkpt><trkpt lat="22.25455864924649" lon="114.28967463370645"><ele>4.884055552072823</ele><time>2023-05-26T06:23:22Z</time></trkpt><trkpt lat="22.25457483930492" lon="114.28969865594401"><ele>5.339369404129684</ele><time>2023-05-26T06:23:24Z</time></trkpt><trkpt lat="22.254566649111236" lon="114.28968124367489"><ele>4.982055536471307</ele><time>2023-05-26T06:23:48Z</time></trkpt><trkpt lat="22.254549030143764" lon="114.28965868870321"><ele>4.943274433724582</ele><time>2023-05-26T06:23:54Z</time></trkpt><trkpt lat="22.254567159396878" lon="114.28962651617975"><ele>5.266434612683952</ele><time>2023-05-26T06:24:02Z</time></trkpt><trkpt lat="22.254585847785354" lon="114.28961788263847"><ele>5.083049573935568</ele><time>2023-05-26T06:24:06Z</time></trkpt><trkpt lat="22.25460246984262" lon="114.28960355030829"><ele>5.007810319773853</ele><time>2023-05-26T06:24:10Z</time></trkpt><trkpt lat="22.25461718800388" lon="114.28961710628165"><ele>4.9468247117474675</ele><time>2023-05-26T06:24:14Z</time></trkpt><trkpt lat="22.254598875149803" lon="114.28960067488589"><ele>5.268972525373101</ele><time>2023-05-26T06:24:30Z</time></trkpt><trkpt lat="22.254592124578238" lon="114.28958169988911"><ele>5.333116015419364</ele><time>2023-05-26T06:24:34Z</time></trkpt><trkpt lat="22.254578762200314" lon="114.28954033589459"><ele>5.717075124382973</ele><time>2023-05-26T06:24:38Z</time></trkpt><trkpt lat="22.25457339985284" lon="114.28951242910601"><ele>5.843546777963638</ele><time>2023-05-26T06:24:44Z</time></trkpt><trkpt lat="22.254588429799448" lon="114.28953311482584"><ele>5.508399893529713</ele><time>2023-05-26T06:24:54Z</time></trkpt><trkpt lat="22.25460881423716" lon="114.28954069490929"><ele>5.418235902674496</ele><time>2023-05-26T06:24:56Z</time></trkpt><trkpt lat="22.254619758187932" lon="114.2895788110768"><ele>5.469212071970105</ele><time>2023-05-26T06:24:58Z</time></trkpt><trkpt lat="22.254622936976705" lon="114.28961741134462"><ele>5.324199542403221</ele><time>2023-05-26T06:25:00Z</time></trkpt><trkpt lat="22.254601769179782" lon="114.28962653737443"><ele>5.129657177254558</ele><time>2023-05-26T06:25:02Z</time></trkpt><trkpt lat="22.254582252284596" lon="114.28965378445861"><ele>4.821788569912314</ele><time>2023-05-26T06:25:04Z</time></trkpt><trkpt lat="22.254558742768282" lon="114.28969816620997"><ele>4.710237734951079</ele><time>2023-05-26T06:25:06Z</time></trkpt><trkpt lat="22.25456291757825" lon="114.28966073364418"><ele>4.286421510390937</ele><time>2023-05-26T06:25:12Z</time></trkpt><trkpt lat="22.254578695017152" lon="114.28964407910266"><ele>4.1711899023503065</ele><time>2023-05-26T06:25:14Z</time></trkpt><trkpt lat="22.254588505171164" lon="114.28962208271629"><ele>4.0411101365461946</ele><time>2023-05-26T06:25:16Z</time></trkpt><trkpt lat="22.254564787105927" lon="114.28960038848814"><ele>3.985621953383088</ele><time>2023-05-26T06:25:20Z</time></trkpt><trkpt lat="22.254560579687546" lon="114.28957624193855"><ele>4.134715002030134</ele><time>2023-05-26T06:25:32Z</time></trkpt><trkpt lat="22.25456113656049" lon="114.2895497741003"><ele>4.286013774573803</ele><time>2023-05-26T06:25:38Z</time></trkpt><trkpt lat="22.25456167172033" lon="114.28952727173652"><ele>4.513083974830806</ele><time>2023-05-26T06:25:42Z</time></trkpt><trkpt lat="22.254590054025392" lon="114.28954635075254"><ele>4.637265029363334</ele><time>2023-05-26T06:25:46Z</time></trkpt><trkpt lat="22.25460497258595" lon="114.28955827083752"><ele>4.662326958961785</ele><time>2023-05-26T06:25:48Z</time></trkpt><trkpt lat="22.254629657794993" lon="114.28958765314175"><ele>4.724721295759082</ele><time>2023-05-26T06:25:52Z</time></trkpt><trkpt lat="22.25463254708431" lon="114.28960735071975"><ele>4.770095985382795</ele><time>2023-05-26T06:25:56Z</time></trkpt><trkpt lat="22.254608012857158" lon="114.2895973441802"><ele>4.9993738336488605</ele><time>2023-05-26T06:26:02Z</time></trkpt><trkpt lat="22.254589916918807" lon="114.28968848357071"><ele>4.761003528721631</ele><time>2023-05-26T06:26:08Z</time></trkpt><trkpt lat="22.254572444741353" lon="114.2897372948015"><ele>4.2375122820958495</ele><time>2023-05-26T06:26:10Z</time></trkpt><trkpt lat="22.254557578520316" lon="114.28975549089199"><ele>4.076505297794938</ele><time>2023-05-26T06:26:12Z</time></trkpt><trkpt lat="22.2545686663548" lon="114.28973462674647"><ele>3.7977267717942595</ele><time>2023-05-26T06:26:16Z</time></trkpt><trkpt lat="22.25458446422453" lon="114.28971209713261"><ele>3.6251904349774122</ele><time>2023-05-26T06:26:18Z</time></trkpt><trkpt lat="22.254572110913827" lon="114.28969771405774"><ele>3.6150160478428006</ele><time>2023-05-26T06:26:24Z</time></trkpt><trkpt lat="22.25458225942733" lon="114.28968078270833"><ele>3.566626910120249</ele><time>2023-05-26T06:26:26Z</time></trkpt><trkpt lat="22.254603281461726" lon="114.2896931838908"><ele>3.6291218735277653</ele><time>2023-05-26T06:26:34Z</time></trkpt><trkpt lat="22.25461548387555" lon="114.28967175395316"><ele>3.5690982090309262</ele><time>2023-05-26T06:26:36Z</time></trkpt><trkpt lat="22.25464621072251" lon="114.28966311874991"><ele>3.606015714816749</ele><time>2023-05-26T06:26:42Z</time></trkpt><trkpt lat="22.254621569858212" lon="114.28968054128647"><ele>3.527820521965623</ele><time>2023-05-26T06:26:50Z</time></trkpt><trkpt lat="22.25460167127931" lon="114.28967868463081"><ele>3.9652200900018215</ele><time>2023-05-26T06:26:56Z</time></trkpt><trkpt lat="22.254600997262965" lon="114.28965248251296"><ele>5.470282442867756</ele><time>2023-05-26T06:27:04Z</time></trkpt><trkpt lat="22.254587030072837" lon="114.28963855362633"><ele>5.85111802816391</ele><time>2023-05-26T06:27:10Z</time></trkpt><trkpt lat="22.254595028799812" lon="114.28966192917152"><ele>7.171964589506388</ele><time>2023-05-26T06:27:16Z</time></trkpt><trkpt lat="22.254625733832636" lon="114.28967644148857"><ele>5.467054381966591</ele><time>2023-05-26T06:27:26Z</time></trkpt><trkpt lat="22.254649064842788" lon="114.28964463716228"><ele>3.917716780677438</ele><time>2023-05-26T06:27:30Z</time></trkpt><trkpt lat="22.25463006252175" lon="114.2896272736165"><ele>7.03661101218313</ele><time>2023-05-26T06:27:40Z</time></trkpt><trkpt lat="22.254618086028273" lon="114.28959993813645"><ele>8.694514278322458</ele><time>2023-05-26T06:27:42Z</time></trkpt><trkpt lat="22.254630776240766" lon="114.2895772667003"><ele>9.536818988621235</ele><time>2023-05-26T06:27:50Z</time></trkpt><trkpt lat="22.254638544058913" lon="114.28955557769557"><ele>8.766758559271693</ele><time>2023-05-26T06:27:54Z</time></trkpt><trkpt lat="22.254619873795008" lon="114.28958743017563"><ele>7.111047660931945</ele><time>2023-05-26T06:28:06Z</time></trkpt><trkpt lat="22.254598653245655" lon="114.2895861529556"><ele>7.083936525508761</ele><time>2023-05-26T06:28:10Z</time></trkpt><trkpt lat="22.254582147992192" lon="114.28959416715894"><ele>6.676096121780574</ele><time>2023-05-26T06:28:12Z</time></trkpt><trkpt lat="22.254559281583088" lon="114.28961212644778"><ele>5.977980352006853</ele><time>2023-05-26T06:28:16Z</time></trkpt><trkpt lat="22.254594758321325" lon="114.28960641148724"><ele>5.354852098040283</ele><time>2023-05-26T06:28:48Z</time></trkpt><trkpt lat="22.254613874889124" lon="114.28960072252426"><ele>5.101257670670748</ele><time>2023-05-26T06:29:04Z</time></trkpt><trkpt lat="22.254594933881787" lon="114.28963508350516"><ele>5.176448352634907</ele><time>2023-05-26T06:29:10Z</time></trkpt><trkpt lat="22.254585753982997" lon="114.28966875965882"><ele>5.255734570324421</ele><time>2023-05-26T06:29:12Z</time></trkpt><trkpt lat="22.25461566464183" lon="114.28967409706004"><ele>5.3922919584438205</ele><time>2023-05-26T06:29:18Z</time></trkpt><trkpt lat="22.254629781744352" lon="114.2896525339202"><ele>5.4873840138316154</ele><time>2023-05-26T06:29:22Z</time></trkpt><trkpt lat="22.254642316830804" lon="114.28963841231415"><ele>5.416539584286511</ele><time>2023-05-26T06:29:26Z</time></trkpt><trkpt lat="22.254658327142877" lon="114.28966165055"><ele>5.42296077311039</ele><time>2023-05-26T06:29:34Z</time></trkpt><trkpt lat="22.25466978531993" lon="114.28967667721498"><ele>5.488923637196422</ele><time>2023-05-26T06:29:36Z</time></trkpt><trkpt lat="22.254679268932996" lon="114.28969519955001"><ele>5.507935704663396</ele><time>2023-05-26T06:29:38Z</time></trkpt><trkpt lat="22.2546908157174" lon="114.28967768831966"><ele>4.915676027536392</ele><time>2023-05-26T06:29:56Z</time></trkpt><trkpt lat="22.254726153457984" lon="114.28966789691714"><ele>6.493256639689207</ele><time>2023-05-26T06:30:08Z</time></trkpt><trkpt lat="22.254756427607035" lon="114.28965813967291"><ele>25.706943373055427</ele><time>2023-05-26T06:30:12Z</time></trkpt><trkpt lat="22.25479260641904" lon="114.28966265882427"><ele>24.291668499540766</ele><time>2023-05-26T06:30:22Z</time></trkpt><trkpt lat="22.25481122889654" lon="114.28966298590002"><ele>22.34505256821322</ele><time>2023-05-26T06:30:24Z</time></trkpt><trkpt lat="22.25482978753934" lon="114.2896643806648"><ele>20.92621125297609</ele><time>2023-05-26T06:30:28Z</time></trkpt><trkpt lat="22.25485465763348" lon="114.28967319728207"><ele>16.9960397217399</ele><time>2023-05-26T06:30:34Z</time></trkpt><trkpt lat="22.254876702219665" lon="114.28966177700012"><ele>15.938473586830442</ele><time>2023-05-26T06:30:38Z</time></trkpt><trkpt lat="22.254892835284416" lon="114.28964588154399"><ele>16.290846599032456</ele><time>2023-05-26T06:30:44Z</time></trkpt><trkpt lat="22.254913673328037" lon="114.28966128438854"><ele>17.434870574073468</ele><time>2023-05-26T06:30:48Z</time></trkpt><trkpt lat="22.254929806975124" lon="114.28968783118326"><ele>17.42427426060678</ele><time>2023-05-26T06:30:52Z</time></trkpt><trkpt lat="22.254928637788662" lon="114.28970811494483"><ele>17.766964092287722</ele><time>2023-05-26T06:30:56Z</time></trkpt><trkpt lat="22.254943676094875" lon="114.28972987526588"><ele>17.806014360910574</ele><time>2023-05-26T06:31:02Z</time></trkpt><trkpt lat="22.25496151689033" lon="114.28974202378787"><ele>17.6476277756347</ele><time>2023-05-26T06:31:04Z</time></trkpt><trkpt lat="22.254984149785695" lon="114.28978354112462"><ele>18.170070273882732</ele><time>2023-05-26T06:31:08Z</time></trkpt><trkpt lat="22.254996255647843" lon="114.28981057619868"><ele>18.618157206692658</ele><time>2023-05-26T06:31:10Z</time></trkpt><trkpt lat="22.25500704315881" lon="114.28983704610332"><ele>19.016045397357118</ele><time>2023-05-26T06:31:12Z</time></trkpt><trkpt lat="22.25502496260754" lon="114.28986733691127"><ele>19.22332580688443</ele><time>2023-05-26T06:31:14Z</time></trkpt><trkpt lat="22.255032936544815" lon="114.2898993663399"><ele>20.010009481277685</ele><time>2023-05-26T06:31:18Z</time></trkpt><trkpt lat="22.255038689560536" lon="114.28992067314758"><ele>20.159035729930384</ele><time>2023-05-26T06:31:20Z</time></trkpt><trkpt lat="22.25503023118833" lon="114.28996044295663"><ele>20.114307015148817</ele><time>2023-05-26T06:31:24Z</time></trkpt><trkpt lat="22.255012991371576" lon="114.28998684454623"><ele>20.162397642782725</ele><time>2023-05-26T06:31:28Z</time></trkpt><trkpt lat="22.255004529960633" lon="114.29001679558132"><ele>19.96283425772941</ele><time>2023-05-26T06:31:32Z</time></trkpt><trkpt lat="22.25500095682525" lon="114.29005404728443"><ele>20.146589581696038</ele><time>2023-05-26T06:31:36Z</time></trkpt><trkpt lat="22.25499879194828" lon="114.29007564677065"><ele>19.973807762624197</ele><time>2023-05-26T06:31:38Z</time></trkpt><trkpt lat="22.25500611246137" lon="114.29009800003675"><ele>20.047789125772653</ele><time>2023-05-26T06:31:40Z</time></trkpt><trkpt lat="22.255014464235494" lon="114.29012710673321"><ele>19.88155692480371</ele><time>2023-05-26T06:31:42Z</time></trkpt><trkpt lat="22.25501886308025" lon="114.29015539955756"><ele>19.822691872499664</ele><time>2023-05-26T06:31:44Z</time></trkpt><trkpt lat="22.255021452000896" lon="114.29017751741277"><ele>19.811942074450084</ele><time>2023-05-26T06:31:46Z</time></trkpt><trkpt lat="22.25502250558255" lon="114.29019873516512"><ele>19.73776306244469</ele><time>2023-05-26T06:31:48Z</time></trkpt><trkpt lat="22.25502449867883" lon="114.29021829664077"><ele>19.502885936140476</ele><time>2023-05-26T06:31:50Z</time></trkpt><trkpt lat="22.255023452222844" lon="114.29023975468424"><ele>19.22285984314858</ele><time>2023-05-26T06:31:52Z</time></trkpt><trkpt lat="22.25502077832438" lon="114.29026054557845"><ele>18.98096794234941</ele><time>2023-05-26T06:31:54Z</time></trkpt><trkpt lat="22.255016380664564" lon="114.29028100509858"><ele>18.591376174572318</ele><time>2023-05-26T06:31:56Z</time></trkpt><trkpt lat="22.25501348741309" lon="114.29030394216625"><ele>18.582017472707932</ele><time>2023-05-26T06:31:58Z</time></trkpt><trkpt lat="22.25501872380704" lon="114.2903298682356"><ele>18.80563239028491</ele><time>2023-05-26T06:32:00Z</time></trkpt><trkpt lat="22.255020978870387" lon="114.29035308275846"><ele>19.215996571176028</ele><time>2023-05-26T06:32:02Z</time></trkpt><trkpt lat="22.255023969767628" lon="114.29038165275344"><ele>19.540020726250564</ele><time>2023-05-26T06:32:04Z</time></trkpt><trkpt lat="22.255029870201515" lon="114.29040683167945"><ele>19.73546085547268</ele><time>2023-05-26T06:32:06Z</time></trkpt><trkpt lat="22.255030279302815" lon="114.29042865394175"><ele>19.694667797415732</ele><time>2023-05-26T06:32:08Z</time></trkpt><trkpt lat="22.25502993549789" lon="114.29046809878871"><ele>19.90264777849473</ele><time>2023-05-26T06:32:12Z</time></trkpt><trkpt lat="22.25504259471424" lon="114.29048542178454"><ele>20.39026423486099</ele><time>2023-05-26T06:32:14Z</time></trkpt><trkpt lat="22.255071140661137" lon="114.29049677212554"><ele>21.564058450959855</ele><time>2023-05-26T06:32:18Z</time></trkpt><trkpt lat="22.25509068080772" lon="114.2905270419538"><ele>21.616718743571024</ele><time>2023-05-26T06:32:22Z</time></trkpt><trkpt lat="22.255100820300534" lon="114.2905445973228"><ele>21.553569095631158</ele><time>2023-05-26T06:32:24Z</time></trkpt><trkpt lat="22.255108214246178" lon="114.29056358199477"><ele>21.5390030659202</ele><time>2023-05-26T06:32:26Z</time></trkpt><trkpt lat="22.25511970793526" lon="114.29058081092867"><ele>21.540480088264133</ele><time>2023-05-26T06:32:28Z</time></trkpt><trkpt lat="22.25514486064948" lon="114.29059347439204"><ele>21.244804847973665</ele><time>2023-05-26T06:32:32Z</time></trkpt><trkpt lat="22.255164761928256" lon="114.29061095080458"><ele>21.102703674933057</ele><time>2023-05-26T06:32:36Z</time></trkpt><trkpt lat="22.255191307839464" lon="114.29063741562892"><ele>21.629182413511383</ele><time>2023-05-26T06:32:40Z</time></trkpt><trkpt lat="22.255213853325156" lon="114.29065177168775"><ele>21.90330412924175</ele><time>2023-05-26T06:32:42Z</time></trkpt><trkpt lat="22.25523182239743" lon="114.29066012823263"><ele>22.18832211715508</ele><time>2023-05-26T06:32:44Z</time></trkpt><trkpt lat="22.25525009998176" lon="114.29067323433611"><ele>22.445309435311735</ele><time>2023-05-26T06:32:46Z</time></trkpt><trkpt lat="22.255272582267107" lon="114.29070598997758"><ele>22.587479922082853</ele><time>2023-05-26T06:32:50Z</time></trkpt><trkpt lat="22.255295302250115" lon="114.29073837807213"><ele>22.349871019561366</ele><time>2023-05-26T06:32:54Z</time></trkpt><trkpt lat="22.255319290849847" lon="114.29076147990853"><ele>22.27918598837118</ele><time>2023-05-26T06:32:58Z</time></trkpt><trkpt lat="22.255337787734593" lon="114.29077722988883"><ele>22.594175933495116</ele><time>2023-05-26T06:33:00Z</time></trkpt><trkpt lat="22.255354086946795" lon="114.29079369702146"><ele>22.93682263985866</ele><time>2023-05-26T06:33:02Z</time></trkpt><trkpt lat="22.25537111146689" lon="114.29080614057465"><ele>23.2310394516943</ele><time>2023-05-26T06:33:04Z</time></trkpt><trkpt lat="22.255390536312316" lon="114.29082054930743"><ele>22.889563252211534</ele><time>2023-05-26T06:33:06Z</time></trkpt><trkpt lat="22.25540745973884" lon="114.29083039944621"><ele>22.537219430114902</ele><time>2023-05-26T06:33:08Z</time></trkpt><trkpt lat="22.255429499689605" lon="114.29083991639025"><ele>22.56373659678016</ele><time>2023-05-26T06:33:10Z</time></trkpt><trkpt lat="22.255448969264428" lon="114.2908454915394"><ele>22.732243979525943</ele><time>2023-05-26T06:33:12Z</time></trkpt><trkpt lat="22.25548270273423" lon="114.290853904477"><ele>23.299783809533896</ele><time>2023-05-26T06:33:16Z</time></trkpt><trkpt lat="22.25551195996157" lon="114.29087325201672"><ele>23.17815888323291</ele><time>2023-05-26T06:33:20Z</time></trkpt><trkpt lat="22.25553037887912" lon="114.29088273355906"><ele>23.100856421602547</ele><time>2023-05-26T06:33:22Z</time></trkpt><trkpt lat="22.255560336576977" lon="114.29089617034307"><ele>23.88700659248786</ele><time>2023-05-26T06:33:26Z</time></trkpt><trkpt lat="22.255578825543306" lon="114.29092196541622"><ele>24.5312967510606</ele><time>2023-05-26T06:33:30Z</time></trkpt><trkpt lat="22.255588105570496" lon="114.29093912127816"><ele>24.816743485335806</ele><time>2023-05-26T06:33:32Z</time></trkpt><trkpt lat="22.255598937901343" lon="114.29095845146139"><ele>24.851707380738866</ele><time>2023-05-26T06:33:34Z</time></trkpt><trkpt lat="22.25560551294698" lon="114.29097824917154"><ele>24.9407855910822</ele><time>2023-05-26T06:33:36Z</time></trkpt><trkpt lat="22.25562221540564" lon="114.29101133109005"><ele>25.301894490430676</ele><time>2023-05-26T06:33:40Z</time></trkpt><trkpt lat="22.255636701288296" lon="114.29104441077548"><ele>25.877959445260334</ele><time>2023-05-26T06:33:44Z</time></trkpt><trkpt lat="22.25564158660903" lon="114.29106398459909"><ele>26.11850782002853</ele><time>2023-05-26T06:33:46Z</time></trkpt><trkpt lat="22.25565011484807" lon="114.29108579060829"><ele>26.200884228573276</ele><time>2023-05-26T06:33:48Z</time></trkpt><trkpt lat="22.255661008571096" lon="114.29110662701841"><ele>26.402957870511525</ele><time>2023-05-26T06:33:50Z</time></trkpt><trkpt lat="22.255674200400122" lon="114.29112580553657"><ele>26.850466772645156</ele><time>2023-05-26T06:33:52Z</time></trkpt><trkpt lat="22.255681071350164" lon="114.29114926899732"><ele>27.26382885431604</ele><time>2023-05-26T06:33:54Z</time></trkpt><trkpt lat="22.25568905353553" lon="114.29117261822616"><ele>27.47789411455909</ele><time>2023-05-26T06:33:56Z</time></trkpt><trkpt lat="22.255688900205215" lon="114.29120459629256"><ele>27.657125668518198</ele><time>2023-05-26T06:34:00Z</time></trkpt><trkpt lat="22.255707056970678" lon="114.29124480583631"><ele>27.569903811480316</ele><time>2023-05-26T06:34:04Z</time></trkpt><trkpt lat="22.25572954632045" lon="114.29126766052876"><ele>28.258404767513937</ele><time>2023-05-26T06:34:08Z</time></trkpt><trkpt lat="22.255725545848623" lon="114.29129432746979"><ele>28.194223874532035</ele><time>2023-05-26T06:34:12Z</time></trkpt><trkpt lat="22.255729027593922" lon="114.29133030187452"><ele>27.925069173245074</ele><time>2023-05-26T06:34:16Z</time></trkpt><trkpt lat="22.255742545638906" lon="114.29135266258947"><ele>27.750264660230577</ele><time>2023-05-26T06:34:18Z</time></trkpt><trkpt lat="22.255756030998203" lon="114.29137780090205"><ele>27.7286561385198</ele><time>2023-05-26T06:34:20Z</time></trkpt><trkpt lat="22.255773127598214" lon="114.29140745499294"><ele>27.611198332888094</ele><time>2023-05-26T06:34:24Z</time></trkpt><trkpt lat="22.255782550397612" lon="114.2914258773266"><ele>27.311333032618364</ele><time>2023-05-26T06:34:26Z</time></trkpt><trkpt lat="22.25579742313048" lon="114.29146226775526"><ele>27.58865156344218</ele><time>2023-05-26T06:34:30Z</time></trkpt><trkpt lat="22.255806907101647" lon="114.2914795875074"><ele>28.56317282960351</ele><time>2023-05-26T06:34:32Z</time></trkpt><trkpt lat="22.25582766103356" lon="114.29149893951588"><ele>29.078226549020336</ele><time>2023-05-26T06:34:34Z</time></trkpt><trkpt lat="22.25584258491901" lon="114.29151772694699"><ele>29.43747790558903</ele><time>2023-05-26T06:34:36Z</time></trkpt><trkpt lat="22.2558596092475" lon="114.2915340123451"><ele>29.526972286862687</ele><time>2023-05-26T06:34:38Z</time></trkpt><trkpt lat="22.255884730690845" lon="114.29155979696466"><ele>29.967558921662704</ele><time>2023-05-26T06:34:40Z</time></trkpt><trkpt lat="22.255907921725527" lon="114.29157123932514"><ele>30.40894055707596</ele><time>2023-05-26T06:34:42Z</time></trkpt><trkpt lat="22.255926386911863" lon="114.29157980463772"><ele>30.81550302000626</ele><time>2023-05-26T06:34:44Z</time></trkpt><trkpt lat="22.255956420199293" lon="114.29160116566304"><ele>31.13825424003402</ele><time>2023-05-26T06:34:48Z</time></trkpt><trkpt lat="22.25597290644282" lon="114.29161349088963"><ele>31.13926593715339</ele><time>2023-05-26T06:34:50Z</time></trkpt><trkpt lat="22.255984846107012" lon="114.29163328499698"><ele>31.18493386358178</ele><time>2023-05-26T06:34:52Z</time></trkpt><trkpt lat="22.255986691921862" lon="114.29166101320679"><ele>31.253076411183432</ele><time>2023-05-26T06:34:54Z</time></trkpt><trkpt lat="22.255991626041745" lon="114.29168248229425"><ele>31.054322558195864</ele><time>2023-05-26T06:34:56Z</time></trkpt><trkpt lat="22.256010022002684" lon="114.29170668403178"><ele>30.896358421394755</ele><time>2023-05-26T06:35:00Z</time></trkpt><trkpt lat="22.256011351680204" lon="114.29174158729182"><ele>30.257034481738625</ele><time>2023-05-26T06:35:04Z</time></trkpt><trkpt lat="22.25602782917082" lon="114.29177927865605"><ele>29.696514370690092</ele><time>2023-05-26T06:35:06Z</time></trkpt><trkpt lat="22.25603920237426" lon="114.29180064678008"><ele>29.718328508900765</ele><time>2023-05-26T06:35:08Z</time></trkpt><trkpt lat="22.256053389041686" lon="114.29183151821884"><ele>30.485417786274308</ele><time>2023-05-26T06:35:12Z</time></trkpt><trkpt lat="22.256074822384797" lon="114.29184730589718"><ele>30.7654006408536</ele><time>2023-05-26T06:35:14Z</time></trkpt><trkpt lat="22.256095803316494" lon="114.29186239382807"><ele>31.043407831340566</ele><time>2023-05-26T06:35:16Z</time></trkpt><trkpt lat="22.25610602057363" lon="114.29188412175115"><ele>31.48073367968486</ele><time>2023-05-26T06:35:18Z</time></trkpt><trkpt lat="22.25611504359371" lon="114.29191495484838"><ele>32.04156618978871</ele><time>2023-05-26T06:35:22Z</time></trkpt><trkpt lat="22.256115385221005" lon="114.29194291037432"><ele>32.953969992306064</ele><time>2023-05-26T06:35:26Z</time></trkpt><trkpt lat="22.25613039450825" lon="114.29197384706443"><ele>33.60635362279517</ele><time>2023-05-26T06:35:30Z</time></trkpt><trkpt lat="22.256145138827236" lon="114.29200759775739"><ele>34.77433857748925</ele><time>2023-05-26T06:35:34Z</time></trkpt><trkpt lat="22.256151119688464" lon="114.29202941951836"><ele>35.46911297925403</ele><time>2023-05-26T06:35:36Z</time></trkpt><trkpt lat="22.256160687082442" lon="114.29204907668667"><ele>36.313184183557944</ele><time>2023-05-26T06:35:38Z</time></trkpt><trkpt lat="22.256167244508784" lon="114.29206931443893"><ele>37.10236675004578</ele><time>2023-05-26T06:35:40Z</time></trkpt><trkpt lat="22.25617027713646" lon="114.29210674526986"><ele>38.271070756245535</ele><time>2023-05-26T06:35:44Z</time></trkpt><trkpt lat="22.256171303067397" lon="114.29212723446787"><ele>39.08956121493717</ele><time>2023-05-26T06:35:46Z</time></trkpt><trkpt lat="22.256174534506666" lon="114.29215266232762"><ele>40.1588996670031</ele><time>2023-05-26T06:35:48Z</time></trkpt><trkpt lat="22.256183490430132" lon="114.29218198053688"><ele>41.27395066939207</ele><time>2023-05-26T06:35:50Z</time></trkpt><trkpt lat="22.25620032173958" lon="114.29219128188024"><ele>44.26454522317908</ele><time>2023-05-26T06:35:54Z</time></trkpt><trkpt lat="22.2562119021044" lon="114.2922416674266"><ele>45.76951456353881</ele><time>2023-05-26T06:36:12Z</time></trkpt><trkpt lat="22.25621993204283" lon="114.2922724689187"><ele>45.77004680736966</ele><time>2023-05-26T06:36:14Z</time></trkpt><trkpt lat="22.256229834563893" lon="114.29230172355838"><ele>45.622613100208696</ele><time>2023-05-26T06:36:16Z</time></trkpt><trkpt lat="22.256228205011908" lon="114.29233260991596"><ele>45.46249595514106</ele><time>2023-05-26T06:36:18Z</time></trkpt><trkpt lat="22.25622377374639" lon="114.292362002308"><ele>45.15950418741231</ele><time>2023-05-26T06:36:20Z</time></trkpt><trkpt lat="22.256227922181434" lon="114.29238151715481"><ele>45.17838111382743</ele><time>2023-05-26T06:36:24Z</time></trkpt><trkpt lat="22.256251969648776" lon="114.29239616711932"><ele>45.25733195257185</ele><time>2023-05-26T06:36:28Z</time></trkpt><trkpt lat="22.25623288594321" lon="114.29244482171337"><ele>44.40548976397671</ele><time>2023-05-26T06:36:38Z</time></trkpt><trkpt lat="22.256245321960048" lon="114.29247298614537"><ele>43.37683265240309</ele><time>2023-05-26T06:36:42Z</time></trkpt><trkpt lat="22.256267137884606" lon="114.29250314935626"><ele>43.03914363212624</ele><time>2023-05-26T06:36:46Z</time></trkpt><trkpt lat="22.256291839157566" lon="114.29252151986054"><ele>41.3955680054625</ele><time>2023-05-26T06:36:54Z</time></trkpt><trkpt lat="22.25629818154023" lon="114.29254124184251"><ele>40.70904962122388</ele><time>2023-05-26T06:36:58Z</time></trkpt><trkpt lat="22.2563028038366" lon="114.29256246658768"><ele>38.60558278534313</ele><time>2023-05-26T06:37:12Z</time></trkpt><trkpt lat="22.25631503723894" lon="114.29259444136065"><ele>38.343183969830875</ele><time>2023-05-26T06:37:14Z</time></trkpt><trkpt lat="22.256317499853033" lon="114.29261897529314"><ele>38.18436296230901</ele><time>2023-05-26T06:37:16Z</time></trkpt><trkpt lat="22.256326833461234" lon="114.29264398916823"><ele>37.946012968023396</ele><time>2023-05-26T06:37:18Z</time></trkpt><trkpt lat="22.256332201489297" lon="114.29266797346614"><ele>37.65933788437039</ele><time>2023-05-26T06:37:20Z</time></trkpt><trkpt lat="22.256342566203884" lon="114.2926933395286"><ele>37.455678571989</ele><time>2023-05-26T06:37:22Z</time></trkpt><trkpt lat="22.256354279227796" lon="114.29271521137267"><ele>37.32717973970616</ele><time>2023-05-26T06:37:24Z</time></trkpt><trkpt lat="22.256374604709706" lon="114.29273374691263"><ele>36.992697002345</ele><time>2023-05-26T06:37:26Z</time></trkpt><trkpt lat="22.25639047455129" lon="114.29275086860127"><ele>36.927206573064176</ele><time>2023-05-26T06:37:28Z</time></trkpt><trkpt lat="22.25640366861356" lon="114.29276573447342"><ele>36.881583609836554</ele><time>2023-05-26T06:37:30Z</time></trkpt><trkpt lat="22.256414741446882" lon="114.29279576579343"><ele>36.87222324901184</ele><time>2023-05-26T06:37:34Z</time></trkpt><trkpt lat="22.25642914775946" lon="114.29282176450646"><ele>36.39439341455387</ele><time>2023-05-26T06:37:38Z</time></trkpt><trkpt lat="22.256418041645226" lon="114.29284354704733"><ele>35.41458873598959</ele><time>2023-05-26T06:38:10Z</time></trkpt><trkpt lat="22.256428494027933" lon="114.2928600103401"><ele>35.08103037098584</ele><time>2023-05-26T06:38:16Z</time></trkpt><trkpt lat="22.256447664400053" lon="114.29285112626259"><ele>33.0015234696372</ele><time>2023-05-26T06:39:44Z</time></trkpt><trkpt lat="22.256425781769263" lon="114.29283651998793"><ele>33.60659262512435</ele><time>2023-05-26T06:40:12Z</time></trkpt><trkpt lat="22.256419119302905" lon="114.29281140846719"><ele>33.29739224671628</ele><time>2023-05-26T06:43:00Z</time></trkpt><trkpt lat="22.256395345477973" lon="114.29277535636379"><ele>33.37749511681046</ele><time>2023-05-26T06:43:04Z</time></trkpt><trkpt lat="22.256381677915034" lon="114.29274992783924"><ele>33.628505164080174</ele><time>2023-05-26T06:43:06Z</time></trkpt><trkpt lat="22.256355753908082" lon="114.29273171344921"><ele>33.720485075008085</ele><time>2023-05-26T06:43:08Z</time></trkpt><trkpt lat="22.256337044783336" lon="114.29271117099694"><ele>34.067623177020764</ele><time>2023-05-26T06:43:10Z</time></trkpt><trkpt lat="22.256329046108377" lon="114.29268328395567"><ele>34.10266770845877</ele><time>2023-05-26T06:43:12Z</time></trkpt><trkpt lat="22.25632821143408" lon="114.29265732263995"><ele>34.487071062260675</ele><time>2023-05-26T06:43:14Z</time></trkpt><trkpt lat="22.256324691422233" lon="114.29263667964544"><ele>34.867084735543166</ele><time>2023-05-26T06:43:16Z</time></trkpt><trkpt lat="22.25632199786664" lon="114.29261351528287"><ele>35.37216178097254</ele><time>2023-05-26T06:43:18Z</time></trkpt><trkpt lat="22.25631272953758" lon="114.29258854482799"><ele>35.993192320724944</ele><time>2023-05-26T06:43:20Z</time></trkpt><trkpt lat="22.256304701584877" lon="114.29256222091341"><ele>36.51144556337897</ele><time>2023-05-26T06:43:22Z</time></trkpt><trkpt lat="22.256293111015076" lon="114.29253942269943"><ele>36.66256013077402</ele><time>2023-05-26T06:43:24Z</time></trkpt><trkpt lat="22.256263802830656" lon="114.29254412256341"><ele>36.95255465833139</ele><time>2023-05-26T06:43:28Z</time></trkpt><trkpt lat="22.256236942011316" lon="114.29256663371214"><ele>37.12251455117204</ele><time>2023-05-26T06:43:30Z</time></trkpt><trkpt lat="22.256200302780037" lon="114.29257252248978"><ele>37.1116791153112</ele><time>2023-05-26T06:43:34Z</time></trkpt><trkpt lat="22.25617628227604" lon="114.29257055842906"><ele>36.96737723431788</ele><time>2023-05-26T06:43:36Z</time></trkpt><trkpt lat="22.256153966411585" lon="114.29257318392948"><ele>36.411464281724385</ele><time>2023-05-26T06:43:38Z</time></trkpt><trkpt lat="22.25612888316309" lon="114.29255846076848"><ele>35.81580593661945</ele><time>2023-05-26T06:43:42Z</time></trkpt><trkpt lat="22.256108324237942" lon="114.29255119561165"><ele>36.073573320904366</ele><time>2023-05-26T06:43:46Z</time></trkpt><trkpt lat="22.256088122261428" lon="114.29255609562176"><ele>36.00745060728931</ele><time>2023-05-26T06:43:50Z</time></trkpt><trkpt lat="22.25605976949882" lon="114.29257666478958"><ele>36.15460589581575</ele><time>2023-05-26T06:43:54Z</time></trkpt><trkpt lat="22.256040457582674" lon="114.2925687164497"><ele>36.3498181042127</ele><time>2023-05-26T06:43:56Z</time></trkpt><trkpt lat="22.256020377440866" lon="114.29255394724525"><ele>36.4943138875484</ele><time>2023-05-26T06:44:00Z</time></trkpt><trkpt lat="22.25599644808246" lon="114.2925381005371"><ele>36.586404990663326</ele><time>2023-05-26T06:44:04Z</time></trkpt><trkpt lat="22.25598797239874" lon="114.29251119988298"><ele>36.90547260491936</ele><time>2023-05-26T06:44:06Z</time></trkpt><trkpt lat="22.255970677902056" lon="114.29248504744653"><ele>37.78070180862484</ele><time>2023-05-26T06:44:10Z</time></trkpt><trkpt lat="22.25593570345151" lon="114.29249304131827"><ele>38.20704939796139</ele><time>2023-05-26T06:44:14Z</time></trkpt><trkpt lat="22.255909651329574" lon="114.29248622103925"><ele>38.70591402737829</ele><time>2023-05-26T06:44:18Z</time></trkpt><trkpt lat="22.255887683777363" lon="114.29248202755313"><ele>38.89376112725865</ele><time>2023-05-26T06:44:20Z</time></trkpt><trkpt lat="22.25587078289109" lon="114.29247282822598"><ele>39.120687679326274</ele><time>2023-05-26T06:44:22Z</time></trkpt><trkpt lat="22.2558539628953" lon="114.2924627465103"><ele>39.87588376793176</ele><time>2023-05-26T06:44:26Z</time></trkpt><trkpt lat="22.255830576871706" lon="114.29245734050575"><ele>40.61678910628877</ele><time>2023-05-26T06:44:30Z</time></trkpt><trkpt lat="22.255802642364724" lon="114.29245723653932"><ele>41.260141913712204</ele><time>2023-05-26T06:44:34Z</time></trkpt><trkpt lat="22.2557706848533" lon="114.29247366677386"><ele>41.66300318413005</ele><time>2023-05-26T06:44:38Z</time></trkpt><trkpt lat="22.255749636026255" lon="114.29247403343776"><ele>42.59166258165441</ele><time>2023-05-26T06:44:42Z</time></trkpt><trkpt lat="22.25572273103515" lon="114.2924730940014"><ele>43.56623255669928</ele><time>2023-05-26T06:44:48Z</time></trkpt><trkpt lat="22.255701920002238" lon="114.29245332279623"><ele>45.418825585435556</ele><time>2023-05-26T06:44:54Z</time></trkpt><trkpt lat="22.25567128939272" lon="114.29244499272"><ele>46.05465561837493</ele><time>2023-05-26T06:44:58Z</time></trkpt><trkpt lat="22.255654448545464" lon="114.29242962958045"><ele>46.87727502010481</ele><time>2023-05-26T06:45:02Z</time></trkpt><trkpt lat="22.25563174563557" lon="114.29242414347983"><ele>47.511665986648744</ele><time>2023-05-26T06:45:06Z</time></trkpt><trkpt lat="22.2556304982129" lon="114.29238503717278"><ele>48.3802477949075</ele><time>2023-05-26T06:45:10Z</time></trkpt><trkpt lat="22.255630497159096" lon="114.29236465031283"><ele>48.72105339681864</ele><time>2023-05-26T06:45:12Z</time></trkpt><trkpt lat="22.255610057865912" lon="114.29235013141528"><ele>49.47708538742083</ele><time>2023-05-26T06:45:16Z</time></trkpt><trkpt lat="22.255627227946405" lon="114.29234140233241"><ele>51.32837113567645</ele><time>2023-05-26T06:45:22Z</time></trkpt><trkpt lat="22.25559722741543" lon="114.29232771859087"><ele>51.94222978626673</ele><time>2023-05-26T06:45:30Z</time></trkpt><trkpt lat="22.25557938900999" lon="114.29234608975081"><ele>51.66993716364234</ele><time>2023-05-26T06:45:32Z</time></trkpt><trkpt lat="22.25554720752076" lon="114.29235627989846"><ele>51.99384216891788</ele><time>2023-05-26T06:45:38Z</time></trkpt><trkpt lat="22.25552444499054" lon="114.29234616986685"><ele>51.82378977842018</ele><time>2023-05-26T06:45:42Z</time></trkpt><trkpt lat="22.255514979581463" lon="114.29232309737547"><ele>52.05432711437794</ele><time>2023-05-26T06:45:44Z</time></trkpt><trkpt lat="22.25549993507616" lon="114.29229096024977"><ele>53.032004272815506</ele><time>2023-05-26T06:45:48Z</time></trkpt><trkpt lat="22.25546692669693" lon="114.29228943091084"><ele>53.770876049244286</ele><time>2023-05-26T06:45:52Z</time></trkpt><trkpt lat="22.255447238732007" lon="114.29229014349146"><ele>54.05533382273737</ele><time>2023-05-26T06:45:54Z</time></trkpt><trkpt lat="22.255429016308113" lon="114.29228670947772"><ele>54.1180627625483</ele><time>2023-05-26T06:45:56Z</time></trkpt><trkpt lat="22.255407909614956" lon="114.29226681761033"><ele>54.73296976005328</ele><time>2023-05-26T06:46:00Z</time></trkpt><trkpt lat="22.255382735248627" lon="114.29226751683467"><ele>54.91698917437509</ele><time>2023-05-26T06:46:04Z</time></trkpt><trkpt lat="22.255356268185718" lon="114.29226063690405"><ele>55.408552671214956</ele><time>2023-05-26T06:46:08Z</time></trkpt><trkpt lat="22.25533638556246" lon="114.29227409280175"><ele>56.27536569204533</ele><time>2023-05-26T06:46:12Z</time></trkpt><trkpt lat="22.255312056854063" lon="114.29228022426386"><ele>56.67564795867422</ele><time>2023-05-26T06:46:16Z</time></trkpt><trkpt lat="22.255292310781396" lon="114.29226005356958"><ele>57.371362892175</ele><time>2023-05-26T06:46:20Z</time></trkpt><trkpt lat="22.255278076572928" lon="114.29224167571772"><ele>58.409331434605825</ele><time>2023-05-26T06:46:24Z</time></trkpt><trkpt lat="22.255265292611256" lon="114.29222071917802"><ele>59.41681335524498</ele><time>2023-05-26T06:46:30Z</time></trkpt><trkpt lat="22.255227316038408" lon="114.29221255648108"><ele>59.49253994626417</ele><time>2023-05-26T06:46:34Z</time></trkpt><trkpt lat="22.255210076686765" lon="114.2922029375929"><ele>59.69891582011564</ele><time>2023-05-26T06:46:36Z</time></trkpt><trkpt lat="22.25519181850315" lon="114.29219098707851"><ele>60.3677655844542</ele><time>2023-05-26T06:46:40Z</time></trkpt><trkpt lat="22.25519017042155" lon="114.29216296455614"><ele>61.95949861670735</ele><time>2023-05-26T06:46:46Z</time></trkpt><trkpt lat="22.255166228088182" lon="114.29214760791356"><ele>62.44413619016019</ele><time>2023-05-26T06:46:50Z</time></trkpt><trkpt lat="22.255148493103412" lon="114.29213357775947"><ele>63.16493115762644</ele><time>2023-05-26T06:46:56Z</time></trkpt><trkpt lat="22.25513682250073" lon="114.29210422216137"><ele>63.60553366042855</ele><time>2023-05-26T06:47:00Z</time></trkpt><trkpt lat="22.255110219529197" lon="114.29209848190838"><ele>64.24946906297586</ele><time>2023-05-26T06:47:06Z</time></trkpt><trkpt lat="22.255087053275105" lon="114.29208982579061"><ele>64.9921322028253</ele><time>2023-05-26T06:47:14Z</time></trkpt><trkpt lat="22.255067524114082" lon="114.292092920353"><ele>65.20466212073123</ele><time>2023-05-26T06:47:16Z</time></trkpt><trkpt lat="22.255049478591594" lon="114.29207901320186"><ele>66.16978613840143</ele><time>2023-05-26T06:47:20Z</time></trkpt><trkpt lat="22.255025198113614" lon="114.29205218974958"><ele>68.08716428691459</ele><time>2023-05-26T06:47:26Z</time></trkpt><trkpt lat="22.254999631693867" lon="114.2920510316739"><ele>68.5654248995227</ele><time>2023-05-26T06:47:30Z</time></trkpt><trkpt lat="22.254998271070537" lon="114.29202928965607"><ele>69.12488582277766</ele><time>2023-05-26T06:47:34Z</time></trkpt><trkpt lat="22.25501762738803" lon="114.29199385124465"><ele>69.61974912522243</ele><time>2023-05-26T06:47:38Z</time></trkpt><trkpt lat="22.25503773041578" lon="114.29198319405802"><ele>70.06356383691264</ele><time>2023-05-26T06:47:40Z</time></trkpt><trkpt lat="22.255015341511857" lon="114.29197205196952"><ele>72.97778263407264</ele><time>2023-05-26T06:48:36Z</time></trkpt><trkpt lat="22.254988043354395" lon="114.29198708662418"><ele>72.80273299147682</ele><time>2023-05-26T06:48:40Z</time></trkpt><trkpt lat="22.254966275110696" lon="114.29196953738008"><ele>73.06244060647722</ele><time>2023-05-26T06:48:44Z</time></trkpt><trkpt lat="22.25495988618634" lon="114.29199255198489"><ele>75.67108385500143</ele><time>2023-05-26T06:49:52Z</time></trkpt><trkpt lat="22.25495104019888" lon="114.29201013730876"><ele>76.8588238258114</ele><time>2023-05-26T06:49:56Z</time></trkpt><trkpt lat="22.254955985915746" lon="114.29198607696011"><ele>77.6159386281586</ele><time>2023-05-26T06:50:00Z</time></trkpt><trkpt lat="22.254941626396928" lon="114.29195305241213"><ele>78.55412637795999</ele><time>2023-05-26T06:50:04Z</time></trkpt><trkpt lat="22.25494718239057" lon="114.29197381803705"><ele>79.20785669976445</ele><time>2023-05-26T06:50:14Z</time></trkpt><trkpt lat="22.254923233331613" lon="114.29199098261556"><ele>79.27014233519877</ele><time>2023-05-26T06:50:30Z</time></trkpt><trkpt lat="22.254940982912302" lon="114.29200545467597"><ele>79.69814676269503</ele><time>2023-05-26T06:50:48Z</time></trkpt><trkpt lat="22.254944491026933" lon="114.29202675153945"><ele>79.1887603198343</ele><time>2023-05-26T06:50:52Z</time></trkpt><trkpt lat="22.254937146685418" lon="114.29200212725482"><ele>79.59498012199958</ele><time>2023-05-26T06:51:00Z</time></trkpt><trkpt lat="22.25493084977711" lon="114.2919699306979"><ele>80.58242143877908</ele><time>2023-05-26T06:51:06Z</time></trkpt><trkpt lat="22.254941835859334" lon="114.29199007370345"><ele>80.85839381492467</ele><time>2023-05-26T06:51:26Z</time></trkpt><trkpt lat="22.254970744958296" lon="114.29199701018568"><ele>81.0596975751274</ele><time>2023-05-26T06:51:30Z</time></trkpt><trkpt lat="22.254992551830828" lon="114.29200701236425"><ele>80.75022623392803</ele><time>2023-05-26T06:51:32Z</time></trkpt><trkpt lat="22.254967805967908" lon="114.29199490062824"><ele>78.61149523130959</ele><time>2023-05-26T06:51:44Z</time></trkpt><trkpt lat="22.254945321269155" lon="114.2919949809589"><ele>77.89401663500784</ele><time>2023-05-26T06:51:48Z</time></trkpt><trkpt lat="22.254947714184873" lon="114.29202288346117"><ele>77.90568553324701</ele><time>2023-05-26T06:52:04Z</time></trkpt><trkpt lat="22.254922875186473" lon="114.29203607448957"><ele>77.35157602935043</ele><time>2023-05-26T06:52:10Z</time></trkpt><trkpt lat="22.254950011592793" lon="114.29202978733889"><ele>78.04925390590142</ele><time>2023-05-26T06:52:40Z</time></trkpt><trkpt lat="22.25494888742869" lon="114.29200429022697"><ele>78.29370691690632</ele><time>2023-05-26T06:52:44Z</time></trkpt><trkpt lat="22.254970214789633" lon="114.29200208971906"><ele>78.39182687357514</ele><time>2023-05-26T06:52:48Z</time></trkpt><trkpt lat="22.25498851359431" lon="114.2919991839906"><ele>78.25017402195512</ele><time>2023-05-26T06:52:50Z</time></trkpt><trkpt lat="22.255015536361746" lon="114.29200752049128"><ele>77.57692422950053</ele><time>2023-05-26T06:52:54Z</time></trkpt><trkpt lat="22.254987696059167" lon="114.29201003861226"><ele>77.73678405147353</ele><time>2023-05-26T06:53:42Z</time></trkpt><trkpt lat="22.254961781170117" lon="114.29200447265204"><ele>78.16342217652566</ele><time>2023-05-26T06:53:46Z</time></trkpt><trkpt lat="22.254981508068504" lon="114.29200365747032"><ele>78.8245493130324</ele><time>2023-05-26T06:53:58Z</time></trkpt><trkpt lat="22.255011500685935" lon="114.29201654395523"><ele>78.83229135664423</ele><time>2023-05-26T06:54:02Z</time></trkpt><trkpt lat="22.255015647882242" lon="114.29204060787656"><ele>79.0022807913744</ele><time>2023-05-26T06:54:04Z</time></trkpt><trkpt lat="22.25500077550169" lon="114.29206159696876"><ele>79.05087350329312</ele><time>2023-05-26T06:54:06Z</time></trkpt><trkpt lat="22.255022045029087" lon="114.29205509370016"><ele>78.22238411573422</ele><time>2023-05-26T06:54:32Z</time></trkpt><trkpt lat="22.25505808607989" lon="114.29206597217402"><ele>77.90852193807847</ele><time>2023-05-26T06:54:36Z</time></trkpt><trkpt lat="22.255056132177135" lon="114.29208891853963"><ele>77.71419135929453</ele><time>2023-05-26T06:54:40Z</time></trkpt><trkpt lat="22.255075293550917" lon="114.29209212682592"><ele>76.10919243142514</ele><time>2023-05-26T06:54:50Z</time></trkpt><trkpt lat="22.255098158576104" lon="114.29209793956107"><ele>75.65995046932103</ele><time>2023-05-26T06:55:20Z</time></trkpt><trkpt lat="22.255112798900356" lon="114.29211511296927"><ele>75.78005355794951</ele><time>2023-05-26T06:55:22Z</time></trkpt><trkpt lat="22.25512358036114" lon="114.29213940500675"><ele>75.1478824860696</ele><time>2023-05-26T06:55:26Z</time></trkpt><trkpt lat="22.255142716501748" lon="114.2921419855657"><ele>72.56730849137163</ele><time>2023-05-26T06:55:38Z</time></trkpt><trkpt lat="22.25516341349089" lon="114.29219052004746"><ele>72.38752551754247</ele><time>2023-05-26T06:55:44Z</time></trkpt><trkpt lat="22.255172110712866" lon="114.2922077967564"><ele>71.03748410705195</ele><time>2023-05-26T06:55:48Z</time></trkpt><trkpt lat="22.255196416341914" lon="114.29220784687861"><ele>70.00476619016621</ele><time>2023-05-26T06:55:54Z</time></trkpt><trkpt lat="22.25521859718018" lon="114.29222790831928"><ele>68.11214000035092</ele><time>2023-05-26T06:56:00Z</time></trkpt><trkpt lat="22.25524920806463" lon="114.29224210624419"><ele>67.66021997776288</ele><time>2023-05-26T06:56:04Z</time></trkpt><trkpt lat="22.255253742810883" lon="114.29226125173187"><ele>67.48493442120314</ele><time>2023-05-26T06:56:08Z</time></trkpt><trkpt lat="22.255281912640545" lon="114.29228129490552"><ele>67.25244043907765</ele><time>2023-05-26T06:56:16Z</time></trkpt><trkpt lat="22.25530239617095" lon="114.29227488760215"><ele>66.980395844221</ele><time>2023-05-26T06:56:22Z</time></trkpt><trkpt lat="22.255324608060942" lon="114.29226887300383"><ele>66.47967413780195</ele><time>2023-05-26T06:56:28Z</time></trkpt><trkpt lat="22.255350675466783" lon="114.29225192377072"><ele>65.90646337677589</ele><time>2023-05-26T06:56:32Z</time></trkpt><trkpt lat="22.255374335729705" lon="114.29225668190514"><ele>65.32399463965719</ele><time>2023-05-26T06:56:36Z</time></trkpt><trkpt lat="22.255394761583727" lon="114.29226624698285"><ele>64.895857787283</ele><time>2023-05-26T06:56:40Z</time></trkpt><trkpt lat="22.25541262984696" lon="114.29227063597081"><ele>64.7881488340603</ele><time>2023-05-26T06:56:42Z</time></trkpt><trkpt lat="22.255424467124595" lon="114.29228569377787"><ele>64.6032559566753</ele><time>2023-05-26T06:56:46Z</time></trkpt><trkpt lat="22.25544536991505" lon="114.29229884855732"><ele>63.9408347691656</ele><time>2023-05-26T06:56:50Z</time></trkpt><trkpt lat="22.255466992426456" lon="114.2922918721168"><ele>63.69438975673175</ele><time>2023-05-26T06:56:52Z</time></trkpt><trkpt lat="22.255486889866297" lon="114.29228573088653"><ele>63.66835979179318</ele><time>2023-05-26T06:56:54Z</time></trkpt><trkpt lat="22.255509164905543" lon="114.29231147870954"><ele>63.2678635190533</ele><time>2023-05-26T06:56:58Z</time></trkpt><trkpt lat="22.255511401843137" lon="114.29233821011016"><ele>62.73319965638165</ele><time>2023-05-26T06:57:02Z</time></trkpt><trkpt lat="22.255519316377285" lon="114.29235688610959"><ele>62.0554591499679</ele><time>2023-05-26T06:57:06Z</time></trkpt><trkpt lat="22.25553940960133" lon="114.29235362664798"><ele>61.90935138026803</ele><time>2023-05-26T06:57:12Z</time></trkpt><trkpt lat="22.255564103314104" lon="114.2923379071083"><ele>61.96818619679892</ele><time>2023-05-26T06:57:18Z</time></trkpt><trkpt lat="22.255596581122685" lon="114.29234975654221"><ele>61.22843525661884</ele><time>2023-05-26T06:57:22Z</time></trkpt><trkpt lat="22.25562146260616" lon="114.29236488853803"><ele>61.06755670307564</ele><time>2023-05-26T06:57:26Z</time></trkpt><trkpt lat="22.25564125634344" lon="114.29237630028915"><ele>60.445008976237595</ele><time>2023-05-26T06:57:30Z</time></trkpt><trkpt lat="22.255652017567982" lon="114.29239754869987"><ele>59.299187956584454</ele><time>2023-05-26T06:57:40Z</time></trkpt><trkpt lat="22.255651523251597" lon="114.29241884376731"><ele>58.682010285981896</ele><time>2023-05-26T06:57:44Z</time></trkpt><trkpt lat="22.255666187591338" lon="114.29243404968865"><ele>57.52923201144242</ele><time>2023-05-26T06:57:56Z</time></trkpt><trkpt lat="22.255698520302065" lon="114.29243990557306"><ele>56.919123422626605</ele><time>2023-05-26T06:58:04Z</time></trkpt><trkpt lat="22.255718433519714" lon="114.29244078910365"><ele>57.03194389377859</ele><time>2023-05-26T06:58:08Z</time></trkpt><trkpt lat="22.255726796449284" lon="114.29245837328166"><ele>56.94610665264786</ele><time>2023-05-26T06:58:10Z</time></trkpt><trkpt lat="22.255737360277994" lon="114.29248289910434"><ele>56.44180604821344</ele><time>2023-05-26T06:58:22Z</time></trkpt><trkpt lat="22.255757985420548" lon="114.29246728206883"><ele>55.13475859544467</ele><time>2023-05-26T06:58:46Z</time></trkpt><trkpt lat="22.255779680264666" lon="114.29247936111908"><ele>54.49467499410037</ele><time>2023-05-26T06:58:54Z</time></trkpt><trkpt lat="22.255800410383" lon="114.29245622966033"><ele>52.94653818654624</ele><time>2023-05-26T06:59:00Z</time></trkpt><trkpt lat="22.255827013797305" lon="114.29245125499489"><ele>51.95086357025009</ele><time>2023-05-26T06:59:04Z</time></trkpt><trkpt lat="22.255849408896697" lon="114.29245188319537"><ele>51.57660610610749</ele><time>2023-05-26T06:59:08Z</time></trkpt><trkpt lat="22.255872947657483" lon="114.29246254871013"><ele>50.85619822609186</ele><time>2023-05-26T06:59:12Z</time></trkpt><trkpt lat="22.255872747963593" lon="114.29248822464571"><ele>50.20486114419359</ele><time>2023-05-26T06:59:16Z</time></trkpt><trkpt lat="22.25588998264697" lon="114.2925030269937"><ele>49.64409446219466</ele><time>2023-05-26T06:59:22Z</time></trkpt><trkpt lat="22.255911912294998" lon="114.29250169590777"><ele>49.33950168284935</ele><time>2023-05-26T06:59:30Z</time></trkpt><trkpt lat="22.25593079427509" lon="114.29250863359795"><ele>48.942636589673405</ele><time>2023-05-26T06:59:34Z</time></trkpt><trkpt lat="22.25595090251651" lon="114.29250925805246"><ele>48.40082388716135</ele><time>2023-05-26T06:59:38Z</time></trkpt><trkpt lat="22.255974393753856" lon="114.29251774848001"><ele>47.94704994742726</ele><time>2023-05-26T06:59:42Z</time></trkpt><trkpt lat="22.255979295494722" lon="114.29253722777172"><ele>47.45363837827561</ele><time>2023-05-26T06:59:44Z</time></trkpt><trkpt lat="22.25597949179961" lon="114.29255919095556"><ele>47.306189532104725</ele><time>2023-05-26T06:59:46Z</time></trkpt><trkpt lat="22.256005455113808" lon="114.29256996035761"><ele>46.829177259720325</ele><time>2023-05-26T06:59:50Z</time></trkpt><trkpt lat="22.256038464953857" lon="114.29257426572696"><ele>45.854869209310024</ele><time>2023-05-26T06:59:54Z</time></trkpt><trkpt lat="22.256063535693542" lon="114.29257840519699"><ele>45.173571311998316</ele><time>2023-05-26T06:59:58Z</time></trkpt><trkpt lat="22.256077200461544" lon="114.29255825703662"><ele>44.66989313441988</ele><time>2023-05-26T07:00:06Z</time></trkpt><trkpt lat="22.256099426097233" lon="114.29255944301703"><ele>43.976966288901146</ele><time>2023-05-26T07:00:18Z</time></trkpt><trkpt lat="22.25612067192587" lon="114.29255672081341"><ele>43.40943922213446</ele><time>2023-05-26T07:00:20Z</time></trkpt><trkpt lat="22.25614128443151" lon="114.29255650539758"><ele>43.1269723601294</ele><time>2023-05-26T07:00:22Z</time></trkpt><trkpt lat="22.25616236967294" lon="114.2925643857461"><ele>42.29099452477961</ele><time>2023-05-26T07:00:26Z</time></trkpt><trkpt lat="22.256185655287354" lon="114.29257733505752"><ele>41.42381756758882</ele><time>2023-05-26T07:00:30Z</time></trkpt><trkpt lat="22.25621061899939" lon="114.2925786272658"><ele>41.01271072141221</ele><time>2023-05-26T07:00:34Z</time></trkpt><trkpt lat="22.256228458272865" lon="114.29257284566398"><ele>40.847241789154026</ele><time>2023-05-26T07:00:36Z</time></trkpt><trkpt lat="22.256247908884855" lon="114.29256535879155"><ele>40.689739346624044</ele><time>2023-05-26T07:00:38Z</time></trkpt><trkpt lat="22.256275428480542" lon="114.29254981753554"><ele>40.8983950555523</ele><time>2023-05-26T07:00:42Z</time></trkpt><trkpt lat="22.256287401267823" lon="114.29256530849636"><ele>40.91561210038121</ele><time>2023-05-26T07:00:44Z</time></trkpt><trkpt lat="22.256296580658802" lon="114.29259012382045"><ele>40.40213515560902</ele><time>2023-05-26T07:00:46Z</time></trkpt><trkpt lat="22.25631162962123" lon="114.29262578989196"><ele>39.692106767055186</ele><time>2023-05-26T07:00:48Z</time></trkpt><trkpt lat="22.256320753492886" lon="114.2926571747903"><ele>39.251670227656334</ele><time>2023-05-26T07:00:50Z</time></trkpt><trkpt lat="22.256328648805795" lon="114.29268601118441"><ele>38.680846110184135</ele><time>2023-05-26T07:00:52Z</time></trkpt><trkpt lat="22.256339571078634" lon="114.29271208589371"><ele>38.1685009665762</ele><time>2023-05-26T07:00:54Z</time></trkpt><trkpt lat="22.256357822645686" lon="114.29273563928734"><ele>37.34342023575044</ele><time>2023-05-26T07:00:56Z</time></trkpt><trkpt lat="22.256375557198837" lon="114.29275716367029"><ele>36.68271341408071</ele><time>2023-05-26T07:00:58Z</time></trkpt><trkpt lat="22.256391883764326" lon="114.29277704602356"><ele>36.46983148729986</ele><time>2023-05-26T07:01:00Z</time></trkpt><trkpt lat="22.256399037379268" lon="114.29279911090192"><ele>36.16282604890578</ele><time>2023-05-26T07:01:02Z</time></trkpt><trkpt lat="22.256407134739526" lon="114.29282681023439"><ele>35.540760608354326</ele><time>2023-05-26T07:01:04Z</time></trkpt><trkpt lat="22.256422695668324" lon="114.29285439806762"><ele>34.673989080258146</ele><time>2023-05-26T07:01:06Z</time></trkpt><trkpt lat="22.25643976851543" lon="114.29287895692048"><ele>33.98684877813532</ele><time>2023-05-26T07:01:08Z</time></trkpt><trkpt lat="22.256457650827578" lon="114.29289756355017"><ele>33.52507651927703</ele><time>2023-05-26T07:01:10Z</time></trkpt><trkpt lat="22.25647107218819" lon="114.2929134822881"><ele>33.10108743257791</ele><time>2023-05-26T07:01:12Z</time></trkpt><trkpt lat="22.25648198362222" lon="114.29293859223554"><ele>32.727384482315436</ele><time>2023-05-26T07:01:14Z</time></trkpt><trkpt lat="22.256500355142684" lon="114.29296321215935"><ele>32.396969754562605</ele><time>2023-05-26T07:01:16Z</time></trkpt><trkpt lat="22.25652092282213" lon="114.2929797787531"><ele>31.928275419787113</ele><time>2023-05-26T07:01:18Z</time></trkpt><trkpt lat="22.256533293780148" lon="114.29299903643738"><ele>31.553472561054505</ele><time>2023-05-26T07:01:20Z</time></trkpt><trkpt lat="22.256542564061697" lon="114.29301978362727"><ele>31.279799953575207</ele><time>2023-05-26T07:01:22Z</time></trkpt><trkpt lat="22.256553455755586" lon="114.29303627493475"><ele>31.017846363085244</ele><time>2023-05-26T07:01:24Z</time></trkpt><trkpt lat="22.256564659967527" lon="114.2930554684935"><ele>30.724831755688474</ele><time>2023-05-26T07:01:26Z</time></trkpt><trkpt lat="22.256577201613506" lon="114.29308209706076"><ele>30.241300129879324</ele><time>2023-05-26T07:01:28Z</time></trkpt><trkpt lat="22.25658976172403" lon="114.29310786437922"><ele>30.111066644977186</ele><time>2023-05-26T07:01:30Z</time></trkpt><trkpt lat="22.256601416311984" lon="114.29313114416952"><ele>29.897840478665564</ele><time>2023-05-26T07:01:32Z</time></trkpt><trkpt lat="22.25661382863779" lon="114.29315588360237"><ele>29.511176507419208</ele><time>2023-05-26T07:01:34Z</time></trkpt><trkpt lat="22.25662829771751" lon="114.29318134918874"><ele>29.036869102095945</ele><time>2023-05-26T07:01:36Z</time></trkpt><trkpt lat="22.25664100927598" lon="114.29320833222219"><ele>28.860348388568728</ele><time>2023-05-26T07:01:38Z</time></trkpt><trkpt lat="22.25665071761567" lon="114.29323425148138"><ele>28.75540234127025</ele><time>2023-05-26T07:01:40Z</time></trkpt><trkpt lat="22.256660349162672" lon="114.293261889481"><ele>28.79735871230602</ele><time>2023-05-26T07:01:42Z</time></trkpt><trkpt lat="22.25666535268467" lon="114.29328303444343"><ele>28.756065588696064</ele><time>2023-05-26T07:01:44Z</time></trkpt><trkpt lat="22.256685966046486" lon="114.29330514589589"><ele>27.906889864831495</ele><time>2023-05-26T07:01:48Z</time></trkpt><trkpt lat="22.256707302306268" lon="114.29333124414936"><ele>27.038497520142556</ele><time>2023-05-26T07:01:52Z</time></trkpt><trkpt lat="22.256720257431553" lon="114.29334565410794"><ele>26.472275037443783</ele><time>2023-05-26T07:01:54Z</time></trkpt><trkpt lat="22.256734378913293" lon="114.29337856503052"><ele>26.027181007284373</ele><time>2023-05-26T07:01:58Z</time></trkpt><trkpt lat="22.2567419889397" lon="114.29339667332137"><ele>25.506440350881856</ele><time>2023-05-26T07:02:00Z</time></trkpt><trkpt lat="22.25674881248672" lon="114.29341656807405"><ele>25.045863189696146</ele><time>2023-05-26T07:02:02Z</time></trkpt><trkpt lat="22.256754872147127" lon="114.2934389756767"><ele>24.729657257593797</ele><time>2023-05-26T07:02:04Z</time></trkpt><trkpt lat="22.25676234985479" lon="114.29345736786564"><ele>24.465674855146133</ele><time>2023-05-26T07:02:06Z</time></trkpt><trkpt lat="22.256773000528" lon="114.29349092169613"><ele>23.968386585306984</ele><time>2023-05-26T07:02:10Z</time></trkpt><trkpt lat="22.256778474198814" lon="114.29352364161954"><ele>22.952715085178557</ele><time>2023-05-26T07:02:14Z</time></trkpt><trkpt lat="22.25678114577998" lon="114.29354535446608"><ele>22.908711645930996</ele><time>2023-05-26T07:02:16Z</time></trkpt><trkpt lat="22.256784622139172" lon="114.29356546564895"><ele>22.831341263045445</ele><time>2023-05-26T07:02:18Z</time></trkpt><trkpt lat="22.25679049486179" lon="114.29358840388137"><ele>22.53192588912067</ele><time>2023-05-26T07:02:20Z</time></trkpt><trkpt lat="22.25679999841776" lon="114.29361888037069"><ele>21.691369436208053</ele><time>2023-05-26T07:02:22Z</time></trkpt><trkpt lat="22.256807192556835" lon="114.29365295238505"><ele>21.004185342495195</ele><time>2023-05-26T07:02:24Z</time></trkpt><trkpt lat="22.256813093062387" lon="114.293688166864"><ele>20.28675238857698</ele><time>2023-05-26T07:02:26Z</time></trkpt><trkpt lat="22.256819801947078" lon="114.29372387468766"><ele>19.520089116119536</ele><time>2023-05-26T07:02:28Z</time></trkpt><trkpt lat="22.256823012893054" lon="114.29375294780979"><ele>18.925600901305916</ele><time>2023-05-26T07:02:30Z</time></trkpt><trkpt lat="22.256825876423925" lon="114.2937794569798"><ele>18.286308488092978</ele><time>2023-05-26T07:02:32Z</time></trkpt><trkpt lat="22.256828415124907" lon="114.29380774377442"><ele>17.622577146745673</ele><time>2023-05-26T07:02:34Z</time></trkpt><trkpt lat="22.2568281334272" lon="114.2938413385876"><ele>17.076092851289754</ele><time>2023-05-26T07:02:36Z</time></trkpt><trkpt lat="22.25683083125379" lon="114.29387083360477"><ele>16.52298301755132</ele><time>2023-05-26T07:02:38Z</time></trkpt><trkpt lat="22.256833036778055" lon="114.29389626541803"><ele>16.07661457315478</ele><time>2023-05-26T07:02:40Z</time></trkpt><trkpt lat="22.25683925685922" lon="114.29392155398529"><ele>15.96968749954285</ele><time>2023-05-26T07:02:42Z</time></trkpt><trkpt lat="22.2568408106273" lon="114.29394513381362"><ele>15.83259024517664</ele><time>2023-05-26T07:02:44Z</time></trkpt><trkpt lat="22.256841781745457" lon="114.29397099432236"><ele>15.559165662233804</ele><time>2023-05-26T07:02:46Z</time></trkpt><trkpt lat="22.25684490496111" lon="114.29400195249548"><ele>15.05641275378462</ele><time>2023-05-26T07:02:48Z</time></trkpt><trkpt lat="22.256851189228847" lon="114.29403974141856"><ele>14.704297067088708</ele><time>2023-05-26T07:02:50Z</time></trkpt><trkpt lat="22.256854154687982" lon="114.29407316249005"><ele>14.327563501451278</ele><time>2023-05-26T07:02:52Z</time></trkpt><trkpt lat="22.256853801737886" lon="114.29410481849293"><ele>13.903318586145504</ele><time>2023-05-26T07:02:54Z</time></trkpt><trkpt lat="22.256860770385583" lon="114.29413311735456"><ele>13.195985530255028</ele><time>2023-05-26T07:02:56Z</time></trkpt><trkpt lat="22.25687292410225" lon="114.29416163741202"><ele>12.595875937088051</ele><time>2023-05-26T07:02:58Z</time></trkpt><trkpt lat="22.256881871014556" lon="114.29418749897528"><ele>12.047578475615547</ele><time>2023-05-26T07:03:00Z</time></trkpt><trkpt lat="22.256889245805308" lon="114.2942120731511"><ele>11.656420447146843</ele><time>2023-05-26T07:03:02Z</time></trkpt><trkpt lat="22.25689520155695" lon="114.29423225931366"><ele>11.030296813152939</ele><time>2023-05-26T07:03:04Z</time></trkpt><trkpt lat="22.256906923463426" lon="114.29425311707774"><ele>10.34563270074149</ele><time>2023-05-26T07:03:06Z</time></trkpt><trkpt lat="22.256919644136985" lon="114.2942768574991"><ele>9.973747605308922</ele><time>2023-05-26T07:03:08Z</time></trkpt><trkpt lat="22.256926377858004" lon="114.29429873949644"><ele>10.009994363385669</ele><time>2023-05-26T07:03:10Z</time></trkpt><trkpt lat="22.256933287105294" lon="114.2943185867231"><ele>9.988037455399871</ele><time>2023-05-26T07:03:12Z</time></trkpt><trkpt lat="22.25694155827726" lon="114.29434583908575"><ele>9.63768197677201</ele><time>2023-05-26T07:03:14Z</time></trkpt><trkpt lat="22.256955514411327" lon="114.29437311109122"><ele>9.274112314874209</ele><time>2023-05-26T07:03:16Z</time></trkpt><trkpt lat="22.256973358938755" lon="114.29440136336514"><ele>8.545297112492388</ele><time>2023-05-26T07:03:18Z</time></trkpt><trkpt lat="22.25699059485861" lon="114.29441509971893"><ele>8.134453902602784</ele><time>2023-05-26T07:03:18.798Z</time></trkpt><trkpt lat="22.25703964114833" lon="114.29443735968242"><ele>7.962008741304482</ele><time>2023-05-26T07:03:22Z</time></trkpt><trkpt lat="22.257063433854196" lon="114.29445019847616"><ele>8.199448844871563</ele><time>2023-05-26T07:03:24Z</time></trkpt><trkpt lat="22.257082127495224" lon="114.29446470645831"><ele>8.618958907909269</ele><time>2023-05-26T07:03:26Z</time></trkpt><trkpt lat="22.257100390348675" lon="114.29448056558311"><ele>8.718705870158084</ele><time>2023-05-26T07:03:28Z</time></trkpt><trkpt lat="22.257121330735675" lon="114.29449464067713"><ele>8.688128640706298</ele><time>2023-05-26T07:03:30Z</time></trkpt><trkpt lat="22.257144703886777" lon="114.29450773624686"><ele>8.432457895069627</ele><time>2023-05-26T07:03:32Z</time></trkpt><trkpt lat="22.25716686016396" lon="114.29451465195747"><ele>8.498794246745756</ele><time>2023-05-26T07:03:34Z</time></trkpt><trkpt lat="22.257189113948435" lon="114.29452121022099"><ele>8.261164465408386</ele><time>2023-05-26T07:03:36Z</time></trkpt><trkpt lat="22.257213440389013" lon="114.29452725885564"><ele>7.4515401441608695</ele><time>2023-05-26T07:03:38Z</time></trkpt><trkpt lat="22.257241132902404" lon="114.2945250102223"><ele>6.450821990157942</ele><time>2023-05-26T07:03:40Z</time></trkpt><trkpt lat="22.25726812670349" lon="114.29453023466432"><ele>6.093156580511905</ele><time>2023-05-26T07:03:42Z</time></trkpt><trkpt lat="22.25729199789717" lon="114.29453664384195"><ele>6.081118569727996</ele><time>2023-05-26T07:03:44Z</time></trkpt><trkpt lat="22.257312586212176" lon="114.29454169217131"><ele>5.344991154361776</ele><time>2023-05-26T07:03:46Z</time></trkpt><trkpt lat="22.25733595253889" lon="114.2945469180235"><ele>4.826931366104283</ele><time>2023-05-26T07:03:48Z</time></trkpt><trkpt lat="22.257355624735553" lon="114.29455951708702"><ele>4.787525319587123</ele><time>2023-05-26T07:03:50Z</time></trkpt><trkpt lat="22.257376118110383" lon="114.2945735337479"><ele>5.056965435937323</ele><time>2023-05-26T07:03:52Z</time></trkpt><trkpt lat="22.25739725587155" lon="114.2945807636743"><ele>5.261640435570127</ele><time>2023-05-26T07:03:54Z</time></trkpt><trkpt lat="22.257418066863316" lon="114.29458516534916"><ele>5.561499277576719</ele><time>2023-05-26T07:03:56Z</time></trkpt><trkpt lat="22.257437610850396" lon="114.29458611416457"><ele>5.929135813677574</ele><time>2023-05-26T07:03:58Z</time></trkpt><trkpt lat="22.25745862019807" lon="114.29458479212627"><ele>6.159777839757913</ele><time>2023-05-26T07:04:00Z</time></trkpt><trkpt lat="22.257485977961906" lon="114.29458716297387"><ele>6.634516810391695</ele><time>2023-05-26T07:04:02Z</time></trkpt><trkpt lat="22.257517458870048" lon="114.2945908547292"><ele>6.709856461911347</ele><time>2023-05-26T07:04:04Z</time></trkpt><trkpt lat="22.257540587221765" lon="114.2945976513556"><ele>6.571176657216754</ele><time>2023-05-26T07:04:06Z</time></trkpt><trkpt lat="22.257564251047075" lon="114.29460908395455"><ele>6.738459708912262</ele><time>2023-05-26T07:04:08Z</time></trkpt><trkpt lat="22.25757638192522" lon="114.29463073698126"><ele>6.741059766615701</ele><time>2023-05-26T07:04:10Z</time></trkpt><trkpt lat="22.257577377236682" lon="114.2946749375754"><ele>7.308170853582797</ele><time>2023-05-26T07:04:14Z</time></trkpt><trkpt lat="22.257565587937876" lon="114.29465457903054"><ele>8.225810054810358</ele><time>2023-05-26T07:04:22Z</time></trkpt><trkpt lat="22.2575471550402" lon="114.29464468299611"><ele>8.343211966580771</ele><time>2023-05-26T07:04:24Z</time></trkpt><trkpt lat="22.257533053770832" lon="114.29462223633455"><ele>8.230773068268087</ele><time>2023-05-26T07:04:26Z</time></trkpt><trkpt lat="22.25751749926251" lon="114.29460987427883"><ele>8.299745385061183</ele><time>2023-05-26T07:04:28Z</time></trkpt><trkpt lat="22.257531300456957" lon="114.2946296041362"><ele>8.99344453723929</ele><time>2023-05-26T07:04:34Z</time></trkpt><trkpt lat="22.257550455595332" lon="114.29462818004656"><ele>9.21054450320214</ele><time>2023-05-26T07:04:36Z</time></trkpt><trkpt lat="22.25757139842709" lon="114.29462440388596"><ele>9.33186226263582</ele><time>2023-05-26T07:04:38Z</time></trkpt><trkpt lat="22.257611289031725" lon="114.29462581891079"><ele>8.633707290826166</ele><time>2023-05-26T07:04:42Z</time></trkpt><trkpt lat="22.25764441900104" lon="114.29462145066837"><ele>7.529112380575801</ele><time>2023-05-26T07:04:46Z</time></trkpt><trkpt lat="22.25767163212949" lon="114.29461641959536"><ele>6.904254749018379</ele><time>2023-05-26T07:04:48Z</time></trkpt><trkpt lat="22.25769520389396" lon="114.29460491290708"><ele>6.671499105106706</ele><time>2023-05-26T07:04:50Z</time></trkpt><trkpt lat="22.25771791645139" lon="114.29459854495936"><ele>6.477801341187837</ele><time>2023-05-26T07:04:52Z</time></trkpt><trkpt lat="22.25773802143689" lon="114.29459433426008"><ele>6.4660606828634375</ele><time>2023-05-26T07:04:54Z</time></trkpt><trkpt lat="22.25775973479068" lon="114.29458794925532"><ele>6.330168654171224</ele><time>2023-05-26T07:04:56Z</time></trkpt><trkpt lat="22.25777819210556" lon="114.29458678603767"><ele>6.469710799326804</ele><time>2023-05-26T07:04:58Z</time></trkpt><trkpt lat="22.25779990727796" lon="114.29459733108315"><ele>6.636552321627311</ele><time>2023-05-26T07:05:00.780Z</time></trkpt><trkpt lat="22.257817008039478" lon="114.29461677733993"><ele>6.73434419343066</ele><time>2023-05-26T07:05:04Z</time></trkpt><trkpt lat="22.257837163639454" lon="114.29464182835369"><ele>6.628839381849173</ele><time>2023-05-26T07:05:08Z</time></trkpt><trkpt lat="22.25784498075153" lon="114.29466036563225"><ele>6.097810477151764</ele><time>2023-05-26T07:05:10Z</time></trkpt><trkpt lat="22.25785374279645" lon="114.29467775459835"><ele>5.437664240695433</ele><time>2023-05-26T07:05:12Z</time></trkpt><trkpt lat="22.257867956715593" lon="114.2946963021238"><ele>4.494439583207061</ele><time>2023-05-26T07:05:14Z</time></trkpt><trkpt lat="22.25788484082638" lon="114.29471577893567"><ele>3.8544124461304015</ele><time>2023-05-26T07:05:16Z</time></trkpt><trkpt lat="22.25790242785855" lon="114.29472973594959"><ele>3.4742126151737467</ele><time>2023-05-26T07:05:18Z</time></trkpt><trkpt lat="22.257923963037843" lon="114.2947482281629"><ele>3.7904258488446425</ele><time>2023-05-26T07:05:22Z</time></trkpt><trkpt lat="22.25793504897124" lon="114.29476489440482"><ele>4.118754306638447</ele><time>2023-05-26T07:05:24Z</time></trkpt><trkpt lat="22.25796033787521" lon="114.29479427951834"><ele>4.325284604616552</ele><time>2023-05-26T07:05:28Z</time></trkpt><trkpt lat="22.25798027604104" lon="114.29480072220464"><ele>4.400143684523691</ele><time>2023-05-26T07:05:30Z</time></trkpt><trkpt lat="22.25800156863084" lon="114.2948062116359"><ele>4.49415203497044</ele><time>2023-05-26T07:05:32Z</time></trkpt><trkpt lat="22.258027834941863" lon="114.29481282182479"><ele>4.690255722482438</ele><time>2023-05-26T07:05:34Z</time></trkpt><trkpt lat="22.258047063516287" lon="114.2948236762799"><ele>4.895370968542679</ele><time>2023-05-26T07:05:36Z</time></trkpt><trkpt lat="22.25806345094388" lon="114.29483764529661"><ele>5.216715765251278</ele><time>2023-05-26T07:05:38Z</time></trkpt><trkpt lat="22.25807015921409" lon="114.29487427229891"><ele>5.603858787274835</ele><time>2023-05-26T07:05:42Z</time></trkpt><trkpt lat="22.258070143913013" lon="114.29489738610549"><ele>5.592235871770697</ele><time>2023-05-26T07:05:44Z</time></trkpt><trkpt lat="22.258069701962995" lon="114.29491973390353"><ele>5.737703226505816</ele><time>2023-05-26T07:05:46Z</time></trkpt><trkpt lat="22.25806904136428" lon="114.2949449231196"><ele>6.003503595945114</ele><time>2023-05-26T07:05:48Z</time></trkpt><trkpt lat="22.258070835454422" lon="114.29498495455185"><ele>6.769090093480743</ele><time>2023-05-26T07:05:52Z</time></trkpt><trkpt lat="22.258071151840195" lon="114.2950063043514"><ele>7.281102640138507</ele><time>2023-05-26T07:05:54Z</time></trkpt><trkpt lat="22.258058958081634" lon="114.29502427365422"><ele>7.767053009439605</ele><time>2023-05-26T07:05:56Z</time></trkpt><trkpt lat="22.25805062304177" lon="114.29504837127887"><ele>8.046875147057937</ele><time>2023-05-26T07:05:58Z</time></trkpt><trkpt lat="22.25804593900928" lon="114.29507360588144"><ele>8.846806280246673</ele><time>2023-05-26T07:06:00Z</time></trkpt><trkpt lat="22.25804422212896" lon="114.29509566336463"><ele>9.221507370257141</ele><time>2023-05-26T07:06:02Z</time></trkpt><trkpt lat="22.258052831015526" lon="114.29513075875055"><ele>9.731552318894787</ele><time>2023-05-26T07:06:06Z</time></trkpt><trkpt lat="22.258061998924816" lon="114.2951528094582"><ele>10.154491053586511</ele><time>2023-05-26T07:06:08Z</time></trkpt><trkpt lat="22.258068797691195" lon="114.29517113859525"><ele>10.563907720480016</ele><time>2023-05-26T07:06:10Z</time></trkpt><trkpt lat="22.258066150565497" lon="114.29519750367716"><ele>11.152764850438322</ele><time>2023-05-26T07:06:14Z</time></trkpt><trkpt lat="22.258067854177803" lon="114.2952180090555"><ele>11.245915579239234</ele><time>2023-05-26T07:06:16Z</time></trkpt><trkpt lat="22.258070003423494" lon="114.29523847935633"><ele>11.243036214095131</ele><time>2023-05-26T07:06:18Z</time></trkpt><trkpt lat="22.258072237252467" lon="114.29526281228672"><ele>11.368424098585214</ele><time>2023-05-26T07:06:20Z</time></trkpt><trkpt lat="22.2580763816336" lon="114.29529171224098"><ele>11.563425638522352</ele><time>2023-05-26T07:06:22Z</time></trkpt><trkpt lat="22.258085055284045" lon="114.29531420889475"><ele>11.688075169435653</ele><time>2023-05-26T07:06:24Z</time></trkpt><trkpt lat="22.258091406572575" lon="114.29533520726815"><ele>12.065333874138975</ele><time>2023-05-26T07:06:26Z</time></trkpt><trkpt lat="22.258098663551117" lon="114.29537274941698"><ele>12.560677312459788</ele><time>2023-05-26T07:06:30Z</time></trkpt><trkpt lat="22.258104600778193" lon="114.29539647220574"><ele>12.961450389304021</ele><time>2023-05-26T07:06:32Z</time></trkpt><trkpt lat="22.25810969216827" lon="114.29541841617484"><ele>13.478871392353803</ele><time>2023-05-26T07:06:34Z</time></trkpt><trkpt lat="22.258113781853563" lon="114.29544204645988"><ele>13.641081217234321</ele><time>2023-05-26T07:06:36Z</time></trkpt><trkpt lat="22.258117871988727" lon="114.29546867140436"><ele>13.736114596311815</ele><time>2023-05-26T07:06:38Z</time></trkpt><trkpt lat="22.25812723916718" lon="114.29549425431014"><ele>13.957381375006362</ele><time>2023-05-26T07:06:40Z</time></trkpt><trkpt lat="22.258138299682958" lon="114.29551997257943"><ele>14.379937103635578</ele><time>2023-05-26T07:06:42Z</time></trkpt><trkpt lat="22.258152888606173" lon="114.29554004512326"><ele>14.765353455009652</ele><time>2023-05-26T07:06:44Z</time></trkpt><trkpt lat="22.258137582925634" lon="114.29557364054193"><ele>14.592014078538304</ele><time>2023-05-26T07:06:48Z</time></trkpt><trkpt lat="22.25816134521914" lon="114.2956152678697"><ele>15.492275255540346</ele><time>2023-05-26T07:06:52Z</time></trkpt><trkpt lat="22.258172335029283" lon="114.2956330859509"><ele>15.936423865833962</ele><time>2023-05-26T07:06:54Z</time></trkpt><trkpt lat="22.25820086536483" lon="114.29564917613862"><ele>16.158359193234727</ele><time>2023-05-26T07:06:56Z</time></trkpt><trkpt lat="22.258218202459325" lon="114.29566076002997"><ele>16.21288043915851</ele><time>2023-05-26T07:06:58Z</time></trkpt><trkpt lat="22.258236273940668" lon="114.29567810699848"><ele>16.083917951138414</ele><time>2023-05-26T07:07:00Z</time></trkpt><trkpt lat="22.258257580957697" lon="114.29568745787681"><ele>15.769248058909378</ele><time>2023-05-26T07:07:02Z</time></trkpt><trkpt lat="22.258276864824307" lon="114.29571899928486"><ele>15.142451351802357</ele><time>2023-05-26T07:07:06Z</time></trkpt><trkpt lat="22.258283688176522" lon="114.29574647987145"><ele>15.488726738455396</ele><time>2023-05-26T07:07:08Z</time></trkpt><trkpt lat="22.258292286834617" lon="114.2957679525804"><ele>15.538966741890253</ele><time>2023-05-26T07:07:10Z</time></trkpt><trkpt lat="22.25830336264144" lon="114.29578395892597"><ele>15.732630356266998</ele><time>2023-05-26T07:07:12Z</time></trkpt><trkpt lat="22.258336677821983" lon="114.295801041924"><ele>15.287812819813194</ele><time>2023-05-26T07:07:16Z</time></trkpt><trkpt lat="22.258358282131606" lon="114.29582521029596"><ele>15.820037440012445</ele><time>2023-05-26T07:07:20Z</time></trkpt><trkpt lat="22.258379367468375" lon="114.2958486864533"><ele>16.01426605509565</ele><time>2023-05-26T07:07:24Z</time></trkpt><trkpt lat="22.258405086307405" lon="114.29586532754016"><ele>14.5062790941666</ele><time>2023-05-26T07:07:30Z</time></trkpt><trkpt lat="22.25843140199392" lon="114.295863234483"><ele>13.048721313998334</ele><time>2023-05-26T07:07:34Z</time></trkpt><trkpt lat="22.258402607776002" lon="114.29584938111343"><ele>13.508728532326403</ele><time>2023-05-26T07:07:56Z</time></trkpt><trkpt lat="22.258386931093696" lon="114.2958594727933"><ele>12.815923861127464</ele><time>2023-05-26T07:08:06Z</time></trkpt><trkpt lat="22.25837089046227" lon="114.29587543296725"><ele>13.031383442468865</ele><time>2023-05-26T07:08:12Z</time></trkpt><trkpt lat="22.258350150575062" lon="114.29587657047209"><ele>13.398329939529498</ele><time>2023-05-26T07:08:18Z</time></trkpt><trkpt lat="22.258343232074488" lon="114.29589671413694"><ele>13.264818128067203</ele><time>2023-05-26T07:08:22Z</time></trkpt><trkpt lat="22.258358772928414" lon="114.29590885658723"><ele>12.853471549583615</ele><time>2023-05-26T07:08:42Z</time></trkpt><trkpt lat="22.25833688261223" lon="114.29591157888969"><ele>12.442677658468444</ele><time>2023-05-26T07:08:54Z</time></trkpt><trkpt lat="22.258300636941954" lon="114.29592388609858"><ele>12.498859378099683</ele><time>2023-05-26T07:08:58Z</time></trkpt><trkpt lat="22.2583157890322" lon="114.29591145367041"><ele>11.564559280969368</ele><time>2023-05-26T07:09:08Z</time></trkpt><trkpt lat="22.258293113376034" lon="114.29588988425999"><ele>11.343854737025175</ele><time>2023-05-26T07:09:20Z</time></trkpt><trkpt lat="22.258266388095425" lon="114.29587865167461"><ele>11.657357139666225</ele><time>2023-05-26T07:09:24Z</time></trkpt><trkpt lat="22.25825502373872" lon="114.29590922064871"><ele>11.40913572092578</ele><time>2023-05-26T07:09:28Z</time></trkpt><trkpt lat="22.258278805307405" lon="114.29591641660821"><ele>11.6659954012585</ele><time>2023-05-26T07:09:30Z</time></trkpt><trkpt lat="22.258298384472752" lon="114.29592050955428"><ele>11.087610416565232</ele><time>2023-05-26T07:09:40Z</time></trkpt><trkpt lat="22.258317189959445" lon="114.29592241910011"><ele>11.00863379109199</ele><time>2023-05-26T07:09:44Z</time></trkpt><trkpt lat="22.258328717919525" lon="114.29593903587485"><ele>11.218632397740423</ele><time>2023-05-26T07:09:54Z</time></trkpt><trkpt lat="22.25835670902078" lon="114.2959478674497"><ele>8.483340669099862</ele><time>2023-05-26T07:11:52Z</time></trkpt><trkpt lat="22.25839260080389" lon="114.29595257035501"><ele>8.4232333942697</ele><time>2023-05-26T07:11:58Z</time></trkpt><trkpt lat="22.258413317510165" lon="114.2959528453902"><ele>8.051345244381176</ele><time>2023-05-26T07:12:08Z</time></trkpt><trkpt lat="22.258424529321225" lon="114.29596876447182"><ele>7.222776718460957</ele><time>2023-05-26T07:12:30Z</time></trkpt><trkpt lat="22.25844090131534" lon="114.29598242277639"><ele>6.196529858439726</ele><time>2023-05-26T07:13:30Z</time></trkpt><trkpt lat="22.258474070792897" lon="114.29598524219757"><ele>6.097353052761582</ele><time>2023-05-26T07:13:36Z</time></trkpt><trkpt lat="22.258496628219127" lon="114.29598050569915"><ele>6.257903188107707</ele><time>2023-05-26T07:13:40Z</time></trkpt><trkpt lat="22.258517213100014" lon="114.29600508749031"><ele>5.567739789793872</ele><time>2023-05-26T07:13:52Z</time></trkpt><trkpt lat="22.258524435257" lon="114.29602500198573"><ele>4.429185217905529</ele><time>2023-05-26T07:14:00Z</time></trkpt><trkpt lat="22.258502889587863" lon="114.29601387968069"><ele>4.457529277413376</ele><time>2023-05-26T07:14:12Z</time></trkpt><trkpt lat="22.258494349679516" lon="114.29597940936387"><ele>2.943518637895188</ele><time>2023-05-26T07:15:04Z</time></trkpt><trkpt lat="22.258520661754908" lon="114.29597608475372"><ele>2.2064249712988038</ele><time>2023-05-26T07:15:08Z</time></trkpt><trkpt lat="22.258539098602235" lon="114.29598761223987"><ele>1.364154987633938</ele><time>2023-05-26T07:15:12Z</time></trkpt><trkpt lat="22.25855915788391" lon="114.29603343065965"><ele>-1.5452361751101542</ele><time>2023-05-26T07:15:18Z</time></trkpt><trkpt lat="22.25855553498582" lon="114.29605302171137"><ele>-2.643843388125547</ele><time>2023-05-26T07:15:28Z</time></trkpt><trkpt lat="22.25854821930289" lon="114.29603122535812"><ele>-5.6418510488011515</ele><time>2023-05-26T07:15:42Z</time></trkpt><trkpt lat="22.25856983468096" lon="114.29605228910144"><ele>-7.9070267198431825</ele><time>2023-05-26T07:16:14Z</time></trkpt><trkpt lat="22.258587617398756" lon="114.296059739201"><ele>-8.202042105715506</ele><time>2023-05-26T07:16:22Z</time></trkpt><trkpt lat="22.258604753373614" lon="114.29606720243375"><ele>-9.169765008406445</ele><time>2023-05-26T07:16:32Z</time></trkpt><trkpt lat="22.25861454915506" lon="114.2960323893492"><ele>-8.865956101360469</ele><time>2023-05-26T07:16:36Z</time></trkpt><trkpt lat="22.258616709714374" lon="114.29601161530267"><ele>-8.697609822374469</ele><time>2023-05-26T07:16:38Z</time></trkpt><trkpt lat="22.258613630060438" lon="114.29598855759643"><ele>-8.417363393474293</ele><time>2023-05-26T07:16:40Z</time></trkpt><trkpt lat="22.258611211542313" lon="114.29596776836428"><ele>-7.490395383703531</ele><time>2023-05-26T07:16:54Z</time></trkpt><trkpt lat="22.2586242900938" lon="114.29595290499921"><ele>-5.23881290888768</ele><time>2023-05-26T07:17:02Z</time></trkpt><trkpt lat="22.258643646603698" lon="114.29595169124046"><ele>-5.37940645352178</ele><time>2023-05-26T07:17:08Z</time></trkpt><trkpt lat="22.258629008644522" lon="114.29597743703923"><ele>-5.218055050390618</ele><time>2023-05-26T07:17:26Z</time></trkpt><trkpt lat="22.25861408218594" lon="114.29602373640354"><ele>-5.489496392515757</ele><time>2023-05-26T07:17:30Z</time></trkpt><trkpt lat="22.258606357029386" lon="114.29605156977165"><ele>-5.394169296721668</ele><time>2023-05-26T07:17:32Z</time></trkpt><trkpt lat="22.258602332427614" lon="114.296074051886"><ele>-5.049036040430309</ele><time>2023-05-26T07:17:34Z</time></trkpt><trkpt lat="22.258618341502615" lon="114.2960832184934"><ele>-4.270350132088746</ele><time>2023-05-26T07:17:44Z</time></trkpt><trkpt lat="22.258636575438246" lon="114.29610533788357"><ele>-3.8191225477913355</ele><time>2023-05-26T07:18:38Z</time></trkpt><trkpt lat="22.258646709365912" lon="114.29612936107421"><ele>-3.343526293575096</ele><time>2023-05-26T07:18:40Z</time></trkpt><trkpt lat="22.258661980973343" lon="114.29614244276699"><ele>-2.860819201589172</ele><time>2023-05-26T07:19:04Z</time></trkpt><trkpt lat="22.25867769006297" lon="114.29612913217245"><ele>-2.214521024328865</ele><time>2023-05-26T07:19:08Z</time></trkpt><trkpt lat="22.258651820962445" lon="114.29612462867972"><ele>-2.313146940608309</ele><time>2023-05-26T07:19:10Z</time></trkpt><trkpt lat="22.258631621144126" lon="114.29611117469273"><ele>-2.2877478922412835</ele><time>2023-05-26T07:19:12Z</time></trkpt><trkpt lat="22.25861933869622" lon="114.29609648247447"><ele>-2.2384242535586987</ele><time>2023-05-26T07:19:14Z</time></trkpt><trkpt lat="22.258598239292272" lon="114.29608241122283"><ele>-2.2090165171985596</ele><time>2023-05-26T07:19:18Z</time></trkpt><trkpt lat="22.258593838064048" lon="114.2960540503587"><ele>-2.0899901756171397</ele><time>2023-05-26T07:19:50Z</time></trkpt><trkpt lat="22.25860454002366" lon="114.29603191470778"><ele>-1.8240957728132856</ele><time>2023-05-26T07:19:52Z</time></trkpt><trkpt lat="22.258609666182167" lon="114.29600890693412"><ele>-1.801743186733673</ele><time>2023-05-26T07:19:54Z</time></trkpt><trkpt lat="22.258598330231038" lon="114.29597635131398"><ele>-1.8470427805288265</ele><time>2023-05-26T07:20:10Z</time></trkpt><trkpt lat="22.25857882911802" lon="114.29597290308322"><ele>-1.7088271105696209</ele><time>2023-05-26T07:20:14Z</time></trkpt><trkpt lat="22.258560794933413" lon="114.29597450221745"><ele>-1.185124809089899</ele><time>2023-05-26T07:20:16Z</time></trkpt><trkpt lat="22.258541237010064" lon="114.29597961046775"><ele>-0.814930819814291</ele><time>2023-05-26T07:20:20Z</time></trkpt><trkpt lat="22.258538990513458" lon="114.2960082085145"><ele>-1.051167991528135</ele><time>2023-05-26T07:20:24Z</time></trkpt><trkpt lat="22.258535393706644" lon="114.29602980392144"><ele>-1.3243491378062835</ele><time>2023-05-26T07:20:28Z</time></trkpt><trkpt lat="22.258509434880395" lon="114.29603810145181"><ele>-2.1551036398182246</ele><time>2023-05-26T07:21:08Z</time></trkpt><trkpt lat="22.258495922217406" lon="114.29602491059813"><ele>-0.4751023491844535</ele><time>2023-05-26T07:30:50Z</time></trkpt><trkpt lat="22.25848503734155" lon="114.29599917319442"><ele>0.4949177922680974</ele><time>2023-05-26T07:30:54Z</time></trkpt><trkpt lat="22.258491905181444" lon="114.29597610501823"><ele>0.9132078606635332</ele><time>2023-05-26T07:30:56Z</time></trkpt><trkpt lat="22.25850720352329" lon="114.29596488218709"><ele>1.3100633854046464</ele><time>2023-05-26T07:30:58Z</time></trkpt><trkpt lat="22.258532642102285" lon="114.29596392879482"><ele>1.3635714696720243</ele><time>2023-05-26T07:31:02Z</time></trkpt><trkpt lat="22.258511797877794" lon="114.2959593193358"><ele>-0.24955844599753618</ele><time>2023-05-26T07:31:12Z</time></trkpt><trkpt lat="22.25849301508166" lon="114.29596836286737"><ele>-0.6367952208966017</ele><time>2023-05-26T07:31:14Z</time></trkpt><trkpt lat="22.258475157889364" lon="114.2959818823201"><ele>-0.6367952208966017</ele><time>2023-05-26T07:31:18Z</time></trkpt><trkpt lat="22.258473055847773" lon="114.29600170019674"><ele>-0.6367952208966017</ele><time>2023-05-26T07:31:28Z</time></trkpt><trkpt lat="22.25845953613675" lon="114.29601480664064"><ele>-0.6367952208966017</ele><time>2023-05-26T07:31:58Z</time></trkpt><trkpt lat="22.25848011931491" lon="114.29601070927663"><ele>-0.6367952208966017</ele><time>2023-05-26T07:32:26Z</time></trkpt><trkpt lat="22.258458231622267" lon="114.29603714217951"><ele>-0.869991860054349</ele><time>2023-05-26T07:37:54Z</time></trkpt><trkpt lat="22.258472297787513" lon="114.2960203966952"><ele>1.2273724870756269</ele><time>2023-05-26T07:38:42Z</time></trkpt><trkpt lat="22.258491620623015" lon="114.29603314871416"><ele>1.76680254843086</ele><time>2023-05-26T07:43:24Z</time></trkpt><trkpt lat="22.2584673064861" lon="114.29604388706278"><ele>0.19884676672518253</ele><time>2023-05-26T07:45:04Z</time></trkpt><trkpt lat="22.25844633023313" lon="114.29603295702687"><ele>0.7258835341781378</ele><time>2023-05-26T07:45:08Z</time></trkpt><trkpt lat="22.258464743511663" lon="114.29603423891314"><ele>2.8288319231942296</ele><time>2023-05-26T07:45:34Z</time></trkpt><trkpt lat="22.25848463155476" lon="114.29602123754073"><ele>1.9926309380680323</ele><time>2023-05-26T07:45:52Z</time></trkpt><trkpt lat="22.258508579887852" lon="114.29601404293761"><ele>3.865880543443883</ele><time>2023-05-26T07:45:56Z</time></trkpt><trkpt lat="22.258526878046567" lon="114.29602605070257"><ele>3.169053886292445</ele><time>2023-05-26T07:45:58Z</time></trkpt><trkpt lat="22.25854221133755" lon="114.2960524600047"><ele>2.6735120265729786</ele><time>2023-05-26T07:46:00Z</time></trkpt><trkpt lat="22.258552453788994" lon="114.29607120363478"><ele>1.6500295409132142</ele><time>2023-05-26T07:46:02Z</time></trkpt><trkpt lat="22.258539652027935" lon="114.2960514520485"><ele>0.4142218149681364</ele><time>2023-05-26T07:46:06Z</time></trkpt><trkpt lat="22.258560696679996" lon="114.29605609751943"><ele>-1.144438458606091</ele><time>2023-05-26T07:46:14Z</time></trkpt><trkpt lat="22.2585796181283" lon="114.29606694186398"><ele>-1.791152321218517</ele><time>2023-05-26T07:46:18Z</time></trkpt><trkpt lat="22.258608366504905" lon="114.29608104988375"><ele>-3.022373984219656</ele><time>2023-05-26T07:46:22Z</time></trkpt><trkpt lat="22.258632858968518" lon="114.29608330705376"><ele>-4.204851266304694</ele><time>2023-05-26T07:46:26Z</time></trkpt><trkpt lat="22.258646797271417" lon="114.29609862298092"><ele>-4.5361235591303295</ele><time>2023-05-26T07:46:28Z</time></trkpt><trkpt lat="22.258658737761998" lon="114.29612602017475"><ele>-5.203277416222418</ele><time>2023-05-26T07:46:32Z</time></trkpt><trkpt lat="22.258667055525976" lon="114.29615087605283"><ele>-4.75958132168275</ele><time>2023-05-26T07:46:38Z</time></trkpt><trkpt lat="22.258666393468356" lon="114.29612978145313"><ele>-3.236528739073696</ele><time>2023-05-26T07:47:24Z</time></trkpt><trkpt lat="22.258648303225524" lon="114.2961105301599"><ele>-2.968659897748578</ele><time>2023-05-26T07:47:28Z</time></trkpt><trkpt lat="22.258627527977612" lon="114.29608540822825"><ele>-3.10093844800894</ele><time>2023-05-26T07:47:32Z</time></trkpt><trkpt lat="22.258602035819695" lon="114.29606667608589"><ele>-3.080109108012162</ele><time>2023-05-26T07:47:34Z</time></trkpt><trkpt lat="22.25859133840651" lon="114.29605079126374"><ele>-2.1690191389694746</ele><time>2023-05-26T07:47:38Z</time></trkpt><trkpt lat="22.258578441151972" lon="114.29606658615242"><ele>-1.5704757168888435</ele><time>2023-05-26T07:47:46Z</time></trkpt><trkpt lat="22.258556075048592" lon="114.29605294258297"><ele>-1.727318289733384</ele><time>2023-05-26T07:47:50Z</time></trkpt><trkpt lat="22.258544878442436" lon="114.29602227195075"><ele>-2.020252021979265</ele><time>2023-05-26T07:47:54Z</time></trkpt><trkpt lat="22.258521873141582" lon="114.29600683218699"><ele>-2.029280070190716</ele><time>2023-05-26T07:48:00Z</time></trkpt><trkpt lat="22.258502671546246" lon="114.29599771127846"><ele>-2.084422213579432</ele><time>2023-05-26T07:48:04Z</time></trkpt><trkpt lat="22.258483859346295" lon="114.29601016481742"><ele>-2.3713828289249825</ele><time>2023-05-26T07:48:08Z</time></trkpt><trkpt lat="22.25845602597602" lon="114.29601520832382"><ele>-1.7316305283960765</ele><time>2023-05-26T07:48:16Z</time></trkpt><trkpt lat="22.258431779659045" lon="114.29599812175829"><ele>-0.8189399725121984</ele><time>2023-05-26T07:48:20Z</time></trkpt><trkpt lat="22.25840145000501" lon="114.29597870254163"><ele>-0.20428139794586206</ele><time>2023-05-26T07:48:24Z</time></trkpt><trkpt lat="22.258375354987987" lon="114.29597443168088"><ele>-0.15250166233884052</ele><time>2023-05-26T07:48:28Z</time></trkpt><trkpt lat="22.25835803909029" lon="114.29598440023547"><ele>-1.0059141061901127</ele><time>2023-05-26T07:48:34Z</time></trkpt><trkpt lat="22.25834021704023" lon="114.2959902380076"><ele>0.4543931160414505</ele><time>2023-05-26T07:48:56Z</time></trkpt><trkpt lat="22.258340094243664" lon="114.29596043205049"><ele>2.795910789207733</ele><time>2023-05-26T07:49:32Z</time></trkpt><trkpt lat="22.25834268855012" lon="114.29591502470689"><ele>3.5750746573284906</ele><time>2023-05-26T07:49:36Z</time></trkpt><trkpt lat="22.25836815506341" lon="114.29589621651726"><ele>4.265412625681813</ele><time>2023-05-26T07:49:40Z</time></trkpt><trkpt lat="22.258364717361076" lon="114.29587605206892"><ele>4.648739762523768</ele><time>2023-05-26T07:49:42Z</time></trkpt><trkpt lat="22.258343911018564" lon="114.2958436060701"><ele>5.322508679927894</ele><time>2023-05-26T07:49:46Z</time></trkpt><trkpt lat="22.258363495123177" lon="114.29582514470957"><ele>5.806448446537873</ele><time>2023-05-26T07:49:50Z</time></trkpt><trkpt lat="22.258352819249367" lon="114.29579951193713"><ele>7.032183098137245</ele><time>2023-05-26T07:50:02Z</time></trkpt><trkpt lat="22.258324241796068" lon="114.29578655131013"><ele>7.818878764939442</ele><time>2023-05-26T07:50:06Z</time></trkpt><trkpt lat="22.2583026394432" lon="114.29577650344324"><ele>8.206873373654462</ele><time>2023-05-26T07:50:10Z</time></trkpt><trkpt lat="22.25828729937946" lon="114.29576356346212"><ele>9.60582311945304</ele><time>2023-05-26T07:50:16Z</time></trkpt><trkpt lat="22.25826967552452" lon="114.29575834900517"><ele>10.494355181304941</ele><time>2023-05-26T07:50:34Z</time></trkpt><trkpt lat="22.258273346634393" lon="114.29573134208319"><ele>10.331259857307028</ele><time>2023-05-26T07:50:38Z</time></trkpt><trkpt lat="22.258249084948275" lon="114.29570166183032"><ele>10.540613998836204</ele><time>2023-05-26T07:50:42Z</time></trkpt><trkpt lat="22.258232596236603" lon="114.29568959632138"><ele>10.61281436869942</ele><time>2023-05-26T07:50:44Z</time></trkpt><trkpt lat="22.258208764425227" lon="114.29568043098175"><ele>10.610989269441552</ele><time>2023-05-26T07:50:48Z</time></trkpt><trkpt lat="22.25819480514304" lon="114.2956647009453"><ele>10.607131519343973</ele><time>2023-05-26T07:50:52Z</time></trkpt><trkpt lat="22.258164613054554" lon="114.29565387639786"><ele>11.085882658164122</ele><time>2023-05-26T07:50:56Z</time></trkpt><trkpt lat="22.258148862103315" lon="114.29564031969039"><ele>11.252002596729413</ele><time>2023-05-26T07:50:58Z</time></trkpt><trkpt lat="22.258133488728312" lon="114.29562496247759"><ele>11.16801559597872</ele><time>2023-05-26T07:51:00Z</time></trkpt><trkpt lat="22.25811889777782" lon="114.2956092737435"><ele>11.269743657789443</ele><time>2023-05-26T07:51:02Z</time></trkpt><trkpt lat="22.258111980758358" lon="114.2955874841008"><ele>11.36977648111461</ele><time>2023-05-26T07:51:04Z</time></trkpt><trkpt lat="22.25811877889566" lon="114.29556220661766"><ele>11.707852031314554</ele><time>2023-05-26T07:51:06Z</time></trkpt><trkpt lat="22.25812655598398" lon="114.29554027637407"><ele>11.99522042513828</ele><time>2023-05-26T07:51:08Z</time></trkpt><trkpt lat="22.258141066755666" lon="114.29550450483467"><ele>12.471622108815863</ele><time>2023-05-26T07:51:12Z</time></trkpt><trkpt lat="22.258136902549065" lon="114.29548392135295"><ele>12.232207153483383</ele><time>2023-05-26T07:51:16Z</time></trkpt><trkpt lat="22.258118689220996" lon="114.29546772066719"><ele>12.152678753454259</ele><time>2023-05-26T07:51:20Z</time></trkpt><trkpt lat="22.25811178604599" lon="114.29543249049551"><ele>11.959961575165137</ele><time>2023-05-26T07:51:24Z</time></trkpt><trkpt lat="22.25810432233197" lon="114.29541231392898"><ele>11.831049019004677</ele><time>2023-05-26T07:51:26Z</time></trkpt><trkpt lat="22.25809308148519" lon="114.29537465187215"><ele>11.9986347440874</ele><time>2023-05-26T07:51:30Z</time></trkpt><trkpt lat="22.25808604991119" lon="114.29535671064663"><ele>12.136815946036544</ele><time>2023-05-26T07:51:32Z</time></trkpt><trkpt lat="22.25807678498064" lon="114.29531926352912"><ele>12.553166705155009</ele><time>2023-05-26T07:51:36Z</time></trkpt><trkpt lat="22.258072860047296" lon="114.29528025411034"><ele>12.219784006821</ele><time>2023-05-26T07:51:40Z</time></trkpt><trkpt lat="22.25807408728794" lon="114.29526051883134"><ele>12.377950838986797</ele><time>2023-05-26T07:51:42Z</time></trkpt><trkpt lat="22.258079356398838" lon="114.29522918313495"><ele>12.585063764628577</ele><time>2023-05-26T07:51:46Z</time></trkpt><trkpt lat="22.258080713248596" lon="114.29520058750342"><ele>12.551757592015674</ele><time>2023-05-26T07:51:50Z</time></trkpt><trkpt lat="22.258061757112614" lon="114.29517476668646"><ele>12.50031819464858</ele><time>2023-05-26T07:51:54Z</time></trkpt><trkpt lat="22.25804765650134" lon="114.29516168035565"><ele>12.670381676329349</ele><time>2023-05-26T07:51:56Z</time></trkpt><trkpt lat="22.258039463818303" lon="114.29514298878259"><ele>12.838793062573703</ele><time>2023-05-26T07:51:58Z</time></trkpt><trkpt lat="22.258035779537632" lon="114.2951239650697"><ele>13.161075483722234</ele><time>2023-05-26T07:52:00Z</time></trkpt><trkpt lat="22.258037869177752" lon="114.29508673292558"><ele>12.590461295962475</ele><time>2023-05-26T07:52:04Z</time></trkpt><trkpt lat="22.25804283066425" lon="114.29505036573612"><ele>12.4895405375631</ele><time>2023-05-26T07:52:08Z</time></trkpt><trkpt lat="22.258037345352747" lon="114.29502642856791"><ele>12.597827209044762</ele><time>2023-05-26T07:52:12Z</time></trkpt><trkpt lat="22.25805467133916" lon="114.29499972917013"><ele>13.40258143688533</ele><time>2023-05-26T07:52:28Z</time></trkpt><trkpt lat="22.258072730523637" lon="114.2949708629392"><ele>13.742402447635358</ele><time>2023-05-26T07:52:32Z</time></trkpt><trkpt lat="22.25807678101306" lon="114.29493200431266"><ele>13.957925807213288</ele><time>2023-05-26T07:52:36Z</time></trkpt><trkpt lat="22.258078925577703" lon="114.29489703503447"><ele>13.825819397869841</ele><time>2023-05-26T07:52:40Z</time></trkpt><trkpt lat="22.258071399187916" lon="114.29487755567685"><ele>13.882233644558841</ele><time>2023-05-26T07:52:42Z</time></trkpt><trkpt lat="22.258067968026612" lon="114.2948582335684"><ele>13.513395065350286</ele><time>2023-05-26T07:52:44Z</time></trkpt><trkpt lat="22.258065013591033" lon="114.29482866897946"><ele>13.33207314028276</ele><time>2023-05-26T07:52:48Z</time></trkpt><trkpt lat="22.25803652643145" lon="114.29481896503256"><ele>12.936553803557677</ele><time>2023-05-26T07:56:56Z</time></trkpt><trkpt lat="22.258014526337206" lon="114.29482381694793"><ele>12.874143186688936</ele><time>2023-05-26T07:56:58Z</time></trkpt><trkpt lat="22.25798626085544" lon="114.29482831577404"><ele>13.11076004549566</ele><time>2023-05-26T07:57:00Z</time></trkpt><trkpt lat="22.25796137304569" lon="114.29481287602717"><ele>12.972141461562613</ele><time>2023-05-26T07:57:04Z</time></trkpt><trkpt lat="22.257955398021195" lon="114.29479108036378"><ele>12.466173308717396</ele><time>2023-05-26T07:57:08Z</time></trkpt><trkpt lat="22.257946108257272" lon="114.29476802609622"><ele>12.395592446659851</ele><time>2023-05-26T07:57:12Z</time></trkpt><trkpt lat="22.257926594715254" lon="114.29474687287056"><ele>12.346599458470337</ele><time>2023-05-26T07:57:16Z</time></trkpt><trkpt lat="22.257909280635705" lon="114.29472853694152"><ele>11.509975852876694</ele><time>2023-05-26T07:57:20Z</time></trkpt><trkpt lat="22.257885228842255" lon="114.29471119750288"><ele>10.171439454756626</ele><time>2023-05-26T07:57:24Z</time></trkpt><trkpt lat="22.257867235082784" lon="114.29469890761601"><ele>9.65472158974217</ele><time>2023-05-26T07:57:26Z</time></trkpt><trkpt lat="22.257852699334883" lon="114.29468690647076"><ele>9.624223069779273</ele><time>2023-05-26T07:57:28Z</time></trkpt><trkpt lat="22.25782231438056" lon="114.29466426438825"><ele>9.308605923129262</ele><time>2023-05-26T07:57:32Z</time></trkpt><trkpt lat="22.25780765276491" lon="114.29465220293234"><ele>9.032565826207778</ele><time>2023-05-26T07:57:34Z</time></trkpt><trkpt lat="22.257777561237695" lon="114.29463587966843"><ele>8.397431872502512</ele><time>2023-05-26T07:57:38Z</time></trkpt><trkpt lat="22.257760413068315" lon="114.29462866971126"><ele>8.144371535899483</ele><time>2023-05-26T07:57:40Z</time></trkpt><trkpt lat="22.257740465160865" lon="114.29462315202689"><ele>8.131265768565832</ele><time>2023-05-26T07:57:42Z</time></trkpt><trkpt lat="22.257713878331067" lon="114.29461254082482"><ele>7.6926783274624135</ele><time>2023-05-26T07:57:44Z</time></trkpt><trkpt lat="22.257692742616907" lon="114.29460607638596"><ele>7.587688429237591</ele><time>2023-05-26T07:57:46Z</time></trkpt><trkpt lat="22.25767371304198" lon="114.29460391485958"><ele>7.51012288018715</ele><time>2023-05-26T07:57:48Z</time></trkpt><trkpt lat="22.257649713041292" lon="114.2946033250876"><ele>7.294420379573781</ele><time>2023-05-26T07:57:52Z</time></trkpt><trkpt lat="22.257620629241654" lon="114.29461225780344"><ele>6.872833446523536</ele><time>2023-05-26T07:57:56Z</time></trkpt><trkpt lat="22.257596583633973" lon="114.2946137881623"><ele>6.238797010371974</ele><time>2023-05-26T07:58:00Z</time></trkpt><trkpt lat="22.257579042774513" lon="114.29464689464375"><ele>6.6057776361605205</ele><time>2023-05-26T07:58:04Z</time></trkpt><trkpt lat="22.2575598681573" lon="114.29467606513678"><ele>7.293316024156226</ele><time>2023-05-26T07:58:06Z</time></trkpt><trkpt lat="22.257543322590287" lon="114.29469888991966"><ele>7.898826968798931</ele><time>2023-05-26T07:58:08Z</time></trkpt><trkpt lat="22.257535449939734" lon="114.29471875020397"><ele>8.113812115750434</ele><time>2023-05-26T07:58:10Z</time></trkpt><trkpt lat="22.257521613121458" lon="114.29473528779714"><ele>8.43463414651987</ele><time>2023-05-26T07:58:12Z</time></trkpt><trkpt lat="22.257511678495256" lon="114.29475575671225"><ele>8.808906842735679</ele><time>2023-05-26T07:58:14Z</time></trkpt><trkpt lat="22.25749919224957" lon="114.29477499097594"><ele>9.04639416873599</ele><time>2023-05-26T07:58:16Z</time></trkpt><trkpt lat="22.257479581064814" lon="114.2947953565949"><ele>9.348068314958809</ele><time>2023-05-26T07:58:18Z</time></trkpt><trkpt lat="22.25746319933587" lon="114.29480612012807"><ele>9.371623984811986</ele><time>2023-05-26T07:58:20Z</time></trkpt><trkpt lat="22.257440333272466" lon="114.29482891772815"><ele>9.674327587883178</ele><time>2023-05-26T07:58:24Z</time></trkpt><trkpt lat="22.257394279992635" lon="114.29484649282249"><ele>10.085341093156048</ele><time>2023-05-26T07:58:28Z</time></trkpt><trkpt lat="22.25736656576364" lon="114.29485335374075"><ele>10.067757553718197</ele><time>2023-05-26T07:58:30Z</time></trkpt><trkpt lat="22.25734699431444" lon="114.2948635396051"><ele>9.79897481321689</ele><time>2023-05-26T07:58:32Z</time></trkpt><trkpt lat="22.25731081965273" lon="114.29487785413271"><ele>9.319773015646922</ele><time>2023-05-26T07:58:36Z</time></trkpt><trkpt lat="22.25729453410625" lon="114.29489243022932"><ele>9.256807493621876</ele><time>2023-05-26T07:58:38Z</time></trkpt><trkpt lat="22.257269656201203" lon="114.29491296059419"><ele>8.878178244261255</ele><time>2023-05-26T07:58:40Z</time></trkpt><trkpt lat="22.25724342339534" lon="114.29494314764578"><ele>8.431925645986139</ele><time>2023-05-26T07:58:42Z</time></trkpt><trkpt lat="22.257225465094912" lon="114.29496358542352"><ele>7.963845906352359</ele><time>2023-05-26T07:58:44Z</time></trkpt><trkpt lat="22.25720305272181" lon="114.29497681395898"><ele>7.983621908959219</ele><time>2023-05-26T07:58:46Z</time></trkpt><trkpt lat="22.25717579460838" lon="114.29498436182335"><ele>8.055353077095068</ele><time>2023-05-26T07:58:48Z</time></trkpt><trkpt lat="22.257150314904194" lon="114.29499090239554"><ele>8.159339816310954</ele><time>2023-05-26T07:58:50Z</time></trkpt><trkpt lat="22.257122840530087" lon="114.29499281570929"><ele>8.334427873441244</ele><time>2023-05-26T07:58:52Z</time></trkpt><trkpt lat="22.25711908283441" lon="114.2950235585455"><ele>8.36682667277763</ele><time>2023-05-26T07:58:58Z</time></trkpt><trkpt lat="22.257140220114664" lon="114.29504135391257"><ele>8.217779100336667</ele><time>2023-05-26T07:59:02Z</time></trkpt><trkpt lat="22.25714045934861" lon="114.29501686075864"><ele>8.276870350847</ele><time>2023-05-26T07:59:12Z</time></trkpt><trkpt lat="22.257125169840744" lon="114.29499720753172"><ele>8.286552319107862</ele><time>2023-05-26T07:59:14Z</time></trkpt><trkpt lat="22.257098597378548" lon="114.29497961826375"><ele>7.952668942841475</ele><time>2023-05-26T07:59:16Z</time></trkpt><trkpt lat="22.257054564220844" lon="114.29496300472537"><ele>7.797378782545199</ele><time>2023-05-26T07:59:18Z</time></trkpt><trkpt lat="22.257016698043625" lon="114.2949574746491"><ele>7.720124490614231</ele><time>2023-05-26T07:59:20Z</time></trkpt><trkpt lat="22.256990207998513" lon="114.29495647555736"><ele>7.561985580784923</ele><time>2023-05-26T07:59:22Z</time></trkpt><trkpt lat="22.25696813736447" lon="114.29496123081795"><ele>7.234327332913531</ele><time>2023-05-26T07:59:24Z</time></trkpt><trkpt lat="22.256944252429285" lon="114.29497084923975"><ele>6.699429813279864</ele><time>2023-05-26T07:59:26Z</time></trkpt><trkpt lat="22.25692534075421" lon="114.29497805333686"><ele>6.478438104035723</ele><time>2023-05-26T07:59:28Z</time></trkpt><trkpt lat="22.25689547955557" lon="114.29499442241115"><ele>6.918593768659355</ele><time>2023-05-26T07:59:32Z</time></trkpt><trkpt lat="22.256869867439608" lon="114.29499902079066"><ele>7.066531186931862</ele><time>2023-05-26T07:59:34Z</time></trkpt><trkpt lat="22.256844042919482" lon="114.29500681135488"><ele>7.009367160230388</ele><time>2023-05-26T07:59:36Z</time></trkpt><trkpt lat="22.256825098340478" lon="114.29501330553363"><ele>6.639501276498076</ele><time>2023-05-26T07:59:38Z</time></trkpt><trkpt lat="22.2567959191358" lon="114.29501316626313"><ele>6.566347781501922</ele><time>2023-05-26T07:59:40Z</time></trkpt><trkpt lat="22.25676760340527" lon="114.29502410740665"><ele>6.341222054996725</ele><time>2023-05-26T07:59:42Z</time></trkpt><trkpt lat="22.25674363043061" lon="114.29503881879917"><ele>5.982940671745287</ele><time>2023-05-26T07:59:44Z</time></trkpt><trkpt lat="22.256715231242264" lon="114.29506001763247"><ele>5.417434860039913</ele><time>2023-05-26T07:59:46Z</time></trkpt><trkpt lat="22.256698886440347" lon="114.29507262555649"><ele>5.143089042391121</ele><time>2023-05-26T07:59:48Z</time></trkpt><trkpt lat="22.256677044065484" lon="114.29509893460941"><ele>4.838427543818346</ele><time>2023-05-26T07:59:50Z</time></trkpt><trkpt lat="22.256655960526686" lon="114.29512416885633"><ele>4.463517310818428</ele><time>2023-05-26T07:59:52Z</time></trkpt><trkpt lat="22.25664348473506" lon="114.29514209868661"><ele>4.352542696972029</ele><time>2023-05-26T07:59:54Z</time></trkpt><trkpt lat="22.256621169533467" lon="114.29516126871883"><ele>3.9112531621233066</ele><time>2023-05-26T07:59:58Z</time></trkpt><trkpt lat="22.256601430004977" lon="114.29518433576337"><ele>4.144686880975377</ele><time>2023-05-26T08:00:02Z</time></trkpt><trkpt lat="22.25657499715503" lon="114.29521070912752"><ele>3.4690555993974637</ele><time>2023-05-26T08:00:06Z</time></trkpt><trkpt lat="22.256557729107318" lon="114.29522402609061"><ele>3.202245953164497</ele><time>2023-05-26T08:00:08Z</time></trkpt><trkpt lat="22.256539545127612" lon="114.29524037761905"><ele>2.9448855806776533</ele><time>2023-05-26T08:00:10Z</time></trkpt><trkpt lat="22.25652161292817" lon="114.29526034820802"><ele>2.5072018774575997</ele><time>2023-05-26T08:00:12Z</time></trkpt><trkpt lat="22.25650389742694" lon="114.29528623546325"><ele>1.9555524121352106</ele><time>2023-05-26T08:00:14Z</time></trkpt><trkpt lat="22.25649113640653" lon="114.29530710248254"><ele>1.4852727925683855</ele><time>2023-05-26T08:00:16Z</time></trkpt><trkpt lat="22.25648304856969" lon="114.29532735784535"><ele>0.9056135292607084</ele><time>2023-05-26T08:00:18Z</time></trkpt><trkpt lat="22.25646604008884" lon="114.29534376549807"><ele>-0.4443036373986077</ele><time>2023-05-26T08:00:30Z</time></trkpt><trkpt lat="22.256443187810245" lon="114.29534484465835"><ele>-0.6925370361886777</ele><time>2023-05-26T08:00:32Z</time></trkpt><trkpt lat="22.256418939702755" lon="114.29535003735664"><ele>-0.7346919955317607</ele><time>2023-05-26T08:00:34Z</time></trkpt><trkpt lat="22.25639702679434" lon="114.29536579507898"><ele>-0.8695327225691736</ele><time>2023-05-26T08:00:36Z</time></trkpt><trkpt lat="22.256376670554598" lon="114.29538055808999"><ele>-1.020144459065529</ele><time>2023-05-26T08:00:38Z</time></trkpt><trkpt lat="22.256358896873248" lon="114.2953867668136"><ele>-1.237346718178552</ele><time>2023-05-26T08:00:40Z</time></trkpt><trkpt lat="22.256335733072483" lon="114.295385903299"><ele>-1.3764793524601533</ele><time>2023-05-26T08:00:42Z</time></trkpt><trkpt lat="22.256317600509764" lon="114.29537978215612"><ele>-1.115462668901559</ele><time>2023-05-26T08:00:44Z</time></trkpt><trkpt lat="22.25629063731761" lon="114.295373929408"><ele>-1.1447273529866917</ele><time>2023-05-26T08:00:46Z</time></trkpt><trkpt lat="22.256265432788588" lon="114.29537437868565"><ele>-1.5204731536362293</ele><time>2023-05-26T08:00:48Z</time></trkpt><trkpt lat="22.256235190817595" lon="114.295377925293"><ele>-1.7558439345179755</ele><time>2023-05-26T08:00:52Z</time></trkpt><trkpt lat="22.256214091979096" lon="114.29538080073239"><ele>-1.9428825598701316</ele><time>2023-05-26T08:00:54Z</time></trkpt><trkpt lat="22.256232553710003" lon="114.29539052914645"><ele>-2.9697222468075437</ele><time>2023-05-26T08:01:02Z</time></trkpt><trkpt lat="22.256211350638402" lon="114.29538076545575"><ele>-3.3904362575852662</ele><time>2023-05-26T08:01:06Z</time></trkpt><trkpt lat="22.256182584153233" lon="114.2953820347185"><ele>-3.0988034512958893</ele><time>2023-05-26T08:01:08Z</time></trkpt><trkpt lat="22.256155451089676" lon="114.29538186348115"><ele>-2.8091425538763826</ele><time>2023-05-26T08:01:10Z</time></trkpt><trkpt lat="22.256130531350816" lon="114.29538137093536"><ele>-2.570117382980163</ele><time>2023-05-26T08:01:12Z</time></trkpt><trkpt lat="22.256110097953336" lon="114.29538432705183"><ele>-2.7046808616705524</ele><time>2023-05-26T08:01:14Z</time></trkpt><trkpt lat="22.256081221091165" lon="114.29539477131391"><ele>-2.1826455892228176</ele><time>2023-05-26T08:01:18Z</time></trkpt><trkpt lat="22.256069767999517" lon="114.29541091834142"><ele>-1.6670024406212636</ele><time>2023-05-26T08:01:20Z</time></trkpt><trkpt lat="22.25605676922035" lon="114.29542551042674"><ele>-1.2767536224511122</ele><time>2023-05-26T08:01:22Z</time></trkpt><trkpt lat="22.2560437619673" lon="114.29544798868551"><ele>0.15131026853470964</ele><time>2023-05-26T08:01:26Z</time></trkpt><trkpt lat="22.256016651630134" lon="114.29544474003679"><ele>-0.5860432475318129</ele><time>2023-05-26T08:01:30Z</time></trkpt><trkpt lat="22.256001068455358" lon="114.2954645087162"><ele>-0.6834443148449183</ele><time>2023-05-26T08:01:34Z</time></trkpt><trkpt lat="22.25596203222791" lon="114.29547869353931"><ele>-0.2225664912893914</ele><time>2023-05-26T08:01:50Z</time></trkpt><trkpt lat="22.255938919774" lon="114.29548306070562"><ele>-0.16624014596685532</ele><time>2023-05-26T08:01:52Z</time></trkpt><trkpt lat="22.255915231622513" lon="114.29549023387644"><ele>-0.11680768291704573</ele><time>2023-05-26T08:01:54Z</time></trkpt><trkpt lat="22.255879913003902" lon="114.29550651545507"><ele>0.13517212532635953</ele><time>2023-05-26T08:01:58Z</time></trkpt><trkpt lat="22.2558561022008" lon="114.29552408895474"><ele>0.38683598353569154</ele><time>2023-05-26T08:02:00Z</time></trkpt><trkpt lat="22.25584101687506" lon="114.29554461163511"><ele>0.6558762074453335</ele><time>2023-05-26T08:02:02Z</time></trkpt><trkpt lat="22.25582398252219" lon="114.29556176452292"><ele>0.8541038868407883</ele><time>2023-05-26T08:02:04Z</time></trkpt><trkpt lat="22.25579665082061" lon="114.2955777619808"><ele>0.9363661691139704</ele><time>2023-05-26T08:02:08Z</time></trkpt><trkpt lat="22.255783523010855" lon="114.29559304437959"><ele>1.0842531385901868</ele><time>2023-05-26T08:02:10Z</time></trkpt><trkpt lat="22.255759711848924" lon="114.29562094244693"><ele>1.4321693501905035</ele><time>2023-05-26T08:02:14Z</time></trkpt><trkpt lat="22.25574451429707" lon="114.29564110119668"><ele>1.7290582519476079</ele><time>2023-05-26T08:02:16Z</time></trkpt><trkpt lat="22.255728473377125" lon="114.29565212701475"><ele>2.0266315430240067</ele><time>2023-05-26T08:02:18Z</time></trkpt><trkpt lat="22.255707754717523" lon="114.2956726107197"><ele>2.303309295916378</ele><time>2023-05-26T08:02:20Z</time></trkpt><trkpt lat="22.255695134191328" lon="114.29570081815079"><ele>2.514664590088821</ele><time>2023-05-26T08:02:22Z</time></trkpt><trkpt lat="22.255676751048817" lon="114.29571941334557"><ele>2.7786441245865685</ele><time>2023-05-26T08:02:24Z</time></trkpt><trkpt lat="22.255655345038758" lon="114.29574303668714"><ele>3.9123172010647753</ele><time>2023-05-26T08:02:28Z</time></trkpt><trkpt lat="22.25564864099818" lon="114.29576671487278"><ele>5.563396015120747</ele><time>2023-05-26T08:02:32Z</time></trkpt><trkpt lat="22.255657123489573" lon="114.2957848414069"><ele>6.006550088192352</ele><time>2023-05-26T08:02:34Z</time></trkpt><trkpt lat="22.255667124711632" lon="114.29580711674735"><ele>6.277628788659109</ele><time>2023-05-26T08:02:36Z</time></trkpt><trkpt lat="22.25568140909445" lon="114.29582356169907"><ele>7.141139756437711</ele><time>2023-05-26T08:02:40Z</time></trkpt><trkpt lat="22.255702114570262" lon="114.2958101950622"><ele>7.3927615060472744</ele><time>2023-05-26T08:02:42Z</time></trkpt><trkpt lat="22.25572379582766" lon="114.29583786677773"><ele>7.5840668323001506</ele><time>2023-05-26T08:02:48Z</time></trkpt><trkpt lat="22.255726872690925" lon="114.29586416988737"><ele>7.715668135683873</ele><time>2023-05-26T08:02:50Z</time></trkpt><trkpt lat="22.255732507538138" lon="114.29590771123564"><ele>7.647286720020344</ele><time>2023-05-26T08:02:54Z</time></trkpt><trkpt lat="22.255741828694994" lon="114.29592697985946"><ele>7.650475395218756</ele><time>2023-05-26T08:02:56Z</time></trkpt><trkpt lat="22.25573842604193" lon="114.29594718784872"><ele>7.889741770238734</ele><time>2023-05-26T08:02:58Z</time></trkpt><trkpt lat="22.25571234291548" lon="114.2959503191567"><ele>8.312673259994646</ele><time>2023-05-26T08:03:02Z</time></trkpt><trkpt lat="22.25568620016765" lon="114.29594319716966"><ele>8.895700487914832</ele><time>2023-05-26T08:03:14Z</time></trkpt><trkpt lat="22.255660891596307" lon="114.29592333188099"><ele>9.01875021544166</ele><time>2023-05-26T08:03:18Z</time></trkpt><trkpt lat="22.255631155030148" lon="114.29593922715758"><ele>8.565796038799299</ele><time>2023-05-26T08:03:22Z</time></trkpt><trkpt lat="22.255618098091347" lon="114.2959233561499"><ele>8.68061663108162</ele><time>2023-05-26T08:03:26Z</time></trkpt><trkpt lat="22.255612035658125" lon="114.29589431304852"><ele>8.68610466772265</ele><time>2023-05-26T08:03:28Z</time></trkpt><trkpt lat="22.255600743005196" lon="114.29586979859054"><ele>8.859094380987884</ele><time>2023-05-26T08:03:30Z</time></trkpt><trkpt lat="22.255578609473517" lon="114.29584622181036"><ele>8.955977291606771</ele><time>2023-05-26T08:03:32Z</time></trkpt><trkpt lat="22.25555693401024" lon="114.2958257147556"><ele>8.715215805676648</ele><time>2023-05-26T08:03:34Z</time></trkpt><trkpt lat="22.255525383024217" lon="114.2958099463746"><ele>8.289908491482166</ele><time>2023-05-26T08:03:38Z</time></trkpt><trkpt lat="22.25551044240445" lon="114.29579728819319"><ele>8.298553163165861</ele><time>2023-05-26T08:03:40Z</time></trkpt><trkpt lat="22.25550021606418" lon="114.29578118512906"><ele>8.245429605061393</ele><time>2023-05-26T08:03:42Z</time></trkpt><trkpt lat="22.25547771509032" lon="114.29575875798915"><ele>8.159270465525614</ele><time>2023-05-26T08:03:46Z</time></trkpt><trkpt lat="22.255484488691522" lon="114.29573505416109"><ele>8.506377494666898</ele><time>2023-05-26T08:03:50Z</time></trkpt><trkpt lat="22.255505799599412" lon="114.29575196930337"><ele>8.654738816909196</ele><time>2023-05-26T08:03:54Z</time></trkpt><trkpt lat="22.255523780755205" lon="114.29579023836776"><ele>8.787176857928422</ele><time>2023-05-26T08:03:58Z</time></trkpt><trkpt lat="22.25552779054778" lon="114.2958148789438"><ele>8.91499345390414</ele><time>2023-05-26T08:04:00Z</time></trkpt><trkpt lat="22.25553079541011" lon="114.29585068900305"><ele>9.03839163855833</ele><time>2023-05-26T08:04:04Z</time></trkpt><trkpt lat="22.2555375825594" lon="114.29587283350148"><ele>9.01809179492836</ele><time>2023-05-26T08:04:06Z</time></trkpt><trkpt lat="22.25555048481821" lon="114.2958913462499"><ele>8.774874425706534</ele><time>2023-05-26T08:04:08Z</time></trkpt><trkpt lat="22.25555338496181" lon="114.29592989758804"><ele>9.013031508454453</ele><time>2023-05-26T08:04:12Z</time></trkpt><trkpt lat="22.255562242624283" lon="114.29596687552323"><ele>8.922275297253549</ele><time>2023-05-26T08:04:16Z</time></trkpt><trkpt lat="22.255564709240097" lon="114.29598893183282"><ele>8.595838987557386</ele><time>2023-05-26T08:04:18Z</time></trkpt><trkpt lat="22.25556575743578" lon="114.29601229742318"><ele>8.17831646705319</ele><time>2023-05-26T08:04:20Z</time></trkpt><trkpt lat="22.255567409591983" lon="114.29603276565548"><ele>7.7586512519121404</ele><time>2023-05-26T08:04:22Z</time></trkpt><trkpt lat="22.255572561191" lon="114.29606514321408"><ele>7.404078317312293</ele><time>2023-05-26T08:04:26Z</time></trkpt><trkpt lat="22.255600608121608" lon="114.29607297629666"><ele>6.998734746237386</ele><time>2023-05-26T08:04:28Z</time></trkpt><trkpt lat="22.25564096165388" lon="114.29607678274562"><ele>6.792994819398939</ele><time>2023-05-26T08:04:30Z</time></trkpt><trkpt lat="22.25566554394445" lon="114.29607921999836"><ele>6.696433848020084</ele><time>2023-05-26T08:04:32Z</time></trkpt><trkpt lat="22.255686777131363" lon="114.2960858388812"><ele>6.545583993342974</ele><time>2023-05-26T08:04:34Z</time></trkpt><trkpt lat="22.255707372510994" lon="114.29609769030665"><ele>6.546242524160863</ele><time>2023-05-26T08:04:36Z</time></trkpt><trkpt lat="22.25573165668218" lon="114.29610391292506"><ele>6.306430318659744</ele><time>2023-05-26T08:04:40Z</time></trkpt><trkpt lat="22.255710292491578" lon="114.2961048399009"><ele>7.571384666534671</ele><time>2023-05-26T08:04:54Z</time></trkpt><trkpt lat="22.255692368878258" lon="114.29609020079285"><ele>8.373652769009267</ele><time>2023-05-26T08:05:48Z</time></trkpt><trkpt lat="22.255670858837526" lon="114.29606668650956"><ele>8.625140573840833</ele><time>2023-05-26T08:05:52Z</time></trkpt><trkpt lat="22.255662351425748" lon="114.29604354194012"><ele>8.759086726109222</ele><time>2023-05-26T08:05:54Z</time></trkpt><trkpt lat="22.255625474569683" lon="114.29605011952027"><ele>8.642073489526265</ele><time>2023-05-26T08:05:58Z</time></trkpt><trkpt lat="22.255590694522468" lon="114.29606461168876"><ele>8.36383758557988</ele><time>2023-05-26T08:06:00Z</time></trkpt><trkpt lat="22.255570649945057" lon="114.2960747662233"><ele>8.090729300764588</ele><time>2023-05-26T08:06:02Z</time></trkpt><trkpt lat="22.255552409683247" lon="114.29610558755935"><ele>8.088485737865666</ele><time>2023-05-26T08:06:06Z</time></trkpt><trkpt lat="22.25554682726259" lon="114.29613407933886"><ele>8.614271627434906</ele><time>2023-05-26T08:06:10Z</time></trkpt><trkpt lat="22.255550557695084" lon="114.29615883006325"><ele>8.613448986930036</ele><time>2023-05-26T08:06:14Z</time></trkpt><trkpt lat="22.255545500249735" lon="114.29618877414993"><ele>8.411323685206671</ele><time>2023-05-26T08:06:18Z</time></trkpt><trkpt lat="22.255525562489826" lon="114.29622173"><ele>8.182118765173163</ele><time>2023-05-26T08:06:22Z</time></trkpt><trkpt lat="22.255516063163828" lon="114.29624558775072"><ele>8.237446730809124</ele><time>2023-05-26T08:06:24Z</time></trkpt><trkpt lat="22.255518272534278" lon="114.29627161195867"><ele>8.152400063549416</ele><time>2023-05-26T08:06:26Z</time></trkpt><trkpt lat="22.255524659715242" lon="114.29629598026705"><ele>7.910934536736551</ele><time>2023-05-26T08:06:28Z</time></trkpt><trkpt lat="22.255524241361307" lon="114.29631844440352"><ele>7.927562957811327</ele><time>2023-05-26T08:06:30Z</time></trkpt><trkpt lat="22.255525217103475" lon="114.2963574929033"><ele>7.684446496678417</ele><time>2023-05-26T08:06:34Z</time></trkpt><trkpt lat="22.255526710899638" lon="114.29637808762737"><ele>7.6518958099587575</ele><time>2023-05-26T08:06:36Z</time></trkpt><trkpt lat="22.255526370341805" lon="114.2964048405304"><ele>8.01315180702953</ele><time>2023-05-26T08:06:40Z</time></trkpt><trkpt lat="22.255530271319287" lon="114.29643530037202"><ele>8.02448629242593</ele><time>2023-05-26T08:06:46Z</time></trkpt><trkpt lat="22.255537516941747" lon="114.29645780682961"><ele>7.954469711557767</ele><time>2023-05-26T08:06:48Z</time></trkpt><trkpt lat="22.255544829351006" lon="114.29648653578171"><ele>7.990084890939611</ele><time>2023-05-26T08:06:50Z</time></trkpt><trkpt lat="22.25554187823138" lon="114.29651573433942"><ele>8.27436784963195</ele><time>2023-05-26T08:06:54Z</time></trkpt><trkpt lat="22.25552648355382" lon="114.29652885989266"><ele>8.252077384468068</ele><time>2023-05-26T08:06:56Z</time></trkpt><trkpt lat="22.25549611850014" lon="114.29653736109462"><ele>8.030275174428333</ele><time>2023-05-26T08:07:00Z</time></trkpt><trkpt lat="22.255467094245184" lon="114.29654103454583"><ele>8.224837158843455</ele><time>2023-05-26T08:07:04Z</time></trkpt><trkpt lat="22.25543770917506" lon="114.29654525317407"><ele>7.877824218716964</ele><time>2023-05-26T08:07:08Z</time></trkpt><trkpt lat="22.255414724151883" lon="114.29656728782012"><ele>7.711646164049378</ele><time>2023-05-26T08:07:12Z</time></trkpt><trkpt lat="22.255401874205777" lon="114.29658407600333"><ele>7.891291529070445</ele><time>2023-05-26T08:07:14Z</time></trkpt><trkpt lat="22.255382671091844" lon="114.29660794262237"><ele>8.116134921547296</ele><time>2023-05-26T08:07:18Z</time></trkpt><trkpt lat="22.255348770761085" lon="114.29662340600505"><ele>8.507310199070492</ele><time>2023-05-26T08:07:22Z</time></trkpt><trkpt lat="22.255337649427233" lon="114.29664011266186"><ele>8.65757559338263</ele><time>2023-05-26T08:07:24Z</time></trkpt><trkpt lat="22.25535466305979" lon="114.29664724794362"><ele>9.456950396075175</ele><time>2023-05-26T08:07:30Z</time></trkpt><trkpt lat="22.255334025223508" lon="114.29666876659694"><ele>9.929501698661632</ele><time>2023-05-26T08:07:36Z</time></trkpt><trkpt lat="22.25530954201753" lon="114.29668794066501"><ele>9.827691371849955</ele><time>2023-05-26T08:07:40Z</time></trkpt><trkpt lat="22.255295924163796" lon="114.2967289172015"><ele>10.029744410033402</ele><time>2023-05-26T08:07:42Z</time></trkpt><trkpt lat="22.255273734724113" lon="114.29675906000044"><ele>10.33828145421682</ele><time>2023-05-26T08:07:44Z</time></trkpt><trkpt lat="22.25525010291896" lon="114.29677653091207"><ele>10.942767912495414</ele><time>2023-05-26T08:07:46Z</time></trkpt><trkpt lat="22.255227404763772" lon="114.29678752693854"><ele>11.50659001104806</ele><time>2023-05-26T08:07:48Z</time></trkpt><trkpt lat="22.25520804891906" lon="114.2967933305703"><ele>12.123770730786953</ele><time>2023-05-26T08:07:50Z</time></trkpt><trkpt lat="22.255175870871646" lon="114.29680779413103"><ele>13.535902870604579</ele><time>2023-05-26T08:07:54Z</time></trkpt><trkpt lat="22.255149713915017" lon="114.2968146874318"><ele>14.838218372701277</ele><time>2023-05-26T08:07:58Z</time></trkpt><trkpt lat="22.25517125570329" lon="114.2968137665271"><ele>15.67878270996063</ele><time>2023-05-26T08:08:04Z</time></trkpt><trkpt lat="22.255216705114314" lon="114.29679642604933"><ele>15.068205164411664</ele><time>2023-05-26T08:08:08Z</time></trkpt><trkpt lat="22.255247481679064" lon="114.29678051100474"><ele>14.910728690975345</ele><time>2023-05-26T08:08:10Z</time></trkpt><trkpt lat="22.255268850890097" lon="114.2967645990138"><ele>14.704872318212214</ele><time>2023-05-26T08:08:12Z</time></trkpt><trkpt lat="22.255289519656102" lon="114.29674756294503"><ele>14.790246925706148</ele><time>2023-05-26T08:08:14Z</time></trkpt><trkpt lat="22.255315495819584" lon="114.2967212044144"><ele>14.779955496499307</ele><time>2023-05-26T08:08:16Z</time></trkpt><trkpt lat="22.25532989076954" lon="114.296700235101"><ele>14.758061489790427</ele><time>2023-05-26T08:08:18Z</time></trkpt><trkpt lat="22.25533063930577" lon="114.29667760941119"><ele>14.712122044371183</ele><time>2023-05-26T08:08:20Z</time></trkpt><trkpt lat="22.255324406001936" lon="114.2966567266019"><ele>14.755240145311994</ele><time>2023-05-26T08:08:22Z</time></trkpt><trkpt lat="22.25530912051701" lon="114.29663385799813"><ele>14.91455030342586</ele><time>2023-05-26T08:08:24Z</time></trkpt><trkpt lat="22.255289194275747" lon="114.29661284196551"><ele>14.432608155289511</ele><time>2023-05-26T08:08:26Z</time></trkpt><trkpt lat="22.255269169669326" lon="114.2965992403056"><ele>14.138849805971168</ele><time>2023-05-26T08:08:28Z</time></trkpt><trkpt lat="22.255253099843827" lon="114.29658384855365"><ele>13.736721426430861</ele><time>2023-05-26T08:08:30Z</time></trkpt><trkpt lat="22.25522904748043" lon="114.29656508203247"><ele>13.52324206589482</ele><time>2023-05-26T08:08:34Z</time></trkpt><trkpt lat="22.25522192859465" lon="114.296539002706"><ele>13.070710737297022</ele><time>2023-05-26T08:08:40Z</time></trkpt><trkpt lat="22.255239324427208" lon="114.2965454623694"><ele>12.374406047321242</ele><time>2023-05-26T08:08:46Z</time></trkpt><trkpt lat="22.255223897039507" lon="114.29658537323884"><ele>11.483338445906416</ele><time>2023-05-26T08:09:00Z</time></trkpt><trkpt lat="22.255274997121074" lon="114.29661878975588"><ele>10.81837254353549</ele><time>2023-05-26T08:09:02Z</time></trkpt><trkpt lat="22.255307741618182" lon="114.29664926504542"><ele>11.31041203605596</ele><time>2023-05-26T08:09:04Z</time></trkpt><trkpt lat="22.25532687973111" lon="114.29664491817178"><ele>12.96490288829168</ele><time>2023-05-26T08:09:06Z</time></trkpt><trkpt lat="22.25535667941282" lon="114.29664756955911"><ele>13.257727783222162</ele><time>2023-05-26T08:09:10Z</time></trkpt><trkpt lat="22.255366883421328" lon="114.29668047645445"><ele>13.722858857791463</ele><time>2023-05-26T08:09:14Z</time></trkpt><trkpt lat="22.255358604233557" lon="114.29671175136588"><ele>14.046431511205128</ele><time>2023-05-26T08:09:18Z</time></trkpt><trkpt lat="22.255338028117254" lon="114.29673455781966"><ele>14.310606825388305</ele><time>2023-05-26T08:09:22Z</time></trkpt><trkpt lat="22.255309315005746" lon="114.29674613727089"><ele>13.742023259373063</ele><time>2023-05-26T08:09:26Z</time></trkpt><trkpt lat="22.255291204580878" lon="114.29676007654751"><ele>13.786929689676297</ele><time>2023-05-26T08:09:28Z</time></trkpt><trkpt lat="22.2552675979468" lon="114.29677324009562"><ele>13.769016834046935</ele><time>2023-05-26T08:09:30Z</time></trkpt><trkpt lat="22.255244327706937" lon="114.29677888515337"><ele>13.957265749070103</ele><time>2023-05-26T08:09:32Z</time></trkpt><trkpt lat="22.255226332275598" lon="114.29678065329635"><ele>13.774693983163218</ele><time>2023-05-26T08:09:34Z</time></trkpt><trkpt lat="22.255209674237424" lon="114.29678934559469"><ele>13.98516274604981</ele><time>2023-05-26T08:09:36Z</time></trkpt><trkpt lat="22.255180858833732" lon="114.29679968950354"><ele>14.511079690586085</ele><time>2023-05-26T08:09:40Z</time></trkpt><trkpt lat="22.25516335112024" lon="114.29680435393402"><ele>14.792223486562845</ele><time>2023-05-26T08:09:42Z</time></trkpt><trkpt lat="22.255140842814086" lon="114.2968112051095"><ele>15.162996507820605</ele><time>2023-05-26T08:09:46Z</time></trkpt><trkpt lat="22.25512089038074" lon="114.2968192115364"><ele>15.080154841460267</ele><time>2023-05-26T08:09:52Z</time></trkpt><trkpt lat="22.255100607546378" lon="114.29683327543623"><ele>16.336883863479763</ele><time>2023-05-26T08:10:04Z</time></trkpt><trkpt lat="22.25511860553082" lon="114.29683226216981"><ele>16.41355671250404</ele><time>2023-05-26T08:10:18Z</time></trkpt><trkpt lat="22.255135536938926" lon="114.29681556266269"><ele>16.155539802431722</ele><time>2023-05-26T08:10:22Z</time></trkpt><trkpt lat="22.255152604190624" lon="114.29680273434481"><ele>15.976975777583041</ele><time>2023-05-26T08:10:24Z</time></trkpt><trkpt lat="22.255180550240645" lon="114.29679825363175"><ele>15.780267004640955</ele><time>2023-05-26T08:10:28Z</time></trkpt><trkpt lat="22.25520280925145" lon="114.29680733929408"><ele>15.009898658552498</ele><time>2023-05-26T08:10:32Z</time></trkpt><trkpt lat="22.255205151002702" lon="114.29682960977661"><ele>15.160370201057379</ele><time>2023-05-26T08:10:34Z</time></trkpt><trkpt lat="22.255212463595626" lon="114.29685994323582"><ele>15.170780634178731</ele><time>2023-05-26T08:10:36Z</time></trkpt><trkpt lat="22.2552164189174" lon="114.2968818820776"><ele>15.269545589577499</ele><time>2023-05-26T08:10:38Z</time></trkpt><trkpt lat="22.2552158079847" lon="114.29690148432303"><ele>15.048949753054247</ele><time>2023-05-26T08:10:40Z</time></trkpt><trkpt lat="22.25522080930548" lon="114.29692188309255"><ele>14.50243562225388</ele><time>2023-05-26T08:10:42Z</time></trkpt><trkpt lat="22.255212050955304" lon="114.29694439393717"><ele>14.381526177310386</ele><time>2023-05-26T08:10:46Z</time></trkpt><trkpt lat="22.255176806260625" lon="114.29694951568446"><ele>13.752539302246438</ele><time>2023-05-26T08:10:50Z</time></trkpt><trkpt lat="22.255141986729893" lon="114.29695437172083"><ele>13.504897021363993</ele><time>2023-05-26T08:10:54Z</time></trkpt><trkpt lat="22.25512355895577" lon="114.29696467839334"><ele>13.436071212281709</ele><time>2023-05-26T08:10:56Z</time></trkpt><trkpt lat="22.255106102211002" lon="114.29697582073236"><ele>13.29309155600065</ele><time>2023-05-26T08:10:58Z</time></trkpt><trkpt lat="22.255082309651513" lon="114.29700307737554"><ele>13.06121730545187</ele><time>2023-05-26T08:11:02Z</time></trkpt><trkpt lat="22.255069011702034" lon="114.29701979086794"><ele>13.260543054927894</ele><time>2023-05-26T08:11:04Z</time></trkpt><trkpt lat="22.255053787900128" lon="114.29703696318649"><ele>13.431408816496075</ele><time>2023-05-26T08:11:06Z</time></trkpt><trkpt lat="22.255039781887458" lon="114.29705197527362"><ele>13.593504991117909</ele><time>2023-05-26T08:11:08Z</time></trkpt><trkpt lat="22.25502621914137" lon="114.29706935535155"><ele>13.752275750422083</ele><time>2023-05-26T08:11:10Z</time></trkpt><trkpt lat="22.25501739364731" lon="114.29709096781944"><ele>14.073717874746135</ele><time>2023-05-26T08:11:12Z</time></trkpt><trkpt lat="22.254992848609806" lon="114.29711604365447"><ele>14.668470741129243</ele><time>2023-05-26T08:11:16Z</time></trkpt><trkpt lat="22.254974783740714" lon="114.29714080654203"><ele>14.722953016368548</ele><time>2023-05-26T08:11:20Z</time></trkpt><trkpt lat="22.254957329342272" lon="114.29716609213095"><ele>14.729387034636447</ele><time>2023-05-26T08:11:24Z</time></trkpt><trkpt lat="22.254946943658144" lon="114.29718320624913"><ele>14.710240832134192</ele><time>2023-05-26T08:11:26Z</time></trkpt><trkpt lat="22.254935937617553" lon="114.29720076532074"><ele>14.943538907544921</ele><time>2023-05-26T08:11:28Z</time></trkpt><trkpt lat="22.25491973987453" lon="114.29722587118034"><ele>15.867564978005609</ele><time>2023-05-26T08:11:32Z</time></trkpt><trkpt lat="22.25492334361369" lon="114.29726333496535"><ele>16.458714077241137</ele><time>2023-05-26T08:11:36Z</time></trkpt><trkpt lat="22.25494975866252" lon="114.29728739086498"><ele>18.15917183444349</ele><time>2023-05-26T08:11:40Z</time></trkpt><trkpt lat="22.254935477634152" lon="114.29726874112696"><ele>20.487190838326907</ele><time>2023-05-26T08:11:48Z</time></trkpt><trkpt lat="22.254914656810556" lon="114.29726900115797"><ele>20.545632749871547</ele><time>2023-05-26T08:11:52Z</time></trkpt><trkpt lat="22.254898045310238" lon="114.29729688843533"><ele>20.872629623983755</ele><time>2023-05-26T08:11:56Z</time></trkpt><trkpt lat="22.254890595541568" lon="114.29733353031185"><ele>20.742696920907193</ele><time>2023-05-26T08:12:00Z</time></trkpt><trkpt lat="22.254885006914737" lon="114.29735761859163"><ele>20.438139294046994</ele><time>2023-05-26T08:12:02Z</time></trkpt><trkpt lat="22.25488536443943" lon="114.29737929692125"><ele>20.463830965951328</ele><time>2023-05-26T08:12:04Z</time></trkpt><trkpt lat="22.254903539406037" lon="114.29738199818547"><ele>20.40396224160014</ele><time>2023-05-26T08:12:08Z</time></trkpt><trkpt lat="22.254883176407528" lon="114.29738201453105"><ele>21.795002974176732</ele><time>2023-05-26T08:12:16Z</time></trkpt><trkpt lat="22.254871366759946" lon="114.2973991747702"><ele>22.03485571358715</ele><time>2023-05-26T08:12:20Z</time></trkpt><trkpt lat="22.254852172386023" lon="114.29739646903025"><ele>23.181577273117302</ele><time>2023-05-26T08:12:50Z</time></trkpt><trkpt lat="22.254878507198523" lon="114.29738611264305"><ele>23.34971487751911</ele><time>2023-05-26T08:13:10Z</time></trkpt><trkpt lat="22.254858137629117" lon="114.29738530562281"><ele>23.451406600805115</ele><time>2023-05-26T08:15:26Z</time></trkpt><trkpt lat="22.254874279950332" lon="114.29736759289543"><ele>22.956052914870217</ele><time>2023-05-26T08:16:56Z</time></trkpt><trkpt lat="22.254872622331916" lon="114.29734488995989"><ele>22.714750987010593</ele><time>2023-05-26T08:17:08Z</time></trkpt><trkpt lat="22.254894700010965" lon="114.29735696901737"><ele>21.76081680563875</ele><time>2023-05-26T08:17:14Z</time></trkpt><trkpt lat="22.254884349350768" lon="114.29732781221308"><ele>21.49198857095139</ele><time>2023-05-26T08:17:42Z</time></trkpt><trkpt lat="22.25486479510383" lon="114.29730719613767"><ele>22.06197595847518</ele><time>2023-05-26T08:17:46Z</time></trkpt><trkpt lat="22.254879666019743" lon="114.29731965787589"><ele>22.845191859340645</ele><time>2023-05-26T08:18:10Z</time></trkpt><trkpt lat="22.254877978605847" lon="114.29733977317055"><ele>22.897488056900887</ele><time>2023-05-26T08:18:12Z</time></trkpt><trkpt lat="22.254886828159695" lon="114.29736330698337"><ele>22.112396609656177</ele><time>2023-05-26T08:18:16Z</time></trkpt><trkpt lat="22.25489736517054" lon="114.29737934563056"><ele>21.636336286477594</ele><time>2023-05-26T08:18:18Z</time></trkpt><trkpt lat="22.25491641173265" lon="114.2973730432859"><ele>21.498886976447125</ele><time>2023-05-26T08:18:24Z</time></trkpt><trkpt lat="22.25493836315037" lon="114.2973819149817"><ele>21.596113539244755</ele><time>2023-05-26T08:18:42Z</time></trkpt><trkpt lat="22.254964953022835" lon="114.29739864770379"><ele>21.389434887301867</ele><time>2023-05-26T08:18:50Z</time></trkpt><trkpt lat="22.25498452554836" lon="114.29738311165843"><ele>21.887005443182</ele><time>2023-05-26T08:18:56Z</time></trkpt><trkpt lat="22.25500588365174" lon="114.2973815995865"><ele>21.400364387202924</ele><time>2023-05-26T08:19:12Z</time></trkpt><trkpt lat="22.25500662676892" lon="114.29740399555597"><ele>20.61269018413659</ele><time>2023-05-26T08:19:18Z</time></trkpt><trkpt lat="22.255019828852934" lon="114.29741852130076"><ele>20.267855660427838</ele><time>2023-05-26T08:19:28Z</time></trkpt><trkpt lat="22.255020195234767" lon="114.29743995329783"><ele>19.98573906559352</ele><time>2023-05-26T08:19:34Z</time></trkpt><trkpt lat="22.255017161693424" lon="114.29746189847513"><ele>19.931173358809193</ele><time>2023-05-26T08:19:36Z</time></trkpt><trkpt lat="22.254994052623815" lon="114.29747384680441"><ele>19.450394646425533</ele><time>2023-05-26T08:19:40Z</time></trkpt><trkpt lat="22.254994914664366" lon="114.29750203784342"><ele>17.079525588544723</ele><time>2023-05-26T08:20:52Z</time></trkpt><trkpt lat="22.255017871274248" lon="114.29751044973861"><ele>16.764594161743386</ele><time>2023-05-26T08:21:14Z</time></trkpt><trkpt lat="22.254998994579395" lon="114.29751309403939"><ele>16.789855435454097</ele><time>2023-05-26T08:21:36Z</time></trkpt></trkseg><trkseg><trkpt lat="22.255007523555424" lon="114.29749338279659"><ele>15.73113161349187</ele><time>2023-05-26T08:41:48Z</time></trkpt><trkpt lat="22.2549926690475" lon="114.29747669853597"><ele>16.16182965897442</ele><time>2023-05-26T08:42:06Z</time></trkpt><trkpt lat="22.25498335093863" lon="114.29745147679333"><ele>17.017598084482916</ele><time>2023-05-26T08:42:10Z</time></trkpt><trkpt lat="22.25499305421973" lon="114.29742967616536"><ele>17.33968921943495</ele><time>2023-05-26T08:42:12Z</time></trkpt><trkpt lat="22.25500797743929" lon="114.29741237569075"><ele>17.734804623985163</ele><time>2023-05-26T08:42:16Z</time></trkpt><trkpt lat="22.255009299926368" lon="114.29739076944269"><ele>17.900272533064147</ele><time>2023-05-26T08:42:20Z</time></trkpt><trkpt lat="22.255030336015007" lon="114.2973728934953"><ele>18.57103946698673</ele><time>2023-05-26T08:42:26Z</time></trkpt><trkpt lat="22.255008630078667" lon="114.29736484580009"><ele>18.668142586866935</ele><time>2023-05-26T08:42:32Z</time></trkpt><trkpt lat="22.255001007801138" lon="114.29738336740688"><ele>18.378653788285302</ele><time>2023-05-26T08:42:34Z</time></trkpt><trkpt lat="22.254988120735582" lon="114.29739859775144"><ele>17.945094655685615</ele><time>2023-05-26T08:42:38Z</time></trkpt><trkpt lat="22.25496852472878" lon="114.29740475449267"><ele>17.64463696111033</ele><time>2023-05-26T08:42:44Z</time></trkpt><trkpt lat="22.25494469757063" lon="114.29740768201319"><ele>18.26453678582213</ele><time>2023-05-26T08:42:50Z</time></trkpt><trkpt lat="22.254928012800722" lon="114.29739282503287"><ele>20.042335886810637</ele><time>2023-05-26T08:42:56Z</time></trkpt><trkpt lat="22.25492243436438" lon="114.29736786256291"><ele>20.76727527635392</ele><time>2023-05-26T08:42:58Z</time></trkpt><trkpt lat="22.254910710435023" lon="114.29734816542111"><ele>21.58325778852227</ele><time>2023-05-26T08:43:02Z</time></trkpt><trkpt lat="22.2548921914089" lon="114.29733834320878"><ele>22.242914909583178</ele><time>2023-05-26T08:43:06Z</time></trkpt><trkpt lat="22.25487752215427" lon="114.29732086591922"><ele>23.593062595357456</ele><time>2023-05-26T08:43:12Z</time></trkpt><trkpt lat="22.25486450620092" lon="114.29730064175355"><ele>23.667177762339733</ele><time>2023-05-26T08:43:14Z</time></trkpt><trkpt lat="22.25487517250623" lon="114.29727399162398"><ele>23.76969701675151</ele><time>2023-05-26T08:43:18Z</time></trkpt><trkpt lat="22.254895799661053" lon="114.29728018781971"><ele>24.01684574828228</ele><time>2023-05-26T08:43:22Z</time></trkpt><trkpt lat="22.254922458837747" lon="114.29728074724989"><ele>24.57754976168862</ele><time>2023-05-26T08:43:26Z</time></trkpt><trkpt lat="22.25490535141502" lon="114.2972726457182"><ele>25.17784365460584</ele><time>2023-05-26T08:43:40Z</time></trkpt><trkpt lat="22.254888891633065" lon="114.29724738786592"><ele>25.14429090261166</ele><time>2023-05-26T08:43:56Z</time></trkpt><trkpt lat="22.254870360933296" lon="114.29723191586336"><ele>25.587447593864432</ele><time>2023-05-26T08:44:02Z</time></trkpt><trkpt lat="22.254863101159867" lon="114.29720705628657"><ele>25.74580830473973</ele><time>2023-05-26T08:44:06Z</time></trkpt><trkpt lat="22.254853697167558" lon="114.29718585012643"><ele>26.30984540417263</ele><time>2023-05-26T08:44:08Z</time></trkpt><trkpt lat="22.254849916733704" lon="114.29716460774267"><ele>26.337148956721965</ele><time>2023-05-26T08:44:10Z</time></trkpt><trkpt lat="22.25485583655348" lon="114.29714367581984"><ele>26.9506144804059</ele><time>2023-05-26T08:44:26Z</time></trkpt><trkpt lat="22.25488497626975" lon="114.29713837160845"><ele>27.950752786567644</ele><time>2023-05-26T08:44:50Z</time></trkpt><trkpt lat="22.254905621340964" lon="114.29714057122195"><ele>28.047162119615596</ele><time>2023-05-26T08:44:52Z</time></trkpt><trkpt lat="22.25493632267839" lon="114.29713125954314"><ele>28.309784481660497</ele><time>2023-05-26T08:44:54Z</time></trkpt><trkpt lat="22.254951284140432" lon="114.29711753975103"><ele>28.53720911308695</ele><time>2023-05-26T08:44:56Z</time></trkpt><trkpt lat="22.254974485183716" lon="114.29710605211764"><ele>28.345811109078472</ele><time>2023-05-26T08:45:00Z</time></trkpt><trkpt lat="22.254995270212884" lon="114.29709296007036"><ele>28.25089413467028</ele><time>2023-05-26T08:45:04Z</time></trkpt><trkpt lat="22.25500791338518" lon="114.29707701835916"><ele>28.303898138092794</ele><time>2023-05-26T08:45:06Z</time></trkpt><trkpt lat="22.255024216755903" lon="114.29705457746373"><ele>27.798346561798088</ele><time>2023-05-26T08:45:08Z</time></trkpt><trkpt lat="22.25503924145685" lon="114.29704045364801"><ele>27.465798489250606</ele><time>2023-05-26T08:45:10Z</time></trkpt><trkpt lat="22.255053679501138" lon="114.29702115199329"><ele>27.12208951996155</ele><time>2023-05-26T08:45:12Z</time></trkpt><trkpt lat="22.25505751295711" lon="114.29700031815298"><ele>26.61536640376622</ele><time>2023-05-26T08:45:16Z</time></trkpt><trkpt lat="22.2550733288651" lon="114.29698004386798"><ele>26.304193190254434</ele><time>2023-05-26T08:45:20Z</time></trkpt><trkpt lat="22.255092604923846" lon="114.29697446372741"><ele>25.86733309948242</ele><time>2023-05-26T08:45:22Z</time></trkpt><trkpt lat="22.255110001248166" lon="114.2969672897835"><ele>25.77488490368301</ele><time>2023-05-26T08:45:24Z</time></trkpt><trkpt lat="22.25513854247718" lon="114.29695439064196"><ele>25.89332847472095</ele><time>2023-05-26T08:45:28Z</time></trkpt><trkpt lat="22.255162633917596" lon="114.2969489732196"><ele>25.09497821635138</ele><time>2023-05-26T08:45:32Z</time></trkpt><trkpt lat="22.25518844918871" lon="114.29694693471824"><ele>24.365817264808122</ele><time>2023-05-26T08:45:40Z</time></trkpt><trkpt lat="22.255209048982724" lon="114.29693324697693"><ele>23.993505748380393</ele><time>2023-05-26T08:45:44Z</time></trkpt><trkpt lat="22.255195534403125" lon="114.29690686527864"><ele>23.592790714122145</ele><time>2023-05-26T08:45:48Z</time></trkpt><trkpt lat="22.255188542324344" lon="114.29688095471217"><ele>23.77264285972428</ele><time>2023-05-26T08:45:52Z</time></trkpt><trkpt lat="22.255180566932797" lon="114.296853978353"><ele>24.1461264503549</ele><time>2023-05-26T08:45:56Z</time></trkpt><trkpt lat="22.25518505037343" lon="114.29682147521163"><ele>24.64299934925129</ele><time>2023-05-26T08:46:00Z</time></trkpt><trkpt lat="22.25519253381045" lon="114.29680367461386"><ele>24.888864181572966</ele><time>2023-05-26T08:46:02Z</time></trkpt><trkpt lat="22.255210067347196" lon="114.29677883002883"><ele>25.039179885016868</ele><time>2023-05-26T08:46:06Z</time></trkpt><trkpt lat="22.25522865852296" lon="114.29676631576996"><ele>24.97333753226308</ele><time>2023-05-26T08:46:08Z</time></trkpt><trkpt lat="22.25524731761568" lon="114.29675010570347"><ele>25.002630666551518</ele><time>2023-05-26T08:46:10Z</time></trkpt><trkpt lat="22.255261007903403" lon="114.29673495742757"><ele>24.851021391989775</ele><time>2023-05-26T08:46:12Z</time></trkpt><trkpt lat="22.25527053204891" lon="114.29671751487288"><ele>24.787276700931557</ele><time>2023-05-26T08:46:14Z</time></trkpt><trkpt lat="22.25528581479955" lon="114.29669613174745"><ele>24.66338970207529</ele><time>2023-05-26T08:46:18Z</time></trkpt><trkpt lat="22.255306307045423" lon="114.29667543555661"><ele>25.249709776647276</ele><time>2023-05-26T08:46:22Z</time></trkpt><trkpt lat="22.255317809870018" lon="114.29664723821162"><ele>25.573295037703236</ele><time>2023-05-26T08:46:26Z</time></trkpt><trkpt lat="22.25534174710038" lon="114.29662324944893"><ele>25.016860178707233</ele><time>2023-05-26T08:46:30Z</time></trkpt><trkpt lat="22.25535844255409" lon="114.29661498209104"><ele>24.680962231626538</ele><time>2023-05-26T08:46:32Z</time></trkpt><trkpt lat="22.25537614205515" lon="114.29658784907087"><ele>24.410299359102464</ele><time>2023-05-26T08:46:36Z</time></trkpt><trkpt lat="22.255390429895414" lon="114.29656559898555"><ele>24.383375302141385</ele><time>2023-05-26T08:46:40Z</time></trkpt><trkpt lat="22.255413741942366" lon="114.29655364674004"><ele>23.81253973991954</ele><time>2023-05-26T08:46:44Z</time></trkpt><trkpt lat="22.255445182175805" lon="114.2965321671466"><ele>22.650709514593906</ele><time>2023-05-26T08:46:48Z</time></trkpt><trkpt lat="22.255474128348336" lon="114.29652404059904"><ele>22.143892545566455</ele><time>2023-05-26T08:46:52Z</time></trkpt><trkpt lat="22.255498023372898" lon="114.29652582759432"><ele>21.42175404871449</ele><time>2023-05-26T08:46:56Z</time></trkpt><trkpt lat="22.25551455054369" lon="114.2965115346921"><ele>20.888711022402674</ele><time>2023-05-26T08:47:02Z</time></trkpt><trkpt lat="22.25552021998642" lon="114.29648673517728"><ele>20.210189210260182</ele><time>2023-05-26T08:47:06Z</time></trkpt><trkpt lat="22.255523664557035" lon="114.29646708527774"><ele>19.91490986333173</ele><time>2023-05-26T08:47:08Z</time></trkpt><trkpt lat="22.25552188311283" lon="114.29644280193378"><ele>19.33089145406252</ele><time>2023-05-26T08:47:10Z</time></trkpt><trkpt lat="22.255519936733478" lon="114.2964172636358"><ele>18.93806697963956</ele><time>2023-05-26T08:47:12Z</time></trkpt><trkpt lat="22.255516161959335" lon="114.29639220861183"><ele>18.578929842870984</ele><time>2023-05-26T08:47:14Z</time></trkpt><trkpt lat="22.255510427348767" lon="114.29636247394275"><ele>18.569563364771646</ele><time>2023-05-26T08:47:18Z</time></trkpt><trkpt lat="22.255504132140484" lon="114.29633324721287"><ele>18.14273635301584</ele><time>2023-05-26T08:47:22Z</time></trkpt><trkpt lat="22.255501150498066" lon="114.29629988573392"><ele>18.004230319657037</ele><time>2023-05-26T08:47:26Z</time></trkpt><trkpt lat="22.255500187964177" lon="114.29627599627284"><ele>18.000271307365608</ele><time>2023-05-26T08:47:28Z</time></trkpt><trkpt lat="22.255502087440448" lon="114.29624944187152"><ele>18.061036810592793</ele><time>2023-05-26T08:47:30Z</time></trkpt><trkpt lat="22.25550879772952" lon="114.29622496350129"><ele>18.364182258357598</ele><time>2023-05-26T08:47:32Z</time></trkpt><trkpt lat="22.25551735267127" lon="114.29619687300493"><ele>18.308698917703467</ele><time>2023-05-26T08:47:34Z</time></trkpt><trkpt lat="22.25552697036881" lon="114.29617491274949"><ele>18.022752450071238</ele><time>2023-05-26T08:47:36Z</time></trkpt><trkpt lat="22.25553495946165" lon="114.29615587492971"><ele>17.85332536455012</ele><time>2023-05-26T08:47:38Z</time></trkpt><trkpt lat="22.25553943362733" lon="114.29613127806554"><ele>17.30790259294629</ele><time>2023-05-26T08:47:40Z</time></trkpt><trkpt lat="22.255543634774888" lon="114.29610423081348"><ele>16.953879137008478</ele><time>2023-05-26T08:47:42Z</time></trkpt><trkpt lat="22.255548367281065" lon="114.29607696027915"><ele>16.754940617548456</ele><time>2023-05-26T08:47:44Z</time></trkpt><trkpt lat="22.25554547920309" lon="114.29604926215816"><ele>16.722955848890482</ele><time>2023-05-26T08:47:46Z</time></trkpt><trkpt lat="22.255534843723524" lon="114.29603055674639"><ele>16.564322551517588</ele><time>2023-05-26T08:47:48Z</time></trkpt><trkpt lat="22.255531368338925" lon="114.2960089121839"><ele>16.484574997118962</ele><time>2023-05-26T08:47:50Z</time></trkpt><trkpt lat="22.255534050143908" lon="114.2959858280298"><ele>16.429079892393283</ele><time>2023-05-26T08:47:52Z</time></trkpt><trkpt lat="22.255537170635694" lon="114.29596643182815"><ele>16.23085708052369</ele><time>2023-05-26T08:47:54Z</time></trkpt><trkpt lat="22.255541781624924" lon="114.29594458294814"><ele>16.091991901845603</ele><time>2023-05-26T08:47:56Z</time></trkpt><trkpt lat="22.255546458938653" lon="114.29592513570893"><ele>15.851262650026115</ele><time>2023-05-26T08:47:58Z</time></trkpt><trkpt lat="22.25555342862169" lon="114.29590629541515"><ele>15.876941131875057</ele><time>2023-05-26T08:48:00Z</time></trkpt><trkpt lat="22.25555850669468" lon="114.29588561749136"><ele>15.658238303309972</ele><time>2023-05-26T08:48:02Z</time></trkpt><trkpt lat="22.255566353885875" lon="114.29586760457391"><ele>15.397180761326899</ele><time>2023-05-26T08:48:04Z</time></trkpt><trkpt lat="22.255569963871896" lon="114.29584821526807"><ele>15.542441201537143</ele><time>2023-05-26T08:48:06Z</time></trkpt><trkpt lat="22.25557472581295" lon="114.2958279716098"><ele>15.497694521217005</ele><time>2023-05-26T08:48:08Z</time></trkpt><trkpt lat="22.25559105205107" lon="114.29579955991204"><ele>15.343123587264106</ele><time>2023-05-26T08:48:12Z</time></trkpt><trkpt lat="22.255595779609227" lon="114.29578001699912"><ele>15.360016796970125</ele><time>2023-05-26T08:48:14Z</time></trkpt><trkpt lat="22.25560422248123" lon="114.29575828628319"><ele>15.441129414097812</ele><time>2023-05-26T08:48:16Z</time></trkpt><trkpt lat="22.25561769571067" lon="114.2957374685818"><ele>15.300016252917933</ele><time>2023-05-26T08:48:18Z</time></trkpt><trkpt lat="22.255632591281255" lon="114.29571945178706"><ele>15.21102711259061</ele><time>2023-05-26T08:48:20Z</time></trkpt><trkpt lat="22.255649127870228" lon="114.29570371114323"><ele>15.129779362801617</ele><time>2023-05-26T08:48:22Z</time></trkpt><trkpt lat="22.255661887473916" lon="114.29568807040258"><ele>14.850196033377104</ele><time>2023-05-26T08:48:24Z</time></trkpt><trkpt lat="22.255673941650805" lon="114.29567359076397"><ele>14.728364686913915</ele><time>2023-05-26T08:48:26Z</time></trkpt><trkpt lat="22.25568687849653" lon="114.29565899950943"><ele>14.321395445337357</ele><time>2023-05-26T08:48:28Z</time></trkpt><trkpt lat="22.255704082497598" lon="114.29563139474354"><ele>13.948582735388904</ele><time>2023-05-26T08:48:32Z</time></trkpt><trkpt lat="22.25571889128727" lon="114.29560257332945"><ele>12.955932450370385</ele><time>2023-05-26T08:48:36Z</time></trkpt><trkpt lat="22.255722658759975" lon="114.2955676733988"><ele>12.369528893776671</ele><time>2023-05-26T08:48:40Z</time></trkpt><trkpt lat="22.25575503832191" lon="114.29554169109775"><ele>11.542525931584105</ele><time>2023-05-26T08:48:44Z</time></trkpt><trkpt lat="22.25576732970491" lon="114.29552630254456"><ele>11.232872046737397</ele><time>2023-05-26T08:48:46Z</time></trkpt><trkpt lat="22.255779329979138" lon="114.29550268088975"><ele>10.951602260143133</ele><time>2023-05-26T08:48:48Z</time></trkpt><trkpt lat="22.255791074944703" lon="114.29547367190865"><ele>10.751605116300626</ele><time>2023-05-26T08:48:50Z</time></trkpt><trkpt lat="22.25580817408505" lon="114.29544048374174"><ele>10.608619819251981</ele><time>2023-05-26T08:48:52Z</time></trkpt><trkpt lat="22.255782040680714" lon="114.29542234250452"><ele>13.496468106729624</ele><time>2023-05-26T08:49:00Z</time></trkpt><trkpt lat="22.255754454450628" lon="114.2954094464688"><ele>16.785631432181457</ele><time>2023-05-26T08:49:04Z</time></trkpt><trkpt lat="22.25577753169725" lon="114.29542378178424"><ele>14.123514055656731</ele><time>2023-05-26T08:50:20Z</time></trkpt><trkpt lat="22.255791978542998" lon="114.29544619705382"><ele>13.855394270992978</ele><time>2023-05-26T08:50:22Z</time></trkpt><trkpt lat="22.25580565936072" lon="114.29548077397371"><ele>13.868201686434984</ele><time>2023-05-26T08:50:26Z</time></trkpt><trkpt lat="22.25583341170719" lon="114.29550460485666"><ele>12.986596475121504</ele><time>2023-05-26T08:50:28Z</time></trkpt><trkpt lat="22.25585036883922" lon="114.29551607848848"><ele>11.688679637053848</ele><time>2023-05-26T08:50:36Z</time></trkpt><trkpt lat="22.255863686309056" lon="114.29550219812887"><ele>10.976491595060907</ele><time>2023-05-26T08:50:40Z</time></trkpt><trkpt lat="22.255898503066206" lon="114.29549116950318"><ele>10.625857789776378</ele><time>2023-05-26T08:50:44Z</time></trkpt><trkpt lat="22.25592836904996" lon="114.29547881287172"><ele>10.595217029885415</ele><time>2023-05-26T08:50:48Z</time></trkpt><trkpt lat="22.255953198790706" lon="114.29546412164555"><ele>10.41635892548421</ele><time>2023-05-26T08:50:52Z</time></trkpt><trkpt lat="22.255968610173475" lon="114.29545112355638"><ele>10.267394842865933</ele><time>2023-05-26T08:51:02Z</time></trkpt><trkpt lat="22.256004330755193" lon="114.29543685656486"><ele>9.53663783000444</ele><time>2023-05-26T08:51:06Z</time></trkpt><trkpt lat="22.256037120419307" lon="114.29543269297262"><ele>9.302663388250272</ele><time>2023-05-26T08:51:10Z</time></trkpt><trkpt lat="22.2560617011392" lon="114.29542764430701"><ele>9.12916028247333</ele><time>2023-05-26T08:51:12Z</time></trkpt><trkpt lat="22.256090890295383" lon="114.29542725112204"><ele>8.710374190029313</ele><time>2023-05-26T08:51:14Z</time></trkpt><trkpt lat="22.25611631422159" lon="114.2954149460844"><ele>8.620224649645296</ele><time>2023-05-26T08:51:16Z</time></trkpt><trkpt lat="22.256142981782155" lon="114.29541399922603"><ele>8.639888090595043</ele><time>2023-05-26T08:51:18Z</time></trkpt><trkpt lat="22.256160372602018" lon="114.29540536196694"><ele>8.595228404059599</ele><time>2023-05-26T08:51:20Z</time></trkpt><trkpt lat="22.25619194179747" lon="114.29540014598088"><ele>8.492067505277694</ele><time>2023-05-26T08:51:24Z</time></trkpt><trkpt lat="22.256210889434218" lon="114.29539128125994"><ele>8.125344509455731</ele><time>2023-05-26T08:51:26Z</time></trkpt><trkpt lat="22.256232362772145" lon="114.29538523051123"><ele>7.88397325504487</ele><time>2023-05-26T08:51:28Z</time></trkpt><trkpt lat="22.256258775762422" lon="114.29538062412138"><ele>7.473341773318423</ele><time>2023-05-26T08:51:32Z</time></trkpt><trkpt lat="22.25627672795313" lon="114.29537764947358"><ele>7.254295560050161</ele><time>2023-05-26T08:51:34Z</time></trkpt><trkpt lat="22.256303253717267" lon="114.29537568641128"><ele>7.050424293995757</ele><time>2023-05-26T08:51:38Z</time></trkpt><trkpt lat="22.25632879288601" lon="114.29537544029058"><ele>6.458006511739925</ele><time>2023-05-26T08:51:42Z</time></trkpt><trkpt lat="22.25636564973685" lon="114.29537348254873"><ele>5.907466773427367</ele><time>2023-05-26T08:51:46Z</time></trkpt><trkpt lat="22.256385487381152" lon="114.29535985989095"><ele>5.676439037865714</ele><time>2023-05-26T08:51:48Z</time></trkpt><trkpt lat="22.256402729364734" lon="114.29534300740676"><ele>5.756650133068568</ele><time>2023-05-26T08:51:50Z</time></trkpt><trkpt lat="22.25642992357513" lon="114.29532877759907"><ele>4.8453186178684575</ele><time>2023-05-26T08:51:54Z</time></trkpt><trkpt lat="22.25645353259012" lon="114.29532453825911"><ele>4.125966913288217</ele><time>2023-05-26T08:51:58Z</time></trkpt><trkpt lat="22.25648289983962" lon="114.29531267919454"><ele>4.059815301979734</ele><time>2023-05-26T08:52:02Z</time></trkpt><trkpt lat="22.256499310359747" lon="114.29529164879357"><ele>3.8398415105664325</ele><time>2023-05-26T08:52:04Z</time></trkpt><trkpt lat="22.256514035225692" lon="114.29527492766455"><ele>3.6361981477184147</ele><time>2023-05-26T08:52:06Z</time></trkpt><trkpt lat="22.256524907025373" lon="114.29525770896609"><ele>3.5010527051625813</ele><time>2023-05-26T08:52:08Z</time></trkpt><trkpt lat="22.256546154038656" lon="114.29523539487032"><ele>3.393923409090307</ele><time>2023-05-26T08:52:12Z</time></trkpt><trkpt lat="22.256561060399868" lon="114.2952106460467"><ele>3.6703511923574674</ele><time>2023-05-26T08:52:16Z</time></trkpt><trkpt lat="22.256575577534694" lon="114.29519701805934"><ele>3.6588152011647077</ele><time>2023-05-26T08:52:18Z</time></trkpt><trkpt lat="22.256592739821755" lon="114.29516576393479"><ele>3.9941673458950344</ele><time>2023-05-26T08:52:22Z</time></trkpt><trkpt lat="22.256614580093192" lon="114.29513826792171"><ele>3.9090759448008567</ele><time>2023-05-26T08:52:26Z</time></trkpt><trkpt lat="22.256629648265804" lon="114.29512239432208"><ele>4.054285709818739</ele><time>2023-05-26T08:52:28Z</time></trkpt><trkpt lat="22.256650294071743" lon="114.2951009447713"><ele>4.370552392704225</ele><time>2023-05-26T08:52:32Z</time></trkpt><trkpt lat="22.256672182288312" lon="114.29508646119396"><ele>4.620909972809353</ele><time>2023-05-26T08:52:36Z</time></trkpt><trkpt lat="22.256688467840924" lon="114.29507523163521"><ele>4.483742123203398</ele><time>2023-05-26T08:52:38Z</time></trkpt><trkpt lat="22.256710249130833" lon="114.29506352246017"><ele>4.030714015189053</ele><time>2023-05-26T08:52:42Z</time></trkpt><trkpt lat="22.25672982568672" lon="114.29506447967125"><ele>4.063829438009132</ele><time>2023-05-26T08:52:44Z</time></trkpt><trkpt lat="22.256751108407133" lon="114.29506103792085"><ele>4.098677814577344</ele><time>2023-05-26T08:52:46Z</time></trkpt><trkpt lat="22.256764043196995" lon="114.29507524068147"><ele>4.02641341849562</ele><time>2023-05-26T08:52:54Z</time></trkpt><trkpt lat="22.256746641509704" lon="114.2950622794505"><ele>4.198985350842617</ele><time>2023-05-26T08:53:08Z</time></trkpt><trkpt lat="22.25672546459023" lon="114.29506941493537"><ele>4.48165486347943</ele><time>2023-05-26T08:53:12Z</time></trkpt><trkpt lat="22.256696116019647" lon="114.29508906736609"><ele>4.636472292471105</ele><time>2023-05-26T08:53:16Z</time></trkpt><trkpt lat="22.25667511318166" lon="114.29507063317534"><ele>6.144958851315198</ele><time>2023-05-26T08:53:56Z</time></trkpt><trkpt lat="22.256689965211514" lon="114.29505684891105"><ele>7.033512084916415</ele><time>2023-05-26T08:53:58Z</time></trkpt><trkpt lat="22.256703795339273" lon="114.29507001781006"><ele>7.728318289553542</ele><time>2023-05-26T08:54:02Z</time></trkpt><trkpt lat="22.256729841557323" lon="114.29506654715354"><ele>7.563546031267505</ele><time>2023-05-26T08:54:18Z</time></trkpt><trkpt lat="22.25675421975246" lon="114.2950633453506"><ele>6.75494741419275</ele><time>2023-05-26T08:54:28Z</time></trkpt><trkpt lat="22.256752604451105" lon="114.29508746389614"><ele>6.440928644935474</ele><time>2023-05-26T08:55:34Z</time></trkpt><trkpt lat="22.256736191133623" lon="114.29507839160138"><ele>6.178458913404613</ele><time>2023-05-26T08:59:06Z</time></trkpt><trkpt lat="22.256725383698623" lon="114.29509911072527"><ele>5.988657202429013</ele><time>2023-05-26T08:59:12Z</time></trkpt><trkpt lat="22.256711652360654" lon="114.29511438663488"><ele>5.979456363899343</ele><time>2023-05-26T08:59:14Z</time></trkpt><trkpt lat="22.25669276566705" lon="114.29513667027526"><ele>5.748772756221576</ele><time>2023-05-26T08:59:18Z</time></trkpt><trkpt lat="22.25672162432037" lon="114.29515148497806"><ele>4.836354938223842</ele><time>2023-05-26T08:59:22Z</time></trkpt><trkpt lat="22.25674316203028" lon="114.29516875348261"><ele>4.576349291282074</ele><time>2023-05-26T08:59:24Z</time></trkpt><trkpt lat="22.25675210721389" lon="114.29519171155309"><ele>4.463493271139686</ele><time>2023-05-26T08:59:26Z</time></trkpt><trkpt lat="22.25675908334433" lon="114.29521167512237"><ele>4.623744665571938</ele><time>2023-05-26T08:59:28Z</time></trkpt><trkpt lat="22.25676842796556" lon="114.29523096025277"><ele>4.695669215945518</ele><time>2023-05-26T08:59:30Z</time></trkpt><trkpt lat="22.256749458470768" lon="114.2952540708437"><ele>4.826392117340067</ele><time>2023-05-26T08:59:34Z</time></trkpt><trkpt lat="22.25672550027812" lon="114.29526703983232"><ele>4.720658704459781</ele><time>2023-05-26T08:59:38Z</time></trkpt><trkpt lat="22.25671365461963" lon="114.29528276630629"><ele>4.383682612086051</ele><time>2023-05-26T08:59:40Z</time></trkpt><trkpt lat="22.256690964599414" lon="114.29530424427303"><ele>4.17777422504127</ele><time>2023-05-26T08:59:44Z</time></trkpt><trkpt lat="22.25667138679346" lon="114.29529557727392"><ele>3.123902509814173</ele><time>2023-05-26T08:59:48Z</time></trkpt><trkpt lat="22.256648265321672" lon="114.29532011790396"><ele>2.2228484616082875</ele><time>2023-05-26T08:59:52Z</time></trkpt><trkpt lat="22.256640051755195" lon="114.29534008165764"><ele>1.8961500549728385</ele><time>2023-05-26T08:59:54Z</time></trkpt><trkpt lat="22.25664364495089" lon="114.29537129430739"><ele>1.7101564567114684</ele><time>2023-05-26T08:59:58Z</time></trkpt><trkpt lat="22.256656656902944" lon="114.29538677773628"><ele>1.6489872057232726</ele><time>2023-05-26T09:00:04Z</time></trkpt><trkpt lat="22.256669951505597" lon="114.29540430392284"><ele>1.5497923223008772</ele><time>2023-05-26T09:00:12Z</time></trkpt><trkpt lat="22.256659425439047" lon="114.29542178440839"><ele>1.6698556288332835</ele><time>2023-05-26T09:00:16Z</time></trkpt><trkpt lat="22.25666281158321" lon="114.29544319356246"><ele>0.7474038370336956</ele><time>2023-05-26T09:00:24Z</time></trkpt><trkpt lat="22.256684353461637" lon="114.29545777355578"><ele>-0.3234878966429312</ele><time>2023-05-26T09:00:30Z</time></trkpt><trkpt lat="22.256715830327984" lon="114.29545457460344"><ele>-1.6693615421651633</ele><time>2023-05-26T09:00:34Z</time></trkpt><trkpt lat="22.256734133138387" lon="114.2954474459996"><ele>-2.1899504967828314</ele><time>2023-05-26T09:00:38Z</time></trkpt><trkpt lat="22.256758097673764" lon="114.29544545769825"><ele>-2.821876938941981</ele><time>2023-05-26T09:00:42Z</time></trkpt><trkpt lat="22.25677835427853" lon="114.2954491851651"><ele>-3.2750380155922696</ele><time>2023-05-26T09:00:48Z</time></trkpt><trkpt lat="22.2567900715564" lon="114.295468011653"><ele>-2.931304850197437</ele><time>2023-05-26T09:00:52Z</time></trkpt><trkpt lat="22.256804929945897" lon="114.29544862607167"><ele>-3.2417924124077455</ele><time>2023-05-26T09:01:04Z</time></trkpt><trkpt lat="22.25678402263237" lon="114.29543214455592"><ele>-3.810606107009266</ele><time>2023-05-26T09:01:28Z</time></trkpt><trkpt lat="22.25677088745135" lon="114.29540931935111"><ele>-4.143713904303793</ele><time>2023-05-26T09:01:32Z</time></trkpt><trkpt lat="22.25673919100429" lon="114.29538708741133"><ele>-4.374426296101181</ele><time>2023-05-26T09:01:36Z</time></trkpt><trkpt lat="22.256713226312108" lon="114.29537438401181"><ele>-4.369746654891429</ele><time>2023-05-26T09:01:40Z</time></trkpt><trkpt lat="22.256702080594874" lon="114.29534794610304"><ele>-3.6476346523335708</ele><time>2023-05-26T09:01:52Z</time></trkpt><trkpt lat="22.256703972056265" lon="114.29531818410818"><ele>-3.698277014970361</ele><time>2023-05-26T09:01:56Z</time></trkpt><trkpt lat="22.25672056309179" lon="114.295278869419"><ele>-4.028766431187916</ele><time>2023-05-26T09:02:00Z</time></trkpt><trkpt lat="22.25672489264513" lon="114.29525292451068"><ele>-4.31975978185437</ele><time>2023-05-26T09:02:02Z</time></trkpt><trkpt lat="22.256733760794827" lon="114.2952282043979"><ele>-4.287000816250052</ele><time>2023-05-26T09:02:06Z</time></trkpt><trkpt lat="22.256742438041456" lon="114.29519884396046"><ele>-4.262200518311862</ele><time>2023-05-26T09:02:10Z</time></trkpt><trkpt lat="22.256745202878925" lon="114.29517597218064"><ele>-4.302215199953041</ele><time>2023-05-26T09:02:14Z</time></trkpt><trkpt lat="22.256719119338953" lon="114.2951600303963"><ele>-4.02821974715813</ele><time>2023-05-26T09:02:18Z</time></trkpt><trkpt lat="22.256704235939235" lon="114.2951489205811"><ele>-3.3821856220618307</ele><time>2023-05-26T09:02:20Z</time></trkpt><trkpt lat="22.256691152512698" lon="114.2951326873609"><ele>-3.2218404954161075</ele><time>2023-05-26T09:02:22Z</time></trkpt><trkpt lat="22.256685217407487" lon="114.29511241682685"><ele>-2.923156280738832</ele><time>2023-05-26T09:02:24Z</time></trkpt><trkpt lat="22.256694532372684" lon="114.29509554706476"><ele>-2.5599761047897576</ele><time>2023-05-26T09:02:26Z</time></trkpt><trkpt lat="22.25671706135225" lon="114.2950827043679"><ele>-2.397082914166227</ele><time>2023-05-26T09:02:28Z</time></trkpt><trkpt lat="22.256742382420025" lon="114.29507088544614"><ele>-2.151594989740516</ele><time>2023-05-26T09:02:30Z</time></trkpt><trkpt lat="22.256765907152957" lon="114.29505920830809"><ele>-1.8261202475376277</ele><time>2023-05-26T09:02:32Z</time></trkpt><trkpt lat="22.25678942569434" lon="114.29504698356229"><ele>-1.5255762288003347</ele><time>2023-05-26T09:02:34Z</time></trkpt><trkpt lat="22.256810153371397" lon="114.29504288880644"><ele>-1.3358327799126666</ele><time>2023-05-26T09:02:36Z</time></trkpt><trkpt lat="22.256831982813335" lon="114.2950391144901"><ele>-1.2011242956846775</ele><time>2023-05-26T09:02:38Z</time></trkpt><trkpt lat="22.25685250626342" lon="114.29503078177785"><ele>-0.9220019722734869</ele><time>2023-05-26T09:02:40Z</time></trkpt><trkpt lat="22.25686997147088" lon="114.2950229172584"><ele>-0.6183862271317069</ele><time>2023-05-26T09:02:42Z</time></trkpt><trkpt lat="22.256895745735086" lon="114.29501727308318"><ele>-0.2451773516934187</ele><time>2023-05-26T09:02:44Z</time></trkpt><trkpt lat="22.256923254783576" lon="114.29501105625063"><ele>0.05351944214256294</ele><time>2023-05-26T09:02:46Z</time></trkpt><trkpt lat="22.25694888779276" lon="114.29500421221294"><ele>0.29031269146795263</ele><time>2023-05-26T09:02:48Z</time></trkpt><trkpt lat="22.25696777248913" lon="114.29500099762735"><ele>0.3788788124338405</ele><time>2023-05-26T09:02:50Z</time></trkpt><trkpt lat="22.25698747866052" lon="114.29499941473179"><ele>0.42409009028675904</ele><time>2023-05-26T09:02:52Z</time></trkpt><trkpt lat="22.25700593001096" lon="114.29499972145373"><ele>0.6035481895933997</ele><time>2023-05-26T09:02:54Z</time></trkpt><trkpt lat="22.25703770751959" lon="114.29499728477448"><ele>1.0955439086313594</ele><time>2023-05-26T09:02:58Z</time></trkpt><trkpt lat="22.25706881323269" lon="114.29499855325523"><ele>0.8413114824200965</ele><time>2023-05-26T09:03:02Z</time></trkpt><trkpt lat="22.257104957201364" lon="114.29499649125091"><ele>0.8533254330375464</ele><time>2023-05-26T09:03:06Z</time></trkpt><trkpt lat="22.257129314985246" lon="114.29499171793236"><ele>0.8179397538313259</ele><time>2023-05-26T09:03:08Z</time></trkpt><trkpt lat="22.257156500341626" lon="114.29498597233766"><ele>0.8290147318437734</ele><time>2023-05-26T09:03:10Z</time></trkpt><trkpt lat="22.257176311921587" lon="114.29498201875222"><ele>1.0117471859936438</ele><time>2023-05-26T09:03:12Z</time></trkpt><trkpt lat="22.25721452681643" lon="114.29496985718282"><ele>1.6837014944624284</ele><time>2023-05-26T09:03:16Z</time></trkpt><trkpt lat="22.257236747620738" lon="114.29496127203493"><ele>1.9754965303340275</ele><time>2023-05-26T09:03:18Z</time></trkpt><trkpt lat="22.257255941239887" lon="114.29494859389864"><ele>2.3149630872169524</ele><time>2023-05-26T09:03:20Z</time></trkpt><trkpt lat="22.25727351925511" lon="114.29493845353193"><ele>2.6659939942170365</ele><time>2023-05-26T09:03:22Z</time></trkpt><trkpt lat="22.25729110962968" lon="114.29493191786976"><ele>3.0245022889716826</ele><time>2023-05-26T09:03:24Z</time></trkpt><trkpt lat="22.257309912984912" lon="114.29492311499124"><ele>3.3011596415974984</ele><time>2023-05-26T09:03:26Z</time></trkpt><trkpt lat="22.257331785940632" lon="114.29490573122547"><ele>3.450533440397094</ele><time>2023-05-26T09:03:30Z</time></trkpt><trkpt lat="22.257345114074212" lon="114.29489028227867"><ele>3.378335276869671</ele><time>2023-05-26T09:03:32Z</time></trkpt><trkpt lat="22.257362717491482" lon="114.29487568634204"><ele>3.5839199348462576</ele><time>2023-05-26T09:03:34Z</time></trkpt><trkpt lat="22.257384996792883" lon="114.294862933856"><ele>3.91402809519562</ele><time>2023-05-26T09:03:36Z</time></trkpt><trkpt lat="22.257406499012525" lon="114.29484565691034"><ele>4.1092674862392915</ele><time>2023-05-26T09:03:38Z</time></trkpt><trkpt lat="22.257424329199406" lon="114.29482715913413"><ele>3.942997645347842</ele><time>2023-05-26T09:03:40Z</time></trkpt><trkpt lat="22.257444392513115" lon="114.29481030955213"><ele>3.8666173944167004</ele><time>2023-05-26T09:03:42Z</time></trkpt><trkpt lat="22.25746925158867" lon="114.29479427432376"><ele>3.755763864588979</ele><time>2023-05-26T09:03:44Z</time></trkpt><trkpt lat="22.2574985284128" lon="114.2947738435207"><ele>3.963720313596557</ele><time>2023-05-26T09:03:46Z</time></trkpt><trkpt lat="22.25752376706671" lon="114.29475394664006"><ele>4.216851108158516</ele><time>2023-05-26T09:03:48Z</time></trkpt><trkpt lat="22.257546806911602" lon="114.29473338958282"><ele>4.292924967323151</ele><time>2023-05-26T09:03:50Z</time></trkpt><trkpt lat="22.257561146150397" lon="114.29471056087367"><ele>3.9717829048624336</ele><time>2023-05-26T09:03:52Z</time></trkpt><trkpt lat="22.25756969562486" lon="114.29469013116882"><ele>4.17028427853244</ele><time>2023-05-26T09:03:54Z</time></trkpt><trkpt lat="22.25758073123785" lon="114.29467193110284"><ele>4.545428888014974</ele><time>2023-05-26T09:03:56Z</time></trkpt><trkpt lat="22.257593470443805" lon="114.2946534228891"><ele>5.0254054013901</ele><time>2023-05-26T09:03:58Z</time></trkpt><trkpt lat="22.25759352671252" lon="114.29463392267856"><ele>4.908881775164783</ele><time>2023-05-26T09:04:00Z</time></trkpt><trkpt lat="22.25757872214853" lon="114.29461421803788"><ele>4.633967368352744</ele><time>2023-05-26T09:04:02Z</time></trkpt><trkpt lat="22.257551416619865" lon="114.29459539877837"><ele>4.848390634627965</ele><time>2023-05-26T09:04:04Z</time></trkpt><trkpt lat="22.25751985585998" lon="114.2945853310252"><ele>5.012378974891054</ele><time>2023-05-26T09:04:06Z</time></trkpt><trkpt lat="22.257487102841374" lon="114.29457969489458"><ele>4.911591825694123</ele><time>2023-05-26T09:04:08Z</time></trkpt><trkpt lat="22.257458147121078" lon="114.29458157560822"><ele>4.8654991193637915</ele><time>2023-05-26T09:04:10Z</time></trkpt><trkpt lat="22.25743101673957" lon="114.29458413233176"><ele>5.256859040625557</ele><time>2023-05-26T09:04:12Z</time></trkpt><trkpt lat="22.257411719770776" lon="114.29458025177985"><ele>5.115044777384042</ele><time>2023-05-26T09:04:14Z</time></trkpt><trkpt lat="22.25737049181311" lon="114.2945699378577"><ele>4.542033075613213</ele><time>2023-05-26T09:04:18Z</time></trkpt><trkpt lat="22.257343964469527" lon="114.29456921356339"><ele>4.089865798498394</ele><time>2023-05-26T09:04:20Z</time></trkpt><trkpt lat="22.257318391664306" lon="114.29456627895848"><ele>3.7470619247822667</ele><time>2023-05-26T09:04:22Z</time></trkpt><trkpt lat="22.25729823364522" lon="114.29455447877997"><ele>3.3343967019045446</ele><time>2023-05-26T09:04:24Z</time></trkpt><trkpt lat="22.257277505346767" lon="114.29454984374976"><ele>2.7227108018567443</ele><time>2023-05-26T09:04:26Z</time></trkpt><trkpt lat="22.25725684457319" lon="114.29454723930384"><ele>2.382146597559728</ele><time>2023-05-26T09:04:28Z</time></trkpt><trkpt lat="22.257238360293385" lon="114.29453930325802"><ele>2.3324665165933967</ele><time>2023-05-26T09:04:30Z</time></trkpt><trkpt lat="22.257219999564654" lon="114.29452991693181"><ele>2.41894113247554</ele><time>2023-05-26T09:04:32Z</time></trkpt><trkpt lat="22.25719788994894" lon="114.29451945065615"><ele>2.4183190578613742</ele><time>2023-05-26T09:04:34Z</time></trkpt><trkpt lat="22.257176986323998" lon="114.29449835994023"><ele>2.350722117042828</ele><time>2023-05-26T09:04:36Z</time></trkpt><trkpt lat="22.25715437448388" lon="114.2944680764301"><ele>2.5625887737873985</ele><time>2023-05-26T09:04:38Z</time></trkpt><trkpt lat="22.257130694221587" lon="114.29444527431914"><ele>2.9360569318861343</ele><time>2023-05-26T09:04:40Z</time></trkpt><trkpt lat="22.2571075205331" lon="114.29443218218839"><ele>3.260732654410064</ele><time>2023-05-26T09:04:42Z</time></trkpt><trkpt lat="22.257088537315497" lon="114.29442069140677"><ele>3.6115340178637667</ele><time>2023-05-26T09:04:44Z</time></trkpt><trkpt lat="22.25707187946053" lon="114.29440457756563"><ele>3.7993242812889925</ele><time>2023-05-26T09:04:46Z</time></trkpt><trkpt lat="22.257055194554848" lon="114.29438745666293"><ele>3.7219902999265466</ele><time>2023-05-26T09:04:48Z</time></trkpt><trkpt lat="22.257037537079476" lon="114.29437005503094"><ele>3.538210616485494</ele><time>2023-05-26T09:04:50Z</time></trkpt><trkpt lat="22.257028044990008" lon="114.29435221935815"><ele>3.4859242695243258</ele><time>2023-05-26T09:04:52Z</time></trkpt><trkpt lat="22.257013932656715" lon="114.29433567490788"><ele>3.322524688696446</ele><time>2023-05-26T09:04:54Z</time></trkpt><trkpt lat="22.25699403998073" lon="114.29432350121846"><ele>3.1455374225137738</ele><time>2023-05-26T09:04:56Z</time></trkpt><trkpt lat="22.256972577652153" lon="114.29431090915058"><ele>3.320755817303114</ele><time>2023-05-26T09:04:58Z</time></trkpt><trkpt lat="22.256945719060496" lon="114.29429404516574"><ele>3.817773488932049</ele><time>2023-05-26T09:05:00Z</time></trkpt><trkpt lat="22.256928074779392" lon="114.29427425578535"><ele>4.546407702578586</ele><time>2023-05-26T09:05:02Z</time></trkpt><trkpt lat="22.256915718811378" lon="114.29424976174728"><ele>5.16435177378412</ele><time>2023-05-26T09:05:04Z</time></trkpt><trkpt lat="22.256906875681015" lon="114.29422651725817"><ele>5.2862753451035225</ele><time>2023-05-26T09:05:06Z</time></trkpt><trkpt lat="22.256899355303226" lon="114.29420048074245"><ele>5.882699627970428</ele><time>2023-05-26T09:05:08Z</time></trkpt><trkpt lat="22.256894386588364" lon="114.29417978192498"><ele>6.4750469302839</ele><time>2023-05-26T09:05:10Z</time></trkpt><trkpt lat="22.256887304354514" lon="114.29415521372744"><ele>6.984561792338933</ele><time>2023-05-26T09:05:12Z</time></trkpt><trkpt lat="22.256878970223617" lon="114.29413005938777"><ele>7.503194949282688</ele><time>2023-05-26T09:05:14Z</time></trkpt><trkpt lat="22.256876986305816" lon="114.29410624722382"><ele>8.121476254140003</ele><time>2023-05-26T09:05:16Z</time></trkpt><trkpt lat="22.25687144516575" lon="114.29407291478641"><ele>8.947670069611899</ele><time>2023-05-26T09:05:20Z</time></trkpt><trkpt lat="22.25686270694096" lon="114.29405462586692"><ele>9.36231642619559</ele><time>2023-05-26T09:05:22Z</time></trkpt><trkpt lat="22.256853112173946" lon="114.29403472341461"><ele>9.842914077972281</ele><time>2023-05-26T09:05:24Z</time></trkpt><trkpt lat="22.256844745781585" lon="114.29401521100588"><ele>10.581829746043084</ele><time>2023-05-26T09:05:26Z</time></trkpt><trkpt lat="22.256841693018345" lon="114.293991837119"><ele>11.086806296967813</ele><time>2023-05-26T09:05:28Z</time></trkpt><trkpt lat="22.256843413107397" lon="114.29397116583976"><ele>11.464193069645734</ele><time>2023-05-26T09:05:30Z</time></trkpt><trkpt lat="22.25684087336677" lon="114.29393952244111"><ele>12.10652535141567</ele><time>2023-05-26T09:05:34Z</time></trkpt><trkpt lat="22.256833798770185" lon="114.29391813691349"><ele>12.24795379753802</ele><time>2023-05-26T09:05:36Z</time></trkpt><trkpt lat="22.25682947716861" lon="114.2938970319813"><ele>12.36246498961022</ele><time>2023-05-26T09:05:38Z</time></trkpt><trkpt lat="22.256825292509472" lon="114.29387274336617"><ele>12.630863434683729</ele><time>2023-05-26T09:05:40Z</time></trkpt><trkpt lat="22.25682430349108" lon="114.29384857161304"><ele>12.829582199079564</ele><time>2023-05-26T09:05:42Z</time></trkpt><trkpt lat="22.256821468738398" lon="114.29381640678035"><ele>12.583465059337415</ele><time>2023-05-26T09:05:44Z</time></trkpt><trkpt lat="22.256821588011434" lon="114.29378849864194"><ele>13.05610585728919</ele><time>2023-05-26T09:05:46Z</time></trkpt><trkpt lat="22.256821012494175" lon="114.29376245556125"><ele>13.466672633606601</ele><time>2023-05-26T09:05:48Z</time></trkpt><trkpt lat="22.25682043122586" lon="114.2937397343423"><ele>13.933414367661754</ele><time>2023-05-26T09:05:50Z</time></trkpt><trkpt lat="22.2568200917839" lon="114.29370562975684"><ele>14.56193274962733</ele><time>2023-05-26T09:05:54Z</time></trkpt><trkpt lat="22.25682382622708" lon="114.29367438226816"><ele>15.370265233404014</ele><time>2023-05-26T09:05:58Z</time></trkpt><trkpt lat="22.256823395480893" lon="114.29363398230446"><ele>15.819818918414306</ele><time>2023-05-26T09:06:02Z</time></trkpt><trkpt lat="22.256818941089108" lon="114.29361145934617"><ele>16.06434784521708</ele><time>2023-05-26T09:06:04Z</time></trkpt><trkpt lat="22.25681269794888" lon="114.29359288099289"><ele>16.27997145425166</ele><time>2023-05-26T09:06:06Z</time></trkpt><trkpt lat="22.25680138423323" lon="114.2935683887792"><ele>16.324361472195054</ele><time>2023-05-26T09:06:10Z</time></trkpt><trkpt lat="22.25679151787752" lon="114.29353729459912"><ele>16.668194922601256</ele><time>2023-05-26T09:06:14Z</time></trkpt><trkpt lat="22.25678725496339" lon="114.29351822283614"><ele>16.998299206672737</ele><time>2023-05-26T09:06:16Z</time></trkpt><trkpt lat="22.25677864524177" lon="114.29348770139197"><ele>18.160015302985386</ele><time>2023-05-26T09:06:20Z</time></trkpt><trkpt lat="22.25676836976992" lon="114.29347162413144"><ele>18.434567591797606</ele><time>2023-05-26T09:06:22Z</time></trkpt><trkpt lat="22.25675646223067" lon="114.2934528970759"><ele>19.17158143897279</ele><time>2023-05-26T09:06:24Z</time></trkpt><trkpt lat="22.256746722077384" lon="114.29342911427082"><ele>20.59062215253971</ele><time>2023-05-26T09:06:28Z</time></trkpt><trkpt lat="22.25674023578617" lon="114.29340293862143"><ele>22.117295803092585</ele><time>2023-05-26T09:06:32Z</time></trkpt><trkpt lat="22.25674228366356" lon="114.2933685621659"><ele>22.731000291131178</ele><time>2023-05-26T09:06:36Z</time></trkpt><trkpt lat="22.256739138014755" lon="114.29334564468287"><ele>23.040965492189017</ele><time>2023-05-26T09:06:38Z</time></trkpt><trkpt lat="22.25672127971771" lon="114.29332926328058"><ele>23.58853775998206</ele><time>2023-05-26T09:06:40Z</time></trkpt><trkpt lat="22.256703408260922" lon="114.2933255638364"><ele>23.871997048012602</ele><time>2023-05-26T09:06:42Z</time></trkpt><trkpt lat="22.256686632248606" lon="114.29331749381568"><ele>24.05639937311208</ele><time>2023-05-26T09:06:46Z</time></trkpt><trkpt lat="22.256673993142147" lon="114.29329919044474"><ele>24.385147086263625</ele><time>2023-05-26T09:06:50Z</time></trkpt><trkpt lat="22.256661888993744" lon="114.29327645605898"><ele>24.88831975239729</ele><time>2023-05-26T09:06:54Z</time></trkpt><trkpt lat="22.256660396160303" lon="114.29324329624217"><ele>25.169864596185757</ele><time>2023-05-26T09:06:58Z</time></trkpt><trkpt lat="22.256655551231447" lon="114.2932210346394"><ele>25.71171392941333</ele><time>2023-05-26T09:07:00Z</time></trkpt><trkpt lat="22.256643949208527" lon="114.2932002111465"><ele>26.07620649527585</ele><time>2023-05-26T09:07:02Z</time></trkpt><trkpt lat="22.256635551942942" lon="114.29318121259686"><ele>26.27107988730364</ele><time>2023-05-26T09:07:04Z</time></trkpt><trkpt lat="22.25662502289425" lon="114.29315868802831"><ele>26.691762785643505</ele><time>2023-05-26T09:07:08Z</time></trkpt><trkpt lat="22.25661172396716" lon="114.29312805958743"><ele>27.682508429921214</ele><time>2023-05-26T09:07:12Z</time></trkpt><trkpt lat="22.25659540287224" lon="114.29310124715629"><ele>28.64609854381707</ele><time>2023-05-26T09:07:16Z</time></trkpt><trkpt lat="22.256580912027758" lon="114.29306802242266"><ele>29.097377795392568</ele><time>2023-05-26T09:07:20Z</time></trkpt><trkpt lat="22.256569910730523" lon="114.29304754571332"><ele>29.580940226810995</ele><time>2023-05-26T09:07:22Z</time></trkpt><trkpt lat="22.25655877335339" lon="114.2930305972664"><ele>29.662071780034594</ele><time>2023-05-26T09:07:24Z</time></trkpt><trkpt lat="22.256539649109037" lon="114.29299587616694"><ele>29.697098874326016</ele><time>2023-05-26T09:07:28Z</time></trkpt><trkpt lat="22.256524169356748" lon="114.29297997204198"><ele>29.759624683705464</ele><time>2023-05-26T09:07:30Z</time></trkpt><trkpt lat="22.256505907610993" lon="114.29296848533212"><ele>30.150759325616818</ele><time>2023-05-26T09:07:32Z</time></trkpt><trkpt lat="22.256488859153755" lon="114.29295914320197"><ele>30.73123941421065</ele><time>2023-05-26T09:07:34Z</time></trkpt><trkpt lat="22.256470124789782" lon="114.29292983870548"><ele>31.956733613314796</ele><time>2023-05-26T09:07:38Z</time></trkpt><trkpt lat="22.25645283938929" lon="114.29290153254753"><ele>33.1752805346243</ele><time>2023-05-26T09:07:42Z</time></trkpt><trkpt lat="22.256438582483703" lon="114.29287469151703"><ele>33.56367571317323</ele><time>2023-05-26T09:07:46Z</time></trkpt><trkpt lat="22.256426153957822" lon="114.2928499525979"><ele>33.99692053087898</ele><time>2023-05-26T09:07:50Z</time></trkpt><trkpt lat="22.256414482685063" lon="114.29283140521184"><ele>34.218890450144826</ele><time>2023-05-26T09:07:52Z</time></trkpt><trkpt lat="22.25640489147616" lon="114.29280986528524"><ele>34.838750277980616</ele><time>2023-05-26T09:07:54Z</time></trkpt><trkpt lat="22.256399835476678" lon="114.2927835767187"><ele>35.724199695649745</ele><time>2023-05-26T09:07:56Z</time></trkpt><trkpt lat="22.256395865005448" lon="114.29275312021312"><ele>36.30648301944042</ele><time>2023-05-26T09:07:58Z</time></trkpt><trkpt lat="22.256381180354385" lon="114.29273552573162"><ele>36.860792065437025</ele><time>2023-05-26T09:08:00Z</time></trkpt><trkpt lat="22.2563608334893" lon="114.29271395450068"><ele>37.349963196976</ele><time>2023-05-26T09:08:04Z</time></trkpt><trkpt lat="22.25634606730875" lon="114.29268467202144"><ele>37.82699451276952</ele><time>2023-05-26T09:08:08Z</time></trkpt><trkpt lat="22.256333561151873" lon="114.29264672076172"><ele>38.33355827383257</ele><time>2023-05-26T09:08:12Z</time></trkpt><trkpt lat="22.256323228347608" lon="114.29262656167548"><ele>38.8357772676799</ele><time>2023-05-26T09:08:14Z</time></trkpt><trkpt lat="22.256319982316462" lon="114.29260678536144"><ele>39.020041040037434</ele><time>2023-05-26T09:08:16Z</time></trkpt><trkpt lat="22.256307723872535" lon="114.29257717996823"><ele>39.0078454178317</ele><time>2023-05-26T09:08:20Z</time></trkpt><trkpt lat="22.25629251467541" lon="114.29254850770168"><ele>39.12452762658628</ele><time>2023-05-26T09:08:24Z</time></trkpt><trkpt lat="22.256281355981383" lon="114.29251362947912"><ele>39.435043790461464</ele><time>2023-05-26T09:08:28Z</time></trkpt><trkpt lat="22.256279073985876" lon="114.29248870753432"><ele>39.63260611019633</ele><time>2023-05-26T09:08:30Z</time></trkpt><trkpt lat="22.25626738786696" lon="114.29245428065862"><ele>39.97429480015131</ele><time>2023-05-26T09:08:34Z</time></trkpt><trkpt lat="22.256245222830625" lon="114.29242610911301"><ele>40.38407817129939</ele><time>2023-05-26T09:08:38Z</time></trkpt><trkpt lat="22.25623315815035" lon="114.29238873802518"><ele>40.36034712104405</ele><time>2023-05-26T09:08:42Z</time></trkpt><trkpt lat="22.256229075112024" lon="114.29236927566724"><ele>40.514198687846786</ele><time>2023-05-26T09:08:44Z</time></trkpt><trkpt lat="22.25622855395875" lon="114.29234141119751"><ele>40.61096508977399</ele><time>2023-05-26T09:08:48Z</time></trkpt><trkpt lat="22.256219544911836" lon="114.29232427689226"><ele>41.08287393330166</ele><time>2023-05-26T09:08:52Z</time></trkpt><trkpt lat="22.256213061214222" lon="114.29229718048967"><ele>42.08934642450734</ele><time>2023-05-26T09:09:14Z</time></trkpt><trkpt lat="22.256209570149895" lon="114.2922555070828"><ele>42.32499159123239</ele><time>2023-05-26T09:09:16Z</time></trkpt><trkpt lat="22.25621093573004" lon="114.29222978073902"><ele>42.43232650856658</ele><time>2023-05-26T09:09:18Z</time></trkpt><trkpt lat="22.25620242149321" lon="114.29219982596197"><ele>42.26168282182359</ele><time>2023-05-26T09:09:22Z</time></trkpt><trkpt lat="22.256196186303786" lon="114.29217396898592"><ele>42.25642511144117</ele><time>2023-05-26T09:09:24Z</time></trkpt><trkpt lat="22.256191167830714" lon="114.29215453591718"><ele>42.255913036319505</ele><time>2023-05-26T09:09:26Z</time></trkpt><trkpt lat="22.25619319626133" lon="114.29212169686285"><ele>41.95557996880684</ele><time>2023-05-26T09:09:28Z</time></trkpt><trkpt lat="22.256197741714416" lon="114.29209322162659"><ele>41.57782251442703</ele><time>2023-05-26T09:09:30Z</time></trkpt><trkpt lat="22.25618955373821" lon="114.29207182037877"><ele>41.16367099617146</ele><time>2023-05-26T09:09:32Z</time></trkpt><trkpt lat="22.25618126273406" lon="114.29205404093388"><ele>40.98228916820753</ele><time>2023-05-26T09:09:34Z</time></trkpt><trkpt lat="22.25616864000818" lon="114.29203804859078"><ele>40.877013346997316</ele><time>2023-05-26T09:09:36Z</time></trkpt><trkpt lat="22.256155641065632" lon="114.29201914516725"><ele>40.855427597629394</ele><time>2023-05-26T09:09:38Z</time></trkpt><trkpt lat="22.256139554420454" lon="114.29199564250797"><ele>40.736069465250495</ele><time>2023-05-26T09:09:40Z</time></trkpt><trkpt lat="22.2561316503322" lon="114.29197447581713"><ele>40.505566775458114</ele><time>2023-05-26T09:09:42Z</time></trkpt><trkpt lat="22.256135613097204" lon="114.29195081515292"><ele>40.03877194064523</ele><time>2023-05-26T09:09:44Z</time></trkpt><trkpt lat="22.256140090333965" lon="114.2919297544392"><ele>39.69407898819851</ele><time>2023-05-26T09:09:46Z</time></trkpt><trkpt lat="22.256133619262574" lon="114.29191106098074"><ele>39.28707260200017</ele><time>2023-05-26T09:09:48Z</time></trkpt><trkpt lat="22.256119007721768" lon="114.29188579741256"><ele>38.90807639809885</ele><time>2023-05-26T09:09:50Z</time></trkpt><trkpt lat="22.25609701999738" lon="114.29186149634313"><ele>38.76320085388529</ele><time>2023-05-26T09:09:52Z</time></trkpt><trkpt lat="22.25607872238677" lon="114.29184650721022"><ele>38.65519367480297</ele><time>2023-05-26T09:09:54Z</time></trkpt><trkpt lat="22.25605697054985" lon="114.2918151312282"><ele>38.46420235176681</ele><time>2023-05-26T09:09:58Z</time></trkpt><trkpt lat="22.25605334646747" lon="114.2917953003093"><ele>38.24609478824815</ele><time>2023-05-26T09:10:00Z</time></trkpt><trkpt lat="22.256038616422966" lon="114.29176495373177"><ele>38.009342417835285</ele><time>2023-05-26T09:10:02Z</time></trkpt><trkpt lat="22.25602845144525" lon="114.2917371048997"><ele>37.92825765346992</ele><time>2023-05-26T09:10:04Z</time></trkpt><trkpt lat="22.256022490999793" lon="114.29171272332496"><ele>37.665578890615215</ele><time>2023-05-26T09:10:06Z</time></trkpt><trkpt lat="22.256005947775755" lon="114.29168427547931"><ele>37.4478235106187</ele><time>2023-05-26T09:10:10Z</time></trkpt><trkpt lat="22.25599040614392" lon="114.29165911885329"><ele>37.18449760545104</ele><time>2023-05-26T09:10:14Z</time></trkpt><trkpt lat="22.2559763505472" lon="114.29163870960141"><ele>36.86161017654413</ele><time>2023-05-26T09:10:18Z</time></trkpt><trkpt lat="22.255960555495296" lon="114.29162449161723"><ele>36.72177004813629</ele><time>2023-05-26T09:10:20Z</time></trkpt><trkpt lat="22.255942672968818" lon="114.29161954730625"><ele>36.92392047631973</ele><time>2023-05-26T09:10:22Z</time></trkpt><trkpt lat="22.255912843036906" lon="114.29159931526083"><ele>37.71137886531968</ele><time>2023-05-26T09:10:26Z</time></trkpt><trkpt lat="22.255895247300852" lon="114.29158648726921"><ele>37.7119571736225</ele><time>2023-05-26T09:10:28Z</time></trkpt><trkpt lat="22.25586995228068" lon="114.29157242255451"><ele>37.3866035811222</ele><time>2023-05-26T09:10:32Z</time></trkpt><trkpt lat="22.255843438349515" lon="114.29154592606945"><ele>36.79322785651658</ele><time>2023-05-26T09:10:36Z</time></trkpt><trkpt lat="22.255819530396334" lon="114.29151719251352"><ele>36.79347702146599</ele><time>2023-05-26T09:10:40Z</time></trkpt><trkpt lat="22.25580311578222" lon="114.29149553690539"><ele>36.28846951306466</ele><time>2023-05-26T09:10:44Z</time></trkpt><trkpt lat="22.25578875090221" lon="114.29147387092381"><ele>35.97487291887316</ele><time>2023-05-26T09:10:48Z</time></trkpt><trkpt lat="22.255773832480294" lon="114.29145213190414"><ele>35.819903109989994</ele><time>2023-05-26T09:10:52Z</time></trkpt><trkpt lat="22.255756537311267" lon="114.29142855133723"><ele>35.85072492943416</ele><time>2023-05-26T09:10:56Z</time></trkpt><trkpt lat="22.25573623507383" lon="114.29140624936026"><ele>35.96871477642994</ele><time>2023-05-26T09:11:00Z</time></trkpt><trkpt lat="22.255721089599813" lon="114.29137328110778"><ele>35.90275129576307</ele><time>2023-05-26T09:11:04Z</time></trkpt><trkpt lat="22.25571868477241" lon="114.29134873872586"><ele>35.81514140881777</ele><time>2023-05-26T09:11:06Z</time></trkpt><trkpt lat="22.25571559298884" lon="114.29132645816019"><ele>35.75032068649339</ele><time>2023-05-26T09:11:08Z</time></trkpt><trkpt lat="22.25570856155024" lon="114.29130652062084"><ele>35.80516116187949</ele><time>2023-05-26T09:11:10Z</time></trkpt><trkpt lat="22.25569951291434" lon="114.29128927288151"><ele>35.834357115025966</ele><time>2023-05-26T09:11:12Z</time></trkpt><trkpt lat="22.255688438585967" lon="114.29125267131616"><ele>35.83903935734026</ele><time>2023-05-26T09:11:16Z</time></trkpt><trkpt lat="22.255689425305395" lon="114.2912299780872"><ele>35.92096928424578</ele><time>2023-05-26T09:11:18Z</time></trkpt><trkpt lat="22.25569150483505" lon="114.29120585457122"><ele>35.664797130664695</ele><time>2023-05-26T09:11:20Z</time></trkpt><trkpt lat="22.255685721604515" lon="114.29117004295004"><ele>35.75817758156188</ele><time>2023-05-26T09:11:24Z</time></trkpt><trkpt lat="22.25567854237446" lon="114.29115020242216"><ele>35.568634283540376</ele><time>2023-05-26T09:11:26Z</time></trkpt><trkpt lat="22.25566439587226" lon="114.29111850245881"><ele>35.53446447587158</ele><time>2023-05-26T09:11:30Z</time></trkpt><trkpt lat="22.255654328535744" lon="114.29110143486211"><ele>35.52157032086746</ele><time>2023-05-26T09:11:32Z</time></trkpt><trkpt lat="22.255647395497565" lon="114.2910826711546"><ele>35.317699309974266</ele><time>2023-05-26T09:11:34Z</time></trkpt><trkpt lat="22.25563853938396" lon="114.29106472061132"><ele>35.33432109319802</ele><time>2023-05-26T09:11:36Z</time></trkpt><trkpt lat="22.255624896583644" lon="114.29103705330463"><ele>35.30865888533849</ele><time>2023-05-26T09:11:40Z</time></trkpt><trkpt lat="22.255610503154834" lon="114.29101231740472"><ele>34.32617269375324</ele><time>2023-05-26T09:11:44Z</time></trkpt><trkpt lat="22.25559897768019" lon="114.29099172918008"><ele>33.6600442718456</ele><time>2023-05-26T09:11:48Z</time></trkpt><trkpt lat="22.25559004592099" lon="114.290966028612"><ele>33.522831755477235</ele><time>2023-05-26T09:11:52Z</time></trkpt><trkpt lat="22.2555714503827" lon="114.29094023082688"><ele>33.12359152692984</ele><time>2023-05-26T09:11:56Z</time></trkpt><trkpt lat="22.255556886303765" lon="114.29091219030894"><ele>32.687020268606034</ele><time>2023-05-26T09:12:00Z</time></trkpt><trkpt lat="22.255525856618434" lon="114.29089617275902"><ele>32.211559936549214</ele><time>2023-05-26T09:12:04Z</time></trkpt><trkpt lat="22.25550633324216" lon="114.29089246174235"><ele>31.91136455317184</ele><time>2023-05-26T09:12:06Z</time></trkpt><trkpt lat="22.255487446043468" lon="114.29088312659317"><ele>31.67547830736108</ele><time>2023-05-26T09:12:08Z</time></trkpt><trkpt lat="22.255469145178147" lon="114.29086791312558"><ele>31.611322445278315</ele><time>2023-05-26T09:12:10Z</time></trkpt><trkpt lat="22.255448801379238" lon="114.29085174360831"><ele>31.57614312100733</ele><time>2023-05-26T09:12:12Z</time></trkpt><trkpt lat="22.255428372236757" lon="114.29084089790948"><ele>31.213515865788878</ele><time>2023-05-26T09:12:14Z</time></trkpt><trkpt lat="22.2554074544173" lon="114.29083686180519"><ele>30.98528651845639</ele><time>2023-05-26T09:12:16Z</time></trkpt><trkpt lat="22.255391840324574" lon="114.29082487735913"><ele>30.63120561961811</ele><time>2023-05-26T09:12:18Z</time></trkpt><trkpt lat="22.255374805928263" lon="114.29081462352967"><ele>30.875624694551025</ele><time>2023-05-26T09:12:20Z</time></trkpt><trkpt lat="22.25534856982793" lon="114.2908008933882"><ele>30.69064325910353</ele><time>2023-05-26T09:12:24Z</time></trkpt><trkpt lat="22.255316479487295" lon="114.29077951214957"><ele>30.16279583612516</ele><time>2023-05-26T09:12:28Z</time></trkpt><trkpt lat="22.255298254740676" lon="114.29076522440783"><ele>29.99524285437357</ele><time>2023-05-26T09:12:30Z</time></trkpt><trkpt lat="22.255282458619565" lon="114.29075246958136"><ele>29.950831229098895</ele><time>2023-05-26T09:12:32Z</time></trkpt><trkpt lat="22.25526229281235" lon="114.2907407603686"><ele>29.902972069715773</ele><time>2023-05-26T09:12:36Z</time></trkpt><trkpt lat="22.25524383779532" lon="114.29071791200947"><ele>29.564873468504615</ele><time>2023-05-26T09:12:42Z</time></trkpt><trkpt lat="22.255221130366007" lon="114.29068769395528"><ele>29.437921210762667</ele><time>2023-05-26T09:12:46Z</time></trkpt><trkpt lat="22.25520697857252" lon="114.2906720543779"><ele>29.102599245851447</ele><time>2023-05-26T09:12:48Z</time></trkpt><trkpt lat="22.25518491907722" lon="114.29065784683124"><ele>28.413626224434275</ele><time>2023-05-26T09:12:52Z</time></trkpt><trkpt lat="22.255163227405387" lon="114.29064437694471"><ele>27.849338658840463</ele><time>2023-05-26T09:12:56Z</time></trkpt><trkpt lat="22.25513254801808" lon="114.29062016410909"><ele>27.43170479378792</ele><time>2023-05-26T09:13:00Z</time></trkpt><trkpt lat="22.255114801396786" lon="114.29060440515191"><ele>27.25263849406784</ele><time>2023-05-26T09:13:02Z</time></trkpt><trkpt lat="22.255100486444093" lon="114.29058982402215"><ele>27.188283514049342</ele><time>2023-05-26T09:13:04Z</time></trkpt><trkpt lat="22.25508087198605" lon="114.29055825011126"><ele>27.47227137930494</ele><time>2023-05-26T09:13:08Z</time></trkpt><trkpt lat="22.255064011371303" lon="114.29053327952232"><ele>27.074477049733414</ele><time>2023-05-26T09:13:12Z</time></trkpt><trkpt lat="22.25505194908112" lon="114.29051534492163"><ele>26.985201772692996</ele><time>2023-05-26T09:13:14Z</time></trkpt><trkpt lat="22.255027261824115" lon="114.29049825525337"><ele>26.4034572386735</ele><time>2023-05-26T09:13:18Z</time></trkpt><trkpt lat="22.25500943367378" lon="114.29047540587192"><ele>25.770265672084488</ele><time>2023-05-26T09:13:22Z</time></trkpt><trkpt lat="22.255016245271698" lon="114.29044432341232"><ele>25.515002275996427</ele><time>2023-05-26T09:13:26Z</time></trkpt><trkpt lat="22.25501119635055" lon="114.2904041905965"><ele>25.32493429426201</ele><time>2023-05-26T09:13:30Z</time></trkpt><trkpt lat="22.2550094603579" lon="114.29037741478439"><ele>25.37049545391187</ele><time>2023-05-26T09:13:32Z</time></trkpt><trkpt lat="22.25500722701906" lon="114.29035657424822"><ele>25.217971746840337</ele><time>2023-05-26T09:13:34Z</time></trkpt><trkpt lat="22.254999476186107" lon="114.29032038641836"><ele>25.366262831338734</ele><time>2023-05-26T09:13:38Z</time></trkpt><trkpt lat="22.255001488470956" lon="114.29029973782288"><ele>25.38439962378115</ele><time>2023-05-26T09:13:40Z</time></trkpt><trkpt lat="22.25500193590625" lon="114.29027733782915"><ele>25.370617027438946</ele><time>2023-05-26T09:13:42Z</time></trkpt><trkpt lat="22.255003765334017" lon="114.29025634328424"><ele>25.262172072949923</ele><time>2023-05-26T09:13:44Z</time></trkpt><trkpt lat="22.25500587046655" lon="114.29023681534213"><ele>25.123337210334448</ele><time>2023-05-26T09:13:46Z</time></trkpt><trkpt lat="22.255000675173477" lon="114.29021699758108"><ele>24.94231431557782</ele><time>2023-05-26T09:13:48Z</time></trkpt><trkpt lat="22.25499894413384" lon="114.29019668856805"><ele>24.86765818776074</ele><time>2023-05-26T09:13:50Z</time></trkpt><trkpt lat="22.25499367069334" lon="114.29017522637119"><ele>24.682524489062992</ele><time>2023-05-26T09:13:52Z</time></trkpt><trkpt lat="22.254979395743973" lon="114.29014331221354"><ele>23.559760939556313</ele><time>2023-05-26T09:13:56Z</time></trkpt><trkpt lat="22.25496227539587" lon="114.29011776056544"><ele>22.414091179696406</ele><time>2023-05-26T09:14:00Z</time></trkpt><trkpt lat="22.2549619251501" lon="114.29007949364178"><ele>21.875928281149</ele><time>2023-05-26T09:14:04Z</time></trkpt><trkpt lat="22.254970261258208" lon="114.2900596980455"><ele>22.080346002576693</ele><time>2023-05-26T09:14:06Z</time></trkpt><trkpt lat="22.25497983867861" lon="114.29004132534338"><ele>22.43851631342359</ele><time>2023-05-26T09:14:08Z</time></trkpt><trkpt lat="22.254993176446995" lon="114.29000233738677"><ele>23.48375109645107</ele><time>2023-05-26T09:14:12Z</time></trkpt><trkpt lat="22.25499555462765" lon="114.28997898797671"><ele>23.42401827811264</ele><time>2023-05-26T09:14:14Z</time></trkpt><trkpt lat="22.25498940890668" lon="114.28995099304122"><ele>23.153778163622068</ele><time>2023-05-26T09:14:16Z</time></trkpt><trkpt lat="22.25498032926742" lon="114.28992360684359"><ele>22.789008187057355</ele><time>2023-05-26T09:14:18Z</time></trkpt><trkpt lat="22.25497491573104" lon="114.28989932127887"><ele>22.59878318548494</ele><time>2023-05-26T09:14:20Z</time></trkpt><trkpt lat="22.25496775177646" lon="114.28987852161045"><ele>22.3794346061649</ele><time>2023-05-26T09:14:22Z</time></trkpt><trkpt lat="22.254958880538375" lon="114.28985949429882"><ele>22.17218082459452</ele><time>2023-05-26T09:14:24Z</time></trkpt><trkpt lat="22.254943711830496" lon="114.28984066854053"><ele>21.35279606485484</ele><time>2023-05-26T09:14:28Z</time></trkpt><trkpt lat="22.25492471064645" lon="114.28981134601612"><ele>20.26098521151595</ele><time>2023-05-26T09:14:40Z</time></trkpt><trkpt lat="22.254917034902082" lon="114.28978330857339"><ele>20.355508570289167</ele><time>2023-05-26T09:14:44Z</time></trkpt><trkpt lat="22.254910905954148" lon="114.2897527155439"><ele>20.58484768869036</ele><time>2023-05-26T09:14:48Z</time></trkpt><trkpt lat="22.25490414436712" lon="114.28973026559474"><ele>20.665272541768974</ele><time>2023-05-26T09:14:52Z</time></trkpt><trkpt lat="22.25488634725549" lon="114.28971471681972"><ele>20.30726824453342</ele><time>2023-05-26T09:15:02Z</time></trkpt><trkpt lat="22.2548648860988" lon="114.28972365802855"><ele>20.3388719921998</ele><time>2023-05-26T09:15:06Z</time></trkpt><trkpt lat="22.254843755539614" lon="114.28970493390841"><ele>20.341960174921716</ele><time>2023-05-26T09:15:10Z</time></trkpt><trkpt lat="22.254810677846155" lon="114.28968947278143"><ele>20.30478140762119</ele><time>2023-05-26T09:15:14Z</time></trkpt><trkpt lat="22.254787621410923" lon="114.2896825376832"><ele>21.098558531031706</ele><time>2023-05-26T09:15:16Z</time></trkpt><trkpt lat="22.254761038640748" lon="114.28967951233484"><ele>19.456680135063174</ele><time>2023-05-26T09:15:18Z</time></trkpt><trkpt lat="22.25474075031516" lon="114.28967391666596"><ele>19.548338183975357</ele><time>2023-05-26T09:15:20Z</time></trkpt><trkpt lat="22.25471899727768" lon="114.28967695107578"><ele>19.206384743990792</ele><time>2023-05-26T09:15:22Z</time></trkpt><trkpt lat="22.2546986890354" lon="114.28968049100857"><ele>19.62691418965152</ele><time>2023-05-26T09:15:24Z</time></trkpt><trkpt lat="22.25466953620145" lon="114.28967385008356"><ele>19.406111308014747</ele><time>2023-05-26T09:15:30Z</time></trkpt><trkpt lat="22.25465099388955" lon="114.28967290564499"><ele>19.060882142879493</ele><time>2023-05-26T09:15:34Z</time></trkpt><trkpt lat="22.254625793883292" lon="114.28967376871856"><ele>18.850402087890092</ele><time>2023-05-26T09:15:40Z</time></trkpt><trkpt lat="22.254616806353603" lon="114.28969136217621"><ele>17.753591092926342</ele><time>2023-05-26T09:16:00Z</time></trkpt><trkpt lat="22.25459742428116" lon="114.28966424561939"><ele>15.887516545544415</ele><time>2023-05-26T09:16:08Z</time></trkpt><trkpt lat="22.25461952636867" lon="114.28964289825522"><ele>15.656458879224985</ele><time>2023-05-26T09:16:12Z</time></trkpt><trkpt lat="22.25460831080557" lon="114.2896215931232"><ele>15.082886172258371</ele><time>2023-05-26T09:16:16Z</time></trkpt><trkpt lat="22.25457748843514" lon="114.28955704328119"><ele>14.852182407160258</ele><time>2023-05-26T09:16:22Z</time></trkpt><trkpt lat="22.25457820496104" lon="114.28951333206675"><ele>14.553078919016299</ele><time>2023-05-26T09:16:28Z</time></trkpt><trkpt lat="22.254605058170586" lon="114.28949058884602"><ele>14.315742008407431</ele><time>2023-05-26T09:16:36Z</time></trkpt><trkpt lat="22.254579080398564" lon="114.28949321329056"><ele>14.059212183207752</ele><time>2023-05-26T09:17:02Z</time></trkpt><trkpt lat="22.254571259789465" lon="114.28951584855248"><ele>14.09060786641871</ele><time>2023-05-26T09:17:06Z</time></trkpt><trkpt lat="22.254590115343678" lon="114.28954246578117"><ele>13.96425521804746</ele><time>2023-05-26T09:17:10Z</time></trkpt><trkpt lat="22.254596836696898" lon="114.28956120288197"><ele>13.864877654285454</ele><time>2023-05-26T09:17:12Z</time></trkpt><trkpt lat="22.254573221308142" lon="114.289547216191"><ele>14.647556958661415</ele><time>2023-05-26T09:17:20Z</time></trkpt><trkpt lat="22.254601356152346" lon="114.28953436138504"><ele>13.618627364101174</ele><time>2023-05-26T09:17:40Z</time></trkpt><trkpt lat="22.254573199572373" lon="114.28958750179385"><ele>12.415416484954818</ele><time>2023-05-26T09:17:56Z</time></trkpt><trkpt lat="22.25455523552717" lon="114.28959661498381"><ele>12.346858251204056</ele><time>2023-05-26T09:18:00Z</time></trkpt><trkpt lat="22.25453479184296" lon="114.28960622173541"><ele>12.313620667137025</ele><time>2023-05-26T09:18:02Z</time></trkpt><trkpt lat="22.25451379895421" lon="114.28962114351444"><ele>12.305061935732846</ele><time>2023-05-26T09:18:06Z</time></trkpt><trkpt lat="22.254529942801753" lon="114.2895873541031"><ele>12.288655657210686</ele><time>2023-05-26T09:18:12Z</time></trkpt><trkpt lat="22.254548709905862" lon="114.28955255693073"><ele>12.218883851233482</ele><time>2023-05-26T09:18:14Z</time></trkpt><trkpt lat="22.254525584669558" lon="114.28954169713673"><ele>14.243679653053247</ele><time>2023-05-26T09:18:20Z</time></trkpt><trkpt lat="22.254585406117805" lon="114.28957423986462"><ele>13.956601810391417</ele><time>2023-05-26T09:18:32Z</time></trkpt><trkpt lat="22.254578322808044" lon="114.2896019724239"><ele>13.474432428243535</ele><time>2023-05-26T09:18:46Z</time></trkpt><trkpt lat="22.25458782547147" lon="114.28962502173235"><ele>13.170779016530748</ele><time>2023-05-26T09:18:54Z</time></trkpt><trkpt lat="22.254607243468612" lon="114.2896007777188"><ele>13.253519389674668</ele><time>2023-05-26T09:19:14Z</time></trkpt><trkpt lat="22.25463152357926" lon="114.28962991989353"><ele>12.898345239683481</ele><time>2023-05-26T09:19:18Z</time></trkpt><trkpt lat="22.25465787798658" lon="114.289619616146"><ele>11.967603308028648</ele><time>2023-05-26T09:19:30Z</time></trkpt><trkpt lat="22.254673286443076" lon="114.28959840179458"><ele>11.816858356587353</ele><time>2023-05-26T09:19:36Z</time></trkpt><trkpt lat="22.254645093813732" lon="114.28963360928621"><ele>11.53461358140339</ele><time>2023-05-26T09:21:52Z</time></trkpt><trkpt lat="22.254655576146764" lon="114.28966666321779"><ele>10.70598588587837</ele><time>2023-05-26T09:22:02Z</time></trkpt><trkpt lat="22.25467957367063" lon="114.28965828543666"><ele>10.381324374800279</ele><time>2023-05-26T09:22:06Z</time></trkpt><trkpt lat="22.25465055475555" lon="114.28970897440381"><ele>10.768529392941481</ele><time>2023-05-26T09:22:18Z</time></trkpt><trkpt lat="22.254672865879567" lon="114.28970392434248"><ele>9.660817178038288</ele><time>2023-05-26T09:22:22Z</time></trkpt><trkpt lat="22.254660102059866" lon="114.289676901304"><ele>9.36265586819033</ele><time>2023-05-26T09:22:30Z</time></trkpt><trkpt lat="22.254650068765557" lon="114.2896513634756"><ele>9.497681424011855</ele><time>2023-05-26T09:22:34Z</time></trkpt><trkpt lat="22.25465454396987" lon="114.28960127560454"><ele>9.368935603421955</ele><time>2023-05-26T09:22:52Z</time></trkpt><trkpt lat="22.25464932398473" lon="114.2896669226745"><ele>9.283036657551364</ele><time>2023-05-26T09:25:28Z</time></trkpt><trkpt lat="22.25463656829281" lon="114.28960078275507"><ele>9.709434821019507</ele><time>2023-05-26T09:26:04Z</time></trkpt><trkpt lat="22.2546668640769" lon="114.28962271108107"><ele>10.195192952050261</ele><time>2023-05-26T09:26:20Z</time></trkpt><trkpt lat="22.254630864309654" lon="114.28956550979609"><ele>10.46785301055268</ele><time>2023-05-26T09:26:44Z</time></trkpt><trkpt lat="22.254636400419585" lon="114.28958566057842"><ele>10.844043480229672</ele><time>2023-05-26T09:27:10Z</time></trkpt><trkpt lat="22.254644825313726" lon="114.28962030684895"><ele>11.908207892601752</ele><time>2023-05-26T09:28:12Z</time></trkpt><trkpt lat="22.25466383660015" lon="114.28961328271434"><ele>11.932690795120092</ele><time>2023-05-26T09:28:16Z</time></trkpt><trkpt lat="22.25468590600499" lon="114.28959856191939"><ele>12.033322407324274</ele><time>2023-05-26T09:28:32Z</time></trkpt><trkpt lat="22.254728383297998" lon="114.2896533932153"><ele>11.92590711926948</ele><time>2023-05-26T09:28:40Z</time></trkpt><trkpt lat="22.2547115266089" lon="114.2896385136408"><ele>12.376373668764442</ele><time>2023-05-26T09:28:42Z</time></trkpt><trkpt lat="22.254684790408458" lon="114.28959683816423"><ele>12.593812860727834</ele><time>2023-05-26T09:28:44Z</time></trkpt><trkpt lat="22.25466591608407" lon="114.28959953928232"><ele>12.735899300949029</ele><time>2023-05-26T09:30:00Z</time></trkpt><trkpt lat="22.254638316691725" lon="114.28960712059177"><ele>12.663297705251933</ele><time>2023-05-26T09:30:26Z</time></trkpt><trkpt lat="22.254675803730663" lon="114.28961994315893"><ele>12.791649074866992</ele><time>2023-05-26T09:30:40Z</time></trkpt><trkpt lat="22.25469212048486" lon="114.28963727869927"><ele>12.935609414843498</ele><time>2023-05-26T09:30:42Z</time></trkpt><trkpt lat="22.254710117728017" lon="114.28967488730441"><ele>12.305822720798343</ele><time>2023-05-26T09:30:44Z</time></trkpt><trkpt lat="22.25471907818587" lon="114.28969928435467"><ele>12.05510694233895</ele><time>2023-05-26T09:30:46Z</time></trkpt><trkpt lat="22.254737907143376" lon="114.28969242281364"><ele>11.827551357866096</ele><time>2023-05-26T09:30:52Z</time></trkpt><trkpt lat="22.254720294812763" lon="114.28968217758025"><ele>11.841388905213165</ele><time>2023-05-26T09:30:54Z</time></trkpt><trkpt lat="22.25468684710901" lon="114.28966195359362"><ele>12.360360126906782</ele><time>2023-05-26T09:30:58Z</time></trkpt><trkpt lat="22.2546678304939" lon="114.28962903509611"><ele>12.923729283177874</ele><time>2023-05-26T09:31:02Z</time></trkpt><trkpt lat="22.254663429530535" lon="114.28958821621629"><ele>13.291986850995624</ele><time>2023-05-26T09:31:04Z</time></trkpt><trkpt lat="22.25465664425949" lon="114.28956877343612"><ele>13.339286526535822</ele><time>2023-05-26T09:31:06Z</time></trkpt><trkpt lat="22.25464969465772" lon="114.28954895937977"><ele>13.139799565893407</ele><time>2023-05-26T09:31:08Z</time></trkpt><trkpt lat="22.254647093110904" lon="114.2895203758217"><ele>13.86206776325189</ele><time>2023-05-26T09:31:12Z</time></trkpt><trkpt lat="22.25467217692749" lon="114.28951104111034"><ele>13.484859704874447</ele><time>2023-05-26T09:31:16Z</time></trkpt><trkpt lat="22.254682743173376" lon="114.28949018528898"><ele>12.944757945257653</ele><time>2023-05-26T09:31:22Z</time></trkpt><trkpt lat="22.254661977103314" lon="114.28946998108142"><ele>13.068206203574196</ele><time>2023-05-26T09:31:28Z</time></trkpt><trkpt lat="22.25463137813447" lon="114.28945803498206"><ele>12.942971430387965</ele><time>2023-05-26T09:31:32Z</time></trkpt><trkpt lat="22.254609322210626" lon="114.28945239222708"><ele>12.867491167458681</ele><time>2023-05-26T09:31:36Z</time></trkpt><trkpt lat="22.254581787551896" lon="114.28944957376991"><ele>12.994701373325169</ele><time>2023-05-26T09:31:40Z</time></trkpt><trkpt lat="22.254552532049622" lon="114.28942737866362"><ele>13.902686588312767</ele><time>2023-05-26T09:31:44Z</time></trkpt><trkpt lat="22.254533295527093" lon="114.28941877614983"><ele>13.893797791448142</ele><time>2023-05-26T09:31:46Z</time></trkpt><trkpt lat="22.254515062228496" lon="114.28941356314836"><ele>14.160167980981544</ele><time>2023-05-26T09:31:48Z</time></trkpt><trkpt lat="22.254496796707258" lon="114.28941030649344"><ele>14.222964451838346</ele><time>2023-05-26T09:31:50Z</time></trkpt><trkpt lat="22.254478266283048" lon="114.28940561403745"><ele>14.177770555917203</ele><time>2023-05-26T09:31:52Z</time></trkpt><trkpt lat="22.254460833667697" lon="114.2894006992805"><ele>13.266504657368568</ele><time>2023-05-26T09:31:54Z</time></trkpt><trkpt lat="22.254433500876207" lon="114.28938211464434"><ele>11.019677547921416</ele><time>2023-05-26T09:31:58Z</time></trkpt><trkpt lat="22.25442132517731" lon="114.2893671136553"><ele>10.407360973069906</ele><time>2023-05-26T09:32:00Z</time></trkpt><trkpt lat="22.254400648563166" lon="114.28934996085417"><ele>10.13268608817683</ele><time>2023-05-26T09:32:04Z</time></trkpt><trkpt lat="22.254389517304247" lon="114.28933002092005"><ele>10.070191550004829</ele><time>2023-05-26T09:32:08Z</time></trkpt><trkpt lat="22.25438217869328" lon="114.28930215616307"><ele>10.226751706981108</ele><time>2023-05-26T09:32:12Z</time></trkpt><trkpt lat="22.25437405975756" lon="114.28928471174252"><ele>10.336669883732737</ele><time>2023-05-26T09:32:14Z</time></trkpt><trkpt lat="22.254359623300587" lon="114.28925721108192"><ele>10.484318015886474</ele><time>2023-05-26T09:32:18Z</time></trkpt><trkpt lat="22.254348459636105" lon="114.28923979114977"><ele>10.547070586369259</ele><time>2023-05-26T09:32:20Z</time></trkpt><trkpt lat="22.254339878836724" lon="114.28921299765699"><ele>10.661532330369083</ele><time>2023-05-26T09:32:22Z</time></trkpt><trkpt lat="22.254337236449537" lon="114.28919037404667"><ele>10.88348350138047</ele><time>2023-05-26T09:32:24Z</time></trkpt><trkpt lat="22.25434027851357" lon="114.2891689136474"><ele>10.958514120198187</ele><time>2023-05-26T09:32:26Z</time></trkpt><trkpt lat="22.254363778273433" lon="114.28917371526744"><ele>9.940555086149098</ele><time>2023-05-26T09:32:30Z</time></trkpt><trkpt lat="22.254381896073006" lon="114.28918332850955"><ele>9.390337582831913</ele><time>2023-05-26T09:32:32Z</time></trkpt><trkpt lat="22.254405214437927" lon="114.28919544466454"><ele>9.154360753861322</ele><time>2023-05-26T09:32:34Z</time></trkpt><trkpt lat="22.25442852571718" lon="114.28920929768815"><ele>8.897358550430301</ele><time>2023-05-26T09:32:36Z</time></trkpt><trkpt lat="22.25446222622945" lon="114.28921302251068"><ele>8.34261305987383</ele><time>2023-05-26T09:32:40Z</time></trkpt><trkpt lat="22.254478948877942" lon="114.2891850404004"><ele>7.719314574802919</ele><time>2023-05-26T09:32:44Z</time></trkpt><trkpt lat="22.254488245274505" lon="114.28916819012696"><ele>7.60869372366086</ele><time>2023-05-26T09:32:46Z</time></trkpt><trkpt lat="22.254518311498288" lon="114.2891463585676"><ele>7.2838832184711935</ele><time>2023-05-26T09:32:50Z</time></trkpt><trkpt lat="22.25452945621328" lon="114.2891291117071"><ele>7.027666724385149</ele><time>2023-05-26T09:32:52Z</time></trkpt><trkpt lat="22.254549312784786" lon="114.28909980245068"><ele>6.45235724191437</ele><time>2023-05-26T09:32:56Z</time></trkpt><trkpt lat="22.25456040530588" lon="114.28908365052658"><ele>6.015769443620114</ele><time>2023-05-26T09:32:58Z</time></trkpt><trkpt lat="22.25457507282305" lon="114.28905572972626"><ele>5.494422680953779</ele><time>2023-05-26T09:33:02Z</time></trkpt><trkpt lat="22.25459819344072" lon="114.28902791514511"><ele>5.580011488734042</ele><time>2023-05-26T09:33:06Z</time></trkpt><trkpt lat="22.254607180101427" lon="114.2890109859024"><ele>5.401376090327493</ele><time>2023-05-26T09:33:08Z</time></trkpt><trkpt lat="22.25462258322614" lon="114.28898308010936"><ele>4.86842939624958</ele><time>2023-05-26T09:33:12Z</time></trkpt><trkpt lat="22.25463401078126" lon="114.28896802424599"><ele>4.359365717472343</ele><time>2023-05-26T09:33:14Z</time></trkpt><trkpt lat="22.254653062168384" lon="114.28894894608217"><ele>4.041613727924506</ele><time>2023-05-26T09:33:18Z</time></trkpt><trkpt lat="22.254671577122686" lon="114.28893168700407"><ele>4.156111096538989</ele><time>2023-05-26T09:33:22Z</time></trkpt><trkpt lat="22.254687927683133" lon="114.28891385783935"><ele>3.9963515005299515</ele><time>2023-05-26T09:33:26Z</time></trkpt><trkpt lat="22.254700333058818" lon="114.28889494175095"><ele>3.4061785785029626</ele><time>2023-05-26T09:33:30Z</time></trkpt><trkpt lat="22.254708050051132" lon="114.28886850003607"><ele>3.233136803692987</ele><time>2023-05-26T09:33:34Z</time></trkpt><trkpt lat="22.254730236917723" lon="114.28884811404573"><ele>3.6942833875417267</ele><time>2023-05-26T09:34:38Z</time></trkpt><trkpt lat="22.254745699988987" lon="114.2888324100922"><ele>3.6291072355140375</ele><time>2023-05-26T09:34:40Z</time></trkpt><trkpt lat="22.254764048592467" lon="114.28881186894048"><ele>3.6239104199176415</ele><time>2023-05-26T09:34:44Z</time></trkpt><trkpt lat="22.254766970070534" lon="114.28878483524883"><ele>3.5777646958146483</ele><time>2023-05-26T09:34:48Z</time></trkpt><trkpt lat="22.254788067712862" lon="114.2887736422206"><ele>2.8468776681156807</ele><time>2023-05-26T09:34:54Z</time></trkpt><trkpt lat="22.254790888443402" lon="114.28875242608144"><ele>3.2024179237020465</ele><time>2023-05-26T09:35:22Z</time></trkpt><trkpt lat="22.254812164935082" lon="114.2887369022057"><ele>3.296106196505648</ele><time>2023-05-26T09:35:36Z</time></trkpt><trkpt lat="22.25483040565105" lon="114.28871401805365"><ele>2.28967355389049</ele><time>2023-05-26T09:35:50Z</time></trkpt><trkpt lat="22.254831525136222" lon="114.28869424314341"><ele>2.2837761047075986</ele><time>2023-05-26T09:35:52Z</time></trkpt><trkpt lat="22.254831103396295" lon="114.28866694426259"><ele>2.4520713367857625</ele><time>2023-05-26T09:35:56Z</time></trkpt><trkpt lat="22.254847538809464" lon="114.28867984553169"><ele>0.627967440125756</ele><time>2023-05-26T09:36:20Z</time></trkpt><trkpt lat="22.25488255636686" lon="114.28871617989027"><ele>1.4054895639823661</ele><time>2023-05-26T09:36:36Z</time></trkpt><trkpt lat="22.254881597121464" lon="114.28868871296802"><ele>1.4804677795618773</ele><time>2023-05-26T09:39:22Z</time></trkpt><trkpt lat="22.254860677891585" lon="114.28869292486719"><ele>1.8817797061055899</ele><time>2023-05-26T09:39:54Z</time></trkpt><trkpt lat="22.254840434179894" lon="114.28868153719968"><ele>2.51230223570019</ele><time>2023-05-26T09:39:56Z</time></trkpt><trkpt lat="22.25482102761272" lon="114.28866454770932"><ele>3.150131835602224</ele><time>2023-05-26T09:39:58Z</time></trkpt><trkpt lat="22.25479946545955" lon="114.28865196988869"><ele>4.007680559530854</ele><time>2023-05-26T09:40:00Z</time></trkpt><trkpt lat="22.25477943110791" lon="114.28864220389842"><ele>4.517106957733631</ele><time>2023-05-26T09:40:02Z</time></trkpt><trkpt lat="22.254764952809875" lon="114.28862742596615"><ele>4.412721582688391</ele><time>2023-05-26T09:40:04Z</time></trkpt><trkpt lat="22.25475627204273" lon="114.28860624650338"><ele>4.089971208944917</ele><time>2023-05-26T09:40:08Z</time></trkpt><trkpt lat="22.254775279428166" lon="114.28863048606848"><ele>4.466162271797657</ele><time>2023-05-26T09:40:14Z</time></trkpt><trkpt lat="22.254800967473262" lon="114.28863658557839"><ele>4.457953339442611</ele><time>2023-05-26T09:40:16Z</time></trkpt><trkpt lat="22.254824771697635" lon="114.28864554345678"><ele>4.481758458539844</ele><time>2023-05-26T09:40:18Z</time></trkpt><trkpt lat="22.2548567969264" lon="114.28865664204953"><ele>4.488083804957569</ele><time>2023-05-26T09:40:20Z</time></trkpt><trkpt lat="22.254895063048494" lon="114.28865685929249"><ele>4.472481228411198</ele><time>2023-05-26T09:40:22Z</time></trkpt><trkpt lat="22.254932506443026" lon="114.28865718363467"><ele>4.604067326523364</ele><time>2023-05-26T09:40:24Z</time></trkpt><trkpt lat="22.254977461169943" lon="114.28865041305849"><ele>4.728035069070756</ele><time>2023-05-26T09:40:26Z</time></trkpt><trkpt lat="22.255030133416184" lon="114.28863086910543"><ele>4.763514360412955</ele><time>2023-05-26T09:40:28Z</time></trkpt><trkpt lat="22.255081884571105" lon="114.28860675366363"><ele>4.575633263215423</ele><time>2023-05-26T09:40:30Z</time></trkpt><trkpt lat="22.255135854538587" lon="114.28857154951746"><ele>4.2456385008990765</ele><time>2023-05-26T09:40:32Z</time></trkpt><trkpt lat="22.25519256024061" lon="114.28853218582175"><ele>3.879108287394047</ele><time>2023-05-26T09:40:34Z</time></trkpt><trkpt lat="22.25524091405828" lon="114.2884906945057"><ele>3.398567802272737</ele><time>2023-05-26T09:40:36Z</time></trkpt><trkpt lat="22.255297332351244" lon="114.28845685206318"><ele>3.102066750638187</ele><time>2023-05-26T09:40:38Z</time></trkpt><trkpt lat="22.25532483779322" lon="114.28843765916619"><ele>2.7946044579148293</ele><time>2023-05-26T09:40:38.923Z</time></trkpt><trkpt lat="22.255413905719408" lon="114.28837319077013"><ele>2.194185803644359</ele><time>2023-05-26T09:40:42Z</time></trkpt><trkpt lat="22.255477686215162" lon="114.28832682545722"><ele>2.01662839949131</ele><time>2023-05-26T09:40:44Z</time></trkpt><trkpt lat="22.255541837566188" lon="114.28828176286638"><ele>2.510711621493101</ele><time>2023-05-26T09:40:46Z</time></trkpt><trkpt lat="22.255604823215695" lon="114.28823726074125"><ele>2.96917955391109</ele><time>2023-05-26T09:40:48Z</time></trkpt></trkseg></trk></gpx>