<?xml version='1.0' encoding='UTF-8' ?><gpx version="1.1" creator="HikingTrailHK" xsi:schemaLocation="http://www.topografix.com/GPX/1/1 http://www.topografix.com/GPX/1/1/gpx.xsd" xmlns="http://www.topografix.com/GPX/1/1" xmlns:xsi="http://www.w3.org/2001/XMLSchema-instance"><metadata><name>我的轨迹 @ 2023-09-23 09:50:43</name><desc></desc></metadata><trk><trkseg><trkpt lat="22.24882178770953" lon="113.94265468797488"><ele>336.18718758877367</ele><time>2023-09-23T01:50:43.483Z</time></trkpt><trkpt lat="22.24879793461116" lon="113.9426369262052"><ele>336.4147925665602</ele><time>2023-09-23T01:50:46Z</time></trkpt><trkpt lat="22.24878335885155" lon="113.9426590722477"><ele>338.70126165729016</ele><time>2023-09-23T01:50:48Z</time></trkpt><trkpt lat="22.248755799201476" lon="113.94268746509643"><ele>339.7414836520329</ele><time>2023-09-23T01:50:52Z</time></trkpt><trkpt lat="22.248738010607727" lon="113.94270196717729"><ele>340.80697263311595</ele><time>2023-09-23T01:50:54Z</time></trkpt><trkpt lat="22.248730056843012" lon="113.94272215430692"><ele>341.39213681034744</ele><time>2023-09-23T01:50:56Z</time></trkpt><trkpt lat="22.248714698353588" lon="113.94274639598926"><ele>339.87339835520834</ele><time>2023-09-23T01:50:58Z</time></trkpt><trkpt lat="22.248700476720835" lon="113.94276079627925"><ele>337.967770957388</ele><time>2023-09-23T01:51:00Z</time></trkpt><trkpt lat="22.248679670938568" lon="113.94277296881248"><ele>338.4898642813787</ele><time>2023-09-23T01:51:02Z</time></trkpt><trkpt lat="22.24865554363329" lon="113.94279448318731"><ele>337.9966831598431</ele><time>2023-09-23T01:51:04Z</time></trkpt><trkpt lat="22.24863442400288" lon="113.94280802877438"><ele>338.0144284693524</ele><time>2023-09-23T01:51:06Z</time></trkpt><trkpt lat="22.24860983497524" lon="113.94281840653969"><ele>337.5247104158625</ele><time>2023-09-23T01:51:08Z</time></trkpt><trkpt lat="22.248587764302826" lon="113.94282423781048"><ele>337.6726372130215</ele><time>2023-09-23T01:51:10Z</time></trkpt><trkpt lat="22.24857012977559" lon="113.94283340561161"><ele>337.9147512204945</ele><time>2023-09-23T01:51:12Z</time></trkpt><trkpt lat="22.248550095685733" lon="113.94284668929063"><ele>337.9263568650931</ele><time>2023-09-23T01:51:14Z</time></trkpt><trkpt lat="22.248531117639615" lon="113.94285696800489"><ele>338.2279444588348</ele><time>2023-09-23T01:51:16Z</time></trkpt><trkpt lat="22.248515351056387" lon="113.94287410822297"><ele>338.72681941185147</ele><time>2023-09-23T01:51:18Z</time></trkpt><trkpt lat="22.248503061455946" lon="113.94290044167765"><ele>338.43910284806043</ele><time>2023-09-23T01:51:20Z</time></trkpt><trkpt lat="22.248486692624255" lon="113.9429212656127"><ele>338.32309651374817</ele><time>2023-09-23T01:51:22Z</time></trkpt><trkpt lat="22.248466126628298" lon="113.94293631628656"><ele>337.8708532284945</ele><time>2023-09-23T01:51:24Z</time></trkpt><trkpt lat="22.24844205630148" lon="113.94294731786461"><ele>334.77197678201924</ele><time>2023-09-23T01:51:26Z</time></trkpt><trkpt lat="22.248420549867614" lon="113.94295545031864"><ele>334.91164500428323</ele><time>2023-09-23T01:51:28Z</time></trkpt><trkpt lat="22.248398653803175" lon="113.94297595266141"><ele>334.8643252624537</ele><time>2023-09-23T01:51:30Z</time></trkpt><trkpt lat="22.248380019186897" lon="113.94299540187629"><ele>335.50414149584174</ele><time>2023-09-23T01:51:32Z</time></trkpt><trkpt lat="22.24836466843818" lon="113.94301242345429"><ele>336.17933232917414</ele><time>2023-09-23T01:51:34Z</time></trkpt><trkpt lat="22.248339605186896" lon="113.94302802498959"><ele>337.1130486358</ele><time>2023-09-23T01:51:38Z</time></trkpt><trkpt lat="22.248315261311916" lon="113.94304264792446"><ele>337.2408119246669</ele><time>2023-09-23T01:51:40Z</time></trkpt><trkpt lat="22.248295554463425" lon="113.94305972229412"><ele>337.1925694183683</ele><time>2023-09-23T01:51:42Z</time></trkpt><trkpt lat="22.24828000386747" lon="113.94307460745908"><ele>336.6396969158941</ele><time>2023-09-23T01:51:44Z</time></trkpt><trkpt lat="22.248264067046676" lon="113.94308685137037"><ele>336.6464997771904</ele><time>2023-09-23T01:51:46Z</time></trkpt><trkpt lat="22.248237165435" lon="113.9430994634112"><ele>337.36830344583666</ele><time>2023-09-23T01:51:50Z</time></trkpt><trkpt lat="22.248239312628773" lon="113.94307197992694"><ele>337.4533952774149</ele><time>2023-09-23T01:51:54Z</time></trkpt><trkpt lat="22.248204022930427" lon="113.94308431010843"><ele>336.249252176831</ele><time>2023-09-23T01:52:04Z</time></trkpt><trkpt lat="22.24818240846479" lon="113.94308851937255"><ele>335.93798174227203</ele><time>2023-09-23T01:52:06Z</time></trkpt><trkpt lat="22.24816980312963" lon="113.94310611982851"><ele>335.2437627529095</ele><time>2023-09-23T01:52:16Z</time></trkpt><trkpt lat="22.248141795904306" lon="113.94313049475313"><ele>334.5055887799483</ele><time>2023-09-23T01:52:20Z</time></trkpt><trkpt lat="22.24812144347098" lon="113.94311939021274"><ele>334.2484674473202</ele><time>2023-09-23T01:52:24Z</time></trkpt><trkpt lat="22.248143319156757" lon="113.94314563441134"><ele>331.5132046165404</ele><time>2023-09-23T01:53:30Z</time></trkpt><trkpt lat="22.248163092683896" lon="113.94313735753366"><ele>331.12645973061893</ele><time>2023-09-23T01:53:32Z</time></trkpt><trkpt lat="22.248178612962445" lon="113.94311683243842"><ele>331.15762295030333</ele><time>2023-09-23T01:53:34Z</time></trkpt><trkpt lat="22.248182245993366" lon="113.94309754991558"><ele>331.46388865491343</ele><time>2023-09-23T01:53:36Z</time></trkpt><trkpt lat="22.24819023218728" lon="113.94305421497018"><ele>331.98633665122577</ele><time>2023-09-23T01:53:40Z</time></trkpt><trkpt lat="22.248195871087113" lon="113.9430290004468"><ele>332.1138391875792</ele><time>2023-09-23T01:53:42Z</time></trkpt><trkpt lat="22.248206311436075" lon="113.94300815936943"><ele>331.87683585330274</ele><time>2023-09-23T01:53:46Z</time></trkpt><trkpt lat="22.248217417999008" lon="113.94298496285724"><ele>331.9845840793595</ele><time>2023-09-23T01:53:50Z</time></trkpt><trkpt lat="22.248234045699043" lon="113.94296174110912"><ele>331.55979160253906</ele><time>2023-09-23T01:53:54Z</time></trkpt><trkpt lat="22.248252353256415" lon="113.94293994982098"><ele>332.25198282841706</ele><time>2023-09-23T01:54:00Z</time></trkpt><trkpt lat="22.248274796624703" lon="113.94291795026025"><ele>332.5319626935837</ele><time>2023-09-23T01:54:04Z</time></trkpt><trkpt lat="22.248293640087283" lon="113.942896971623"><ele>333.23979242988923</ele><time>2023-09-23T01:54:08Z</time></trkpt><trkpt lat="22.248307595618687" lon="113.94287313626778"><ele>334.1716951762156</ele><time>2023-09-23T01:54:12Z</time></trkpt><trkpt lat="22.248327191615108" lon="113.94284211298307"><ele>334.99296217286854</ele><time>2023-09-23T01:54:16Z</time></trkpt><trkpt lat="22.248337768886945" lon="113.94280398062945"><ele>336.1776955043103</ele><time>2023-09-23T01:54:20Z</time></trkpt><trkpt lat="22.248339918511743" lon="113.94277572026587"><ele>336.9904509433799</ele><time>2023-09-23T01:54:24Z</time></trkpt><trkpt lat="22.248346687746" lon="113.94274418342424"><ele>337.82283271770837</ele><time>2023-09-23T01:54:28Z</time></trkpt><trkpt lat="22.2483423730992" lon="113.94271605881067"><ele>338.41094758996417</ele><time>2023-09-23T01:54:32Z</time></trkpt><trkpt lat="22.248339389742707" lon="113.94269599685946"><ele>339.1552086888581</ele><time>2023-09-23T01:54:38Z</time></trkpt><trkpt lat="22.24834409865696" lon="113.9426665677559"><ele>339.69161969443707</ele><time>2023-09-23T01:54:44Z</time></trkpt><trkpt lat="22.248335424713552" lon="113.94264784889187"><ele>340.6238086173917</ele><time>2023-09-23T01:54:48Z</time></trkpt><trkpt lat="22.248323511501805" lon="113.94262277757686"><ele>341.8598236856091</ele><time>2023-09-23T01:54:56Z</time></trkpt><trkpt lat="22.24831948700594" lon="113.94259568857098"><ele>343.4289986781893</ele><time>2023-09-23T01:55:02Z</time></trkpt><trkpt lat="22.24831429876783" lon="113.94257594629167"><ele>344.7851651848508</ele><time>2023-09-23T01:55:06Z</time></trkpt><trkpt lat="22.248306059528666" lon="113.9425517963179"><ele>345.44055909395735</ele><time>2023-09-23T01:55:10Z</time></trkpt><trkpt lat="22.248305772915536" lon="113.94253027930473"><ele>345.50937328925033</ele><time>2023-09-23T01:55:16Z</time></trkpt><trkpt lat="22.24832627708564" lon="113.9425020767262"><ele>345.31831554177245</ele><time>2023-09-23T01:55:20Z</time></trkpt><trkpt lat="22.248343887119585" lon="113.94249350813773"><ele>345.8097777125239</ele><time>2023-09-23T01:55:26Z</time></trkpt><trkpt lat="22.24834915949946" lon="113.94247163359512"><ele>346.3818038501648</ele><time>2023-09-23T01:55:28Z</time></trkpt><trkpt lat="22.24835341050329" lon="113.94243401465438"><ele>347.03373902672854</ele><time>2023-09-23T01:55:32Z</time></trkpt><trkpt lat="22.248351570897075" lon="113.94241374679147"><ele>347.1442303581239</ele><time>2023-09-23T01:55:34Z</time></trkpt><trkpt lat="22.24834977287599" lon="113.942383958116"><ele>347.42521562276306</ele><time>2023-09-23T01:55:38Z</time></trkpt><trkpt lat="22.248349579871746" lon="113.94234922354914"><ele>348.2696820235451</ele><time>2023-09-23T01:55:42Z</time></trkpt><trkpt lat="22.24834650031186" lon="113.94232572014529"><ele>349.32016844837693</ele><time>2023-09-23T01:55:50Z</time></trkpt><trkpt lat="22.248333709196334" lon="113.94230044627044"><ele>349.8634320722446</ele><time>2023-09-23T01:55:54Z</time></trkpt><trkpt lat="22.248334753498405" lon="113.94227925421312"><ele>350.6014304269463</ele><time>2023-09-23T01:56:10Z</time></trkpt><trkpt lat="22.24832026274694" lon="113.94225497065413"><ele>351.6847677868521</ele><time>2023-09-23T01:56:18Z</time></trkpt><trkpt lat="22.24830155231468" lon="113.94222755169838"><ele>352.5338494760033</ele><time>2023-09-23T01:56:20Z</time></trkpt><trkpt lat="22.248279834638858" lon="113.94220286165915"><ele>353.5959026579056</ele><time>2023-09-23T01:56:24Z</time></trkpt><trkpt lat="22.24826054800241" lon="113.94219063382484"><ele>354.52866766678693</ele><time>2023-09-23T01:56:28Z</time></trkpt><trkpt lat="22.248241107267315" lon="113.9421695055555"><ele>355.7375448384923</ele><time>2023-09-23T01:56:34Z</time></trkpt><trkpt lat="22.24825647993208" lon="113.94215134317646"><ele>357.25081060934986</ele><time>2023-09-23T01:56:44Z</time></trkpt><trkpt lat="22.248264985912602" lon="113.94211750459355"><ele>357.7574512214404</ele><time>2023-09-23T01:56:48Z</time></trkpt><trkpt lat="22.248259508570435" lon="113.94209831443786"><ele>358.1410450969074</ele><time>2023-09-23T01:56:50Z</time></trkpt><trkpt lat="22.24825604887538" lon="113.9420732009578"><ele>358.74060582523117</ele><time>2023-09-23T01:56:52Z</time></trkpt><trkpt lat="22.248249073443166" lon="113.94205160322167"><ele>359.08654367539276</ele><time>2023-09-23T01:56:54Z</time></trkpt><trkpt lat="22.248237481454346" lon="113.94202494194204"><ele>359.75784907398037</ele><time>2023-09-23T01:56:56Z</time></trkpt><trkpt lat="22.248225512011192" lon="113.94200910097902"><ele>359.9684495354344</ele><time>2023-09-23T01:57:02Z</time></trkpt><trkpt lat="22.24821579029997" lon="113.94197584465242"><ele>360.7611149960557</ele><time>2023-09-23T01:57:06Z</time></trkpt><trkpt lat="22.248211847125766" lon="113.94194599326293"><ele>361.2715512913222</ele><time>2023-09-23T01:57:08Z</time></trkpt><trkpt lat="22.248211390332475" lon="113.9419207286388"><ele>362.4152841303773</ele><time>2023-09-23T01:57:10Z</time></trkpt><trkpt lat="22.24821285588513" lon="113.94188985741425"><ele>364.0890542394777</ele><time>2023-09-23T01:57:14Z</time></trkpt><trkpt lat="22.248211277615372" lon="113.94186853298517"><ele>364.8654277003278</ele><time>2023-09-23T01:57:16Z</time></trkpt><trkpt lat="22.248201762532535" lon="113.94183805666886"><ele>365.4310687269183</ele><time>2023-09-23T01:57:20Z</time></trkpt><trkpt lat="22.248194820606273" lon="113.94180970057498"><ele>365.2732300379941</ele><time>2023-09-23T01:57:24Z</time></trkpt><trkpt lat="22.24821380257674" lon="113.94180211270289"><ele>365.4726420742004</ele><time>2023-09-23T01:58:00Z</time></trkpt><trkpt lat="22.248219022125557" lon="113.94177865291151"><ele>365.9776695915936</ele><time>2023-09-23T01:58:38Z</time></trkpt><trkpt lat="22.248221146710407" lon="113.94175580546265"><ele>366.24830514574586</ele><time>2023-09-23T01:58:40Z</time></trkpt><trkpt lat="22.248217307693135" lon="113.9417272948631"><ele>366.6863429836859</ele><time>2023-09-23T01:58:42Z</time></trkpt><trkpt lat="22.248205388080212" lon="113.94170257387431"><ele>367.0677173557097</ele><time>2023-09-23T01:58:44Z</time></trkpt><trkpt lat="22.248203116780683" lon="113.94168306041922"><ele>367.62626603814294</ele><time>2023-09-23T01:58:48Z</time></trkpt><trkpt lat="22.248191376286847" lon="113.94166166409687"><ele>367.9093481328172</ele><time>2023-09-23T01:58:54Z</time></trkpt><trkpt lat="22.24817786482711" lon="113.94164721953045"><ele>368.89076720835055</ele><time>2023-09-23T01:59:02Z</time></trkpt><trkpt lat="22.248193737655022" lon="113.94161473413243"><ele>369.424423698715</ele><time>2023-09-23T01:59:06Z</time></trkpt><trkpt lat="22.248207165314312" lon="113.9415845682214"><ele>370.05022795922457</ele><time>2023-09-23T01:59:10Z</time></trkpt><trkpt lat="22.24821671579356" lon="113.9415588538384"><ele>370.795208382115</ele><time>2023-09-23T01:59:14Z</time></trkpt><trkpt lat="22.248230244026058" lon="113.94153658482116"><ele>371.6138007291424</ele><time>2023-09-23T01:59:18Z</time></trkpt><trkpt lat="22.248251620440254" lon="113.94151700211198"><ele>372.01105785908345</ele><time>2023-09-23T01:59:22Z</time></trkpt><trkpt lat="22.248269830499922" lon="113.94151547705017"><ele>372.02474350308955</ele><time>2023-09-23T01:59:26Z</time></trkpt><trkpt lat="22.248272070371364" lon="113.94149386565967"><ele>372.1713409156661</ele><time>2023-09-23T01:59:30Z</time></trkpt><trkpt lat="22.248277655797555" lon="113.9414665776558"><ele>373.2887330917051</ele><time>2023-09-23T01:59:34Z</time></trkpt><trkpt lat="22.2482782797434" lon="113.941437050845"><ele>373.74581648373703</ele><time>2023-09-23T01:59:38Z</time></trkpt><trkpt lat="22.248305896017616" lon="113.94143727711204"><ele>373.8488187556666</ele><time>2023-09-23T01:59:42Z</time></trkpt><trkpt lat="22.248336222615034" lon="113.94143099509002"><ele>373.8950041766063</ele><time>2023-09-23T01:59:44Z</time></trkpt><trkpt lat="22.2483679446033" lon="113.94141825429323"><ele>374.0840197769577</ele><time>2023-09-23T01:59:46Z</time></trkpt><trkpt lat="22.248387427031496" lon="113.94140285476519"><ele>374.45658059862507</ele><time>2023-09-23T01:59:48Z</time></trkpt><trkpt lat="22.248395365959176" lon="113.94137841588272"><ele>375.1623879283187</ele><time>2023-09-23T01:59:50Z</time></trkpt><trkpt lat="22.24837537850906" lon="113.94135889200652"><ele>376.0481802385195</ele><time>2023-09-23T01:59:54Z</time></trkpt><trkpt lat="22.2484027032415" lon="113.94136016876969"><ele>376.74243080759305</ele><time>2023-09-23T02:00:44Z</time></trkpt><trkpt lat="22.248395681986757" lon="113.94139130824406"><ele>376.979308632153</ele><time>2023-09-23T02:00:50Z</time></trkpt><trkpt lat="22.24838051303903" lon="113.941411951446"><ele>378.90608587483007</ele><time>2023-09-23T02:03:24Z</time></trkpt><trkpt lat="22.24835451203068" lon="113.94141976106972"><ele>379.45074643519104</ele><time>2023-09-23T02:03:26Z</time></trkpt><trkpt lat="22.24833221177433" lon="113.94142238961787"><ele>379.8512324553757</ele><time>2023-09-23T02:03:28Z</time></trkpt><trkpt lat="22.248296893702992" lon="113.941429393369"><ele>380.50572466553194</ele><time>2023-09-23T02:03:32Z</time></trkpt><trkpt lat="22.248284803613288" lon="113.94141280723595"><ele>380.7985935814056</ele><time>2023-09-23T02:03:36Z</time></trkpt><trkpt lat="22.24828613394201" lon="113.94138564863636"><ele>381.6405147446129</ele><time>2023-09-23T02:03:40Z</time></trkpt><trkpt lat="22.248289155914204" lon="113.94135207921242"><ele>382.67024154135873</ele><time>2023-09-23T02:03:44Z</time></trkpt><trkpt lat="22.248288305510247" lon="113.94131685494418"><ele>383.5682834057259</ele><time>2023-09-23T02:03:48Z</time></trkpt><trkpt lat="22.248276196570185" lon="113.9412929989861"><ele>383.7684195235022</ele><time>2023-09-23T02:03:52Z</time></trkpt><trkpt lat="22.248273427551432" lon="113.94126833419556"><ele>384.2029135748099</ele><time>2023-09-23T02:03:58Z</time></trkpt><trkpt lat="22.24827244811314" lon="113.94124363930571"><ele>384.90668318863175</ele><time>2023-09-23T02:04:02Z</time></trkpt><trkpt lat="22.248265978196375" lon="113.94122270445345"><ele>385.30202886621123</ele><time>2023-09-23T02:04:04Z</time></trkpt><trkpt lat="22.248254892522812" lon="113.94120359660207"><ele>385.66592088308096</ele><time>2023-09-23T02:04:06Z</time></trkpt><trkpt lat="22.248236951102495" lon="113.94118574948465"><ele>385.57566986642126</ele><time>2023-09-23T02:04:10Z</time></trkpt><trkpt lat="22.248224769143054" lon="113.94116852715598"><ele>385.4806564721998</ele><time>2023-09-23T02:04:12Z</time></trkpt><trkpt lat="22.248211170495505" lon="113.94115097688815"><ele>385.12606506033035</ele><time>2023-09-23T02:04:14Z</time></trkpt><trkpt lat="22.248196068076037" lon="113.94113467951358"><ele>384.878919011766</ele><time>2023-09-23T02:04:16Z</time></trkpt><trkpt lat="22.248176312143183" lon="113.94111012890245"><ele>384.5997536384984</ele><time>2023-09-23T02:04:20Z</time></trkpt><trkpt lat="22.24816243423275" lon="113.94109688026325"><ele>384.67291244686464</ele><time>2023-09-23T02:04:22Z</time></trkpt><trkpt lat="22.248147882563014" lon="113.94107970848191"><ele>384.6531071653011</ele><time>2023-09-23T02:04:24Z</time></trkpt><trkpt lat="22.24813683266234" lon="113.94105787776493"><ele>384.550520885054</ele><time>2023-09-23T02:04:26Z</time></trkpt><trkpt lat="22.2481197539667" lon="113.94104282266528"><ele>385.12637624944176</ele><time>2023-09-23T02:04:30Z</time></trkpt><trkpt lat="22.248107040476853" lon="113.94102891159824"><ele>385.6656795565848</ele><time>2023-09-23T02:04:32Z</time></trkpt><trkpt lat="22.248097554038214" lon="113.94099879118012"><ele>386.35131019831675</ele><time>2023-09-23T02:04:36Z</time></trkpt><trkpt lat="22.248090569852337" lon="113.94097242257375"><ele>387.0851396383086</ele><time>2023-09-23T02:04:38Z</time></trkpt><trkpt lat="22.248078486546646" lon="113.94095295016035"><ele>387.28482925262455</ele><time>2023-09-23T02:04:40Z</time></trkpt><trkpt lat="22.248066556948032" lon="113.94093319718993"><ele>387.10884752525556</ele><time>2023-09-23T02:04:42Z</time></trkpt><trkpt lat="22.24805645089972" lon="113.94091225668589"><ele>386.907148124504</ele><time>2023-09-23T02:04:44Z</time></trkpt><trkpt lat="22.248047289198333" lon="113.94089487796931"><ele>386.78222120571854</ele><time>2023-09-23T02:04:46Z</time></trkpt><trkpt lat="22.248028144606753" lon="113.94086146863204"><ele>386.8749473350903</ele><time>2023-09-23T02:04:50Z</time></trkpt><trkpt lat="22.248022000721313" lon="113.94084279210965"><ele>387.14224287736545</ele><time>2023-09-23T02:04:52Z</time></trkpt><trkpt lat="22.248020160249073" lon="113.94082008505954"><ele>387.3440098747508</ele><time>2023-09-23T02:04:54Z</time></trkpt><trkpt lat="22.2480088748509" lon="113.94078958557789"><ele>388.3090614648125</ele><time>2023-09-23T02:04:58Z</time></trkpt><trkpt lat="22.247990392271465" lon="113.94075490443826"><ele>389.2660316466477</ele><time>2023-09-23T02:05:02Z</time></trkpt><trkpt lat="22.24797493207126" lon="113.94072164090599"><ele>389.90327138704214</ele><time>2023-09-23T02:05:06Z</time></trkpt><trkpt lat="22.247965140253225" lon="113.94069547526085"><ele>390.755692907139</ele><time>2023-09-23T02:05:12Z</time></trkpt><trkpt lat="22.247957237140437" lon="113.94067326427161"><ele>391.843870388116</ele><time>2023-09-23T02:05:18Z</time></trkpt><trkpt lat="22.247954044866578" lon="113.94065216637871"><ele>392.7803755621589</ele><time>2023-09-23T02:05:22Z</time></trkpt><trkpt lat="22.247946165596268" lon="113.94061885983668"><ele>393.1763949528913</ele><time>2023-09-23T02:05:26Z</time></trkpt><trkpt lat="22.24795487167653" lon="113.94058595017599"><ele>394.3071989553264</ele><time>2023-09-23T02:05:30Z</time></trkpt><trkpt lat="22.247965936659334" lon="113.94055914968102"><ele>395.1419616031172</ele><time>2023-09-23T02:05:34Z</time></trkpt><trkpt lat="22.247972595532108" lon="113.9405281898709"><ele>395.4849033488465</ele><time>2023-09-23T02:05:38Z</time></trkpt><trkpt lat="22.247984767573143" lon="113.94050190332892"><ele>396.2818045384497</ele><time>2023-09-23T02:05:42Z</time></trkpt><trkpt lat="22.247991556463603" lon="113.94048094589498"><ele>397.6069085295558</ele><time>2023-09-23T02:05:46Z</time></trkpt><trkpt lat="22.247997757376606" lon="113.9404563201697"><ele>398.8898264000537</ele><time>2023-09-23T02:05:50Z</time></trkpt><trkpt lat="22.24800226331035" lon="113.94042893198441"><ele>399.53661887174997</ele><time>2023-09-23T02:05:54Z</time></trkpt><trkpt lat="22.247994041610507" lon="113.94039432228185"><ele>400.2123851779678</ele><time>2023-09-23T02:05:58Z</time></trkpt><trkpt lat="22.24798358258788" lon="113.94037340712666"><ele>401.05131619953136</ele><time>2023-09-23T02:06:04Z</time></trkpt><trkpt lat="22.247975975497635" lon="113.9403494960148"><ele>401.75961568637183</ele><time>2023-09-23T02:06:10Z</time></trkpt><trkpt lat="22.24797149191742" lon="113.94032414865121"><ele>401.65545285900305</ele><time>2023-09-23T02:06:16Z</time></trkpt><trkpt lat="22.24797478429881" lon="113.94029477484753"><ele>401.90866866561794</ele><time>2023-09-23T02:06:20Z</time></trkpt><trkpt lat="22.24798327438802" lon="113.94027524414507"><ele>401.8865270292739</ele><time>2023-09-23T02:06:22Z</time></trkpt><trkpt lat="22.248001148468354" lon="113.94025548266234"><ele>401.88205725882045</ele><time>2023-09-23T02:06:26Z</time></trkpt><trkpt lat="22.24802113099098" lon="113.94026233767418"><ele>402.9185719831241</ele><time>2023-09-23T02:07:10Z</time></trkpt><trkpt lat="22.248012178705107" lon="113.94024478205728"><ele>404.45902467776574</ele><time>2023-09-23T02:07:16Z</time></trkpt><trkpt lat="22.248001530547135" lon="113.94022499731774"><ele>404.46621675694854</ele><time>2023-09-23T02:07:18Z</time></trkpt><trkpt lat="22.247998310445674" lon="113.94018925630618"><ele>404.8113205263976</ele><time>2023-09-23T02:07:22Z</time></trkpt><trkpt lat="22.247988829669765" lon="113.94016107971575"><ele>405.2772344835475</ele><time>2023-09-23T02:07:26Z</time></trkpt><trkpt lat="22.24797584213849" lon="113.94013235678678"><ele>406.0471260893794</ele><time>2023-09-23T02:07:30Z</time></trkpt><trkpt lat="22.247960059427697" lon="113.94010414193609"><ele>406.8071153893064</ele><time>2023-09-23T02:07:34Z</time></trkpt><trkpt lat="22.247947172017668" lon="113.94007283368062"><ele>407.6201275014037</ele><time>2023-09-23T02:07:38Z</time></trkpt><trkpt lat="22.24795942977907" lon="113.94004372596017"><ele>408.3005305996483</ele><time>2023-09-23T02:07:42Z</time></trkpt><trkpt lat="22.247973860022952" lon="113.94001813611845"><ele>408.9845105363434</ele><time>2023-09-23T02:07:46Z</time></trkpt><trkpt lat="22.24798321359608" lon="113.93998715395904"><ele>410.05002261305134</ele><time>2023-09-23T02:07:50Z</time></trkpt><trkpt lat="22.247986502259845" lon="113.93995934127514"><ele>410.7379246247824</ele><time>2023-09-23T02:07:54Z</time></trkpt><trkpt lat="22.247992916115837" lon="113.93993352325309"><ele>411.53012580965793</ele><time>2023-09-23T02:07:58Z</time></trkpt><trkpt lat="22.248001591544465" lon="113.93990648383368"><ele>412.8559880504172</ele><time>2023-09-23T02:08:02Z</time></trkpt><trkpt lat="22.24800154437831" lon="113.93988218311407"><ele>413.8997146599095</ele><time>2023-09-23T02:08:08Z</time></trkpt><trkpt lat="22.24799057977703" lon="113.93984860224684"><ele>415.64324340512934</ele><time>2023-09-23T02:08:12Z</time></trkpt><trkpt lat="22.24796509821417" lon="113.93982641942235"><ele>416.45445347499935</ele><time>2023-09-23T02:08:16Z</time></trkpt><trkpt lat="22.24793390947223" lon="113.93981548173939"><ele>415.90437730308196</ele><time>2023-09-23T02:08:20Z</time></trkpt><trkpt lat="22.247914427767228" lon="113.93980431321668"><ele>416.006553174478</ele><time>2023-09-23T02:08:22Z</time></trkpt><trkpt lat="22.247898954388603" lon="113.93979424602922"><ele>415.2442437176501</ele><time>2023-09-23T02:08:24Z</time></trkpt><trkpt lat="22.247887956695763" lon="113.93976216475627"><ele>414.6487537897303</ele><time>2023-09-23T02:08:28Z</time></trkpt><trkpt lat="22.247907043158502" lon="113.93972710490151"><ele>414.9363685503422</ele><time>2023-09-23T02:08:32Z</time></trkpt><trkpt lat="22.247917870638116" lon="113.93970501073873"><ele>415.11456494030233</ele><time>2023-09-23T02:08:34Z</time></trkpt><trkpt lat="22.247925159969967" lon="113.93967887265744"><ele>415.4786446580185</ele><time>2023-09-23T02:08:36Z</time></trkpt><trkpt lat="22.24792741975432" lon="113.93965728237518"><ele>415.79625985545897</ele><time>2023-09-23T02:08:38Z</time></trkpt><trkpt lat="22.24791981726159" lon="113.93963089802614"><ele>415.9088551809135</ele><time>2023-09-23T02:08:42Z</time></trkpt><trkpt lat="22.247913632040557" lon="113.93960506580245"><ele>416.2961017559295</ele><time>2023-09-23T02:08:48Z</time></trkpt><trkpt lat="22.247899886961815" lon="113.93957931369953"><ele>416.9486046912271</ele><time>2023-09-23T02:08:52Z</time></trkpt><trkpt lat="22.247886492101568" lon="113.93956254128524"><ele>417.7154638459908</ele><time>2023-09-23T02:08:56Z</time></trkpt><trkpt lat="22.247864909825655" lon="113.93953775344431"><ele>418.1099527415291</ele><time>2023-09-23T02:09:00Z</time></trkpt><trkpt lat="22.247844142643498" lon="113.93951532058108"><ele>418.4888874479986</ele><time>2023-09-23T02:09:02Z</time></trkpt><trkpt lat="22.247830154221553" lon="113.93949739352524"><ele>418.7411708982512</ele><time>2023-09-23T02:09:04Z</time></trkpt><trkpt lat="22.247825007627128" lon="113.93947140122111"><ele>418.95812904633726</ele><time>2023-09-23T02:09:06Z</time></trkpt><trkpt lat="22.24782338708402" lon="113.939446866179"><ele>419.2801723170277</ele><time>2023-09-23T02:09:08Z</time></trkpt><trkpt lat="22.247818291746917" lon="113.93942368379099"><ele>420.1243568715614</ele><time>2023-09-23T02:09:10Z</time></trkpt><trkpt lat="22.247811549935882" lon="113.93940143846048"><ele>420.4469046196593</ele><time>2023-09-23T02:09:12Z</time></trkpt><trkpt lat="22.247795821461494" lon="113.93937963234335"><ele>420.506153210438</ele><time>2023-09-23T02:09:14Z</time></trkpt><trkpt lat="22.247783704914006" lon="113.93936233329796"><ele>420.47780111448105</ele><time>2023-09-23T02:09:16Z</time></trkpt><trkpt lat="22.2477647265826" lon="113.93935228881197"><ele>420.68540757973403</ele><time>2023-09-23T02:09:18Z</time></trkpt><trkpt lat="22.247748606247935" lon="113.93933646725102"><ele>420.9722620158544</ele><time>2023-09-23T02:09:20Z</time></trkpt><trkpt lat="22.247729784994092" lon="113.9393219827205"><ele>420.8161111724217</ele><time>2023-09-23T02:09:22Z</time></trkpt><trkpt lat="22.247716324300384" lon="113.93930606582373"><ele>420.74939591096074</ele><time>2023-09-23T02:09:24Z</time></trkpt><trkpt lat="22.247699425735757" lon="113.93929063113553"><ele>420.96920212847965</ele><time>2023-09-23T02:09:26Z</time></trkpt><trkpt lat="22.24768083455334" lon="113.93927590107594"><ele>421.2299699365733</ele><time>2023-09-23T02:09:28Z</time></trkpt><trkpt lat="22.24766555546226" lon="113.93926454076744"><ele>421.5749746153257</ele><time>2023-09-23T02:09:30Z</time></trkpt><trkpt lat="22.24764596270469" lon="113.93924217010043"><ele>422.6205262963081</ele><time>2023-09-23T02:09:34Z</time></trkpt><trkpt lat="22.247622877184686" lon="113.93922404864989"><ele>423.48881022374377</ele><time>2023-09-23T02:09:38Z</time></trkpt><trkpt lat="22.247604776908645" lon="113.93921950768761"><ele>423.4934469187657</ele><time>2023-09-23T02:09:44Z</time></trkpt><trkpt lat="22.247579646039554" lon="113.9392018213834"><ele>423.5451608621366</ele><time>2023-09-23T02:09:48Z</time></trkpt><trkpt lat="22.247562560430254" lon="113.93917833580089"><ele>424.2945406237504</ele><time>2023-09-23T02:09:52Z</time></trkpt><trkpt lat="22.24756851092287" lon="113.9391574419957"><ele>425.5821018151177</ele><time>2023-09-23T02:10:20Z</time></trkpt><trkpt lat="22.24754502066692" lon="113.9391465642708"><ele>427.82834852774226</ele><time>2023-09-23T02:11:08Z</time></trkpt><trkpt lat="22.247523649703858" lon="113.93913976510237"><ele>430.9815144239462</ele><time>2023-09-23T02:11:14Z</time></trkpt><trkpt lat="22.24749538665784" lon="113.93913630218577"><ele>432.24803918147154</ele><time>2023-09-23T02:11:20Z</time></trkpt><trkpt lat="22.2474667722908" lon="113.93911352869443"><ele>434.171917837286</ele><time>2023-09-23T02:11:24Z</time></trkpt><trkpt lat="22.24745329643087" lon="113.93909995065243"><ele>434.7320755147534</ele><time>2023-09-23T02:11:26Z</time></trkpt><trkpt lat="22.24743291669276" lon="113.9390908353163"><ele>435.31274224896964</ele><time>2023-09-23T02:11:34Z</time></trkpt><trkpt lat="22.247404665280285" lon="113.93907990220139"><ele>435.0217642131833</ele><time>2023-09-23T02:11:38Z</time></trkpt><trkpt lat="22.247385608503453" lon="113.93907033355386"><ele>435.4008039696403</ele><time>2023-09-23T02:11:40Z</time></trkpt><trkpt lat="22.24737280307871" lon="113.93905169656192"><ele>435.5107572656188</ele><time>2023-09-23T02:11:42Z</time></trkpt><trkpt lat="22.247360655999977" lon="113.93903587568161"><ele>435.8795492243814</ele><time>2023-09-23T02:11:44Z</time></trkpt><trkpt lat="22.24734127258112" lon="113.93901260244847"><ele>437.58855091539493</ele><time>2023-09-23T02:11:48Z</time></trkpt><trkpt lat="22.24733220254248" lon="113.93897962637215"><ele>438.4537352366647</ele><time>2023-09-23T02:11:56Z</time></trkpt><trkpt lat="22.247327984962006" lon="113.93895920059452"><ele>439.2673759978063</ele><time>2023-09-23T02:12:00Z</time></trkpt><trkpt lat="22.24731558377634" lon="113.93894186406278"><ele>439.70517386245103</ele><time>2023-09-23T02:12:08Z</time></trkpt><trkpt lat="22.247300447294418" lon="113.93892668448896"><ele>439.92550825393187</ele><time>2023-09-23T02:12:12Z</time></trkpt><trkpt lat="22.247288952175474" lon="113.93890496189472"><ele>439.9751949276863</ele><time>2023-09-23T02:12:16Z</time></trkpt><trkpt lat="22.247288596936354" lon="113.93887153967196"><ele>440.3832869202925</ele><time>2023-09-23T02:12:22Z</time></trkpt><trkpt lat="22.24730223642575" lon="113.93884891151242"><ele>441.3470452753114</ele><time>2023-09-23T02:12:28Z</time></trkpt><trkpt lat="22.24730601325137" lon="113.9388295425047"><ele>441.79017950722226</ele><time>2023-09-23T02:12:30Z</time></trkpt><trkpt lat="22.24730806719904" lon="113.93880746122755"><ele>442.31600009902866</ele><time>2023-09-23T02:12:32Z</time></trkpt><trkpt lat="22.24731867374471" lon="113.93878984290022"><ele>442.979583510557</ele><time>2023-09-23T02:12:34Z</time></trkpt><trkpt lat="22.247323593806424" lon="113.93875062966536"><ele>443.4524684660908</ele><time>2023-09-23T02:12:38Z</time></trkpt><trkpt lat="22.247341344781255" lon="113.93873974156656"><ele>442.08401145737133</ele><time>2023-09-23T02:12:54Z</time></trkpt><trkpt lat="22.24734432743809" lon="113.93871756898865"><ele>443.28774400105937</ele><time>2023-09-23T02:12:58Z</time></trkpt><trkpt lat="22.247342958809345" lon="113.93869028613238"><ele>444.93754154921123</ele><time>2023-09-23T02:13:04Z</time></trkpt><trkpt lat="22.247355944705614" lon="113.93867001932838"><ele>445.7538286675342</ele><time>2023-09-23T02:13:08Z</time></trkpt><trkpt lat="22.247348961392365" lon="113.9386491136875"><ele>445.9868358170659</ele><time>2023-09-23T02:13:16Z</time></trkpt><trkpt lat="22.24735939654108" lon="113.93862072551426"><ele>446.52568546419985</ele><time>2023-09-23T02:13:22Z</time></trkpt><trkpt lat="22.24737139746771" lon="113.93860099228885"><ele>446.5825659181625</ele><time>2023-09-23T02:13:24Z</time></trkpt><trkpt lat="22.24739046214428" lon="113.93856533724008"><ele>446.7859728300309</ele><time>2023-09-23T02:13:28Z</time></trkpt><trkpt lat="22.24739485248703" lon="113.93854556789674"><ele>447.23651622298956</ele><time>2023-09-23T02:13:30Z</time></trkpt><trkpt lat="22.247406744835022" lon="113.93850878512761"><ele>448.75373813500823</ele><time>2023-09-23T02:13:34Z</time></trkpt><trkpt lat="22.247412921094263" lon="113.93848888444714"><ele>449.88217106496734</ele><time>2023-09-23T02:13:38Z</time></trkpt><trkpt lat="22.247399870785" lon="113.93850900406227"><ele>451.21371272737906</ele><time>2023-09-23T02:15:58Z</time></trkpt><trkpt lat="22.247409203063235" lon="113.93848675724978"><ele>451.8280217386782</ele><time>2023-09-23T02:18:46Z</time></trkpt><trkpt lat="22.247415594379323" lon="113.9384630802146"><ele>451.725166246295</ele><time>2023-09-23T02:18:48Z</time></trkpt><trkpt lat="22.24742113192198" lon="113.93844263525914"><ele>451.6629574149847</ele><time>2023-09-23T02:18:50Z</time></trkpt><trkpt lat="22.247425506212185" lon="113.93842221542927"><ele>451.6865827264264</ele><time>2023-09-23T02:18:52Z</time></trkpt><trkpt lat="22.247424081455296" lon="113.93838790254463"><ele>450.5899892160669</ele><time>2023-09-23T02:18:56Z</time></trkpt><trkpt lat="22.247423411110276" lon="113.93836344510505"><ele>450.4997963709757</ele><time>2023-09-23T02:18:58Z</time></trkpt><trkpt lat="22.247422511384542" lon="113.93833913424646"><ele>450.111716106534</ele><time>2023-09-23T02:19:00Z</time></trkpt><trkpt lat="22.247422062483967" lon="113.93831524696299"><ele>449.94666976481676</ele><time>2023-09-23T02:19:02Z</time></trkpt><trkpt lat="22.247422441813658" lon="113.93827668029702"><ele>450.5759106837213</ele><time>2023-09-23T02:19:06Z</time></trkpt><trkpt lat="22.247416502187292" lon="113.93823963769513"><ele>450.770227718167</ele><time>2023-09-23T02:19:10Z</time></trkpt><trkpt lat="22.247413382820362" lon="113.93821794163134"><ele>456.13284036506656</ele><time>2023-09-23T02:19:12Z</time></trkpt><trkpt lat="22.24741315036044" lon="113.93819283497069"><ele>456.8922663432551</ele><time>2023-09-23T02:19:14Z</time></trkpt><trkpt lat="22.247408779838228" lon="113.93816810332844"><ele>455.8615084727611</ele><time>2023-09-23T02:19:16Z</time></trkpt><trkpt lat="22.24740023740015" lon="113.938146226865"><ele>453.94546781827364</ele><time>2023-09-23T02:19:18Z</time></trkpt><trkpt lat="22.247386069287646" lon="113.93813276861357"><ele>452.2095884195343</ele><time>2023-09-23T02:19:20Z</time></trkpt><trkpt lat="22.24736765221768" lon="113.9381101489192"><ele>450.5329515117827</ele><time>2023-09-23T02:19:24Z</time></trkpt><trkpt lat="22.24735919003407" lon="113.93807904023551"><ele>450.15808331087015</ele><time>2023-09-23T02:19:36Z</time></trkpt><trkpt lat="22.247363530226437" lon="113.93805810245391"><ele>449.774455485103</ele><time>2023-09-23T02:19:40Z</time></trkpt><trkpt lat="22.24735292625995" lon="113.93802970467637"><ele>450.34930350644515</ele><time>2023-09-23T02:19:50Z</time></trkpt><trkpt lat="22.247335307628365" lon="113.93801471648626"><ele>450.51255399020397</ele><time>2023-09-23T02:19:52Z</time></trkpt><trkpt lat="22.247316795897813" lon="113.93799905595797"><ele>450.51024262415046</ele><time>2023-09-23T02:19:54Z</time></trkpt><trkpt lat="22.247301670413233" lon="113.93797633388796"><ele>450.44278049417704</ele><time>2023-09-23T02:19:56Z</time></trkpt><trkpt lat="22.247285673022954" lon="113.93795152324853"><ele>450.6865266850877</ele><time>2023-09-23T02:20:00Z</time></trkpt><trkpt lat="22.24727541953397" lon="113.9379353783623"><ele>451.08576983414133</ele><time>2023-09-23T02:20:18Z</time></trkpt><trkpt lat="22.247260496727378" lon="113.93791867938822"><ele>451.01391194499394</ele><time>2023-09-23T02:20:20Z</time></trkpt><trkpt lat="22.247243614153067" lon="113.93789910800831"><ele>451.28215949958724</ele><time>2023-09-23T02:20:22Z</time></trkpt><trkpt lat="22.247230810549574" lon="113.93787556151447"><ele>451.42116491797134</ele><time>2023-09-23T02:20:24Z</time></trkpt><trkpt lat="22.247218587678685" lon="113.93785233461844"><ele>451.49507500594825</ele><time>2023-09-23T02:20:26Z</time></trkpt><trkpt lat="22.24720707074974" lon="113.93783619415866"><ele>451.26973375136447</ele><time>2023-09-23T02:20:28Z</time></trkpt><trkpt lat="22.24720988933732" lon="113.9378643019795"><ele>451.39161957502387</ele><time>2023-09-23T02:21:06Z</time></trkpt><trkpt lat="22.247187645467715" lon="113.93786681431156"><ele>450.9241607822744</ele><time>2023-09-23T02:21:08Z</time></trkpt><trkpt lat="22.247181779788583" lon="113.93784182547581"><ele>448.8577339682141</ele><time>2023-09-23T02:21:42Z</time></trkpt><trkpt lat="22.247171274290306" lon="113.93782081558653"><ele>448.24070283970684</ele><time>2023-09-23T02:21:44Z</time></trkpt><trkpt lat="22.247127343172927" lon="113.9378129960579"><ele>447.67352186731205</ele><time>2023-09-23T02:21:48Z</time></trkpt><trkpt lat="22.247110312888818" lon="113.93780336488317"><ele>447.19558227115687</ele><time>2023-09-23T02:21:50Z</time></trkpt><trkpt lat="22.247093263897106" lon="113.93779551468542"><ele>446.49599499215304</ele><time>2023-09-23T02:21:52Z</time></trkpt><trkpt lat="22.247073709325125" lon="113.93779149296196"><ele>446.09992634747107</ele><time>2023-09-23T02:21:54Z</time></trkpt><trkpt lat="22.24704352387907" lon="113.93778487540922"><ele>446.29170694762865</ele><time>2023-09-23T02:21:58Z</time></trkpt><trkpt lat="22.247023062844676" lon="113.93777748936864"><ele>446.4374944600387</ele><time>2023-09-23T02:22:00Z</time></trkpt><trkpt lat="22.247002901723896" lon="113.9377653637891"><ele>446.82699902690973</ele><time>2023-09-23T02:22:02Z</time></trkpt><trkpt lat="22.24698314105981" lon="113.9377488182151"><ele>447.4981568254765</ele><time>2023-09-23T02:22:04Z</time></trkpt><trkpt lat="22.24696736260094" lon="113.93772550554533"><ele>447.87745916447386</ele><time>2023-09-23T02:22:06Z</time></trkpt><trkpt lat="22.246950274009805" lon="113.937704964657"><ele>448.22303568426497</ele><time>2023-09-23T02:22:08Z</time></trkpt><trkpt lat="22.24693403118194" lon="113.9376846675777"><ele>448.4850150998081</ele><time>2023-09-23T02:22:10Z</time></trkpt><trkpt lat="22.24692093826313" lon="113.9376683748166"><ele>448.71280084568497</ele><time>2023-09-23T02:22:12Z</time></trkpt><trkpt lat="22.24690070508911" lon="113.93765463456495"><ele>449.0892196427104</ele><time>2023-09-23T02:22:14Z</time></trkpt><trkpt lat="22.246883668330902" lon="113.93764732501947"><ele>449.49048481282836</ele><time>2023-09-23T02:22:16Z</time></trkpt><trkpt lat="22.246850277061586" lon="113.93764477344989"><ele>449.56291552786723</ele><time>2023-09-23T02:22:20Z</time></trkpt><trkpt lat="22.2468322577036" lon="113.93764224947451"><ele>449.61132874152787</ele><time>2023-09-23T02:22:22Z</time></trkpt><trkpt lat="22.24681433469987" lon="113.9376392617847"><ele>449.63047421375336</ele><time>2023-09-23T02:22:24Z</time></trkpt><trkpt lat="22.24677899177365" lon="113.93762305729395"><ele>449.6192692858159</ele><time>2023-09-23T02:22:28Z</time></trkpt><trkpt lat="22.246759555446427" lon="113.93761043993926"><ele>449.64547379004637</ele><time>2023-09-23T02:22:30Z</time></trkpt><trkpt lat="22.24673809261897" lon="113.937600677965"><ele>450.06357458495626</ele><time>2023-09-23T02:22:32Z</time></trkpt><trkpt lat="22.246712020308614" lon="113.93760065341483"><ele>450.57844341491807</ele><time>2023-09-23T02:22:34Z</time></trkpt><trkpt lat="22.246688291207317" lon="113.93760329833138"><ele>450.7799452120434</ele><time>2023-09-23T02:22:36Z</time></trkpt><trkpt lat="22.24666585087163" lon="113.9376107594524"><ele>450.7069210682242</ele><time>2023-09-23T02:22:38Z</time></trkpt><trkpt lat="22.246647695093813" lon="113.9376165541987"><ele>450.96979210926435</ele><time>2023-09-23T02:22:40Z</time></trkpt><trkpt lat="22.246628520634598" lon="113.93761908774916"><ele>451.3399731048704</ele><time>2023-09-23T02:22:42Z</time></trkpt><trkpt lat="22.246607937550504" lon="113.93762140731279"><ele>451.7975591795034</ele><time>2023-09-23T02:22:44Z</time></trkpt><trkpt lat="22.246582064391554" lon="113.93762286920601"><ele>451.97694211785046</ele><time>2023-09-23T02:22:46Z</time></trkpt><trkpt lat="22.246562327953875" lon="113.93762155740282"><ele>452.18213103175884</ele><time>2023-09-23T02:22:48Z</time></trkpt><trkpt lat="22.24654009686544" lon="113.9376142073749"><ele>452.26273551918746</ele><time>2023-09-23T02:22:50Z</time></trkpt><trkpt lat="22.24652048106344" lon="113.93760473468205"><ele>452.16494340796334</ele><time>2023-09-23T02:22:52Z</time></trkpt><trkpt lat="22.24650133809006" lon="113.93759039541227"><ele>452.53948703947964</ele><time>2023-09-23T02:22:56Z</time></trkpt><trkpt lat="22.24648284633604" lon="113.93756712994744"><ele>452.9329735036384</ele><time>2023-09-23T02:23:00Z</time></trkpt><trkpt lat="22.24646362149903" lon="113.93754069299851"><ele>453.1493695519628</ele><time>2023-09-23T02:23:04Z</time></trkpt><trkpt lat="22.246446265787064" lon="113.93750962249227"><ele>453.5555132468015</ele><time>2023-09-23T02:23:08Z</time></trkpt><trkpt lat="22.246438725480406" lon="113.93749021774579"><ele>453.82564961926147</ele><time>2023-09-23T02:23:10Z</time></trkpt><trkpt lat="22.2464285247768" lon="113.93747186190608"><ele>454.0192429391931</ele><time>2023-09-23T02:23:12Z</time></trkpt><trkpt lat="22.24640901338084" lon="113.93745413518693"><ele>454.4763535758197</ele><time>2023-09-23T02:23:16Z</time></trkpt><trkpt lat="22.24640074629416" lon="113.93741652983746"><ele>455.1085266740948</ele><time>2023-09-23T02:23:20Z</time></trkpt><trkpt lat="22.246388307215163" lon="113.9373971143341"><ele>455.7656161353585</ele><time>2023-09-23T02:23:22Z</time></trkpt><trkpt lat="22.24636536735818" lon="113.93736455430475"><ele>457.25846825564355</ele><time>2023-09-23T02:23:26Z</time></trkpt><trkpt lat="22.246352243517173" lon="113.93734673519889"><ele>457.89371694656455</ele><time>2023-09-23T02:23:28Z</time></trkpt><trkpt lat="22.246332408600086" lon="113.93732467946609"><ele>457.96699537757365</ele><time>2023-09-23T02:23:32Z</time></trkpt><trkpt lat="22.246315790148998" lon="113.93731207207604"><ele>458.0005560493761</ele><time>2023-09-23T02:23:36Z</time></trkpt><trkpt lat="22.2462848112367" lon="113.93728627686097"><ele>457.8075748590342</ele><time>2023-09-23T02:23:40Z</time></trkpt><trkpt lat="22.24626402761864" lon="113.9372695200187"><ele>458.01953344295504</ele><time>2023-09-23T02:23:42Z</time></trkpt><trkpt lat="22.24624307102632" lon="113.93725144663385"><ele>458.48854593598895</ele><time>2023-09-23T02:23:44Z</time></trkpt><trkpt lat="22.246220551223058" lon="113.93723172506304"><ele>459.12325717919964</ele><time>2023-09-23T02:23:46Z</time></trkpt><trkpt lat="22.24620656605827" lon="113.93721305260574"><ele>459.24749943167365</ele><time>2023-09-23T02:23:48Z</time></trkpt><trkpt lat="22.24618767283479" lon="113.93719811687382"><ele>459.4356486928176</ele><time>2023-09-23T02:23:50Z</time></trkpt><trkpt lat="22.2461764613576" lon="113.93718033542252"><ele>462.1651207594623</ele><time>2023-09-23T02:24:38Z</time></trkpt><trkpt lat="22.24617034379496" lon="113.93714623406274"><ele>462.1343700385508</ele><time>2023-09-23T02:24:42Z</time></trkpt><trkpt lat="22.246156459121703" lon="113.93713321001478"><ele>462.9053495963507</ele><time>2023-09-23T02:24:48Z</time></trkpt><trkpt lat="22.24612944867526" lon="113.93711183009086"><ele>463.1118425925707</ele><time>2023-09-23T02:24:52Z</time></trkpt><trkpt lat="22.24611371050502" lon="113.93710237723887"><ele>463.2474547724985</ele><time>2023-09-23T02:24:54Z</time></trkpt><trkpt lat="22.24609199284268" lon="113.9370914092923"><ele>463.57824675836736</ele><time>2023-09-23T02:24:56Z</time></trkpt><trkpt lat="22.24606104851809" lon="113.93707502423298"><ele>464.1839858017005</ele><time>2023-09-23T02:25:00Z</time></trkpt><trkpt lat="22.2460433052573" lon="113.93706802230452"><ele>464.4792595487463</ele><time>2023-09-23T02:25:02Z</time></trkpt><trkpt lat="22.24602729930188" lon="113.93705697846818"><ele>464.5422840357599</ele><time>2023-09-23T02:25:04Z</time></trkpt><trkpt lat="22.246008159454163" lon="113.93703832363832"><ele>465.51613552070637</ele><time>2023-09-23T02:25:08Z</time></trkpt><trkpt lat="22.245992040682204" lon="113.93702376009145"><ele>466.02403608797084</ele><time>2023-09-23T02:25:10Z</time></trkpt><trkpt lat="22.245977823764488" lon="113.9370097562076"><ele>466.6419875606696</ele><time>2023-09-23T02:25:12Z</time></trkpt><trkpt lat="22.24596786743259" lon="113.9369926425514"><ele>467.2684478846769</ele><time>2023-09-23T02:25:14Z</time></trkpt><trkpt lat="22.245955033920307" lon="113.936977672642"><ele>467.3655303531496</ele><time>2023-09-23T02:25:16Z</time></trkpt><trkpt lat="22.245938953510908" lon="113.93695358682122"><ele>467.2173924501284</ele><time>2023-09-23T02:25:20Z</time></trkpt><trkpt lat="22.245923288063132" lon="113.93693820567053"><ele>467.1384375679236</ele><time>2023-09-23T02:25:24Z</time></trkpt><trkpt lat="22.245908393377313" lon="113.93692443908049"><ele>467.2920661163549</ele><time>2023-09-23T02:25:28Z</time></trkpt><trkpt lat="22.245902680219743" lon="113.93689480493107"><ele>468.16436332087255</ele><time>2023-09-23T02:25:34Z</time></trkpt><trkpt lat="22.245886659773255" lon="113.93688180103075"><ele>468.1836817438803</ele><time>2023-09-23T02:25:38Z</time></trkpt><trkpt lat="22.245859940321335" lon="113.93687383156467"><ele>467.7396941138535</ele><time>2023-09-23T02:25:42Z</time></trkpt><trkpt lat="22.24584505696431" lon="113.9368609993321"><ele>467.9665663894532</ele><time>2023-09-23T02:25:46Z</time></trkpt><trkpt lat="22.245834429847836" lon="113.93683978253495"><ele>468.27364518419256</ele><time>2023-09-23T02:25:50Z</time></trkpt><trkpt lat="22.245835263481176" lon="113.93680702724208"><ele>468.72374812646575</ele><time>2023-09-23T02:26:06Z</time></trkpt><trkpt lat="22.245830513978756" lon="113.9367826439332"><ele>468.74103473827296</ele><time>2023-09-23T02:26:08Z</time></trkpt><trkpt lat="22.245821345478603" lon="113.93676559815805"><ele>468.72785435223915</ele><time>2023-09-23T02:26:10Z</time></trkpt><trkpt lat="22.245799593367583" lon="113.93674868214329"><ele>469.13472541396436</ele><time>2023-09-23T02:26:14Z</time></trkpt><trkpt lat="22.245777390915148" lon="113.93672573981314"><ele>469.2966610883453</ele><time>2023-09-23T02:26:18Z</time></trkpt><trkpt lat="22.24576024520449" lon="113.93670091899808"><ele>469.7680972155345</ele><time>2023-09-23T02:26:22Z</time></trkpt><trkpt lat="22.245742024711646" lon="113.93667693241214"><ele>470.94055397207603</ele><time>2023-09-23T02:26:26Z</time></trkpt><trkpt lat="22.245734842415708" lon="113.93665670145622"><ele>471.3695729343421</ele><time>2023-09-23T02:26:30Z</time></trkpt><trkpt lat="22.245717657734705" lon="113.93663122996493"><ele>471.9903681869745</ele><time>2023-09-23T02:26:34Z</time></trkpt><trkpt lat="22.245705179405086" lon="113.9366005772916"><ele>473.42672286583024</ele><time>2023-09-23T02:26:38Z</time></trkpt><trkpt lat="22.245728421539248" lon="113.93658989553283"><ele>474.06375475878406</ele><time>2023-09-23T02:27:22Z</time></trkpt><trkpt lat="22.245715179996193" lon="113.93662528396888"><ele>474.02252268562097</ele><time>2023-09-23T02:27:26Z</time></trkpt><trkpt lat="22.245721604423057" lon="113.93660653571256"><ele>476.128910705574</ele><time>2023-09-23T02:33:00Z</time></trkpt><trkpt lat="22.245719659352464" lon="113.93658326349549"><ele>476.58554952163604</ele><time>2023-09-23T02:33:04Z</time></trkpt><trkpt lat="22.245724964078793" lon="113.93655625836008"><ele>476.9751986905858</ele><time>2023-09-23T02:33:06Z</time></trkpt><trkpt lat="22.24572532141953" lon="113.93653604622672"><ele>476.8690963147312</ele><time>2023-09-23T02:33:08Z</time></trkpt><trkpt lat="22.245710970660298" lon="113.93652073669335"><ele>477.3695239689763</ele><time>2023-09-23T02:33:14Z</time></trkpt><trkpt lat="22.245738329441377" lon="113.93651956046621"><ele>477.02518820989616</ele><time>2023-09-23T02:33:26Z</time></trkpt><trkpt lat="22.245739010448517" lon="113.93648378056447"><ele>476.92808280915744</ele><time>2023-09-23T02:33:30Z</time></trkpt><trkpt lat="22.245735559371685" lon="113.93645374342555"><ele>476.72873641185134</ele><time>2023-09-23T02:33:34Z</time></trkpt><trkpt lat="22.245742255162362" lon="113.9364260472833"><ele>476.50765548031677</ele><time>2023-09-23T02:33:38Z</time></trkpt><trkpt lat="22.245766094042196" lon="113.93641412055288"><ele>476.7783794963986</ele><time>2023-09-23T02:33:42Z</time></trkpt><trkpt lat="22.245776410144924" lon="113.93638573778094"><ele>477.5285536813547</ele><time>2023-09-23T02:33:46Z</time></trkpt><trkpt lat="22.245788159989214" lon="113.93636513750621"><ele>478.09470409064795</ele><time>2023-09-23T02:33:50Z</time></trkpt><trkpt lat="22.245801524699367" lon="113.9363464090087"><ele>477.9929587608427</ele><time>2023-09-23T02:33:54Z</time></trkpt><trkpt lat="22.245814641554993" lon="113.93633222793356"><ele>478.8007354779845</ele><time>2023-09-23T02:34:04Z</time></trkpt><trkpt lat="22.245823607711195" lon="113.93631068484466"><ele>479.557701781527</ele><time>2023-09-23T02:34:06Z</time></trkpt><trkpt lat="22.245845845898383" lon="113.93629632012549"><ele>480.50839991729225</ele><time>2023-09-23T02:34:10Z</time></trkpt><trkpt lat="22.24585649949268" lon="113.93627420337732"><ele>481.1070041409055</ele><time>2023-09-23T02:34:14Z</time></trkpt><trkpt lat="22.24586433336524" lon="113.93625626963495"><ele>482.31691808252685</ele><time>2023-09-23T02:34:18Z</time></trkpt><trkpt lat="22.245885822041874" lon="113.93623192014827"><ele>482.9032510020704</ele><time>2023-09-23T02:34:22Z</time></trkpt><trkpt lat="22.245898130304504" lon="113.93621587143217"><ele>482.82428904443094</ele><time>2023-09-23T02:34:24Z</time></trkpt><trkpt lat="22.245915058491985" lon="113.93619499722058"><ele>483.1300913334913</ele><time>2023-09-23T02:34:30Z</time></trkpt><trkpt lat="22.245939787502433" lon="113.93618600249677"><ele>483.00021186957395</ele><time>2023-09-23T02:34:34Z</time></trkpt><trkpt lat="22.24596319980902" lon="113.93617159796499"><ele>483.1428208977608</ele><time>2023-09-23T02:34:38Z</time></trkpt><trkpt lat="22.24597403194615" lon="113.93614163355217"><ele>485.86394543126744</ele><time>2023-09-23T02:36:02Z</time></trkpt><trkpt lat="22.245991876851136" lon="113.93611978648835"><ele>486.2687301491234</ele><time>2023-09-23T02:36:06Z</time></trkpt><trkpt lat="22.24601125027396" lon="113.93610937548293"><ele>485.9087350258405</ele><time>2023-09-23T02:36:20Z</time></trkpt><trkpt lat="22.2460271889548" lon="113.93608789483527"><ele>485.5734887845762</ele><time>2023-09-23T02:36:22Z</time></trkpt><trkpt lat="22.24604078305582" lon="113.936073751376"><ele>485.4391955919162</ele><time>2023-09-23T02:36:24Z</time></trkpt><trkpt lat="22.246052348016615" lon="113.93605863613539"><ele>485.3655090439953</ele><time>2023-09-23T02:36:26Z</time></trkpt><trkpt lat="22.246071175387577" lon="113.93603847749928"><ele>485.5868565580043</ele><time>2023-09-23T02:36:30Z</time></trkpt><trkpt lat="22.24607652545831" lon="113.93601426114627"><ele>486.1107813270046</ele><time>2023-09-23T02:36:34Z</time></trkpt><trkpt lat="22.246088656284634" lon="113.935990955226"><ele>486.6881050984106</ele><time>2023-09-23T02:36:38Z</time></trkpt><trkpt lat="22.246107430887147" lon="113.93596132281233"><ele>487.2585381191199</ele><time>2023-09-23T02:36:42Z</time></trkpt><trkpt lat="22.24612194229798" lon="113.9359329276103"><ele>487.7627218900117</ele><time>2023-09-23T02:36:46Z</time></trkpt><trkpt lat="22.246135111674707" lon="113.93591786330778"><ele>488.3607920782526</ele><time>2023-09-23T02:36:48Z</time></trkpt><trkpt lat="22.246142968969863" lon="113.93589802201436"><ele>489.29918287407526</ele><time>2023-09-23T02:36:50Z</time></trkpt><trkpt lat="22.246162807963863" lon="113.9358684486463"><ele>491.42437633027356</ele><time>2023-09-23T02:36:54Z</time></trkpt><trkpt lat="22.246174451267972" lon="113.93585294437536"><ele>492.15232079917604</ele><time>2023-09-23T02:36:56Z</time></trkpt><trkpt lat="22.246194503340067" lon="113.93582702111158"><ele>493.30956709669493</ele><time>2023-09-23T02:37:00Z</time></trkpt><trkpt lat="22.246204780786563" lon="113.93580066750654"><ele>494.3164785905222</ele><time>2023-09-23T02:37:08Z</time></trkpt><trkpt lat="22.246212387661085" lon="113.93577493988029"><ele>495.49787245524</ele><time>2023-09-23T02:37:12Z</time></trkpt><trkpt lat="22.246227801112155" lon="113.93576213204689"><ele>496.27549990682104</ele><time>2023-09-23T02:37:16Z</time></trkpt><trkpt lat="22.246250671735513" lon="113.93574690514409"><ele>496.70850223660483</ele><time>2023-09-23T02:37:20Z</time></trkpt><trkpt lat="22.246266877163734" lon="113.93573133344246"><ele>497.3902106074115</ele><time>2023-09-23T02:37:24Z</time></trkpt><trkpt lat="22.24628518083014" lon="113.93570679463257"><ele>497.5308858478518</ele><time>2023-09-23T02:37:28Z</time></trkpt><trkpt lat="22.24629966422084" lon="113.9356950850776"><ele>497.7244207554896</ele><time>2023-09-23T02:37:32Z</time></trkpt><trkpt lat="22.246321159275343" lon="113.93568230006272"><ele>497.8330173036735</ele><time>2023-09-23T02:37:36Z</time></trkpt><trkpt lat="22.246350640689734" lon="113.93566069114264"><ele>498.60835093595654</ele><time>2023-09-23T02:37:40Z</time></trkpt><trkpt lat="22.246376777432502" lon="113.93564805430667"><ele>499.5166507243954</ele><time>2023-09-23T02:37:44Z</time></trkpt><trkpt lat="22.24639998122187" lon="113.93561916287237"><ele>499.66313954157044</ele><time>2023-09-23T02:37:48Z</time></trkpt><trkpt lat="22.246415433813855" lon="113.9356009872132"><ele>500.4804949053861</ele><time>2023-09-23T02:37:52Z</time></trkpt><trkpt lat="22.246434303248886" lon="113.93558827326615"><ele>500.53426132572065</ele><time>2023-09-23T02:37:56Z</time></trkpt><trkpt lat="22.246447692948603" lon="113.93555830182815"><ele>501.89637575331363</ele><time>2023-09-23T02:38:14Z</time></trkpt><trkpt lat="22.24646532294475" lon="113.93553204514909"><ele>502.59550232142857</ele><time>2023-09-23T02:38:18Z</time></trkpt><trkpt lat="22.24648313795846" lon="113.93552764934545"><ele>502.61618680936425</ele><time>2023-09-23T02:38:20Z</time></trkpt><trkpt lat="22.246461367848283" lon="113.93551393341896"><ele>508.09260541107506</ele><time>2023-09-23T02:42:38Z</time></trkpt><trkpt lat="22.24647753165864" lon="113.9354976484733"><ele>506.42856790311635</ele><time>2023-09-23T02:42:56Z</time></trkpt><trkpt lat="22.246492488279785" lon="113.93548565586713"><ele>506.67889391165227</ele><time>2023-09-23T02:43:06Z</time></trkpt><trkpt lat="22.24650702061436" lon="113.93546811802315"><ele>503.93908500785426</ele><time>2023-09-23T02:43:08Z</time></trkpt><trkpt lat="22.246520458850807" lon="113.93545301414737"><ele>502.638954966762</ele><time>2023-09-23T02:43:10Z</time></trkpt><trkpt lat="22.24655073787711" lon="113.93543551589417"><ele>499.1840836172825</ele><time>2023-09-23T02:43:14Z</time></trkpt><trkpt lat="22.246563759575082" lon="113.93542006456408"><ele>498.2038736132367</ele><time>2023-09-23T02:43:16Z</time></trkpt><trkpt lat="22.24657211277475" lon="113.93540021661374"><ele>498.1556050616202</ele><time>2023-09-23T02:43:18Z</time></trkpt><trkpt lat="22.24658512851916" lon="113.93537880901954"><ele>498.57367008967896</ele><time>2023-09-23T02:43:20Z</time></trkpt><trkpt lat="22.2465956372143" lon="113.93535620465951"><ele>499.0962536468913</ele><time>2023-09-23T02:43:22Z</time></trkpt><trkpt lat="22.246605267281033" lon="113.93533599343537"><ele>499.53853997606876</ele><time>2023-09-23T02:43:24Z</time></trkpt><trkpt lat="22.246614152771446" lon="113.9353118330403"><ele>500.2891621008717</ele><time>2023-09-23T02:43:26Z</time></trkpt><trkpt lat="22.2466235239998" lon="113.93529171584032"><ele>501.14082860897406</ele><time>2023-09-23T02:43:28Z</time></trkpt><trkpt lat="22.246631010468178" lon="113.93526938382162"><ele>501.2897980786849</ele><time>2023-09-23T02:43:30Z</time></trkpt><trkpt lat="22.246635734428857" lon="113.93525012832775"><ele>500.98438353247275</ele><time>2023-09-23T02:43:32Z</time></trkpt><trkpt lat="22.246653806170237" lon="113.93521054242613"><ele>500.1851182472232</ele><time>2023-09-23T02:43:36Z</time></trkpt><trkpt lat="22.246669046129288" lon="113.93518593767381"><ele>500.31412806712746</ele><time>2023-09-23T02:43:38Z</time></trkpt><trkpt lat="22.246680099342726" lon="113.93516734728871"><ele>500.13331341164417</ele><time>2023-09-23T02:43:40Z</time></trkpt><trkpt lat="22.246689255368228" lon="113.93513660017317"><ele>500.1918416274292</ele><time>2023-09-23T02:43:44Z</time></trkpt><trkpt lat="22.24669458009435" lon="113.93509299754275"><ele>500.364900082887</ele><time>2023-09-23T02:43:48Z</time></trkpt><trkpt lat="22.246703493159288" lon="113.93506713872631"><ele>499.97338060753424</ele><time>2023-09-23T02:43:52Z</time></trkpt><trkpt lat="22.246710502226726" lon="113.93504768678375"><ele>499.68477792939666</ele><time>2023-09-23T02:43:54Z</time></trkpt><trkpt lat="22.246725719628145" lon="113.93502304931268"><ele>499.2821018636828</ele><time>2023-09-23T02:43:58Z</time></trkpt><trkpt lat="22.24674419403827" lon="113.93500802055762"><ele>498.84476320476244</ele><time>2023-09-23T02:44:02Z</time></trkpt><trkpt lat="22.246760718942365" lon="113.9349783814637"><ele>498.06789214967955</ele><time>2023-09-23T02:44:06Z</time></trkpt><trkpt lat="22.246778775086277" lon="113.93494896514359"><ele>497.50509246167513</ele><time>2023-09-23T02:44:10Z</time></trkpt><trkpt lat="22.2467954399877" lon="113.93492665698189"><ele>497.06002878131795</ele><time>2023-09-23T02:44:14Z</time></trkpt><trkpt lat="22.24682029367604" lon="113.93490380450804"><ele>495.8149621442361</ele><time>2023-09-23T02:44:18Z</time></trkpt><trkpt lat="22.246829245877585" lon="113.93488347739185"><ele>495.2280942682611</ele><time>2023-09-23T02:44:22Z</time></trkpt><trkpt lat="22.246848996823907" lon="113.93486200882955"><ele>494.24658748824896</ele><time>2023-09-23T02:44:46Z</time></trkpt><trkpt lat="22.24685811610578" lon="113.93484232228566"><ele>494.02974126253775</ele><time>2023-09-23T02:44:48Z</time></trkpt><trkpt lat="22.24687405696993" lon="113.93481100905743"><ele>494.45859566405596</ele><time>2023-09-23T02:44:52Z</time></trkpt><trkpt lat="22.246889840164734" lon="113.9347920974448"><ele>492.71714634448887</ele><time>2023-09-23T02:44:58Z</time></trkpt><trkpt lat="22.246903136018663" lon="113.93476512249306"><ele>492.03903135160874</ele><time>2023-09-23T02:45:02Z</time></trkpt><trkpt lat="22.246924234141467" lon="113.93475265035711"><ele>492.2205042587189</ele><time>2023-09-23T02:45:06Z</time></trkpt><trkpt lat="22.246944016062" lon="113.93473416566631"><ele>492.4988693243416</ele><time>2023-09-23T02:45:10Z</time></trkpt><trkpt lat="22.24695047637887" lon="113.9347122276274"><ele>492.0707334179678</ele><time>2023-09-23T02:45:12Z</time></trkpt><trkpt lat="22.246964100774125" lon="113.93468616397027"><ele>491.3467143323047</ele><time>2023-09-23T02:45:16Z</time></trkpt><trkpt lat="22.24698554751859" lon="113.93467174019158"><ele>490.8979060762804</ele><time>2023-09-23T02:45:20Z</time></trkpt><trkpt lat="22.247004811548155" lon="113.9346640578549"><ele>490.7944699111542</ele><time>2023-09-23T02:45:26Z</time></trkpt><trkpt lat="22.247030806644947" lon="113.93465121959612"><ele>490.3740203254186</ele><time>2023-09-23T02:45:30Z</time></trkpt><trkpt lat="22.247049325165758" lon="113.93462701905892"><ele>489.70400583852654</ele><time>2023-09-23T02:45:34Z</time></trkpt><trkpt lat="22.247062696196988" lon="113.93459598138622"><ele>489.2085800824219</ele><time>2023-09-23T02:45:38Z</time></trkpt><trkpt lat="22.247079717259176" lon="113.934570415663"><ele>489.5294956702097</ele><time>2023-09-23T02:45:42Z</time></trkpt><trkpt lat="22.247091487929627" lon="113.9345414939196"><ele>490.1172472890083</ele><time>2023-09-23T02:45:46Z</time></trkpt><trkpt lat="22.247098300428892" lon="113.93451171289993"><ele>490.53794164903</ele><time>2023-09-23T02:45:50Z</time></trkpt><trkpt lat="22.247104199115622" lon="113.93448790923365"><ele>492.04462362760626</ele><time>2023-09-23T02:45:56Z</time></trkpt><trkpt lat="22.247110722200272" lon="113.9344603518956"><ele>493.61295104938495</ele><time>2023-09-23T02:46:00Z</time></trkpt><trkpt lat="22.247132746119153" lon="113.93444067746513"><ele>493.17565570866634</ele><time>2023-09-23T02:46:04Z</time></trkpt><trkpt lat="22.247148734221483" lon="113.93441335117679"><ele>492.48129618857723</ele><time>2023-09-23T02:46:08Z</time></trkpt><trkpt lat="22.247149954576177" lon="113.93439345689497"><ele>493.15511518682524</ele><time>2023-09-23T02:46:10Z</time></trkpt><trkpt lat="22.247154970483635" lon="113.93437086728042"><ele>494.4269691531461</ele><time>2023-09-23T02:46:12Z</time></trkpt><trkpt lat="22.247160393575893" lon="113.93434669965885"><ele>495.209173767271</ele><time>2023-09-23T02:46:14Z</time></trkpt><trkpt lat="22.24717037716417" lon="113.93432804570476"><ele>495.306974405821</ele><time>2023-09-23T02:46:16Z</time></trkpt><trkpt lat="22.247194282180157" lon="113.93429528002939"><ele>495.0671806962748</ele><time>2023-09-23T02:46:20Z</time></trkpt><trkpt lat="22.247216421754658" lon="113.93428094259167"><ele>494.73730364067643</ele><time>2023-09-23T02:46:22Z</time></trkpt><trkpt lat="22.24723555955877" lon="113.93426864172218"><ele>494.92058534388775</ele><time>2023-09-23T02:46:24Z</time></trkpt><trkpt lat="22.247251080725356" lon="113.93425628245198"><ele>495.46943202105865</ele><time>2023-09-23T02:46:26Z</time></trkpt><trkpt lat="22.24727905743621" lon="113.93424050773437"><ele>496.400094430804</ele><time>2023-09-23T02:46:30Z</time></trkpt><trkpt lat="22.247309551716278" lon="113.9342370764893"><ele>495.6828802769532</ele><time>2023-09-23T02:46:34Z</time></trkpt><trkpt lat="22.247341203701883" lon="113.93424272737964"><ele>495.80038804729145</ele><time>2023-09-23T02:46:38Z</time></trkpt><trkpt lat="22.247361978143502" lon="113.93424835599576"><ele>496.5998215776304</ele><time>2023-09-23T02:46:40Z</time></trkpt><trkpt lat="22.247381386063775" lon="113.93425325139226"><ele>497.3835235582407</ele><time>2023-09-23T02:46:42Z</time></trkpt><trkpt lat="22.24740272643521" lon="113.93425303489764"><ele>497.8966553263462</ele><time>2023-09-23T02:46:44Z</time></trkpt><trkpt lat="22.247424397555235" lon="113.93424889121714"><ele>497.8406663139449</ele><time>2023-09-23T02:46:46Z</time></trkpt><trkpt lat="22.247457304583655" lon="113.93424540450316"><ele>498.08794493361023</ele><time>2023-09-23T02:46:50Z</time></trkpt><trkpt lat="22.247478360763054" lon="113.93423978548499"><ele>498.07486478350387</ele><time>2023-09-23T02:46:52Z</time></trkpt><trkpt lat="22.247497746153535" lon="113.9342337844685"><ele>497.93007620344383</ele><time>2023-09-23T02:46:54Z</time></trkpt><trkpt lat="22.247517769404585" lon="113.93422706719579"><ele>497.76309421463986</ele><time>2023-09-23T02:46:56Z</time></trkpt><trkpt lat="22.24754906899164" lon="113.93421798948195"><ele>497.8279902810536</ele><time>2023-09-23T02:47:00Z</time></trkpt><trkpt lat="22.24751409944814" lon="113.93421747206686"><ele>499.1735798589255</ele><time>2023-09-23T02:47:14Z</time></trkpt><trkpt lat="22.24749481433831" lon="113.93422160471111"><ele>499.0829837034889</ele><time>2023-09-23T02:47:16Z</time></trkpt><trkpt lat="22.247512602043752" lon="113.93423760243479"><ele>500.4273786209292</ele><time>2023-09-23T02:52:58Z</time></trkpt><trkpt lat="22.247537396593447" lon="113.93422392151396"><ele>499.7648701857104</ele><time>2023-09-23T02:53:02Z</time></trkpt><trkpt lat="22.24755642917701" lon="113.9342062082209"><ele>499.54685511999986</ele><time>2023-09-23T02:53:06Z</time></trkpt><trkpt lat="22.24758648893637" lon="113.93418287683558"><ele>499.10026852733614</ele><time>2023-09-23T02:53:10Z</time></trkpt><trkpt lat="22.247603676709485" lon="113.93417142985098"><ele>498.89342903137344</ele><time>2023-09-23T02:53:12Z</time></trkpt><trkpt lat="22.247627702459603" lon="113.93415000903401"><ele>498.6841416708282</ele><time>2023-09-23T02:53:16Z</time></trkpt><trkpt lat="22.247636514851035" lon="113.93413210550014"><ele>498.6265128652427</ele><time>2023-09-23T02:53:18Z</time></trkpt><trkpt lat="22.247647880448124" lon="113.93411641402076"><ele>498.6011721847572</ele><time>2023-09-23T02:53:20Z</time></trkpt><trkpt lat="22.247666949903245" lon="113.9340931923347"><ele>499.2422751090056</ele><time>2023-09-23T02:53:24Z</time></trkpt><trkpt lat="22.247678191674883" lon="113.9340707447226"><ele>499.52346895972903</ele><time>2023-09-23T02:53:28Z</time></trkpt><trkpt lat="22.247677811386712" lon="113.93404845177591"><ele>500.01804015246813</ele><time>2023-09-23T02:53:32Z</time></trkpt><trkpt lat="22.2476840219496" lon="113.93402334562357"><ele>500.395535423505</ele><time>2023-09-23T02:53:36Z</time></trkpt><trkpt lat="22.247696705584076" lon="113.93400728664848"><ele>501.22432297461484</ele><time>2023-09-23T02:53:40Z</time></trkpt><trkpt lat="22.247707852902934" lon="113.93397874958009"><ele>502.01721297678006</ele><time>2023-09-23T02:53:48Z</time></trkpt><trkpt lat="22.247730863687817" lon="113.93396153892526"><ele>502.4700309885409</ele><time>2023-09-23T02:53:52Z</time></trkpt><trkpt lat="22.247742014657337" lon="113.93394126983394"><ele>502.9986559036455</ele><time>2023-09-23T02:53:56Z</time></trkpt><trkpt lat="22.247770676900508" lon="113.9339369963988"><ele>503.45243334225233</ele><time>2023-09-23T02:54:00Z</time></trkpt><trkpt lat="22.24778569259617" lon="113.93392490444243"><ele>503.0993554725457</ele><time>2023-09-23T02:54:04Z</time></trkpt><trkpt lat="22.247805955169397" lon="113.93391412775813"><ele>502.71767296339596</ele><time>2023-09-23T02:54:10Z</time></trkpt><trkpt lat="22.247822594349316" lon="113.93387947531288"><ele>503.64986676961354</ele><time>2023-09-23T02:54:14Z</time></trkpt><trkpt lat="22.247843748404183" lon="113.93386252699648"><ele>503.7361616903433</ele><time>2023-09-23T02:54:18Z</time></trkpt><trkpt lat="22.247852391249154" lon="113.93384494272766"><ele>503.9421687348234</ele><time>2023-09-23T02:54:20Z</time></trkpt><trkpt lat="22.247866181522756" lon="113.93381465577407"><ele>504.69360674262794</ele><time>2023-09-23T02:54:24Z</time></trkpt><trkpt lat="22.24788346141203" lon="113.93380907447809"><ele>506.82942148184316</ele><time>2023-09-23T02:54:36Z</time></trkpt><trkpt lat="22.24790317507274" lon="113.93380726400494"><ele>507.32992396128355</ele><time>2023-09-23T02:54:38Z</time></trkpt><trkpt lat="22.247919167119093" lon="113.93379472245184"><ele>507.5982861075062</ele><time>2023-09-23T02:54:40Z</time></trkpt><trkpt lat="22.2479365498497" lon="113.93377578459803"><ele>508.48048912879256</ele><time>2023-09-23T02:54:44Z</time></trkpt><trkpt lat="22.247948480097893" lon="113.93375562868579"><ele>509.4336814785538</ele><time>2023-09-23T02:54:48Z</time></trkpt><trkpt lat="22.2479780972243" lon="113.93374533625335"><ele>509.66106867123517</ele><time>2023-09-23T02:54:52Z</time></trkpt><trkpt lat="22.24799380035556" lon="113.93373487020942"><ele>510.6376958190866</ele><time>2023-09-23T02:54:56Z</time></trkpt><trkpt lat="22.247997124968826" lon="113.93371551075336"><ele>511.25565246061285</ele><time>2023-09-23T02:55:00Z</time></trkpt><trkpt lat="22.24802050625786" lon="113.93370043525334"><ele>513.4320994351081</ele><time>2023-09-23T02:57:00Z</time></trkpt><trkpt lat="22.24803364122814" lon="113.93368197606452"><ele>513.876029518824</ele><time>2023-09-23T02:57:02Z</time></trkpt><trkpt lat="22.248041635609138" lon="113.93365541495669"><ele>515.0049105301476</ele><time>2023-09-23T02:57:06Z</time></trkpt><trkpt lat="22.24806088734056" lon="113.93363962441423"><ele>515.5376542581739</ele><time>2023-09-23T02:57:10Z</time></trkpt><trkpt lat="22.24805694243835" lon="113.93360882136996"><ele>516.3263658035906</ele><time>2023-09-23T02:57:16Z</time></trkpt><trkpt lat="22.248058403218778" lon="113.93358600894493"><ele>516.5920103934801</ele><time>2023-09-23T02:57:18Z</time></trkpt><trkpt lat="22.248049017421252" lon="113.93355955211736"><ele>517.348288966123</ele><time>2023-09-23T02:57:22Z</time></trkpt><trkpt lat="22.248040467767026" lon="113.93353642505878"><ele>518.258272289443</ele><time>2023-09-23T02:57:26Z</time></trkpt><trkpt lat="22.248036922835286" lon="113.93350827179486"><ele>519.6782717312943</ele><time>2023-09-23T02:57:30Z</time></trkpt><trkpt lat="22.248049358543906" lon="113.93347761329024"><ele>521.4780365921418</ele><time>2023-09-23T02:57:34Z</time></trkpt><trkpt lat="22.248063968807205" lon="113.93345517997699"><ele>522.3696965211763</ele><time>2023-09-23T02:57:38Z</time></trkpt><trkpt lat="22.24807539275993" lon="113.93343329599118"><ele>522.8748298668255</ele><time>2023-09-23T02:57:42Z</time></trkpt><trkpt lat="22.248100613654337" lon="113.93341965676164"><ele>523.9195905415544</ele><time>2023-09-23T02:57:54Z</time></trkpt><trkpt lat="22.24810058696165" lon="113.9333957264455"><ele>523.9590058314226</ele><time>2023-09-23T02:58:04Z</time></trkpt><trkpt lat="22.24808081385056" lon="113.93337388370045"><ele>524.4875326587318</ele><time>2023-09-23T02:58:08Z</time></trkpt><trkpt lat="22.24806764453671" lon="113.93334510970236"><ele>525.5324970457567</ele><time>2023-09-23T02:58:12Z</time></trkpt><trkpt lat="22.248049384385386" lon="113.93331856396419"><ele>526.7032855456156</ele><time>2023-09-23T02:58:16Z</time></trkpt><trkpt lat="22.24803913818848" lon="113.93330229259735"><ele>529.2869734958223</ele><time>2023-09-23T02:58:24Z</time></trkpt><trkpt lat="22.248041699147013" lon="113.93328302461839"><ele>530.5415543890389</ele><time>2023-09-23T02:58:32Z</time></trkpt><trkpt lat="22.248051158779155" lon="113.93326342970641"><ele>532.6978384926518</ele><time>2023-09-23T03:00:02Z</time></trkpt><trkpt lat="22.248063601827642" lon="113.93324332768073"><ele>533.6675829697047</ele><time>2023-09-23T03:00:06Z</time></trkpt><trkpt lat="22.2480805888737" lon="113.93321401914756"><ele>534.5185867685809</ele><time>2023-09-23T03:00:10Z</time></trkpt><trkpt lat="22.248082794578835" lon="113.93318685074308"><ele>535.1173453224089</ele><time>2023-09-23T03:00:14Z</time></trkpt><trkpt lat="22.248056544626046" lon="113.93314727281147"><ele>536.0511007647851</ele><time>2023-09-23T03:00:18Z</time></trkpt><trkpt lat="22.248044962152846" lon="113.93312841619772"><ele>536.6863375272961</ele><time>2023-09-23T03:00:20Z</time></trkpt><trkpt lat="22.24805145868687" lon="113.93309886259019"><ele>537.9723235783075</ele><time>2023-09-23T03:00:24Z</time></trkpt><trkpt lat="22.248067123248973" lon="113.93308876225844"><ele>538.9984413818714</ele><time>2023-09-23T03:00:28Z</time></trkpt><trkpt lat="22.24809473980793" lon="113.93307803081001"><ele>539.4595019891943</ele><time>2023-09-23T03:00:34Z</time></trkpt><trkpt lat="22.248107920054135" lon="113.93304625413516"><ele>540.3445276220115</ele><time>2023-09-23T03:00:38Z</time></trkpt><trkpt lat="22.24812317740121" lon="113.93303053169257"><ele>543.3086251920805</ele><time>2023-09-23T03:00:54Z</time></trkpt><trkpt lat="22.248143410255036" lon="113.93303604914047"><ele>543.5746759125849</ele><time>2023-09-23T03:00:58Z</time></trkpt><trkpt lat="22.2481510437506" lon="113.93300529089473"><ele>545.3608307493928</ele><time>2023-09-23T03:01:08Z</time></trkpt><trkpt lat="22.248163330661136" lon="113.93299022323298"><ele>545.8142102604287</ele><time>2023-09-23T03:01:12Z</time></trkpt><trkpt lat="22.248176986042196" lon="113.93297661904519"><ele>546.5378685487913</ele><time>2023-09-23T03:01:18Z</time></trkpt><trkpt lat="22.24818238693642" lon="113.93295196549568"><ele>546.5256034492946</ele><time>2023-09-23T03:01:22Z</time></trkpt><trkpt lat="22.248194318305494" lon="113.93292933802677"><ele>548.8766802663637</ele><time>2023-09-23T03:01:34Z</time></trkpt><trkpt lat="22.24820574905113" lon="113.93290921854067"><ele>549.5556078395119</ele><time>2023-09-23T03:01:40Z</time></trkpt><trkpt lat="22.248215455454616" lon="113.93288945168592"><ele>549.8788759457652</ele><time>2023-09-23T03:01:46Z</time></trkpt><trkpt lat="22.24821117401346" lon="113.93286772592363"><ele>551.1284240479137</ele><time>2023-09-23T03:02:00Z</time></trkpt><trkpt lat="22.248200602530673" lon="113.93284726576957"><ele>551.315528537821</ele><time>2023-09-23T03:02:04Z</time></trkpt><trkpt lat="22.248199644895106" lon="113.93282605201449"><ele>551.7521466681145</ele><time>2023-09-23T03:02:10Z</time></trkpt><trkpt lat="22.248189752476488" lon="113.93280756660042"><ele>553.4979786861824</ele><time>2023-09-23T03:02:18Z</time></trkpt><trkpt lat="22.24818127011362" lon="113.93278787283215"><ele>554.7977475977093</ele><time>2023-09-23T03:02:24Z</time></trkpt><trkpt lat="22.248174074034477" lon="113.93276938833893"><ele>554.7429392851486</ele><time>2023-09-23T03:02:26Z</time></trkpt><trkpt lat="22.248142802717428" lon="113.93276082782022"><ele>555.0918619905145</ele><time>2023-09-23T03:02:30Z</time></trkpt><trkpt lat="22.248149805747136" lon="113.93274176857764"><ele>556.6182568596842</ele><time>2023-09-23T03:03:08Z</time></trkpt><trkpt lat="22.24814558563887" lon="113.93271875226355"><ele>558.0741504733035</ele><time>2023-09-23T03:08:18Z</time></trkpt><trkpt lat="22.248141051920015" lon="113.93269828556487"><ele>559.594008546129</ele><time>2023-09-23T03:08:24Z</time></trkpt><trkpt lat="22.248155086448147" lon="113.93268601159306"><ele>560.0203995189564</ele><time>2023-09-23T03:08:28Z</time></trkpt><trkpt lat="22.24817097963869" lon="113.93266977343505"><ele>560.7636932292085</ele><time>2023-09-23T03:08:32Z</time></trkpt><trkpt lat="22.248187461860528" lon="113.93265654963213"><ele>560.989647073865</ele><time>2023-09-23T03:08:42Z</time></trkpt><trkpt lat="22.24818622740321" lon="113.9326311334468"><ele>562.0777405493482</ele><time>2023-09-23T03:08:48Z</time></trkpt><trkpt lat="22.248178407416628" lon="113.9326082121644"><ele>562.4926352546034</ele><time>2023-09-23T03:08:50Z</time></trkpt><trkpt lat="22.248184107542684" lon="113.93258778477616"><ele>563.5041610386486</ele><time>2023-09-23T03:08:56Z</time></trkpt><trkpt lat="22.248199896217237" lon="113.93257022028216"><ele>564.1331245894964</ele><time>2023-09-23T03:09:08Z</time></trkpt><trkpt lat="22.248196261929674" lon="113.932547864308"><ele>564.8470799385312</ele><time>2023-09-23T03:09:12Z</time></trkpt><trkpt lat="22.248217533484265" lon="113.9325347237434"><ele>565.4202536727826</ele><time>2023-09-23T03:09:16Z</time></trkpt><trkpt lat="22.248234571587748" lon="113.93254192306628"><ele>565.5787561525354</ele><time>2023-09-23T03:09:20Z</time></trkpt><trkpt lat="22.248254268938098" lon="113.93253744351293"><ele>566.3595512330467</ele><time>2023-09-23T03:09:24Z</time></trkpt><trkpt lat="22.248272398251753" lon="113.93252081664957"><ele>567.1923270999523</ele><time>2023-09-23T03:09:46Z</time></trkpt><trkpt lat="22.24827169904647" lon="113.93249434482522"><ele>568.2442643177885</ele><time>2023-09-23T03:09:54Z</time></trkpt><trkpt lat="22.248290744406773" lon="113.93246577778568"><ele>569.1739006383116</ele><time>2023-09-23T03:10:16Z</time></trkpt><trkpt lat="22.248299159515373" lon="113.9324481044723"><ele>571.3885461875157</ele><time>2023-09-23T03:10:22Z</time></trkpt><trkpt lat="22.2483090477398" lon="113.93243092985587"><ele>571.6803289559301</ele><time>2023-09-23T03:10:26Z</time></trkpt><trkpt lat="22.248327408473305" lon="113.93242970404482"><ele>573.2350797611972</ele><time>2023-09-23T03:10:32Z</time></trkpt><trkpt lat="22.248351986165453" lon="113.93240558254706"><ele>574.7726885849942</ele><time>2023-09-23T03:10:38Z</time></trkpt><trkpt lat="22.248369216187655" lon="113.93239468190366"><ele>575.5856259845514</ele><time>2023-09-23T03:10:42Z</time></trkpt><trkpt lat="22.24838854960859" lon="113.93239556584868"><ele>575.7569088052506</ele><time>2023-09-23T03:10:48Z</time></trkpt><trkpt lat="22.248404690482985" lon="113.93237590874958"><ele>577.4142051674858</ele><time>2023-09-23T03:11:00Z</time></trkpt><trkpt lat="22.248417666570987" lon="113.93236016767797"><ele>578.8361275652671</ele><time>2023-09-23T03:11:10Z</time></trkpt><trkpt lat="22.24840885113272" lon="113.93233692952816"><ele>580.2049432129701</ele><time>2023-09-23T03:11:16Z</time></trkpt><trkpt lat="22.248405416919056" lon="113.93231411876279"><ele>581.1145335253327</ele><time>2023-09-23T03:11:36Z</time></trkpt><trkpt lat="22.24840481974812" lon="113.93229155852279"><ele>582.1359964904567</ele><time>2023-09-23T03:11:40Z</time></trkpt><trkpt lat="22.248420469581212" lon="113.9322814389392"><ele>582.6170102169434</ele><time>2023-09-23T03:11:48Z</time></trkpt><trkpt lat="22.248444214001122" lon="113.93228836732436"><ele>583.3947211340613</ele><time>2023-09-23T03:11:54Z</time></trkpt><trkpt lat="22.248462344514202" lon="113.93228065659576"><ele>585.085991498042</ele><time>2023-09-23T03:12:02Z</time></trkpt><trkpt lat="22.248474238204768" lon="113.9322644741855"><ele>586.5122444976123</ele><time>2023-09-23T03:12:28Z</time></trkpt><trkpt lat="22.24848892177848" lon="113.93224525459863"><ele>587.4766905914078</ele><time>2023-09-23T03:12:32Z</time></trkpt><trkpt lat="22.248495377661357" lon="113.93221863848883"><ele>588.9073867029266</ele><time>2023-09-23T03:12:38Z</time></trkpt><trkpt lat="22.248513502092244" lon="113.93220893559277"><ele>589.5986747124106</ele><time>2023-09-23T03:12:42Z</time></trkpt><trkpt lat="22.248514256109463" lon="113.93218097635253"><ele>590.6077029089272</ele><time>2023-09-23T03:12:52Z</time></trkpt><trkpt lat="22.248517110392065" lon="113.93220186647977"><ele>591.402986367493</ele><time>2023-09-23T03:13:18Z</time></trkpt><trkpt lat="22.24852601366845" lon="113.93218474551522"><ele>592.2720210080945</ele><time>2023-09-23T03:13:22Z</time></trkpt><trkpt lat="22.248537128362877" lon="113.93214841556647"><ele>592.4998793191029</ele><time>2023-09-23T03:13:26Z</time></trkpt><trkpt lat="22.24854931753981" lon="113.93213245272787"><ele>594.3291490707558</ele><time>2023-09-23T03:13:42Z</time></trkpt><trkpt lat="22.248557349616156" lon="113.93211058296116"><ele>595.3222306519491</ele><time>2023-09-23T03:14:08Z</time></trkpt><trkpt lat="22.248579148361998" lon="113.93210246422265"><ele>596.3275907535267</ele><time>2023-09-23T03:14:12Z</time></trkpt><trkpt lat="22.248590449686915" lon="113.9320808729542"><ele>597.6728287354206</ele><time>2023-09-23T03:14:20Z</time></trkpt><trkpt lat="22.24860125276379" lon="113.93206233020048"><ele>598.3850241864617</ele><time>2023-09-23T03:14:26Z</time></trkpt><trkpt lat="22.248616351442383" lon="113.93207366378603"><ele>599.753966433909</ele><time>2023-09-23T03:14:38Z</time></trkpt><trkpt lat="22.248634366347062" lon="113.93206696315471"><ele>601.0486116578066</ele><time>2023-09-23T03:14:44Z</time></trkpt><trkpt lat="22.248647071806968" lon="113.93204180531737"><ele>601.7745381321714</ele><time>2023-09-23T03:14:48Z</time></trkpt><trkpt lat="22.248664782281356" lon="113.93202285388283"><ele>602.6791124871452</ele><time>2023-09-23T03:14:52Z</time></trkpt><trkpt lat="22.248676838716484" lon="113.9320083621759"><ele>605.5915790735291</ele><time>2023-09-23T03:16:34Z</time></trkpt><trkpt lat="22.248667167068" lon="113.93198932817911"><ele>608.3503908361957</ele><time>2023-09-23T03:24:14Z</time></trkpt><trkpt lat="22.248679714341044" lon="113.93196251844502"><ele>609.378166765176</ele><time>2023-09-23T03:24:20Z</time></trkpt><trkpt lat="22.248673788737868" lon="113.9319294855702"><ele>609.8500966223812</ele><time>2023-09-23T03:24:24Z</time></trkpt><trkpt lat="22.248680502734157" lon="113.93190234949209"><ele>610.3959790926253</ele><time>2023-09-23T03:24:28Z</time></trkpt><trkpt lat="22.248693212611343" lon="113.93188439619175"><ele>611.0209515818241</ele><time>2023-09-23T03:24:32Z</time></trkpt><trkpt lat="22.24871024932544" lon="113.93187336582594"><ele>611.4751051485064</ele><time>2023-09-23T03:24:52Z</time></trkpt><trkpt lat="22.24873102454958" lon="113.93185760391769"><ele>611.9530518136763</ele><time>2023-09-23T03:24:56Z</time></trkpt><trkpt lat="22.248746235674282" lon="113.93184382069715"><ele>612.2052645536087</ele><time>2023-09-23T03:24:58Z</time></trkpt><trkpt lat="22.248762528628774" lon="113.9318233388401"><ele>612.583195275711</ele><time>2023-09-23T03:25:00Z</time></trkpt><trkpt lat="22.2487782087173" lon="113.93180717342541"><ele>612.5390311350551</ele><time>2023-09-23T03:25:02Z</time></trkpt><trkpt lat="22.24880646406958" lon="113.93179393827634"><ele>612.3280597678264</ele><time>2023-09-23T03:25:06Z</time></trkpt><trkpt lat="22.248812845778357" lon="113.93177549258385"><ele>612.4823567933586</ele><time>2023-09-23T03:25:08Z</time></trkpt><trkpt lat="22.248825082235815" lon="113.93175635181174"><ele>612.724571008846</ele><time>2023-09-23T03:25:10Z</time></trkpt><trkpt lat="22.248841138539614" lon="113.93173870852891"><ele>613.2848422443464</ele><time>2023-09-23T03:25:14Z</time></trkpt><trkpt lat="22.24886540126411" lon="113.93171181595787"><ele>613.8855474197554</ele><time>2023-09-23T03:25:22Z</time></trkpt><trkpt lat="22.248862845745666" lon="113.93167628102884"><ele>614.523010161742</ele><time>2023-09-23T03:25:26Z</time></trkpt><trkpt lat="22.248855697151214" lon="113.93165140095866"><ele>614.557600380589</ele><time>2023-09-23T03:25:28Z</time></trkpt><trkpt lat="22.248851848993557" lon="113.93162932930565"><ele>614.4731043574516</ele><time>2023-09-23T03:25:30Z</time></trkpt><trkpt lat="22.24885749620009" lon="113.93160876424193"><ele>614.6910458671249</ele><time>2023-09-23T03:25:32Z</time></trkpt><trkpt lat="22.248901919617342" lon="113.93160430363214"><ele>615.4573817628931</ele><time>2023-09-23T03:25:36Z</time></trkpt><trkpt lat="22.2489209377445" lon="113.93161052581792"><ele>615.6901494699251</ele><time>2023-09-23T03:25:38Z</time></trkpt><trkpt lat="22.248939188044535" lon="113.93162751505315"><ele>615.3997715117137</ele><time>2023-09-23T03:25:42Z</time></trkpt><trkpt lat="22.24895864495735" lon="113.93163023003768"><ele>614.9478981330201</ele><time>2023-09-23T03:26:56Z</time></trkpt></trkseg><trkseg><trkpt lat="22.248936166227484" lon="113.9316163355576"><ele>614.1893158770674</ele><time>2023-09-23T03:43:50Z</time></trkpt><trkpt lat="22.248895879168998" lon="113.9315875725952"><ele>614.7411579865161</ele><time>2023-09-23T03:43:54Z</time></trkpt><trkpt lat="22.24887761967545" lon="113.93156669204501"><ele>614.831501232069</ele><time>2023-09-23T03:43:56Z</time></trkpt><trkpt lat="22.24885780337959" lon="113.93155224356619"><ele>615.3009380973906</ele><time>2023-09-23T03:43:58Z</time></trkpt><trkpt lat="22.248847692160474" lon="113.93153397597158"><ele>615.8111517385496</ele><time>2023-09-23T03:44:00Z</time></trkpt><trkpt lat="22.24885164450355" lon="113.93149613240344"><ele>616.0015005026246</ele><time>2023-09-23T03:44:02Z</time></trkpt><trkpt lat="22.248861453875502" lon="113.93146553101859"><ele>616.7134314570933</ele><time>2023-09-23T03:44:06Z</time></trkpt><trkpt lat="22.248859051553946" lon="113.9314457157234"><ele>618.6423790159122</ele><time>2023-09-23T03:44:12Z</time></trkpt><trkpt lat="22.24885641107699" lon="113.93141233644104"><ele>619.0568562475112</ele><time>2023-09-23T03:44:16Z</time></trkpt><trkpt lat="22.24885035515833" lon="113.9313896603821"><ele>619.0283489871315</ele><time>2023-09-23T03:44:18Z</time></trkpt><trkpt lat="22.248845810121022" lon="113.93136829236146"><ele>618.9556391433551</ele><time>2023-09-23T03:44:20Z</time></trkpt><trkpt lat="22.2488499229684" lon="113.93134031176652"><ele>619.0530403921847</ele><time>2023-09-23T03:44:24Z</time></trkpt><trkpt lat="22.24886241698916" lon="113.93130849588354"><ele>619.256968189122</ele><time>2023-09-23T03:44:28Z</time></trkpt><trkpt lat="22.248855148362086" lon="113.93128711020184"><ele>619.2430563455938</ele><time>2023-09-23T03:44:30Z</time></trkpt><trkpt lat="22.248848099775323" lon="113.93126411350265"><ele>619.3125886707817</ele><time>2023-09-23T03:44:32Z</time></trkpt><trkpt lat="22.248847440958187" lon="113.9312440133659"><ele>619.3178978845988</ele><time>2023-09-23T03:44:34Z</time></trkpt><trkpt lat="22.248847113700286" lon="113.93121241564116"><ele>619.1700797446888</ele><time>2023-09-23T03:44:38Z</time></trkpt><trkpt lat="22.248850222225723" lon="113.93117414147142"><ele>619.2895995194543</ele><time>2023-09-23T03:44:42Z</time></trkpt><trkpt lat="22.24884593885592" lon="113.93114559799149"><ele>619.5762176666664</ele><time>2023-09-23T03:44:44Z</time></trkpt><trkpt lat="22.24884690932517" lon="113.93111590648829"><ele>620.0025431438459</ele><time>2023-09-23T03:44:46Z</time></trkpt><trkpt lat="22.24885485360665" lon="113.93109148276011"><ele>620.1178490253178</ele><time>2023-09-23T03:44:48Z</time></trkpt><trkpt lat="22.248864084843145" lon="113.93107310219355"><ele>620.1412240378845</ele><time>2023-09-23T03:44:50Z</time></trkpt><trkpt lat="22.248876623764893" lon="113.93105230346495"><ele>620.2095097749783</ele><time>2023-09-23T03:44:52Z</time></trkpt><trkpt lat="22.24888628741461" lon="113.9310351669582"><ele>619.973598455533</ele><time>2023-09-23T03:44:54Z</time></trkpt><trkpt lat="22.248892954984477" lon="113.93101618154816"><ele>619.9675758068897</ele><time>2023-09-23T03:44:56Z</time></trkpt><trkpt lat="22.24889360740455" lon="113.93097585656267"><ele>620.0237712020131</ele><time>2023-09-23T03:45:00Z</time></trkpt><trkpt lat="22.248883890097527" lon="113.93095025051883"><ele>620.5374620364087</ele><time>2023-09-23T03:45:02Z</time></trkpt><trkpt lat="22.248873799840073" lon="113.93092590343608"><ele>620.7400062135398</ele><time>2023-09-23T03:45:04Z</time></trkpt><trkpt lat="22.24886723356149" lon="113.93090577058517"><ele>620.9497370949132</ele><time>2023-09-23T03:45:06Z</time></trkpt><trkpt lat="22.24886669861209" lon="113.93088330421723"><ele>621.5479910653598</ele><time>2023-09-23T03:45:08Z</time></trkpt><trkpt lat="22.248867094265606" lon="113.93086177512784"><ele>621.9819452168827</ele><time>2023-09-23T03:45:10Z</time></trkpt><trkpt lat="22.24886479260322" lon="113.93084101018114"><ele>622.1566859307454</ele><time>2023-09-23T03:45:12Z</time></trkpt><trkpt lat="22.248858370747975" lon="113.93082053675523"><ele>622.5975854267992</ele><time>2023-09-23T03:45:14Z</time></trkpt><trkpt lat="22.248856603801425" lon="113.9307993611648"><ele>622.9543415186147</ele><time>2023-09-23T03:45:16Z</time></trkpt><trkpt lat="22.248867286548556" lon="113.93078199585001"><ele>623.5070740676136</ele><time>2023-09-23T03:45:24Z</time></trkpt><trkpt lat="22.24888326095625" lon="113.93076318755801"><ele>623.5794886975684</ele><time>2023-09-23T03:45:28Z</time></trkpt><trkpt lat="22.24887351502441" lon="113.93073480994828"><ele>625.0397629191198</ele><time>2023-09-23T03:45:56Z</time></trkpt><trkpt lat="22.248884257647294" lon="113.93070709622623"><ele>624.2344518249739</ele><time>2023-09-23T03:46:00Z</time></trkpt><trkpt lat="22.248865440467668" lon="113.93067661710968"><ele>624.0668838278134</ele><time>2023-09-23T03:46:02Z</time></trkpt><trkpt lat="22.24884428990149" lon="113.93065707340347"><ele>624.2170679996268</ele><time>2023-09-23T03:46:04Z</time></trkpt><trkpt lat="22.24882357086179" lon="113.9306324445482"><ele>624.6425045943848</ele><time>2023-09-23T03:46:06Z</time></trkpt><trkpt lat="22.248816027756487" lon="113.9305988692388"><ele>625.5825828735028</ele><time>2023-09-23T03:46:10Z</time></trkpt><trkpt lat="22.248810475426684" lon="113.93056855469092"><ele>625.9145127460756</ele><time>2023-09-23T03:46:14Z</time></trkpt><trkpt lat="22.24880425931903" lon="113.93053942928411"><ele>626.2005409233058</ele><time>2023-09-23T03:46:18Z</time></trkpt><trkpt lat="22.248799058281126" lon="113.93051807171784"><ele>626.262114549874</ele><time>2023-09-23T03:46:20Z</time></trkpt><trkpt lat="22.248792329133362" lon="113.93049733303435"><ele>626.4742155638812</ele><time>2023-09-23T03:46:22Z</time></trkpt><trkpt lat="22.248783948661693" lon="113.93047421839839"><ele>626.810007511307</ele><time>2023-09-23T03:46:26Z</time></trkpt><trkpt lat="22.248769786242217" lon="113.93045419259573"><ele>627.3278131559757</ele><time>2023-09-23T03:46:34Z</time></trkpt><trkpt lat="22.248767082192256" lon="113.93043462021629"><ele>627.5929468959857</ele><time>2023-09-23T03:46:36Z</time></trkpt><trkpt lat="22.24876625439608" lon="113.93041162562636"><ele>627.7825848344705</ele><time>2023-09-23T03:46:38Z</time></trkpt><trkpt lat="22.24876638625614" lon="113.93037716075999"><ele>628.4108680088605</ele><time>2023-09-23T03:46:42Z</time></trkpt><trkpt lat="22.248772307237534" lon="113.93035831555882"><ele>628.4518817764927</ele><time>2023-09-23T03:46:44Z</time></trkpt><trkpt lat="22.248782543010087" lon="113.93033620055738"><ele>628.4715952651379</ele><time>2023-09-23T03:46:46Z</time></trkpt><trkpt lat="22.248790279675056" lon="113.93031769267047"><ele>628.1678152823363</ele><time>2023-09-23T03:46:48Z</time></trkpt><trkpt lat="22.248797480561603" lon="113.93028452358263"><ele>628.230959115331</ele><time>2023-09-23T03:47:20Z</time></trkpt><trkpt lat="22.248796524899692" lon="113.93026217282647"><ele>628.6395656127461</ele><time>2023-09-23T03:47:30Z</time></trkpt><trkpt lat="22.248795306805373" lon="113.93023973310831"><ele>628.7391413656896</ele><time>2023-09-23T03:47:32Z</time></trkpt><trkpt lat="22.248792446648455" lon="113.93021197428516"><ele>628.7066950356892</ele><time>2023-09-23T03:47:34Z</time></trkpt><trkpt lat="22.248794486356072" lon="113.93017512249777"><ele>628.7102639717511</ele><time>2023-09-23T03:47:38Z</time></trkpt><trkpt lat="22.24880206616695" lon="113.93015611415714"><ele>628.6994744975133</ele><time>2023-09-23T03:47:40Z</time></trkpt><trkpt lat="22.248808204865938" lon="113.9301337975772"><ele>628.4598363519774</ele><time>2023-09-23T03:47:44Z</time></trkpt><trkpt lat="22.248815856157126" lon="113.93010983680627"><ele>628.212379463103</ele><time>2023-09-23T03:47:48Z</time></trkpt><trkpt lat="22.248824075892923" lon="113.9300871022676"><ele>627.987205208576</ele><time>2023-09-23T03:47:50Z</time></trkpt><trkpt lat="22.248837446634518" lon="113.93006852596574"><ele>628.0438151950989</ele><time>2023-09-23T03:47:52Z</time></trkpt><trkpt lat="22.24885611809052" lon="113.93005499801933"><ele>628.0616486864521</ele><time>2023-09-23T03:47:54Z</time></trkpt><trkpt lat="22.24887541548122" lon="113.93004314740853"><ele>628.4522388403734</ele><time>2023-09-23T03:47:56Z</time></trkpt><trkpt lat="22.24888886386144" lon="113.93002952035137"><ele>628.8356552469107</ele><time>2023-09-23T03:47:58Z</time></trkpt><trkpt lat="22.24889612153711" lon="113.9300114248984"><ele>628.943702124087</ele><time>2023-09-23T03:48:00Z</time></trkpt><trkpt lat="22.248902126041283" lon="113.92998692242132"><ele>628.7075512286868</ele><time>2023-09-23T03:48:02Z</time></trkpt><trkpt lat="22.24890987883987" lon="113.92996000119153"><ele>628.6918137733338</ele><time>2023-09-23T03:48:04Z</time></trkpt><trkpt lat="22.248922363815307" lon="113.9299365030819"><ele>628.7541654837504</ele><time>2023-09-23T03:48:06Z</time></trkpt><trkpt lat="22.248933663135777" lon="113.92991267950963"><ele>629.1052491536673</ele><time>2023-09-23T03:48:08Z</time></trkpt><trkpt lat="22.248945404159837" lon="113.92988623475067"><ele>629.133134962127</ele><time>2023-09-23T03:48:10Z</time></trkpt><trkpt lat="22.24895529597678" lon="113.9298613434706"><ele>629.244297882811</ele><time>2023-09-23T03:48:12Z</time></trkpt><trkpt lat="22.248964882262324" lon="113.92983832609369"><ele>629.3485695813284</ele><time>2023-09-23T03:48:14Z</time></trkpt><trkpt lat="22.248975453035083" lon="113.92980999699303"><ele>629.272682176893</ele><time>2023-09-23T03:48:16Z</time></trkpt><trkpt lat="22.24898653999143" lon="113.92978228582757"><ele>629.0504034650993</ele><time>2023-09-23T03:48:18Z</time></trkpt><trkpt lat="22.248996979651274" lon="113.92975454017576"><ele>628.8682451692771</ele><time>2023-09-23T03:48:20Z</time></trkpt><trkpt lat="22.249002301599496" lon="113.92972777637837"><ele>628.5404246729759</ele><time>2023-09-23T03:48:22Z</time></trkpt><trkpt lat="22.248999192914212" lon="113.92970166893825"><ele>628.3121394711233</ele><time>2023-09-23T03:48:24Z</time></trkpt><trkpt lat="22.24899421723109" lon="113.9296790176537"><ele>628.1212855084098</ele><time>2023-09-23T03:48:26Z</time></trkpt><trkpt lat="22.248996041565533" lon="113.9296410709678"><ele>628.2005008439502</ele><time>2023-09-23T03:48:30Z</time></trkpt><trkpt lat="22.24899960025064" lon="113.9296011621434"><ele>627.8727699541425</ele><time>2023-09-23T03:48:34Z</time></trkpt><trkpt lat="22.24899765462695" lon="113.92957510974007"><ele>627.7077861781784</ele><time>2023-09-23T03:48:36Z</time></trkpt><trkpt lat="22.248998666057616" lon="113.92954925388966"><ele>627.6812073420609</ele><time>2023-09-23T03:48:38Z</time></trkpt><trkpt lat="22.24899460673151" lon="113.92952593038297"><ele>627.8464700403836</ele><time>2023-09-23T03:48:40Z</time></trkpt><trkpt lat="22.248988109125527" lon="113.92950693339526"><ele>628.0801875827619</ele><time>2023-09-23T03:48:42Z</time></trkpt><trkpt lat="22.248978387847266" lon="113.92946690091635"><ele>628.4440041421151</ele><time>2023-09-23T03:48:46Z</time></trkpt><trkpt lat="22.24897364538319" lon="113.92944335828203"><ele>628.6887983142041</ele><time>2023-09-23T03:48:48Z</time></trkpt><trkpt lat="22.24896600941827" lon="113.92942403530567"><ele>628.9393365501977</ele><time>2023-09-23T03:48:50Z</time></trkpt><trkpt lat="22.248955460599856" lon="113.92940095348501"><ele>629.4206923191965</ele><time>2023-09-23T03:48:52Z</time></trkpt><trkpt lat="22.24894364741109" lon="113.92937170351662"><ele>629.5935295831671</ele><time>2023-09-23T03:48:54Z</time></trkpt><trkpt lat="22.248933527551962" lon="113.92934481127071"><ele>629.7643631141403</ele><time>2023-09-23T03:48:56Z</time></trkpt><trkpt lat="22.248922282519217" lon="113.92932186387819"><ele>629.9983829965134</ele><time>2023-09-23T03:48:58Z</time></trkpt><trkpt lat="22.248913312133055" lon="113.92930176532037"><ele>630.3000363844856</ele><time>2023-09-23T03:49:00Z</time></trkpt><trkpt lat="22.248911362719355" lon="113.9292781173618"><ele>630.3470443610801</ele><time>2023-09-23T03:49:02Z</time></trkpt><trkpt lat="22.248913751927827" lon="113.92925765361333"><ele>630.2614400162798</ele><time>2023-09-23T03:49:04Z</time></trkpt><trkpt lat="22.248912855863168" lon="113.92923705129228"><ele>630.4964804749276</ele><time>2023-09-23T03:49:06Z</time></trkpt><trkpt lat="22.24891026172661" lon="113.92919633005182"><ele>630.783499227719</ele><time>2023-09-23T03:49:10Z</time></trkpt><trkpt lat="22.24891000271977" lon="113.92917640933898"><ele>631.3842991022443</ele><time>2023-09-23T03:49:12Z</time></trkpt><trkpt lat="22.248910141060033" lon="113.92915488358733"><ele>631.6196562773877</ele><time>2023-09-23T03:49:14Z</time></trkpt><trkpt lat="22.248909760537817" lon="113.92913442583382"><ele>631.7142021360825</ele><time>2023-09-23T03:49:16Z</time></trkpt><trkpt lat="22.24890283842852" lon="113.92911539047354"><ele>631.8205911936531</ele><time>2023-09-23T03:49:18Z</time></trkpt><trkpt lat="22.248898417931073" lon="113.92909066130446"><ele>631.9691079974115</ele><time>2023-09-23T03:49:20Z</time></trkpt><trkpt lat="22.248904295512034" lon="113.929071925282"><ele>632.3512594576262</ele><time>2023-09-23T03:49:22Z</time></trkpt><trkpt lat="22.248911623382813" lon="113.9290535640266"><ele>632.607887493947</ele><time>2023-09-23T03:49:24Z</time></trkpt><trkpt lat="22.24891771232469" lon="113.92902990063912"><ele>632.2879607081003</ele><time>2023-09-23T03:49:28Z</time></trkpt><trkpt lat="22.248920754100485" lon="113.9290098116673"><ele>632.3824109501662</ele><time>2023-09-23T03:49:32Z</time></trkpt><trkpt lat="22.248931859983827" lon="113.92899018341791"><ele>632.8408197374282</ele><time>2023-09-23T03:49:36Z</time></trkpt><trkpt lat="22.24892506024482" lon="113.9289668289909"><ele>633.2517230023731</ele><time>2023-09-23T03:49:40Z</time></trkpt><trkpt lat="22.248925407288063" lon="113.92893920720184"><ele>633.5933449464055</ele><time>2023-09-23T03:49:44Z</time></trkpt><trkpt lat="22.24892516576053" lon="113.92891507838443"><ele>634.384188872272</ele><time>2023-09-23T03:49:48Z</time></trkpt><trkpt lat="22.248918499025585" lon="113.92889116233373"><ele>636.6797609004688</ele><time>2023-09-23T03:49:54Z</time></trkpt><trkpt lat="22.248928649797815" lon="113.92886842246946"><ele>639.021253578395</ele><time>2023-09-23T03:50:04Z</time></trkpt><trkpt lat="22.248936230187603" lon="113.92884822008145"><ele>641.5576405076986</ele><time>2023-09-23T03:50:10Z</time></trkpt><trkpt lat="22.248944019821995" lon="113.92882904412906"><ele>641.5147330049148</ele><time>2023-09-23T03:50:14Z</time></trkpt><trkpt lat="22.248962089035576" lon="113.92883184230594"><ele>643.5119030806092</ele><time>2023-09-23T03:50:24Z</time></trkpt><trkpt lat="22.248981141672157" lon="113.92882621800244"><ele>643.538982986043</ele><time>2023-09-23T03:50:30Z</time></trkpt><trkpt lat="22.249000483633242" lon="113.92882113404845"><ele>644.7085797725175</ele><time>2023-09-23T03:50:40Z</time></trkpt><trkpt lat="22.249006158369596" lon="113.92880256618788"><ele>645.5809335205813</ele><time>2023-09-23T03:50:52Z</time></trkpt><trkpt lat="22.249018304319776" lon="113.92878375949277"><ele>646.2202209529994</ele><time>2023-09-23T03:51:16Z</time></trkpt><trkpt lat="22.24902631957908" lon="113.92876625500904"><ele>648.6158337654673</ele><time>2023-09-23T03:51:24Z</time></trkpt><trkpt lat="22.2490257270565" lon="113.92874064725103"><ele>650.6360333273608</ele><time>2023-09-23T03:51:30Z</time></trkpt><trkpt lat="22.24902028147708" lon="113.92871103953993"><ele>650.6140216495902</ele><time>2023-09-23T03:51:34Z</time></trkpt><trkpt lat="22.249018299394205" lon="113.92867865331861"><ele>652.4700919054242</ele><time>2023-09-23T03:51:44Z</time></trkpt><trkpt lat="22.24903329980691" lon="113.92865644496656"><ele>654.7358519492522</ele><time>2023-09-23T03:51:54Z</time></trkpt><trkpt lat="22.249037663654654" lon="113.92862787750127"><ele>655.5777316814734</ele><time>2023-09-23T03:51:58Z</time></trkpt><trkpt lat="22.249052391123506" lon="113.92860733367444"><ele>657.3465255603928</ele><time>2023-09-23T03:52:12Z</time></trkpt><trkpt lat="22.249065977528286" lon="113.9285781523342"><ele>661.2826703698233</ele><time>2023-09-23T03:53:08Z</time></trkpt><trkpt lat="22.24908014168388" lon="113.92856403018286"><ele>662.6226491220295</ele><time>2023-09-23T03:53:12Z</time></trkpt><trkpt lat="22.249102889324355" lon="113.9285602643867"><ele>663.5185773465782</ele><time>2023-09-23T03:54:08Z</time></trkpt><trkpt lat="22.249125706170773" lon="113.92855836073649"><ele>664.2956875432283</ele><time>2023-09-23T03:54:12Z</time></trkpt><trkpt lat="22.24914745371253" lon="113.92854686428605"><ele>664.6852161502466</ele><time>2023-09-23T03:54:16Z</time></trkpt><trkpt lat="22.24916383931868" lon="113.92853073482179"><ele>664.9696733057499</ele><time>2023-09-23T03:54:20Z</time></trkpt><trkpt lat="22.249182855894684" lon="113.92850950224076"><ele>665.9332125727087</ele><time>2023-09-23T03:54:26Z</time></trkpt><trkpt lat="22.249202286650537" lon="113.928490863342"><ele>666.6356260301545</ele><time>2023-09-23T03:54:30Z</time></trkpt><trkpt lat="22.249209576047093" lon="113.92847302726474"><ele>666.9878001306206</ele><time>2023-09-23T03:54:32Z</time></trkpt><trkpt lat="22.24923559118366" lon="113.92846633122186"><ele>667.482270969078</ele><time>2023-09-23T03:54:38Z</time></trkpt><trkpt lat="22.249255698627017" lon="113.92845886284312"><ele>667.9325185716152</ele><time>2023-09-23T03:54:44Z</time></trkpt><trkpt lat="22.249268612347834" lon="113.92844340498"><ele>669.1467638779432</ele><time>2023-09-23T03:54:48Z</time></trkpt><trkpt lat="22.249274214693525" lon="113.9284212559243"><ele>668.994722450152</ele><time>2023-09-23T03:54:54Z</time></trkpt><trkpt lat="22.249293665518252" lon="113.92840554252338"><ele>669.017982817255</ele><time>2023-09-23T03:54:58Z</time></trkpt><trkpt lat="22.249307083374433" lon="113.9283923415992"><ele>669.017982817255</ele><time>2023-09-23T03:55:06Z</time></trkpt><trkpt lat="22.249315352626414" lon="113.92836373213707"><ele>669.017982817255</ele><time>2023-09-23T03:56:22Z</time></trkpt><trkpt lat="22.249343620844424" lon="113.92835566803056"><ele>669.017982817255</ele><time>2023-09-23T03:56:38Z</time></trkpt><trkpt lat="22.249366901673355" lon="113.9283377550506"><ele>669.017982817255</ele><time>2023-09-23T03:56:42Z</time></trkpt><trkpt lat="22.249385416693315" lon="113.92832749306253"><ele>669.017982817255</ele><time>2023-09-23T03:57:32Z</time></trkpt><trkpt lat="22.24939178060087" lon="113.92830632114082"><ele>669.4972494897319</ele><time>2023-09-23T03:58:16Z</time></trkpt><trkpt lat="22.24939629562458" lon="113.9282842548816"><ele>670.8640083487376</ele><time>2023-09-23T03:58:18Z</time></trkpt><trkpt lat="22.249391943652142" lon="113.92825925476156"><ele>674.8796084611638</ele><time>2023-09-23T03:58:26Z</time></trkpt><trkpt lat="22.249374242628264" lon="113.92824312775642"><ele>676.2575609508301</ele><time>2023-09-23T03:58:30Z</time></trkpt><trkpt lat="22.249394755141672" lon="113.92822117444287"><ele>677.4192009775355</ele><time>2023-09-23T03:58:34Z</time></trkpt><trkpt lat="22.249405421024388" lon="113.92819209952494"><ele>680.4075362886225</ele><time>2023-09-23T03:58:40Z</time></trkpt><trkpt lat="22.249426092338158" lon="113.92820110433156"><ele>682.878191144116</ele><time>2023-09-23T03:58:44Z</time></trkpt><trkpt lat="22.24941711870692" lon="113.92817722923743"><ele>684.1903971043226</ele><time>2023-09-23T03:58:54Z</time></trkpt><trkpt lat="22.249416208118717" lon="113.9281445017497"><ele>685.3362514966103</ele><time>2023-09-23T03:58:58Z</time></trkpt><trkpt lat="22.249429311492953" lon="113.92812735309695"><ele>686.2402356792371</ele><time>2023-09-23T03:59:02Z</time></trkpt><trkpt lat="22.24944654115289" lon="113.92812125823994"><ele>687.417499515016</ele><time>2023-09-23T03:59:06Z</time></trkpt><trkpt lat="22.249453492136077" lon="113.92810022453583"><ele>688.5236546131566</ele><time>2023-09-23T03:59:10Z</time></trkpt><trkpt lat="22.249455027285222" lon="113.92807227833833"><ele>690.8900686603732</ele><time>2023-09-23T03:59:16Z</time></trkpt><trkpt lat="22.24945000760783" lon="113.92804693203414"><ele>692.5641057838211</ele><time>2023-09-23T03:59:22Z</time></trkpt><trkpt lat="22.24945311145409" lon="113.92802678266104"><ele>693.313780735396</ele><time>2023-09-23T03:59:26Z</time></trkpt><trkpt lat="22.24945130903864" lon="113.92799696034012"><ele>698.2835388220847</ele><time>2023-09-23T04:01:44Z</time></trkpt><trkpt lat="22.249446752470156" lon="113.92796489853274"><ele>698.7844280516729</ele><time>2023-09-23T04:01:48Z</time></trkpt><trkpt lat="22.249429752027094" lon="113.92794259874789"><ele>699.2505212724209</ele><time>2023-09-23T04:01:52Z</time></trkpt><trkpt lat="22.24941856666432" lon="113.92792338764073"><ele>699.2505212724209</ele><time>2023-09-23T04:01:56Z</time></trkpt><trkpt lat="22.249391960254762" lon="113.92791854222317"><ele>701.7880812156372</ele><time>2023-09-23T04:02:00Z</time></trkpt><trkpt lat="22.249378329463397" lon="113.92790585540983"><ele>704.103127931322</ele><time>2023-09-23T04:02:02Z</time></trkpt><trkpt lat="22.24936271334432" lon="113.92789256707572"><ele>705.0078325253344</ele><time>2023-09-23T04:02:06Z</time></trkpt><trkpt lat="22.249336543734515" lon="113.92788031802165"><ele>704.8982543175962</ele><time>2023-09-23T04:02:10Z</time></trkpt><trkpt lat="22.249310674590845" lon="113.92786159755603"><ele>703.856512395509</ele><time>2023-09-23T04:02:14Z</time></trkpt><trkpt lat="22.249301334174174" lon="113.92782720822936"><ele>704.3827127801211</ele><time>2023-09-23T04:02:18Z</time></trkpt><trkpt lat="22.249289437216945" lon="113.92780241841052"><ele>704.5441862610725</ele><time>2023-09-23T04:02:22Z</time></trkpt><trkpt lat="22.249285813576684" lon="113.92777349842804"><ele>706.0791111247304</ele><time>2023-09-23T04:02:32Z</time></trkpt><trkpt lat="22.24928498709719" lon="113.92775332788949"><ele>706.1639409833363</ele><time>2023-09-23T04:02:34Z</time></trkpt><trkpt lat="22.249287632221698" lon="113.92773162499851"><ele>708.0398590500326</ele><time>2023-09-23T04:02:44Z</time></trkpt><trkpt lat="22.249279790838415" lon="113.92770751073759"><ele>708.9731345883168</ele><time>2023-09-23T04:02:48Z</time></trkpt><trkpt lat="22.24926053416795" lon="113.92768847853495"><ele>709.6629759969799</ele><time>2023-09-23T04:02:52Z</time></trkpt><trkpt lat="22.24924212160983" lon="113.92768747230785"><ele>710.4136719008956</ele><time>2023-09-23T04:02:56Z</time></trkpt><trkpt lat="22.249222468627806" lon="113.92767124470745"><ele>711.4209984981107</ele><time>2023-09-23T04:03:00Z</time></trkpt><trkpt lat="22.249202479588178" lon="113.92765450110629"><ele>711.9741283697643</ele><time>2023-09-23T04:03:04Z</time></trkpt><trkpt lat="22.249186314095624" lon="113.92763054258246"><ele>711.8291588657644</ele><time>2023-09-23T04:03:14Z</time></trkpt><trkpt lat="22.24917401088493" lon="113.92760213148667"><ele>713.2296546928768</ele><time>2023-09-23T04:03:22Z</time></trkpt><trkpt lat="22.249189622156997" lon="113.92757458988436"><ele>713.9729100612471</ele><time>2023-09-23T04:03:26Z</time></trkpt><trkpt lat="22.249199383270643" lon="113.92755517521"><ele>716.0017258961914</ele><time>2023-09-23T04:03:32Z</time></trkpt><trkpt lat="22.249209723980197" lon="113.92752240770596"><ele>716.7291845161336</ele><time>2023-09-23T04:03:36Z</time></trkpt><trkpt lat="22.249227230953174" lon="113.92750705434426"><ele>717.6918793765848</ele><time>2023-09-23T04:03:50Z</time></trkpt><trkpt lat="22.2492134051018" lon="113.92748420932328"><ele>717.6406475785943</ele><time>2023-09-23T04:04:28Z</time></trkpt><trkpt lat="22.24919659203904" lon="113.92745829631333"><ele>719.4442242904607</ele><time>2023-09-23T04:04:40Z</time></trkpt><trkpt lat="22.249187818658974" lon="113.92743862328516"><ele>720.0389606852964</ele><time>2023-09-23T04:04:42Z</time></trkpt><trkpt lat="22.249181103372738" lon="113.92741634051818"><ele>720.138286073168</ele><time>2023-09-23T04:04:44Z</time></trkpt><trkpt lat="22.249189367507324" lon="113.92739177580052"><ele>721.2057480337548</ele><time>2023-09-23T04:04:46Z</time></trkpt><trkpt lat="22.24921027100664" lon="113.9273730340822"><ele>722.1996404137386</ele><time>2023-09-23T04:04:52Z</time></trkpt><trkpt lat="22.249210119530794" lon="113.9273451845429"><ele>722.4249139276541</ele><time>2023-09-23T04:04:54Z</time></trkpt><trkpt lat="22.249206895567692" lon="113.92731389394145"><ele>722.7757516331741</ele><time>2023-09-23T04:04:56Z</time></trkpt><trkpt lat="22.24920387919926" lon="113.9272900407041"><ele>722.9000770235625</ele><time>2023-09-23T04:04:58Z</time></trkpt><trkpt lat="22.249207618629825" lon="113.92726526119681"><ele>723.4314968914913</ele><time>2023-09-23T04:05:00Z</time></trkpt><trkpt lat="22.249208790862163" lon="113.92723386409791"><ele>723.740931858794</ele><time>2023-09-23T04:05:04Z</time></trkpt><trkpt lat="22.249197013498563" lon="113.92721771321688"><ele>723.1149850054721</ele><time>2023-09-23T04:05:42Z</time></trkpt><trkpt lat="22.24917958467278" lon="113.92719421622985"><ele>723.3936175271145</ele><time>2023-09-23T04:05:46Z</time></trkpt><trkpt lat="22.249164918341837" lon="113.92716295517477"><ele>724.1375027032673</ele><time>2023-09-23T04:05:50Z</time></trkpt><trkpt lat="22.249158065412946" lon="113.92712751125597"><ele>724.8260284822305</ele><time>2023-09-23T04:05:54Z</time></trkpt><trkpt lat="22.24915808661735" lon="113.92710505366261"><ele>725.0670887277171</ele><time>2023-09-23T04:05:56Z</time></trkpt><trkpt lat="22.24915897626432" lon="113.92708026543815"><ele>725.1910631068557</ele><time>2023-09-23T04:05:58Z</time></trkpt><trkpt lat="22.249154549116632" lon="113.92705307378093"><ele>725.6106003687981</ele><time>2023-09-23T04:06:00Z</time></trkpt><trkpt lat="22.2491375937291" lon="113.92701401679722"><ele>726.0183183826502</ele><time>2023-09-23T04:06:04Z</time></trkpt><trkpt lat="22.24912989814105" lon="113.92699620891803"><ele>726.1467754072589</ele><time>2023-09-23T04:06:06Z</time></trkpt><trkpt lat="22.249123982301636" lon="113.92697714841164"><ele>726.2618951500951</ele><time>2023-09-23T04:06:08Z</time></trkpt><trkpt lat="22.249125515443474" lon="113.92695478864319"><ele>726.098955504472</ele><time>2023-09-23T04:06:10Z</time></trkpt><trkpt lat="22.24911861182648" lon="113.92691388673926"><ele>725.9164248278449</ele><time>2023-09-23T04:06:14Z</time></trkpt><trkpt lat="22.249106615496846" lon="113.92688843659201"><ele>726.2723666064732</ele><time>2023-09-23T04:06:16Z</time></trkpt><trkpt lat="22.249091542728955" lon="113.92686575296031"><ele>726.2525984483476</ele><time>2023-09-23T04:06:18Z</time></trkpt><trkpt lat="22.24907362484962" lon="113.92684610277811"><ele>726.54695429098</ele><time>2023-09-23T04:06:20Z</time></trkpt><trkpt lat="22.249056076643427" lon="113.9268263431235"><ele>726.883957186887</ele><time>2023-09-23T04:06:22Z</time></trkpt><trkpt lat="22.24904297593938" lon="113.92680517062671"><ele>726.9918195271341</ele><time>2023-09-23T04:06:24Z</time></trkpt><trkpt lat="22.24903265285732" lon="113.92677901665436"><ele>726.855795701889</ele><time>2023-09-23T04:06:28Z</time></trkpt><trkpt lat="22.24902676099251" lon="113.9267546788346"><ele>726.7206415765386</ele><time>2023-09-23T04:06:32Z</time></trkpt><trkpt lat="22.249015112699027" lon="113.92672612298578"><ele>727.3437858682958</ele><time>2023-09-23T04:06:36Z</time></trkpt><trkpt lat="22.249000560737915" lon="113.92671006009435"><ele>727.6717984887727</ele><time>2023-09-23T04:06:38Z</time></trkpt><trkpt lat="22.24898891649966" lon="113.92669328291255"><ele>727.9803294251274</ele><time>2023-09-23T04:06:40Z</time></trkpt><trkpt lat="22.248982794201517" lon="113.92667444683529"><ele>728.172239347295</ele><time>2023-09-23T04:06:42Z</time></trkpt><trkpt lat="22.24897749173856" lon="113.92665039389118"><ele>727.9470247620449</ele><time>2023-09-23T04:06:44Z</time></trkpt><trkpt lat="22.248967975074716" lon="113.9266211136518"><ele>727.5672405839601</ele><time>2023-09-23T04:06:46Z</time></trkpt><trkpt lat="22.248960665117007" lon="113.9266004148793"><ele>727.6931465581124</ele><time>2023-09-23T04:06:48Z</time></trkpt><trkpt lat="22.248948651070283" lon="113.92658141972333"><ele>727.0937060848913</ele><time>2023-09-23T04:06:50Z</time></trkpt><trkpt lat="22.2489326952802" lon="113.92656165357505"><ele>726.7629290928104</ele><time>2023-09-23T04:06:52Z</time></trkpt><trkpt lat="22.248918675583308" lon="113.92654141455986"><ele>726.5733630455883</ele><time>2023-09-23T04:06:54Z</time></trkpt><trkpt lat="22.248907097079282" lon="113.92652322742777"><ele>726.3497950997629</ele><time>2023-09-23T04:06:56Z</time></trkpt><trkpt lat="22.248895663844845" lon="113.92650785493615"><ele>725.9277567610333</ele><time>2023-09-23T04:06:58Z</time></trkpt><trkpt lat="22.248888989271812" lon="113.92648851018062"><ele>725.893249583933</ele><time>2023-09-23T04:07:00Z</time></trkpt><trkpt lat="22.24888887561999" lon="113.92646860512271"><ele>726.1221559943582</ele><time>2023-09-23T04:07:02Z</time></trkpt><trkpt lat="22.248896118031663" lon="113.92643290215277"><ele>726.2881514702376</ele><time>2023-09-23T04:07:06Z</time></trkpt><trkpt lat="22.248890037117615" lon="113.92639525822854"><ele>726.2247014959393</ele><time>2023-09-23T04:07:10Z</time></trkpt><trkpt lat="22.248882665885155" lon="113.92637479533484"><ele>726.5218418556593</ele><time>2023-09-23T04:07:12Z</time></trkpt><trkpt lat="22.24887657476354" lon="113.926349142284"><ele>726.5717578195151</ele><time>2023-09-23T04:07:14Z</time></trkpt><trkpt lat="22.24887754265184" lon="113.92631942919652"><ele>726.9346672879362</ele><time>2023-09-23T04:07:16Z</time></trkpt><trkpt lat="22.24887876154102" lon="113.92629279069942"><ele>727.1509726041527</ele><time>2023-09-23T04:07:18Z</time></trkpt><trkpt lat="22.2488898079387" lon="113.92625517446737"><ele>726.4046386280379</ele><time>2023-09-23T04:07:22Z</time></trkpt><trkpt lat="22.248893560793327" lon="113.9262305862275"><ele>725.6421888952635</ele><time>2023-09-23T04:07:24Z</time></trkpt><trkpt lat="22.24890033548067" lon="113.92620569846592"><ele>724.8453454029035</ele><time>2023-09-23T04:07:26Z</time></trkpt><trkpt lat="22.248903889736447" lon="113.92617673776166"><ele>724.2009497583825</ele><time>2023-09-23T04:07:28Z</time></trkpt><trkpt lat="22.248911043445155" lon="113.92614488716082"><ele>723.3099333559215</ele><time>2023-09-23T04:07:32Z</time></trkpt><trkpt lat="22.248917664602416" lon="113.92611678880131"><ele>723.1402218122811</ele><time>2023-09-23T04:07:36Z</time></trkpt><trkpt lat="22.248915989537696" lon="113.92608355881823"><ele>723.1374574369045</ele><time>2023-09-23T04:07:40Z</time></trkpt><trkpt lat="22.248894856576744" lon="113.92605591877326"><ele>722.7766979486604</ele><time>2023-09-23T04:07:44Z</time></trkpt><trkpt lat="22.2488762837071" lon="113.92603227772814"><ele>722.4745841122307</ele><time>2023-09-23T04:07:48Z</time></trkpt><trkpt lat="22.248870867854677" lon="113.92600317846124"><ele>721.6443419479846</ele><time>2023-09-23T04:07:52Z</time></trkpt><trkpt lat="22.24886824307235" lon="113.9259805112807"><ele>721.2782640891287</ele><time>2023-09-23T04:07:56Z</time></trkpt><trkpt lat="22.248853509151708" lon="113.92596911729713"><ele>721.1012690038958</ele><time>2023-09-23T04:07:58Z</time></trkpt><trkpt lat="22.24883707960772" lon="113.92595944595557"><ele>720.8876493953264</ele><time>2023-09-23T04:08:00Z</time></trkpt><trkpt lat="22.248847913900477" lon="113.92593450449004"><ele>719.6621239709488</ele><time>2023-09-23T04:08:24Z</time></trkpt><trkpt lat="22.2488471270804" lon="113.92589374867411"><ele>717.9711855935365</ele><time>2023-09-23T04:08:34Z</time></trkpt><trkpt lat="22.248859914648282" lon="113.92585520854365"><ele>717.560159277834</ele><time>2023-09-23T04:08:36Z</time></trkpt><trkpt lat="22.248863593516436" lon="113.92581778331426"><ele>717.3028522425035</ele><time>2023-09-23T04:08:40Z</time></trkpt><trkpt lat="22.24887061702302" lon="113.92579774056988"><ele>717.2691542692413</ele><time>2023-09-23T04:08:42Z</time></trkpt><trkpt lat="22.248868299674413" lon="113.92576789555665"><ele>716.77956686442</ele><time>2023-09-23T04:08:44Z</time></trkpt><trkpt lat="22.248866457471042" lon="113.9257426221397"><ele>710.1415925716383</ele><time>2023-09-23T04:11:08Z</time></trkpt><trkpt lat="22.24886596167354" lon="113.92576384776824"><ele>709.2714101848501</ele><time>2023-09-23T04:11:24Z</time></trkpt><trkpt lat="22.248836012398343" lon="113.92576006102591"><ele>710.1097070390464</ele><time>2023-09-23T04:11:50Z</time></trkpt><trkpt lat="22.248853590124558" lon="113.92576604113725"><ele>710.1391471460743</ele><time>2023-09-23T04:12:18Z</time></trkpt><trkpt lat="22.248834310708773" lon="113.92576394578471"><ele>709.7026627446336</ele><time>2023-09-23T04:12:24Z</time></trkpt><trkpt lat="22.248854498668987" lon="113.92575772565331"><ele>709.8656442856294</ele><time>2023-09-23T04:12:36Z</time></trkpt><trkpt lat="22.248864500316337" lon="113.92573570487362"><ele>711.7038117069792</ele><time>2023-09-23T04:14:20Z</time></trkpt><trkpt lat="22.248864578222324" lon="113.92570195068663"><ele>712.1832558636987</ele><time>2023-09-23T04:14:24Z</time></trkpt><trkpt lat="22.24886474002993" lon="113.92567707660116"><ele>712.0986514936843</ele><time>2023-09-23T04:14:28Z</time></trkpt><trkpt lat="22.248868356960838" lon="113.92565151213913"><ele>711.8005762447955</ele><time>2023-09-23T04:14:32Z</time></trkpt><trkpt lat="22.24887716646148" lon="113.92562155795869"><ele>712.3404407537984</ele><time>2023-09-23T04:14:36Z</time></trkpt><trkpt lat="22.248880002696865" lon="113.9255970084498"><ele>712.684414547305</ele><time>2023-09-23T04:14:40Z</time></trkpt><trkpt lat="22.248881822334575" lon="113.92557129601582"><ele>712.7644266259547</ele><time>2023-09-23T04:14:44Z</time></trkpt><trkpt lat="22.24885610870467" lon="113.92556019019574"><ele>713.544304159414</ele><time>2023-09-23T04:14:56Z</time></trkpt><trkpt lat="22.248865567680745" lon="113.92552443575651"><ele>714.7461417558084</ele><time>2023-09-23T04:15:00Z</time></trkpt><trkpt lat="22.248879165058007" lon="113.92550301116222"><ele>715.6307725226936</ele><time>2023-09-23T04:15:08Z</time></trkpt><trkpt lat="22.248885664578047" lon="113.92548316872666"><ele>716.0328239682286</ele><time>2023-09-23T04:15:12Z</time></trkpt><trkpt lat="22.248895902679134" lon="113.92546671585697"><ele>716.3313881171576</ele><time>2023-09-23T04:15:16Z</time></trkpt><trkpt lat="22.24890474553677" lon="113.92543480982945"><ele>718.2210706547202</ele><time>2023-09-23T04:15:28Z</time></trkpt><trkpt lat="22.24891072706339" lon="113.92539955324371"><ele>719.0615969982364</ele><time>2023-09-23T04:15:32Z</time></trkpt><trkpt lat="22.248885662719797" lon="113.92537710377253"><ele>720.8602852327707</ele><time>2023-09-23T04:15:56Z</time></trkpt><trkpt lat="22.24890071270704" lon="113.92536506183866"><ele>721.962029435615</ele><time>2023-09-23T04:16:00Z</time></trkpt><trkpt lat="22.248884253709985" lon="113.92535184209216"><ele>723.8936427375018</ele><time>2023-09-23T04:16:28Z</time></trkpt><trkpt lat="22.24887839605538" lon="113.92533023591876"><ele>725.3283986315098</ele><time>2023-09-23T04:16:34Z</time></trkpt><trkpt lat="22.24886329192036" lon="113.92530382039482"><ele>726.9309217749596</ele><time>2023-09-23T04:16:42Z</time></trkpt><trkpt lat="22.248844227379514" lon="113.92528485121596"><ele>728.3492479312282</ele><time>2023-09-23T04:16:46Z</time></trkpt><trkpt lat="22.248846661533253" lon="113.92526388073433"><ele>730.6730161051206</ele><time>2023-09-23T04:16:54Z</time></trkpt><trkpt lat="22.248858874399925" lon="113.92524793297486"><ele>730.3868063016089</ele><time>2023-09-23T04:16:58Z</time></trkpt><trkpt lat="22.24886079361887" lon="113.92521187221482"><ele>730.8858169626958</ele><time>2023-09-23T04:17:42Z</time></trkpt><trkpt lat="22.248853750729104" lon="113.92517354285668"><ele>731.0260244982101</ele><time>2023-09-23T04:17:46Z</time></trkpt><trkpt lat="22.2488500001343" lon="113.92515427261816"><ele>731.1510387957984</ele><time>2023-09-23T04:17:50Z</time></trkpt><trkpt lat="22.248851446157467" lon="113.92512991437277"><ele>732.8184409383135</ele><time>2023-09-23T04:18:00Z</time></trkpt><trkpt lat="22.248848511257474" lon="113.92510197988076"><ele>733.2618468164392</ele><time>2023-09-23T04:18:04Z</time></trkpt><trkpt lat="22.248847231870894" lon="113.92507409638775"><ele>733.6491358533445</ele><time>2023-09-23T04:18:08Z</time></trkpt><trkpt lat="22.248856432802423" lon="113.92505633433016"><ele>734.4701074334196</ele><time>2023-09-23T04:18:20Z</time></trkpt><trkpt lat="22.248862494570915" lon="113.9250274262157"><ele>736.7793824369594</ele><time>2023-09-23T04:18:28Z</time></trkpt><trkpt lat="22.24886087208115" lon="113.9250077559129"><ele>737.958686144355</ele><time>2023-09-23T04:18:38Z</time></trkpt><trkpt lat="22.248872764825965" lon="113.92498852467891"><ele>739.3882384626008</ele><time>2023-09-23T04:18:46Z</time></trkpt><trkpt lat="22.24885626772972" lon="113.92497724970944"><ele>741.3379852560192</ele><time>2023-09-23T04:19:08Z</time></trkpt><trkpt lat="22.248840511011178" lon="113.92495906400933"><ele>742.253839230441</ele><time>2023-09-23T04:19:12Z</time></trkpt><trkpt lat="22.24883676168704" lon="113.92493683611275"><ele>742.5338049256442</ele><time>2023-09-23T04:19:14Z</time></trkpt><trkpt lat="22.24884262433903" lon="113.92491837627455"><ele>742.7114862678677</ele><time>2023-09-23T04:19:16Z</time></trkpt><trkpt lat="22.24885985828887" lon="113.92489412400853"><ele>744.7082622418677</ele><time>2023-09-23T04:19:22Z</time></trkpt><trkpt lat="22.248868403831192" lon="113.92487314098466"><ele>745.5079377464052</ele><time>2023-09-23T04:19:24Z</time></trkpt><trkpt lat="22.248880788724783" lon="113.92484553054348"><ele>747.1982429954151</ele><time>2023-09-23T04:19:40Z</time></trkpt><trkpt lat="22.24888022647165" lon="113.92482395814761"><ele>747.8546439352501</ele><time>2023-09-23T04:20:02Z</time></trkpt><trkpt lat="22.248897093634536" lon="113.92480029669912"><ele>748.3764945970918</ele><time>2023-09-23T04:20:20Z</time></trkpt><trkpt lat="22.248906422562516" lon="113.92477141419165"><ele>748.9754248775524</ele><time>2023-09-23T04:20:26Z</time></trkpt><trkpt lat="22.248909989160694" lon="113.9247462319218"><ele>749.2498977946423</ele><time>2023-09-23T04:20:30Z</time></trkpt><trkpt lat="22.24890010694622" lon="113.92472830152767"><ele>750.0644433557877</ele><time>2023-09-23T04:20:50Z</time></trkpt><trkpt lat="22.248899439329666" lon="113.92470349171812"><ele>751.0908235395557</ele><time>2023-09-23T04:20:54Z</time></trkpt><trkpt lat="22.248897684030673" lon="113.92467807269189"><ele>751.9715994906618</ele><time>2023-09-23T04:21:00Z</time></trkpt><trkpt lat="22.248898843682163" lon="113.9246577620855"><ele>752.8560051475872</ele><time>2023-09-23T04:21:08Z</time></trkpt><trkpt lat="22.24890846113634" lon="113.92464066695094"><ele>754.0593733277657</ele><time>2023-09-23T04:21:18Z</time></trkpt><trkpt lat="22.248918409993305" lon="113.92461871615025"><ele>754.9346072189007</ele><time>2023-09-23T04:21:22Z</time></trkpt><trkpt lat="22.24893080929" lon="113.92459514100295"><ele>755.4893743771536</ele><time>2023-09-23T04:21:26Z</time></trkpt><trkpt lat="22.24893942423688" lon="113.92456857583379"><ele>756.7712883347431</ele><time>2023-09-23T04:21:34Z</time></trkpt><trkpt lat="22.248935956784955" lon="113.92454787396004"><ele>757.2875128032732</ele><time>2023-09-23T04:21:38Z</time></trkpt><trkpt lat="22.248940280527187" lon="113.92451732623442"><ele>758.2200619966552</ele><time>2023-09-23T04:21:44Z</time></trkpt><trkpt lat="22.24895836941497" lon="113.92451489979518"><ele>758.6018234052669</ele><time>2023-09-23T04:22:34Z</time></trkpt><trkpt lat="22.24896816792473" lon="113.92448298040435"><ele>758.8476389095537</ele><time>2023-09-23T04:22:40Z</time></trkpt><trkpt lat="22.2489636899418" lon="113.92446187523434"><ele>759.1833492941734</ele><time>2023-09-23T04:22:42Z</time></trkpt><trkpt lat="22.248968083507176" lon="113.9244335215479"><ele>759.443964779017</ele><time>2023-09-23T04:22:46Z</time></trkpt><trkpt lat="22.248976280501818" lon="113.92441584975982"><ele>760.4719973897927</ele><time>2023-09-23T04:22:50Z</time></trkpt><trkpt lat="22.248977460087495" lon="113.92439250756487"><ele>761.6318325627545</ele><time>2023-09-23T04:23:02Z</time></trkpt><trkpt lat="22.248977362490074" lon="113.92436622557778"><ele>762.3007668221898</ele><time>2023-09-23T04:23:08Z</time></trkpt><trkpt lat="22.248986266170707" lon="113.9243355839149"><ele>762.6802308360849</ele><time>2023-09-23T04:23:12Z</time></trkpt><trkpt lat="22.249004114795927" lon="113.92432652898518"><ele>763.4875701330658</ele><time>2023-09-23T04:23:22Z</time></trkpt><trkpt lat="22.249007740417305" lon="113.92430417428268"><ele>764.3520854365436</ele><time>2023-09-23T04:23:34Z</time></trkpt><trkpt lat="22.248997149561603" lon="113.9242845621311"><ele>764.7175607324164</ele><time>2023-09-23T04:23:36Z</time></trkpt><trkpt lat="22.24898474537601" lon="113.92426327621342"><ele>765.0729722657456</ele><time>2023-09-23T04:23:38Z</time></trkpt><trkpt lat="22.24898154466025" lon="113.9242430489949"><ele>765.9118625999608</ele><time>2023-09-23T04:23:42Z</time></trkpt><trkpt lat="22.24899044534962" lon="113.92421853466708"><ele>766.667379353131</ele><time>2023-09-23T04:23:50Z</time></trkpt><trkpt lat="22.248995182074985" lon="113.9241949618287"><ele>767.4642293932435</ele><time>2023-09-23T04:23:56Z</time></trkpt><trkpt lat="22.248996312545756" lon="113.92417193912665"><ele>768.4735725577845</ele><time>2023-09-23T04:24:00Z</time></trkpt><trkpt lat="22.248994660036196" lon="113.92415098794413"><ele>769.906411367507</ele><time>2023-09-23T04:33:00Z</time></trkpt><trkpt lat="22.24897401333212" lon="113.92412374904563"><ele>769.6586072297487</ele><time>2023-09-23T04:33:04Z</time></trkpt><trkpt lat="22.24895062275337" lon="113.92409775242061"><ele>769.934408190547</ele><time>2023-09-23T04:33:08Z</time></trkpt><trkpt lat="22.24893713320287" lon="113.92407727121747"><ele>770.3999867664423</ele><time>2023-09-23T04:33:10Z</time></trkpt><trkpt lat="22.248919113338975" lon="113.92407073665818"><ele>771.4556978674043</ele><time>2023-09-23T04:33:14Z</time></trkpt><trkpt lat="22.248895742117018" lon="113.9240648848874"><ele>774.0859030906878</ele><time>2023-09-23T04:33:22Z</time></trkpt><trkpt lat="22.248882768789084" lon="113.92404457316638"><ele>775.1745378034652</ele><time>2023-09-23T04:33:26Z</time></trkpt><trkpt lat="22.248871551720917" lon="113.92402110673355"><ele>775.8550268043589</ele><time>2023-09-23T04:33:30Z</time></trkpt><trkpt lat="22.248848714646364" lon="113.92399885775652"><ele>777.1222018754129</ele><time>2023-09-23T04:33:36Z</time></trkpt><trkpt lat="22.24884224542169" lon="113.92398021901711"><ele>778.5161106016602</ele><time>2023-09-23T04:33:40Z</time></trkpt><trkpt lat="22.248850790590424" lon="113.92396259657765"><ele>780.8156863386715</ele><time>2023-09-23T04:35:30Z</time></trkpt><trkpt lat="22.24886430390477" lon="113.92394369756788"><ele>781.1795331985021</ele><time>2023-09-23T04:35:38Z</time></trkpt><trkpt lat="22.248865732668015" lon="113.92392216351693"><ele>781.4905982915365</ele><time>2023-09-23T04:35:42Z</time></trkpt><trkpt lat="22.248872934783105" lon="113.92389767896725"><ele>782.7704534010821</ele><time>2023-09-23T04:35:58Z</time></trkpt><trkpt lat="22.248873734965468" lon="113.92387802686969"><ele>783.6708305342269</ele><time>2023-09-23T04:36:04Z</time></trkpt><trkpt lat="22.248870383824055" lon="113.92384821461305"><ele>785.2494648077205</ele><time>2023-09-23T04:36:14Z</time></trkpt><trkpt lat="22.248875891294578" lon="113.92382867299334"><ele>786.0824451749868</ele><time>2023-09-23T04:36:20Z</time></trkpt><trkpt lat="22.248884111470325" lon="113.9237879045367"><ele>787.3957039205519</ele><time>2023-09-23T04:36:28Z</time></trkpt><trkpt lat="22.248889010721737" lon="113.92376506740878"><ele>788.2916067810098</ele><time>2023-09-23T04:36:32Z</time></trkpt><trkpt lat="22.24889808952865" lon="113.92374732458197"><ele>788.6362046940852</ele><time>2023-09-23T04:36:40Z</time></trkpt><trkpt lat="22.248915389231616" lon="113.92372179420401"><ele>788.8271118563252</ele><time>2023-09-23T04:36:44Z</time></trkpt><trkpt lat="22.24892216273656" lon="113.92369161955574"><ele>789.1912598428739</ele><time>2023-09-23T04:36:58Z</time></trkpt><trkpt lat="22.248915279728173" lon="113.923672733333"><ele>789.6314505013872</ele><time>2023-09-23T04:37:02Z</time></trkpt><trkpt lat="22.248898715365225" lon="113.92364749396869"><ele>790.3281749996354</ele><time>2023-09-23T04:37:06Z</time></trkpt><trkpt lat="22.248889881592394" lon="113.92361010902759"><ele>791.7677381297602</ele><time>2023-09-23T04:37:12Z</time></trkpt><trkpt lat="22.248900927749055" lon="113.9235843734299"><ele>792.8940300931454</ele><time>2023-09-23T04:37:16Z</time></trkpt><trkpt lat="22.24888312784907" lon="113.92356927826481"><ele>794.0240917132588</ele><time>2023-09-23T04:37:22Z</time></trkpt><trkpt lat="22.248869010459842" lon="113.9235468045356"><ele>796.1177543363882</ele><time>2023-09-23T04:37:44Z</time></trkpt><trkpt lat="22.248848715709347" lon="113.92353034863481"><ele>796.7586250917245</ele><time>2023-09-23T04:37:48Z</time></trkpt><trkpt lat="22.248834004693926" lon="113.92351601532096"><ele>798.0076719857176</ele><time>2023-09-23T04:37:54Z</time></trkpt><trkpt lat="22.24882430624587" lon="113.92349423764549"><ele>799.7096765700917</ele><time>2023-09-23T04:38:04Z</time></trkpt><trkpt lat="22.248819267056362" lon="113.92346550057401"><ele>800.5474103572578</ele><time>2023-09-23T04:38:08Z</time></trkpt><trkpt lat="22.248811079188993" lon="113.92344126441833"><ele>800.9714874696078</ele><time>2023-09-23T04:38:14Z</time></trkpt><trkpt lat="22.248808139469897" lon="113.9234160163923"><ele>801.6031707006036</ele><time>2023-09-23T04:38:18Z</time></trkpt><trkpt lat="22.24880930234919" lon="113.92339371029635"><ele>801.6006039411284</ele><time>2023-09-23T04:38:22Z</time></trkpt><trkpt lat="22.248811980471253" lon="113.92336603601247"><ele>802.4441719986852</ele><time>2023-09-23T04:38:30Z</time></trkpt><trkpt lat="22.248809884017543" lon="113.923335058651"><ele>802.7086955921012</ele><time>2023-09-23T04:38:34Z</time></trkpt><trkpt lat="22.24881058217543" lon="113.92330942846766"><ele>803.0950545543022</ele><time>2023-09-23T04:38:38Z</time></trkpt><trkpt lat="22.24881862948646" lon="113.92329171291887"><ele>803.8305684198123</ele><time>2023-09-23T04:38:54Z</time></trkpt><trkpt lat="22.248815053091526" lon="113.92326111515364"><ele>804.9033420297279</ele><time>2023-09-23T04:39:00Z</time></trkpt><trkpt lat="22.248824041570906" lon="113.92322863292212"><ele>805.5979311876606</ele><time>2023-09-23T04:39:06Z</time></trkpt><trkpt lat="22.248838155714868" lon="113.9232127053645"><ele>805.6320657890249</ele><time>2023-09-23T04:39:10Z</time></trkpt><trkpt lat="22.248839289006856" lon="113.92318957983775"><ele>806.0756052490296</ele><time>2023-09-23T04:39:16Z</time></trkpt><trkpt lat="22.248838203988697" lon="113.92316989683624"><ele>807.857815496604</ele><time>2023-09-23T04:39:30Z</time></trkpt><trkpt lat="22.248857785759988" lon="113.92315405296522"><ele>808.2200378891711</ele><time>2023-09-23T04:39:36Z</time></trkpt><trkpt lat="22.24886725276307" lon="113.92312147286032"><ele>808.4155282371361</ele><time>2023-09-23T04:39:42Z</time></trkpt><trkpt lat="22.248859672772305" lon="113.9230982081487"><ele>808.9660396122964</ele><time>2023-09-23T04:39:46Z</time></trkpt><trkpt lat="22.24886928323875" lon="113.9230684916897"><ele>810.2013814530055</ele><time>2023-09-23T04:39:52Z</time></trkpt><trkpt lat="22.248858572264233" lon="113.92305060034745"><ele>810.589471182837</ele><time>2023-09-23T04:39:54Z</time></trkpt><trkpt lat="22.24884397410938" lon="113.92301878620502"><ele>811.2958297229791</ele><time>2023-09-23T04:39:58Z</time></trkpt><trkpt lat="22.248831067008638" lon="113.92299986742009"><ele>812.1490172885145</ele><time>2023-09-23T04:40:02Z</time></trkpt><trkpt lat="22.248831180955357" lon="113.92296539895557"><ele>812.9850207544104</ele><time>2023-09-23T04:40:12Z</time></trkpt><trkpt lat="22.248828030114815" lon="113.92294081597488"><ele>813.7108587013695</ele><time>2023-09-23T04:40:22Z</time></trkpt><trkpt lat="22.24882802862998" lon="113.92291454281632"><ele>814.3524010612975</ele><time>2023-09-23T04:40:36Z</time></trkpt><trkpt lat="22.248834593592818" lon="113.92288581606128"><ele>814.1145615679043</ele><time>2023-09-23T04:41:10Z</time></trkpt><trkpt lat="22.24882763737085" lon="113.9228588792445"><ele>814.241715593438</ele><time>2023-09-23T04:41:14Z</time></trkpt><trkpt lat="22.24882440147839" lon="113.92283802507026"><ele>813.5876272188275</ele><time>2023-09-23T04:47:38Z</time></trkpt><trkpt lat="22.24882785237916" lon="113.92280828067352"><ele>813.7434143061375</ele><time>2023-09-23T04:47:42Z</time></trkpt><trkpt lat="22.248826589499288" lon="113.92278791817478"><ele>813.5015390276498</ele><time>2023-09-23T04:47:44Z</time></trkpt><trkpt lat="22.248840228838688" lon="113.92276144008471"><ele>813.6252178020551</ele><time>2023-09-23T04:47:48Z</time></trkpt><trkpt lat="22.248852512000784" lon="113.92273812234563"><ele>814.0043369555991</ele><time>2023-09-23T04:47:52Z</time></trkpt><trkpt lat="22.248852229129106" lon="113.9227125663997"><ele>814.4451798241197</ele><time>2023-09-23T04:47:56Z</time></trkpt><trkpt lat="22.24884531636639" lon="113.92268945369625"><ele>815.2006711140925</ele><time>2023-09-23T04:48:00Z</time></trkpt><trkpt lat="22.248844751040394" lon="113.92266035494342"><ele>816.3168914379382</ele><time>2023-09-23T04:48:04Z</time></trkpt><trkpt lat="22.248858053066787" lon="113.92263040635558"><ele>817.4080050980967</ele><time>2023-09-23T04:48:10Z</time></trkpt><trkpt lat="22.248851837297945" lon="113.92260889204903"><ele>818.1853365817865</ele><time>2023-09-23T04:48:18Z</time></trkpt><trkpt lat="22.248843105303862" lon="113.92258288325549"><ele>818.6118311287989</ele><time>2023-09-23T04:48:22Z</time></trkpt><trkpt lat="22.248845564277143" lon="113.92256058085653"><ele>818.9053590655992</ele><time>2023-09-23T04:48:26Z</time></trkpt><trkpt lat="22.248839981259014" lon="113.92253728251042"><ele>819.3292770443542</ele><time>2023-09-23T04:48:30Z</time></trkpt><trkpt lat="22.24883119494366" lon="113.92251252246152"><ele>820.3364150308303</ele><time>2023-09-23T04:48:34Z</time></trkpt><trkpt lat="22.24882954302573" lon="113.92247718732068"><ele>821.0840133613493</ele><time>2023-09-23T04:48:38Z</time></trkpt><trkpt lat="22.248823458769916" lon="113.92245158931078"><ele>822.6652259931518</ele><time>2023-09-23T04:48:44Z</time></trkpt><trkpt lat="22.248830841072987" lon="113.92243065277651"><ele>823.4014321158991</ele><time>2023-09-23T04:48:48Z</time></trkpt><trkpt lat="22.24881988343249" lon="113.92241317009487"><ele>824.4253139561337</ele><time>2023-09-23T04:48:52Z</time></trkpt><trkpt lat="22.248816525593696" lon="113.92238818284312"><ele>825.3714624051977</ele><time>2023-09-23T04:48:56Z</time></trkpt><trkpt lat="22.248825120735702" lon="113.92236424200983"><ele>826.6519679802662</ele><time>2023-09-23T04:49:02Z</time></trkpt><trkpt lat="22.24879916514443" lon="113.92233955678813"><ele>828.1007511620504</ele><time>2023-09-23T04:49:12Z</time></trkpt><trkpt lat="22.248790733822766" lon="113.92231774440678"><ele>828.7586407522489</ele><time>2023-09-23T04:49:20Z</time></trkpt><trkpt lat="22.24877677308355" lon="113.92229727847635"><ele>829.2956468487082</ele><time>2023-09-23T04:49:26Z</time></trkpt><trkpt lat="22.248758393695656" lon="113.9222993291081"><ele>829.9304490137663</ele><time>2023-09-23T04:49:28Z</time></trkpt><trkpt lat="22.248738778256293" lon="113.92229807176034"><ele>831.1453337148507</ele><time>2023-09-23T04:49:32Z</time></trkpt><trkpt lat="22.248746502125073" lon="113.92226937144824"><ele>831.8066616722729</ele><time>2023-09-23T04:49:44Z</time></trkpt><trkpt lat="22.248741434445574" lon="113.9222437554914"><ele>828.6226777773073</ele><time>2023-09-23T04:49:58Z</time></trkpt><trkpt lat="22.248719514070878" lon="113.92222311298784"><ele>826.9851823590311</ele><time>2023-09-23T04:50:00Z</time></trkpt><trkpt lat="22.248711937497113" lon="113.92219572118701"><ele>827.0368323039866</ele><time>2023-09-23T04:50:02Z</time></trkpt><trkpt lat="22.248720526612704" lon="113.92216861982972"><ele>829.0624643497292</ele><time>2023-09-23T04:50:08Z</time></trkpt><trkpt lat="22.248724500155983" lon="113.92214153189843"><ele>829.5670352461641</ele><time>2023-09-23T04:50:10Z</time></trkpt><trkpt lat="22.248732313713056" lon="113.92211014413857"><ele>830.5422983506165</ele><time>2023-09-23T04:50:14Z</time></trkpt><trkpt lat="22.248736065304083" lon="113.92209002832115"><ele>830.9205235454393</ele><time>2023-09-23T04:50:18Z</time></trkpt><trkpt lat="22.248749694410215" lon="113.92207096516279"><ele>832.5040167998736</ele><time>2023-09-23T04:51:00Z</time></trkpt><trkpt lat="22.248753802957296" lon="113.92204765049335"><ele>832.5210626589306</ele><time>2023-09-23T04:51:02Z</time></trkpt><trkpt lat="22.24875248961241" lon="113.92202329707047"><ele>833.2532022863819</ele><time>2023-09-23T04:51:06Z</time></trkpt><trkpt lat="22.248759821703946" lon="113.92199613405066"><ele>833.3306589709166</ele><time>2023-09-23T04:51:10Z</time></trkpt><trkpt lat="22.248776289049342" lon="113.92195775933826"><ele>832.89288054288</ele><time>2023-09-23T04:51:14Z</time></trkpt><trkpt lat="22.248785382312303" lon="113.92192929055616"><ele>832.9875920257272</ele><time>2023-09-23T04:51:18Z</time></trkpt><trkpt lat="22.248800501409008" lon="113.92189242531093"><ele>833.590397280599</ele><time>2023-09-23T04:51:22Z</time></trkpt><trkpt lat="22.24880628795711" lon="113.92185518319305"><ele>834.3276198650366</ele><time>2023-09-23T04:51:26Z</time></trkpt><trkpt lat="22.24881055825974" lon="113.92183100677417"><ele>835.7231325619888</ele><time>2023-09-23T04:51:32Z</time></trkpt><trkpt lat="22.24881727373903" lon="113.9218086574183"><ele>836.1159986364959</ele><time>2023-09-23T04:51:36Z</time></trkpt><trkpt lat="22.24883046790868" lon="113.92179308095822"><ele>836.9731753950551</ele><time>2023-09-23T04:51:40Z</time></trkpt><trkpt lat="22.2488371208644" lon="113.92176642755715"><ele>838.9231092491112</ele><time>2023-09-23T04:51:50Z</time></trkpt><trkpt lat="22.24885366791729" lon="113.9217481483728"><ele>838.9374979982297</ele><time>2023-09-23T04:51:54Z</time></trkpt><trkpt lat="22.248830370146592" lon="113.92173002910214"><ele>840.0633321034926</ele><time>2023-09-23T04:52:02Z</time></trkpt><trkpt lat="22.248805472150508" lon="113.92171775390366"><ele>841.2384710504022</ele><time>2023-09-23T04:52:06Z</time></trkpt><trkpt lat="22.24882043094917" lon="113.92169128459399"><ele>841.7928618480449</ele><time>2023-09-23T04:52:10Z</time></trkpt><trkpt lat="22.24883387371766" lon="113.92167766403058"><ele>841.9599797092953</ele><time>2023-09-23T04:52:12Z</time></trkpt><trkpt lat="22.248852602606426" lon="113.921666892785"><ele>842.1648576594519</ele><time>2023-09-23T04:52:20Z</time></trkpt><trkpt lat="22.24883866844395" lon="113.92165355352306"><ele>844.069377771296</ele><time>2023-09-23T04:52:36Z</time></trkpt><trkpt lat="22.248831806345486" lon="113.9216286493198"><ele>845.7056664107139</ele><time>2023-09-23T04:52:58Z</time></trkpt><trkpt lat="22.248810658709637" lon="113.9216180365068"><ele>847.895622538349</ele><time>2023-09-23T04:53:02Z</time></trkpt><trkpt lat="22.248793468548484" lon="113.92161036269222"><ele>848.5181809376206</ele><time>2023-09-23T04:53:04Z</time></trkpt><trkpt lat="22.248794645046285" lon="113.92159083292695"><ele>849.8145620424825</ele><time>2023-09-23T04:53:08Z</time></trkpt><trkpt lat="22.24881387838664" lon="113.92157605480502"><ele>850.883321862189</ele><time>2023-09-23T04:53:16Z</time></trkpt><trkpt lat="22.248832627499866" lon="113.92156802711247"><ele>850.8060278479314</ele><time>2023-09-23T04:53:18Z</time></trkpt><trkpt lat="22.248850438475028" lon="113.92153839471196"><ele>851.5334346380998</ele><time>2023-09-23T04:53:38Z</time></trkpt><trkpt lat="22.248855617104073" lon="113.9215102439339"><ele>852.1104381937618</ele><time>2023-09-23T04:53:46Z</time></trkpt><trkpt lat="22.24887469625703" lon="113.9214888815813"><ele>852.9500403668945</ele><time>2023-09-23T04:53:58Z</time></trkpt><trkpt lat="22.248865175671707" lon="113.9214641076489"><ele>853.3834758674875</ele><time>2023-09-23T04:54:22Z</time></trkpt><trkpt lat="22.24888188672444" lon="113.92144031678058"><ele>853.709869370576</ele><time>2023-09-23T04:54:26Z</time></trkpt><trkpt lat="22.24887276610273" lon="113.92141828413409"><ele>855.0187817701039</ele><time>2023-09-23T04:54:32Z</time></trkpt><trkpt lat="22.248893582122808" lon="113.92140911497495"><ele>855.1726815220717</ele><time>2023-09-23T04:54:38Z</time></trkpt><trkpt lat="22.248905739614234" lon="113.92138639108667"><ele>856.1416095021773</ele><time>2023-09-23T04:54:44Z</time></trkpt><trkpt lat="22.248924158150665" lon="113.9213779300462"><ele>856.4639942625583</ele><time>2023-09-23T04:54:48Z</time></trkpt><trkpt lat="22.24894731185233" lon="113.92136167897856"><ele>857.6793860091499</ele><time>2023-09-23T04:55:44Z</time></trkpt><trkpt lat="22.24896818366514" lon="113.92136433107666"><ele>857.3346380051144</ele><time>2023-09-23T04:55:48Z</time></trkpt><trkpt lat="22.248983557348094" lon="113.92134780719256"><ele>858.2083300009077</ele><time>2023-09-23T04:55:52Z</time></trkpt><trkpt lat="22.24899402012264" lon="113.9213301565226"><ele>859.1463198864994</ele><time>2023-09-23T04:55:58Z</time></trkpt><trkpt lat="22.249005368052384" lon="113.92130641826863"><ele>859.2289039918436</ele><time>2023-09-23T04:56:00Z</time></trkpt><trkpt lat="22.24902059411552" lon="113.92129224647331"><ele>859.0839701935943</ele><time>2023-09-23T04:56:02Z</time></trkpt><trkpt lat="22.249049541941762" lon="113.92128164704596"><ele>859.1456746894627</ele><time>2023-09-23T04:56:06Z</time></trkpt><trkpt lat="22.249075362663046" lon="113.92128949071072"><ele>859.6765576080617</ele><time>2023-09-23T04:56:10Z</time></trkpt><trkpt lat="22.249090621278654" lon="113.92127758002349"><ele>860.3113575320479</ele><time>2023-09-23T04:56:16Z</time></trkpt></trkseg><trkseg><trkpt lat="22.24910880113815" lon="113.92127320919376"><ele>864.4121857613846</ele><time>2023-09-23T05:19:44Z</time></trkpt><trkpt lat="22.249103889661747" lon="113.92124527554586"><ele>863.8498140595443</ele><time>2023-09-23T05:26:54Z</time></trkpt><trkpt lat="22.249101741575164" lon="113.92122329434739"><ele>863.7658381724701</ele><time>2023-09-23T05:26:56Z</time></trkpt><trkpt lat="22.249089332765905" lon="113.92120899286056"><ele>863.6554618381864</ele><time>2023-09-23T05:26:58Z</time></trkpt><trkpt lat="22.24907016711442" lon="113.92119726697844"><ele>863.9650692204694</ele><time>2023-09-23T05:27:00Z</time></trkpt><trkpt lat="22.249058067805425" lon="113.92117893960862"><ele>863.690089808417</ele><time>2023-09-23T05:27:04Z</time></trkpt><trkpt lat="22.24907543135858" lon="113.92116004021615"><ele>862.8107038806238</ele><time>2023-09-23T05:27:08Z</time></trkpt><trkpt lat="22.24909290617925" lon="113.92113854614814"><ele>863.4074019372358</ele><time>2023-09-23T05:27:12Z</time></trkpt><trkpt lat="22.24910380200245" lon="113.92111561229096"><ele>863.6887564029815</ele><time>2023-09-23T05:27:16Z</time></trkpt><trkpt lat="22.249107797283155" lon="113.9210838970928"><ele>863.298454819054</ele><time>2023-09-23T05:27:22Z</time></trkpt><trkpt lat="22.249113995048262" lon="113.9210522960155"><ele>863.3120819183645</ele><time>2023-09-23T05:27:26Z</time></trkpt><trkpt lat="22.249130235274546" lon="113.92103805730444"><ele>865.4856285216642</ele><time>2023-09-23T05:27:38Z</time></trkpt><trkpt lat="22.249134960534757" lon="113.92101753984939"><ele>866.2789544389728</ele><time>2023-09-23T05:27:44Z</time></trkpt><trkpt lat="22.24913540128443" lon="113.92099271633298"><ele>867.1843881859793</ele><time>2023-09-23T05:27:48Z</time></trkpt><trkpt lat="22.24912407652119" lon="113.92096832596306"><ele>867.5878813174857</ele><time>2023-09-23T05:27:56Z</time></trkpt><trkpt lat="22.249134784695" lon="113.92094165475484"><ele>869.0528790824015</ele><time>2023-09-23T05:28:10Z</time></trkpt><trkpt lat="22.24913273801273" lon="113.9209136401084"><ele>869.348287561401</ele><time>2023-09-23T05:28:14Z</time></trkpt><trkpt lat="22.24915067545769" lon="113.92089908765132"><ele>870.8074250512876</ele><time>2023-09-23T05:28:26Z</time></trkpt><trkpt lat="22.249164548560532" lon="113.92088444193412"><ele>872.7988257544808</ele><time>2023-09-23T05:28:34Z</time></trkpt><trkpt lat="22.24918296880008" lon="113.92087574655564"><ele>873.7632426213274</ele><time>2023-09-23T05:28:58Z</time></trkpt><trkpt lat="22.249199456510176" lon="113.92084198011415"><ele>873.9987212029854</ele><time>2023-09-23T05:29:02Z</time></trkpt><trkpt lat="22.24919049513687" lon="113.92081325945244"><ele>874.3157301893937</ele><time>2023-09-23T05:29:06Z</time></trkpt><trkpt lat="22.249215114437945" lon="113.92079559779597"><ele>875.6599286010428</ele><time>2023-09-23T05:29:16Z</time></trkpt><trkpt lat="22.24922116986075" lon="113.92077499413924"><ele>877.3205082258128</ele><time>2023-09-23T05:29:20Z</time></trkpt><trkpt lat="22.249232111699882" lon="113.92074971366907"><ele>879.1721308849384</ele><time>2023-09-23T05:29:32Z</time></trkpt><trkpt lat="22.249243090403112" lon="113.92072924503182"><ele>880.8912517564794</ele><time>2023-09-23T05:29:36Z</time></trkpt><trkpt lat="22.249242416137736" lon="113.92070891027478"><ele>881.0157714901693</ele><time>2023-09-23T05:29:38Z</time></trkpt><trkpt lat="22.24924757121696" lon="113.92068586702706"><ele>880.8562687882692</ele><time>2023-09-23T05:29:46Z</time></trkpt><trkpt lat="22.24925310403022" lon="113.9206638164581"><ele>881.5635843568703</ele><time>2023-09-23T05:29:50Z</time></trkpt><trkpt lat="22.249233539518684" lon="113.92064469883066"><ele>882.3643044374353</ele><time>2023-09-23T05:30:04Z</time></trkpt><trkpt lat="22.24923995134841" lon="113.92062327237511"><ele>882.460044476426</ele><time>2023-09-23T05:30:08Z</time></trkpt><trkpt lat="22.249248445972825" lon="113.92060191091387"><ele>882.2244283200997</ele><time>2023-09-23T05:30:12Z</time></trkpt><trkpt lat="22.249262126504522" lon="113.92058436299509"><ele>882.230227391241</ele><time>2023-09-23T05:30:18Z</time></trkpt><trkpt lat="22.249262270765424" lon="113.92055741607791"><ele>882.7727119311871</ele><time>2023-09-23T05:30:22Z</time></trkpt><trkpt lat="22.249263571762064" lon="113.92053748282308"><ele>886.0768322407769</ele><time>2023-09-23T05:30:46Z</time></trkpt><trkpt lat="22.249263252170323" lon="113.92051573901333"><ele>888.5608994521788</ele><time>2023-09-23T05:30:56Z</time></trkpt><trkpt lat="22.2492672586689" lon="113.92048430092593"><ele>889.9280770385069</ele><time>2023-09-23T05:31:00Z</time></trkpt><trkpt lat="22.249292681192074" lon="113.92047106663233"><ele>891.2956213197411</ele><time>2023-09-23T05:31:04Z</time></trkpt><trkpt lat="22.249295211020556" lon="113.9204507769609"><ele>893.0852201382354</ele><time>2023-09-23T05:31:10Z</time></trkpt><trkpt lat="22.24928808914364" lon="113.92043198342408"><ele>893.732841916533</ele><time>2023-09-23T05:31:14Z</time></trkpt><trkpt lat="22.249292380999506" lon="113.92040800821627"><ele>894.9233085558192</ele><time>2023-09-23T05:31:18Z</time></trkpt><trkpt lat="22.249291959639834" lon="113.92038666946672"><ele>895.5779945986228</ele><time>2023-09-23T05:31:26Z</time></trkpt><trkpt lat="22.24930113997409" lon="113.92036913601602"><ele>898.0164915217457</ele><time>2023-09-23T05:32:02Z</time></trkpt><trkpt lat="22.249326957642626" lon="113.9203447668893"><ele>899.706675142675</ele><time>2023-09-23T05:32:06Z</time></trkpt><trkpt lat="22.24932567213261" lon="113.92032248517839"><ele>900.8526535921011</ele><time>2023-09-23T05:32:12Z</time></trkpt><trkpt lat="22.24933211224925" lon="113.92030103349454"><ele>901.8088978370348</ele><time>2023-09-23T05:32:18Z</time></trkpt><trkpt lat="22.249324571583717" lon="113.92027517037526"><ele>903.21938856053</ele><time>2023-09-23T05:32:22Z</time></trkpt><trkpt lat="22.249300504745197" lon="113.92026262662671"><ele>903.9247958776563</ele><time>2023-09-23T05:32:26Z</time></trkpt><trkpt lat="22.249291730310773" lon="113.92024138878456"><ele>905.3714909162732</ele><time>2023-09-23T05:32:36Z</time></trkpt><trkpt lat="22.249316066661418" lon="113.92022825965594"><ele>906.8013336668924</ele><time>2023-09-23T05:32:40Z</time></trkpt><trkpt lat="22.24931453411082" lon="113.92020796321391"><ele>907.7842245478296</ele><time>2023-09-23T05:32:48Z</time></trkpt><trkpt lat="22.249295220047497" lon="113.92019965398076"><ele>910.8549726708203</ele><time>2023-09-23T05:33:08Z</time></trkpt><trkpt lat="22.249288043065953" lon="113.92017621744725"><ele>911.0320903679964</ele><time>2023-09-23T05:33:10Z</time></trkpt><trkpt lat="22.249272989638875" lon="113.92016327116876"><ele>911.3990942384085</ele><time>2023-09-23T05:33:20Z</time></trkpt><trkpt lat="22.249260518770775" lon="113.92017797926735"><ele>912.3259537095607</ele><time>2023-09-23T05:33:24Z</time></trkpt><trkpt lat="22.249258979784965" lon="113.92015610777605"><ele>913.6505850527802</ele><time>2023-09-23T05:33:36Z</time></trkpt><trkpt lat="22.249268012101393" lon="113.92012941401711"><ele>914.4940367781956</ele><time>2023-09-23T05:33:44Z</time></trkpt><trkpt lat="22.249273348993857" lon="113.92010886736182"><ele>915.1420536446614</ele><time>2023-09-23T05:33:46Z</time></trkpt><trkpt lat="22.24927050961173" lon="113.92008966485344"><ele>916.224066030891</ele><time>2023-09-23T05:33:50Z</time></trkpt><trkpt lat="22.249257058054482" lon="113.92007623198971"><ele>916.9850683833482</ele><time>2023-09-23T05:33:54Z</time></trkpt><trkpt lat="22.24928135006359" lon="113.92008080448765"><ele>918.8213515486702</ele><time>2023-09-23T05:34:04Z</time></trkpt><trkpt lat="22.249306603212545" lon="113.92008136181711"><ele>919.0569617991584</ele><time>2023-09-23T05:34:42Z</time></trkpt><trkpt lat="22.249324961974516" lon="113.92008825491874"><ele>918.9282602134915</ele><time>2023-09-23T05:34:44Z</time></trkpt><trkpt lat="22.24934397166515" lon="113.92007781728526"><ele>919.067683359023</ele><time>2023-09-23T05:34:46Z</time></trkpt><trkpt lat="22.249336595058146" lon="113.92004678836211"><ele>919.035670809273</ele><time>2023-09-23T05:34:50Z</time></trkpt><trkpt lat="22.24934507451153" lon="113.92007855731681"><ele>920.5466168147263</ele><time>2023-09-23T05:35:10Z</time></trkpt><trkpt lat="22.249361884716425" lon="113.92010241594744"><ele>920.8454677282413</ele><time>2023-09-23T05:35:12Z</time></trkpt><trkpt lat="22.249351020273252" lon="113.92011922083631"><ele>921.1821048609389</ele><time>2023-09-23T05:35:18Z</time></trkpt><trkpt lat="22.24933479641113" lon="113.92010656244894"><ele>921.5804847946313</ele><time>2023-09-23T05:35:24Z</time></trkpt><trkpt lat="22.249353830290605" lon="113.92012537875337"><ele>922.175650632969</ele><time>2023-09-23T05:37:12Z</time></trkpt><trkpt lat="22.249322638432904" lon="113.92010587331266"><ele>925.3912413779567</ele><time>2023-09-23T05:37:18Z</time></trkpt><trkpt lat="22.24932844825887" lon="113.92007847872455"><ele>925.8624034970468</ele><time>2023-09-23T05:37:20Z</time></trkpt><trkpt lat="22.24930816318586" lon="113.92007824599455"><ele>925.9902946419953</ele><time>2023-09-23T05:37:24Z</time></trkpt><trkpt lat="22.249286686877856" lon="113.9200700075222"><ele>925.9779307388213</ele><time>2023-09-23T05:37:34Z</time></trkpt><trkpt lat="22.24928126678926" lon="113.92005078593128"><ele>925.7846354344487</ele><time>2023-09-23T05:37:36Z</time></trkpt><trkpt lat="22.249278903160764" lon="113.92003038108605"><ele>925.369340642358</ele><time>2023-09-23T05:37:38Z</time></trkpt><trkpt lat="22.24930612255063" lon="113.92004599145704"><ele>922.8614459517692</ele><time>2023-09-23T05:38:50Z</time></trkpt><trkpt lat="22.249324117551854" lon="113.92005444015467"><ele>922.3245242095862</ele><time>2023-09-23T05:38:52Z</time></trkpt><trkpt lat="22.249350542914442" lon="113.92007013457459"><ele>921.6896208873059</ele><time>2023-09-23T05:38:56Z</time></trkpt><trkpt lat="22.24933794825873" lon="113.92008798662825"><ele>920.9682859980828</ele><time>2023-09-23T05:39:14Z</time></trkpt><trkpt lat="22.249315524915836" lon="113.92011433389331"><ele>920.9265756620047</ele><time>2023-09-23T05:39:18Z</time></trkpt><trkpt lat="22.249288994320363" lon="113.92009844253414"><ele>922.3438961880014</ele><time>2023-09-23T05:39:34Z</time></trkpt><trkpt lat="22.249266237100915" lon="113.92012033765948"><ele>922.7356500703355</ele><time>2023-09-23T05:39:38Z</time></trkpt><trkpt lat="22.24923560504894" lon="113.92013049760936"><ele>923.1880012436924</ele><time>2023-09-23T05:39:42Z</time></trkpt><trkpt lat="22.249267851281598" lon="113.92011059123375"><ele>922.3531175160203</ele><time>2023-09-23T05:40:08Z</time></trkpt><trkpt lat="22.249288216411774" lon="113.92010840202353"><ele>922.1968842051507</ele><time>2023-09-23T05:40:10Z</time></trkpt><trkpt lat="22.249305205210117" lon="113.92010182800496"><ele>922.1014633374671</ele><time>2023-09-23T05:40:14Z</time></trkpt><trkpt lat="22.24932349536328" lon="113.92010422044044"><ele>921.4268782920757</ele><time>2023-09-23T05:40:18Z</time></trkpt><trkpt lat="22.24933428768006" lon="113.92008496286088"><ele>921.3520088578827</ele><time>2023-09-23T05:40:20Z</time></trkpt><trkpt lat="22.249360034324926" lon="113.92008104873285"><ele>921.3835288439878</ele><time>2023-09-23T05:40:24Z</time></trkpt><trkpt lat="22.249375433342077" lon="113.92010343881314"><ele>921.9096876014008</ele><time>2023-09-23T05:40:28Z</time></trkpt><trkpt lat="22.249362766941776" lon="113.92012707377341"><ele>923.078198840808</ele><time>2023-09-23T05:40:36Z</time></trkpt><trkpt lat="22.249345255473802" lon="113.92011648753586"><ele>924.7271372594907</ele><time>2023-09-23T05:41:24Z</time></trkpt><trkpt lat="22.24933623937922" lon="113.92009752811998"><ele>924.6466137815565</ele><time>2023-09-23T05:41:30Z</time></trkpt><trkpt lat="22.249357483596558" lon="113.92009522590755"><ele>927.056719770655</ele><time>2023-09-23T05:47:50Z</time></trkpt><trkpt lat="22.249341294845753" lon="113.92008045288627"><ele>926.1384616363794</ele><time>2023-09-23T05:50:08Z</time></trkpt><trkpt lat="22.249346315146852" lon="113.9200614098016"><ele>924.3719638781622</ele><time>2023-09-23T05:50:44Z</time></trkpt><trkpt lat="22.249374119821688" lon="113.92006001667399"><ele>920.9061348706501</ele><time>2023-09-23T05:50:48Z</time></trkpt><trkpt lat="22.249358375344674" lon="113.92007425117684"><ele>920.6133425699586</ele><time>2023-09-23T05:51:40Z</time></trkpt><trkpt lat="22.24934928846362" lon="113.92005744115654"><ele>920.374386180587</ele><time>2023-09-23T05:52:12Z</time></trkpt><trkpt lat="22.249344344123884" lon="113.92003386427865"><ele>920.2497543473831</ele><time>2023-09-23T05:52:16Z</time></trkpt><trkpt lat="22.24932951719479" lon="113.92004626776692"><ele>921.2888842842215</ele><time>2023-09-23T05:56:02Z</time></trkpt><trkpt lat="22.249308380315448" lon="113.92007471872219"><ele>921.1259864611407</ele><time>2023-09-23T05:56:06Z</time></trkpt><trkpt lat="22.249292438429134" lon="113.92008769317277"><ele>920.9318405425422</ele><time>2023-09-23T05:56:34Z</time></trkpt><trkpt lat="22.24928007055281" lon="113.92011292951969"><ele>920.4647767772736</ele><time>2023-09-23T05:56:38Z</time></trkpt><trkpt lat="22.249257524585936" lon="113.92011581771156"><ele>920.416719775537</ele><time>2023-09-23T05:56:42Z</time></trkpt><trkpt lat="22.249238793708905" lon="113.92012835052738"><ele>919.798792309368</ele><time>2023-09-23T05:56:46Z</time></trkpt><trkpt lat="22.249213594200008" lon="113.92009748876494"><ele>919.8467598322452</ele><time>2023-09-23T05:56:50Z</time></trkpt><trkpt lat="22.24920018148892" lon="113.9200701218561"><ele>919.8559154915616</ele><time>2023-09-23T05:56:54Z</time></trkpt><trkpt lat="22.249182793757278" lon="113.92006417264392"><ele>919.4043398352902</ele><time>2023-09-23T05:56:58Z</time></trkpt><trkpt lat="22.249201345742936" lon="113.92004892609688"><ele>919.1755426054503</ele><time>2023-09-23T05:57:16Z</time></trkpt><trkpt lat="22.249186184566767" lon="113.92003246619753"><ele>917.1220555705133</ele><time>2023-09-23T05:57:50Z</time></trkpt><trkpt lat="22.24916569985858" lon="113.9200376094218"><ele>915.6543442671182</ele><time>2023-09-23T05:57:54Z</time></trkpt><trkpt lat="22.249148604911564" lon="113.92002842127806"><ele>913.4049903134841</ele><time>2023-09-23T05:58:14Z</time></trkpt><trkpt lat="22.24913116148764" lon="113.92001835515583"><ele>911.9173397548365</ele><time>2023-09-23T05:58:16Z</time></trkpt><trkpt lat="22.24911304002911" lon="113.92001228190377"><ele>910.0272318561117</ele><time>2023-09-23T05:58:18Z</time></trkpt><trkpt lat="22.249094024296102" lon="113.9200045074166"><ele>908.2100852344291</ele><time>2023-09-23T05:58:26Z</time></trkpt><trkpt lat="22.249069317956256" lon="113.91998275462849"><ele>907.7822925431877</ele><time>2023-09-23T05:58:30Z</time></trkpt><trkpt lat="22.24904950397378" lon="113.91997272572497"><ele>906.7231913690124</ele><time>2023-09-23T05:58:34Z</time></trkpt><trkpt lat="22.249028448607657" lon="113.91996512779347"><ele>905.3735464563073</ele><time>2023-09-23T05:58:38Z</time></trkpt><trkpt lat="22.249012543942623" lon="113.91995573800818"><ele>904.6880837677653</ele><time>2023-09-23T05:58:44Z</time></trkpt><trkpt lat="22.248991114181674" lon="113.91994523841794"><ele>903.6249086865229</ele><time>2023-09-23T05:58:48Z</time></trkpt><trkpt lat="22.248964905669105" lon="113.91993629915798"><ele>901.6216649479821</ele><time>2023-09-23T05:59:00Z</time></trkpt><trkpt lat="22.24895852278371" lon="113.91991717154946"><ele>901.5900747850147</ele><time>2023-09-23T05:59:04Z</time></trkpt><trkpt lat="22.2489429451506" lon="113.91989734194692"><ele>902.4026924953569</ele><time>2023-09-23T05:59:12Z</time></trkpt><trkpt lat="22.248923904131427" lon="113.91988917564208"><ele>902.6697423406019</ele><time>2023-09-23T05:59:16Z</time></trkpt><trkpt lat="22.24889604308822" lon="113.91987691810499"><ele>902.650433103628</ele><time>2023-09-23T05:59:22Z</time></trkpt><trkpt lat="22.248897468296587" lon="113.9198549854275"><ele>901.1927967909588</ele><time>2023-09-23T05:59:34Z</time></trkpt><trkpt lat="22.248884014400183" lon="113.91984129561128"><ele>900.660599104176</ele><time>2023-09-23T05:59:38Z</time></trkpt><trkpt lat="22.248867726094133" lon="113.91983186626211"><ele>899.4741014544502</ele><time>2023-09-23T05:59:44Z</time></trkpt><trkpt lat="22.248846913260287" lon="113.91984098470287"><ele>898.1550622184857</ele><time>2023-09-23T05:59:54Z</time></trkpt><trkpt lat="22.248829810336005" lon="113.91984996780467"><ele>897.6478213918441</ele><time>2023-09-23T05:59:56Z</time></trkpt><trkpt lat="22.248804258244643" lon="113.91985145340504"><ele>897.0812016452551</ele><time>2023-09-23T06:00:00Z</time></trkpt><trkpt lat="22.24878508348235" lon="113.91984771956578"><ele>896.7146613622554</ele><time>2023-09-23T06:00:02Z</time></trkpt><trkpt lat="22.24876546406501" lon="113.91984333368738"><ele>895.7474440733373</ele><time>2023-09-23T06:00:04Z</time></trkpt><trkpt lat="22.2487478438159" lon="113.9198308689536"><ele>894.7077651246497</ele><time>2023-09-23T06:00:10Z</time></trkpt><trkpt lat="22.248721155466825" lon="113.91981483179582"><ele>893.4297730113676</ele><time>2023-09-23T06:00:14Z</time></trkpt><trkpt lat="22.248695398137006" lon="113.91979456595665"><ele>892.4194734128669</ele><time>2023-09-23T06:00:18Z</time></trkpt><trkpt lat="22.248673473601137" lon="113.91978618730529"><ele>891.8122722823061</ele><time>2023-09-23T06:00:20Z</time></trkpt><trkpt lat="22.24866133413131" lon="113.91977087991249"><ele>889.4928360557622</ele><time>2023-09-23T06:00:40Z</time></trkpt><trkpt lat="22.24863820676495" lon="113.91975654476875"><ele>888.5974375062369</ele><time>2023-09-23T06:01:10Z</time></trkpt><trkpt lat="22.248625792717448" lon="113.91973052652138"><ele>887.2248377606903</ele><time>2023-09-23T06:01:14Z</time></trkpt><trkpt lat="22.248613932949073" lon="113.91975887743547"><ele>886.2578218599236</ele><time>2023-09-23T06:01:20Z</time></trkpt><trkpt lat="22.248584743578114" lon="113.91976547157361"><ele>885.8789440444132</ele><time>2023-09-23T06:01:24Z</time></trkpt><trkpt lat="22.248562646541206" lon="113.91976122108797"><ele>885.0252059275318</ele><time>2023-09-23T06:01:28Z</time></trkpt><trkpt lat="22.24853501041812" lon="113.9197661370765"><ele>883.6074526745102</ele><time>2023-09-23T06:01:38Z</time></trkpt><trkpt lat="22.248515432177534" lon="113.91977526566654"><ele>883.3169133704641</ele><time>2023-09-23T06:01:44Z</time></trkpt><trkpt lat="22.248490844695034" lon="113.91977567559314"><ele>883.3852060579478</ele><time>2023-09-23T06:01:48Z</time></trkpt><trkpt lat="22.24847653427217" lon="113.91979061436787"><ele>884.4163486885898</ele><time>2023-09-23T06:02:10Z</time></trkpt><trkpt lat="22.24844853545637" lon="113.91979370802221"><ele>884.7625757339184</ele><time>2023-09-23T06:02:34Z</time></trkpt><trkpt lat="22.24842636917793" lon="113.91979141442049"><ele>885.2539909526148</ele><time>2023-09-23T06:02:36Z</time></trkpt><trkpt lat="22.248405040608343" lon="113.91977505505665"><ele>886.2960270539173</ele><time>2023-09-23T06:02:40Z</time></trkpt><trkpt lat="22.248381696009595" lon="113.919763432464"><ele>887.5802813183424</ele><time>2023-09-23T06:02:44Z</time></trkpt><trkpt lat="22.2483667703153" lon="113.91975129376796"><ele>887.641498450515</ele><time>2023-09-23T06:02:46Z</time></trkpt><trkpt lat="22.248352942425793" lon="113.9197369249617"><ele>887.5711200520929</ele><time>2023-09-23T06:02:48Z</time></trkpt><trkpt lat="22.24833774883578" lon="113.91971865782267"><ele>885.4007918442788</ele><time>2023-09-23T06:03:00Z</time></trkpt><trkpt lat="22.248312790965528" lon="113.91972225911933"><ele>888.062106363212</ele><time>2023-09-23T06:04:04Z</time></trkpt><trkpt lat="22.248286460502875" lon="113.91972597589496"><ele>885.4011141011415</ele><time>2023-09-23T06:07:26Z</time></trkpt><trkpt lat="22.248266183160148" lon="113.9197075222344"><ele>884.3027028378357</ele><time>2023-09-23T06:07:40Z</time></trkpt><trkpt lat="22.248244551267017" lon="113.91969847868452"><ele>883.9287787085682</ele><time>2023-09-23T06:07:44Z</time></trkpt><trkpt lat="22.248226487674557" lon="113.9196797697864"><ele>882.3938927504129</ele><time>2023-09-23T06:07:50Z</time></trkpt><trkpt lat="22.248197098478975" lon="113.91968010853097"><ele>881.7675726165374</ele><time>2023-09-23T06:07:56Z</time></trkpt><trkpt lat="22.24817752559744" lon="113.91968787709082"><ele>880.0333628777596</ele><time>2023-09-23T06:08:18Z</time></trkpt><trkpt lat="22.248167986561366" lon="113.91966557498043"><ele>880.6273520944807</ele><time>2023-09-23T06:10:28Z</time></trkpt><trkpt lat="22.248139456018915" lon="113.91966276476171"><ele>879.8162774751431</ele><time>2023-09-23T06:10:42Z</time></trkpt><trkpt lat="22.24812138186239" lon="113.91965165873809"><ele>879.4985565196138</ele><time>2023-09-23T06:10:54Z</time></trkpt><trkpt lat="22.248105305069263" lon="113.91963690508616"><ele>880.3972662932613</ele><time>2023-09-23T06:11:02Z</time></trkpt><trkpt lat="22.24809300806491" lon="113.91961732989911"><ele>880.203706261891</ele><time>2023-09-23T06:11:06Z</time></trkpt><trkpt lat="22.248072623949483" lon="113.91960341462223"><ele>879.2818645170534</ele><time>2023-09-23T06:11:10Z</time></trkpt><trkpt lat="22.248048242514983" lon="113.91960578711695"><ele>877.5962363699244</ele><time>2023-09-23T06:11:16Z</time></trkpt><trkpt lat="22.24803977359428" lon="113.91958835125746"><ele>876.9727785357228</ele><time>2023-09-23T06:11:22Z</time></trkpt><trkpt lat="22.248009970378302" lon="113.91958414858642"><ele>873.3621856344287</ele><time>2023-09-23T06:11:36Z</time></trkpt><trkpt lat="22.24800407410764" lon="113.91955214740881"><ele>872.2007396571076</ele><time>2023-09-23T06:12:20Z</time></trkpt><trkpt lat="22.248006435333217" lon="113.91952775850103"><ele>871.6990544936609</ele><time>2023-09-23T06:12:26Z</time></trkpt><trkpt lat="22.2479849398924" lon="113.91951472459574"><ele>868.7611162292105</ele><time>2023-09-23T06:12:46Z</time></trkpt><trkpt lat="22.247969901626025" lon="113.91948837127293"><ele>868.4684102449058</ele><time>2023-09-23T06:12:50Z</time></trkpt><trkpt lat="22.247954291554375" lon="113.91947196971148"><ele>867.9754201384559</ele><time>2023-09-23T06:12:54Z</time></trkpt><trkpt lat="22.24795902864395" lon="113.91944880779893"><ele>867.7090710084482</ele><time>2023-09-23T06:12:58Z</time></trkpt><trkpt lat="22.247940081187295" lon="113.9194340217229"><ele>866.3221397374166</ele><time>2023-09-23T06:13:06Z</time></trkpt><trkpt lat="22.247934413511185" lon="113.91940498232155"><ele>866.0205001114109</ele><time>2023-09-23T06:13:10Z</time></trkpt><trkpt lat="22.24792315767077" lon="113.91938250935472"><ele>866.1140211933305</ele><time>2023-09-23T06:13:14Z</time></trkpt><trkpt lat="22.247918070792963" lon="113.91935811335279"><ele>865.0809414119485</ele><time>2023-09-23T06:13:20Z</time></trkpt><trkpt lat="22.247904363053507" lon="113.91933841028626"><ele>864.2331572099289</ele><time>2023-09-23T06:13:26Z</time></trkpt><trkpt lat="22.24788642659149" lon="113.91932866740159"><ele>864.0454634658782</ele><time>2023-09-23T06:13:36Z</time></trkpt><trkpt lat="22.247878697547375" lon="113.91930514330147"><ele>863.0446203394686</ele><time>2023-09-23T06:13:46Z</time></trkpt><trkpt lat="22.247874972263983" lon="113.91928434056844"><ele>862.7984237686926</ele><time>2023-09-23T06:13:48Z</time></trkpt><trkpt lat="22.2478764133407" lon="113.91926490358331"><ele>862.7770779682501</ele><time>2023-09-23T06:13:50Z</time></trkpt><trkpt lat="22.247873949582246" lon="113.91923912707175"><ele>862.5326766897845</ele><time>2023-09-23T06:13:54Z</time></trkpt><trkpt lat="22.247859384769963" lon="113.91922083715667"><ele>862.3422245246015</ele><time>2023-09-23T06:13:58Z</time></trkpt><trkpt lat="22.247856980327565" lon="113.91920095870319"><ele>861.621194757275</ele><time>2023-09-23T06:14:02Z</time></trkpt><trkpt lat="22.247839719931857" lon="113.91918079222259"><ele>860.6093767369631</ele><time>2023-09-23T06:14:10Z</time></trkpt><trkpt lat="22.247822549043377" lon="113.91915570804963"><ele>861.3480625754329</ele><time>2023-09-23T06:14:14Z</time></trkpt><trkpt lat="22.247808294786967" lon="113.91914271512464"><ele>862.3873338033208</ele><time>2023-09-23T06:15:44Z</time></trkpt><trkpt lat="22.24779293033362" lon="113.91912029273163"><ele>861.6005130316285</ele><time>2023-09-23T06:15:50Z</time></trkpt><trkpt lat="22.247779583493678" lon="113.91910379638959"><ele>860.6353517003919</ele><time>2023-09-23T06:17:50Z</time></trkpt><trkpt lat="22.247741111402327" lon="113.91906843997901"><ele>853.4426358544707</ele><time>2023-09-23T06:19:08Z</time></trkpt><trkpt lat="22.247719452402645" lon="113.91906160926948"><ele>853.4330721826045</ele><time>2023-09-23T06:19:10Z</time></trkpt><trkpt lat="22.247684680631465" lon="113.91906027367311"><ele>852.0289819078375</ele><time>2023-09-23T06:19:14Z</time></trkpt><trkpt lat="22.24766236180933" lon="113.91905785367213"><ele>850.6945218530736</ele><time>2023-09-23T06:19:18Z</time></trkpt><trkpt lat="22.247642216991604" lon="113.91903932255073"><ele>850.6135765955735</ele><time>2023-09-23T06:19:26Z</time></trkpt><trkpt lat="22.247629462237057" lon="113.9190232471205"><ele>851.2154190986158</ele><time>2023-09-23T06:19:32Z</time></trkpt><trkpt lat="22.247610880158255" lon="113.91900512371271"><ele>851.1277535760696</ele><time>2023-09-23T06:19:40Z</time></trkpt><trkpt lat="22.247591415701848" lon="113.91898249657606"><ele>851.3364720402714</ele><time>2023-09-23T06:19:44Z</time></trkpt><trkpt lat="22.247578935916202" lon="113.91896522885752"><ele>842.3897955516761</ele><time>2023-09-23T06:20:04Z</time></trkpt><trkpt lat="22.24757170263414" lon="113.91894646677429"><ele>841.8966637596249</ele><time>2023-09-23T06:20:10Z</time></trkpt><trkpt lat="22.247550235058537" lon="113.91893204634611"><ele>842.2036984005346</ele><time>2023-09-23T06:20:18Z</time></trkpt><trkpt lat="22.247543580605658" lon="113.91891326470675"><ele>841.4467301952075</ele><time>2023-09-23T06:20:26Z</time></trkpt><trkpt lat="22.24752881018343" lon="113.91889367338716"><ele>840.5856436817562</ele><time>2023-09-23T06:20:32Z</time></trkpt><trkpt lat="22.24752143379826" lon="113.91886112195832"><ele>839.7371690141122</ele><time>2023-09-23T06:20:42Z</time></trkpt><trkpt lat="22.247510765547066" lon="113.91884499808013"><ele>839.4384772731314</ele><time>2023-09-23T06:20:44Z</time></trkpt><trkpt lat="22.247501304384503" lon="113.91882216695072"><ele>839.0256829895179</ele><time>2023-09-23T06:20:48Z</time></trkpt><trkpt lat="22.247480576480477" lon="113.91881481467746"><ele>838.189001322337</ele><time>2023-09-23T06:20:56Z</time></trkpt><trkpt lat="22.247459055465477" lon="113.91879977897013"><ele>836.6872415538228</ele><time>2023-09-23T06:21:02Z</time></trkpt><trkpt lat="22.24743983492457" lon="113.91879024738991"><ele>836.3716185708256</ele><time>2023-09-23T06:21:06Z</time></trkpt><trkpt lat="22.24742320329206" lon="113.91876564178575"><ele>835.3655534668578</ele><time>2023-09-23T06:21:10Z</time></trkpt><trkpt lat="22.24741781724514" lon="113.91874489236233"><ele>834.8366450285752</ele><time>2023-09-23T06:21:14Z</time></trkpt><trkpt lat="22.247401184384614" lon="113.91873255784606"><ele>834.4359954893682</ele><time>2023-09-23T06:21:22Z</time></trkpt><trkpt lat="22.247383868425366" lon="113.91870715493697"><ele>832.5575356603407</ele><time>2023-09-23T06:21:34Z</time></trkpt><trkpt lat="22.247384064569165" lon="113.91868097931228"><ele>831.1752644103035</ele><time>2023-09-23T06:21:38Z</time></trkpt><trkpt lat="22.247370854590375" lon="113.9186596269379"><ele>829.9910336212089</ele><time>2023-09-23T06:21:46Z</time></trkpt><trkpt lat="22.247351180650952" lon="113.91866134066389"><ele>830.2415068319897</ele><time>2023-09-23T06:21:50Z</time></trkpt><trkpt lat="22.24733502666066" lon="113.91864682715759"><ele>829.6380970538218</ele><time>2023-09-23T06:21:54Z</time></trkpt><trkpt lat="22.24734020444295" lon="113.91862651496488"><ele>828.3768014939335</ele><time>2023-09-23T06:21:58Z</time></trkpt><trkpt lat="22.247328359606946" lon="113.91860779084688"><ele>827.3172440300883</ele><time>2023-09-23T06:22:02Z</time></trkpt><trkpt lat="22.24731502806661" lon="113.9185942098214"><ele>825.5043214480835</ele><time>2023-09-23T06:22:16Z</time></trkpt><trkpt lat="22.247294337890846" lon="113.91858117561293"><ele>824.6380982529997</ele><time>2023-09-23T06:22:20Z</time></trkpt><trkpt lat="22.247288529336487" lon="113.91855305170344"><ele>823.5077982871155</ele><time>2023-09-23T06:22:24Z</time></trkpt><trkpt lat="22.24727989117986" lon="113.91853072857094"><ele>821.3893880961249</ele><time>2023-09-23T06:23:00Z</time></trkpt><trkpt lat="22.247269938425273" lon="113.91850990167232"><ele>820.6938354310299</ele><time>2023-09-23T06:23:06Z</time></trkpt><trkpt lat="22.247256284481956" lon="113.9184942055533"><ele>820.2071907433658</ele><time>2023-09-23T06:23:10Z</time></trkpt><trkpt lat="22.247229092341282" lon="113.91847315948823"><ele>819.4202947445507</ele><time>2023-09-23T06:23:16Z</time></trkpt><trkpt lat="22.247206493208974" lon="113.91845205079876"><ele>819.2389616371622</ele><time>2023-09-23T06:23:20Z</time></trkpt><trkpt lat="22.247197432368086" lon="113.91843358613944"><ele>818.4575578114415</ele><time>2023-09-23T06:23:24Z</time></trkpt><trkpt lat="22.247187970017517" lon="113.91841006205459"><ele>816.296176537625</ele><time>2023-09-23T06:23:48Z</time></trkpt><trkpt lat="22.2471774429394" lon="113.91838047239494"><ele>814.498946216922</ele><time>2023-09-23T06:23:52Z</time></trkpt><trkpt lat="22.247139618508367" lon="113.9183735201066"><ele>812.9942033037912</ele><time>2023-09-23T06:23:56Z</time></trkpt><trkpt lat="22.247129224361597" lon="113.918355818393"><ele>812.9176804933259</ele><time>2023-09-23T06:23:58Z</time></trkpt><trkpt lat="22.2471100922545" lon="113.91833560153762"><ele>812.3157144729837</ele><time>2023-09-23T06:24:02Z</time></trkpt><trkpt lat="22.24709673496132" lon="113.9183212431771"><ele>811.0357616935939</ele><time>2023-09-23T06:24:06Z</time></trkpt><trkpt lat="22.247075767100608" lon="113.91831698854229"><ele>809.1569643798786</ele><time>2023-09-23T06:24:12Z</time></trkpt><trkpt lat="22.247067536801296" lon="113.9182972343844"><ele>808.8134354030364</ele><time>2023-09-23T06:24:16Z</time></trkpt><trkpt lat="22.247044135009553" lon="113.91827764865728"><ele>809.3231929368977</ele><time>2023-09-23T06:24:22Z</time></trkpt><trkpt lat="22.247024286952723" lon="113.91827369417328"><ele>809.0523800433901</ele><time>2023-09-23T06:24:26Z</time></trkpt><trkpt lat="22.24700528468337" lon="113.91826780669747"><ele>807.971260039399</ele><time>2023-09-23T06:24:30Z</time></trkpt><trkpt lat="22.24699383641651" lon="113.91824708977427"><ele>806.9650085839346</ele><time>2023-09-23T06:24:34Z</time></trkpt><trkpt lat="22.246986087804125" lon="113.91821788124444"><ele>806.0049852007382</ele><time>2023-09-23T06:24:38Z</time></trkpt><trkpt lat="22.246986342555818" lon="113.91818720188208"><ele>805.7820854270027</ele><time>2023-09-23T06:24:44Z</time></trkpt><trkpt lat="22.246971782912688" lon="113.918167924013"><ele>805.6081168971998</ele><time>2023-09-23T06:24:48Z</time></trkpt><trkpt lat="22.246954659947146" lon="113.91815215985699"><ele>805.00191011382</ele><time>2023-09-23T06:24:52Z</time></trkpt><trkpt lat="22.24693730259187" lon="113.91813568770623"><ele>803.8814403615692</ele><time>2023-09-23T06:24:56Z</time></trkpt><trkpt lat="22.246916523277342" lon="113.9181294565664"><ele>801.3236905357887</ele><time>2023-09-23T06:25:04Z</time></trkpt><trkpt lat="22.246893698438324" lon="113.91812485069751"><ele>797.9332721727861</ele><time>2023-09-23T06:25:14Z</time></trkpt><trkpt lat="22.246866703064953" lon="113.91811781997336"><ele>797.0588718941879</ele><time>2023-09-23T06:25:18Z</time></trkpt><trkpt lat="22.246850655362522" lon="113.9181059665887"><ele>795.5768806044208</ele><time>2023-09-23T06:25:28Z</time></trkpt><trkpt lat="22.24682912290448" lon="113.91810159754965"><ele>793.7481127357522</ele><time>2023-09-23T06:25:42Z</time></trkpt><trkpt lat="22.246828166814186" lon="113.91807380632424"><ele>792.7262824628004</ele><time>2023-09-23T06:26:18Z</time></trkpt><trkpt lat="22.24681743620282" lon="113.91810744674687"><ele>792.0527075927065</ele><time>2023-09-23T06:26:28Z</time></trkpt><trkpt lat="22.246794966403947" lon="113.91810273924308"><ele>792.0842848720314</ele><time>2023-09-23T06:26:30Z</time></trkpt><trkpt lat="22.246772988305427" lon="113.9180930109965"><ele>791.0798274999902</ele><time>2023-09-23T06:26:36Z</time></trkpt><trkpt lat="22.24677343668601" lon="113.91811665857122"><ele>790.6970354396602</ele><time>2023-09-23T06:30:30Z</time></trkpt><trkpt lat="22.24680277390639" lon="113.91813838817558"><ele>790.0180988904388</ele><time>2023-09-23T06:39:42Z</time></trkpt><trkpt lat="22.246833737077296" lon="113.91812148262547"><ele>789.2231152990562</ele><time>2023-09-23T06:39:46Z</time></trkpt><trkpt lat="22.2468442570514" lon="113.91809989200632"><ele>788.7774525091412</ele><time>2023-09-23T06:39:50Z</time></trkpt><trkpt lat="22.24685257046319" lon="113.91807153307779"><ele>788.9651904113015</ele><time>2023-09-23T06:39:58Z</time></trkpt><trkpt lat="22.24685622449712" lon="113.9180495385014"><ele>788.9357446182349</ele><time>2023-09-23T06:40:02Z</time></trkpt><trkpt lat="22.246859343554778" lon="113.91802766451099"><ele>788.7322169782351</ele><time>2023-09-23T06:40:06Z</time></trkpt><trkpt lat="22.24685791872291" lon="113.91799810624117"><ele>789.009614244833</ele><time>2023-09-23T06:40:14Z</time></trkpt><trkpt lat="22.246856028938577" lon="113.91797820000849"><ele>788.9707134469326</ele><time>2023-09-23T06:40:18Z</time></trkpt><trkpt lat="22.246850641246834" lon="113.91795096936451"><ele>788.7309051542981</ele><time>2023-09-23T06:40:26Z</time></trkpt><trkpt lat="22.246843743797495" lon="113.91793002272351"><ele>788.7777589815896</ele><time>2023-09-23T06:40:32Z</time></trkpt><trkpt lat="22.246836552404424" lon="113.91790253171416"><ele>789.2705900508253</ele><time>2023-09-23T06:40:36Z</time></trkpt><trkpt lat="22.24682530606722" lon="113.91787633507951"><ele>787.8355365392432</ele><time>2023-09-23T06:40:44Z</time></trkpt><trkpt lat="22.24681004043145" lon="113.9178579455624"><ele>787.0183184393187</ele><time>2023-09-23T06:40:48Z</time></trkpt><trkpt lat="22.246795554667226" lon="113.91783709606895"><ele>786.0653526077</ele><time>2023-09-23T06:40:54Z</time></trkpt><trkpt lat="22.24679166356082" lon="113.91781587252476"><ele>785.1395116987288</ele><time>2023-09-23T06:40:58Z</time></trkpt><trkpt lat="22.246799793919955" lon="113.91779625899932"><ele>785.2039144815632</ele><time>2023-09-23T06:41:18Z</time></trkpt><trkpt lat="22.246803497365235" lon="113.91776629482628"><ele>784.1138481867314</ele><time>2023-09-23T06:41:22Z</time></trkpt><trkpt lat="22.246819284681816" lon="113.91775346729595"><ele>783.549934975195</ele><time>2023-09-23T06:41:42Z</time></trkpt><trkpt lat="22.246826463523558" lon="113.9177251999661"><ele>782.7499235731202</ele><time>2023-09-23T06:41:52Z</time></trkpt><trkpt lat="22.246839215364677" lon="113.91770639766649"><ele>781.3555428660725</ele><time>2023-09-23T06:41:56Z</time></trkpt><trkpt lat="22.246836328117055" lon="113.91768645077379"><ele>779.7656586217071</ele><time>2023-09-23T06:42:02Z</time></trkpt><trkpt lat="22.246841289475405" lon="113.91766105319647"><ele>778.8865739540961</ele><time>2023-09-23T06:42:12Z</time></trkpt><trkpt lat="22.246846921476926" lon="113.91763663056413"><ele>775.403880743358</ele><time>2023-09-23T06:42:40Z</time></trkpt><trkpt lat="22.246834648318845" lon="113.91761542977878"><ele>771.8143642616488</ele><time>2023-09-23T06:45:08Z</time></trkpt><trkpt lat="22.246841111659254" lon="113.91759275008168"><ele>770.4835537780245</ele><time>2023-09-23T06:45:12Z</time></trkpt><trkpt lat="22.24684462344338" lon="113.91756707277611"><ele>769.0231988125544</ele><time>2023-09-23T06:45:16Z</time></trkpt><trkpt lat="22.246844749314135" lon="113.91754099092948"><ele>766.7488720375776</ele><time>2023-09-23T06:45:20Z</time></trkpt><trkpt lat="22.246852066840116" lon="113.91751786474774"><ele>764.2801950062193</ele><time>2023-09-23T06:45:24Z</time></trkpt><trkpt lat="22.246861357604477" lon="113.91749503571194"><ele>761.7723650759821</ele><time>2023-09-23T06:45:38Z</time></trkpt><trkpt lat="22.24687360500199" lon="113.91746798237625"><ele>759.9505066810907</ele><time>2023-09-23T06:45:44Z</time></trkpt><trkpt lat="22.24689137263422" lon="113.91745027182388"><ele>757.9033138295837</ele><time>2023-09-23T06:45:54Z</time></trkpt><trkpt lat="22.24690485362081" lon="113.91742502171486"><ele>756.9949735313023</ele><time>2023-09-23T06:45:58Z</time></trkpt><trkpt lat="22.246909861991057" lon="113.91739840760427"><ele>756.1787824733049</ele><time>2023-09-23T06:46:02Z</time></trkpt><trkpt lat="22.246918820386583" lon="113.91736031349633"><ele>755.1555137155947</ele><time>2023-09-23T06:46:10Z</time></trkpt><trkpt lat="22.246913443006132" lon="113.91733528450851"><ele>753.4026793316076</ele><time>2023-09-23T06:46:14Z</time></trkpt><trkpt lat="22.246909868078635" lon="113.91731336402412"><ele>752.9488776636994</ele><time>2023-09-23T06:46:20Z</time></trkpt><trkpt lat="22.246930737115907" lon="113.91730974320295"><ele>752.272931628491</ele><time>2023-09-23T06:46:24Z</time></trkpt><trkpt lat="22.24695596415025" lon="113.9173039377307"><ele>748.4273648903238</ele><time>2023-09-23T06:46:32Z</time></trkpt><trkpt lat="22.246980008144565" lon="113.91729267387745"><ele>746.6365354562116</ele><time>2023-09-23T06:46:36Z</time></trkpt><trkpt lat="22.2470010463756" lon="113.91728688262366"><ele>745.2724859002666</ele><time>2023-09-23T06:46:40Z</time></trkpt><trkpt lat="22.24700132538684" lon="113.91726452072147"><ele>743.2906820796995</ele><time>2023-09-23T06:46:46Z</time></trkpt><trkpt lat="22.246987132810897" lon="113.91723789658077"><ele>743.3191112020402</ele><time>2023-09-23T06:46:50Z</time></trkpt><trkpt lat="22.246973978812104" lon="113.91722376149652"><ele>743.2275802845995</ele><time>2023-09-23T06:46:56Z</time></trkpt><trkpt lat="22.246987273882425" lon="113.91720261994284"><ele>742.0326486794736</ele><time>2023-09-23T06:47:02Z</time></trkpt><trkpt lat="22.246984534758138" lon="113.9171684747691"><ele>741.1921103943399</ele><time>2023-09-23T06:47:08Z</time></trkpt><trkpt lat="22.24699396528753" lon="113.91714800459317"><ele>739.9843221383504</ele><time>2023-09-23T06:47:12Z</time></trkpt><trkpt lat="22.24701126176165" lon="113.91713606565041"><ele>737.8997939680761</ele><time>2023-09-23T06:47:18Z</time></trkpt><trkpt lat="22.24703699140791" lon="113.91713018625217"><ele>735.7793367005938</ele><time>2023-09-23T06:47:24Z</time></trkpt><trkpt lat="22.247023041832897" lon="113.91710484410105"><ele>734.6957533787498</ele><time>2023-09-23T06:47:50Z</time></trkpt><trkpt lat="22.247017569140638" lon="113.91708364742234"><ele>734.3139930978018</ele><time>2023-09-23T06:47:54Z</time></trkpt><trkpt lat="22.247014445670604" lon="113.91706361540137"><ele>734.4285952287723</ele><time>2023-09-23T06:47:58Z</time></trkpt><trkpt lat="22.24701449170347" lon="113.91704014025517"><ele>733.3316907758308</ele><time>2023-09-23T06:48:10Z</time></trkpt><trkpt lat="22.247035549131954" lon="113.91705567224993"><ele>730.5196585926302</ele><time>2023-09-23T06:48:18Z</time></trkpt><trkpt lat="22.247067349649342" lon="113.91705477723214"><ele>729.8433727141204</ele><time>2023-09-23T06:48:22Z</time></trkpt><trkpt lat="22.247081386619442" lon="113.91704143415923"><ele>729.575319071675</ele><time>2023-09-23T06:48:28Z</time></trkpt><trkpt lat="22.247090463126067" lon="113.91702324315563"><ele>728.4342856481275</ele><time>2023-09-23T06:48:42Z</time></trkpt><trkpt lat="22.247079533371743" lon="113.91699932274139"><ele>729.0112951647155</ele><time>2023-09-23T06:48:46Z</time></trkpt><trkpt lat="22.247070786535538" lon="113.91697643748027"><ele>729.535653945431</ele><time>2023-09-23T06:48:52Z</time></trkpt><trkpt lat="22.247080901343445" lon="113.91694983130472"><ele>721.8993381019937</ele><time>2023-09-23T06:49:06Z</time></trkpt><trkpt lat="22.247100130891045" lon="113.91693466884422"><ele>717.7134797066074</ele><time>2023-09-23T06:49:08Z</time></trkpt><trkpt lat="22.247129031084917" lon="113.9169447314394"><ele>710.5236917681345</ele><time>2023-09-23T06:49:16Z</time></trkpt><trkpt lat="22.247137169134437" lon="113.91691998660102"><ele>710.0428211837551</ele><time>2023-09-23T06:49:28Z</time></trkpt><trkpt lat="22.247121266367824" lon="113.91689512128202"><ele>709.9289168623619</ele><time>2023-09-23T06:49:30Z</time></trkpt><trkpt lat="22.247123673634245" lon="113.91686827791955"><ele>710.7616972824178</ele><time>2023-09-23T06:49:34Z</time></trkpt><trkpt lat="22.2471069985512" lon="113.91689969317454"><ele>712.6357159558983</ele><time>2023-09-23T06:51:50Z</time></trkpt><trkpt lat="22.247124864124928" lon="113.9168944987433"><ele>714.1993932422353</ele><time>2023-09-23T06:52:20Z</time></trkpt><trkpt lat="22.247149813191044" lon="113.9168961511686"><ele>713.5947934968946</ele><time>2023-09-23T06:52:28Z</time></trkpt><trkpt lat="22.24716795783244" lon="113.91686547922758"><ele>712.6374865259277</ele><time>2023-09-23T06:52:34Z</time></trkpt><trkpt lat="22.24717153122548" lon="113.91684512384464"><ele>711.4111338008735</ele><time>2023-09-23T06:52:46Z</time></trkpt><trkpt lat="22.247184253246257" lon="113.91682491514628"><ele>710.4631449720152</ele><time>2023-09-23T06:52:50Z</time></trkpt><trkpt lat="22.24719542854393" lon="113.91680928068786"><ele>710.0983381095452</ele><time>2023-09-23T06:52:52Z</time></trkpt><trkpt lat="22.24721336588458" lon="113.91680599251995"><ele>709.4008190814034</ele><time>2023-09-23T06:53:14Z</time></trkpt><trkpt lat="22.247234011336747" lon="113.91679863603072"><ele>709.5952484658329</ele><time>2023-09-23T06:53:20Z</time></trkpt><trkpt lat="22.247226316762607" lon="113.91677344550746"><ele>708.9620845171685</ele><time>2023-09-23T06:53:26Z</time></trkpt><trkpt lat="22.247205633713996" lon="113.91676494813541"><ele>708.2528402359216</ele><time>2023-09-23T06:53:30Z</time></trkpt><trkpt lat="22.24720284345884" lon="113.91673984593578"><ele>707.959728180548</ele><time>2023-09-23T06:53:34Z</time></trkpt><trkpt lat="22.247208875405935" lon="113.91671702570028"><ele>707.8035506222717</ele><time>2023-09-23T06:53:36Z</time></trkpt><trkpt lat="22.247240279775955" lon="113.91670035419787"><ele>706.6921309337944</ele><time>2023-09-23T06:53:40Z</time></trkpt><trkpt lat="22.247260157063437" lon="113.9166999835913"><ele>705.1212882960749</ele><time>2023-09-23T06:53:48Z</time></trkpt><trkpt lat="22.24728276033581" lon="113.91669782039862"><ele>704.3277760320227</ele><time>2023-09-23T06:53:52Z</time></trkpt><trkpt lat="22.24730185877892" lon="113.9166936964082"><ele>704.2449177214792</ele><time>2023-09-23T06:53:58Z</time></trkpt><trkpt lat="22.247314413248905" lon="113.91667764679761"><ele>704.2731212448192</ele><time>2023-09-23T06:54:04Z</time></trkpt><trkpt lat="22.247316530118614" lon="113.91664289921728"><ele>703.4310651591213</ele><time>2023-09-23T06:54:14Z</time></trkpt><trkpt lat="22.247330976316956" lon="113.91663105252844"><ele>703.0303104431802</ele><time>2023-09-23T06:54:18Z</time></trkpt><trkpt lat="22.247338029164894" lon="113.91660945818089"><ele>702.2325333528898</ele><time>2023-09-23T06:54:36Z</time></trkpt><trkpt lat="22.24734826824442" lon="113.91658725516452"><ele>698.2362348531024</ele><time>2023-09-23T06:55:06Z</time></trkpt><trkpt lat="22.247325679075008" lon="113.91655680835416"><ele>698.0226372331406</ele><time>2023-09-23T06:55:08Z</time></trkpt><trkpt lat="22.247346923260217" lon="113.91654214938887"><ele>696.8674203979531</ele><time>2023-09-23T06:55:12Z</time></trkpt><trkpt lat="22.24736780180264" lon="113.91653181546424"><ele>696.6408470448366</ele><time>2023-09-23T06:55:14Z</time></trkpt><trkpt lat="22.24738353179145" lon="113.91652154406593"><ele>696.0766295074003</ele><time>2023-09-23T06:55:18Z</time></trkpt><trkpt lat="22.24737681719665" lon="113.9165031667896"><ele>695.9564087915102</ele><time>2023-09-23T06:55:20Z</time></trkpt><trkpt lat="22.247383713562872" lon="113.91648490222141"><ele>695.7936753355583</ele><time>2023-09-23T06:55:34Z</time></trkpt><trkpt lat="22.2474053719165" lon="113.91647395989682"><ele>694.66659085826</ele><time>2023-09-23T06:55:40Z</time></trkpt><trkpt lat="22.247423862731885" lon="113.91648112081802"><ele>694.2322154879865</ele><time>2023-09-23T06:55:52Z</time></trkpt><trkpt lat="22.247405916336252" lon="113.91646330556182"><ele>688.4518836783813</ele><time>2023-09-23T06:56:12Z</time></trkpt><trkpt lat="22.24741246939758" lon="113.91643964041512"><ele>686.2735367247607</ele><time>2023-09-23T06:56:36Z</time></trkpt><trkpt lat="22.247430486220736" lon="113.91642947205958"><ele>684.7063224489707</ele><time>2023-09-23T06:56:38Z</time></trkpt><trkpt lat="22.24745712568477" lon="113.91642104546976"><ele>683.5822733322661</ele><time>2023-09-23T06:56:40Z</time></trkpt><trkpt lat="22.247474758619077" lon="113.91640238825015"><ele>682.6020374965866</ele><time>2023-09-23T06:56:44Z</time></trkpt><trkpt lat="22.247490545149756" lon="113.91638245881317"><ele>681.2203673711433</ele><time>2023-09-23T06:56:50Z</time></trkpt><trkpt lat="22.247511345651485" lon="113.91637301969048"><ele>680.3608626526627</ele><time>2023-09-23T06:56:56Z</time></trkpt><trkpt lat="22.24749410510645" lon="113.9163616114121"><ele>678.4512802646584</ele><time>2023-09-23T06:57:12Z</time></trkpt><trkpt lat="22.247506910989863" lon="113.91634568694562"><ele>676.7364042549011</ele><time>2023-09-23T06:57:20Z</time></trkpt><trkpt lat="22.247496311266687" lon="113.91631332930234"><ele>674.2647184954602</ele><time>2023-09-23T06:57:28Z</time></trkpt><trkpt lat="22.2474899638506" lon="113.91627361222359"><ele>672.9218471018778</ele><time>2023-09-23T06:57:38Z</time></trkpt><trkpt lat="22.247486272111622" lon="113.9162457570339"><ele>670.2517984748179</ele><time>2023-09-23T06:57:50Z</time></trkpt><trkpt lat="22.247484214834728" lon="113.91622275568295"><ele>667.390139121971</ele><time>2023-09-23T06:57:54Z</time></trkpt><trkpt lat="22.24746775119799" lon="113.91623623927656"><ele>665.9809415106914</ele><time>2023-09-23T06:58:08Z</time></trkpt><trkpt lat="22.24744653378914" lon="113.91622772378113"><ele>665.7204847687964</ele><time>2023-09-23T06:58:16Z</time></trkpt><trkpt lat="22.247415177933856" lon="113.91620155586214"><ele>663.7185952621347</ele><time>2023-09-23T06:58:24Z</time></trkpt><trkpt lat="22.247428518780666" lon="113.91618068226383"><ele>661.4865148318758</ele><time>2023-09-23T06:59:10Z</time></trkpt><trkpt lat="22.247448739249027" lon="113.91616013577409"><ele>661.0514740130451</ele><time>2023-09-23T06:59:14Z</time></trkpt><trkpt lat="22.247469668563404" lon="113.91616763453358"><ele>660.6661561942557</ele><time>2023-09-23T06:59:18Z</time></trkpt><trkpt lat="22.24749439835544" lon="113.91616585990533"><ele>659.3641604316383</ele><time>2023-09-23T06:59:22Z</time></trkpt><trkpt lat="22.247508454412518" lon="113.91613850382734"><ele>658.0555599386179</ele><time>2023-09-23T06:59:26Z</time></trkpt><trkpt lat="22.24750736758782" lon="113.9161131981525"><ele>657.0914805429103</ele><time>2023-09-23T06:59:32Z</time></trkpt><trkpt lat="22.247502491058942" lon="113.91609380279503"><ele>655.518447149773</ele><time>2023-09-23T06:59:54Z</time></trkpt><trkpt lat="22.24747931348912" lon="113.91608944109007"><ele>653.3902951967282</ele><time>2023-09-23T07:00:32Z</time></trkpt><trkpt lat="22.24746790785993" lon="113.91604567549159"><ele>651.9801780320175</ele><time>2023-09-23T07:01:06Z</time></trkpt><trkpt lat="22.247483106608613" lon="113.91602171955606"><ele>651.3235668819992</ele><time>2023-09-23T07:01:08Z</time></trkpt><trkpt lat="22.24745115316557" lon="113.91601355155005"><ele>651.3463918510016</ele><time>2023-09-23T07:01:44Z</time></trkpt><trkpt lat="22.247468574109828" lon="113.91599975413342"><ele>650.8978515388444</ele><time>2023-09-23T07:02:06Z</time></trkpt><trkpt lat="22.247466890493417" lon="113.91602153801895"><ele>648.2388387946412</ele><time>2023-09-23T07:02:16Z</time></trkpt><trkpt lat="22.247481722241954" lon="113.91600284403086"><ele>648.0394212044775</ele><time>2023-09-23T07:02:20Z</time></trkpt><trkpt lat="22.247506027493525" lon="113.91599266126772"><ele>646.9796951869503</ele><time>2023-09-23T07:05:42Z</time></trkpt><trkpt lat="22.247532951679442" lon="113.91598892541388"><ele>646.9631658643484</ele><time>2023-09-23T07:05:46Z</time></trkpt><trkpt lat="22.247523105407844" lon="113.9159639420225"><ele>648.3107302831486</ele><time>2023-09-23T07:06:12Z</time></trkpt><trkpt lat="22.24751305987329" lon="113.9159461483284"><ele>648.2054921714589</ele><time>2023-09-23T07:06:20Z</time></trkpt><trkpt lat="22.24750777469526" lon="113.91591497494565"><ele>647.095056751743</ele><time>2023-09-23T07:06:24Z</time></trkpt><trkpt lat="22.247551331134847" lon="113.91590870901159"><ele>640.8212530538594</ele><time>2023-09-23T07:06:32Z</time></trkpt><trkpt lat="22.247588525453533" lon="113.91590387362025"><ele>640.1074287904953</ele><time>2023-09-23T07:06:36Z</time></trkpt><trkpt lat="22.24762079332086" lon="113.91591407525691"><ele>639.0830938553253</ele><time>2023-09-23T07:06:42Z</time></trkpt><trkpt lat="22.24764144358696" lon="113.9159104261265"><ele>637.9672779144478</ele><time>2023-09-23T07:07:00Z</time></trkpt><trkpt lat="22.24764782098546" lon="113.91593034717023"><ele>638.5174208467431</ele><time>2023-09-23T07:07:04Z</time></trkpt><trkpt lat="22.24763816926691" lon="113.91590019821041"><ele>638.6154002316645</ele><time>2023-09-23T07:07:08Z</time></trkpt><trkpt lat="22.247626920692138" lon="113.91587994184728"><ele>638.3936854238593</ele><time>2023-09-23T07:07:10Z</time></trkpt><trkpt lat="22.24762064438683" lon="113.91584513913125"><ele>636.7162967549667</ele><time>2023-09-23T07:07:20Z</time></trkpt><trkpt lat="22.247616220169576" lon="113.91581408396883"><ele>636.1045736818862</ele><time>2023-09-23T07:07:44Z</time></trkpt><trkpt lat="22.24762871307125" lon="113.91579098694082"><ele>634.9672575643785</ele><time>2023-09-23T07:07:48Z</time></trkpt><trkpt lat="22.24764662672662" lon="113.91577124279434"><ele>634.4219102997521</ele><time>2023-09-23T07:07:58Z</time></trkpt><trkpt lat="22.24766484013575" lon="113.91576500217288"><ele>634.4201286371288</ele><time>2023-09-23T07:08:08Z</time></trkpt><trkpt lat="22.247687123572135" lon="113.91574897286509"><ele>632.8205706211694</ele><time>2023-09-23T07:08:16Z</time></trkpt><trkpt lat="22.24770342635509" lon="113.91574057411223"><ele>631.6247029694017</ele><time>2023-09-23T07:08:20Z</time></trkpt><trkpt lat="22.247719358953514" lon="113.91572670666467"><ele>631.1122354546925</ele><time>2023-09-23T07:08:24Z</time></trkpt><trkpt lat="22.247739399855288" lon="113.91572737842945"><ele>631.2448726400694</ele><time>2023-09-23T07:08:44Z</time></trkpt><trkpt lat="22.247761681205837" lon="113.91571323065321"><ele>630.0956459245926</ele><time>2023-09-23T07:08:50Z</time></trkpt><trkpt lat="22.247786525392037" lon="113.91570814491645"><ele>629.2710633564482</ele><time>2023-09-23T07:08:56Z</time></trkpt><trkpt lat="22.24780565056891" lon="113.91569901749767"><ele>627.8470536419335</ele><time>2023-09-23T07:09:00Z</time></trkpt><trkpt lat="22.247829450416457" lon="113.91569874103777"><ele>626.4924977693395</ele><time>2023-09-23T07:09:04Z</time></trkpt><trkpt lat="22.247861932257166" lon="113.91570375833749"><ele>625.3892404730791</ele><time>2023-09-23T07:09:08Z</time></trkpt><trkpt lat="22.247891686359605" lon="113.9157167339591"><ele>623.5820101118118</ele><time>2023-09-23T07:09:12Z</time></trkpt><trkpt lat="22.24791396368806" lon="113.91570069816846"><ele>620.8051403487428</ele><time>2023-09-23T07:09:24Z</time></trkpt><trkpt lat="22.24793571114555" lon="113.91569901446753"><ele>620.632726834009</ele><time>2023-09-23T07:09:28Z</time></trkpt><trkpt lat="22.247915319967063" lon="113.91569343059433"><ele>619.0798685484045</ele><time>2023-09-23T07:10:32Z</time></trkpt><trkpt lat="22.247894585701072" lon="113.91570979533739"><ele>618.9704828845971</ele><time>2023-09-23T07:10:34Z</time></trkpt><trkpt lat="22.247896449830694" lon="113.91573121579916"><ele>619.0365073484783</ele><time>2023-09-23T07:10:38Z</time></trkpt><trkpt lat="22.247917423542486" lon="113.91570173475769"><ele>617.4536595198791</ele><time>2023-09-23T07:14:00Z</time></trkpt><trkpt lat="22.24794921513554" lon="113.91572164628421"><ele>617.0859893308428</ele><time>2023-09-23T07:14:58Z</time></trkpt><trkpt lat="22.24795677792285" lon="113.91569554161394"><ele>619.9060122669631</ele><time>2023-09-23T07:19:52Z</time></trkpt><trkpt lat="22.247976853457182" lon="113.91568139219224"><ele>620.7720424937193</ele><time>2023-09-23T07:19:56Z</time></trkpt><trkpt lat="22.248010469471268" lon="113.9156638571453"><ele>621.9743473023528</ele><time>2023-09-23T07:20:04Z</time></trkpt><trkpt lat="22.24802269127815" lon="113.91564763670804"><ele>621.846037260042</ele><time>2023-09-23T07:20:06Z</time></trkpt><trkpt lat="22.248047575893526" lon="113.91563794906419"><ele>620.8249977335724</ele><time>2023-09-23T07:20:10Z</time></trkpt><trkpt lat="22.2480769258856" lon="113.91563372735878"><ele>619.4532978852201</ele><time>2023-09-23T07:20:14Z</time></trkpt><trkpt lat="22.24810325014892" lon="113.91564387199247"><ele>617.9937202784093</ele><time>2023-09-23T07:20:18Z</time></trkpt><trkpt lat="22.248127237274982" lon="113.91564986001404"><ele>617.3408929313948</ele><time>2023-09-23T07:20:26Z</time></trkpt><trkpt lat="22.248155988010048" lon="113.915652307187"><ele>617.6346486311027</ele><time>2023-09-23T07:20:30Z</time></trkpt><trkpt lat="22.248178950867093" lon="113.91565292574325"><ele>616.7608662275658</ele><time>2023-09-23T07:20:32Z</time></trkpt><trkpt lat="22.248209508072563" lon="113.9156437928111"><ele>615.3008523274955</ele><time>2023-09-23T07:20:36Z</time></trkpt><trkpt lat="22.248226816916162" lon="113.91562042560294"><ele>613.9671519837987</ele><time>2023-09-23T07:20:40Z</time></trkpt><trkpt lat="22.248232979299527" lon="113.91559623738114"><ele>613.7681671125983</ele><time>2023-09-23T07:20:44Z</time></trkpt><trkpt lat="22.24823321463241" lon="113.91557090762954"><ele>613.9333580686641</ele><time>2023-09-23T07:20:52Z</time></trkpt><trkpt lat="22.248248736759365" lon="113.91555117442059"><ele>613.9535477753963</ele><time>2023-09-23T07:20:58Z</time></trkpt><trkpt lat="22.248267623158746" lon="113.91553956248464"><ele>613.5473238826872</ele><time>2023-09-23T07:21:02Z</time></trkpt><trkpt lat="22.248289724534825" lon="113.91553167614062"><ele>612.0813590343257</ele><time>2023-09-23T07:21:06Z</time></trkpt><trkpt lat="22.248309591983233" lon="113.91552678546009"><ele>610.6660737033186</ele><time>2023-09-23T07:21:12Z</time></trkpt><trkpt lat="22.248323015199382" lon="113.91550734722159"><ele>609.3302115832383</ele><time>2023-09-23T07:21:32Z</time></trkpt><trkpt lat="22.24833447377179" lon="113.91548939461178"><ele>607.8833380514062</ele><time>2023-09-23T07:21:34Z</time></trkpt><trkpt lat="22.248322993066417" lon="113.91546426387889"><ele>605.9308687709793</ele><time>2023-09-23T07:21:44Z</time></trkpt><trkpt lat="22.248316403735632" lon="113.91543955339365"><ele>604.0276119261462</ele><time>2023-09-23T07:21:50Z</time></trkpt><trkpt lat="22.24830950578192" lon="113.91541945689421"><ele>603.7199361863601</ele><time>2023-09-23T07:21:58Z</time></trkpt><trkpt lat="22.24831262389841" lon="113.91539648287073"><ele>602.4087200545993</ele><time>2023-09-23T07:22:02Z</time></trkpt><trkpt lat="22.248335583442042" lon="113.91540146579305"><ele>600.1593242764519</ele><time>2023-09-23T07:22:08Z</time></trkpt><trkpt lat="22.248353698234062" lon="113.91538105186768"><ele>598.8762287949439</ele><time>2023-09-23T07:22:36Z</time></trkpt><trkpt lat="22.248379006237837" lon="113.91536372187649"><ele>595.637978920971</ele><time>2023-09-23T07:22:38Z</time></trkpt><trkpt lat="22.248403518740524" lon="113.9153441137809"><ele>594.5705094269605</ele><time>2023-09-23T07:22:40Z</time></trkpt><trkpt lat="22.24841463801259" lon="113.91532556783824"><ele>593.7573756118998</ele><time>2023-09-23T07:22:44Z</time></trkpt><trkpt lat="22.248436865383525" lon="113.91534206389427"><ele>592.2884548014476</ele><time>2023-09-23T07:23:02Z</time></trkpt><trkpt lat="22.248419627388234" lon="113.91531977287354"><ele>591.4447814236678</ele><time>2023-09-23T07:23:06Z</time></trkpt><trkpt lat="22.248426087986697" lon="113.91529191965179"><ele>590.9645612980516</ele><time>2023-09-23T07:23:34Z</time></trkpt><trkpt lat="22.248450890240605" lon="113.9152619908103"><ele>590.561622623657</ele><time>2023-09-23T07:23:36Z</time></trkpt><trkpt lat="22.248476808914965" lon="113.91525270614213"><ele>590.2367493916107</ele><time>2023-09-23T07:23:38Z</time></trkpt><trkpt lat="22.248511974801886" lon="113.91525876574788"><ele>590.1020294564443</ele><time>2023-09-23T07:23:40Z</time></trkpt><trkpt lat="22.248529833916503" lon="113.91525235737936"><ele>590.2738682708583</ele><time>2023-09-23T07:23:42Z</time></trkpt><trkpt lat="22.248534770153643" lon="113.91521222150092"><ele>589.2378539470448</ele><time>2023-09-23T07:23:46Z</time></trkpt><trkpt lat="22.24853427770705" lon="113.91519170485124"><ele>588.2938639019113</ele><time>2023-09-23T07:23:50Z</time></trkpt><trkpt lat="22.24853931843422" lon="113.91515877996493"><ele>587.4410165828141</ele><time>2023-09-23T07:23:54Z</time></trkpt><trkpt lat="22.248538765935173" lon="113.91513644371982"><ele>586.8600528778231</ele><time>2023-09-23T07:23:56Z</time></trkpt><trkpt lat="22.248539704034663" lon="113.91510540953053"><ele>585.5602743414199</ele><time>2023-09-23T07:23:58Z</time></trkpt><trkpt lat="22.248546768376443" lon="113.91508275076825"><ele>585.1462737755654</ele><time>2023-09-23T07:24:00Z</time></trkpt><trkpt lat="22.248539307110775" lon="113.91504619161942"><ele>583.9517473224079</ele><time>2023-09-23T07:24:04Z</time></trkpt><trkpt lat="22.248530364134695" lon="113.91501690353225"><ele>583.1380512356918</ele><time>2023-09-23T07:24:08Z</time></trkpt><trkpt lat="22.248533898280996" lon="113.91498414676096"><ele>582.5999200329468</ele><time>2023-09-23T07:24:12Z</time></trkpt><trkpt lat="22.248539193709306" lon="113.91496197500352"><ele>583.092194557548</ele><time>2023-09-23T07:24:14Z</time></trkpt><trkpt lat="22.24854334090306" lon="113.91493704063204"><ele>582.374899835663</ele><time>2023-09-23T07:24:16Z</time></trkpt><trkpt lat="22.24854374084353" lon="113.91491136912487"><ele>582.0725952046553</ele><time>2023-09-23T07:24:18Z</time></trkpt><trkpt lat="22.248551037979063" lon="113.91489073156947"><ele>582.1267347397619</ele><time>2023-09-23T07:24:20Z</time></trkpt><trkpt lat="22.24855385064568" lon="113.9148674495015"><ele>581.9414842016802</ele><time>2023-09-23T07:24:22Z</time></trkpt><trkpt lat="22.248554618827864" lon="113.91484140081911"><ele>581.6833933662876</ele><time>2023-09-23T07:24:24Z</time></trkpt><trkpt lat="22.248562549749952" lon="113.91482115563488"><ele>581.5506379974845</ele><time>2023-09-23T07:24:26Z</time></trkpt><trkpt lat="22.248564661267576" lon="113.91478069248895"><ele>580.9121628337904</ele><time>2023-09-23T07:24:30Z</time></trkpt><trkpt lat="22.248569743311286" lon="113.91475582433075"><ele>580.6796463092984</ele><time>2023-09-23T07:24:32Z</time></trkpt><trkpt lat="22.248579263203467" lon="113.91473018355083"><ele>580.5821573441043</ele><time>2023-09-23T07:24:34Z</time></trkpt><trkpt lat="22.248588423638143" lon="113.91470852803083"><ele>579.8132662350303</ele><time>2023-09-23T07:24:36Z</time></trkpt><trkpt lat="22.248596686624293" lon="113.91468839163751"><ele>578.6475564368235</ele><time>2023-09-23T07:24:38Z</time></trkpt><trkpt lat="22.248604037136147" lon="113.914659757627"><ele>577.4893338692304</ele><time>2023-09-23T07:24:42Z</time></trkpt><trkpt lat="22.248603991109267" lon="113.91464001841055"><ele>576.8696940024379</ele><time>2023-09-23T07:24:44Z</time></trkpt><trkpt lat="22.248606385757473" lon="113.91461698322072"><ele>576.4512148409327</ele><time>2023-09-23T07:24:46Z</time></trkpt><trkpt lat="22.248604901511815" lon="113.91459365031565"><ele>576.4184598347414</ele><time>2023-09-23T07:24:48Z</time></trkpt><trkpt lat="22.248604074883982" lon="113.91455923873794"><ele>575.9032462259814</ele><time>2023-09-23T07:24:52Z</time></trkpt><trkpt lat="22.24860585567302" lon="113.9145377581128"><ele>575.2014253891259</ele><time>2023-09-23T07:24:56Z</time></trkpt><trkpt lat="22.248599979681412" lon="113.91449333294273"><ele>574.09221303853</ele><time>2023-09-23T07:25:00Z</time></trkpt><trkpt lat="22.248598266584704" lon="113.91447204475176"><ele>573.4157543272206</ele><time>2023-09-23T07:25:02Z</time></trkpt><trkpt lat="22.24860650503011" lon="113.91444847426942"><ele>572.4233259108332</ele><time>2023-09-23T07:25:06Z</time></trkpt><trkpt lat="22.248622154277594" lon="113.91443253059386"><ele>571.3447165143575</ele><time>2023-09-23T07:25:10Z</time></trkpt><trkpt lat="22.2486396687758" lon="113.91440941749794"><ele>569.7388080122237</ele><time>2023-09-23T07:25:14Z</time></trkpt><trkpt lat="22.248661589898152" lon="113.91441245767366"><ele>567.4173167734023</ele><time>2023-09-23T07:25:24Z</time></trkpt><trkpt lat="22.248680914423026" lon="113.9144172939994"><ele>567.225047823709</ele><time>2023-09-23T07:25:30Z</time></trkpt><trkpt lat="22.248712677722274" lon="113.914429401806"><ele>566.8110374884523</ele><time>2023-09-23T07:25:44Z</time></trkpt><trkpt lat="22.248738028659183" lon="113.9144205251327"><ele>565.6688120102817</ele><time>2023-09-23T07:25:48Z</time></trkpt><trkpt lat="22.248752346466006" lon="113.91440510338028"><ele>565.191074192686</ele><time>2023-09-23T07:25:50Z</time></trkpt><trkpt lat="22.248776800366702" lon="113.91439195170868"><ele>564.9374873429483</ele><time>2023-09-23T07:25:54Z</time></trkpt><trkpt lat="22.248795474214464" lon="113.91438676861061"><ele>564.9780178749905</ele><time>2023-09-23T07:26:06Z</time></trkpt><trkpt lat="22.248809096665724" lon="113.91437042383792"><ele>565.5133409708286</ele><time>2023-09-23T07:26:10Z</time></trkpt><trkpt lat="22.24882021076519" lon="113.9143460203642"><ele>565.8893090316957</ele><time>2023-09-23T07:26:14Z</time></trkpt><trkpt lat="22.248819089256404" lon="113.91432419877131"><ele>565.5533179252706</ele><time>2023-09-23T07:26:18Z</time></trkpt><trkpt lat="22.24882835343608" lon="113.91430077767986"><ele>564.5309189798847</ele><time>2023-09-23T07:26:22Z</time></trkpt><trkpt lat="22.2488510488766" lon="113.91429220322809"><ele>563.436386803812</ele><time>2023-09-23T07:26:26Z</time></trkpt><trkpt lat="22.24887043308426" lon="113.91427803803566"><ele>563.0656612510605</ele><time>2023-09-23T07:26:32Z</time></trkpt><trkpt lat="22.24889130668153" lon="113.91425801549272"><ele>561.2040589785466</ele><time>2023-09-23T07:26:42Z</time></trkpt><trkpt lat="22.248917179942403" lon="113.91424379819922"><ele>559.6129315029985</ele><time>2023-09-23T07:26:58Z</time></trkpt><trkpt lat="22.248928358737412" lon="113.91422712498911"><ele>558.9048142275111</ele><time>2023-09-23T07:27:18Z</time></trkpt><trkpt lat="22.24894033321277" lon="113.9142077388274"><ele>557.7889760516794</ele><time>2023-09-23T07:27:24Z</time></trkpt><trkpt lat="22.248955154040573" lon="113.91419050506235"><ele>557.2260673276538</ele><time>2023-09-23T07:27:36Z</time></trkpt><trkpt lat="22.24896307554268" lon="113.91417038137527"><ele>557.6171676631728</ele><time>2023-09-23T07:27:38Z</time></trkpt><trkpt lat="22.248977360023346" lon="113.91414781525532"><ele>557.6444552549613</ele><time>2023-09-23T07:27:40Z</time></trkpt><trkpt lat="22.2489943552655" lon="113.9141330213085"><ele>556.409114683946</ele><time>2023-09-23T07:27:48Z</time></trkpt><trkpt lat="22.24900704140042" lon="113.91410403110703"><ele>554.6732026940622</ele><time>2023-09-23T07:27:52Z</time></trkpt><trkpt lat="22.249029602689664" lon="113.91410609334204"><ele>552.7218574381544</ele><time>2023-09-23T07:28:12Z</time></trkpt><trkpt lat="22.24905140399824" lon="113.9141013199315"><ele>550.4674679996042</ele><time>2023-09-23T07:29:10Z</time></trkpt><trkpt lat="22.249065168484417" lon="113.91408075404422"><ele>550.5677442436488</ele><time>2023-09-23T07:29:14Z</time></trkpt><trkpt lat="22.24906658573722" lon="113.91406085406797"><ele>550.6929363302512</ele><time>2023-09-23T07:29:20Z</time></trkpt><trkpt lat="22.249055379602144" lon="113.91404127032271"><ele>549.8714279410217</ele><time>2023-09-23T07:29:28Z</time></trkpt><trkpt lat="22.249079383757152" lon="113.91402080289255"><ele>548.3933436456616</ele><time>2023-09-23T07:29:34Z</time></trkpt><trkpt lat="22.249100952949586" lon="113.91400108930272"><ele>547.1618614695213</ele><time>2023-09-23T07:29:38Z</time></trkpt><trkpt lat="22.249111168859873" lon="113.91397212536182"><ele>545.448727310106</ele><time>2023-09-23T07:29:42Z</time></trkpt><trkpt lat="22.249117148113616" lon="113.91395035352514"><ele>544.6667737913558</ele><time>2023-09-23T07:29:44Z</time></trkpt><trkpt lat="22.249128501024998" lon="113.91393202169095"><ele>543.1134909287586</ele><time>2023-09-23T07:29:48Z</time></trkpt><trkpt lat="22.24914301986459" lon="113.91391011338507"><ele>539.7862954637541</ele><time>2023-09-23T07:30:50Z</time></trkpt><trkpt lat="22.249156375077266" lon="113.91389310276071"><ele>538.9542960677478</ele><time>2023-09-23T07:30:54Z</time></trkpt><trkpt lat="22.2491749566364" lon="113.91387709943997"><ele>538.4726892142163</ele><time>2023-09-23T07:31:04Z</time></trkpt><trkpt lat="22.2491986116826" lon="113.91386378647745"><ele>537.5631422992269</ele><time>2023-09-23T07:31:08Z</time></trkpt><trkpt lat="22.24921814899942" lon="113.91386219837182"><ele>537.3955953240413</ele><time>2023-09-23T07:31:12Z</time></trkpt><trkpt lat="22.24923822587214" lon="113.91386301774864"><ele>536.7544784329795</ele><time>2023-09-23T07:31:18Z</time></trkpt><trkpt lat="22.24926426328335" lon="113.91386455090117"><ele>536.3118931659646</ele><time>2023-09-23T07:31:24Z</time></trkpt><trkpt lat="22.24928632091618" lon="113.91386273705075"><ele>535.5833362924947</ele><time>2023-09-23T07:31:28Z</time></trkpt><trkpt lat="22.249303978139157" lon="113.91385623347212"><ele>532.8779287087273</ele><time>2023-09-23T07:31:56Z</time></trkpt><trkpt lat="22.249332953894584" lon="113.9138510662625"><ele>531.942138483943</ele><time>2023-09-23T07:32:10Z</time></trkpt><trkpt lat="22.24935253818087" lon="113.91385667460948"><ele>531.2561763604472</ele><time>2023-09-23T07:32:14Z</time></trkpt><trkpt lat="22.249371865309225" lon="113.913851070272"><ele>529.8836059026069</ele><time>2023-09-23T07:32:26Z</time></trkpt><trkpt lat="22.249392033283648" lon="113.913845734608"><ele>528.6900322719106</ele><time>2023-09-23T07:32:44Z</time></trkpt><trkpt lat="22.249417503242178" lon="113.91384771678347"><ele>528.0313952318899</ele><time>2023-09-23T07:32:48Z</time></trkpt><trkpt lat="22.249426504482255" lon="113.91386716317912"><ele>527.4312253454794</ele><time>2023-09-23T07:32:54Z</time></trkpt><trkpt lat="22.249452672390124" lon="113.91388468878228"><ele>524.682276374002</ele><time>2023-09-23T07:33:02Z</time></trkpt><trkpt lat="22.24948305554085" lon="113.91386702107633"><ele>523.0751354242356</ele><time>2023-09-23T07:33:22Z</time></trkpt><trkpt lat="22.249497955622072" lon="113.91389245396356"><ele>521.2784825610469</ele><time>2023-09-23T07:34:34Z</time></trkpt><trkpt lat="22.249537799292266" lon="113.91389794341002"><ele>518.2282081040539</ele><time>2023-09-23T07:34:42Z</time></trkpt><trkpt lat="22.249557385647694" lon="113.91390657946474"><ele>516.705334116167</ele><time>2023-09-23T07:34:46Z</time></trkpt><trkpt lat="22.249578629976693" lon="113.91390783906121"><ele>514.7613502481604</ele><time>2023-09-23T07:34:48Z</time></trkpt><trkpt lat="22.249590740530035" lon="113.9138916574874"><ele>508.24107783294977</ele><time>2023-09-23T07:35:12Z</time></trkpt><trkpt lat="22.249596103930696" lon="113.91386428214986"><ele>508.36479608997524</ele><time>2023-09-23T07:35:16Z</time></trkpt><trkpt lat="22.2495918181039" lon="113.91384246970772"><ele>508.33726478114585</ele><time>2023-09-23T07:35:44Z</time></trkpt><trkpt lat="22.249596005593386" lon="113.9138613944301"><ele>506.377563705295</ele><time>2023-09-23T07:36:50Z</time></trkpt><trkpt lat="22.24962392363692" lon="113.91387837179789"><ele>505.3966096289349</ele><time>2023-09-23T07:36:52Z</time></trkpt><trkpt lat="22.24966227348322" lon="113.91390095054574"><ele>504.78933859680245</ele><time>2023-09-23T07:36:54Z</time></trkpt><trkpt lat="22.249709176548972" lon="113.91390736935286"><ele>504.4946984096179</ele><time>2023-09-23T07:36:58Z</time></trkpt><trkpt lat="22.249735448164586" lon="113.91390465463734"><ele>504.0775475371006</ele><time>2023-09-23T07:37:02Z</time></trkpt><trkpt lat="22.249762822090098" lon="113.91390797398824"><ele>504.08866430265107</ele><time>2023-09-23T07:37:08Z</time></trkpt><trkpt lat="22.249786441600055" lon="113.91389242261121"><ele>504.06292996055004</ele><time>2023-09-23T07:37:12Z</time></trkpt><trkpt lat="22.249815934607884" lon="113.91387828988114"><ele>503.47349315614025</ele><time>2023-09-23T07:37:26Z</time></trkpt><trkpt lat="22.249839905085192" lon="113.91387278785838"><ele>501.95586834042433</ele><time>2023-09-23T07:37:30Z</time></trkpt><trkpt lat="22.249811741123764" lon="113.91385649887027"><ele>500.4965971502001</ele><time>2023-09-23T07:37:44Z</time></trkpt><trkpt lat="22.249833545540437" lon="113.91385745869937"><ele>499.8814497812788</ele><time>2023-09-23T07:38:52Z</time></trkpt><trkpt lat="22.249856531181635" lon="113.91387306962129"><ele>500.1542149739537</ele><time>2023-09-23T07:38:56Z</time></trkpt><trkpt lat="22.249883481604222" lon="113.91386498818036"><ele>500.26068523690253</ele><time>2023-09-23T07:39:00Z</time></trkpt><trkpt lat="22.249912000823326" lon="113.91385669471109"><ele>499.54915197169976</ele><time>2023-09-23T07:39:04Z</time></trkpt><trkpt lat="22.24993370590309" lon="113.91384049607962"><ele>497.8447408395663</ele><time>2023-09-23T07:39:06Z</time></trkpt><trkpt lat="22.24995435750859" lon="113.91382455987758"><ele>496.4869462798692</ele><time>2023-09-23T07:39:08Z</time></trkpt><trkpt lat="22.249981515427198" lon="113.91380444388973"><ele>492.94236696840346</ele><time>2023-09-23T07:39:12Z</time></trkpt><trkpt lat="22.25000295287298" lon="113.91381990830526"><ele>490.70127912209614</ele><time>2023-09-23T07:39:16Z</time></trkpt><trkpt lat="22.250020020972357" lon="113.91380927255689"><ele>489.57070142025333</ele><time>2023-09-23T07:39:22Z</time></trkpt><trkpt lat="22.250031564331824" lon="113.91379015595523"><ele>485.8584431909725</ele><time>2023-09-23T07:39:30Z</time></trkpt><trkpt lat="22.25004999618223" lon="113.91376839669398"><ele>486.1623324870237</ele><time>2023-09-23T07:39:36Z</time></trkpt><trkpt lat="22.25006650825509" lon="113.91375816827849"><ele>485.9846862193858</ele><time>2023-09-23T07:39:42Z</time></trkpt><trkpt lat="22.250087456463135" lon="113.91375241136193"><ele>486.508328832702</ele><time>2023-09-23T07:39:48Z</time></trkpt><trkpt lat="22.25011208342444" lon="113.91373516300673"><ele>486.6825536235045</ele><time>2023-09-23T07:39:52Z</time></trkpt><trkpt lat="22.250133435791746" lon="113.91372146704045"><ele>486.57929509906774</ele><time>2023-09-23T07:39:54Z</time></trkpt><trkpt lat="22.250156276738966" lon="113.91371044057767"><ele>486.2925622886087</ele><time>2023-09-23T07:39:56Z</time></trkpt><trkpt lat="22.25018940675845" lon="113.91371786203518"><ele>485.9412790708916</ele><time>2023-09-23T07:40:00Z</time></trkpt><trkpt lat="22.250215295203006" lon="113.91370720765009"><ele>485.7013331029176</ele><time>2023-09-23T07:40:04Z</time></trkpt><trkpt lat="22.25024602959262" lon="113.91370268259394"><ele>485.6179814521584</ele><time>2023-09-23T07:40:08Z</time></trkpt><trkpt lat="22.250257784787237" lon="113.91372365793836"><ele>486.6730319320446</ele><time>2023-09-23T07:40:48Z</time></trkpt><trkpt lat="22.250279853887353" lon="113.91371647710189"><ele>486.2094039905413</ele><time>2023-09-23T07:40:52Z</time></trkpt><trkpt lat="22.250310106713243" lon="113.9137041873605"><ele>485.8242374261919</ele><time>2023-09-23T07:40:56Z</time></trkpt><trkpt lat="22.25034107944081" lon="113.91369445700711"><ele>485.6222326359792</ele><time>2023-09-23T07:41:00Z</time></trkpt><trkpt lat="22.250352583638634" lon="113.91367267609876"><ele>484.55870696496345</ele><time>2023-09-23T07:41:06Z</time></trkpt><trkpt lat="22.25036149525857" lon="113.91365182035041"><ele>485.8215827096775</ele><time>2023-09-23T07:41:28Z</time></trkpt><trkpt lat="22.250376413524844" lon="113.91363980282591"><ele>484.0786989618292</ele><time>2023-09-23T07:42:32Z</time></trkpt><trkpt lat="22.25039663914311" lon="113.91362744693078"><ele>483.64825901009647</ele><time>2023-09-23T07:42:34Z</time></trkpt><trkpt lat="22.25042909066814" lon="113.9136163821791"><ele>483.07964078338347</ele><time>2023-09-23T07:42:36Z</time></trkpt><trkpt lat="22.250452633186704" lon="113.91361224181612"><ele>483.1266760209885</ele><time>2023-09-23T07:42:38Z</time></trkpt><trkpt lat="22.250476466372486" lon="113.91359922928683"><ele>482.8690896626955</ele><time>2023-09-23T07:42:40Z</time></trkpt><trkpt lat="22.25049912827648" lon="113.91358459673167"><ele>481.8592242286973</ele><time>2023-09-23T07:42:44Z</time></trkpt><trkpt lat="22.250511140164672" lon="113.91355553332848"><ele>480.863915508019</ele><time>2023-09-23T07:42:52Z</time></trkpt><trkpt lat="22.250519926896665" lon="113.91353388561022"><ele>480.4591720210644</ele><time>2023-09-23T07:42:58Z</time></trkpt><trkpt lat="22.25054394987066" lon="113.91353891019082"><ele>480.40789995301805</ele><time>2023-09-23T07:43:04Z</time></trkpt><trkpt lat="22.250572740967662" lon="113.91352813573197"><ele>479.8883430844678</ele><time>2023-09-23T07:43:10Z</time></trkpt><trkpt lat="22.25059245250797" lon="113.91352011438957"><ele>476.2091982425781</ele><time>2023-09-23T07:43:12Z</time></trkpt><trkpt lat="22.250612288516624" lon="113.91350757383076"><ele>473.4555773660365</ele><time>2023-09-23T07:43:16Z</time></trkpt><trkpt lat="22.25063333938949" lon="113.91348121117584"><ele>473.07651406608517</ele><time>2023-09-23T07:43:20Z</time></trkpt><trkpt lat="22.250645552764805" lon="113.91346626477923"><ele>472.6219648214471</ele><time>2023-09-23T07:43:22Z</time></trkpt><trkpt lat="22.250664843735464" lon="113.91344348357904"><ele>470.7098073781368</ele><time>2023-09-23T07:43:30Z</time></trkpt><trkpt lat="22.250687560895933" lon="113.91343342304016"><ele>470.32734719302874</ele><time>2023-09-23T07:43:32Z</time></trkpt><trkpt lat="22.25070881319419" lon="113.91342664018877"><ele>470.00461469292446</ele><time>2023-09-23T07:43:34Z</time></trkpt><trkpt lat="22.25072629888662" lon="113.91341963960996"><ele>469.76323198527774</ele><time>2023-09-23T07:43:36Z</time></trkpt><trkpt lat="22.25075027955523" lon="113.91341586340478"><ele>469.60885436284434</ele><time>2023-09-23T07:43:38Z</time></trkpt><trkpt lat="22.250770860469416" lon="113.91341006718288"><ele>469.8701550421128</ele><time>2023-09-23T07:43:40Z</time></trkpt><trkpt lat="22.250790755854048" lon="113.91340258297502"><ele>470.1312881283061</ele><time>2023-09-23T07:43:42Z</time></trkpt><trkpt lat="22.250815177337504" lon="113.9133936516989"><ele>470.244579519821</ele><time>2023-09-23T07:43:44Z</time></trkpt><trkpt lat="22.25083767597749" lon="113.91338196737162"><ele>469.9453239773162</ele><time>2023-09-23T07:43:46Z</time></trkpt><trkpt lat="22.250860643747718" lon="113.91336194397684"><ele>469.8815406519699</ele><time>2023-09-23T07:43:50Z</time></trkpt><trkpt lat="22.25087487783344" lon="113.91334720419792"><ele>470.01265365121924</ele><time>2023-09-23T07:43:52Z</time></trkpt><trkpt lat="22.25089363736359" lon="113.91333657339571"><ele>469.7970678039433</ele><time>2023-09-23T07:43:54Z</time></trkpt><trkpt lat="22.25091029298688" lon="113.91332719528552"><ele>469.5159002710211</ele><time>2023-09-23T07:43:56Z</time></trkpt><trkpt lat="22.25094122698914" lon="113.91331011202995"><ele>468.9084851905598</ele><time>2023-09-23T07:44:00Z</time></trkpt><trkpt lat="22.250919142961408" lon="113.91330479457429"><ele>466.8664830379039</ele><time>2023-09-23T07:44:06Z</time></trkpt><trkpt lat="22.25091588038237" lon="113.9133274588352"><ele>466.79009051028305</ele><time>2023-09-23T07:44:42Z</time></trkpt><trkpt lat="22.250933926951426" lon="113.91331878574124"><ele>466.3761210377484</ele><time>2023-09-23T07:44:44Z</time></trkpt><trkpt lat="22.250968724922444" lon="113.91330778118314"><ele>465.1015056575893</ele><time>2023-09-23T07:44:48Z</time></trkpt><trkpt lat="22.250991265714163" lon="113.91329894092455"><ele>464.2119070802728</ele><time>2023-09-23T07:44:50Z</time></trkpt><trkpt lat="22.251009268900297" lon="113.91328658054742"><ele>464.05438261186526</ele><time>2023-09-23T07:44:52Z</time></trkpt><trkpt lat="22.251030986498996" lon="113.91328012634186"><ele>464.22201084544696</ele><time>2023-09-23T07:44:54Z</time></trkpt><trkpt lat="22.251046762086595" lon="113.9132692639053"><ele>464.4091208302656</ele><time>2023-09-23T07:44:56Z</time></trkpt><trkpt lat="22.25106514468155" lon="113.91326170057586"><ele>464.9148063091048</ele><time>2023-09-23T07:44:58Z</time></trkpt><trkpt lat="22.25108875017804" lon="113.91325462792551"><ele>465.2495656109353</ele><time>2023-09-23T07:45:00Z</time></trkpt><trkpt lat="22.251110173219963" lon="113.91324432573886"><ele>465.15341785881617</ele><time>2023-09-23T07:45:02Z</time></trkpt><trkpt lat="22.25112927490819" lon="113.91324425183663"><ele>465.0708326885598</ele><time>2023-09-23T07:45:04Z</time></trkpt><trkpt lat="22.25115671775657" lon="113.9132525080648"><ele>464.9182554525574</ele><time>2023-09-23T07:45:08Z</time></trkpt><trkpt lat="22.25118579281488" lon="113.91327457250324"><ele>464.6017874979458</ele><time>2023-09-23T07:45:12Z</time></trkpt><trkpt lat="22.251205568167627" lon="113.9132915305687"><ele>464.4749794363131</ele><time>2023-09-23T07:45:16Z</time></trkpt><trkpt lat="22.25123420223111" lon="113.9132864299356"><ele>464.1706991184933</ele><time>2023-09-23T07:45:22Z</time></trkpt><trkpt lat="22.251262941203215" lon="113.91328160023232"><ele>463.48297722236583</ele><time>2023-09-23T07:45:26Z</time></trkpt><trkpt lat="22.251293367196393" lon="113.91328740098807"><ele>462.99012913082385</ele><time>2023-09-23T07:45:30Z</time></trkpt><trkpt lat="22.251315006625724" lon="113.9132931411519"><ele>458.4705814542249</ele><time>2023-09-23T07:48:32Z</time></trkpt><trkpt lat="22.25133355895952" lon="113.91330030533464"><ele>457.2290942845866</ele><time>2023-09-23T07:48:34Z</time></trkpt><trkpt lat="22.25135222480368" lon="113.91330742315161"><ele>456.1001341678202</ele><time>2023-09-23T07:48:36Z</time></trkpt><trkpt lat="22.25137012190506" lon="113.91331806678464"><ele>456.13028577156365</ele><time>2023-09-23T07:48:40Z</time></trkpt><trkpt lat="22.251392400640874" lon="113.91332255543477"><ele>457.46618714835495</ele><time>2023-09-23T07:48:44Z</time></trkpt><trkpt lat="22.25141594020157" lon="113.91331878020902"><ele>458.14435323886573</ele><time>2023-09-23T07:48:46Z</time></trkpt><trkpt lat="22.251438106866804" lon="113.91332178165365"><ele>458.927527083084</ele><time>2023-09-23T07:48:50Z</time></trkpt><trkpt lat="22.25147485975022" lon="113.9133190574534"><ele>458.6849536905065</ele><time>2023-09-23T07:48:54Z</time></trkpt><trkpt lat="22.251502277114948" lon="113.91332789940974"><ele>457.7010051012039</ele><time>2023-09-23T07:48:58Z</time></trkpt><trkpt lat="22.251541320574923" lon="113.91334103417601"><ele>456.7740240348503</ele><time>2023-09-23T07:49:02Z</time></trkpt><trkpt lat="22.25155919926455" lon="113.91334809733364"><ele>457.56609222482825</ele><time>2023-09-23T07:49:04Z</time></trkpt><trkpt lat="22.251579092843432" lon="113.9133568338113"><ele>457.56609222482825</ele><time>2023-09-23T07:49:10Z</time></trkpt><trkpt lat="22.251597967063905" lon="113.91336239210557"><ele>457.56609222482825</ele><time>2023-09-23T07:49:14Z</time></trkpt><trkpt lat="22.25162029877737" lon="113.91337749126062"><ele>457.53228130471206</ele><time>2023-09-23T07:49:20Z</time></trkpt><trkpt lat="22.251634349166576" lon="113.91339215965223"><ele>456.22032789517124</ele><time>2023-09-23T07:53:30Z</time></trkpt><trkpt lat="22.251616702928036" lon="113.91340090149295"><ele>455.22144892493026</ele><time>2023-09-23T08:02:52Z</time></trkpt><trkpt lat="22.251636161088033" lon="113.91339068634291"><ele>455.23485585251603</ele><time>2023-09-23T08:07:00Z</time></trkpt><trkpt lat="22.251654459727398" lon="113.91337098377974"><ele>454.8952475900261</ele><time>2023-09-23T08:07:04Z</time></trkpt><trkpt lat="22.251675422239487" lon="113.9133629704306"><ele>455.38155105849376</ele><time>2023-09-23T08:07:06Z</time></trkpt><trkpt lat="22.251708378807905" lon="113.91333844324058"><ele>455.6072488767161</ele><time>2023-09-23T08:07:10Z</time></trkpt><trkpt lat="22.251725667881395" lon="113.91331708951778"><ele>454.7044067395536</ele><time>2023-09-23T08:07:14Z</time></trkpt><trkpt lat="22.251750362742733" lon="113.91330659434337"><ele>453.64090494421816</ele><time>2023-09-23T08:07:18Z</time></trkpt><trkpt lat="22.25176995528132" lon="113.91330153275007"><ele>452.8900696637996</ele><time>2023-09-23T08:07:20Z</time></trkpt><trkpt lat="22.25180734805429" lon="113.91330234107068"><ele>451.8925076818618</ele><time>2023-09-23T08:07:24Z</time></trkpt><trkpt lat="22.25182893516726" lon="113.91330781700479"><ele>451.19917585107515</ele><time>2023-09-23T08:07:26Z</time></trkpt><trkpt lat="22.251851782788876" lon="113.91330262365432"><ele>450.62524120492355</ele><time>2023-09-23T08:07:28Z</time></trkpt><trkpt lat="22.251886926879767" lon="113.91330203180303"><ele>450.10220185806133</ele><time>2023-09-23T08:07:32Z</time></trkpt><trkpt lat="22.251907181609266" lon="113.91330489007127"><ele>450.3087859919225</ele><time>2023-09-23T08:07:34Z</time></trkpt><trkpt lat="22.25192554717706" lon="113.91330851962823"><ele>449.80921185308347</ele><time>2023-09-23T08:07:38Z</time></trkpt><trkpt lat="22.25190454221005" lon="113.91330813657979"><ele>449.58845916523603</ele><time>2023-09-23T08:07:46Z</time></trkpt><trkpt lat="22.25186858059259" lon="113.91330030646793"><ele>449.9179668017814</ele><time>2023-09-23T08:07:50Z</time></trkpt><trkpt lat="22.251841663776748" lon="113.91329459202338"><ele>449.69746669561755</ele><time>2023-09-23T08:07:54Z</time></trkpt><trkpt lat="22.25182259786087" lon="113.91329855715932"><ele>448.86890194124334</ele><time>2023-09-23T08:08:04Z</time></trkpt><trkpt lat="22.251859967642442" lon="113.91331057458004"><ele>448.8480023270854</ele><time>2023-09-23T08:08:12Z</time></trkpt><trkpt lat="22.25188601683774" lon="113.91331734737567"><ele>449.10803398889345</ele><time>2023-09-23T08:08:16Z</time></trkpt><trkpt lat="22.25191801740742" lon="113.91331445952896"><ele>449.68450015527134</ele><time>2023-09-23T08:08:22Z</time></trkpt><trkpt lat="22.25194293659803" lon="113.91331166272919"><ele>449.558998482328</ele><time>2023-09-23T08:08:26Z</time></trkpt><trkpt lat="22.251967065258484" lon="113.91330489934757"><ele>450.21892374230555</ele><time>2023-09-23T08:08:42Z</time></trkpt><trkpt lat="22.25199527170427" lon="113.91331006360863"><ele>450.0998858283239</ele><time>2023-09-23T08:08:46Z</time></trkpt><trkpt lat="22.252026048897342" lon="113.91329554596808"><ele>450.5346688012547</ele><time>2023-09-23T08:08:50Z</time></trkpt><trkpt lat="22.252043076976463" lon="113.91328759927167"><ele>450.3487010951688</ele><time>2023-09-23T08:08:52Z</time></trkpt><trkpt lat="22.252071687680257" lon="113.913278256993"><ele>449.6966041378733</ele><time>2023-09-23T08:08:56Z</time></trkpt><trkpt lat="22.25209216765072" lon="113.91327577606462"><ele>449.5740856319929</ele><time>2023-09-23T08:09:00Z</time></trkpt><trkpt lat="22.252114040400365" lon="113.91326549053245"><ele>450.2241640810491</ele><time>2023-09-23T08:09:04Z</time></trkpt><trkpt lat="22.252132709644737" lon="113.91324364020082"><ele>449.9888424161543</ele><time>2023-09-23T08:09:08Z</time></trkpt><trkpt lat="22.25214445837685" lon="113.91322552373292"><ele>449.4740171506038</ele><time>2023-09-23T08:09:12Z</time></trkpt><trkpt lat="22.252167749767935" lon="113.91320256408734"><ele>449.3876446944169</ele><time>2023-09-23T08:09:16Z</time></trkpt><trkpt lat="22.252186224216143" lon="113.91319546725023"><ele>449.33560032121505</ele><time>2023-09-23T08:09:18Z</time></trkpt><trkpt lat="22.252203037665" lon="113.91318835168056"><ele>449.10859273567263</ele><time>2023-09-23T08:09:20Z</time></trkpt><trkpt lat="22.252208626474008" lon="113.91316311712896"><ele>449.24102010471233</ele><time>2023-09-23T08:09:26Z</time></trkpt><trkpt lat="22.252212827670807" lon="113.91314231779722"><ele>449.5991085185978</ele><time>2023-09-23T08:09:32Z</time></trkpt><trkpt lat="22.25221054974633" lon="113.91311830301122"><ele>448.97222582411035</ele><time>2023-09-23T08:09:36Z</time></trkpt><trkpt lat="22.252205356641117" lon="113.9130982391168"><ele>449.1151707704552</ele><time>2023-09-23T08:09:38Z</time></trkpt><trkpt lat="22.25221207029321" lon="113.9130673126352"><ele>450.17671841723876</ele><time>2023-09-23T08:09:42Z</time></trkpt><trkpt lat="22.25220563575467" lon="113.91304652450309"><ele>450.9108818226253</ele><time>2023-09-23T08:09:46Z</time></trkpt><trkpt lat="22.25217402212359" lon="113.91303002759057"><ele>451.32015489296555</ele><time>2023-09-23T08:09:50Z</time></trkpt><trkpt lat="22.252147848817515" lon="113.91301159226961"><ele>452.1242559799878</ele><time>2023-09-23T08:09:52Z</time></trkpt><trkpt lat="22.252129457508172" lon="113.91299570862091"><ele>452.57402439825745</ele><time>2023-09-23T08:09:54Z</time></trkpt><trkpt lat="22.2521318722257" lon="113.91296435395535"><ele>452.41183552001104</ele><time>2023-09-23T08:09:58Z</time></trkpt><trkpt lat="22.25212586438138" lon="113.91294291102201"><ele>452.27869176482784</ele><time>2023-09-23T08:10:02Z</time></trkpt><trkpt lat="22.25212278796427" lon="113.91292036949086"><ele>452.05884441191245</ele><time>2023-09-23T08:10:04Z</time></trkpt><trkpt lat="22.252134250243657" lon="113.91288847604804"><ele>451.57368102194624</ele><time>2023-09-23T08:10:06Z</time></trkpt><trkpt lat="22.25213476568822" lon="113.912861643055"><ele>450.9400811840841</ele><time>2023-09-23T08:10:08Z</time></trkpt><trkpt lat="22.25212891050714" lon="113.91284053556112"><ele>450.2270997704023</ele><time>2023-09-23T08:10:14Z</time></trkpt><trkpt lat="22.252121173871664" lon="113.91281956949003"><ele>450.0666874221772</ele><time>2023-09-23T08:10:16Z</time></trkpt><trkpt lat="22.252110930581363" lon="113.91279562978949"><ele>449.911918964678</ele><time>2023-09-23T08:10:18Z</time></trkpt><trkpt lat="22.252117395528273" lon="113.91277562375265"><ele>449.87806773425376</ele><time>2023-09-23T08:10:20Z</time></trkpt><trkpt lat="22.252132310211717" lon="113.9127548548545"><ele>449.13795252109924</ele><time>2023-09-23T08:10:24Z</time></trkpt><trkpt lat="22.252138185133283" lon="113.91273204281843"><ele>449.0347045621976</ele><time>2023-09-23T08:10:26Z</time></trkpt><trkpt lat="22.252147821561508" lon="113.91270941451796"><ele>448.71334121464855</ele><time>2023-09-23T08:10:28Z</time></trkpt><trkpt lat="22.25215323849234" lon="113.91273003073903"><ele>448.7514248411977</ele><time>2023-09-23T08:10:36Z</time></trkpt><trkpt lat="22.25216017229917" lon="113.91269909997195"><ele>448.3011678690091</ele><time>2023-09-23T08:10:46Z</time></trkpt><trkpt lat="22.25217532018487" lon="113.91267678597771"><ele>443.67846428194207</ele><time>2023-09-23T08:10:48Z</time></trkpt><trkpt lat="22.25219266523552" lon="113.91266259944317"><ele>443.774955478697</ele><time>2023-09-23T08:10:50Z</time></trkpt><trkpt lat="22.252213558548082" lon="113.91264872593106"><ele>443.7323352054385</ele><time>2023-09-23T08:10:52Z</time></trkpt><trkpt lat="22.25223766546778" lon="113.91264105743599"><ele>443.06811880736785</ele><time>2023-09-23T08:10:54Z</time></trkpt><trkpt lat="22.25226545527845" lon="113.91263722165249"><ele>442.81844401969835</ele><time>2023-09-23T08:10:56Z</time></trkpt><trkpt lat="22.252282421012787" lon="113.9126211511463"><ele>442.5885401751004</ele><time>2023-09-23T08:10:58Z</time></trkpt><trkpt lat="22.25230442214927" lon="113.9126152832236"><ele>443.2700505256073</ele><time>2023-09-23T08:11:00Z</time></trkpt><trkpt lat="22.252324938009263" lon="113.91260753938465"><ele>443.42395052583055</ele><time>2023-09-23T08:11:02Z</time></trkpt><trkpt lat="22.252342700574587" lon="113.91260002600276"><ele>443.5714806438842</ele><time>2023-09-23T08:11:04Z</time></trkpt><trkpt lat="22.25237529431356" lon="113.91258181046972"><ele>443.43839894262743</ele><time>2023-09-23T08:11:08Z</time></trkpt><trkpt lat="22.25240608397288" lon="113.91257373180278"><ele>443.66789682823025</ele><time>2023-09-23T08:11:12Z</time></trkpt><trkpt lat="22.25243091724197" lon="113.9125658930684"><ele>444.29611997729023</ele><time>2023-09-23T08:11:15.422Z</time></trkpt><trkpt lat="22.252460677963878" lon="113.9125489799515"><ele>444.8759075289815</ele><time>2023-09-23T08:11:18Z</time></trkpt><trkpt lat="22.252478877234353" lon="113.9125431981297"><ele>445.1584532334308</ele><time>2023-09-23T08:11:20Z</time></trkpt><trkpt lat="22.252501525743803" lon="113.91253788041793"><ele>445.8013862800597</ele><time>2023-09-23T08:11:24Z</time></trkpt><trkpt lat="22.252512165237217" lon="113.91251610775555"><ele>446.7125850865028</ele><time>2023-09-23T08:11:34Z</time></trkpt><trkpt lat="22.252529948399367" lon="113.91250000154965"><ele>447.23538384312593</ele><time>2023-09-23T08:11:36Z</time></trkpt><trkpt lat="22.25254891566051" lon="113.91249522860129"><ele>447.6022627041713</ele><time>2023-09-23T08:11:38Z</time></trkpt><trkpt lat="22.252570459058035" lon="113.91247738916293"><ele>447.6269967288536</ele><time>2023-09-23T08:11:40Z</time></trkpt><trkpt lat="22.25258829040395" lon="113.91245691256299"><ele>447.2508815304188</ele><time>2023-09-23T08:11:42Z</time></trkpt><trkpt lat="22.25260185599565" lon="113.91244378468797"><ele>446.83452803771524</ele><time>2023-09-23T08:11:44Z</time></trkpt><trkpt lat="22.252610046816617" lon="113.91242632347604"><ele>446.60646022017704</ele><time>2023-09-23T08:11:46Z</time></trkpt><trkpt lat="22.252618227538857" lon="113.91240564617311"><ele>446.69064451576565</ele><time>2023-09-23T08:11:48Z</time></trkpt><trkpt lat="22.252628908504175" lon="113.91237737902948"><ele>446.60019639072283</ele><time>2023-09-23T08:11:50Z</time></trkpt><trkpt lat="22.25264177380811" lon="113.91235023029814"><ele>446.39435116194295</ele><time>2023-09-23T08:11:52Z</time></trkpt><trkpt lat="22.25265330882749" lon="113.9123250623647"><ele>446.2144617297101</ele><time>2023-09-23T08:11:54Z</time></trkpt><trkpt lat="22.252652921130426" lon="113.91229582188879"><ele>446.03784185164574</ele><time>2023-09-23T08:11:56Z</time></trkpt><trkpt lat="22.252649046715135" lon="113.91227065349378"><ele>445.70459211424054</ele><time>2023-09-23T08:11:58Z</time></trkpt><trkpt lat="22.2526365071646" lon="113.91225102760383"><ele>445.4206214040153</ele><time>2023-09-23T08:12:00Z</time></trkpt><trkpt lat="22.252626483333334" lon="113.91222349561292"><ele>445.0278718189295</ele><time>2023-09-23T08:12:04Z</time></trkpt><trkpt lat="22.25265022915942" lon="113.91220659056974"><ele>444.5428083652791</ele><time>2023-09-23T08:12:08Z</time></trkpt><trkpt lat="22.252667746808523" lon="113.91218642293636"><ele>444.7800866153402</ele><time>2023-09-23T08:12:12Z</time></trkpt><trkpt lat="22.25268472032423" lon="113.91217483409633"><ele>444.0922164338098</ele><time>2023-09-23T08:12:36Z</time></trkpt><trkpt lat="22.25271485166274" lon="113.91218335141018"><ele>444.85391192915586</ele><time>2023-09-23T08:15:14Z</time></trkpt><trkpt lat="22.252741103517156" lon="113.91218280256506"><ele>444.56533671620235</ele><time>2023-09-23T08:15:16Z</time></trkpt><trkpt lat="22.25276061408897" lon="113.91219751069396"><ele>442.66928752461763</ele><time>2023-09-23T08:15:18Z</time></trkpt><trkpt lat="22.252774252750164" lon="113.91221367850137"><ele>441.8463361314502</ele><time>2023-09-23T08:15:20Z</time></trkpt><trkpt lat="22.2527943517186" lon="113.91220274248279"><ele>441.8862516663397</ele><time>2023-09-23T08:15:24Z</time></trkpt><trkpt lat="22.252789106354154" lon="113.91218348723612"><ele>441.26491282406073</ele><time>2023-09-23T08:15:26Z</time></trkpt><trkpt lat="22.252792701434302" lon="113.91215661170887"><ele>441.16402359908824</ele><time>2023-09-23T08:15:28Z</time></trkpt><trkpt lat="22.252804460251074" lon="113.91212841748712"><ele>441.336460381991</ele><time>2023-09-23T08:15:32Z</time></trkpt><trkpt lat="22.252815101629256" lon="113.91210616053004"><ele>441.3863960824741</ele><time>2023-09-23T08:15:36Z</time></trkpt><trkpt lat="22.252833500035845" lon="113.91209586220145"><ele>441.36883694958937</ele><time>2023-09-23T08:15:38Z</time></trkpt><trkpt lat="22.252856306030058" lon="113.9120883677932"><ele>441.2140441014804</ele><time>2023-09-23T08:15:40Z</time></trkpt><trkpt lat="22.252878434924348" lon="113.91207473312465"><ele>441.94219260747224</ele><time>2023-09-23T08:15:44Z</time></trkpt><trkpt lat="22.25290475853778" lon="113.9120506884103"><ele>442.9930219316148</ele><time>2023-09-23T08:15:48Z</time></trkpt><trkpt lat="22.25292229859598" lon="113.91202619757397"><ele>443.22575556551345</ele><time>2023-09-23T08:15:50Z</time></trkpt><trkpt lat="22.252945808136467" lon="113.91199390857538"><ele>442.48363548739786</ele><time>2023-09-23T08:15:54Z</time></trkpt><trkpt lat="22.252964098522114" lon="113.91197908658224"><ele>442.61087205185345</ele><time>2023-09-23T08:15:56Z</time></trkpt><trkpt lat="22.25298431872829" lon="113.91196606309292"><ele>442.7262791605717</ele><time>2023-09-23T08:15:58Z</time></trkpt><trkpt lat="22.253000238495403" lon="113.91194591263421"><ele>442.89749906938476</ele><time>2023-09-23T08:16:00Z</time></trkpt><trkpt lat="22.25302047975679" lon="113.91193713766599"><ele>442.9800025689174</ele><time>2023-09-23T08:16:02Z</time></trkpt><trkpt lat="22.253037488101615" lon="113.91191594216667"><ele>442.456496062458</ele><time>2023-09-23T08:16:04Z</time></trkpt><trkpt lat="22.253053138535225" lon="113.91189515849383"><ele>441.6289958669185</ele><time>2023-09-23T08:16:06Z</time></trkpt><trkpt lat="22.25307224380155" lon="113.91188463321083"><ele>441.1675959994832</ele><time>2023-09-23T08:16:08Z</time></trkpt><trkpt lat="22.25310003768262" lon="113.91187356662523"><ele>441.2136523365488</ele><time>2023-09-23T08:16:10Z</time></trkpt><trkpt lat="22.25311988972804" lon="113.91187403074977"><ele>442.0058877215353</ele><time>2023-09-23T08:16:14Z</time></trkpt><trkpt lat="22.25314426796414" lon="113.91186671847402"><ele>442.6112509589971</ele><time>2023-09-23T08:16:18Z</time></trkpt><trkpt lat="22.253158202600687" lon="113.91185426888018"><ele>442.16459958028133</ele><time>2023-09-23T08:16:20Z</time></trkpt><trkpt lat="22.253178474239693" lon="113.91182121988365"><ele>443.05336240449316</ele><time>2023-09-23T08:16:24Z</time></trkpt><trkpt lat="22.253196892080542" lon="113.91180758060806"><ele>442.8554373925854</ele><time>2023-09-23T08:16:26Z</time></trkpt><trkpt lat="22.253214368026885" lon="113.91179095981389"><ele>442.4678101334934</ele><time>2023-09-23T08:16:28Z</time></trkpt><trkpt lat="22.253232279904914" lon="113.91177337554275"><ele>442.1663903622345</ele><time>2023-09-23T08:16:30Z</time></trkpt><trkpt lat="22.25325021248914" lon="113.91176468742535"><ele>442.2766082690349</ele><time>2023-09-23T08:16:32Z</time></trkpt><trkpt lat="22.253268956034674" lon="113.91175454391272"><ele>442.3206923196749</ele><time>2023-09-23T08:16:34Z</time></trkpt><trkpt lat="22.253288194245542" lon="113.91174423279259"><ele>442.2910136305017</ele><time>2023-09-23T08:16:36Z</time></trkpt><trkpt lat="22.25330273116552" lon="113.91172926460523"><ele>442.49992972872</ele><time>2023-09-23T08:16:38Z</time></trkpt><trkpt lat="22.25331870710769" lon="113.9117199339521"><ele>442.42667895705057</ele><time>2023-09-23T08:16:40Z</time></trkpt><trkpt lat="22.253336746284756" lon="113.91171357872825"><ele>442.4757630711022</ele><time>2023-09-23T08:16:42Z</time></trkpt><trkpt lat="22.253359563005752" lon="113.91170428161637"><ele>442.30670674969986</ele><time>2023-09-23T08:16:44Z</time></trkpt><trkpt lat="22.25337871092103" lon="113.91169168188962"><ele>442.35131672796285</ele><time>2023-09-23T08:16:46Z</time></trkpt><trkpt lat="22.253396792635925" lon="113.91167449354401"><ele>442.5006415179305</ele><time>2023-09-23T08:16:48Z</time></trkpt><trkpt lat="22.253410712191634" lon="113.9116551998268"><ele>442.60436155288636</ele><time>2023-09-23T08:16:50Z</time></trkpt><trkpt lat="22.253431068405064" lon="113.9116193487444"><ele>443.5396885062388</ele><time>2023-09-23T08:16:54Z</time></trkpt><trkpt lat="22.253443868246556" lon="113.91160278228277"><ele>443.6050963459394</ele><time>2023-09-23T08:16:56Z</time></trkpt><trkpt lat="22.253456813653735" lon="113.91158033868837"><ele>443.3048862031078</ele><time>2023-09-23T08:16:58Z</time></trkpt><trkpt lat="22.253471176204922" lon="113.91156259210135"><ele>443.0536277800918</ele><time>2023-09-23T08:17:00Z</time></trkpt><trkpt lat="22.253488662081516" lon="113.91155364319671"><ele>443.174483722049</ele><time>2023-09-23T08:17:02Z</time></trkpt><trkpt lat="22.253503809689754" lon="113.91154296147931"><ele>443.46881578427445</ele><time>2023-09-23T08:17:04Z</time></trkpt><trkpt lat="22.25353039085694" lon="113.91151009372754"><ele>444.1337755342099</ele><time>2023-09-23T08:17:08Z</time></trkpt><trkpt lat="22.253542281987833" lon="113.91148418577384"><ele>444.46971751070055</ele><time>2023-09-23T08:17:10Z</time></trkpt><trkpt lat="22.253562340646848" lon="113.91146390736574"><ele>444.5482148542952</ele><time>2023-09-23T08:17:12Z</time></trkpt><trkpt lat="22.253578158910162" lon="113.91145251059773"><ele>444.4331265646756</ele><time>2023-09-23T08:17:14Z</time></trkpt><trkpt lat="22.253600626832405" lon="113.91142369770948"><ele>444.18320261900567</ele><time>2023-09-23T08:17:18Z</time></trkpt><trkpt lat="22.25361082367846" lon="113.91140672439296"><ele>444.3064877229662</ele><time>2023-09-23T08:17:20Z</time></trkpt><trkpt lat="22.253623134637355" lon="113.91138562659455"><ele>444.4358556862638</ele><time>2023-09-23T08:17:22Z</time></trkpt><trkpt lat="22.253633137106924" lon="113.91136332068866"><ele>444.2839692758655</ele><time>2023-09-23T08:17:24Z</time></trkpt><trkpt lat="22.253642497956637" lon="113.91134066455425"><ele>444.4759508409487</ele><time>2023-09-23T08:17:26Z</time></trkpt><trkpt lat="22.253649978310882" lon="113.91131850740875"><ele>444.5070817497103</ele><time>2023-09-23T08:17:28Z</time></trkpt><trkpt lat="22.253655112724594" lon="113.91129809663553"><ele>444.9569396122086</ele><time>2023-09-23T08:17:30Z</time></trkpt><trkpt lat="22.25365735178944" lon="113.91127429220833"><ele>445.2006855566109</ele><time>2023-09-23T08:17:32Z</time></trkpt><trkpt lat="22.253654741735566" lon="113.911254271407"><ele>445.06213261801923</ele><time>2023-09-23T08:17:34Z</time></trkpt><trkpt lat="22.253655549604332" lon="113.91123457014642"><ele>445.1306396365042</ele><time>2023-09-23T08:17:36Z</time></trkpt><trkpt lat="22.253663054699278" lon="113.91121151462642"><ele>445.320831424323</ele><time>2023-09-23T08:17:38Z</time></trkpt><trkpt lat="22.25367248239937" lon="113.91118657812616"><ele>445.32084094189184</ele><time>2023-09-23T08:17:40Z</time></trkpt><trkpt lat="22.253676429188552" lon="113.91116256328743"><ele>445.3404468139858</ele><time>2023-09-23T08:17:42Z</time></trkpt><trkpt lat="22.253685347290492" lon="113.9111366311333"><ele>445.20338666526203</ele><time>2023-09-23T08:17:44Z</time></trkpt><trkpt lat="22.25370109237774" lon="113.91110810647272"><ele>445.5088185345895</ele><time>2023-09-23T08:17:46Z</time></trkpt><trkpt lat="22.253714000052206" lon="113.91107760492027"><ele>445.7575945466941</ele><time>2023-09-23T08:17:48Z</time></trkpt><trkpt lat="22.25372364214029" lon="113.91105321013315"><ele>446.0624839650533</ele><time>2023-09-23T08:17:50Z</time></trkpt><trkpt lat="22.253734330309435" lon="113.91102601777207"><ele>446.3347791101734</ele><time>2023-09-23T08:17:52Z</time></trkpt><trkpt lat="22.253742329735182" lon="113.9109991275873"><ele>446.4756398555664</ele><time>2023-09-23T08:17:54Z</time></trkpt><trkpt lat="22.2537521659381" lon="113.91097392394525"><ele>446.2185533223825</ele><time>2023-09-23T08:17:56Z</time></trkpt><trkpt lat="22.25376420434813" lon="113.9109446057074"><ele>446.3408094689173</ele><time>2023-09-23T08:17:58Z</time></trkpt><trkpt lat="22.25377033451159" lon="113.91091894812531"><ele>446.3849396672088</ele><time>2023-09-23T08:18:00Z</time></trkpt><trkpt lat="22.25378088290967" lon="113.91089792649316"><ele>446.21241230285733</ele><time>2023-09-23T08:18:02Z</time></trkpt><trkpt lat="22.253793253875102" lon="113.91086999849571"><ele>445.7698098048719</ele><time>2023-09-23T08:18:04Z</time></trkpt><trkpt lat="22.25379634012584" lon="113.91084436584198"><ele>444.96379262410306</ele><time>2023-09-23T08:18:06Z</time></trkpt><trkpt lat="22.253800761372712" lon="113.91082133691366"><ele>444.73898142784356</ele><time>2023-09-23T08:18:08Z</time></trkpt><trkpt lat="22.253803213801252" lon="113.91079529337138"><ele>444.3088572036439</ele><time>2023-09-23T08:18:10Z</time></trkpt><trkpt lat="22.25379894153842" lon="113.9107647765565"><ele>444.1216356501224</ele><time>2023-09-23T08:18:12Z</time></trkpt><trkpt lat="22.253799116438195" lon="113.91073608269143"><ele>444.02318810640134</ele><time>2023-09-23T08:18:14Z</time></trkpt><trkpt lat="22.253804014237662" lon="113.91070738824202"><ele>443.9042194474395</ele><time>2023-09-23T08:18:16Z</time></trkpt><trkpt lat="22.253813118687777" lon="113.9106774986892"><ele>443.9047764866837</ele><time>2023-09-23T08:18:18Z</time></trkpt><trkpt lat="22.25382072703068" lon="113.91065408173769"><ele>443.2273479822742</ele><time>2023-09-23T08:18:20Z</time></trkpt><trkpt lat="22.25382238678267" lon="113.91063434941074"><ele>442.8289930333869</ele><time>2023-09-23T08:18:22Z</time></trkpt><trkpt lat="22.253824460922576" lon="113.91060975033054"><ele>442.9554422765789</ele><time>2023-09-23T08:18:24Z</time></trkpt><trkpt lat="22.253826399303755" lon="113.91058218370578"><ele>443.1986772866638</ele><time>2023-09-23T08:18:26Z</time></trkpt><trkpt lat="22.253833186159646" lon="113.91055208428128"><ele>443.14802283963195</ele><time>2023-09-23T08:18:28Z</time></trkpt><trkpt lat="22.253842235139235" lon="113.9105244460778"><ele>442.9858607370453</ele><time>2023-09-23T08:18:30Z</time></trkpt><trkpt lat="22.253848504716785" lon="113.91049663416615"><ele>442.80007282548524</ele><time>2023-09-23T08:18:32Z</time></trkpt><trkpt lat="22.25385905171046" lon="113.91046788213356"><ele>442.62331586313485</ele><time>2023-09-23T08:18:34Z</time></trkpt><trkpt lat="22.253875317010717" lon="113.91043527828678"><ele>442.346193537642</ele><time>2023-09-23T08:18:36Z</time></trkpt><trkpt lat="22.253893093179094" lon="113.91040274315081"><ele>441.93165477805536</ele><time>2023-09-23T08:18:38Z</time></trkpt><trkpt lat="22.253905379585774" lon="113.91037119774096"><ele>441.6811362618634</ele><time>2023-09-23T08:18:40Z</time></trkpt><trkpt lat="22.253906055088628" lon="113.9103416820353"><ele>441.20370854529705</ele><time>2023-09-23T08:18:42Z</time></trkpt><trkpt lat="22.253897971785914" lon="113.91031455202251"><ele>440.86718479440617</ele><time>2023-09-23T08:18:44Z</time></trkpt><trkpt lat="22.25389373369297" lon="113.91028850870669"><ele>440.57442019984023</ele><time>2023-09-23T08:18:46Z</time></trkpt><trkpt lat="22.25389274219358" lon="113.91026006776458"><ele>440.29977666338056</ele><time>2023-09-23T08:18:48Z</time></trkpt><trkpt lat="22.253890391811574" lon="113.91023617110228"><ele>440.01499560282247</ele><time>2023-09-23T08:18:50Z</time></trkpt><trkpt lat="22.253887245844084" lon="113.91021144897562"><ele>439.4490578102907</ele><time>2023-09-23T08:18:52Z</time></trkpt><trkpt lat="22.253877673633944" lon="113.91018684055878"><ele>438.88503690488176</ele><time>2023-09-23T08:18:54Z</time></trkpt><trkpt lat="22.253867227408847" lon="113.91015742599257"><ele>438.6702228294698</ele><time>2023-09-23T08:18:56Z</time></trkpt><trkpt lat="22.253865274038738" lon="113.9101276380173"><ele>437.9014376198809</ele><time>2023-09-23T08:18:58Z</time></trkpt><trkpt lat="22.253859292264863" lon="113.91010150652885"><ele>437.15825006315373</ele><time>2023-09-23T08:19:00Z</time></trkpt><trkpt lat="22.25385016671151" lon="113.91007344573883"><ele>436.8792646851191</ele><time>2023-09-23T08:19:02Z</time></trkpt><trkpt lat="22.253850982838088" lon="113.91004429500762"><ele>436.93014403106207</ele><time>2023-09-23T08:19:04Z</time></trkpt><trkpt lat="22.253863611170004" lon="113.91002123106608"><ele>436.7211068559892</ele><time>2023-09-23T08:19:06Z</time></trkpt><trkpt lat="22.25388747377389" lon="113.91000038495552"><ele>436.62453064633985</ele><time>2023-09-23T08:19:08Z</time></trkpt><trkpt lat="22.25390389703357" lon="113.90998326188321"><ele>436.69833439546323</ele><time>2023-09-23T08:19:10Z</time></trkpt><trkpt lat="22.253916617479213" lon="113.90996160814494"><ele>436.9371294849215</ele><time>2023-09-23T08:19:12Z</time></trkpt><trkpt lat="22.253928123452372" lon="113.90994178528103"><ele>436.73832939873</ele><time>2023-09-23T08:19:14Z</time></trkpt><trkpt lat="22.253937746006073" lon="113.90992257143675"><ele>436.45654131154043</ele><time>2023-09-23T08:19:16Z</time></trkpt><trkpt lat="22.253950929105862" lon="113.909900328507"><ele>435.4864455899407</ele><time>2023-09-23T08:19:20Z</time></trkpt><trkpt lat="22.25396102937346" lon="113.9098763247231"><ele>434.2036953806413</ele><time>2023-09-23T08:19:26Z</time></trkpt><trkpt lat="22.253975780902728" lon="113.90986153511194"><ele>433.8228974726045</ele><time>2023-09-23T08:19:30Z</time></trkpt><trkpt lat="22.25399251419073" lon="113.90983815755732"><ele>433.8361490473757</ele><time>2023-09-23T08:19:46Z</time></trkpt><trkpt lat="22.25401036130991" lon="113.90979596896483"><ele>434.76043952274716</ele><time>2023-09-23T08:20:02Z</time></trkpt><trkpt lat="22.254018988745997" lon="113.9097682326906"><ele>434.97415680620753</ele><time>2023-09-23T08:20:04Z</time></trkpt><trkpt lat="22.25402797269294" lon="113.909742802346"><ele>434.98951194844597</ele><time>2023-09-23T08:20:06Z</time></trkpt><trkpt lat="22.254037956778415" lon="113.90971628056379"><ele>435.1183869899311</ele><time>2023-09-23T08:20:08Z</time></trkpt><trkpt lat="22.25405037713081" lon="113.90969317301716"><ele>435.15589439703604</ele><time>2023-09-23T08:20:10Z</time></trkpt><trkpt lat="22.254059041581183" lon="113.90966526661026"><ele>435.223199855305</ele><time>2023-09-23T08:20:12Z</time></trkpt><trkpt lat="22.25406550209153" lon="113.90963688814759"><ele>435.21712439102174</ele><time>2023-09-23T08:20:14Z</time></trkpt><trkpt lat="22.254071766053997" lon="113.90961380188064"><ele>434.73623032362076</ele><time>2023-09-23T08:20:16Z</time></trkpt><trkpt lat="22.254077968111712" lon="113.90959384839591"><ele>434.2042274192303</ele><time>2023-09-23T08:20:18Z</time></trkpt><trkpt lat="22.254088981247865" lon="113.90957844517195"><ele>433.7312730969246</ele><time>2023-09-23T08:20:20Z</time></trkpt><trkpt lat="22.254109453417918" lon="113.90955173096934"><ele>433.53407411272974</ele><time>2023-09-23T08:20:24Z</time></trkpt><trkpt lat="22.254121192473313" lon="113.90953257441016"><ele>433.6381392904372</ele><time>2023-09-23T08:20:26Z</time></trkpt><trkpt lat="22.254123537953" lon="113.90949127354719"><ele>434.4830792685659</ele><time>2023-09-23T08:20:30Z</time></trkpt><trkpt lat="22.25412088762952" lon="113.9094697732859"><ele>434.48593615518223</ele><time>2023-09-23T08:20:32Z</time></trkpt><trkpt lat="22.254126337551593" lon="113.90943688525441"><ele>434.26327936626586</ele><time>2023-09-23T08:20:34Z</time></trkpt><trkpt lat="22.254127497819557" lon="113.90941127021928"><ele>433.9944269489139</ele><time>2023-09-23T08:20:36Z</time></trkpt><trkpt lat="22.25412641219708" lon="113.90939161074718"><ele>433.82953100407786</ele><time>2023-09-23T08:20:38Z</time></trkpt><trkpt lat="22.25412137667077" lon="113.90934990038369"><ele>434.13101259742837</ele><time>2023-09-23T08:20:42Z</time></trkpt><trkpt lat="22.254108287573093" lon="113.90932485114752"><ele>434.6954463796562</ele><time>2023-09-23T08:20:44Z</time></trkpt><trkpt lat="22.25410072884497" lon="113.90929965071595"><ele>434.99139988189927</ele><time>2023-09-23T08:20:46Z</time></trkpt><trkpt lat="22.254091290420135" lon="113.90926772974285"><ele>434.6489168530555</ele><time>2023-09-23T08:20:50Z</time></trkpt><trkpt lat="22.254077154022326" lon="113.90924594525539"><ele>434.645612999554</ele><time>2023-09-23T08:20:54Z</time></trkpt><trkpt lat="22.254068235651427" lon="113.90922401241676"><ele>434.769672432674</ele><time>2023-09-23T08:20:56Z</time></trkpt><trkpt lat="22.25405705166476" lon="113.90920217333306"><ele>435.19245176464824</ele><time>2023-09-23T08:20:58Z</time></trkpt><trkpt lat="22.254051824973498" lon="113.90918168955804"><ele>435.5384717082097</ele><time>2023-09-23T08:21:00Z</time></trkpt><trkpt lat="22.254044097192118" lon="113.90916143560015"><ele>436.0522281691529</ele><time>2023-09-23T08:21:02Z</time></trkpt><trkpt lat="22.254043474904357" lon="113.90914066208406"><ele>436.026447083864</ele><time>2023-09-23T08:21:04Z</time></trkpt><trkpt lat="22.254039351048554" lon="113.90911426412944"><ele>435.84016032051335</ele><time>2023-09-23T08:21:06Z</time></trkpt><trkpt lat="22.254032042131705" lon="113.9090900663035"><ele>436.0190590804093</ele><time>2023-09-23T08:21:08Z</time></trkpt><trkpt lat="22.25402330480256" lon="113.90906651006802"><ele>436.06790442869675</ele><time>2023-09-23T08:21:10Z</time></trkpt><trkpt lat="22.254014894803507" lon="113.90904116251534"><ele>436.6673310137504</ele><time>2023-09-23T08:21:12Z</time></trkpt><trkpt lat="22.25400356060825" lon="113.90901804176359"><ele>437.40121940036846</ele><time>2023-09-23T08:21:14Z</time></trkpt><trkpt lat="22.25399390186985" lon="113.90899704619743"><ele>438.175152513235</ele><time>2023-09-23T08:21:16Z</time></trkpt><trkpt lat="22.253984487775536" lon="113.9089736333724"><ele>438.53836146266957</ele><time>2023-09-23T08:21:18Z</time></trkpt><trkpt lat="22.2539771979559" lon="113.90894846799952"><ele>438.9276603073535</ele><time>2023-09-23T08:21:20Z</time></trkpt><trkpt lat="22.25397027833086" lon="113.90892798005561"><ele>439.11968808019265</ele><time>2023-09-23T08:21:22Z</time></trkpt><trkpt lat="22.25396758810158" lon="113.90889526667544"><ele>439.248268082202</ele><time>2023-09-23T08:21:26Z</time></trkpt><trkpt lat="22.253951649627446" lon="113.90885919204001"><ele>438.94619122304357</ele><time>2023-09-23T08:21:30Z</time></trkpt><trkpt lat="22.25395125996093" lon="113.90883855381325"><ele>438.5520576612202</ele><time>2023-09-23T08:21:32Z</time></trkpt><trkpt lat="22.25395219394923" lon="113.90881564459085"><ele>437.97751303425423</ele><time>2023-09-23T08:21:34Z</time></trkpt><trkpt lat="22.253951693322684" lon="113.90877978484842"><ele>436.93508690395345</ele><time>2023-09-23T08:21:38Z</time></trkpt><trkpt lat="22.253951601639" lon="113.90874828982372"><ele>436.024017928948</ele><time>2023-09-23T08:21:42Z</time></trkpt><trkpt lat="22.253957541430765" lon="113.90871455452005"><ele>435.3502019385735</ele><time>2023-09-23T08:21:46Z</time></trkpt><trkpt lat="22.253957515077293" lon="113.90868903113999"><ele>435.44417291828194</ele><time>2023-09-23T08:21:48Z</time></trkpt><trkpt lat="22.253952114270326" lon="113.90865897282731"><ele>435.71507367695534</ele><time>2023-09-23T08:21:50Z</time></trkpt><trkpt lat="22.253947914973292" lon="113.90863517051234"><ele>435.978484691914</ele><time>2023-09-23T08:21:52Z</time></trkpt><trkpt lat="22.253939424507358" lon="113.90860872023327"><ele>435.8542557119344</ele><time>2023-09-23T08:21:54Z</time></trkpt><trkpt lat="22.25392868813987" lon="113.90858950841022"><ele>435.51210282390514</ele><time>2023-09-23T08:21:56Z</time></trkpt><trkpt lat="22.253913765308933" lon="113.90856945707637"><ele>435.1710530986597</ele><time>2023-09-23T08:21:58Z</time></trkpt><trkpt lat="22.25390029203633" lon="113.90854904717314"><ele>435.14132192943123</ele><time>2023-09-23T08:22:00Z</time></trkpt><trkpt lat="22.253888933622157" lon="113.90852876433057"><ele>435.10193111335525</ele><time>2023-09-23T08:22:02Z</time></trkpt><trkpt lat="22.25387581708697" lon="113.90850532472976"><ele>435.1595631907346</ele><time>2023-09-23T08:22:04Z</time></trkpt><trkpt lat="22.25386237929778" lon="113.90848434814501"><ele>435.54726367302993</ele><time>2023-09-23T08:22:06Z</time></trkpt><trkpt lat="22.253853586317685" lon="113.90846590328924"><ele>435.463613236218</ele><time>2023-09-23T08:22:08Z</time></trkpt><trkpt lat="22.253845282802562" lon="113.90844516033025"><ele>435.37799107590115</ele><time>2023-09-23T08:22:10Z</time></trkpt><trkpt lat="22.253846305811642" lon="113.9084243906052"><ele>435.3313621887801</ele><time>2023-09-23T08:22:12Z</time></trkpt><trkpt lat="22.25385332992941" lon="113.90840054664372"><ele>435.15679367258036</ele><time>2023-09-23T08:22:14Z</time></trkpt><trkpt lat="22.253866386903415" lon="113.90837751325785"><ele>434.647251519111</ele><time>2023-09-23T08:22:16Z</time></trkpt><trkpt lat="22.25388305728359" lon="113.90835853313891"><ele>434.16793745362327</ele><time>2023-09-23T08:22:18Z</time></trkpt><trkpt lat="22.253898849862733" lon="113.90834234812814"><ele>434.2305836188181</ele><time>2023-09-23T08:22:20Z</time></trkpt><trkpt lat="22.253917795161243" lon="113.90833009523689"><ele>434.01691244491985</ele><time>2023-09-23T08:22:22Z</time></trkpt><trkpt lat="22.253937722174587" lon="113.90832329251852"><ele>433.8155979109221</ele><time>2023-09-23T08:22:24Z</time></trkpt><trkpt lat="22.25395905056509" lon="113.90831029858221"><ele>433.34886338595334</ele><time>2023-09-23T08:22:26Z</time></trkpt><trkpt lat="22.253986053967683" lon="113.90829638736908"><ele>432.79806665610414</ele><time>2023-09-23T08:22:28Z</time></trkpt><trkpt lat="22.254012385347803" lon="113.90828767086299"><ele>432.5792866012034</ele><time>2023-09-23T08:22:30Z</time></trkpt><trkpt lat="22.25403404550696" lon="113.90827707505453"><ele>432.3104309964222</ele><time>2023-09-23T08:22:32Z</time></trkpt><trkpt lat="22.25405180487794" lon="113.90827186823559"><ele>432.57249080826193</ele><time>2023-09-23T08:22:34Z</time></trkpt><trkpt lat="22.254091272452293" lon="113.90827383987613"><ele>433.624490134295</ele><time>2023-09-23T08:22:38Z</time></trkpt><trkpt lat="22.254120872402623" lon="113.90826907010216"><ele>433.8349178501745</ele><time>2023-09-23T08:22:40Z</time></trkpt><trkpt lat="22.25414902982868" lon="113.90825321629563"><ele>433.9533904915917</ele><time>2023-09-23T08:22:42Z</time></trkpt><trkpt lat="22.254176182034506" lon="113.90823660537056"><ele>434.0442109898229</ele><time>2023-09-23T08:22:44Z</time></trkpt><trkpt lat="22.25420100320795" lon="113.90822655895501"><ele>434.64854023430775</ele><time>2023-09-23T08:22:46Z</time></trkpt><trkpt lat="22.254221512926506" lon="113.90821373838817"><ele>435.12416835775946</ele><time>2023-09-23T08:22:48Z</time></trkpt><trkpt lat="22.25424059506242" lon="113.90820414982213"><ele>435.35984096270494</ele><time>2023-09-23T08:22:50Z</time></trkpt><trkpt lat="22.254265583624633" lon="113.9081999917018"><ele>435.77642939843736</ele><time>2023-09-23T08:22:52Z</time></trkpt><trkpt lat="22.254286904355244" lon="113.90819068320494"><ele>435.8681213558306</ele><time>2023-09-23T08:22:54Z</time></trkpt><trkpt lat="22.254306102650975" lon="113.90818108807002"><ele>435.71365125101477</ele><time>2023-09-23T08:22:56Z</time></trkpt><trkpt lat="22.254323973770934" lon="113.90817200053479"><ele>435.35736720177533</ele><time>2023-09-23T08:22:58Z</time></trkpt><trkpt lat="22.25434260767626" lon="113.90815644840396"><ele>435.0487608200507</ele><time>2023-09-23T08:23:00Z</time></trkpt><trkpt lat="22.254364239014237" lon="113.90813578938449"><ele>434.55834932803884</ele><time>2023-09-23T08:23:02Z</time></trkpt><trkpt lat="22.25437735988845" lon="113.90811206583807"><ele>434.0964724012195</ele><time>2023-09-23T08:23:04Z</time></trkpt><trkpt lat="22.25438980754472" lon="113.90809205749127"><ele>434.02710253955183</ele><time>2023-09-23T08:23:06Z</time></trkpt><trkpt lat="22.254396301847038" lon="113.90807277378832"><ele>434.2947094189271</ele><time>2023-09-23T08:23:08Z</time></trkpt><trkpt lat="22.254418167266245" lon="113.90803862000644"><ele>434.6928694365401</ele><time>2023-09-23T08:23:12Z</time></trkpt><trkpt lat="22.254443146031054" lon="113.90801687653347"><ele>434.96691699690064</ele><time>2023-09-23T08:23:14Z</time></trkpt><trkpt lat="22.254463716864365" lon="113.90799705868196"><ele>434.764185286454</ele><time>2023-09-23T08:23:16Z</time></trkpt><trkpt lat="22.254472186114487" lon="113.90796589874932"><ele>434.26286257210086</ele><time>2023-09-23T08:23:18Z</time></trkpt><trkpt lat="22.2544776748976" lon="113.90793330790027"><ele>433.9854673983563</ele><time>2023-09-23T08:23:20Z</time></trkpt><trkpt lat="22.25448429398867" lon="113.90790425126947"><ele>434.1407772836374</ele><time>2023-09-23T08:23:22Z</time></trkpt><trkpt lat="22.25448919916902" lon="113.90787782472052"><ele>434.1306778936458</ele><time>2023-09-23T08:23:24Z</time></trkpt><trkpt lat="22.254494635183427" lon="113.9078576712521"><ele>434.44669871317234</ele><time>2023-09-23T08:23:26Z</time></trkpt><trkpt lat="22.25450546552256" lon="113.90782449594293"><ele>435.0173814412461</ele><time>2023-09-23T08:23:30Z</time></trkpt><trkpt lat="22.254515870743685" lon="113.90780128240515"><ele>434.94413801729655</ele><time>2023-09-23T08:23:32Z</time></trkpt><trkpt lat="22.254522966697937" lon="113.90777988091128"><ele>434.47879951275576</ele><time>2023-09-23T08:23:34Z</time></trkpt><trkpt lat="22.25452791915604" lon="113.9077547609452"><ele>434.4623437832469</ele><time>2023-09-23T08:23:36Z</time></trkpt><trkpt lat="22.254530891968525" lon="113.90772742940996"><ele>434.8597180439632</ele><time>2023-09-23T08:23:38Z</time></trkpt><trkpt lat="22.254529975090584" lon="113.90769963984505"><ele>435.2951005728187</ele><time>2023-09-23T08:23:40Z</time></trkpt><trkpt lat="22.254523567766228" lon="113.90767244572174"><ele>435.7236891953862</ele><time>2023-09-23T08:23:42Z</time></trkpt><trkpt lat="22.25451384038875" lon="113.9076467881787"><ele>436.0688305087038</ele><time>2023-09-23T08:23:44Z</time></trkpt><trkpt lat="22.2544965604725" lon="113.90762567596754"><ele>436.2871683408222</ele><time>2023-09-23T08:23:46Z</time></trkpt><trkpt lat="22.25448441492926" lon="113.9076049599712"><ele>436.4623072715059</ele><time>2023-09-23T08:23:48Z</time></trkpt><trkpt lat="22.25448406688592" lon="113.907583639352"><ele>436.4508247925208</ele><time>2023-09-23T08:23:50Z</time></trkpt><trkpt lat="22.25448563043749" lon="113.90756106811124"><ele>436.3762370976793</ele><time>2023-09-23T08:23:52Z</time></trkpt><trkpt lat="22.254487964812213" lon="113.90753755490753"><ele>436.293630538059</ele><time>2023-09-23T08:23:54Z</time></trkpt><trkpt lat="22.254484017962472" lon="113.90750907967534"><ele>436.18317557457743</ele><time>2023-09-23T08:23:56Z</time></trkpt><trkpt lat="22.254482581586448" lon="113.9074836573348"><ele>436.31027124864465</ele><time>2023-09-23T08:23:58Z</time></trkpt><trkpt lat="22.254488041038893" lon="113.90746262532797"><ele>436.8382693183375</ele><time>2023-09-23T08:24:00Z</time></trkpt><trkpt lat="22.254495139067462" lon="113.90741960635395"><ele>437.53138656988295</ele><time>2023-09-23T08:24:04Z</time></trkpt><trkpt lat="22.25449600905955" lon="113.90739589737407"><ele>437.6416842029489</ele><time>2023-09-23T08:24:06Z</time></trkpt><trkpt lat="22.254497521798125" lon="113.90736269258616"><ele>437.8530627390446</ele><time>2023-09-23T08:24:08Z</time></trkpt><trkpt lat="22.25449249713102" lon="113.90733390495045"><ele>438.01910984915827</ele><time>2023-09-23T08:24:10Z</time></trkpt><trkpt lat="22.254487088423595" lon="113.90730611836034"><ele>438.2705139883653</ele><time>2023-09-23T08:24:12Z</time></trkpt><trkpt lat="22.254482057138134" lon="113.90727998026208"><ele>438.61077099392304</ele><time>2023-09-23T08:24:14Z</time></trkpt><trkpt lat="22.2544774871751" lon="113.90725560466338"><ele>438.4343775180426</ele><time>2023-09-23T08:24:16Z</time></trkpt><trkpt lat="22.254475798477156" lon="113.90723046032316"><ele>438.7552240880699</ele><time>2023-09-23T08:24:18Z</time></trkpt><trkpt lat="22.25447303644058" lon="113.90720641596666"><ele>438.5799169367657</ele><time>2023-09-23T08:24:20Z</time></trkpt><trkpt lat="22.25447200445949" lon="113.90718485602991"><ele>438.5467961160867</ele><time>2023-09-23T08:24:22Z</time></trkpt><trkpt lat="22.254466604273073" lon="113.90714449117092"><ele>438.5322868119914</ele><time>2023-09-23T08:24:26Z</time></trkpt><trkpt lat="22.25446166866989" lon="113.90712096549767"><ele>438.549856168944</ele><time>2023-09-23T08:24:28Z</time></trkpt><trkpt lat="22.254457245862636" lon="113.90708715982478"><ele>438.5931930639214</ele><time>2023-09-23T08:24:30Z</time></trkpt><trkpt lat="22.254449241333223" lon="113.90705933579838"><ele>438.56863383031873</ele><time>2023-09-23T08:24:32Z</time></trkpt><trkpt lat="22.254444594961118" lon="113.9070326454818"><ele>438.7371058085218</ele><time>2023-09-23T08:24:34Z</time></trkpt><trkpt lat="22.25444566438792" lon="113.90700668506189"><ele>438.84758850182817</ele><time>2023-09-23T08:24:36Z</time></trkpt><trkpt lat="22.25444749325658" lon="113.90698222328307"><ele>438.76696521064514</ele><time>2023-09-23T08:24:38Z</time></trkpt><trkpt lat="22.254447863598326" lon="113.90694243236975"><ele>438.59913209399326</ele><time>2023-09-23T08:24:42Z</time></trkpt><trkpt lat="22.254450354685474" lon="113.90691804391922"><ele>438.4839042889476</ele><time>2023-09-23T08:24:44Z</time></trkpt><trkpt lat="22.25445299873413" lon="113.90689421539814"><ele>438.0692237751204</ele><time>2023-09-23T08:24:46Z</time></trkpt><trkpt lat="22.254455117367282" lon="113.90686864248995"><ele>437.75551936000693</ele><time>2023-09-23T08:24:48Z</time></trkpt><trkpt lat="22.25446098717646" lon="113.90684561763437"><ele>437.56326588660625</ele><time>2023-09-23T08:24:50Z</time></trkpt><trkpt lat="22.254464013336904" lon="113.90681985886131"><ele>437.5226842065068</ele><time>2023-09-23T08:24:52Z</time></trkpt><trkpt lat="22.25446578167118" lon="113.90679751975276"><ele>437.3261523328005</ele><time>2023-09-23T08:24:54Z</time></trkpt><trkpt lat="22.254462581932394" lon="113.90676197342636"><ele>436.8932772295842</ele><time>2023-09-23T08:24:58Z</time></trkpt><trkpt lat="22.25445713996138" lon="113.90673922815282"><ele>437.08263488081826</ele><time>2023-09-23T08:25:00Z</time></trkpt><trkpt lat="22.254454708495334" lon="113.90671921810537"><ele>437.2831838628883</ele><time>2023-09-23T08:25:02Z</time></trkpt><trkpt lat="22.25445640997285" lon="113.90669409827245"><ele>437.26332903854683</ele><time>2023-09-23T08:25:04Z</time></trkpt><trkpt lat="22.254467113265076" lon="113.90666812303205"><ele>437.4800878158752</ele><time>2023-09-23T08:25:06Z</time></trkpt><trkpt lat="22.25447556773009" lon="113.90664811662755"><ele>437.68148304888086</ele><time>2023-09-23T08:25:08Z</time></trkpt><trkpt lat="22.25448410843698" lon="113.90662783541343"><ele>437.9455610523666</ele><time>2023-09-23T08:25:10Z</time></trkpt><trkpt lat="22.254491811212535" lon="113.90660901907255"><ele>438.0476292145034</ele><time>2023-09-23T08:25:12Z</time></trkpt><trkpt lat="22.254503157853748" lon="113.90658937737997"><ele>438.1144178168729</ele><time>2023-09-23T08:25:14Z</time></trkpt><trkpt lat="22.25451865011875" lon="113.9065708555282"><ele>437.71149687891864</ele><time>2023-09-23T08:25:16Z</time></trkpt><trkpt lat="22.2545304995376" lon="113.90655253329903"><ele>437.20425371319357</ele><time>2023-09-23T08:25:18Z</time></trkpt><trkpt lat="22.254529963756163" lon="113.90653245414852"><ele>436.9902387902399</ele><time>2023-09-23T08:25:20Z</time></trkpt><trkpt lat="22.254531788627" lon="113.90651279234162"><ele>436.92235992780144</ele><time>2023-09-23T08:25:22Z</time></trkpt><trkpt lat="22.254543690697023" lon="113.90649707198634"><ele>436.7584199876464</ele><time>2023-09-23T08:25:24Z</time></trkpt><trkpt lat="22.254558526417483" lon="113.90646419104873"><ele>436.4335533416513</ele><time>2023-09-23T08:25:28Z</time></trkpt><trkpt lat="22.25457556851343" lon="113.90644018945225"><ele>436.4569657039944</ele><time>2023-09-23T08:25:30Z</time></trkpt><trkpt lat="22.254579829891554" lon="113.90641118020486"><ele>436.38122211323605</ele><time>2023-09-23T08:25:32Z</time></trkpt><trkpt lat="22.254582176361964" lon="113.90638565364355"><ele>436.63794983632147</ele><time>2023-09-23T08:25:34Z</time></trkpt><trkpt lat="22.254583504379628" lon="113.90635584642479"><ele>436.64625895307563</ele><time>2023-09-23T08:25:38Z</time></trkpt><trkpt lat="22.254604982638725" lon="113.90634360350715"><ele>434.38109240017116</ele><time>2023-09-23T08:26:40Z</time></trkpt><trkpt lat="22.254623240587986" lon="113.90633444648968"><ele>433.9977231873631</ele><time>2023-09-23T08:26:42Z</time></trkpt><trkpt lat="22.254654022313265" lon="113.90634886408088"><ele>433.85665273971443</ele><time>2023-09-23T08:26:44Z</time></trkpt><trkpt lat="22.254677438196705" lon="113.90637071656252"><ele>434.3211233457897</ele><time>2023-09-23T08:26:46Z</time></trkpt><trkpt lat="22.25469915103307" lon="113.90635326347855"><ele>435.0477431205648</ele><time>2023-09-23T08:26:50Z</time></trkpt><trkpt lat="22.2547152341943" lon="113.90632754935639"><ele>435.4474734773446</ele><time>2023-09-23T08:26:52Z</time></trkpt><trkpt lat="22.254735211491848" lon="113.90630146567369"><ele>435.2840807823328</ele><time>2023-09-23T08:26:54Z</time></trkpt><trkpt lat="22.254755898128295" lon="113.9062878301931"><ele>434.5600887042226</ele><time>2023-09-23T08:26:56Z</time></trkpt><trkpt lat="22.254785346561263" lon="113.906280049636"><ele>433.8785574742216</ele><time>2023-09-23T08:26:58Z</time></trkpt><trkpt lat="22.254812448153174" lon="113.90627495381906"><ele>433.538126787706</ele><time>2023-09-23T08:27:00Z</time></trkpt><trkpt lat="22.254835746711837" lon="113.90626783684193"><ele>433.20505727329413</ele><time>2023-09-23T08:27:02Z</time></trkpt><trkpt lat="22.254853963997807" lon="113.90625831371005"><ele>433.0479333339733</ele><time>2023-09-23T08:27:04Z</time></trkpt><trkpt lat="22.25487049042449" lon="113.90624636897148"><ele>432.9716610674945</ele><time>2023-09-23T08:27:06Z</time></trkpt><trkpt lat="22.254893741634664" lon="113.90623118641753"><ele>432.7650949853934</ele><time>2023-09-23T08:27:08Z</time></trkpt><trkpt lat="22.254916564586992" lon="113.90621695312902"><ele>432.55169002776853</ele><time>2023-09-23T08:27:10Z</time></trkpt><trkpt lat="22.25494233816183" lon="113.90620490486333"><ele>432.40639620162324</ele><time>2023-09-23T08:27:12Z</time></trkpt><trkpt lat="22.254968474765707" lon="113.90620098790842"><ele>432.228575591663</ele><time>2023-09-23T08:27:14Z</time></trkpt><trkpt lat="22.25499235336929" lon="113.9061991056189"><ele>431.95997978725774</ele><time>2023-09-23T08:27:16Z</time></trkpt><trkpt lat="22.255016926793033" lon="113.9061920432894"><ele>431.99235886198204</ele><time>2023-09-23T08:27:18Z</time></trkpt><trkpt lat="22.255040458673506" lon="113.90618504438469"><ele>431.8373673466248</ele><time>2023-09-23T08:27:20Z</time></trkpt><trkpt lat="22.255062457865552" lon="113.90617728124383"><ele>432.1935602663731</ele><time>2023-09-23T08:27:22Z</time></trkpt><trkpt lat="22.255083886704718" lon="113.90617183602866"><ele>431.8349928480757</ele><time>2023-09-23T08:27:24Z</time></trkpt><trkpt lat="22.255104659752643" lon="113.90616596328216"><ele>431.607030411082</ele><time>2023-09-23T08:27:26Z</time></trkpt><trkpt lat="22.255126880786435" lon="113.90615967778173"><ele>431.2624136397128</ele><time>2023-09-23T08:27:28Z</time></trkpt><trkpt lat="22.25515037494724" lon="113.90615179443567"><ele>430.82441829232</ele><time>2023-09-23T08:27:30Z</time></trkpt><trkpt lat="22.25517467056385" lon="113.90614170742604"><ele>430.6862372246399</ele><time>2023-09-23T08:27:32Z</time></trkpt><trkpt lat="22.25519863012148" lon="113.90613205637501"><ele>430.5311872417677</ele><time>2023-09-23T08:27:34Z</time></trkpt><trkpt lat="22.255221598350236" lon="113.90612888060045"><ele>430.45516286930155</ele><time>2023-09-23T08:27:36Z</time></trkpt><trkpt lat="22.255240915573335" lon="113.90612419436594"><ele>430.0858859355831</ele><time>2023-09-23T08:27:38Z</time></trkpt><trkpt lat="22.25526493405023" lon="113.90612032009327"><ele>430.0758630068778</ele><time>2023-09-23T08:27:40Z</time></trkpt><trkpt lat="22.25528803117594" lon="113.90611571381459"><ele>430.2196799925063</ele><time>2023-09-23T08:27:42Z</time></trkpt><trkpt lat="22.25531033890395" lon="113.90610497064142"><ele>430.14791638144123</ele><time>2023-09-23T08:27:44Z</time></trkpt><trkpt lat="22.25533221460277" lon="113.90609696301712"><ele>429.77119396432226</ele><time>2023-09-23T08:27:46Z</time></trkpt><trkpt lat="22.25535550757261" lon="113.90608881454068"><ele>429.82695114039325</ele><time>2023-09-23T08:27:48Z</time></trkpt><trkpt lat="22.25538072978285" lon="113.90608304627924"><ele>429.94472750092757</ele><time>2023-09-23T08:27:50Z</time></trkpt><trkpt lat="22.25540668947132" lon="113.90607773040007"><ele>430.209573392618</ele><time>2023-09-23T08:27:52Z</time></trkpt><trkpt lat="22.255432298353963" lon="113.90607325598533"><ele>430.23049323809903</ele><time>2023-09-23T08:27:54Z</time></trkpt><trkpt lat="22.255455873786723" lon="113.90606889808097"><ele>429.9540292946159</ele><time>2023-09-23T08:27:56Z</time></trkpt><trkpt lat="22.255477371660582" lon="113.90606080361135"><ele>429.8281252740536</ele><time>2023-09-23T08:27:58Z</time></trkpt><trkpt lat="22.255497309063376" lon="113.90605761296126"><ele>429.57843316238757</ele><time>2023-09-23T08:28:00Z</time></trkpt><trkpt lat="22.255524628201872" lon="113.90605055713452"><ele>429.72556554355145</ele><time>2023-09-23T08:28:02Z</time></trkpt><trkpt lat="22.25554886211563" lon="113.90604968799964"><ele>429.5790088910512</ele><time>2023-09-23T08:28:04Z</time></trkpt><trkpt lat="22.255574733582822" lon="113.90606373214742"><ele>429.19459724741915</ele><time>2023-09-23T08:28:08Z</time></trkpt><trkpt lat="22.255591017491433" lon="113.9060731657009"><ele>428.8071566966724</ele><time>2023-09-23T08:28:12Z</time></trkpt><trkpt lat="22.255559450874866" lon="113.9060687677645"><ele>429.81152163007476</ele><time>2023-09-23T08:28:42Z</time></trkpt><trkpt lat="22.25552866791134" lon="113.90608168800149"><ele>429.9628506977264</ele><time>2023-09-23T08:28:46Z</time></trkpt><trkpt lat="22.25550155526314" lon="113.90607988901712"><ele>430.50257652960715</ele><time>2023-09-23T08:28:48Z</time></trkpt><trkpt lat="22.25547703267851" lon="113.90608628804023"><ele>430.8444945148867</ele><time>2023-09-23T08:29:16Z</time></trkpt><trkpt lat="22.255456552543563" lon="113.90609147956067"><ele>430.6085193512024</ele><time>2023-09-23T08:29:18Z</time></trkpt><trkpt lat="22.255437366572966" lon="113.90609512825394"><ele>430.73017376769826</ele><time>2023-09-23T08:29:22Z</time></trkpt><trkpt lat="22.255414373255196" lon="113.90611228571645"><ele>430.7483775056782</ele><time>2023-09-23T08:29:26Z</time></trkpt><trkpt lat="22.25539259376044" lon="113.90611206444082"><ele>431.0376207555433</ele><time>2023-09-23T08:29:30Z</time></trkpt><trkpt lat="22.255368070725545" lon="113.90613239148092"><ele>430.8550265420296</ele><time>2023-09-23T08:29:36Z</time></trkpt><trkpt lat="22.255345627486044" lon="113.90613159447946"><ele>431.2277778644292</ele><time>2023-09-23T08:29:38Z</time></trkpt><trkpt lat="22.255321715681625" lon="113.90612852365057"><ele>431.3933336051662</ele><time>2023-09-23T08:29:40Z</time></trkpt><trkpt lat="22.25529892222234" lon="113.90612874339372"><ele>431.58170049244455</ele><time>2023-09-23T08:29:42Z</time></trkpt><trkpt lat="22.255277794374884" lon="113.90613988492802"><ele>431.26899004987445</ele><time>2023-09-23T08:29:44Z</time></trkpt><trkpt lat="22.255257411631995" lon="113.90615021986764"><ele>431.26109929211094</ele><time>2023-09-23T08:29:46Z</time></trkpt><trkpt lat="22.255240275285605" lon="113.90615851770715"><ele>431.12856959214787</ele><time>2023-09-23T08:29:48Z</time></trkpt><trkpt lat="22.255208478734126" lon="113.90618591049305"><ele>430.92271947992276</ele><time>2023-09-23T08:29:52Z</time></trkpt><trkpt lat="22.255183430229632" lon="113.90619547338802"><ele>430.7311541228094</ele><time>2023-09-23T08:29:54Z</time></trkpt><trkpt lat="22.25515891839605" lon="113.90620484466486"><ele>430.88610185580717</ele><time>2023-09-23T08:29:56Z</time></trkpt><trkpt lat="22.25513562107558" lon="113.90621032649018"><ele>431.0135304185168</ele><time>2023-09-23T08:29:58Z</time></trkpt><trkpt lat="22.255114277787644" lon="113.90621542940832"><ele>431.3632209574988</ele><time>2023-09-23T08:30:00Z</time></trkpt><trkpt lat="22.255095111812793" lon="113.90621479862246"><ele>431.4896290785527</ele><time>2023-09-23T08:30:02Z</time></trkpt><trkpt lat="22.25507782001812" lon="113.90622094537774"><ele>431.48634662934904</ele><time>2023-09-23T08:30:04Z</time></trkpt><trkpt lat="22.255043570772294" lon="113.90624097116442"><ele>431.1983700280127</ele><time>2023-09-23T08:30:08Z</time></trkpt><trkpt lat="22.255021227083688" lon="113.9062500942117"><ele>430.8249724069927</ele><time>2023-09-23T08:30:10Z</time></trkpt><trkpt lat="22.25499720211049" lon="113.90625541506806"><ele>430.8416424835193</ele><time>2023-09-23T08:30:12Z</time></trkpt><trkpt lat="22.25497111385043" lon="113.90625491076396"><ele>431.2806633895855</ele><time>2023-09-23T08:30:14Z</time></trkpt><trkpt lat="22.2549458899399" lon="113.90624925956546"><ele>431.45595048009625</ele><time>2023-09-23T08:30:16Z</time></trkpt><trkpt lat="22.254925583243196" lon="113.90625244815821"><ele>431.62259719794065</ele><time>2023-09-23T08:30:18Z</time></trkpt><trkpt lat="22.254898431093395" lon="113.90627412079047"><ele>431.95135537673514</ele><time>2023-09-23T08:30:22Z</time></trkpt><trkpt lat="22.254876781971728" lon="113.90628166770594"><ele>431.9976143658525</ele><time>2023-09-23T08:30:24Z</time></trkpt><trkpt lat="22.254850665873924" lon="113.90628874415766"><ele>431.52048388616663</ele><time>2023-09-23T08:30:26Z</time></trkpt><trkpt lat="22.254827154594892" lon="113.90629870598124"><ele>431.36874466257336</ele><time>2023-09-23T08:30:28Z</time></trkpt><trkpt lat="22.254808690351954" lon="113.90631049406457"><ele>431.18048660715226</ele><time>2023-09-23T08:30:30Z</time></trkpt><trkpt lat="22.254789315243205" lon="113.90632509371312"><ele>430.86925393845667</ele><time>2023-09-23T08:30:32Z</time></trkpt><trkpt lat="22.254769906337557" lon="113.90634147955653"><ele>431.0360284760672</ele><time>2023-09-23T08:30:34Z</time></trkpt><trkpt lat="22.25475080114718" lon="113.9063528947768"><ele>431.2268380235608</ele><time>2023-09-23T08:30:36Z</time></trkpt><trkpt lat="22.254730486723624" lon="113.90636582448585"><ele>431.4246689820804</ele><time>2023-09-23T08:30:38Z</time></trkpt><trkpt lat="22.25470559142783" lon="113.90637406834092"><ele>431.4554792530841</ele><time>2023-09-23T08:30:40Z</time></trkpt><trkpt lat="22.254683446372212" lon="113.90637241893145"><ele>431.34758641414453</ele><time>2023-09-23T08:30:42Z</time></trkpt><trkpt lat="22.25466156775996" lon="113.90638201693464"><ele>431.9710271635123</ele><time>2023-09-23T08:30:46Z</time></trkpt><trkpt lat="22.254642609801085" lon="113.90639089700454"><ele>431.9847979305371</ele><time>2023-09-23T08:30:48Z</time></trkpt><trkpt lat="22.25462209597696" lon="113.90638768751415"><ele>432.38379240782433</ele><time>2023-09-23T08:30:50Z</time></trkpt><trkpt lat="22.254603533484644" lon="113.90638076707556"><ele>432.76981305208693</ele><time>2023-09-23T08:30:52Z</time></trkpt><trkpt lat="22.254584769134727" lon="113.90636735374571"><ele>432.6750303450375</ele><time>2023-09-23T08:30:56Z</time></trkpt><trkpt lat="22.254617573503364" lon="113.90637473765804"><ele>432.4675565779292</ele><time>2023-09-23T08:31:02Z</time></trkpt><trkpt lat="22.254653151878056" lon="113.90637061128145"><ele>432.7891696390443</ele><time>2023-09-23T08:31:06Z</time></trkpt><trkpt lat="22.254672737530946" lon="113.90636112807849"><ele>432.71921786261055</ele><time>2023-09-23T08:31:08Z</time></trkpt><trkpt lat="22.254694453085488" lon="113.90635172794128"><ele>432.92026808654464</ele><time>2023-09-23T08:31:10Z</time></trkpt><trkpt lat="22.254716149124235" lon="113.90633953714622"><ele>433.3894613371584</ele><time>2023-09-23T08:31:12Z</time></trkpt><trkpt lat="22.254737519136636" lon="113.90632522417329"><ele>433.86248010470916</ele><time>2023-09-23T08:31:14Z</time></trkpt><trkpt lat="22.25475636030249" lon="113.90631723630271"><ele>434.1165366487913</ele><time>2023-09-23T08:31:16Z</time></trkpt><trkpt lat="22.254790705641796" lon="113.90630022905276"><ele>433.84564313382305</ele><time>2023-09-23T08:31:20Z</time></trkpt><trkpt lat="22.254812518106537" lon="113.9062856264492"><ele>433.640022687882</ele><time>2023-09-23T08:31:22Z</time></trkpt><trkpt lat="22.254834077207974" lon="113.90627204655648"><ele>433.5236503877034</ele><time>2023-09-23T08:31:24Z</time></trkpt><trkpt lat="22.254858138968686" lon="113.90625706396973"><ele>433.4980986559421</ele><time>2023-09-23T08:31:26Z</time></trkpt><trkpt lat="22.25487564735207" lon="113.90624059845861"><ele>433.50853377433685</ele><time>2023-09-23T08:31:28Z</time></trkpt><trkpt lat="22.254891279522326" lon="113.90622377303804"><ele>433.0807003029716</ele><time>2023-09-23T08:31:30Z</time></trkpt><trkpt lat="22.25490790886296" lon="113.90620837733304"><ele>432.900713923615</ele><time>2023-09-23T08:31:32Z</time></trkpt><trkpt lat="22.254931338802898" lon="113.90618240562745"><ele>433.2678566001912</ele><time>2023-09-23T08:31:36Z</time></trkpt><trkpt lat="22.254950588311743" lon="113.90616759574228"><ele>433.45121138297014</ele><time>2023-09-23T08:31:38Z</time></trkpt><trkpt lat="22.254967591657977" lon="113.9061536704793"><ele>433.56500392407287</ele><time>2023-09-23T08:31:40Z</time></trkpt><trkpt lat="22.254980666432058" lon="113.90613578002954"><ele>433.4491689136887</ele><time>2023-09-23T08:31:42Z</time></trkpt><trkpt lat="22.254989262275082" lon="113.9061157019975"><ele>433.19131223740254</ele><time>2023-09-23T08:31:44Z</time></trkpt><trkpt lat="22.254991463805762" lon="113.90609614991766"><ele>432.4049246888091</ele><time>2023-09-23T08:31:54Z</time></trkpt><trkpt lat="22.25502088111976" lon="113.90607529159485"><ele>432.3239222870753</ele><time>2023-09-23T08:31:58Z</time></trkpt><trkpt lat="22.255031528921396" lon="113.90605448075067"><ele>432.6802366081787</ele><time>2023-09-23T08:32:02Z</time></trkpt><trkpt lat="22.255055119494415" lon="113.90603633644628"><ele>433.5024394381218</ele><time>2023-09-23T08:32:14Z</time></trkpt><trkpt lat="22.25506208425792" lon="113.90600522119591"><ele>433.20530901408125</ele><time>2023-09-23T08:32:22Z</time></trkpt><trkpt lat="22.25506494627339" lon="113.90602702587212"><ele>433.4339360940732</ele><time>2023-09-23T08:33:38Z</time></trkpt><trkpt lat="22.255051340661776" lon="113.90601368982355"><ele>434.13917165102845</ele><time>2023-09-23T08:33:40Z</time></trkpt><trkpt lat="22.255061817246553" lon="113.90599461638155"><ele>434.76298583157853</ele><time>2023-09-23T08:33:50Z</time></trkpt><trkpt lat="22.25507538468174" lon="113.90601625524656"><ele>435.0778116683382</ele><time>2023-09-23T08:35:12Z</time></trkpt><trkpt lat="22.255056021807768" lon="113.90603301513227"><ele>433.95741297456084</ele><time>2023-09-23T08:35:16Z</time></trkpt><trkpt lat="22.255083218332814" lon="113.90601228008619"><ele>434.0611013880626</ele><time>2023-09-23T08:36:20Z</time></trkpt><trkpt lat="22.255102009278872" lon="113.90598850293897"><ele>434.46806261938445</ele><time>2023-09-23T08:36:30Z</time></trkpt><trkpt lat="22.255133789505074" lon="113.9059719863164"><ele>435.378016531275</ele><time>2023-09-23T08:36:34Z</time></trkpt><trkpt lat="22.255149915161994" lon="113.90595315132211"><ele>436.01143135306035</ele><time>2023-09-23T08:36:38Z</time></trkpt><trkpt lat="22.25516653622621" lon="113.90592756899504"><ele>435.8840474390189</ele><time>2023-09-23T08:36:42Z</time></trkpt><trkpt lat="22.255175289780425" lon="113.9058967328314"><ele>436.0445763490141</ele><time>2023-09-23T08:36:46Z</time></trkpt><trkpt lat="22.255189292891284" lon="113.90586588333582"><ele>436.2687404833563</ele><time>2023-09-23T08:36:50Z</time></trkpt><trkpt lat="22.255198662060646" lon="113.90584752306545"><ele>436.41686443981473</ele><time>2023-09-23T08:36:52Z</time></trkpt><trkpt lat="22.255207522781767" lon="113.90582942993048"><ele>436.3124555346193</ele><time>2023-09-23T08:36:54Z</time></trkpt><trkpt lat="22.25521410065756" lon="113.90580399824947"><ele>436.76820377141837</ele><time>2023-09-23T08:36:58Z</time></trkpt><trkpt lat="22.255219878601643" lon="113.90576674769834"><ele>437.26410947178755</ele><time>2023-09-23T08:37:02Z</time></trkpt><trkpt lat="22.25522593761783" lon="113.90574607006329"><ele>437.37609015797574</ele><time>2023-09-23T08:37:04Z</time></trkpt><trkpt lat="22.25524390695083" lon="113.9057272760523"><ele>437.451105793479</ele><time>2023-09-23T08:37:06Z</time></trkpt><trkpt lat="22.255262892073965" lon="113.90571394577591"><ele>438.0119124418542</ele><time>2023-09-23T08:37:08Z</time></trkpt><trkpt lat="22.25528797628995" lon="113.9056937872"><ele>438.1845512176761</ele><time>2023-09-23T08:37:12Z</time></trkpt><trkpt lat="22.2552937361129" lon="113.90567260508469"><ele>438.0574119705479</ele><time>2023-09-23T08:37:14Z</time></trkpt><trkpt lat="22.25530647371568" lon="113.90565599122124"><ele>438.1563100828144</ele><time>2023-09-23T08:37:16Z</time></trkpt><trkpt lat="22.255304578773213" lon="113.90562450942033"><ele>438.1977039794041</ele><time>2023-09-23T08:37:38Z</time></trkpt><trkpt lat="22.25530401317567" lon="113.90559174107982"><ele>438.47207335410826</ele><time>2023-09-23T08:37:40Z</time></trkpt><trkpt lat="22.255304742234753" lon="113.90556433834053"><ele>437.98041947846065</ele><time>2023-09-23T08:37:42Z</time></trkpt><trkpt lat="22.255300389495062" lon="113.90554216943943"><ele>437.38813019613235</ele><time>2023-09-23T08:37:44Z</time></trkpt><trkpt lat="22.255284017561504" lon="113.90551867639464"><ele>437.43867353099694</ele><time>2023-09-23T08:37:46Z</time></trkpt><trkpt lat="22.25527381230187" lon="113.90549513019089"><ele>437.3267308614205</ele><time>2023-09-23T08:37:48Z</time></trkpt><trkpt lat="22.25526101851377" lon="113.9054702628035"><ele>436.9591512062967</ele><time>2023-09-23T08:37:50Z</time></trkpt><trkpt lat="22.255258895250492" lon="113.90544426238624"><ele>436.8283277449009</ele><time>2023-09-23T08:37:52Z</time></trkpt><trkpt lat="22.2552587958593" lon="113.90542308872561"><ele>436.7044986830249</ele><time>2023-09-23T08:37:54Z</time></trkpt><trkpt lat="22.25526408484049" lon="113.90540158948949"><ele>436.8660464595977</ele><time>2023-09-23T08:37:56Z</time></trkpt><trkpt lat="22.25526667369104" lon="113.90537826451202"><ele>437.23610854666794</ele><time>2023-09-23T08:37:58Z</time></trkpt><trkpt lat="22.255267405489572" lon="113.90535718075037"><ele>436.86574552628764</ele><time>2023-09-23T08:38:00Z</time></trkpt><trkpt lat="22.255267879091107" lon="113.90533005648051"><ele>436.869725605504</ele><time>2023-09-23T08:38:02Z</time></trkpt><trkpt lat="22.255268509876625" lon="113.90530333059395"><ele>436.8648132719672</ele><time>2023-09-23T08:38:04Z</time></trkpt><trkpt lat="22.25526694989978" lon="113.9052787749165"><ele>436.8228924579653</ele><time>2023-09-23T08:38:06Z</time></trkpt><trkpt lat="22.255256115846365" lon="113.90524149104739"><ele>436.29859303582543</ele><time>2023-09-23T08:38:10Z</time></trkpt><trkpt lat="22.25525548175256" lon="113.90522144234404"><ele>435.8915998168472</ele><time>2023-09-23T08:38:12Z</time></trkpt><trkpt lat="22.255256900535993" lon="113.90519791039829"><ele>435.26828864579164</ele><time>2023-09-23T08:38:14Z</time></trkpt><trkpt lat="22.255259470727875" lon="113.9051699199663"><ele>435.1692059485401</ele><time>2023-09-23T08:38:16Z</time></trkpt><trkpt lat="22.255265173309127" lon="113.90514175691234"><ele>435.55169831918823</ele><time>2023-09-23T08:38:18Z</time></trkpt><trkpt lat="22.25527360276251" lon="113.90511678934821"><ele>435.7715425231292</ele><time>2023-09-23T08:38:20Z</time></trkpt><trkpt lat="22.255284286657677" lon="113.9050898823454"><ele>435.4836496732725</ele><time>2023-09-23T08:38:26Z</time></trkpt><trkpt lat="22.255301254993295" lon="113.90508156908749"><ele>435.3956515902958</ele><time>2023-09-23T08:38:28Z</time></trkpt><trkpt lat="22.25528941454851" lon="113.90506126144588"><ele>435.74849019255345</ele><time>2023-09-23T08:38:36Z</time></trkpt><trkpt lat="22.255256295497993" lon="113.90504073869187"><ele>435.0001643697651</ele><time>2023-09-23T08:38:40Z</time></trkpt><trkpt lat="22.255246513183437" lon="113.90501498877022"><ele>434.50414880551483</ele><time>2023-09-23T08:38:42Z</time></trkpt><trkpt lat="22.25524078805363" lon="113.90498878535246"><ele>434.6563808077467</ele><time>2023-09-23T08:38:44Z</time></trkpt><trkpt lat="22.25523702369082" lon="113.90496177986394"><ele>435.1087889288577</ele><time>2023-09-23T08:38:46Z</time></trkpt><trkpt lat="22.255241959461312" lon="113.9049192910622"><ele>435.30742253690727</ele><time>2023-09-23T08:38:50Z</time></trkpt><trkpt lat="22.255246548271767" lon="113.90489982512372"><ele>435.17908372082445</ele><time>2023-09-23T08:38:52Z</time></trkpt><trkpt lat="22.255208632903752" lon="113.9048852272716"><ele>434.6549418316011</ele><time>2023-09-23T08:38:56Z</time></trkpt><trkpt lat="22.255186494062393" lon="113.9048746277828"><ele>434.9419192813982</ele><time>2023-09-23T08:38:58Z</time></trkpt><trkpt lat="22.255180932829266" lon="113.90485238172586"><ele>435.25088513581983</ele><time>2023-09-23T08:39:00Z</time></trkpt><trkpt lat="22.25519850454089" lon="113.90482845106841"><ele>435.4177400015016</ele><time>2023-09-23T08:39:02Z</time></trkpt><trkpt lat="22.255209830522276" lon="113.90480060480778"><ele>435.5658059390423</ele><time>2023-09-23T08:39:04Z</time></trkpt><trkpt lat="22.255216594890204" lon="113.9047808639153"><ele>435.87394513818816</ele><time>2023-09-23T08:39:06Z</time></trkpt><trkpt lat="22.255208249286255" lon="113.90474599583354"><ele>436.32776185816635</ele><time>2023-09-23T08:39:10Z</time></trkpt><trkpt lat="22.255190704434273" lon="113.90473182615402"><ele>435.8871612251328</ele><time>2023-09-23T08:39:14Z</time></trkpt><trkpt lat="22.25518185151271" lon="113.90470361232623"><ele>435.3855669332178</ele><time>2023-09-23T08:39:18Z</time></trkpt><trkpt lat="22.255203246827815" lon="113.90469324082265"><ele>434.9913942115368</ele><time>2023-09-23T08:39:20Z</time></trkpt><trkpt lat="22.255223759210065" lon="113.90470858849972"><ele>434.88437813681435</ele><time>2023-09-23T08:39:22Z</time></trkpt><trkpt lat="22.25524099918289" lon="113.90472182854067"><ele>434.84388950431236</ele><time>2023-09-23T08:39:24Z</time></trkpt><trkpt lat="22.25526120125421" lon="113.90472677382029"><ele>434.8453898274074</ele><time>2023-09-23T08:39:26Z</time></trkpt><trkpt lat="22.25527675242009" lon="113.9047090192577"><ele>434.83756579517166</ele><time>2023-09-23T08:39:28Z</time></trkpt><trkpt lat="22.25528624714379" lon="113.90467911965577"><ele>434.84145549675304</ele><time>2023-09-23T08:39:32Z</time></trkpt><trkpt lat="22.255298006456066" lon="113.9047011600627"><ele>434.867802890896</ele><time>2023-09-23T08:39:48Z</time></trkpt><trkpt lat="22.25528418743179" lon="113.90474427755264"><ele>434.86774436417704</ele><time>2023-09-23T08:39:50Z</time></trkpt><trkpt lat="22.255196955627333" lon="113.90469423579039"><ele>434.925298503681</ele><time>2023-09-23T08:40:12Z</time></trkpt><trkpt lat="22.25517899757328" lon="113.9047377721882"><ele>435.003219303753</ele><time>2023-09-23T08:40:16Z</time></trkpt><trkpt lat="22.255223082696766" lon="113.90471114537941"><ele>435.0404504120398</ele><time>2023-09-23T08:40:20Z</time></trkpt><trkpt lat="22.25524374725289" lon="113.90474012479152"><ele>435.01790337557094</ele><time>2023-09-23T08:40:22Z</time></trkpt><trkpt lat="22.255220777366905" lon="113.90475044048047"><ele>435.06567320785393</ele><time>2023-09-23T08:40:24Z</time></trkpt><trkpt lat="22.255216931812296" lon="113.90468195707844"><ele>435.25593823306366</ele><time>2023-09-23T08:40:26Z</time></trkpt><trkpt lat="22.255234878704233" lon="113.90472026265046"><ele>435.2842617738491</ele><time>2023-09-23T08:40:48Z</time></trkpt><trkpt lat="22.25524528761791" lon="113.90474323884324"><ele>435.2780895521294</ele><time>2023-09-23T08:40:50Z</time></trkpt><trkpt lat="22.2552454855955" lon="113.90479640620573"><ele>435.9800334886947</ele><time>2023-09-23T08:40:54Z</time></trkpt><trkpt lat="22.25521729766613" lon="113.90481057069647"><ele>438.3841574871249</ele><time>2023-09-23T08:40:58Z</time></trkpt><trkpt lat="22.255204880886804" lon="113.90483374189532"><ele>439.04228429402804</ele><time>2023-09-23T08:41:00Z</time></trkpt><trkpt lat="22.255190982298444" lon="113.90486580935314"><ele>439.17022838569756</ele><time>2023-09-23T08:41:02Z</time></trkpt><trkpt lat="22.255188799179358" lon="113.90489239409703"><ele>438.92986493307325</ele><time>2023-09-23T08:41:04Z</time></trkpt><trkpt lat="22.255208444863506" lon="113.9048984778704"><ele>438.7587063347487</ele><time>2023-09-23T08:41:06Z</time></trkpt><trkpt lat="22.255236638386297" lon="113.90488082759545"><ele>438.2523872879434</ele><time>2023-09-23T08:41:08Z</time></trkpt><trkpt lat="22.255265909691676" lon="113.90487149881875"><ele>438.9862338192627</ele><time>2023-09-23T08:41:10Z</time></trkpt><trkpt lat="22.255279259414735" lon="113.90485326003217"><ele>438.6529922162888</ele><time>2023-09-23T08:41:12Z</time></trkpt><trkpt lat="22.25528347502289" lon="113.90483297749819"><ele>438.4314083142365</ele><time>2023-09-23T08:41:14Z</time></trkpt><trkpt lat="22.255287265599488" lon="113.90480732095708"><ele>437.74997785776804</ele><time>2023-09-23T08:41:16Z</time></trkpt><trkpt lat="22.255282259891196" lon="113.90478297833768"><ele>437.4143830128859</ele><time>2023-09-23T08:41:18Z</time></trkpt><trkpt lat="22.25527995200458" lon="113.90475980520536"><ele>437.06411644491897</ele><time>2023-09-23T08:41:20Z</time></trkpt><trkpt lat="22.2552771291253" lon="113.90473695041034"><ele>436.92481171797147</ele><time>2023-09-23T08:41:22Z</time></trkpt><trkpt lat="22.255276813131015" lon="113.90470998988538"><ele>436.868800963357</ele><time>2023-09-23T08:41:24Z</time></trkpt><trkpt lat="22.25528066492245" lon="113.90468575054027"><ele>436.7848970894986</ele><time>2023-09-23T08:41:26Z</time></trkpt><trkpt lat="22.25528208563047" lon="113.90465934018431"><ele>437.1060954914238</ele><time>2023-09-23T08:41:28Z</time></trkpt><trkpt lat="22.25528402034283" lon="113.90463507431046"><ele>437.79058901477674</ele><time>2023-09-23T08:41:30Z</time></trkpt><trkpt lat="22.255305906958128" lon="113.90459628340858"><ele>438.2543794045206</ele><time>2023-09-23T08:41:34Z</time></trkpt><trkpt lat="22.255322224673247" lon="113.90457595929303"><ele>438.743990219279</ele><time>2023-09-23T08:41:36Z</time></trkpt><trkpt lat="22.255337046475216" lon="113.90455862751512"><ele>439.3653397507508</ele><time>2023-09-23T08:41:38Z</time></trkpt><trkpt lat="22.255348181052458" lon="113.9045417377899"><ele>439.7200232317949</ele><time>2023-09-23T08:41:40Z</time></trkpt><trkpt lat="22.25536391609065" lon="113.90452276866414"><ele>439.545761799578</ele><time>2023-09-23T08:41:42Z</time></trkpt><trkpt lat="22.25538195601131" lon="113.90450336440293"><ele>439.8917301892735</ele><time>2023-09-23T08:41:44Z</time></trkpt><trkpt lat="22.255396340496823" lon="113.90448384527666"><ele>439.7984856929375</ele><time>2023-09-23T08:41:46Z</time></trkpt><trkpt lat="22.255415209808618" lon="113.90446610024183"><ele>439.87229522031754</ele><time>2023-09-23T08:41:48Z</time></trkpt><trkpt lat="22.255434930767937" lon="113.90443700068829"><ele>439.37914961161226</ele><time>2023-09-23T08:41:52Z</time></trkpt><trkpt lat="22.2554562544679" lon="113.90442008008522"><ele>439.455025137663</ele><time>2023-09-23T08:41:56Z</time></trkpt><trkpt lat="22.255459341108512" lon="113.90439231593952"><ele>438.26115824317225</ele><time>2023-09-23T08:42:38Z</time></trkpt><trkpt lat="22.25546292503113" lon="113.90435931450625"><ele>438.04630178117304</ele><time>2023-09-23T08:42:40Z</time></trkpt><trkpt lat="22.255463272467882" lon="113.90433703023609"><ele>437.9934030830965</ele><time>2023-09-23T08:42:42Z</time></trkpt><trkpt lat="22.255471220773607" lon="113.90430914390664"><ele>437.4038800004423</ele><time>2023-09-23T08:42:46Z</time></trkpt><trkpt lat="22.255480291236324" lon="113.90428842787291"><ele>437.27118933840967</ele><time>2023-09-23T08:42:48Z</time></trkpt><trkpt lat="22.255486353223244" lon="113.90426881564815"><ele>436.77678840719074</ele><time>2023-09-23T08:42:50Z</time></trkpt><trkpt lat="22.2554976021814" lon="113.90423565461708"><ele>436.53876981888766</ele><time>2023-09-23T08:42:54Z</time></trkpt><trkpt lat="22.255512765900995" lon="113.90420932457975"><ele>436.21334690983736</ele><time>2023-09-23T08:42:58Z</time></trkpt><trkpt lat="22.255521701685865" lon="113.904175693711"><ele>435.8198541731001</ele><time>2023-09-23T08:43:02Z</time></trkpt><trkpt lat="22.25552139916576" lon="113.90415589727026"><ele>435.56260190161225</ele><time>2023-09-23T08:43:04Z</time></trkpt><trkpt lat="22.255519557119833" lon="113.90413152922486"><ele>435.5883769803116</ele><time>2023-09-23T08:43:06Z</time></trkpt><trkpt lat="22.25551675895601" lon="113.90410716173618"><ele>435.9046485461461</ele><time>2023-09-23T08:43:08Z</time></trkpt><trkpt lat="22.255519034428108" lon="113.90408053756074"><ele>436.3519011011514</ele><time>2023-09-23T08:43:10Z</time></trkpt><trkpt lat="22.255522680047324" lon="113.9040549546706"><ele>437.2521971919719</ele><time>2023-09-23T08:43:12Z</time></trkpt><trkpt lat="22.25553300129332" lon="113.9040332668447"><ele>437.38870643175386</ele><time>2023-09-23T08:43:14Z</time></trkpt><trkpt lat="22.25554531786609" lon="113.90401764004639"><ele>437.4346262824146</ele><time>2023-09-23T08:43:16Z</time></trkpt><trkpt lat="22.255564085366718" lon="113.9039944660341"><ele>437.5268934792305</ele><time>2023-09-23T08:43:20Z</time></trkpt><trkpt lat="22.25557329868145" lon="113.90395799455732"><ele>436.7977812042988</ele><time>2023-09-23T08:43:24Z</time></trkpt><trkpt lat="22.255578225372282" lon="113.90393901297399"><ele>436.76334900056435</ele><time>2023-09-23T08:43:26Z</time></trkpt><trkpt lat="22.255589728694517" lon="113.90392021543325"><ele>436.5516783073911</ele><time>2023-09-23T08:43:28Z</time></trkpt><trkpt lat="22.25559643326047" lon="113.9039009310163"><ele>436.1582496826178</ele><time>2023-09-23T08:43:30Z</time></trkpt><trkpt lat="22.255603319106445" lon="113.90388001014588"><ele>436.25169627554845</ele><time>2023-09-23T08:43:32Z</time></trkpt><trkpt lat="22.25560598855119" lon="113.90385522781972"><ele>436.6054265129004</ele><time>2023-09-23T08:43:34Z</time></trkpt><trkpt lat="22.25560374930084" lon="113.90383320958348"><ele>436.81800351923164</ele><time>2023-09-23T08:43:36Z</time></trkpt><trkpt lat="22.25559790650595" lon="113.90380963849732"><ele>436.42039348722574</ele><time>2023-09-23T08:43:38Z</time></trkpt><trkpt lat="22.25559545052599" lon="113.9037882293434"><ele>436.48348046530356</ele><time>2023-09-23T08:43:40Z</time></trkpt><trkpt lat="22.25558768459767" lon="113.90376645642193"><ele>436.2353420291326</ele><time>2023-09-23T08:43:42Z</time></trkpt><trkpt lat="22.255583491502" lon="113.90374667306487"><ele>436.34632350641783</ele><time>2023-09-23T08:43:44Z</time></trkpt><trkpt lat="22.25558049591191" lon="113.90371105263524"><ele>436.9313611912352</ele><time>2023-09-23T08:43:48Z</time></trkpt><trkpt lat="22.255582980138094" lon="113.90368925130633"><ele>437.19378033703094</ele><time>2023-09-23T08:43:50Z</time></trkpt><trkpt lat="22.255590664781195" lon="113.90366004658887"><ele>436.872661927916</ele><time>2023-09-23T08:43:54Z</time></trkpt><trkpt lat="22.25559850136972" lon="113.90364233841554"><ele>436.3034201339321</ele><time>2023-09-23T08:43:56Z</time></trkpt><trkpt lat="22.255614810607636" lon="113.90362544389082"><ele>436.1586578438214</ele><time>2023-09-23T08:43:58Z</time></trkpt><trkpt lat="22.25562780263708" lon="113.90360983871791"><ele>435.70743544972845</ele><time>2023-09-23T08:44:00Z</time></trkpt><trkpt lat="22.25564621332406" lon="113.9035772014132"><ele>436.2400322852611</ele><time>2023-09-23T08:44:04Z</time></trkpt><trkpt lat="22.255654673477903" lon="113.90355980092473"><ele>436.1470306414662</ele><time>2023-09-23T08:44:06Z</time></trkpt><trkpt lat="22.25567472014791" lon="113.90352840034384"><ele>435.60361384627504</ele><time>2023-09-23T08:44:10Z</time></trkpt><trkpt lat="22.255693354272623" lon="113.90350928861832"><ele>435.5275227841873</ele><time>2023-09-23T08:44:14Z</time></trkpt><trkpt lat="22.25571787322272" lon="113.90347971687738"><ele>435.04258383745986</ele><time>2023-09-23T08:44:20Z</time></trkpt><trkpt lat="22.255742164562697" lon="113.90346012713358"><ele>434.9234035566763</ele><time>2023-09-23T08:44:22Z</time></trkpt><trkpt lat="22.25576213315479" lon="113.90344237239395"><ele>435.212981889692</ele><time>2023-09-23T08:44:24Z</time></trkpt><trkpt lat="22.255777844453533" lon="113.9034283898697"><ele>435.37651868469396</ele><time>2023-09-23T08:44:26Z</time></trkpt><trkpt lat="22.255795868197705" lon="113.90341927910812"><ele>435.5388188378122</ele><time>2023-09-23T08:44:28Z</time></trkpt><trkpt lat="22.255814929835527" lon="113.90340507188623"><ele>435.6314939552937</ele><time>2023-09-23T08:44:30Z</time></trkpt><trkpt lat="22.255832254917916" lon="113.90338433172037"><ele>435.40881466016896</ele><time>2023-09-23T08:44:32Z</time></trkpt><trkpt lat="22.25584781338678" lon="113.90336729188998"><ele>435.07056646317034</ele><time>2023-09-23T08:44:34Z</time></trkpt><trkpt lat="22.25587097943821" lon="113.90335161985803"><ele>434.00881248027156</ele><time>2023-09-23T08:44:38Z</time></trkpt><trkpt lat="22.255887572594496" lon="113.90333499478903"><ele>433.58463092794227</ele><time>2023-09-23T08:44:40Z</time></trkpt><trkpt lat="22.255902935222288" lon="113.903316843648"><ele>433.8109732323424</ele><time>2023-09-23T08:44:42Z</time></trkpt><trkpt lat="22.255921397447466" lon="113.90330229878161"><ele>434.4197162466849</ele><time>2023-09-23T08:44:50Z</time></trkpt><trkpt lat="22.25594362798476" lon="113.9032980585035"><ele>434.5663040380593</ele><time>2023-09-23T08:44:52Z</time></trkpt><trkpt lat="22.25596875492337" lon="113.9032798797183"><ele>434.5623631072011</ele><time>2023-09-23T08:44:54Z</time></trkpt><trkpt lat="22.255991134647978" lon="113.90326215145024"><ele>434.49843653945607</ele><time>2023-09-23T08:44:56Z</time></trkpt><trkpt lat="22.255994982140866" lon="113.90323764770956"><ele>434.76986204269485</ele><time>2023-09-23T08:44:58Z</time></trkpt><trkpt lat="22.256019341961203" lon="113.90325030901172"><ele>435.1197377440275</ele><time>2023-09-23T08:45:04Z</time></trkpt><trkpt lat="22.25603411068996" lon="113.9032624268863"><ele>436.87821315030783</ele><time>2023-09-23T08:45:34Z</time></trkpt><trkpt lat="22.256051458515646" lon="113.90327312749092"><ele>437.2180806753786</ele><time>2023-09-23T08:45:36Z</time></trkpt><trkpt lat="22.256064378268782" lon="113.90328836037826"><ele>436.986900632174</ele><time>2023-09-23T08:45:38Z</time></trkpt><trkpt lat="22.25606885319884" lon="113.90331568428756"><ele>435.8965065928867</ele><time>2023-09-23T08:45:42Z</time></trkpt><trkpt lat="22.256081633381893" lon="113.90333120287309"><ele>435.7615889874944</ele><time>2023-09-23T08:45:46Z</time></trkpt><trkpt lat="22.256065066062675" lon="113.90335438579399"><ele>435.48318937530945</ele><time>2023-09-23T08:46:08Z</time></trkpt><trkpt lat="22.256049141295566" lon="113.90340935993729"><ele>435.4063537327128</ele><time>2023-09-23T08:46:10Z</time></trkpt><trkpt lat="22.256021799562745" lon="113.90337429764237"><ele>435.18533932026315</ele><time>2023-09-23T08:46:12Z</time></trkpt><trkpt lat="22.256000557512447" lon="113.90328422582408"><ele>434.9952455276551</ele><time>2023-09-23T08:46:16Z</time></trkpt><trkpt lat="22.255993369921374" lon="113.90325092309364"><ele>436.60884919979793</ele><time>2023-09-23T08:46:18Z</time></trkpt><trkpt lat="22.25598072006065" lon="113.90323084960785"><ele>437.1735369187217</ele><time>2023-09-23T08:46:20Z</time></trkpt><trkpt lat="22.255968253113217" lon="113.90321017949324"><ele>437.21331543929426</ele><time>2023-09-23T08:46:22Z</time></trkpt><trkpt lat="22.25595429865862" lon="113.90319357238265"><ele>437.1065636527988</ele><time>2023-09-23T08:46:24Z</time></trkpt><trkpt lat="22.25594068941553" lon="113.90317702394599"><ele>437.02853885453044</ele><time>2023-09-23T08:46:26Z</time></trkpt><trkpt lat="22.25590537834185" lon="113.90317412219633"><ele>436.65022524337974</ele><time>2023-09-23T08:46:30Z</time></trkpt><trkpt lat="22.25587233920681" lon="113.9031710667556"><ele>437.1740524895633</ele><time>2023-09-23T08:46:34Z</time></trkpt><trkpt lat="22.25585162979079" lon="113.90317510852339"><ele>437.02414558639356</ele><time>2023-09-23T08:46:36Z</time></trkpt><trkpt lat="22.25583338973714" lon="113.90318323083304"><ele>437.1098167857698</ele><time>2023-09-23T08:46:38Z</time></trkpt><trkpt lat="22.255813775136037" lon="113.90318908535346"><ele>437.5358954675917</ele><time>2023-09-23T08:46:40Z</time></trkpt><trkpt lat="22.255790608653786" lon="113.90319381404748"><ele>437.8432832480492</ele><time>2023-09-23T08:46:42Z</time></trkpt><trkpt lat="22.255768244710662" lon="113.9032053037118"><ele>437.5163745704476</ele><time>2023-09-23T08:46:44Z</time></trkpt><trkpt lat="22.255750040550968" lon="113.90321778803641"><ele>437.2228386232178</ele><time>2023-09-23T08:46:46Z</time></trkpt><trkpt lat="22.25572200087189" lon="113.90322802747566"><ele>437.15612470141605</ele><time>2023-09-23T08:46:50Z</time></trkpt><trkpt lat="22.25569816588246" lon="113.90323785051169"><ele>437.1883506827352</ele><time>2023-09-23T08:46:52Z</time></trkpt><trkpt lat="22.25567307746242" lon="113.90324623683232"><ele>437.0794367793771</ele><time>2023-09-23T08:46:54Z</time></trkpt><trkpt lat="22.25564850024005" lon="113.90325082977654"><ele>436.83795158526266</ele><time>2023-09-23T08:46:56Z</time></trkpt><trkpt lat="22.25562871921636" lon="113.90324825380753"><ele>436.72355570924947</ele><time>2023-09-23T08:46:58Z</time></trkpt><trkpt lat="22.255606052515233" lon="113.90322920580581"><ele>436.6718171875202</ele><time>2023-09-23T08:47:02Z</time></trkpt><trkpt lat="22.25558158358054" lon="113.90321266840385"><ele>435.31876844358436</ele><time>2023-09-23T08:47:06Z</time></trkpt><trkpt lat="22.255565533911668" lon="113.90320327055788"><ele>435.19709100746235</ele><time>2023-09-23T08:47:08Z</time></trkpt><trkpt lat="22.255551851031356" lon="113.90318570827324"><ele>435.18083104851047</ele><time>2023-09-23T08:47:10Z</time></trkpt><trkpt lat="22.255535705712887" lon="113.9031666011065"><ele>435.173872231504</ele><time>2023-09-23T08:47:12Z</time></trkpt><trkpt lat="22.25551513641599" lon="113.90314499715241"><ele>435.1748586564753</ele><time>2023-09-23T08:47:14Z</time></trkpt><trkpt lat="22.255495806823525" lon="113.9031239694875"><ele>435.2300642340612</ele><time>2023-09-23T08:47:16Z</time></trkpt><trkpt lat="22.255484822259543" lon="113.90310657483002"><ele>435.3084217831189</ele><time>2023-09-23T08:47:18Z</time></trkpt><trkpt lat="22.255472318448703" lon="113.9030832929023"><ele>435.6637928578222</ele><time>2023-09-23T08:47:20Z</time></trkpt><trkpt lat="22.25545563699987" lon="113.90306218893718"><ele>435.56921367527957</ele><time>2023-09-23T08:47:22Z</time></trkpt><trkpt lat="22.2554352218138" lon="113.9030356280401"><ele>435.59974511245645</ele><time>2023-09-23T08:47:24Z</time></trkpt><trkpt lat="22.255412155442414" lon="113.90301154542782"><ele>434.7674716151032</ele><time>2023-09-23T08:47:26Z</time></trkpt><trkpt lat="22.25539111350122" lon="113.90299347629825"><ele>434.22135336886174</ele><time>2023-09-23T08:47:28Z</time></trkpt><trkpt lat="22.25537669501033" lon="113.9029759961818"><ele>433.7248861870859</ele><time>2023-09-23T08:47:30Z</time></trkpt><trkpt lat="22.25536383800332" lon="113.90295825255264"><ele>433.43025235567774</ele><time>2023-09-23T08:47:32Z</time></trkpt><trkpt lat="22.255385703705112" lon="113.90296136640835"><ele>433.2336583233086</ele><time>2023-09-23T08:47:38Z</time></trkpt><trkpt lat="22.255403670925293" lon="113.90297364290883"><ele>433.53203249001297</ele><time>2023-09-23T08:47:40Z</time></trkpt><trkpt lat="22.25541823954003" lon="113.90298689418607"><ele>433.261546514556</ele><time>2023-09-23T08:47:42Z</time></trkpt><trkpt lat="22.255397897036875" lon="113.90297569169353"><ele>433.3115521034549</ele><time>2023-09-23T08:48:02Z</time></trkpt></trkseg></trk></gpx>