<?xml version='1.0' encoding='UTF-8' ?><gpx version="1.1" creator="HikingTrailHK" xsi:schemaLocation="http://www.topografix.com/GPX/1/1 http://www.topografix.com/GPX/1/1/gpx.xsd" xmlns="http://www.topografix.com/GPX/1/1" xmlns:xsi="http://www.w3.org/2001/XMLSchema-instance"><metadata><name>我的轨迹 @ 2025-11-01 13:04:13</name><desc></desc></metadata><trk><trkseg><trkpt lat="22.264810000000004" lon="114.00130333333333"><ele>3.9000000000000004</ele><time>2025-11-01T05:04:13Z</time></trkpt><trkpt lat="22.264833333333332" lon="114.00129666666665"><ele>3.6000000000000005</ele><time>2025-11-01T05:04:15Z</time></trkpt><trkpt lat="22.264854999999997" lon="114.00127833333333"><ele>5.7</ele><time>2025-11-01T05:04:18Z</time></trkpt><trkpt lat="22.264871666666668" lon="114.00126"><ele>5.2</ele><time>2025-11-01T05:04:20Z</time></trkpt><trkpt lat="22.264883333333334" lon="114.00123666666666"><ele>4.4</ele><time>2025-11-01T05:04:23Z</time></trkpt><trkpt lat="22.26489333333333" lon="114.00121833333333"><ele>3.9000000000000004</ele><time>2025-11-01T05:04:26Z</time></trkpt><trkpt lat="22.264913333333332" lon="114.00121666666668"><ele>3.8</ele><time>2025-11-01T05:04:30Z</time></trkpt><trkpt lat="22.264931666666666" lon="114.00122000000002"><ele>3.8</ele><time>2025-11-01T05:04:32Z</time></trkpt><trkpt lat="22.26495166666667" lon="114.00123166666665"><ele>3.7</ele><time>2025-11-01T05:04:34Z</time></trkpt><trkpt lat="22.264973333333334" lon="114.00124833333332"><ele>3.4000000000000004</ele><time>2025-11-01T05:04:36Z</time></trkpt><trkpt lat="22.264989999999997" lon="114.001265"><ele>3.0</ele><time>2025-11-01T05:04:38Z</time></trkpt><trkpt lat="22.26501" lon="114.00127166666668"><ele>2.9000000000000004</ele><time>2025-11-01T05:04:40Z</time></trkpt><trkpt lat="22.265033333333335" lon="114.00127666666667"><ele>2.7</ele><time>2025-11-01T05:04:42Z</time></trkpt><trkpt lat="22.265058333333332" lon="114.00128166666667"><ele>2.8</ele><time>2025-11-01T05:04:44Z</time></trkpt><trkpt lat="22.265081666666667" lon="114.00128333333332"><ele>2.8</ele><time>2025-11-01T05:04:46Z</time></trkpt><trkpt lat="22.265103333333332" lon="114.00128333333332"><ele>2.6000000000000005</ele><time>2025-11-01T05:04:48Z</time></trkpt><trkpt lat="22.265121666666666" lon="114.00128666666666"><ele>2.2</ele><time>2025-11-01T05:04:50Z</time></trkpt><trkpt lat="22.265139999999995" lon="114.00129166666666"><ele>1.4999999999999998</ele><time>2025-11-01T05:04:52Z</time></trkpt><trkpt lat="22.265166666666666" lon="114.00128000000001"><ele>0.9999999999999998</ele><time>2025-11-01T05:04:55Z</time></trkpt><trkpt lat="22.26519" lon="114.00127166666668"><ele>0.4999999999999998</ele><time>2025-11-01T05:04:57Z</time></trkpt><trkpt lat="22.265214999999998" lon="114.00125833333335"><ele>-0.10000000000000009</ele><time>2025-11-01T05:04:59Z</time></trkpt><trkpt lat="22.265240000000002" lon="114.00124333333333"><ele>-0.40000000000000013</ele><time>2025-11-01T05:05:01Z</time></trkpt><trkpt lat="22.26526833333333" lon="114.00123666666666"><ele>-0.30000000000000004</ele><time>2025-11-01T05:05:03Z</time></trkpt><trkpt lat="22.265291666666666" lon="114.00123333333335"><ele>-0.40000000000000013</ele><time>2025-11-01T05:05:05Z</time></trkpt><trkpt lat="22.26531166666667" lon="114.00123166666665"><ele>-0.9</ele><time>2025-11-01T05:05:08Z</time></trkpt><trkpt lat="22.265330000000002" lon="114.00122333333333"><ele>-1.1</ele><time>2025-11-01T05:05:10Z</time></trkpt><trkpt lat="22.265345000000003" lon="114.00120666666665"><ele>-0.9</ele><time>2025-11-01T05:05:12Z</time></trkpt><trkpt lat="22.26536" lon="114.00119500000001"><ele>-1.2000000000000002</ele><time>2025-11-01T05:05:14Z</time></trkpt><trkpt lat="22.265386666666668" lon="114.00120333333334"><ele>-1.3</ele><time>2025-11-01T05:05:16Z</time></trkpt><trkpt lat="22.265406666666664" lon="114.00120333333334"><ele>-1.0</ele><time>2025-11-01T05:05:18Z</time></trkpt><trkpt lat="22.265431666666668" lon="114.00118666666667"><ele>-0.6000000000000001</ele><time>2025-11-01T05:05:21Z</time></trkpt><trkpt lat="22.265453333333333" lon="114.00116333333332"><ele>-0.10000000000000009</ele><time>2025-11-01T05:05:23Z</time></trkpt><trkpt lat="22.26547333333333" lon="114.00114666666666"><ele>0.0</ele><time>2025-11-01T05:05:25Z</time></trkpt><trkpt lat="22.265496666666664" lon="114.00115333333333"><ele>0.30000000000000004</ele><time>2025-11-01T05:05:27Z</time></trkpt><trkpt lat="22.265514999999997" lon="114.001165"><ele>0.7</ele><time>2025-11-01T05:05:29Z</time></trkpt><trkpt lat="22.265535" lon="114.00115166666667"><ele>0.30000000000000004</ele><time>2025-11-01T05:05:32Z</time></trkpt><trkpt lat="22.265556666666665" lon="114.00113833333334"><ele>-0.7</ele><time>2025-11-01T05:05:34Z</time></trkpt><trkpt lat="22.26558166666667" lon="114.00113166666667"><ele>-1.3</ele><time>2025-11-01T05:05:36Z</time></trkpt><trkpt lat="22.265606666666667" lon="114.00112666666668"><ele>-1.5</ele><time>2025-11-01T05:05:38Z</time></trkpt><trkpt lat="22.265631666666664" lon="114.001115"><ele>-2.1</ele><time>2025-11-01T05:05:40Z</time></trkpt><trkpt lat="22.26565666666667" lon="114.00111166666666"><ele>-2.6</ele><time>2025-11-01T05:05:42Z</time></trkpt><trkpt lat="22.265676666666664" lon="114.00110333333332"><ele>-2.8</ele><time>2025-11-01T05:05:44Z</time></trkpt><trkpt lat="22.265685" lon="114.001085"><ele>-2.9000000000000004</ele><time>2025-11-01T05:05:46Z</time></trkpt><trkpt lat="22.265685" lon="114.00106333333333"><ele>-2.8</ele><time>2025-11-01T05:05:48Z</time></trkpt><trkpt lat="22.265693333333335" lon="114.00104000000002"><ele>-2.9000000000000004</ele><time>2025-11-01T05:05:50Z</time></trkpt><trkpt lat="22.265693333333335" lon="114.00101333333332"><ele>-2.8</ele><time>2025-11-01T05:05:52Z</time></trkpt><trkpt lat="22.265693333333335" lon="114.00099333333334"><ele>-2.6</ele><time>2025-11-01T05:05:54Z</time></trkpt><trkpt lat="22.265691666666665" lon="114.00096166666665"><ele>-1.6</ele><time>2025-11-01T05:05:57Z</time></trkpt><trkpt lat="22.265694999999997" lon="114.000935"><ele>-1.0</ele><time>2025-11-01T05:05:59Z</time></trkpt><trkpt lat="22.265693333333335" lon="114.00090999999999"><ele>-0.40000000000000013</ele><time>2025-11-01T05:06:01Z</time></trkpt><trkpt lat="22.26569833333333" lon="114.00088666666667"><ele>0.40000000000000013</ele><time>2025-11-01T05:06:03Z</time></trkpt><trkpt lat="22.265708333333336" lon="114.00086000000002"><ele>1.7</ele><time>2025-11-01T05:06:06Z</time></trkpt><trkpt lat="22.26571333333333" lon="114.00083666666666"><ele>1.7</ele><time>2025-11-01T05:06:08Z</time></trkpt><trkpt lat="22.26571" lon="114.00081166666665"><ele>2.3</ele><time>2025-11-01T05:06:11Z</time></trkpt><trkpt lat="22.26572666666667" lon="114.00079333333333"><ele>3.0</ele><time>2025-11-01T05:06:15Z</time></trkpt><trkpt lat="22.26574666666667" lon="114.00078833333333"><ele>3.2</ele><time>2025-11-01T05:06:17Z</time></trkpt><trkpt lat="22.265765000000002" lon="114.00079166666667"><ele>3.2</ele><time>2025-11-01T05:06:19Z</time></trkpt><trkpt lat="22.265773333333332" lon="114.00075666666667"><ele>4.4</ele><time>2025-11-01T05:06:24Z</time></trkpt><trkpt lat="22.26577666666667" lon="114.00073666666667"><ele>5.6000000000000005</ele><time>2025-11-01T05:06:26Z</time></trkpt><trkpt lat="22.265795000000004" lon="114.00075166666666"><ele>8.2</ele><time>2025-11-01T05:06:30Z</time></trkpt><trkpt lat="22.265796666666667" lon="114.00077166666667"><ele>9.1</ele><time>2025-11-01T05:06:32Z</time></trkpt><trkpt lat="22.26580333333333" lon="114.00079333333333"><ele>10.0</ele><time>2025-11-01T05:06:34Z</time></trkpt><trkpt lat="22.2658" lon="114.00083166666667"><ele>13.0</ele><time>2025-11-01T05:06:44Z</time></trkpt><trkpt lat="22.265781666666665" lon="114.00082666666667"><ele>14.1</ele><time>2025-11-01T05:07:08Z</time></trkpt><trkpt lat="22.265766666666664" lon="114.00080666666666"><ele>14.599999999999998</ele><time>2025-11-01T05:07:15Z</time></trkpt><trkpt lat="22.26574833333333" lon="114.00077166666667"><ele>14.3</ele><time>2025-11-01T05:07:17Z</time></trkpt><trkpt lat="22.265735000000003" lon="114.00075333333334"><ele>14.2</ele><time>2025-11-01T05:07:21Z</time></trkpt><trkpt lat="22.265753333333336" lon="114.00076833333333"><ele>14.1</ele><time>2025-11-01T05:07:26Z</time></trkpt><trkpt lat="22.265745" lon="114.00079666666667"><ele>13.6</ele><time>2025-11-01T05:07:29Z</time></trkpt><trkpt lat="22.265733333333333" lon="114.00076499999999"><ele>9.899999999999999</ele><time>2025-11-01T05:07:33Z</time></trkpt><trkpt lat="22.26573166666667" lon="114.00074500000001"><ele>8.799999999999999</ele><time>2025-11-01T05:07:34Z</time></trkpt><trkpt lat="22.265724999999996" lon="114.00071000000001"><ele>7.3999999999999995</ele><time>2025-11-01T05:07:36Z</time></trkpt><trkpt lat="22.265736666666665" lon="114.00067666666668"><ele>5.5</ele><time>2025-11-01T05:07:38Z</time></trkpt><trkpt lat="22.265751666666667" lon="114.00066"><ele>4.6000000000000005</ele><time>2025-11-01T05:07:39Z</time></trkpt><trkpt lat="22.265768333333334" lon="114.00063"><ele>3.2</ele><time>2025-11-01T05:07:41Z</time></trkpt><trkpt lat="22.26578833333333" lon="114.000605"><ele>2.9000000000000004</ele><time>2025-11-01T05:07:43Z</time></trkpt><trkpt lat="22.2658" lon="114.00059000000002"><ele>3.0</ele><time>2025-11-01T05:07:44Z</time></trkpt><trkpt lat="22.265823333333334" lon="114.00057333333334"><ele>3.6000000000000005</ele><time>2025-11-01T05:07:46Z</time></trkpt><trkpt lat="22.26584666666667" lon="114.00057833333334"><ele>4.2</ele><time>2025-11-01T05:07:48Z</time></trkpt><trkpt lat="22.265873333333335" lon="114.00058833333333"><ele>4.2</ele><time>2025-11-01T05:07:50Z</time></trkpt><trkpt lat="22.265895" lon="114.00059666666667"><ele>4.1000000000000005</ele><time>2025-11-01T05:07:52Z</time></trkpt><trkpt lat="22.265921666666667" lon="114.00059000000002"><ele>3.9000000000000004</ele><time>2025-11-01T05:07:55Z</time></trkpt><trkpt lat="22.265945000000002" lon="114.00058833333333"><ele>3.8</ele><time>2025-11-01T05:07:57Z</time></trkpt><trkpt lat="22.26596833333333" lon="114.00058833333333"><ele>3.6000000000000005</ele><time>2025-11-01T05:07:59Z</time></trkpt><trkpt lat="22.26598333333333" lon="114.00057333333334"><ele>3.5</ele><time>2025-11-01T05:08:01Z</time></trkpt><trkpt lat="22.266001666666664" lon="114.00055499999999"><ele>3.6000000000000005</ele><time>2025-11-01T05:08:03Z</time></trkpt><trkpt lat="22.266020000000005" lon="114.00054666666668"><ele>3.9000000000000004</ele><time>2025-11-01T05:08:05Z</time></trkpt><trkpt lat="22.266036666666665" lon="114.00052666666667"><ele>4.5</ele><time>2025-11-01T05:08:07Z</time></trkpt><trkpt lat="22.266053333333335" lon="114.00051333333334"><ele>4.7</ele><time>2025-11-01T05:08:09Z</time></trkpt><trkpt lat="22.266075" lon="114.00050666666667"><ele>4.8</ele><time>2025-11-01T05:08:11Z</time></trkpt><trkpt lat="22.266101666666668" lon="114.00050666666667"><ele>4.9</ele><time>2025-11-01T05:08:13Z</time></trkpt><trkpt lat="22.266129999999997" lon="114.00050000000002"><ele>5.6000000000000005</ele><time>2025-11-01T05:08:15Z</time></trkpt><trkpt lat="22.266155000000005" lon="114.00049666666668"><ele>6.1000000000000005</ele><time>2025-11-01T05:08:17Z</time></trkpt><trkpt lat="22.266168333333333" lon="114.00048166666666"><ele>6.3999999999999995</ele><time>2025-11-01T05:08:19Z</time></trkpt><trkpt lat="22.266183333333334" lon="114.00045666666668"><ele>6.500000000000001</ele><time>2025-11-01T05:08:22Z</time></trkpt><trkpt lat="22.26619333333333" lon="114.00044000000001"><ele>6.3</ele><time>2025-11-01T05:08:23Z</time></trkpt><trkpt lat="22.26621" lon="114.00042166666665"><ele>6.3999999999999995</ele><time>2025-11-01T05:08:25Z</time></trkpt><trkpt lat="22.266231666666666" lon="114.00041166666666"><ele>5.8</ele><time>2025-11-01T05:08:28Z</time></trkpt><trkpt lat="22.266255" lon="114.00039166666666"><ele>5.0</ele><time>2025-11-01T05:08:31Z</time></trkpt><trkpt lat="22.266270000000002" lon="114.00037666666667"><ele>4.7</ele><time>2025-11-01T05:08:32Z</time></trkpt><trkpt lat="22.266293333333337" lon="114.00035333333332"><ele>4.5</ele><time>2025-11-01T05:08:34Z</time></trkpt><trkpt lat="22.266309999999997" lon="114.00033499999999"><ele>4.9</ele><time>2025-11-01T05:08:38Z</time></trkpt><trkpt lat="22.266313333333333" lon="114.00031333333332"><ele>4.7</ele><time>2025-11-01T05:08:40Z</time></trkpt><trkpt lat="22.266331666666662" lon="114.00031833333333"><ele>4.0</ele><time>2025-11-01T05:08:44Z</time></trkpt><trkpt lat="22.266350000000003" lon="114.00030166666666"><ele>4.0</ele><time>2025-11-01T05:08:46Z</time></trkpt><trkpt lat="22.26637333333333" lon="114.00030999999998"><ele>3.7</ele><time>2025-11-01T05:08:50Z</time></trkpt><trkpt lat="22.266398333333335" lon="114.00031833333333"><ele>3.5</ele><time>2025-11-01T05:08:52Z</time></trkpt><trkpt lat="22.26641833333333" lon="114.00031166666668"><ele>2.9000000000000004</ele><time>2025-11-01T05:08:54Z</time></trkpt><trkpt lat="22.266424999999995" lon="114.00029166666667"><ele>2.5</ele><time>2025-11-01T05:08:58Z</time></trkpt><trkpt lat="22.266444999999997" lon="114.00028833333333"><ele>1.9000000000000001</ele><time>2025-11-01T05:09:58Z</time></trkpt><trkpt lat="22.266453333333335" lon="114.00026833333335"><ele>3.0</ele><time>2025-11-01T05:10:03Z</time></trkpt><trkpt lat="22.266456666666667" lon="114.00024666666668"><ele>3.4000000000000004</ele><time>2025-11-01T05:10:05Z</time></trkpt><trkpt lat="22.266465" lon="114.00021833333334"><ele>4.8</ele><time>2025-11-01T05:10:08Z</time></trkpt><trkpt lat="22.266471666666668" lon="114.00018666666668"><ele>5.3</ele><time>2025-11-01T05:10:10Z</time></trkpt><trkpt lat="22.266484999999996" lon="114.00017166666666"><ele>4.7</ele><time>2025-11-01T05:10:13Z</time></trkpt><trkpt lat="22.266496666666665" lon="114.00014666666667"><ele>4.5</ele><time>2025-11-01T05:10:16Z</time></trkpt><trkpt lat="22.266498333333335" lon="114.000125"><ele>4.3</ele><time>2025-11-01T05:10:18Z</time></trkpt><trkpt lat="22.266499999999997" lon="114.00010499999999"><ele>3.9000000000000004</ele><time>2025-11-01T05:10:20Z</time></trkpt><trkpt lat="22.266498333333335" lon="114.000085"><ele>3.4000000000000004</ele><time>2025-11-01T05:10:22Z</time></trkpt><trkpt lat="22.266505" lon="114.00006166666665"><ele>2.9000000000000004</ele><time>2025-11-01T05:10:24Z</time></trkpt><trkpt lat="22.26650666666667" lon="114.00003333333333"><ele>2.8</ele><time>2025-11-01T05:10:26Z</time></trkpt><trkpt lat="22.266525" lon="114.00000333333334"><ele>2.7</ele><time>2025-11-01T05:10:28Z</time></trkpt><trkpt lat="22.266534999999998" lon="113.99997333333334"><ele>2.4000000000000004</ele><time>2025-11-01T05:10:30Z</time></trkpt><trkpt lat="22.266534999999998" lon="113.999945"><ele>1.9000000000000001</ele><time>2025-11-01T05:10:32Z</time></trkpt><trkpt lat="22.266528333333333" lon="113.99992500000002"><ele>1.4000000000000001</ele><time>2025-11-01T05:10:34Z</time></trkpt><trkpt lat="22.266529999999996" lon="113.99989666666667"><ele>0.9999999999999998</ele><time>2025-11-01T05:10:37Z</time></trkpt><trkpt lat="22.266541666666665" lon="113.99987166666666"><ele>0.9999999999999998</ele><time>2025-11-01T05:10:40Z</time></trkpt><trkpt lat="22.26655" lon="113.99984166666667"><ele>0.8</ele><time>2025-11-01T05:10:43Z</time></trkpt><trkpt lat="22.26655166666667" lon="113.99981833333335"><ele>0.7</ele><time>2025-11-01T05:10:45Z</time></trkpt><trkpt lat="22.266559999999995" lon="113.99979333333334"><ele>0.7</ele><time>2025-11-01T05:10:47Z</time></trkpt><trkpt lat="22.266574999999996" lon="113.99977500000001"><ele>1.0999999999999999</ele><time>2025-11-01T05:10:49Z</time></trkpt><trkpt lat="22.266586666666665" lon="113.99974666666667"><ele>1.5999999999999999</ele><time>2025-11-01T05:10:52Z</time></trkpt><trkpt lat="22.266593333333336" lon="113.99972333333332"><ele>1.9999999999999998</ele><time>2025-11-01T05:10:54Z</time></trkpt><trkpt lat="22.266595" lon="113.9997"><ele>2.4000000000000004</ele><time>2025-11-01T05:10:56Z</time></trkpt><trkpt lat="22.26661166666667" lon="113.99968333333332"><ele>2.0999999999999996</ele><time>2025-11-01T05:10:58Z</time></trkpt><trkpt lat="22.266608333333338" lon="113.99966"><ele>2.0999999999999996</ele><time>2025-11-01T05:11:00Z</time></trkpt><trkpt lat="22.266613333333332" lon="113.99963166666666"><ele>1.9999999999999998</ele><time>2025-11-01T05:11:03Z</time></trkpt><trkpt lat="22.266616666666664" lon="113.99961166666665"><ele>2.0999999999999996</ele><time>2025-11-01T05:11:05Z</time></trkpt><trkpt lat="22.266621666666666" lon="113.99959166666667"><ele>2.3</ele><time>2025-11-01T05:11:07Z</time></trkpt><trkpt lat="22.266624999999998" lon="113.99956833333333"><ele>2.5</ele><time>2025-11-01T05:11:09Z</time></trkpt><trkpt lat="22.266631666666665" lon="113.99954333333332"><ele>2.6000000000000005</ele><time>2025-11-01T05:11:11Z</time></trkpt><trkpt lat="22.266638333333336" lon="113.99951833333334"><ele>2.6000000000000005</ele><time>2025-11-01T05:11:13Z</time></trkpt><trkpt lat="22.26664166666667" lon="113.99949"><ele>2.3</ele><time>2025-11-01T05:11:16Z</time></trkpt><trkpt lat="22.266658333333332" lon="113.99947500000002"><ele>1.9999999999999998</ele><time>2025-11-01T05:11:18Z</time></trkpt><trkpt lat="22.266673333333333" lon="113.99945666666666"><ele>2.0999999999999996</ele><time>2025-11-01T05:11:20Z</time></trkpt><trkpt lat="22.26668833333333" lon="113.99943333333334"><ele>2.4000000000000004</ele><time>2025-11-01T05:11:22Z</time></trkpt><trkpt lat="22.266698333333338" lon="113.99941666666668"><ele>2.8</ele><time>2025-11-01T05:11:24Z</time></trkpt><trkpt lat="22.266709999999996" lon="113.99939166666667"><ele>3.1000000000000005</ele><time>2025-11-01T05:11:27Z</time></trkpt><trkpt lat="22.266723333333335" lon="113.99936833333335"><ele>3.0</ele><time>2025-11-01T05:11:29Z</time></trkpt><trkpt lat="22.266724999999997" lon="113.99933833333334"><ele>3.1000000000000005</ele><time>2025-11-01T05:11:31Z</time></trkpt><trkpt lat="22.26673333333333" lon="113.99930833333335"><ele>3.0</ele><time>2025-11-01T05:11:33Z</time></trkpt><trkpt lat="22.266745" lon="113.999285"><ele>2.8</ele><time>2025-11-01T05:11:35Z</time></trkpt><trkpt lat="22.266759999999998" lon="113.99926333333333"><ele>2.9000000000000004</ele><time>2025-11-01T05:11:37Z</time></trkpt><trkpt lat="22.266766666666665" lon="113.99923500000001"><ele>3.0</ele><time>2025-11-01T05:11:40Z</time></trkpt><trkpt lat="22.266766666666665" lon="113.99920500000002"><ele>3.3</ele><time>2025-11-01T05:11:42Z</time></trkpt><trkpt lat="22.266769999999998" lon="113.99917666666667"><ele>3.4000000000000004</ele><time>2025-11-01T05:11:44Z</time></trkpt><trkpt lat="22.26678" lon="113.99915166666666"><ele>3.8</ele><time>2025-11-01T05:11:46Z</time></trkpt><trkpt lat="22.266783333333333" lon="113.99913"><ele>4.1000000000000005</ele><time>2025-11-01T05:11:48Z</time></trkpt><trkpt lat="22.266788333333338" lon="113.999105"><ele>3.9000000000000004</ele><time>2025-11-01T05:11:51Z</time></trkpt><trkpt lat="22.266793333333332" lon="113.99908500000001"><ele>4.1000000000000005</ele><time>2025-11-01T05:11:53Z</time></trkpt><trkpt lat="22.266804999999998" lon="113.99905333333332"><ele>3.3</ele><time>2025-11-01T05:11:56Z</time></trkpt><trkpt lat="22.26682333333333" lon="113.99903666666665"><ele>2.8</ele><time>2025-11-01T05:11:58Z</time></trkpt><trkpt lat="22.26682333333333" lon="113.99900833333335"><ele>1.9999999999999998</ele><time>2025-11-01T05:12:01Z</time></trkpt><trkpt lat="22.26682166666667" lon="113.99898166666665"><ele>1.7</ele><time>2025-11-01T05:12:03Z</time></trkpt><trkpt lat="22.26682333333333" lon="113.99895833333333"><ele>1.4999999999999998</ele><time>2025-11-01T05:12:05Z</time></trkpt><trkpt lat="22.266825" lon="113.99893333333333"><ele>1.2</ele><time>2025-11-01T05:12:07Z</time></trkpt><trkpt lat="22.266828333333333" lon="113.99891166666666"><ele>0.7</ele><time>2025-11-01T05:12:09Z</time></trkpt><trkpt lat="22.26683666666667" lon="113.99888166666666"><ele>-0.19999999999999996</ele><time>2025-11-01T05:12:12Z</time></trkpt><trkpt lat="22.266840000000002" lon="113.99886"><ele>-0.7</ele><time>2025-11-01T05:12:14Z</time></trkpt><trkpt lat="22.266843333333334" lon="113.99883999999999"><ele>-1.2000000000000002</ele><time>2025-11-01T05:12:16Z</time></trkpt><trkpt lat="22.266840000000002" lon="113.99882000000001"><ele>-1.4</ele><time>2025-11-01T05:12:18Z</time></trkpt><trkpt lat="22.266841666666664" lon="113.99879666666666"><ele>-1.5</ele><time>2025-11-01T05:12:20Z</time></trkpt><trkpt lat="22.266843333333334" lon="113.998775"><ele>-1.6</ele><time>2025-11-01T05:12:22Z</time></trkpt><trkpt lat="22.266844999999996" lon="113.99875166666668"><ele>-1.6</ele><time>2025-11-01T05:12:24Z</time></trkpt><trkpt lat="22.266841666666664" lon="113.99873000000001"><ele>-1.4</ele><time>2025-11-01T05:12:26Z</time></trkpt><trkpt lat="22.266840000000002" lon="113.99871"><ele>-1.3</ele><time>2025-11-01T05:12:29Z</time></trkpt><trkpt lat="22.26683666666667" lon="113.99868166666666"><ele>-0.19999999999999996</ele><time>2025-11-01T05:12:32Z</time></trkpt><trkpt lat="22.26683166666667" lon="113.99865999999999"><ele>0.5999999999999999</ele><time>2025-11-01T05:12:34Z</time></trkpt><trkpt lat="22.266829999999995" lon="113.99863833333332"><ele>1.4999999999999998</ele><time>2025-11-01T05:12:36Z</time></trkpt><trkpt lat="22.26685166666667" lon="113.99860333333332"><ele>6.0</ele><time>2025-11-01T05:13:05Z</time></trkpt><trkpt lat="22.266841666666664" lon="113.99857833333333"><ele>6.3</ele><time>2025-11-01T05:13:07Z</time></trkpt><trkpt lat="22.266833333333338" lon="113.99855833333335"><ele>6.7</ele><time>2025-11-01T05:13:09Z</time></trkpt><trkpt lat="22.266825" lon="113.99853999999999"><ele>7.2</ele><time>2025-11-01T05:13:11Z</time></trkpt><trkpt lat="22.266816666666667" lon="113.99852000000001"><ele>7.8</ele><time>2025-11-01T05:13:13Z</time></trkpt><trkpt lat="22.266808333333334" lon="113.99849"><ele>7.500000000000001</ele><time>2025-11-01T05:13:15Z</time></trkpt><trkpt lat="22.266795000000002" lon="113.99845833333332"><ele>8.0</ele><time>2025-11-01T05:13:17Z</time></trkpt><trkpt lat="22.266788333333338" lon="113.99843833333334"><ele>8.299999999999999</ele><time>2025-11-01T05:13:18Z</time></trkpt><trkpt lat="22.266781666666663" lon="113.99841999999998"><ele>8.799999999999999</ele><time>2025-11-01T05:13:20Z</time></trkpt><trkpt lat="22.266771666666667" lon="113.9984"><ele>8.6</ele><time>2025-11-01T05:13:23Z</time></trkpt><trkpt lat="22.266766666666665" lon="113.99837333333335"><ele>7.8999999999999995</ele><time>2025-11-01T05:13:26Z</time></trkpt><trkpt lat="22.26678" lon="113.99834833333334"><ele>7.500000000000001</ele><time>2025-11-01T05:13:29Z</time></trkpt><trkpt lat="22.266798333333334" lon="113.99833833333332"><ele>7.3999999999999995</ele><time>2025-11-01T05:13:31Z</time></trkpt><trkpt lat="22.266818333333337" lon="113.99833500000001"><ele>7.1000000000000005</ele><time>2025-11-01T05:13:33Z</time></trkpt><trkpt lat="22.266838333333332" lon="113.99832666666667"><ele>7.1000000000000005</ele><time>2025-11-01T05:13:35Z</time></trkpt><trkpt lat="22.266856666666666" lon="113.99831833333334"><ele>7.000000000000001</ele><time>2025-11-01T05:13:37Z</time></trkpt><trkpt lat="22.266874999999995" lon="113.99831166666667"><ele>7.000000000000001</ele><time>2025-11-01T05:13:39Z</time></trkpt><trkpt lat="22.266893333333336" lon="113.99830833333333"><ele>7.000000000000001</ele><time>2025-11-01T05:13:41Z</time></trkpt><trkpt lat="22.26691166666667" lon="113.99830500000002"><ele>7.000000000000001</ele><time>2025-11-01T05:13:43Z</time></trkpt><trkpt lat="22.266930000000002" lon="113.99829833333334"><ele>6.7</ele><time>2025-11-01T05:13:45Z</time></trkpt><trkpt lat="22.266949999999998" lon="113.998295"><ele>6.3</ele><time>2025-11-01T05:13:47Z</time></trkpt><trkpt lat="22.266973333333333" lon="113.99828833333335"><ele>5.8</ele><time>2025-11-01T05:13:49Z</time></trkpt><trkpt lat="22.266991666666666" lon="113.99828666666666"><ele>5.4</ele><time>2025-11-01T05:13:50Z</time></trkpt><trkpt lat="22.267018333333333" lon="113.99827833333332"><ele>4.6000000000000005</ele><time>2025-11-01T05:13:52Z</time></trkpt><trkpt lat="22.267026666666666" lon="113.99826"><ele>4.1000000000000005</ele><time>2025-11-01T05:13:54Z</time></trkpt><trkpt lat="22.267005" lon="113.99825333333335"><ele>4.8</ele><time>2025-11-01T05:14:02Z</time></trkpt><trkpt lat="22.266981666666666" lon="113.99825333333335"><ele>2.5</ele><time>2025-11-01T05:14:05Z</time></trkpt><trkpt lat="22.26700333333333" lon="113.99825333333335"><ele>0.5999999999999999</ele><time>2025-11-01T05:14:10Z</time></trkpt><trkpt lat="22.267020000000002" lon="113.99823999999998"><ele>0.0</ele><time>2025-11-01T05:14:13Z</time></trkpt><trkpt lat="22.26704333333333" lon="113.99824333333332"><ele>-0.30000000000000004</ele><time>2025-11-01T05:14:18Z</time></trkpt><trkpt lat="22.267065000000002" lon="113.99825333333335"><ele>-0.7</ele><time>2025-11-01T05:14:21Z</time></trkpt><trkpt lat="22.267080000000004" lon="113.99826666666668"><ele>-1.0</ele><time>2025-11-01T05:14:23Z</time></trkpt><trkpt lat="22.26709166666667" lon="113.998285"><ele>-1.0</ele><time>2025-11-01T05:14:25Z</time></trkpt><trkpt lat="22.26710666666667" lon="113.99829666666668"><ele>-0.8</ele><time>2025-11-01T05:14:28Z</time></trkpt><trkpt lat="22.267128333333336" lon="113.99829333333334"><ele>-1.3</ele><time>2025-11-01T05:14:34Z</time></trkpt><trkpt lat="22.26714" lon="113.99831"><ele>-2.5</ele><time>2025-11-01T05:14:42Z</time></trkpt><trkpt lat="22.267144999999996" lon="113.99832999999998"><ele>-1.6</ele><time>2025-11-01T05:14:45Z</time></trkpt><trkpt lat="22.267168333333334" lon="113.998315"><ele>1.2</ele><time>2025-11-01T05:14:49Z</time></trkpt><trkpt lat="22.267153333333333" lon="113.99832666666667"><ele>1.4000000000000001</ele><time>2025-11-01T05:15:41Z</time></trkpt><trkpt lat="22.26713333333333" lon="113.99830666666666"><ele>1.4999999999999998</ele><time>2025-11-01T05:15:44Z</time></trkpt><trkpt lat="22.26712166666667" lon="113.99828666666666"><ele>1.4999999999999998</ele><time>2025-11-01T05:15:46Z</time></trkpt><trkpt lat="22.267129999999998" lon="113.99826499999999"><ele>1.3</ele><time>2025-11-01T05:15:48Z</time></trkpt><trkpt lat="22.26714" lon="113.99823999999998"><ele>0.4999999999999998</ele><time>2025-11-01T05:15:51Z</time></trkpt><trkpt lat="22.26715166666667" lon="113.99821666666666"><ele>-0.10000000000000009</ele><time>2025-11-01T05:15:53Z</time></trkpt><trkpt lat="22.267156666666665" lon="113.99819666666666"><ele>-0.5</ele><time>2025-11-01T05:15:55Z</time></trkpt><trkpt lat="22.267155000000002" lon="113.99817666666668"><ele>-1.3</ele><time>2025-11-01T05:15:57Z</time></trkpt><trkpt lat="22.267156666666665" lon="113.99815666666667"><ele>-1.5</ele><time>2025-11-01T05:15:59Z</time></trkpt><trkpt lat="22.26716333333333" lon="113.99813"><ele>-1.2000000000000002</ele><time>2025-11-01T05:16:01Z</time></trkpt><trkpt lat="22.267188333333333" lon="113.99811999999999"><ele>-1.0</ele><time>2025-11-01T05:16:03Z</time></trkpt><trkpt lat="22.267215000000004" lon="113.998115"><ele>-0.6000000000000001</ele><time>2025-11-01T05:16:05Z</time></trkpt><trkpt lat="22.26724166666667" lon="113.99811"><ele>-0.5</ele><time>2025-11-01T05:16:07Z</time></trkpt><trkpt lat="22.267265" lon="113.99810000000001"><ele>-0.19999999999999996</ele><time>2025-11-01T05:16:09Z</time></trkpt><trkpt lat="22.267288333333333" lon="113.99809333333333"><ele>0.19999999999999996</ele><time>2025-11-01T05:16:11Z</time></trkpt><trkpt lat="22.267308333333336" lon="113.99808999999999"><ele>0.09999999999999987</ele><time>2025-11-01T05:16:13Z</time></trkpt><trkpt lat="22.26733166666667" lon="113.99808833333333"><ele>0.30000000000000004</ele><time>2025-11-01T05:16:15Z</time></trkpt><trkpt lat="22.267351666666666" lon="113.99807666666666"><ele>0.40000000000000013</ele><time>2025-11-01T05:16:17Z</time></trkpt><trkpt lat="22.267375" lon="113.99807833333334"><ele>0.30000000000000004</ele><time>2025-11-01T05:16:19Z</time></trkpt><trkpt lat="22.267405" lon="113.99807833333334"><ele>0.09999999999999987</ele><time>2025-11-01T05:16:21Z</time></trkpt><trkpt lat="22.267431666666667" lon="113.99808333333334"><ele>0.19999999999999996</ele><time>2025-11-01T05:16:23Z</time></trkpt><trkpt lat="22.26745" lon="113.99808666666668"><ele>0.30000000000000004</ele><time>2025-11-01T05:16:25Z</time></trkpt><trkpt lat="22.267468333333333" lon="113.99809333333333"><ele>0.8</ele><time>2025-11-01T05:16:27Z</time></trkpt><trkpt lat="22.267486666666667" lon="113.99809666666667"><ele>1.0999999999999999</ele><time>2025-11-01T05:16:29Z</time></trkpt><trkpt lat="22.267503333333334" lon="113.99808666666668"><ele>1.4000000000000001</ele><time>2025-11-01T05:16:31Z</time></trkpt><trkpt lat="22.26752666666666" lon="113.99807666666666"><ele>1.7</ele><time>2025-11-01T05:16:33Z</time></trkpt><trkpt lat="22.267548333333334" lon="113.99805666666667"><ele>1.9000000000000001</ele><time>2025-11-01T05:16:35Z</time></trkpt><trkpt lat="22.26756833333333" lon="113.99805333333333"><ele>1.5999999999999999</ele><time>2025-11-01T05:16:37Z</time></trkpt><trkpt lat="22.267588333333332" lon="113.99804833333334"><ele>0.9000000000000001</ele><time>2025-11-01T05:16:39Z</time></trkpt><trkpt lat="22.267611666666667" lon="113.99803166666668"><ele>0.9000000000000001</ele><time>2025-11-01T05:16:41Z</time></trkpt><trkpt lat="22.267635000000002" lon="113.99802166666665"><ele>0.9999999999999998</ele><time>2025-11-01T05:17:03Z</time></trkpt><trkpt lat="22.267646666666664" lon="113.99800666666667"><ele>1.8</ele><time>2025-11-01T05:17:08Z</time></trkpt><trkpt lat="22.267651666666666" lon="113.99798000000001"><ele>2.0999999999999996</ele><time>2025-11-01T05:17:10Z</time></trkpt><trkpt lat="22.267651666666666" lon="113.99794166666668"><ele>2.5</ele><time>2025-11-01T05:17:12Z</time></trkpt><trkpt lat="22.267651666666666" lon="113.99792166666666"><ele>2.6000000000000005</ele><time>2025-11-01T05:17:13Z</time></trkpt><trkpt lat="22.267651666666666" lon="113.99788833333332"><ele>2.7</ele><time>2025-11-01T05:17:15Z</time></trkpt><trkpt lat="22.267653333333335" lon="113.997865"><ele>2.9000000000000004</ele><time>2025-11-01T05:17:17Z</time></trkpt><trkpt lat="22.26766" lon="113.99784166666669"><ele>3.0</ele><time>2025-11-01T05:17:20Z</time></trkpt><trkpt lat="22.26767" lon="113.99781499999999"><ele>2.6000000000000005</ele><time>2025-11-01T05:17:22Z</time></trkpt><trkpt lat="22.267666666666667" lon="113.99779166666667"><ele>1.9000000000000001</ele><time>2025-11-01T05:17:24Z</time></trkpt><trkpt lat="22.26767166666667" lon="113.99777166666667"><ele>2.0999999999999996</ele><time>2025-11-01T05:17:27Z</time></trkpt><trkpt lat="22.267680000000002" lon="113.99775333333334"><ele>2.0999999999999996</ele><time>2025-11-01T05:17:30Z</time></trkpt><trkpt lat="22.267698333333335" lon="113.99773333333333"><ele>2.4000000000000004</ele><time>2025-11-01T05:17:32Z</time></trkpt><trkpt lat="22.267713333333337" lon="113.99770833333332"><ele>2.5</ele><time>2025-11-01T05:17:34Z</time></trkpt><trkpt lat="22.267728333333334" lon="113.99769166666668"><ele>3.5</ele><time>2025-11-01T05:17:37Z</time></trkpt><trkpt lat="22.267735000000002" lon="113.99767333333332"><ele>4.0</ele><time>2025-11-01T05:17:39Z</time></trkpt><trkpt lat="22.267743333333335" lon="113.99764333333333"><ele>4.8</ele><time>2025-11-01T05:17:42Z</time></trkpt><trkpt lat="22.267746666666667" lon="113.99761333333332"><ele>5.2</ele><time>2025-11-01T05:17:45Z</time></trkpt><trkpt lat="22.26774833333333" lon="113.99758333333332"><ele>5.6000000000000005</ele><time>2025-11-01T05:17:47Z</time></trkpt><trkpt lat="22.267758333333337" lon="113.99755166666667"><ele>6.1000000000000005</ele><time>2025-11-01T05:17:49Z</time></trkpt><trkpt lat="22.267774999999997" lon="113.99753166666666"><ele>6.3999999999999995</ele><time>2025-11-01T05:17:51Z</time></trkpt><trkpt lat="22.267788333333336" lon="113.99750999999999"><ele>6.3999999999999995</ele><time>2025-11-01T05:17:53Z</time></trkpt><trkpt lat="22.267803333333337" lon="113.997485"><ele>6.3</ele><time>2025-11-01T05:17:55Z</time></trkpt><trkpt lat="22.267819999999997" lon="113.99746333333333"><ele>5.7</ele><time>2025-11-01T05:17:57Z</time></trkpt><trkpt lat="22.267825000000002" lon="113.99744333333335"><ele>5.5</ele><time>2025-11-01T05:17:59Z</time></trkpt><trkpt lat="22.267830000000004" lon="113.99741999999999"><ele>5.2</ele><time>2025-11-01T05:18:01Z</time></trkpt><trkpt lat="22.267834999999998" lon="113.99739333333333"><ele>4.9</ele><time>2025-11-01T05:18:03Z</time></trkpt><trkpt lat="22.267836666666668" lon="113.99736666666668"><ele>4.4</ele><time>2025-11-01T05:18:05Z</time></trkpt><trkpt lat="22.267843333333335" lon="113.99734500000001"><ele>4.0</ele><time>2025-11-01T05:18:07Z</time></trkpt><trkpt lat="22.267825000000002" lon="113.99731333333332"><ele>3.5</ele><time>2025-11-01T05:18:09Z</time></trkpt><trkpt lat="22.267813333333333" lon="113.99729333333335"><ele>3.4000000000000004</ele><time>2025-11-01T05:18:10Z</time></trkpt><trkpt lat="22.267798333333335" lon="113.99727"><ele>3.3</ele><time>2025-11-01T05:18:12Z</time></trkpt><trkpt lat="22.267788333333336" lon="113.99725166666667"><ele>3.3</ele><time>2025-11-01T05:18:15Z</time></trkpt><trkpt lat="22.267768333333333" lon="113.99723"><ele>3.3</ele><time>2025-11-01T05:18:17Z</time></trkpt><trkpt lat="22.267756666666667" lon="113.99720666666666"><ele>2.7</ele><time>2025-11-01T05:18:19Z</time></trkpt><trkpt lat="22.267753333333335" lon="113.99718166666668"><ele>2.6000000000000005</ele><time>2025-11-01T05:18:21Z</time></trkpt><trkpt lat="22.267743333333335" lon="113.99715833333333"><ele>2.7</ele><time>2025-11-01T05:18:23Z</time></trkpt><trkpt lat="22.267743333333335" lon="113.99712999999998"><ele>3.6000000000000005</ele><time>2025-11-01T05:18:26Z</time></trkpt><trkpt lat="22.26773166666667" lon="113.99709999999999"><ele>4.0</ele><time>2025-11-01T05:18:29Z</time></trkpt><trkpt lat="22.267721666666663" lon="113.99707833333332"><ele>3.9000000000000004</ele><time>2025-11-01T05:18:31Z</time></trkpt><trkpt lat="22.26771833333333" lon="113.99704333333332"><ele>3.8</ele><time>2025-11-01T05:18:33Z</time></trkpt><trkpt lat="22.26770333333333" lon="113.99701333333333"><ele>3.9000000000000004</ele><time>2025-11-01T05:18:35Z</time></trkpt><trkpt lat="22.26769" lon="113.997"><ele>3.8</ele><time>2025-11-01T05:18:36Z</time></trkpt><trkpt lat="22.26767166666667" lon="113.99697333333333"><ele>3.3</ele><time>2025-11-01T05:18:38Z</time></trkpt><trkpt lat="22.267661666666662" lon="113.99695500000001"><ele>3.0</ele><time>2025-11-01T05:18:39Z</time></trkpt><trkpt lat="22.267651666666666" lon="113.99692333333333"><ele>2.9000000000000004</ele><time>2025-11-01T05:18:41Z</time></trkpt><trkpt lat="22.267636666666665" lon="113.99689666666667"><ele>3.4000000000000004</ele><time>2025-11-01T05:18:43Z</time></trkpt><trkpt lat="22.26762833333333" lon="113.99686500000001"><ele>3.3</ele><time>2025-11-01T05:18:45Z</time></trkpt><trkpt lat="22.267625" lon="113.99684333333335"><ele>3.9000000000000004</ele><time>2025-11-01T05:18:48Z</time></trkpt><trkpt lat="22.267615" lon="113.99682"><ele>4.5</ele><time>2025-11-01T05:18:53Z</time></trkpt><trkpt lat="22.267608333333335" lon="113.99680000000002"><ele>5.2</ele><time>2025-11-01T05:18:55Z</time></trkpt><trkpt lat="22.267605000000003" lon="113.996765"><ele>6.6000000000000005</ele><time>2025-11-01T05:18:57Z</time></trkpt><trkpt lat="22.267605000000003" lon="113.996745"><ele>8.299999999999999</ele><time>2025-11-01T05:18:59Z</time></trkpt><trkpt lat="22.267606666666666" lon="113.996725"><ele>10.1</ele><time>2025-11-01T05:19:02Z</time></trkpt><trkpt lat="22.267594999999996" lon="113.99670166666668"><ele>11.5</ele><time>2025-11-01T05:19:05Z</time></trkpt><trkpt lat="22.267586666666663" lon="113.99667666666667"><ele>12.399999999999999</ele><time>2025-11-01T05:19:07Z</time></trkpt><trkpt lat="22.267585" lon="113.996655"><ele>12.6</ele><time>2025-11-01T05:19:09Z</time></trkpt><trkpt lat="22.26758166666667" lon="113.99662666666667"><ele>12.7</ele><time>2025-11-01T05:19:12Z</time></trkpt><trkpt lat="22.267575000000004" lon="113.99660166666666"><ele>12.6</ele><time>2025-11-01T05:19:14Z</time></trkpt><trkpt lat="22.26757166666666" lon="113.99657166666665"><ele>11.7</ele><time>2025-11-01T05:19:17Z</time></trkpt><trkpt lat="22.267563333333335" lon="113.99654166666666"><ele>10.6</ele><time>2025-11-01T05:19:20Z</time></trkpt><trkpt lat="22.267546666666664" lon="113.99652333333333"><ele>9.7</ele><time>2025-11-01T05:19:22Z</time></trkpt><trkpt lat="22.267531666666667" lon="113.99650500000001"><ele>9.1</ele><time>2025-11-01T05:19:24Z</time></trkpt><trkpt lat="22.267530000000004" lon="113.99648499999999"><ele>8.6</ele><time>2025-11-01T05:19:26Z</time></trkpt><trkpt lat="22.267518333333335" lon="113.996455"><ele>8.799999999999999</ele><time>2025-11-01T05:19:29Z</time></trkpt><trkpt lat="22.267498333333332" lon="113.996425"><ele>9.2</ele><time>2025-11-01T05:19:31Z</time></trkpt><trkpt lat="22.267485000000004" lon="113.99639666666666"><ele>9.2</ele><time>2025-11-01T05:19:33Z</time></trkpt><trkpt lat="22.267474999999997" lon="113.99638000000002"><ele>9.6</ele><time>2025-11-01T05:19:35Z</time></trkpt><trkpt lat="22.267458333333334" lon="113.99636166666666"><ele>10.299999999999999</ele><time>2025-11-01T05:19:38Z</time></trkpt><trkpt lat="22.267453333333332" lon="113.99633999999999"><ele>10.799999999999999</ele><time>2025-11-01T05:19:40Z</time></trkpt><trkpt lat="22.26744833333333" lon="113.99631666666667"><ele>11.399999999999999</ele><time>2025-11-01T05:19:42Z</time></trkpt><trkpt lat="22.267446666666668" lon="113.99629333333333"><ele>11.7</ele><time>2025-11-01T05:19:44Z</time></trkpt><trkpt lat="22.26744833333333" lon="113.99627166666666"><ele>12.2</ele><time>2025-11-01T05:19:46Z</time></trkpt><trkpt lat="22.26744833333333" lon="113.99624999999999"><ele>13.2</ele><time>2025-11-01T05:19:49Z</time></trkpt><trkpt lat="22.267438333333335" lon="113.99622833333333"><ele>13.299999999999999</ele><time>2025-11-01T05:19:51Z</time></trkpt><trkpt lat="22.267428333333335" lon="113.996205"><ele>13.399999999999999</ele><time>2025-11-01T05:19:53Z</time></trkpt><trkpt lat="22.267414999999996" lon="113.99617166666667"><ele>13.399999999999999</ele><time>2025-11-01T05:19:55Z</time></trkpt><trkpt lat="22.26740666666667" lon="113.99613666666667"><ele>13.0</ele><time>2025-11-01T05:19:57Z</time></trkpt><trkpt lat="22.267408333333332" lon="113.99610499999999"><ele>12.399999999999999</ele><time>2025-11-01T05:19:59Z</time></trkpt><trkpt lat="22.267405" lon="113.99607666666667"><ele>12.299999999999999</ele><time>2025-11-01T05:20:01Z</time></trkpt><trkpt lat="22.267408333333332" lon="113.99604833333333"><ele>12.299999999999999</ele><time>2025-11-01T05:20:03Z</time></trkpt><trkpt lat="22.267401666666668" lon="113.996025"><ele>12.299999999999999</ele><time>2025-11-01T05:20:05Z</time></trkpt><trkpt lat="22.267393333333334" lon="113.99600333333335"><ele>12.399999999999999</ele><time>2025-11-01T05:20:07Z</time></trkpt><trkpt lat="22.26738833333333" lon="113.99597999999999"><ele>12.7</ele><time>2025-11-01T05:20:09Z</time></trkpt><trkpt lat="22.267378333333333" lon="113.99595833333333"><ele>12.7</ele><time>2025-11-01T05:20:11Z</time></trkpt><trkpt lat="22.267365" lon="113.99594166666665"><ele>12.7</ele><time>2025-11-01T05:20:14Z</time></trkpt><trkpt lat="22.267381666666665" lon="113.99593166666666"><ele>13.0</ele><time>2025-11-01T05:20:17Z</time></trkpt><trkpt lat="22.267405" lon="113.99592"><ele>13.5</ele><time>2025-11-01T05:20:19Z</time></trkpt><trkpt lat="22.267425000000003" lon="113.99591666666666"><ele>14.3</ele><time>2025-11-01T05:20:21Z</time></trkpt><trkpt lat="22.26745" lon="113.99591166666666"><ele>13.799999999999999</ele><time>2025-11-01T05:20:23Z</time></trkpt><trkpt lat="22.267474999999997" lon="113.99590166666667"><ele>12.299999999999999</ele><time>2025-11-01T05:20:26Z</time></trkpt><trkpt lat="22.26749166666667" lon="113.99589166666668"><ele>11.299999999999999</ele><time>2025-11-01T05:20:29Z</time></trkpt><trkpt lat="22.26749333333333" lon="113.99587166666667"><ele>10.2</ele><time>2025-11-01T05:20:31Z</time></trkpt><trkpt lat="22.267485000000004" lon="113.99585"><ele>8.799999999999999</ele><time>2025-11-01T05:20:33Z</time></trkpt><trkpt lat="22.267483333333335" lon="113.99582166666666"><ele>7.6000000000000005</ele><time>2025-11-01T05:20:35Z</time></trkpt><trkpt lat="22.267476666666667" lon="113.99580333333333"><ele>6.8999999999999995</ele><time>2025-11-01T05:20:37Z</time></trkpt><trkpt lat="22.26746166666667" lon="113.99578666666666"><ele>6.1000000000000005</ele><time>2025-11-01T05:20:39Z</time></trkpt><trkpt lat="22.267446666666668" lon="113.99576499999999"><ele>5.7</ele><time>2025-11-01T05:20:41Z</time></trkpt><trkpt lat="22.267431666666667" lon="113.99574333333334"><ele>5.6000000000000005</ele><time>2025-11-01T05:20:43Z</time></trkpt><trkpt lat="22.267414999999996" lon="113.99572000000002"><ele>5.5</ele><time>2025-11-01T05:20:45Z</time></trkpt><trkpt lat="22.26740333333333" lon="113.9957"><ele>5.5</ele><time>2025-11-01T05:20:47Z</time></trkpt><trkpt lat="22.26738833333333" lon="113.99567499999999"><ele>5.4</ele><time>2025-11-01T05:20:49Z</time></trkpt><trkpt lat="22.267380000000003" lon="113.99565499999999"><ele>5.3</ele><time>2025-11-01T05:20:51Z</time></trkpt><trkpt lat="22.267369999999996" lon="113.99563500000001"><ele>5.2</ele><time>2025-11-01T05:20:53Z</time></trkpt><trkpt lat="22.26735833333333" lon="113.99561333333334"><ele>5.1000000000000005</ele><time>2025-11-01T05:20:55Z</time></trkpt><trkpt lat="22.267345" lon="113.99558999999999"><ele>5.8</ele><time>2025-11-01T05:20:57Z</time></trkpt><trkpt lat="22.26733166666667" lon="113.99557000000001"><ele>6.3999999999999995</ele><time>2025-11-01T05:20:59Z</time></trkpt><trkpt lat="22.267318333333332" lon="113.99553666666667"><ele>5.8</ele><time>2025-11-01T05:21:02Z</time></trkpt><trkpt lat="22.267311666666668" lon="113.99551666666666"><ele>5.7</ele><time>2025-11-01T05:21:03Z</time></trkpt><trkpt lat="22.267303333333334" lon="113.99549666666665"><ele>5.9</ele><time>2025-11-01T05:21:04Z</time></trkpt><trkpt lat="22.267291666666665" lon="113.99547166666667"><ele>6.0</ele><time>2025-11-01T05:21:06Z</time></trkpt><trkpt lat="22.267276666666664" lon="113.99544666666667"><ele>6.1000000000000005</ele><time>2025-11-01T05:21:09Z</time></trkpt><trkpt lat="22.26726833333333" lon="113.99542500000001"><ele>5.8</ele><time>2025-11-01T05:21:12Z</time></trkpt><trkpt lat="22.267260000000004" lon="113.99540499999999"><ele>5.6000000000000005</ele><time>2025-11-01T05:21:15Z</time></trkpt><trkpt lat="22.267251666666667" lon="113.99537666666666"><ele>5.7</ele><time>2025-11-01T05:21:17Z</time></trkpt><trkpt lat="22.26723666666667" lon="113.99536000000002"><ele>5.7</ele><time>2025-11-01T05:21:19Z</time></trkpt><trkpt lat="22.267221666666668" lon="113.99534666666665"><ele>5.7</ele><time>2025-11-01T05:21:21Z</time></trkpt><trkpt lat="22.267203333333335" lon="113.99533333333332"><ele>5.7</ele><time>2025-11-01T05:21:23Z</time></trkpt><trkpt lat="22.26718" lon="113.99531499999999"><ele>6.3</ele><time>2025-11-01T05:21:25Z</time></trkpt><trkpt lat="22.267156666666665" lon="113.99529666666668"><ele>6.7</ele><time>2025-11-01T05:21:27Z</time></trkpt><trkpt lat="22.267141666666664" lon="113.99528000000001"><ele>7.7</ele><time>2025-11-01T05:21:29Z</time></trkpt><trkpt lat="22.267131666666668" lon="113.99525999999999"><ele>9.0</ele><time>2025-11-01T05:21:31Z</time></trkpt><trkpt lat="22.26711833333333" lon="113.99524333333332"><ele>10.7</ele><time>2025-11-01T05:21:33Z</time></trkpt><trkpt lat="22.26710166666667" lon="113.99522833333334"><ele>12.0</ele><time>2025-11-01T05:21:35Z</time></trkpt><trkpt lat="22.26710333333333" lon="113.99520166666667"><ele>11.7</ele><time>2025-11-01T05:21:38Z</time></trkpt><trkpt lat="22.267110000000002" lon="113.99518000000002"><ele>11.5</ele><time>2025-11-01T05:21:40Z</time></trkpt><trkpt lat="22.267114999999997" lon="113.99514666666667"><ele>11.5</ele><time>2025-11-01T05:21:42Z</time></trkpt><trkpt lat="22.267113333333334" lon="113.99512166666666"><ele>11.1</ele><time>2025-11-01T05:21:44Z</time></trkpt><trkpt lat="22.267108333333333" lon="113.99509833333335"><ele>11.2</ele><time>2025-11-01T05:21:46Z</time></trkpt><trkpt lat="22.26708833333333" lon="113.99508666666667"><ele>10.7</ele><time>2025-11-01T05:21:49Z</time></trkpt><trkpt lat="22.267071666666666" lon="113.99507666666665"><ele>10.2</ele><time>2025-11-01T05:21:51Z</time></trkpt><trkpt lat="22.26706166666667" lon="113.99506000000001"><ele>9.2</ele><time>2025-11-01T05:21:54Z</time></trkpt><trkpt lat="22.26705" lon="113.99503833333334"><ele>9.0</ele><time>2025-11-01T05:21:57Z</time></trkpt><trkpt lat="22.26703166666667" lon="113.99503166666666"><ele>9.1</ele><time>2025-11-01T05:22:15Z</time></trkpt><trkpt lat="22.267024999999997" lon="113.99499166666668"><ele>8.2</ele><time>2025-11-01T05:22:45Z</time></trkpt><trkpt lat="22.26701333333333" lon="113.99497166666667"><ele>8.0</ele><time>2025-11-01T05:22:47Z</time></trkpt><trkpt lat="22.267008333333333" lon="113.994945"><ele>7.3999999999999995</ele><time>2025-11-01T05:22:50Z</time></trkpt><trkpt lat="22.26701166666667" lon="113.99492166666666"><ele>6.3</ele><time>2025-11-01T05:22:53Z</time></trkpt><trkpt lat="22.26700333333333" lon="113.99490166666668"><ele>5.1000000000000005</ele><time>2025-11-01T05:22:57Z</time></trkpt><trkpt lat="22.266988333333334" lon="113.994915"><ele>3.8</ele><time>2025-11-01T05:23:09Z</time></trkpt><trkpt lat="22.266990000000003" lon="113.99488666666666"><ele>2.5</ele><time>2025-11-01T05:23:16Z</time></trkpt><trkpt lat="22.266988333333334" lon="113.99486166666665"><ele>2.6000000000000005</ele><time>2025-11-01T05:23:18Z</time></trkpt><trkpt lat="22.266988333333334" lon="113.99484"><ele>2.6000000000000005</ele><time>2025-11-01T05:23:20Z</time></trkpt><trkpt lat="22.266993333333335" lon="113.99481833333333"><ele>3.1000000000000005</ele><time>2025-11-01T05:23:22Z</time></trkpt><trkpt lat="22.266996666666667" lon="113.99479666666666"><ele>3.2</ele><time>2025-11-01T05:23:24Z</time></trkpt><trkpt lat="22.26700166666667" lon="113.99477333333334"><ele>2.8</ele><time>2025-11-01T05:23:26Z</time></trkpt><trkpt lat="22.267006666666664" lon="113.99475333333334"><ele>2.3</ele><time>2025-11-01T05:23:28Z</time></trkpt><trkpt lat="22.267006666666664" lon="113.99473333333331"><ele>1.7</ele><time>2025-11-01T05:23:30Z</time></trkpt><trkpt lat="22.267006666666664" lon="113.99471"><ele>1.2</ele><time>2025-11-01T05:23:32Z</time></trkpt><trkpt lat="22.26701166666667" lon="113.99468833333334"><ele>0.8</ele><time>2025-11-01T05:23:34Z</time></trkpt><trkpt lat="22.2669422" lon="113.9946652"><ele>4.300000190734863</ele><time>2025-11-01T05:23:30.561Z</time></trkpt><trkpt lat="22.266980894179895" lon="113.99466675837742"><ele>0.4999999999999998</ele><time>2025-11-01T05:23:36Z</time></trkpt><trkpt lat="22.267035000000003" lon="113.99463499999999"><ele>-0.30000000000000004</ele><time>2025-11-01T05:23:40Z</time></trkpt><trkpt lat="22.267041666666668" lon="113.99461500000001"><ele>-0.9</ele><time>2025-11-01T05:23:42Z</time></trkpt><trkpt lat="22.26705" lon="113.99459333333334"><ele>-1.8</ele><time>2025-11-01T05:23:44Z</time></trkpt><trkpt lat="22.26705666666667" lon="113.99457166666667"><ele>-2.5</ele><time>2025-11-01T05:23:46Z</time></trkpt><trkpt lat="22.267066666666665" lon="113.99454666666666"><ele>-3.0</ele><time>2025-11-01T05:23:48Z</time></trkpt><trkpt lat="22.267066666666665" lon="113.99452166666667"><ele>-3.7</ele><time>2025-11-01T05:23:50Z</time></trkpt><trkpt lat="22.267068333333334" lon="113.9945"><ele>-4.6</ele><time>2025-11-01T05:23:52Z</time></trkpt><trkpt lat="22.267078333333334" lon="113.99447833333333"><ele>-6.3</ele><time>2025-11-01T05:23:55Z</time></trkpt><trkpt lat="22.267068333333334" lon="113.99446166666667"><ele>-8.6</ele><time>2025-11-01T05:24:05Z</time></trkpt><trkpt lat="22.267078333333334" lon="113.99442333333333"><ele>-10.100000000000001</ele><time>2025-11-01T05:24:20Z</time></trkpt><trkpt lat="22.26709" lon="113.99440833333334"><ele>-10.3</ele><time>2025-11-01T05:24:21Z</time></trkpt><trkpt lat="22.26710333333333" lon="113.99439333333333"><ele>-10.4</ele><time>2025-11-01T05:24:22Z</time></trkpt><trkpt lat="22.267123333333334" lon="113.99437666666667"><ele>-10.8</ele><time>2025-11-01T05:24:24Z</time></trkpt><trkpt lat="22.267144999999996" lon="113.99436666666666"><ele>-11.100000000000001</ele><time>2025-11-01T05:24:26Z</time></trkpt><trkpt lat="22.26716333333333" lon="113.99435666666668"><ele>-11.100000000000001</ele><time>2025-11-01T05:24:28Z</time></trkpt><trkpt lat="22.26718" lon="113.99434333333332"><ele>-11.200000000000001</ele><time>2025-11-01T05:24:29Z</time></trkpt><trkpt lat="22.26720833333333" lon="113.99434500000001"><ele>-12.200000000000001</ele><time>2025-11-01T05:24:31Z</time></trkpt><trkpt lat="22.267228333333332" lon="113.99434833333335"><ele>-13.4</ele><time>2025-11-01T05:24:33Z</time></trkpt><trkpt lat="22.267243333333333" lon="113.99433333333333"><ele>-14.0</ele><time>2025-11-01T05:24:35Z</time></trkpt><trkpt lat="22.267256666666672" lon="113.99431166666666"><ele>-14.0</ele><time>2025-11-01T05:24:37Z</time></trkpt><trkpt lat="22.26727" lon="113.99428833333334"><ele>-15.0</ele><time>2025-11-01T05:24:39Z</time></trkpt><trkpt lat="22.267278333333334" lon="113.99426999999999"><ele>-15.600000000000001</ele><time>2025-11-01T05:24:40Z</time></trkpt><trkpt lat="22.267294999999997" lon="113.99425333333332"><ele>-16.6</ele><time>2025-11-01T05:24:42Z</time></trkpt><trkpt lat="22.26732" lon="113.99423333333334"><ele>-17.3</ele><time>2025-11-01T05:24:44Z</time></trkpt><trkpt lat="22.26733166666667" lon="113.99421166666667"><ele>-17.8</ele><time>2025-11-01T05:24:46Z</time></trkpt><trkpt lat="22.267353333333336" lon="113.99418499999999"><ele>-17.5</ele><time>2025-11-01T05:24:49Z</time></trkpt><trkpt lat="22.267363333333332" lon="113.99416500000001"><ele>-17.3</ele><time>2025-11-01T05:24:51Z</time></trkpt><trkpt lat="22.267356666666668" lon="113.99414333333334"><ele>-17.0</ele><time>2025-11-01T05:24:53Z</time></trkpt><trkpt lat="22.267363333333332" lon="113.99412166666667"><ele>-16.4</ele><time>2025-11-01T05:24:55Z</time></trkpt><trkpt lat="22.26737166666667" lon="113.99410000000002"><ele>-15.8</ele><time>2025-11-01T05:24:57Z</time></trkpt><trkpt lat="22.267381666666665" lon="113.99407833333335"><ele>-15.4</ele><time>2025-11-01T05:24:59Z</time></trkpt><trkpt lat="22.267383333333335" lon="113.99405499999999"><ele>-14.8</ele><time>2025-11-01T05:25:01Z</time></trkpt><trkpt lat="22.26738833333333" lon="113.99403166666667"><ele>-14.4</ele><time>2025-11-01T05:25:03Z</time></trkpt><trkpt lat="22.267398333333336" lon="113.99401166666667"><ele>-14.0</ele><time>2025-11-01T05:25:05Z</time></trkpt><trkpt lat="22.267413333333334" lon="113.99399666666667"><ele>-13.4</ele><time>2025-11-01T05:25:07Z</time></trkpt><trkpt lat="22.26741666666667" lon="113.99396999999999"><ele>-13.0</ele><time>2025-11-01T05:25:11Z</time></trkpt><trkpt lat="22.267425000000003" lon="113.99394166666667"><ele>-13.1</ele><time>2025-11-01T05:25:13Z</time></trkpt><trkpt lat="22.267440000000004" lon="113.99393"><ele>-13.0</ele><time>2025-11-01T05:25:14Z</time></trkpt><trkpt lat="22.267459999999996" lon="113.99390333333334"><ele>-12.9</ele><time>2025-11-01T05:25:16Z</time></trkpt><trkpt lat="22.26748166666666" lon="113.99387999999999"><ele>-13.700000000000001</ele><time>2025-11-01T05:25:18Z</time></trkpt><trkpt lat="22.267495" lon="113.99386166666666"><ele>-14.200000000000001</ele><time>2025-11-01T05:25:20Z</time></trkpt><trkpt lat="22.267511666666664" lon="113.993845"><ele>-14.9</ele><time>2025-11-01T05:25:22Z</time></trkpt><trkpt lat="22.267518333333335" lon="113.99382333333332"><ele>-15.3</ele><time>2025-11-01T05:25:24Z</time></trkpt><trkpt lat="22.267528333333335" lon="113.99380333333332"><ele>-15.4</ele><time>2025-11-01T05:25:26Z</time></trkpt><trkpt lat="22.26753666666667" lon="113.99377666666666"><ele>-15.200000000000001</ele><time>2025-11-01T05:25:29Z</time></trkpt><trkpt lat="22.267543333333332" lon="113.993755"><ele>-15.200000000000001</ele><time>2025-11-01T05:25:31Z</time></trkpt><trkpt lat="22.26755166666667" lon="113.99373166666668"><ele>-15.4</ele><time>2025-11-01T05:25:33Z</time></trkpt><trkpt lat="22.267561666666666" lon="113.99371166666667"><ele>-15.6</ele><time>2025-11-01T05:25:35Z</time></trkpt><trkpt lat="22.267564999999998" lon="113.993685"><ele>-16.2</ele><time>2025-11-01T05:25:37Z</time></trkpt><trkpt lat="22.267573333333335" lon="113.99366"><ele>-17.3</ele><time>2025-11-01T05:25:39Z</time></trkpt><trkpt lat="22.267576666666667" lon="113.99363833333334"><ele>-18.099999999999998</ele><time>2025-11-01T05:25:41Z</time></trkpt><trkpt lat="22.26757166666666" lon="113.99361333333333"><ele>-18.7</ele><time>2025-11-01T05:25:44Z</time></trkpt><trkpt lat="22.267573333333335" lon="113.99359333333332"><ele>-19.4</ele><time>2025-11-01T05:25:47Z</time></trkpt><trkpt lat="22.267575000000004" lon="113.99356833333334"><ele>-19.5</ele><time>2025-11-01T05:25:49Z</time></trkpt><trkpt lat="22.267573333333335" lon="113.99354"><ele>-19.5</ele><time>2025-11-01T05:25:51Z</time></trkpt><trkpt lat="22.267573333333335" lon="113.99350833333334"><ele>-19.2</ele><time>2025-11-01T05:25:53Z</time></trkpt><trkpt lat="22.26756833333333" lon="113.99348"><ele>-18.5</ele><time>2025-11-01T05:25:55Z</time></trkpt><trkpt lat="22.26756833333333" lon="113.993455"><ele>-18.4</ele><time>2025-11-01T05:25:57Z</time></trkpt><trkpt lat="22.26756833333333" lon="113.99342499999999"><ele>-18.299999999999997</ele><time>2025-11-01T05:25:59Z</time></trkpt><trkpt lat="22.26757166666666" lon="113.99340500000001"><ele>-18.0</ele><time>2025-11-01T05:26:00Z</time></trkpt><trkpt lat="22.26757166666666" lon="113.99336999999998"><ele>-17.4</ele><time>2025-11-01T05:26:02Z</time></trkpt><trkpt lat="22.26756833333333" lon="113.99334166666668"><ele>-16.099999999999998</ele><time>2025-11-01T05:26:05Z</time></trkpt><trkpt lat="22.26756833333333" lon="113.99331500000001"><ele>-15.9</ele><time>2025-11-01T05:26:08Z</time></trkpt><trkpt lat="22.267573333333335" lon="113.99328500000001"><ele>-15.8</ele><time>2025-11-01T05:26:10Z</time></trkpt><trkpt lat="22.267585" lon="113.99325166666668"><ele>-15.700000000000001</ele><time>2025-11-01T05:26:12Z</time></trkpt><trkpt lat="22.2676" lon="113.99322666666667"><ele>-15.5</ele><time>2025-11-01T05:26:14Z</time></trkpt><trkpt lat="22.26761666666666" lon="113.99320833333334"><ele>-15.700000000000001</ele><time>2025-11-01T05:26:16Z</time></trkpt><trkpt lat="22.267636666666665" lon="113.99319166666668"><ele>-16.2</ele><time>2025-11-01T05:26:18Z</time></trkpt><trkpt lat="22.267656666666667" lon="113.99317500000001"><ele>-16.599999999999998</ele><time>2025-11-01T05:26:20Z</time></trkpt><trkpt lat="22.267675" lon="113.99316166666668"><ele>-16.599999999999998</ele><time>2025-11-01T05:26:22Z</time></trkpt><trkpt lat="22.26769" lon="113.99314833333334"><ele>-16.9</ele><time>2025-11-01T05:26:24Z</time></trkpt><trkpt lat="22.267711666666667" lon="113.99313"><ele>-17.4</ele><time>2025-11-01T05:26:29Z</time></trkpt><trkpt lat="22.267728333333334" lon="113.99311333333331"><ele>-17.5</ele><time>2025-11-01T05:26:31Z</time></trkpt><trkpt lat="22.267741666666666" lon="113.99309666666667"><ele>-17.099999999999998</ele><time>2025-11-01T05:26:33Z</time></trkpt><trkpt lat="22.26776166666667" lon="113.99308666666666"><ele>-16.099999999999998</ele><time>2025-11-01T05:26:35Z</time></trkpt><trkpt lat="22.267786666666666" lon="113.99307666666667"><ele>-15.6</ele><time>2025-11-01T05:26:37Z</time></trkpt><trkpt lat="22.26780833333333" lon="113.99306499999999"><ele>-14.700000000000001</ele><time>2025-11-01T05:26:39Z</time></trkpt><trkpt lat="22.267818333333334" lon="113.99303833333333"><ele>-13.4</ele><time>2025-11-01T05:26:43Z</time></trkpt><trkpt lat="22.267826666666664" lon="113.99301166666667"><ele>-13.5</ele><time>2025-11-01T05:26:45Z</time></trkpt><trkpt lat="22.26783833333333" lon="113.99298833333333"><ele>-13.700000000000001</ele><time>2025-11-01T05:26:47Z</time></trkpt><trkpt lat="22.26785166666667" lon="113.99296333333332"><ele>-14.1</ele><time>2025-11-01T05:26:49Z</time></trkpt><trkpt lat="22.267868333333332" lon="113.99294"><ele>-14.6</ele><time>2025-11-01T05:26:51Z</time></trkpt><trkpt lat="22.267879999999998" lon="113.99292166666667"><ele>-15.0</ele><time>2025-11-01T05:26:53Z</time></trkpt><trkpt lat="22.267888333333335" lon="113.99290166666667"><ele>-14.8</ele><time>2025-11-01T05:26:55Z</time></trkpt><trkpt lat="22.267906666666665" lon="113.9929"><ele>-14.8</ele><time>2025-11-01T05:27:00Z</time></trkpt><trkpt lat="22.267924999999998" lon="113.99289666666667"><ele>-14.700000000000001</ele><time>2025-11-01T05:27:02Z</time></trkpt><trkpt lat="22.26794166666667" lon="113.99291"><ele>-14.6</ele><time>2025-11-01T05:27:04Z</time></trkpt><trkpt lat="22.267963333333334" lon="113.99291166666666"><ele>-15.200000000000001</ele><time>2025-11-01T05:27:06Z</time></trkpt><trkpt lat="22.267979999999998" lon="113.99292166666667"><ele>-14.6</ele><time>2025-11-01T05:27:08Z</time></trkpt><trkpt lat="22.267996666666665" lon="113.99290500000001"><ele>-13.8</ele><time>2025-11-01T05:27:10Z</time></trkpt><trkpt lat="22.26801833333333" lon="113.99288166666665"><ele>-12.4</ele><time>2025-11-01T05:27:15Z</time></trkpt><trkpt lat="22.268038333333333" lon="113.992875"><ele>-11.9</ele><time>2025-11-01T05:27:18Z</time></trkpt><trkpt lat="22.268053333333334" lon="113.99286166666667"><ele>-11.4</ele><time>2025-11-01T05:27:20Z</time></trkpt><trkpt lat="22.268066666666662" lon="113.99283500000001"><ele>-11.200000000000001</ele><time>2025-11-01T05:27:22Z</time></trkpt><trkpt lat="22.26807833333333" lon="113.99281166666667"><ele>-10.6</ele><time>2025-11-01T05:27:24Z</time></trkpt><trkpt lat="22.268088333333335" lon="113.99279333333334"><ele>-10.0</ele><time>2025-11-01T05:27:25Z</time></trkpt><trkpt lat="22.268106666666668" lon="113.99277833333332"><ele>-9.5</ele><time>2025-11-01T05:27:26Z</time></trkpt><trkpt lat="22.26812166666667" lon="113.99276333333334"><ele>-9.2</ele><time>2025-11-01T05:27:27Z</time></trkpt><trkpt lat="22.268134999999997" lon="113.99275000000002"><ele>-9.0</ele><time>2025-11-01T05:27:28Z</time></trkpt><trkpt lat="22.268165" lon="113.99274166666667"><ele>-8.8</ele><time>2025-11-01T05:27:30Z</time></trkpt><trkpt lat="22.26818166666667" lon="113.99273166666666"><ele>-9.0</ele><time>2025-11-01T05:27:32Z</time></trkpt><trkpt lat="22.268203333333336" lon="113.99270499999999"><ele>-9.2</ele><time>2025-11-01T05:27:34Z</time></trkpt><trkpt lat="22.268223333333335" lon="113.99268333333333"><ele>-9.4</ele><time>2025-11-01T05:27:36Z</time></trkpt><trkpt lat="22.268231666666665" lon="113.992665"><ele>-10.200000000000001</ele><time>2025-11-01T05:27:38Z</time></trkpt><trkpt lat="22.268230000000003" lon="113.992645"><ele>-10.8</ele><time>2025-11-01T05:27:40Z</time></trkpt><trkpt lat="22.268215" lon="113.99261833333334"><ele>-12.200000000000001</ele><time>2025-11-01T05:27:43Z</time></trkpt><trkpt lat="22.268201666666663" lon="113.99259500000001"><ele>-13.3</ele><time>2025-11-01T05:27:45Z</time></trkpt><trkpt lat="22.268191666666667" lon="113.99257666666666"><ele>-13.9</ele><time>2025-11-01T05:27:47Z</time></trkpt><trkpt lat="22.268196666666668" lon="113.992555"><ele>-14.3</ele><time>2025-11-01T05:27:49Z</time></trkpt><trkpt lat="22.268221666666665" lon="113.99254833333335"><ele>-15.200000000000001</ele><time>2025-11-01T05:27:53Z</time></trkpt><trkpt lat="22.26824" lon="113.99254666666666"><ele>-15.8</ele><time>2025-11-01T05:27:55Z</time></trkpt><trkpt lat="22.26826" lon="113.99253666666667"><ele>-16.599999999999998</ele><time>2025-11-01T05:27:57Z</time></trkpt><trkpt lat="22.268275000000003" lon="113.992515"><ele>-17.2</ele><time>2025-11-01T05:27:59Z</time></trkpt><trkpt lat="22.26829" lon="113.99249333333334"><ele>-18.0</ele><time>2025-11-01T05:28:01Z</time></trkpt><trkpt lat="22.268309999999996" lon="113.99247666666666"><ele>-19.2</ele><time>2025-11-01T05:28:04Z</time></trkpt><trkpt lat="22.268326666666667" lon="113.99245"><ele>-19.5</ele><time>2025-11-01T05:28:06Z</time></trkpt><trkpt lat="22.268341666666668" lon="113.99242833333334"><ele>-19.5</ele><time>2025-11-01T05:28:08Z</time></trkpt><trkpt lat="22.268358333333335" lon="113.99240833333333"><ele>-19.5</ele><time>2025-11-01T05:28:10Z</time></trkpt><trkpt lat="22.268375" lon="113.99239000000001"><ele>-19.299999999999997</ele><time>2025-11-01T05:28:12Z</time></trkpt><trkpt lat="22.268396666666664" lon="113.99237166666666"><ele>-18.799999999999997</ele><time>2025-11-01T05:28:14Z</time></trkpt><trkpt lat="22.268414999999997" lon="113.99235500000002"><ele>-18.599999999999998</ele><time>2025-11-01T05:28:16Z</time></trkpt><trkpt lat="22.268433333333338" lon="113.99234666666668"><ele>-18.4</ele><time>2025-11-01T05:28:18Z</time></trkpt><trkpt lat="22.268455000000003" lon="113.992335"><ele>-18.5</ele><time>2025-11-01T05:28:20Z</time></trkpt><trkpt lat="22.26847666666667" lon="113.99232166666667"><ele>-18.099999999999998</ele><time>2025-11-01T05:28:22Z</time></trkpt><trkpt lat="22.268498333333334" lon="113.99230833333334"><ele>-17.5</ele><time>2025-11-01T05:28:24Z</time></trkpt><trkpt lat="22.268518333333336" lon="113.99229833333332"><ele>-17.0</ele><time>2025-11-01T05:28:26Z</time></trkpt><trkpt lat="22.26854166666667" lon="113.99229833333332"><ele>-16.2</ele><time>2025-11-01T05:28:28Z</time></trkpt><trkpt lat="22.268563333333336" lon="113.99231166666665"><ele>-15.4</ele><time>2025-11-01T05:28:30Z</time></trkpt><trkpt lat="22.268591666666666" lon="113.99231999999999"><ele>-14.5</ele><time>2025-11-01T05:28:32Z</time></trkpt><trkpt lat="22.26861166666667" lon="113.99231833333333"><ele>-13.8</ele><time>2025-11-01T05:28:34Z</time></trkpt><trkpt lat="22.26863166666667" lon="113.99231333333334"><ele>-13.1</ele><time>2025-11-01T05:28:36Z</time></trkpt><trkpt lat="22.268655" lon="113.992305"><ele>-12.5</ele><time>2025-11-01T05:28:38Z</time></trkpt><trkpt lat="22.268674999999998" lon="113.99229833333332"><ele>-12.0</ele><time>2025-11-01T05:28:40Z</time></trkpt><trkpt lat="22.2687" lon="113.992305"><ele>-11.8</ele><time>2025-11-01T05:28:42Z</time></trkpt><trkpt lat="22.26872" lon="113.99230000000001"><ele>-11.700000000000001</ele><time>2025-11-01T05:28:44Z</time></trkpt><trkpt lat="22.26873833333333" lon="113.99229666666666"><ele>-11.700000000000001</ele><time>2025-11-01T05:28:46Z</time></trkpt><trkpt lat="22.268759999999997" lon="113.99229500000001"><ele>-11.700000000000001</ele><time>2025-11-01T05:28:48Z</time></trkpt><trkpt lat="22.26878333333333" lon="113.992285"><ele>-11.5</ele><time>2025-11-01T05:28:50Z</time></trkpt><trkpt lat="22.268803333333334" lon="113.99227666666665"><ele>-11.4</ele><time>2025-11-01T05:28:52Z</time></trkpt><trkpt lat="22.268821666666668" lon="113.99226833333333"><ele>-11.4</ele><time>2025-11-01T05:28:54Z</time></trkpt><trkpt lat="22.26884166666667" lon="113.99225"><ele>-11.700000000000001</ele><time>2025-11-01T05:28:57Z</time></trkpt><trkpt lat="22.268863333333336" lon="113.99223833333332"><ele>-11.8</ele><time>2025-11-01T05:28:59Z</time></trkpt><trkpt lat="22.26888333333333" lon="113.99223500000001"><ele>-11.8</ele><time>2025-11-01T05:29:01Z</time></trkpt><trkpt lat="22.2689" lon="113.99225666666668"><ele>-12.200000000000001</ele><time>2025-11-01T05:29:04Z</time></trkpt><trkpt lat="22.26890166666667" lon="113.99228"><ele>-12.6</ele><time>2025-11-01T05:29:09Z</time></trkpt><trkpt lat="22.2689" lon="113.99230166666666"><ele>-11.9</ele><time>2025-11-01T05:29:14Z</time></trkpt><trkpt lat="22.268921666666664" lon="113.992285"><ele>-10.9</ele><time>2025-11-01T05:29:23Z</time></trkpt><trkpt lat="22.268939999999997" lon="113.99227"><ele>-10.8</ele><time>2025-11-01T05:29:25Z</time></trkpt><trkpt lat="22.26896" lon="113.99225499999999"><ele>-10.8</ele><time>2025-11-01T05:29:27Z</time></trkpt><trkpt lat="22.268978333333333" lon="113.99224000000001"><ele>-10.3</ele><time>2025-11-01T05:29:29Z</time></trkpt><trkpt lat="22.268998333333336" lon="113.99223166666667"><ele>-10.1</ele><time>2025-11-01T05:29:31Z</time></trkpt><trkpt lat="22.269025000000003" lon="113.99222"><ele>-9.9</ele><time>2025-11-01T05:29:34Z</time></trkpt><trkpt lat="22.269043333333336" lon="113.99221000000001"><ele>-9.8</ele><time>2025-11-01T05:29:36Z</time></trkpt><trkpt lat="22.26906333333333" lon="113.99220500000001"><ele>-9.9</ele><time>2025-11-01T05:29:38Z</time></trkpt><trkpt lat="22.26908166666666" lon="113.99219833333333"><ele>-9.7</ele><time>2025-11-01T05:29:40Z</time></trkpt><trkpt lat="22.2691" lon="113.99219"><ele>-9.5</ele><time>2025-11-01T05:29:42Z</time></trkpt><trkpt lat="22.269116666666665" lon="113.99218"><ele>-9.5</ele><time>2025-11-01T05:29:44Z</time></trkpt><trkpt lat="22.269135" lon="113.99216999999999"><ele>-9.5</ele><time>2025-11-01T05:29:46Z</time></trkpt><trkpt lat="22.26915166666667" lon="113.99216"><ele>-9.4</ele><time>2025-11-01T05:29:48Z</time></trkpt><trkpt lat="22.269166666666667" lon="113.99214500000001"><ele>-9.2</ele><time>2025-11-01T05:29:50Z</time></trkpt><trkpt lat="22.269181666666668" lon="113.99213"><ele>-9.1</ele><time>2025-11-01T05:29:52Z</time></trkpt><trkpt lat="22.269193333333337" lon="113.99211333333332"><ele>-9.2</ele><time>2025-11-01T05:29:54Z</time></trkpt><trkpt lat="22.269205000000003" lon="113.99209666666665"><ele>-9.2</ele><time>2025-11-01T05:29:56Z</time></trkpt><trkpt lat="22.26921666666666" lon="113.99207999999999"><ele>-9.1</ele><time>2025-11-01T05:29:58Z</time></trkpt><trkpt lat="22.269231666666663" lon="113.99205833333332"><ele>-9.7</ele><time>2025-11-01T05:30:01Z</time></trkpt><trkpt lat="22.269248333333334" lon="113.992035"><ele>-9.8</ele><time>2025-11-01T05:30:04Z</time></trkpt><trkpt lat="22.26925833333333" lon="113.99201666666667"><ele>-9.8</ele><time>2025-11-01T05:30:06Z</time></trkpt><trkpt lat="22.26927" lon="113.992"><ele>-9.8</ele><time>2025-11-01T05:30:08Z</time></trkpt><trkpt lat="22.269280000000002" lon="113.99198166666665"><ele>-9.8</ele><time>2025-11-01T05:30:10Z</time></trkpt><trkpt lat="22.269295000000003" lon="113.99195999999999"><ele>-10.1</ele><time>2025-11-01T05:30:13Z</time></trkpt><trkpt lat="22.269296666666666" lon="113.99194000000001"><ele>-10.1</ele><time>2025-11-01T05:30:15Z</time></trkpt><trkpt lat="22.269301666666667" lon="113.99191833333335"><ele>-10.9</ele><time>2025-11-01T05:30:18Z</time></trkpt><trkpt lat="22.269311666666667" lon="113.99189"><ele>-11.9</ele><time>2025-11-01T05:30:21Z</time></trkpt><trkpt lat="22.269311666666667" lon="113.99186499999999"><ele>-12.4</ele><time>2025-11-01T05:30:23Z</time></trkpt><trkpt lat="22.269315" lon="113.99183333333333"><ele>-12.8</ele><time>2025-11-01T05:30:25Z</time></trkpt><trkpt lat="22.269308333333335" lon="113.99180833333334"><ele>-13.200000000000001</ele><time>2025-11-01T05:30:27Z</time></trkpt><trkpt lat="22.269305" lon="113.99178333333333"><ele>-13.5</ele><time>2025-11-01T05:30:29Z</time></trkpt><trkpt lat="22.269296666666666" lon="113.99175333333332"><ele>-13.6</ele><time>2025-11-01T05:30:31Z</time></trkpt><trkpt lat="22.269295000000003" lon="113.99172166666668"><ele>-13.4</ele><time>2025-11-01T05:30:33Z</time></trkpt><trkpt lat="22.26928666666667" lon="113.99169833333332"><ele>-13.1</ele><time>2025-11-01T05:30:35Z</time></trkpt><trkpt lat="22.269285" lon="113.99167666666666"><ele>-13.0</ele><time>2025-11-01T05:30:37Z</time></trkpt><trkpt lat="22.269288333333332" lon="113.99164999999999"><ele>-12.6</ele><time>2025-11-01T05:30:40Z</time></trkpt><trkpt lat="22.269283333333338" lon="113.99162"><ele>-13.200000000000001</ele><time>2025-11-01T05:30:43Z</time></trkpt><trkpt lat="22.269283333333338" lon="113.99159833333333"><ele>-13.1</ele><time>2025-11-01T05:30:45Z</time></trkpt><trkpt lat="22.269283333333338" lon="113.99156999999998"><ele>-12.6</ele><time>2025-11-01T05:30:47Z</time></trkpt><trkpt lat="22.269281666666664" lon="113.99154333333333"><ele>-12.4</ele><time>2025-11-01T05:30:49Z</time></trkpt><trkpt lat="22.269285" lon="113.99151666666667"><ele>-12.5</ele><time>2025-11-01T05:30:51Z</time></trkpt><trkpt lat="22.269310000000004" lon="113.99149000000001"><ele>-12.5</ele><time>2025-11-01T05:30:53Z</time></trkpt><trkpt lat="22.269336666666664" lon="113.99147166666668"><ele>-11.9</ele><time>2025-11-01T05:30:55Z</time></trkpt><trkpt lat="22.26935166666666" lon="113.99145666666666"><ele>-11.6</ele><time>2025-11-01T05:30:57Z</time></trkpt><trkpt lat="22.269365" lon="113.991425"><ele>-11.200000000000001</ele><time>2025-11-01T05:30:59Z</time></trkpt><trkpt lat="22.26938" lon="113.99140666666666"><ele>-10.700000000000001</ele><time>2025-11-01T05:31:00Z</time></trkpt><trkpt lat="22.269391666666667" lon="113.99138999999998"><ele>-10.200000000000001</ele><time>2025-11-01T05:31:01Z</time></trkpt><trkpt lat="22.269403333333337" lon="113.991375"><ele>-9.6</ele><time>2025-11-01T05:31:02Z</time></trkpt><trkpt lat="22.269425000000002" lon="113.99135166666669"><ele>-8.3</ele><time>2025-11-01T05:31:04Z</time></trkpt><trkpt lat="22.269430000000003" lon="113.99133166666667"><ele>-7.0</ele><time>2025-11-01T05:31:06Z</time></trkpt><trkpt lat="22.269443333333335" lon="113.99131666666666"><ele>-6.199999999999999</ele><time>2025-11-01T05:31:08Z</time></trkpt><trkpt lat="22.269461666666665" lon="113.99129833333333"><ele>-6.0</ele><time>2025-11-01T05:31:10Z</time></trkpt><trkpt lat="22.26948333333333" lon="113.991285"><ele>-6.199999999999999</ele><time>2025-11-01T05:31:12Z</time></trkpt><trkpt lat="22.2695" lon="113.99127166666668"><ele>-6.699999999999999</ele><time>2025-11-01T05:31:14Z</time></trkpt><trkpt lat="22.269518333333334" lon="113.99125833333333"><ele>-7.699999999999999</ele><time>2025-11-01T05:31:16Z</time></trkpt><trkpt lat="22.269533333333335" lon="113.99124333333333"><ele>-8.5</ele><time>2025-11-01T05:31:18Z</time></trkpt><trkpt lat="22.26955666666667" lon="113.99123166666668"><ele>-9.3</ele><time>2025-11-01T05:31:20Z</time></trkpt><trkpt lat="22.269585" lon="113.99122833333334"><ele>-9.8</ele><time>2025-11-01T05:31:22Z</time></trkpt><trkpt lat="22.26960166666667" lon="113.99121833333332"><ele>-9.9</ele><time>2025-11-01T05:31:24Z</time></trkpt><trkpt lat="22.269613333333336" lon="113.99120166666668"><ele>-9.8</ele><time>2025-11-01T05:31:26Z</time></trkpt><trkpt lat="22.26963166666667" lon="113.99119"><ele>-9.6</ele><time>2025-11-01T05:31:28Z</time></trkpt><trkpt lat="22.269643333333338" lon="113.99117166666669"><ele>-9.2</ele><time>2025-11-01T05:31:30Z</time></trkpt><trkpt lat="22.269648333333333" lon="113.99115166666667"><ele>-8.9</ele><time>2025-11-01T05:31:32Z</time></trkpt><trkpt lat="22.26966" lon="113.99113166666666"><ele>-8.6</ele><time>2025-11-01T05:31:34Z</time></trkpt><trkpt lat="22.269671666666667" lon="113.99110833333334"><ele>-7.9</ele><time>2025-11-01T05:31:36Z</time></trkpt><trkpt lat="22.269683333333333" lon="113.99108833333334"><ele>-7.9</ele><time>2025-11-01T05:31:38Z</time></trkpt><trkpt lat="22.269696666666665" lon="113.991075"><ele>-8.1</ele><time>2025-11-01T05:31:40Z</time></trkpt><trkpt lat="22.26970833333333" lon="113.99105166666668"><ele>-8.3</ele><time>2025-11-01T05:31:42Z</time></trkpt><trkpt lat="22.26972" lon="113.99102999999998"><ele>-8.7</ele><time>2025-11-01T05:31:44Z</time></trkpt><trkpt lat="22.26973666666667" lon="113.99101"><ele>-9.1</ele><time>2025-11-01T05:31:46Z</time></trkpt><trkpt lat="22.26975" lon="113.99098833333333"><ele>-9.3</ele><time>2025-11-01T05:31:48Z</time></trkpt><trkpt lat="22.269759999999998" lon="113.99096999999999"><ele>-9.7</ele><time>2025-11-01T05:31:50Z</time></trkpt><trkpt lat="22.26976833333333" lon="113.99094666666666"><ele>-10.0</ele><time>2025-11-01T05:31:52Z</time></trkpt><trkpt lat="22.26977833333334" lon="113.99092999999999"><ele>-9.8</ele><time>2025-11-01T05:31:54Z</time></trkpt><trkpt lat="22.269793333333336" lon="113.99090999999999"><ele>-9.3</ele><time>2025-11-01T05:31:57Z</time></trkpt><trkpt lat="22.269801666666662" lon="113.99089166666666"><ele>-8.9</ele><time>2025-11-01T05:31:59Z</time></trkpt><trkpt lat="22.269806666666668" lon="113.99086833333334"><ele>-8.4</ele><time>2025-11-01T05:32:01Z</time></trkpt><trkpt lat="22.26981" lon="113.990845"><ele>-7.800000000000001</ele><time>2025-11-01T05:32:03Z</time></trkpt><trkpt lat="22.269819999999996" lon="113.99081833333334"><ele>-7.300000000000001</ele><time>2025-11-01T05:32:05Z</time></trkpt><trkpt lat="22.269831666666665" lon="113.99079833333332"><ele>-6.9</ele><time>2025-11-01T05:32:07Z</time></trkpt><trkpt lat="22.26984333333333" lon="113.99077833333334"><ele>-6.6</ele><time>2025-11-01T05:32:09Z</time></trkpt><trkpt lat="22.269855" lon="113.990755"><ele>-6.199999999999999</ele><time>2025-11-01T05:32:12Z</time></trkpt><trkpt lat="22.26986833333334" lon="113.99073166666668"><ele>-6.1</ele><time>2025-11-01T05:32:14Z</time></trkpt><trkpt lat="22.269875000000003" lon="113.99070833333332"><ele>-6.1</ele><time>2025-11-01T05:32:16Z</time></trkpt><trkpt lat="22.26988833333333" lon="113.99069"><ele>-6.0</ele><time>2025-11-01T05:32:18Z</time></trkpt><trkpt lat="22.269898333333337" lon="113.99067166666667"><ele>-6.1</ele><time>2025-11-01T05:32:20Z</time></trkpt><trkpt lat="22.269911666666665" lon="113.990655"><ele>-6.300000000000001</ele><time>2025-11-01T05:32:24Z</time></trkpt><trkpt lat="22.269923333333335" lon="113.99066999999998"><ele>-3.7</ele><time>2025-11-01T05:32:29Z</time></trkpt><trkpt lat="22.269943333333337" lon="113.99067666666666"><ele>-3.0</ele><time>2025-11-01T05:32:31Z</time></trkpt><trkpt lat="22.269923333333335" lon="113.99068000000001"><ele>-2.1</ele><time>2025-11-01T05:32:35Z</time></trkpt><trkpt lat="22.269935" lon="113.99066166666668"><ele>-3.8</ele><time>2025-11-01T05:32:39Z</time></trkpt><trkpt lat="22.269943333333337" lon="113.99064333333332"><ele>-3.7</ele><time>2025-11-01T05:32:41Z</time></trkpt><trkpt lat="22.269956666666666" lon="113.99062166666666"><ele>-6.300000000000001</ele><time>2025-11-01T05:32:45Z</time></trkpt><trkpt lat="22.269963333333333" lon="113.99060333333334"><ele>-6.699999999999999</ele><time>2025-11-01T05:32:46Z</time></trkpt><trkpt lat="22.269968333333335" lon="113.99058333333332"><ele>-7.1</ele><time>2025-11-01T05:32:47Z</time></trkpt><trkpt lat="22.269969999999997" lon="113.99056"><ele>-6.4</ele><time>2025-11-01T05:32:48Z</time></trkpt><trkpt lat="22.269969999999997" lon="113.990535"><ele>-6.4</ele><time>2025-11-01T05:32:49Z</time></trkpt><trkpt lat="22.269975" lon="113.99051"><ele>-6.1</ele><time>2025-11-01T05:32:51Z</time></trkpt><trkpt lat="22.269986666666668" lon="113.99048666666667"><ele>-5.6</ele><time>2025-11-01T05:32:55Z</time></trkpt><trkpt lat="22.269985" lon="113.99045666666667"><ele>-5.699999999999999</ele><time>2025-11-01T05:32:59Z</time></trkpt><trkpt lat="22.269988333333337" lon="113.99042666666668"><ele>-6.6</ele><time>2025-11-01T05:33:01Z</time></trkpt><trkpt lat="22.269999999999996" lon="113.99041166666666"><ele>-7.5</ele><time>2025-11-01T05:33:03Z</time></trkpt><trkpt lat="22.270013333333335" lon="113.99039166666668"><ele>-7.699999999999999</ele><time>2025-11-01T05:33:05Z</time></trkpt><trkpt lat="22.27002333333333" lon="113.99037000000001"><ele>-7.4</ele><time>2025-11-01T05:33:07Z</time></trkpt><trkpt lat="22.27004" lon="113.99035166666665"><ele>-7.6</ele><time>2025-11-01T05:33:09Z</time></trkpt><trkpt lat="22.270053333333333" lon="113.99033833333333"><ele>-8.4</ele><time>2025-11-01T05:33:11Z</time></trkpt><trkpt lat="22.27006666666667" lon="113.99031833333332"><ele>-10.5</ele><time>2025-11-01T05:33:14Z</time></trkpt><trkpt lat="22.27006333333333" lon="113.99029333333334"><ele>-11.5</ele><time>2025-11-01T05:33:16Z</time></trkpt><trkpt lat="22.270083333333332" lon="113.99027333333333"><ele>-10.9</ele><time>2025-11-01T05:33:18Z</time></trkpt><trkpt lat="22.270101666666665" lon="113.99025333333333"><ele>-10.200000000000001</ele><time>2025-11-01T05:33:20Z</time></trkpt><trkpt lat="22.270116666666663" lon="113.990235"><ele>-9.8</ele><time>2025-11-01T05:33:22Z</time></trkpt><trkpt lat="22.270136666666666" lon="113.99022166666667"><ele>-9.4</ele><time>2025-11-01T05:33:24Z</time></trkpt><trkpt lat="22.27015833333333" lon="113.99020833333334"><ele>-8.9</ele><time>2025-11-01T05:33:26Z</time></trkpt><trkpt lat="22.270175000000002" lon="113.99019166666668"><ele>-8.4</ele><time>2025-11-01T05:33:28Z</time></trkpt><trkpt lat="22.270191666666665" lon="113.99017833333333"><ele>-8.0</ele><time>2025-11-01T05:33:30Z</time></trkpt><trkpt lat="22.27021" lon="113.99016333333333"><ele>-7.6</ele><time>2025-11-01T05:33:32Z</time></trkpt><trkpt lat="22.270223333333334" lon="113.99014666666666"><ele>-7.199999999999999</ele><time>2025-11-01T05:33:34Z</time></trkpt><trkpt lat="22.270236666666666" lon="113.99013000000001"><ele>-6.699999999999999</ele><time>2025-11-01T05:33:36Z</time></trkpt><trkpt lat="22.27025" lon="113.99011666666665"><ele>-6.5</ele><time>2025-11-01T05:33:38Z</time></trkpt><trkpt lat="22.270268333333334" lon="113.99010166666667"><ele>-6.4</ele><time>2025-11-01T05:33:40Z</time></trkpt><trkpt lat="22.270281666666666" lon="113.990085"><ele>-6.199999999999999</ele><time>2025-11-01T05:33:42Z</time></trkpt><trkpt lat="22.2703" lon="113.990075"><ele>-5.4</ele><time>2025-11-01T05:33:44Z</time></trkpt><trkpt lat="22.270313333333334" lon="113.99005833333334"><ele>-4.9</ele><time>2025-11-01T05:33:46Z</time></trkpt><trkpt lat="22.270343333333336" lon="113.99005333333335"><ele>-4.5</ele><time>2025-11-01T05:33:48Z</time></trkpt><trkpt lat="22.27036666666667" lon="113.99004500000001"><ele>-4.3</ele><time>2025-11-01T05:33:50Z</time></trkpt><trkpt lat="22.270388333333337" lon="113.99004000000001"><ele>-2.9</ele><time>2025-11-01T05:33:53Z</time></trkpt><trkpt lat="22.270413333333334" lon="113.99003499999999"><ele>-2.7</ele><time>2025-11-01T05:33:56Z</time></trkpt><trkpt lat="22.270435" lon="113.99003166666668"><ele>-3.3</ele><time>2025-11-01T05:33:59Z</time></trkpt><trkpt lat="22.270460000000003" lon="113.99003333333333"><ele>-4.8</ele><time>2025-11-01T05:34:02Z</time></trkpt><trkpt lat="22.27048166666667" lon="113.99002"><ele>-5.3</ele><time>2025-11-01T05:34:05Z</time></trkpt><trkpt lat="22.270500000000002" lon="113.99001833333332"><ele>-4.8</ele><time>2025-11-01T05:34:07Z</time></trkpt><trkpt lat="22.27052833333333" lon="113.99001833333332"><ele>-4.5</ele><time>2025-11-01T05:34:10Z</time></trkpt><trkpt lat="22.270548333333334" lon="113.99001000000001"><ele>-4.199999999999999</ele><time>2025-11-01T05:34:12Z</time></trkpt><trkpt lat="22.27057166666667" lon="113.99000166666669"><ele>-4.0</ele><time>2025-11-01T05:34:15Z</time></trkpt><trkpt lat="22.270593333333334" lon="113.99000666666667"><ele>-3.9</ele><time>2025-11-01T05:34:17Z</time></trkpt><trkpt lat="22.270613333333337" lon="113.99000499999998"><ele>-3.7</ele><time>2025-11-01T05:34:19Z</time></trkpt><trkpt lat="22.27063333333333" lon="113.99"><ele>-3.2</ele><time>2025-11-01T05:34:22Z</time></trkpt><trkpt lat="22.270651666666662" lon="113.99000166666669"><ele>-3.4</ele><time>2025-11-01T05:34:35Z</time></trkpt><trkpt lat="22.270676666666667" lon="113.99000499999998"><ele>-2.8</ele><time>2025-11-01T05:34:39Z</time></trkpt><trkpt lat="22.270698333333332" lon="113.99001333333332"><ele>-2.3</ele><time>2025-11-01T05:34:41Z</time></trkpt><trkpt lat="22.270719999999997" lon="113.99002166666666"><ele>-1.7</ele><time>2025-11-01T05:34:43Z</time></trkpt><trkpt lat="22.270748333333337" lon="113.99003166666668"><ele>-0.3999999999999999</ele><time>2025-11-01T05:34:45Z</time></trkpt><trkpt lat="22.270770000000002" lon="113.99003833333333"><ele>-0.7999999999999998</ele><time>2025-11-01T05:34:47Z</time></trkpt><trkpt lat="22.270793333333337" lon="113.99004166666667"><ele>-0.7999999999999998</ele><time>2025-11-01T05:34:49Z</time></trkpt><trkpt lat="22.27081333333333" lon="113.99004666666666"><ele>-0.9999999999999999</ele><time>2025-11-01T05:34:51Z</time></trkpt><trkpt lat="22.270835" lon="113.990055"><ele>-0.9999999999999999</ele><time>2025-11-01T05:34:53Z</time></trkpt><trkpt lat="22.270856666666667" lon="113.99006"><ele>-0.8999999999999999</ele><time>2025-11-01T05:34:55Z</time></trkpt><trkpt lat="22.270875" lon="113.99007333333333"><ele>-1.4</ele><time>2025-11-01T05:34:57Z</time></trkpt><trkpt lat="22.270893333333333" lon="113.99007833333332"><ele>-2.5</ele><time>2025-11-01T05:34:59Z</time></trkpt><trkpt lat="22.27091833333333" lon="113.990075"><ele>-3.9</ele><time>2025-11-01T05:35:01Z</time></trkpt><trkpt lat="22.270936666666664" lon="113.99008666666666"><ele>-5.1</ele><time>2025-11-01T05:35:03Z</time></trkpt><trkpt lat="22.27096166666667" lon="113.99008666666666"><ele>-6.199999999999999</ele><time>2025-11-01T05:35:06Z</time></trkpt><trkpt lat="22.270985000000003" lon="113.99008"><ele>-7.300000000000001</ele><time>2025-11-01T05:35:09Z</time></trkpt><trkpt lat="22.271003333333336" lon="113.99008333333335"><ele>-7.6</ele><time>2025-11-01T05:35:11Z</time></trkpt><trkpt lat="22.271023333333332" lon="113.99008666666666"><ele>-7.5</ele><time>2025-11-01T05:35:14Z</time></trkpt><trkpt lat="22.27105" lon="113.99008666666666"><ele>-7.0</ele><time>2025-11-01T05:35:17Z</time></trkpt><trkpt lat="22.271063333333338" lon="113.99010166666667"><ele>-6.699999999999999</ele><time>2025-11-01T05:35:18Z</time></trkpt><trkpt lat="22.271081666666667" lon="113.99010833333332"><ele>-6.199999999999999</ele><time>2025-11-01T05:35:20Z</time></trkpt><trkpt lat="22.27109833333333" lon="113.99011666666665"><ele>-6.1</ele><time>2025-11-01T05:35:22Z</time></trkpt><trkpt lat="22.271119999999996" lon="113.99014000000001"><ele>-6.0</ele><time>2025-11-01T05:35:24Z</time></trkpt><trkpt lat="22.27114333333333" lon="113.990165"><ele>-5.4</ele><time>2025-11-01T05:35:26Z</time></trkpt><trkpt lat="22.271163333333334" lon="113.99019500000001"><ele>-5.0</ele><time>2025-11-01T05:35:28Z</time></trkpt><trkpt lat="22.27118833333333" lon="113.99021166666668"><ele>-4.699999999999999</ele><time>2025-11-01T05:35:30Z</time></trkpt><trkpt lat="22.271205000000002" lon="113.99023166666666"><ele>-3.9</ele><time>2025-11-01T05:35:32Z</time></trkpt><trkpt lat="22.271220000000003" lon="113.99025333333333"><ele>-3.2</ele><time>2025-11-01T05:35:34Z</time></trkpt><trkpt lat="22.271238333333333" lon="113.99027"><ele>-2.3</ele><time>2025-11-01T05:35:36Z</time></trkpt><trkpt lat="22.271256666666666" lon="113.990295"><ele>-1.5999999999999999</ele><time>2025-11-01T05:35:38Z</time></trkpt><trkpt lat="22.271273333333337" lon="113.99032666666666"><ele>-0.9999999999999999</ele><time>2025-11-01T05:35:40Z</time></trkpt><trkpt lat="22.271286666666665" lon="113.99034833333332"><ele>-0.8999999999999999</ele><time>2025-11-01T05:35:41Z</time></trkpt><trkpt lat="22.271306666666668" lon="113.99036"><ele>0.30000000000000027</ele><time>2025-11-01T05:35:43Z</time></trkpt><trkpt lat="22.27132333333333" lon="113.99037500000001"><ele>0.7000000000000002</ele><time>2025-11-01T05:35:46Z</time></trkpt><trkpt lat="22.271341666666665" lon="113.99039333333333"><ele>1.0</ele><time>2025-11-01T05:35:49Z</time></trkpt><trkpt lat="22.271355000000003" lon="113.99040833333332"><ele>1.1</ele><time>2025-11-01T05:35:51Z</time></trkpt><trkpt lat="22.271371666666663" lon="113.99042"><ele>1.2000000000000002</ele><time>2025-11-01T05:35:53Z</time></trkpt><trkpt lat="22.271385000000002" lon="113.990435"><ele>1.3000000000000003</ele><time>2025-11-01T05:35:55Z</time></trkpt><trkpt lat="22.27139833333333" lon="113.99045"><ele>1.3000000000000003</ele><time>2025-11-01T05:35:57Z</time></trkpt><trkpt lat="22.271415" lon="113.99046166666668"><ele>1.6</ele><time>2025-11-01T05:35:59Z</time></trkpt><trkpt lat="22.271430000000002" lon="113.990475"><ele>1.7000000000000002</ele><time>2025-11-01T05:36:01Z</time></trkpt><trkpt lat="22.271446666666666" lon="113.99049500000001"><ele>1.4</ele><time>2025-11-01T05:36:04Z</time></trkpt><trkpt lat="22.27146" lon="113.99051166666668"><ele>1.3000000000000003</ele><time>2025-11-01T05:36:06Z</time></trkpt><trkpt lat="22.27148833333333" lon="113.99052166666667"><ele>1.8000000000000003</ele><time>2025-11-01T05:36:10Z</time></trkpt><trkpt lat="22.27151666666667" lon="113.990525"><ele>1.9</ele><time>2025-11-01T05:36:12Z</time></trkpt><trkpt lat="22.271535000000004" lon="113.99053666666666"><ele>2.6</ele><time>2025-11-01T05:36:14Z</time></trkpt><trkpt lat="22.271551666666664" lon="113.99054499999998"><ele>2.9</ele><time>2025-11-01T05:36:16Z</time></trkpt><trkpt lat="22.271569999999997" lon="113.990565"><ele>3.4</ele><time>2025-11-01T05:36:18Z</time></trkpt><trkpt lat="22.271588333333337" lon="113.99058333333332"><ele>4.800000000000001</ele><time>2025-11-01T05:36:21Z</time></trkpt><trkpt lat="22.27160333333334" lon="113.99059666666666"><ele>4.699999999999999</ele><time>2025-11-01T05:36:23Z</time></trkpt><trkpt lat="22.27162" lon="113.990615"><ele>4.9</ele><time>2025-11-01T05:36:26Z</time></trkpt><trkpt lat="22.271626666666666" lon="113.99063499999998"><ele>5.300000000000001</ele><time>2025-11-01T05:36:29Z</time></trkpt><trkpt lat="22.271643333333333" lon="113.99064833333333"><ele>5.9</ele><time>2025-11-01T05:36:31Z</time></trkpt><trkpt lat="22.271659999999997" lon="113.99066166666668"><ele>6.699999999999999</ele><time>2025-11-01T05:36:33Z</time></trkpt><trkpt lat="22.271655000000003" lon="113.99069"><ele>7.799999999999999</ele><time>2025-11-01T05:36:35Z</time></trkpt><trkpt lat="22.271648333333328" lon="113.99072333333334"><ele>9.5</ele><time>2025-11-01T05:36:38Z</time></trkpt><trkpt lat="22.27165166666667" lon="113.99074666666665"><ele>10.1</ele><time>2025-11-01T05:36:39Z</time></trkpt><trkpt lat="22.271653333333333" lon="113.99077000000001"><ele>10.7</ele><time>2025-11-01T05:36:40Z</time></trkpt><trkpt lat="22.271670000000004" lon="113.99077833333334"><ele>11.5</ele><time>2025-11-01T05:36:43Z</time></trkpt><trkpt lat="22.271686666666664" lon="113.99079166666667"><ele>12.1</ele><time>2025-11-01T05:36:45Z</time></trkpt><trkpt lat="22.271691666666666" lon="113.99081166666669"><ele>12.299999999999999</ele><time>2025-11-01T05:36:52Z</time></trkpt><trkpt lat="22.271693333333328" lon="113.99084166666668"><ele>12.9</ele><time>2025-11-01T05:36:55Z</time></trkpt><trkpt lat="22.271693333333328" lon="113.990865"><ele>13.299999999999999</ele><time>2025-11-01T05:36:57Z</time></trkpt><trkpt lat="22.27167833333333" lon="113.99088666666667"><ele>12.4</ele><time>2025-11-01T05:36:59Z</time></trkpt><trkpt lat="22.27166833333333" lon="113.99091500000002"><ele>12.9</ele><time>2025-11-01T05:37:01Z</time></trkpt><trkpt lat="22.271671666666666" lon="113.990935"><ele>12.1</ele><time>2025-11-01T05:37:04Z</time></trkpt><trkpt lat="22.271689999999996" lon="113.99093833333333"><ele>10.7</ele><time>2025-11-01T05:37:06Z</time></trkpt><trkpt lat="22.271693333333328" lon="113.99096"><ele>10.5</ele><time>2025-11-01T05:37:08Z</time></trkpt><trkpt lat="22.271685" lon="113.99099166666669"><ele>11.7</ele><time>2025-11-01T05:37:10Z</time></trkpt><trkpt lat="22.271686666666664" lon="113.99101166666667"><ele>10.7</ele><time>2025-11-01T05:37:16Z</time></trkpt><trkpt lat="22.27166833333333" lon="113.99100833333333"><ele>11.0</ele><time>2025-11-01T05:37:21Z</time></trkpt><trkpt lat="22.271658333333335" lon="113.99102999999998"><ele>10.7</ele><time>2025-11-01T05:37:24Z</time></trkpt><trkpt lat="22.27165166666667" lon="113.99105666666668"><ele>11.2</ele><time>2025-11-01T05:37:26Z</time></trkpt><trkpt lat="22.27165166666667" lon="113.99107666666666"><ele>10.6</ele><time>2025-11-01T05:37:28Z</time></trkpt><trkpt lat="22.271655000000003" lon="113.99109833333333"><ele>10.6</ele><time>2025-11-01T05:37:30Z</time></trkpt><trkpt lat="22.271658333333335" lon="113.99112500000001"><ele>10.6</ele><time>2025-11-01T05:37:33Z</time></trkpt><trkpt lat="22.27163666666667" lon="113.99111999999998"><ele>6.6</ele><time>2025-11-01T05:37:41Z</time></trkpt><trkpt lat="22.271626666666666" lon="113.99110166666667"><ele>4.9</ele><time>2025-11-01T05:37:43Z</time></trkpt><trkpt lat="22.27163333333333" lon="113.99111999999998"><ele>2.6</ele><time>2025-11-01T05:37:51Z</time></trkpt><trkpt lat="22.271643333333333" lon="113.99113666666666"><ele>2.1999999999999997</ele><time>2025-11-01T05:37:53Z</time></trkpt><trkpt lat="22.271655000000003" lon="113.99116333333335"><ele>1.7000000000000002</ele><time>2025-11-01T05:37:55Z</time></trkpt><trkpt lat="22.27166666666667" lon="113.99117833333334"><ele>1.5</ele><time>2025-11-01T05:37:56Z</time></trkpt><trkpt lat="22.271688333333334" lon="113.99119333333334"><ele>1.2000000000000002</ele><time>2025-11-01T05:37:58Z</time></trkpt><trkpt lat="22.271706666666667" lon="113.99119"><ele>1.0</ele><time>2025-11-01T05:38:00Z</time></trkpt><trkpt lat="22.271718333333336" lon="113.991205"><ele>0.7000000000000002</ele><time>2025-11-01T05:38:09Z</time></trkpt><trkpt lat="22.271695" lon="113.99120999999998"><ele>1.4</ele><time>2025-11-01T05:38:13Z</time></trkpt><trkpt lat="22.271676666666668" lon="113.99122333333335"><ele>2.0</ele><time>2025-11-01T05:38:20Z</time></trkpt><trkpt lat="22.271670000000004" lon="113.99124166666667"><ele>2.6999999999999997</ele><time>2025-11-01T05:38:24Z</time></trkpt><trkpt lat="22.27165" lon="113.99125333333335"><ele>2.9</ele><time>2025-11-01T05:38:26Z</time></trkpt><trkpt lat="22.27165166666667" lon="113.99127833333333"><ele>2.8000000000000003</ele><time>2025-11-01T05:38:29Z</time></trkpt><trkpt lat="22.271665" lon="113.991295"><ele>2.5000000000000004</ele><time>2025-11-01T05:38:31Z</time></trkpt><trkpt lat="22.271646666666665" lon="113.991295"><ele>6.799999999999999</ele><time>2025-11-01T05:38:45Z</time></trkpt><trkpt lat="22.271656666666665" lon="113.99131166666666"><ele>8.6</ele><time>2025-11-01T05:38:50Z</time></trkpt><trkpt lat="22.27166666666667" lon="113.99133833333332"><ele>9.6</ele><time>2025-11-01T05:38:56Z</time></trkpt><trkpt lat="22.271671666666666" lon="113.99136500000002"><ele>9.4</ele><time>2025-11-01T05:38:58Z</time></trkpt><trkpt lat="22.271688333333334" lon="113.99139833333332"><ele>9.6</ele><time>2025-11-01T05:39:00Z</time></trkpt><trkpt lat="22.271704999999997" lon="113.99142666666667"><ele>9.6</ele><time>2025-11-01T05:39:02Z</time></trkpt><trkpt lat="22.27170833333333" lon="113.99145666666666"><ele>9.5</ele><time>2025-11-01T05:39:04Z</time></trkpt><trkpt lat="22.271716666666666" lon="113.99148500000001"><ele>9.2</ele><time>2025-11-01T05:39:06Z</time></trkpt><trkpt lat="22.27171166666667" lon="113.99150833333333"><ele>9.0</ele><time>2025-11-01T05:39:09Z</time></trkpt><trkpt lat="22.271706666666667" lon="113.99153666666668"><ele>8.6</ele><time>2025-11-01T05:39:11Z</time></trkpt><trkpt lat="22.271700000000003" lon="113.99156166666668"><ele>8.299999999999999</ele><time>2025-11-01T05:39:13Z</time></trkpt><trkpt lat="22.271703333333335" lon="113.991585"><ele>7.9</ele><time>2025-11-01T05:39:15Z</time></trkpt><trkpt lat="22.271715000000004" lon="113.991605"><ele>7.4</ele><time>2025-11-01T05:39:18Z</time></trkpt><trkpt lat="22.27173" lon="113.99161666666666"><ele>6.799999999999999</ele><time>2025-11-01T05:39:20Z</time></trkpt><trkpt lat="22.271746666666665" lon="113.99163666666666"><ele>5.9</ele><time>2025-11-01T05:39:23Z</time></trkpt><trkpt lat="22.271766666666668" lon="113.991655"><ele>4.800000000000001</ele><time>2025-11-01T05:39:25Z</time></trkpt><trkpt lat="22.271781666666666" lon="113.99167666666666"><ele>4.199999999999999</ele><time>2025-11-01T05:39:27Z</time></trkpt><trkpt lat="22.27180166666667" lon="113.99169833333332"><ele>4.199999999999999</ele><time>2025-11-01T05:39:29Z</time></trkpt><trkpt lat="22.271818333333332" lon="113.99171666666668"><ele>3.6999999999999997</ele><time>2025-11-01T05:39:31Z</time></trkpt><trkpt lat="22.271833333333333" lon="113.99174166666666"><ele>3.1999999999999997</ele><time>2025-11-01T05:39:33Z</time></trkpt><trkpt lat="22.271855" lon="113.99176166666666"><ele>1.4</ele><time>2025-11-01T05:39:36Z</time></trkpt><trkpt lat="22.271866666666664" lon="113.99177666666668"><ele>0.7000000000000002</ele><time>2025-11-01T05:39:37Z</time></trkpt><trkpt lat="22.27188833333333" lon="113.99179166666666"><ele>0.0</ele><time>2025-11-01T05:39:39Z</time></trkpt><trkpt lat="22.271910000000002" lon="113.99179833333334"><ele>-1.2999999999999998</ele><time>2025-11-01T05:39:43Z</time></trkpt><trkpt lat="22.271935" lon="113.9918"><ele>-2.1999999999999997</ele><time>2025-11-01T05:39:45Z</time></trkpt><trkpt lat="22.271955000000002" lon="113.99180166666665"><ele>-3.0999999999999996</ele><time>2025-11-01T05:39:47Z</time></trkpt><trkpt lat="22.271974999999998" lon="113.99182666666665"><ele>-3.7</ele><time>2025-11-01T05:39:49Z</time></trkpt><trkpt lat="22.27199166666667" lon="113.99183833333333"><ele>-4.3</ele><time>2025-11-01T05:39:51Z</time></trkpt><trkpt lat="22.272004999999996" lon="113.99185666666666"><ele>-4.8</ele><time>2025-11-01T05:39:53Z</time></trkpt><trkpt lat="22.27202833333333" lon="113.99186999999999"><ele>-5.0</ele><time>2025-11-01T05:39:56Z</time></trkpt><trkpt lat="22.272049999999997" lon="113.99187833333332"><ele>-4.8</ele><time>2025-11-01T05:39:58Z</time></trkpt><trkpt lat="22.272066666666667" lon="113.99189"><ele>-4.699999999999999</ele><time>2025-11-01T05:40:00Z</time></trkpt><trkpt lat="22.27208" lon="113.99190333333333"><ele>-4.699999999999999</ele><time>2025-11-01T05:40:02Z</time></trkpt><trkpt lat="22.27209833333333" lon="113.99190666666667"><ele>-4.699999999999999</ele><time>2025-11-01T05:40:04Z</time></trkpt><trkpt lat="22.272123333333337" lon="113.99191166666667"><ele>-4.8</ele><time>2025-11-01T05:40:07Z</time></trkpt><trkpt lat="22.272145000000002" lon="113.99192"><ele>-5.199999999999999</ele><time>2025-11-01T05:40:10Z</time></trkpt><trkpt lat="22.27216333333333" lon="113.99192999999998"><ele>-4.9</ele><time>2025-11-01T05:40:12Z</time></trkpt><trkpt lat="22.272184999999997" lon="113.99194333333335"><ele>-4.9</ele><time>2025-11-01T05:40:16Z</time></trkpt><trkpt lat="22.27220833333333" lon="113.99195499999999"><ele>-5.1</ele><time>2025-11-01T05:40:19Z</time></trkpt><trkpt lat="22.272229999999997" lon="113.99196166666667"><ele>-5.4</ele><time>2025-11-01T05:40:22Z</time></trkpt><trkpt lat="22.272244999999998" lon="113.99197833333334"><ele>-5.4</ele><time>2025-11-01T05:40:24Z</time></trkpt><trkpt lat="22.272270000000002" lon="113.99199500000002"><ele>-5.199999999999999</ele><time>2025-11-01T05:40:27Z</time></trkpt><trkpt lat="22.272291666666668" lon="113.99200833333335"><ele>-5.4</ele><time>2025-11-01T05:40:29Z</time></trkpt><trkpt lat="22.272316666666665" lon="113.99201999999998"><ele>-5.5</ele><time>2025-11-01T05:40:31Z</time></trkpt><trkpt lat="22.27234" lon="113.99202833333332"><ele>-6.0</ele><time>2025-11-01T05:40:33Z</time></trkpt><trkpt lat="22.272358333333333" lon="113.99203000000001"><ele>-6.300000000000001</ele><time>2025-11-01T05:40:35Z</time></trkpt><trkpt lat="22.272378333333336" lon="113.99202500000001"><ele>-6.699999999999999</ele><time>2025-11-01T05:40:37Z</time></trkpt><trkpt lat="22.27239666666667" lon="113.99202333333332"><ele>-6.800000000000001</ele><time>2025-11-01T05:40:39Z</time></trkpt><trkpt lat="22.272416666666665" lon="113.99202500000001"><ele>-7.199999999999999</ele><time>2025-11-01T05:40:41Z</time></trkpt><trkpt lat="22.27244333333333" lon="113.99200833333335"><ele>-7.800000000000001</ele><time>2025-11-01T05:40:43Z</time></trkpt><trkpt lat="22.272463333333334" lon="113.99199833333333"><ele>-8.5</ele><time>2025-11-01T05:40:45Z</time></trkpt><trkpt lat="22.272481666666668" lon="113.99198666666668"><ele>-8.9</ele><time>2025-11-01T05:40:47Z</time></trkpt><trkpt lat="22.272499999999997" lon="113.99197000000001"><ele>-8.9</ele><time>2025-11-01T05:40:49Z</time></trkpt><trkpt lat="22.272516666666668" lon="113.99195166666665"><ele>-8.9</ele><time>2025-11-01T05:40:51Z</time></trkpt><trkpt lat="22.272538333333333" lon="113.99192999999998"><ele>-8.5</ele><time>2025-11-01T05:40:53Z</time></trkpt><trkpt lat="22.272556666666667" lon="113.99190666666667"><ele>-8.9</ele><time>2025-11-01T05:40:55Z</time></trkpt><trkpt lat="22.272575" lon="113.99188833333334"><ele>-8.3</ele><time>2025-11-01T05:40:58Z</time></trkpt><trkpt lat="22.272595000000003" lon="113.99186833333333"><ele>-8.5</ele><time>2025-11-01T05:41:00Z</time></trkpt><trkpt lat="22.27261" lon="113.991855"><ele>-8.3</ele><time>2025-11-01T05:41:02Z</time></trkpt><trkpt lat="22.272623333333332" lon="113.991835"><ele>-8.4</ele><time>2025-11-01T05:41:04Z</time></trkpt><trkpt lat="22.272640000000003" lon="113.99182166666667"><ele>-8.5</ele><time>2025-11-01T05:41:06Z</time></trkpt><trkpt lat="22.272656666666663" lon="113.99180666666668"><ele>-8.6</ele><time>2025-11-01T05:41:08Z</time></trkpt><trkpt lat="22.27268333333333" lon="113.99179333333335"><ele>-9.0</ele><time>2025-11-01T05:41:11Z</time></trkpt><trkpt lat="22.272706666666668" lon="113.99177833333333"><ele>-9.4</ele><time>2025-11-01T05:41:13Z</time></trkpt><trkpt lat="22.272723333333335" lon="113.99175166666667"><ele>-9.7</ele><time>2025-11-01T05:41:16Z</time></trkpt><trkpt lat="22.272731666666665" lon="113.99173333333334"><ele>-9.8</ele><time>2025-11-01T05:41:18Z</time></trkpt><trkpt lat="22.272751666666668" lon="113.99172500000002"><ele>-9.9</ele><time>2025-11-01T05:41:20Z</time></trkpt><trkpt lat="22.272778333333335" lon="113.99172500000002"><ele>-9.7</ele><time>2025-11-01T05:41:22Z</time></trkpt><trkpt lat="22.272796666666668" lon="113.99171666666668"><ele>-9.3</ele><time>2025-11-01T05:41:24Z</time></trkpt><trkpt lat="22.272820000000003" lon="113.99170166666666"><ele>-8.9</ele><time>2025-11-01T05:41:26Z</time></trkpt><trkpt lat="22.272843333333338" lon="113.99169166666667"><ele>-8.9</ele><time>2025-11-01T05:41:28Z</time></trkpt><trkpt lat="22.27286333333333" lon="113.99168"><ele>-8.8</ele><time>2025-11-01T05:41:30Z</time></trkpt><trkpt lat="22.272883333333333" lon="113.99166333333332"><ele>-8.6</ele><time>2025-11-01T05:41:32Z</time></trkpt><trkpt lat="22.272901666666666" lon="113.99164999999999"><ele>-8.7</ele><time>2025-11-01T05:41:34Z</time></trkpt><trkpt lat="22.27292166666667" lon="113.99163500000002"><ele>-8.7</ele><time>2025-11-01T05:41:36Z</time></trkpt><trkpt lat="22.272938333333332" lon="113.99162166666669"><ele>-8.5</ele><time>2025-11-01T05:41:38Z</time></trkpt><trkpt lat="22.272955000000003" lon="113.99161000000001"><ele>-8.4</ele><time>2025-11-01T05:41:40Z</time></trkpt><trkpt lat="22.27298166666667" lon="113.99161000000001"><ele>-7.6</ele><time>2025-11-01T05:41:42Z</time></trkpt><trkpt lat="22.273000000000003" lon="113.99160833333332"><ele>-7.300000000000001</ele><time>2025-11-01T05:41:43Z</time></trkpt><trkpt lat="22.273028333333333" lon="113.99161000000001"><ele>-6.300000000000001</ele><time>2025-11-01T05:41:45Z</time></trkpt><trkpt lat="22.273048333333335" lon="113.99160833333332"><ele>-5.8</ele><time>2025-11-01T05:41:47Z</time></trkpt><trkpt lat="22.27307" lon="113.99159999999999"><ele>-4.699999999999999</ele><time>2025-11-01T05:41:50Z</time></trkpt><trkpt lat="22.273083333333336" lon="113.99157833333332"><ele>-3.3</ele><time>2025-11-01T05:41:55Z</time></trkpt><trkpt lat="22.273105" lon="113.99156999999998"><ele>-3.0999999999999996</ele><time>2025-11-01T05:41:57Z</time></trkpt><trkpt lat="22.273124999999997" lon="113.99156666666667"><ele>-3.0</ele><time>2025-11-01T05:41:59Z</time></trkpt><trkpt lat="22.273151666666664" lon="113.991565"><ele>-2.8</ele><time>2025-11-01T05:42:02Z</time></trkpt><trkpt lat="22.273180000000004" lon="113.99153666666668"><ele>-3.4</ele><time>2025-11-01T05:42:04Z</time></trkpt><trkpt lat="22.27320166666667" lon="113.99152000000001"><ele>-3.5</ele><time>2025-11-01T05:42:06Z</time></trkpt><trkpt lat="22.273216666666666" lon="113.99150833333333"><ele>-3.0999999999999996</ele><time>2025-11-01T05:42:08Z</time></trkpt><trkpt lat="22.273229999999998" lon="113.99148666666666"><ele>-2.1</ele><time>2025-11-01T05:42:10Z</time></trkpt><trkpt lat="22.27325166666667" lon="113.99148166666667"><ele>0.6000000000000001</ele><time>2025-11-01T05:42:13Z</time></trkpt><trkpt lat="22.27325166666667" lon="113.991515"><ele>2.1999999999999997</ele><time>2025-11-01T05:42:15Z</time></trkpt><trkpt lat="22.273259999999997" lon="113.99153833333334"><ele>3.3000000000000003</ele><time>2025-11-01T05:42:17Z</time></trkpt><trkpt lat="22.27328333333333" lon="113.99155"><ele>3.9</ele><time>2025-11-01T05:42:19Z</time></trkpt><trkpt lat="22.273304999999997" lon="113.99154833333333"><ele>4.4</ele><time>2025-11-01T05:42:21Z</time></trkpt><trkpt lat="22.27332333333333" lon="113.99154833333333"><ele>4.6</ele><time>2025-11-01T05:42:23Z</time></trkpt><trkpt lat="22.273343333333333" lon="113.99154666666666"><ele>4.800000000000001</ele><time>2025-11-01T05:42:25Z</time></trkpt><trkpt lat="22.27336833333333" lon="113.99154333333333"><ele>4.699999999999999</ele><time>2025-11-01T05:42:27Z</time></trkpt><trkpt lat="22.273390000000003" lon="113.99154333333333"><ele>4.5</ele><time>2025-11-01T05:42:29Z</time></trkpt><trkpt lat="22.273411666666668" lon="113.99154166666668"><ele>4.5</ele><time>2025-11-01T05:42:31Z</time></trkpt><trkpt lat="22.27343" lon="113.99153833333334"><ele>4.699999999999999</ele><time>2025-11-01T05:42:33Z</time></trkpt><trkpt lat="22.27344833333333" lon="113.99153999999999"><ele>4.9</ele><time>2025-11-01T05:42:35Z</time></trkpt><trkpt lat="22.273469999999996" lon="113.991555"><ele>4.800000000000001</ele><time>2025-11-01T05:42:38Z</time></trkpt><trkpt lat="22.273483333333335" lon="113.99156999999998"><ele>4.699999999999999</ele><time>2025-11-01T05:42:40Z</time></trkpt><trkpt lat="22.273505" lon="113.99156999999998"><ele>4.0</ele><time>2025-11-01T05:42:46Z</time></trkpt><trkpt lat="22.273523333333333" lon="113.99156666666667"><ele>4.0</ele><time>2025-11-01T05:42:48Z</time></trkpt><trkpt lat="22.273529999999997" lon="113.99159"><ele>4.300000000000001</ele><time>2025-11-01T05:42:51Z</time></trkpt><trkpt lat="22.273531666666667" lon="113.99161000000001"><ele>4.4</ele><time>2025-11-01T05:42:54Z</time></trkpt><trkpt lat="22.273545" lon="113.99162499999998"><ele>12.0</ele><time>2025-11-01T05:43:19Z</time></trkpt><trkpt lat="22.273529999999997" lon="113.99160166666667"><ele>12.6</ele><time>2025-11-01T05:43:26Z</time></trkpt><trkpt lat="22.273513333333334" lon="113.99159"><ele>12.799999999999999</ele><time>2025-11-01T05:43:28Z</time></trkpt><trkpt lat="22.27349333333333" lon="113.99156833333333"><ele>12.799999999999999</ele><time>2025-11-01T05:43:31Z</time></trkpt><trkpt lat="22.273483333333335" lon="113.99155166666667"><ele>12.6</ele><time>2025-11-01T05:43:33Z</time></trkpt><trkpt lat="22.273469999999996" lon="113.99153333333334"><ele>11.9</ele><time>2025-11-01T05:43:36Z</time></trkpt><trkpt lat="22.27349166666667" lon="113.99152833333333"><ele>12.2</ele><time>2025-11-01T05:43:45Z</time></trkpt><trkpt lat="22.27347333333333" lon="113.99153499999998"><ele>13.7</ele><time>2025-11-01T05:43:56Z</time></trkpt><trkpt lat="22.273456666666668" lon="113.99151833333332"><ele>13.0</ele><time>2025-11-01T05:44:14Z</time></trkpt><trkpt lat="22.273435000000003" lon="113.99152333333335"><ele>12.7</ele><time>2025-11-01T05:44:16Z</time></trkpt><trkpt lat="22.273411666666668" lon="113.991525"><ele>11.799999999999999</ele><time>2025-11-01T05:44:18Z</time></trkpt><trkpt lat="22.27338666666667" lon="113.99152000000001"><ele>10.5</ele><time>2025-11-01T05:44:20Z</time></trkpt><trkpt lat="22.273365" lon="113.99152333333335"><ele>11.0</ele><time>2025-11-01T05:44:22Z</time></trkpt><trkpt lat="22.273343333333333" lon="113.99152333333335"><ele>10.799999999999999</ele><time>2025-11-01T05:44:24Z</time></trkpt><trkpt lat="22.27332333333333" lon="113.99152833333333"><ele>10.9</ele><time>2025-11-01T05:44:26Z</time></trkpt><trkpt lat="22.273304999999997" lon="113.99153166666669"><ele>11.0</ele><time>2025-11-01T05:44:28Z</time></trkpt><trkpt lat="22.27328" lon="113.99153166666669"><ele>11.0</ele><time>2025-11-01T05:44:31Z</time></trkpt><trkpt lat="22.273259999999997" lon="113.991525"><ele>11.2</ele><time>2025-11-01T05:44:33Z</time></trkpt><trkpt lat="22.273241666666664" lon="113.99151666666667"><ele>11.2</ele><time>2025-11-01T05:44:35Z</time></trkpt><trkpt lat="22.27322" lon="113.99151666666667"><ele>11.7</ele><time>2025-11-01T05:44:37Z</time></trkpt><trkpt lat="22.273199999999996" lon="113.991525"><ele>11.6</ele><time>2025-11-01T05:44:39Z</time></trkpt><trkpt lat="22.273176666666668" lon="113.99153499999998"><ele>12.0</ele><time>2025-11-01T05:44:42Z</time></trkpt><trkpt lat="22.27316166666667" lon="113.99155"><ele>13.0</ele><time>2025-11-01T05:44:44Z</time></trkpt><trkpt lat="22.273171666666666" lon="113.99157166666667"><ele>13.9</ele><time>2025-11-01T05:44:47Z</time></trkpt><trkpt lat="22.273184999999998" lon="113.991585"><ele>14.799999999999999</ele><time>2025-11-01T05:44:51Z</time></trkpt><trkpt lat="22.27320666666667" lon="113.99158166666666"><ele>15.299999999999999</ele><time>2025-11-01T05:44:53Z</time></trkpt><trkpt lat="22.27318833333333" lon="113.99156999999998"><ele>15.499999999999998</ele><time>2025-11-01T05:45:03Z</time></trkpt><trkpt lat="22.273166666666665" lon="113.99153999999999"><ele>14.799999999999999</ele><time>2025-11-01T05:45:05Z</time></trkpt><trkpt lat="22.273153333333333" lon="113.991525"><ele>14.299999999999999</ele><time>2025-11-01T05:45:06Z</time></trkpt><trkpt lat="22.273136666666666" lon="113.99150833333333"><ele>13.6</ele><time>2025-11-01T05:45:08Z</time></trkpt><trkpt lat="22.273138333333335" lon="113.99148833333332"><ele>13.0</ele><time>2025-11-01T05:45:10Z</time></trkpt><trkpt lat="22.273141666666668" lon="113.991465"><ele>12.299999999999999</ele><time>2025-11-01T05:45:12Z</time></trkpt><trkpt lat="22.27315" lon="113.99144499999998"><ele>11.6</ele><time>2025-11-01T05:45:14Z</time></trkpt><trkpt lat="22.273153333333333" lon="113.99141833333333"><ele>10.799999999999999</ele><time>2025-11-01T05:45:16Z</time></trkpt><trkpt lat="22.273166666666665" lon="113.991385"><ele>10.2</ele><time>2025-11-01T05:45:18Z</time></trkpt><trkpt lat="22.273175" lon="113.99135499999998"><ele>9.799999999999999</ele><time>2025-11-01T05:45:20Z</time></trkpt><trkpt lat="22.27317833333333" lon="113.99132666666668"><ele>9.4</ele><time>2025-11-01T05:45:22Z</time></trkpt><trkpt lat="22.273180000000004" lon="113.99129999999998"><ele>9.299999999999999</ele><time>2025-11-01T05:45:24Z</time></trkpt><trkpt lat="22.27319" lon="113.99127666666666"><ele>9.1</ele><time>2025-11-01T05:45:26Z</time></trkpt><trkpt lat="22.273196666666664" lon="113.99125666666666"><ele>8.799999999999999</ele><time>2025-11-01T05:45:28Z</time></trkpt><trkpt lat="22.273208333333333" lon="113.99123"><ele>8.9</ele><time>2025-11-01T05:45:31Z</time></trkpt><trkpt lat="22.273221666666668" lon="113.99120666666667"><ele>9.0</ele><time>2025-11-01T05:45:34Z</time></trkpt><trkpt lat="22.273235" lon="113.99118500000002"><ele>9.6</ele><time>2025-11-01T05:45:37Z</time></trkpt><trkpt lat="22.273241666666664" lon="113.99115833333332"><ele>10.0</ele><time>2025-11-01T05:45:40Z</time></trkpt><trkpt lat="22.273235" lon="113.99113166666666"><ele>10.7</ele><time>2025-11-01T05:45:43Z</time></trkpt><trkpt lat="22.27322333333333" lon="113.99110999999999"><ele>10.9</ele><time>2025-11-01T05:45:45Z</time></trkpt><trkpt lat="22.273210000000002" lon="113.99108499999998"><ele>10.9</ele><time>2025-11-01T05:45:47Z</time></trkpt><trkpt lat="22.273195" lon="113.99107000000001"><ele>11.0</ele><time>2025-11-01T05:45:49Z</time></trkpt><trkpt lat="22.273176666666668" lon="113.99105666666668"><ele>11.0</ele><time>2025-11-01T05:45:51Z</time></trkpt><trkpt lat="22.27315666666667" lon="113.99104666666666"><ele>10.9</ele><time>2025-11-01T05:45:53Z</time></trkpt><trkpt lat="22.273138333333335" lon="113.99103166666667"><ele>10.9</ele><time>2025-11-01T05:45:55Z</time></trkpt><trkpt lat="22.273118333333333" lon="113.991015"><ele>10.7</ele><time>2025-11-01T05:45:57Z</time></trkpt><trkpt lat="22.27310166666667" lon="113.99099333333334"><ele>10.6</ele><time>2025-11-01T05:46:00Z</time></trkpt><trkpt lat="22.273083333333336" lon="113.99097666666667"><ele>10.7</ele><time>2025-11-01T05:46:03Z</time></trkpt><trkpt lat="22.273068333333338" lon="113.99096333333334"><ele>10.9</ele><time>2025-11-01T05:46:05Z</time></trkpt><trkpt lat="22.273055" lon="113.99094666666666"><ele>11.1</ele><time>2025-11-01T05:46:08Z</time></trkpt><trkpt lat="22.273045000000003" lon="113.99092833333334"><ele>12.2</ele><time>2025-11-01T05:46:13Z</time></trkpt><trkpt lat="22.273018333333333" lon="113.99092"><ele>12.9</ele><time>2025-11-01T05:46:16Z</time></trkpt><trkpt lat="22.27299833333333" lon="113.99090666666667"><ele>13.2</ele><time>2025-11-01T05:46:18Z</time></trkpt><trkpt lat="22.272985000000002" lon="113.99089000000001"><ele>13.299999999999999</ele><time>2025-11-01T05:46:20Z</time></trkpt><trkpt lat="22.27297666666667" lon="113.99086000000001"><ele>13.5</ele><time>2025-11-01T05:46:22Z</time></trkpt><trkpt lat="22.272983333333332" lon="113.99083166666667"><ele>13.7</ele><time>2025-11-01T05:46:24Z</time></trkpt><trkpt lat="22.272991666666666" lon="113.99080666666666"><ele>13.799999999999999</ele><time>2025-11-01T05:46:26Z</time></trkpt><trkpt lat="22.27301333333333" lon="113.99078666666668"><ele>13.7</ele><time>2025-11-01T05:46:28Z</time></trkpt><trkpt lat="22.273031666666665" lon="113.99077833333334"><ele>14.0</ele><time>2025-11-01T05:46:30Z</time></trkpt><trkpt lat="22.273053333333337" lon="113.99076666666666"><ele>14.499999999999998</ele><time>2025-11-01T05:46:33Z</time></trkpt><trkpt lat="22.273075000000002" lon="113.99076333333332"><ele>15.299999999999999</ele><time>2025-11-01T05:46:36Z</time></trkpt><trkpt lat="22.273094999999998" lon="113.99075999999998"><ele>16.1</ele><time>2025-11-01T05:46:38Z</time></trkpt><trkpt lat="22.273118333333333" lon="113.99075166666668"><ele>16.6</ele><time>2025-11-01T05:46:40Z</time></trkpt><trkpt lat="22.273145" lon="113.99075333333333"><ele>17.400000000000002</ele><time>2025-11-01T05:46:42Z</time></trkpt><trkpt lat="22.273169999999997" lon="113.99075166666668"><ele>18.1</ele><time>2025-11-01T05:46:45Z</time></trkpt><trkpt lat="22.273196666666664" lon="113.99075833333333"><ele>18.700000000000003</ele><time>2025-11-01T05:46:48Z</time></trkpt><trkpt lat="22.27321833333333" lon="113.99076333333332"><ele>20.3</ele><time>2025-11-01T05:46:51Z</time></trkpt><trkpt lat="22.273243333333333" lon="113.99076833333332"><ele>20.900000000000002</ele><time>2025-11-01T05:46:54Z</time></trkpt><trkpt lat="22.273265" lon="113.990775"><ele>21.3</ele><time>2025-11-01T05:46:57Z</time></trkpt><trkpt lat="22.273285" lon="113.99078333333334"><ele>21.400000000000002</ele><time>2025-11-01T05:47:00Z</time></trkpt><trkpt lat="22.273303333333335" lon="113.99079666666667"><ele>20.900000000000002</ele><time>2025-11-01T05:47:02Z</time></trkpt><trkpt lat="22.273328333333332" lon="113.99079666666667"><ele>20.3</ele><time>2025-11-01T05:47:04Z</time></trkpt><trkpt lat="22.27335333333333" lon="113.99078166666668"><ele>19.700000000000003</ele><time>2025-11-01T05:47:07Z</time></trkpt><trkpt lat="22.273373333333332" lon="113.99077833333334"><ele>19.400000000000002</ele><time>2025-11-01T05:47:09Z</time></trkpt><trkpt lat="22.273394999999997" lon="113.99078333333334"><ele>19.0</ele><time>2025-11-01T05:47:12Z</time></trkpt><trkpt lat="22.273405000000004" lon="113.99080666666666"><ele>19.200000000000003</ele><time>2025-11-01T05:47:17Z</time></trkpt><trkpt lat="22.27342666666667" lon="113.99081166666669"><ele>19.200000000000003</ele><time>2025-11-01T05:47:20Z</time></trkpt><trkpt lat="22.273456666666668" lon="113.99082166666668"><ele>18.6</ele><time>2025-11-01T05:47:23Z</time></trkpt><trkpt lat="22.27347666666667" lon="113.99082666666666"><ele>18.700000000000003</ele><time>2025-11-01T05:47:25Z</time></trkpt><trkpt lat="22.273501666666668" lon="113.99083166666667"><ele>18.900000000000002</ele><time>2025-11-01T05:47:28Z</time></trkpt><trkpt lat="22.273525000000003" lon="113.99083833333334"><ele>19.0</ele><time>2025-11-01T05:47:30Z</time></trkpt><trkpt lat="22.27354833333333" lon="113.99084333333333"><ele>19.400000000000002</ele><time>2025-11-01T05:47:32Z</time></trkpt><trkpt lat="22.273568333333333" lon="113.99084333333333"><ele>20.0</ele><time>2025-11-01T05:47:35Z</time></trkpt><trkpt lat="22.27356666666667" lon="113.990865"><ele>22.3</ele><time>2025-11-01T05:47:41Z</time></trkpt><trkpt lat="22.27355166666667" lon="113.99084666666667"><ele>24.5</ele><time>2025-11-01T05:47:49Z</time></trkpt><trkpt lat="22.27355166666667" lon="113.99082333333332"><ele>25.6</ele><time>2025-11-01T05:47:55Z</time></trkpt><trkpt lat="22.273568333333333" lon="113.99081"><ele>27.1</ele><time>2025-11-01T05:47:59Z</time></trkpt><trkpt lat="22.27356166666667" lon="113.99082833333333"><ele>27.0</ele><time>2025-11-01T05:48:07Z</time></trkpt><trkpt lat="22.273556666666664" lon="113.990805"><ele>27.1</ele><time>2025-11-01T05:48:11Z</time></trkpt><trkpt lat="22.27354833333333" lon="113.99078499999999"><ele>27.6</ele><time>2025-11-01T05:48:14Z</time></trkpt><trkpt lat="22.273528333333335" lon="113.99077000000001"><ele>28.200000000000003</ele><time>2025-11-01T05:48:18Z</time></trkpt><trkpt lat="22.27351" lon="113.99076666666666"><ele>28.0</ele><time>2025-11-01T05:48:21Z</time></trkpt><trkpt lat="22.27349166666667" lon="113.99075833333333"><ele>27.900000000000002</ele><time>2025-11-01T05:48:26Z</time></trkpt><trkpt lat="22.27347166666667" lon="113.99076500000001"><ele>27.900000000000002</ele><time>2025-11-01T05:48:29Z</time></trkpt><trkpt lat="22.27347166666667" lon="113.99080000000001"><ele>27.8</ele><time>2025-11-01T05:48:31Z</time></trkpt><trkpt lat="22.27345833333333" lon="113.99082166666668"><ele>27.700000000000003</ele><time>2025-11-01T05:48:32Z</time></trkpt><trkpt lat="22.27346" lon="113.99084333333333"><ele>27.700000000000003</ele><time>2025-11-01T05:48:33Z</time></trkpt><trkpt lat="22.273451666666666" lon="113.990865"><ele>27.6</ele><time>2025-11-01T05:48:34Z</time></trkpt><trkpt lat="22.273468333333334" lon="113.99090333333334"><ele>27.5</ele><time>2025-11-01T05:48:36Z</time></trkpt><trkpt lat="22.273475" lon="113.990925"><ele>27.400000000000002</ele><time>2025-11-01T05:48:37Z</time></trkpt><trkpt lat="22.27347333333333" lon="113.99094500000001"><ele>27.3</ele><time>2025-11-01T05:48:38Z</time></trkpt><trkpt lat="22.273465" lon="113.99097833333332"><ele>27.200000000000003</ele><time>2025-11-01T05:48:40Z</time></trkpt><trkpt lat="22.273450000000004" lon="113.99095666666666"><ele>27.1</ele><time>2025-11-01T05:48:41Z</time></trkpt><trkpt lat="22.273441666666667" lon="113.99093333333333"><ele>27.0</ele><time>2025-11-01T05:48:42Z</time></trkpt><trkpt lat="22.273439999999997" lon="113.99083333333334"><ele>27.1</ele><time>2025-11-01T05:48:43Z</time></trkpt><trkpt lat="22.273438333333335" lon="113.99078499999999"><ele>27.3</ele><time>2025-11-01T05:48:44Z</time></trkpt><trkpt lat="22.273435000000003" lon="113.99075999999998"><ele>27.0</ele><time>2025-11-01T05:48:45Z</time></trkpt><trkpt lat="22.273450000000004" lon="113.99078833333333"><ele>28.900000000000002</ele><time>2025-11-01T05:48:49Z</time></trkpt><trkpt lat="22.273424999999996" lon="113.99078499999999"><ele>30.0</ele><time>2025-11-01T05:48:53Z</time></trkpt><trkpt lat="22.273406666666666" lon="113.99077333333335"><ele>30.1</ele><time>2025-11-01T05:48:54Z</time></trkpt><trkpt lat="22.27338666666667" lon="113.99075833333333"><ele>30.1</ele><time>2025-11-01T05:48:55Z</time></trkpt><trkpt lat="22.27337166666667" lon="113.99074333333334"><ele>30.300000000000004</ele><time>2025-11-01T05:48:56Z</time></trkpt><trkpt lat="22.273390000000003" lon="113.99075333333333"><ele>31.0</ele><time>2025-11-01T05:48:58Z</time></trkpt><trkpt lat="22.273405000000004" lon="113.99076500000001"><ele>31.1</ele><time>2025-11-01T05:48:59Z</time></trkpt><trkpt lat="22.27343" lon="113.99078"><ele>30.5</ele><time>2025-11-01T05:49:01Z</time></trkpt><trkpt lat="22.27344333333333" lon="113.990795"><ele>29.700000000000003</ele><time>2025-11-01T05:49:03Z</time></trkpt><trkpt lat="22.27345833333333" lon="113.99081"><ele>31.300000000000004</ele><time>2025-11-01T05:49:14Z</time></trkpt><trkpt lat="22.27347666666667" lon="113.99082166666668"><ele>30.800000000000004</ele><time>2025-11-01T05:49:18Z</time></trkpt><trkpt lat="22.27348833333333" lon="113.99084166666668"><ele>29.8</ele><time>2025-11-01T05:49:25Z</time></trkpt><trkpt lat="22.273514999999996" lon="113.99084999999998"><ele>29.5</ele><time>2025-11-01T05:49:28Z</time></trkpt><trkpt lat="22.27355" lon="113.99084666666667"><ele>28.900000000000002</ele><time>2025-11-01T05:49:30Z</time></trkpt><trkpt lat="22.27358166666667" lon="113.99085666666666"><ele>28.200000000000003</ele><time>2025-11-01T05:49:32Z</time></trkpt><trkpt lat="22.273613333333333" lon="113.99087499999999"><ele>27.3</ele><time>2025-11-01T05:49:34Z</time></trkpt><trkpt lat="22.27364166666667" lon="113.99088333333333"><ele>26.700000000000003</ele><time>2025-11-01T05:49:36Z</time></trkpt><trkpt lat="22.27367" lon="113.99088666666667"><ele>26.400000000000002</ele><time>2025-11-01T05:49:38Z</time></trkpt><trkpt lat="22.273688333333332" lon="113.990895"><ele>26.0</ele><time>2025-11-01T05:49:40Z</time></trkpt><trkpt lat="22.273706666666666" lon="113.99090333333334"><ele>26.1</ele><time>2025-11-01T05:49:42Z</time></trkpt><trkpt lat="22.273721666666667" lon="113.99091666666666"><ele>26.900000000000002</ele><time>2025-11-01T05:49:44Z</time></trkpt><trkpt lat="22.273739999999997" lon="113.99092166666667"><ele>28.200000000000003</ele><time>2025-11-01T05:49:47Z</time></trkpt><trkpt lat="22.27375833333333" lon="113.990925"><ele>28.8</ele><time>2025-11-01T05:49:49Z</time></trkpt><trkpt lat="22.273780000000002" lon="113.99091500000002"><ele>28.8</ele><time>2025-11-01T05:49:52Z</time></trkpt><trkpt lat="22.273798333333335" lon="113.99091166666668"><ele>28.200000000000003</ele><time>2025-11-01T05:49:54Z</time></trkpt><trkpt lat="22.273813333333337" lon="113.99089000000001"><ele>27.3</ele><time>2025-11-01T05:49:56Z</time></trkpt><trkpt lat="22.273823333333333" lon="113.99087166666668"><ele>26.700000000000003</ele><time>2025-11-01T05:49:58Z</time></trkpt><trkpt lat="22.273826666666665" lon="113.99084333333333"><ele>26.3</ele><time>2025-11-01T05:50:00Z</time></trkpt><trkpt lat="22.273821666666663" lon="113.99081833333334"><ele>26.1</ele><time>2025-11-01T05:50:02Z</time></trkpt><trkpt lat="22.27381666666667" lon="113.99079166666667"><ele>25.700000000000003</ele><time>2025-11-01T05:50:04Z</time></trkpt><trkpt lat="22.273815" lon="113.99076833333332"><ele>25.8</ele><time>2025-11-01T05:50:06Z</time></trkpt><trkpt lat="22.273815" lon="113.99074"><ele>25.900000000000002</ele><time>2025-11-01T05:50:08Z</time></trkpt><trkpt lat="22.27382" lon="113.99071166666666"><ele>26.1</ele><time>2025-11-01T05:50:10Z</time></trkpt><trkpt lat="22.273826666666665" lon="113.99068833333334"><ele>26.8</ele><time>2025-11-01T05:50:13Z</time></trkpt><trkpt lat="22.273826666666665" lon="113.99066833333333"><ele>27.900000000000002</ele><time>2025-11-01T05:50:18Z</time></trkpt><trkpt lat="22.273833333333332" lon="113.99064166666668"><ele>28.400000000000002</ele><time>2025-11-01T05:50:23Z</time></trkpt><trkpt lat="22.273835000000002" lon="113.99061166666667"><ele>28.900000000000002</ele><time>2025-11-01T05:50:25Z</time></trkpt><trkpt lat="22.273840000000003" lon="113.99058500000001"><ele>29.6</ele><time>2025-11-01T05:50:27Z</time></trkpt><trkpt lat="22.273844999999998" lon="113.99056"><ele>30.4</ele><time>2025-11-01T05:50:29Z</time></trkpt><trkpt lat="22.273856666666667" lon="113.99054166666669"><ele>31.700000000000003</ele><time>2025-11-01T05:50:31Z</time></trkpt><trkpt lat="22.27386333333333" lon="113.99051499999999"><ele>33.1</ele><time>2025-11-01T05:50:33Z</time></trkpt><trkpt lat="22.273856666666667" lon="113.99048833333333"><ele>34.4</ele><time>2025-11-01T05:50:35Z</time></trkpt><trkpt lat="22.273843333333335" lon="113.99047"><ele>35.2</ele><time>2025-11-01T05:50:37Z</time></trkpt><trkpt lat="22.273846666666667" lon="113.99045"><ele>35.5</ele><time>2025-11-01T05:50:39Z</time></trkpt><trkpt lat="22.273851666666662" lon="113.99043000000002"><ele>35.800000000000004</ele><time>2025-11-01T05:50:41Z</time></trkpt><trkpt lat="22.273846666666667" lon="113.99040833333332"><ele>35.7</ele><time>2025-11-01T05:50:43Z</time></trkpt><trkpt lat="22.27385" lon="113.99038"><ele>35.2</ele><time>2025-11-01T05:50:45Z</time></trkpt><trkpt lat="22.273841666666666" lon="113.99034666666667"><ele>33.7</ele><time>2025-11-01T05:50:48Z</time></trkpt><trkpt lat="22.273835000000002" lon="113.99031000000001"><ele>33.2</ele><time>2025-11-01T05:50:50Z</time></trkpt><trkpt lat="22.27385" lon="113.99029166666666"><ele>33.300000000000004</ele><time>2025-11-01T05:50:53Z</time></trkpt><trkpt lat="22.27386" lon="113.99027"><ele>34.300000000000004</ele><time>2025-11-01T05:50:55Z</time></trkpt><trkpt lat="22.27385333333333" lon="113.99024"><ele>35.2</ele><time>2025-11-01T05:50:57Z</time></trkpt><trkpt lat="22.27384833333333" lon="113.99021833333333"><ele>35.9</ele><time>2025-11-01T05:50:59Z</time></trkpt><trkpt lat="22.273844999999998" lon="113.99019500000001"><ele>37.9</ele><time>2025-11-01T05:51:02Z</time></trkpt><trkpt lat="22.273835000000002" lon="113.99017166666665"><ele>38.4</ele><time>2025-11-01T05:51:04Z</time></trkpt><trkpt lat="22.273841666666666" lon="113.99014333333335"><ele>39.1</ele><time>2025-11-01T05:51:06Z</time></trkpt><trkpt lat="22.273866666666663" lon="113.99012166666668"><ele>39.7</ele><time>2025-11-01T05:51:08Z</time></trkpt><trkpt lat="22.273881666666664" lon="113.99010000000001"><ele>39.9</ele><time>2025-11-01T05:51:10Z</time></trkpt><trkpt lat="22.273888333333336" lon="113.99007666666667"><ele>40.0</ele><time>2025-11-01T05:51:12Z</time></trkpt><trkpt lat="22.273886666666666" lon="113.99005666666666"><ele>40.0</ele><time>2025-11-01T05:51:14Z</time></trkpt><trkpt lat="22.273891666666668" lon="113.99003333333333"><ele>40.0</ele><time>2025-11-01T05:51:16Z</time></trkpt><trkpt lat="22.273916666666665" lon="113.99002999999999"><ele>40.300000000000004</ele><time>2025-11-01T05:51:19Z</time></trkpt><trkpt lat="22.27394333333333" lon="113.99001166666667"><ele>41.1</ele><time>2025-11-01T05:51:23Z</time></trkpt><trkpt lat="22.273956666666663" lon="113.98999666666666"><ele>41.5</ele><time>2025-11-01T05:51:25Z</time></trkpt><trkpt lat="22.273948333333337" lon="113.98997333333334"><ele>43.2</ele><time>2025-11-01T05:51:30Z</time></trkpt><trkpt lat="22.273930000000004" lon="113.98995833333332"><ele>44.7</ele><time>2025-11-01T05:51:34Z</time></trkpt><trkpt lat="22.273934999999998" lon="113.98998166666667"><ele>45.2</ele><time>2025-11-01T05:51:39Z</time></trkpt><trkpt lat="22.273946666666667" lon="113.99000499999998"><ele>44.9</ele><time>2025-11-01T05:51:43Z</time></trkpt><trkpt lat="22.273964999999997" lon="113.98998833333332"><ele>45.0</ele><time>2025-11-01T05:51:50Z</time></trkpt><trkpt lat="22.273981666666668" lon="113.98997499999999"><ele>45.4</ele><time>2025-11-01T05:51:52Z</time></trkpt><trkpt lat="22.273993333333337" lon="113.98995833333332"><ele>45.800000000000004</ele><time>2025-11-01T05:51:54Z</time></trkpt><trkpt lat="22.274016666666665" lon="113.98994499999999"><ele>46.6</ele><time>2025-11-01T05:51:57Z</time></trkpt><trkpt lat="22.274038333333337" lon="113.98994166666668"><ele>46.9</ele><time>2025-11-01T05:51:59Z</time></trkpt><trkpt lat="22.274060000000002" lon="113.98993999999999"><ele>46.9</ele><time>2025-11-01T05:52:01Z</time></trkpt><trkpt lat="22.27407333333333" lon="113.98991666666667"><ele>47.2</ele><time>2025-11-01T05:52:04Z</time></trkpt><trkpt lat="22.274085" lon="113.989895"><ele>47.4</ele><time>2025-11-01T05:52:06Z</time></trkpt><trkpt lat="22.274091666666664" lon="113.98986833333332"><ele>47.2</ele><time>2025-11-01T05:52:08Z</time></trkpt><trkpt lat="22.274096666666665" lon="113.98984666666665"><ele>47.0</ele><time>2025-11-01T05:52:10Z</time></trkpt><trkpt lat="22.274113333333336" lon="113.98983500000001"><ele>47.0</ele><time>2025-11-01T05:52:13Z</time></trkpt><trkpt lat="22.274136666666664" lon="113.98982833333334"><ele>47.5</ele><time>2025-11-01T05:52:15Z</time></trkpt><trkpt lat="22.274158333333336" lon="113.98982333333333"><ele>47.6</ele><time>2025-11-01T05:52:17Z</time></trkpt><trkpt lat="22.274183333333333" lon="113.98981833333333"><ele>48.800000000000004</ele><time>2025-11-01T05:52:20Z</time></trkpt><trkpt lat="22.274203333333336" lon="113.989815"><ele>49.300000000000004</ele><time>2025-11-01T05:52:22Z</time></trkpt><trkpt lat="22.274225" lon="113.98980666666667"><ele>49.5</ele><time>2025-11-01T05:52:24Z</time></trkpt><trkpt lat="22.274244999999997" lon="113.989805"><ele>49.7</ele><time>2025-11-01T05:52:26Z</time></trkpt><trkpt lat="22.27425333333333" lon="113.98977500000001"><ele>49.5</ele><time>2025-11-01T05:52:30Z</time></trkpt><trkpt lat="22.274251666666668" lon="113.98974833333332"><ele>49.5</ele><time>2025-11-01T05:52:32Z</time></trkpt><trkpt lat="22.274258333333332" lon="113.98972333333334"><ele>49.1</ele><time>2025-11-01T05:52:34Z</time></trkpt><trkpt lat="22.274263333333337" lon="113.98970333333334"><ele>48.2</ele><time>2025-11-01T05:52:36Z</time></trkpt><trkpt lat="22.274268333333332" lon="113.98967833333333"><ele>47.4</ele><time>2025-11-01T05:52:38Z</time></trkpt><trkpt lat="22.274276666666665" lon="113.98965833333332"><ele>46.7</ele><time>2025-11-01T05:52:40Z</time></trkpt><trkpt lat="22.274289999999997" lon="113.98964166666669"><ele>45.800000000000004</ele><time>2025-11-01T05:52:42Z</time></trkpt><trkpt lat="22.27429833333333" lon="113.98961666666668"><ele>44.7</ele><time>2025-11-01T05:52:44Z</time></trkpt><trkpt lat="22.2743" lon="113.98959166666667"><ele>43.9</ele><time>2025-11-01T05:52:46Z</time></trkpt><trkpt lat="22.2743" lon="113.98956333333332"><ele>43.2</ele><time>2025-11-01T05:52:48Z</time></trkpt><trkpt lat="22.274301666666663" lon="113.98954333333334"><ele>42.2</ele><time>2025-11-01T05:52:50Z</time></trkpt><trkpt lat="22.274306666666668" lon="113.98952"><ele>41.300000000000004</ele><time>2025-11-01T05:52:54Z</time></trkpt><trkpt lat="22.274324999999997" lon="113.98950833333335"><ele>40.9</ele><time>2025-11-01T05:52:57Z</time></trkpt><trkpt lat="22.27434" lon="113.98948833333334"><ele>40.4</ele><time>2025-11-01T05:52:59Z</time></trkpt><trkpt lat="22.27436" lon="113.98947000000001"><ele>39.800000000000004</ele><time>2025-11-01T05:53:01Z</time></trkpt><trkpt lat="22.274373333333333" lon="113.98944833333334"><ele>39.1</ele><time>2025-11-01T05:53:03Z</time></trkpt><trkpt lat="22.27439" lon="113.98943666666668"><ele>39.300000000000004</ele><time>2025-11-01T05:53:05Z</time></trkpt><trkpt lat="22.274408333333334" lon="113.98943"><ele>39.2</ele><time>2025-11-01T05:53:07Z</time></trkpt><trkpt lat="22.274426666666667" lon="113.98941666666666"><ele>39.1</ele><time>2025-11-01T05:53:09Z</time></trkpt><trkpt lat="22.274441666666668" lon="113.98939"><ele>38.6</ele><time>2025-11-01T05:53:11Z</time></trkpt><trkpt lat="22.274468333333335" lon="113.98938666666666"><ele>38.4</ele><time>2025-11-01T05:53:13Z</time></trkpt><trkpt lat="22.27449166666667" lon="113.98938166666667"><ele>37.9</ele><time>2025-11-01T05:53:15Z</time></trkpt><trkpt lat="22.274513333333335" lon="113.98937"><ele>36.6</ele><time>2025-11-01T05:53:17Z</time></trkpt><trkpt lat="22.274528333333333" lon="113.98935833333334"><ele>35.4</ele><time>2025-11-01T05:53:19Z</time></trkpt><trkpt lat="22.274541666666664" lon="113.98934"><ele>32.7</ele><time>2025-11-01T05:53:22Z</time></trkpt><trkpt lat="22.274556666666665" lon="113.98931666666667"><ele>30.0</ele><time>2025-11-01T05:53:25Z</time></trkpt><trkpt lat="22.27457666666667" lon="113.98930666666665"><ele>28.6</ele><time>2025-11-01T05:53:27Z</time></trkpt><trkpt lat="22.27459666666667" lon="113.98929833333335"><ele>27.400000000000002</ele><time>2025-11-01T05:53:29Z</time></trkpt><trkpt lat="22.274615" lon="113.98927666666665"><ele>26.3</ele><time>2025-11-01T05:53:31Z</time></trkpt><trkpt lat="22.274633333333334" lon="113.98926666666667"><ele>25.700000000000003</ele><time>2025-11-01T05:53:33Z</time></trkpt><trkpt lat="22.274655" lon="113.98925333333334"><ele>25.0</ele><time>2025-11-01T05:53:35Z</time></trkpt><trkpt lat="22.274675000000002" lon="113.98924000000001"><ele>24.400000000000002</ele><time>2025-11-01T05:53:37Z</time></trkpt><trkpt lat="22.274694999999998" lon="113.98923833333335"><ele>24.200000000000003</ele><time>2025-11-01T05:53:39Z</time></trkpt><trkpt lat="22.274718333333333" lon="113.98923333333332"><ele>23.900000000000002</ele><time>2025-11-01T05:53:41Z</time></trkpt><trkpt lat="22.274741666666667" lon="113.98921833333334"><ele>23.8</ele><time>2025-11-01T05:53:43Z</time></trkpt><trkpt lat="22.27475833333333" lon="113.98923333333332"><ele>24.3</ele><time>2025-11-01T05:53:47Z</time></trkpt><trkpt lat="22.274778333333334" lon="113.98925166666668"><ele>24.700000000000003</ele><time>2025-11-01T05:53:50Z</time></trkpt><trkpt lat="22.27480333333333" lon="113.98926666666667"><ele>25.3</ele><time>2025-11-01T05:53:52Z</time></trkpt><trkpt lat="22.274828333333335" lon="113.98927833333333"><ele>25.900000000000002</ele><time>2025-11-01T05:53:54Z</time></trkpt><trkpt lat="22.274855000000002" lon="113.98929000000001"><ele>26.700000000000003</ele><time>2025-11-01T05:53:56Z</time></trkpt><trkpt lat="22.27487833333333" lon="113.98930166666666"><ele>27.6</ele><time>2025-11-01T05:53:58Z</time></trkpt><trkpt lat="22.274901666666665" lon="113.98930999999999"><ele>28.3</ele><time>2025-11-01T05:54:00Z</time></trkpt><trkpt lat="22.27492333333333" lon="113.98931666666667"><ele>28.400000000000002</ele><time>2025-11-01T05:54:02Z</time></trkpt><trkpt lat="22.27495666666667" lon="113.98932"><ele>29.400000000000002</ele><time>2025-11-01T05:54:04Z</time></trkpt><trkpt lat="22.274990000000003" lon="113.98932666666666"><ele>30.6</ele><time>2025-11-01T05:54:06Z</time></trkpt><trkpt lat="22.275008333333336" lon="113.98933833333334"><ele>30.800000000000004</ele><time>2025-11-01T05:54:09Z</time></trkpt><trkpt lat="22.275035000000003" lon="113.98932833333335"><ele>30.5</ele><time>2025-11-01T05:54:13Z</time></trkpt><trkpt lat="22.275055" lon="113.98931833333333"><ele>30.300000000000004</ele><time>2025-11-01T05:54:15Z</time></trkpt><trkpt lat="22.275069999999996" lon="113.98930333333334"><ele>30.200000000000003</ele><time>2025-11-01T05:54:17Z</time></trkpt><trkpt lat="22.27509" lon="113.98928166666668"><ele>30.200000000000003</ele><time>2025-11-01T05:54:20Z</time></trkpt><trkpt lat="22.2751" lon="113.98926000000002"><ele>29.900000000000002</ele><time>2025-11-01T05:54:22Z</time></trkpt><trkpt lat="22.275113333333334" lon="113.98924166666666"><ele>29.6</ele><time>2025-11-01T05:54:24Z</time></trkpt><trkpt lat="22.275131666666667" lon="113.98923500000001"><ele>29.200000000000003</ele><time>2025-11-01T05:54:26Z</time></trkpt><trkpt lat="22.27513333333333" lon="113.98920666666666"><ele>28.5</ele><time>2025-11-01T05:54:29Z</time></trkpt><trkpt lat="22.275145" lon="113.98918499999999"><ele>28.700000000000003</ele><time>2025-11-01T05:54:32Z</time></trkpt><trkpt lat="22.275173333333335" lon="113.989175"><ele>29.5</ele><time>2025-11-01T05:54:35Z</time></trkpt><trkpt lat="22.27519" lon="113.98915666666666"><ele>30.1</ele><time>2025-11-01T05:54:37Z</time></trkpt><trkpt lat="22.275201666666664" lon="113.98913666666667"><ele>30.6</ele><time>2025-11-01T05:54:39Z</time></trkpt><trkpt lat="22.275219999999997" lon="113.98912"><ele>31.4</ele><time>2025-11-01T05:54:41Z</time></trkpt><trkpt lat="22.275243333333332" lon="113.98911666666666"><ele>32.1</ele><time>2025-11-01T05:54:43Z</time></trkpt><trkpt lat="22.275266666666667" lon="113.98911833333335"><ele>32.800000000000004</ele><time>2025-11-01T05:54:45Z</time></trkpt><trkpt lat="22.275290000000002" lon="113.98911500000001"><ele>33.1</ele><time>2025-11-01T05:54:47Z</time></trkpt><trkpt lat="22.275308333333335" lon="113.98912166666666"><ele>33.5</ele><time>2025-11-01T05:54:48Z</time></trkpt><trkpt lat="22.275335000000002" lon="113.98913166666668"><ele>34.5</ele><time>2025-11-01T05:54:50Z</time></trkpt><trkpt lat="22.275354999999998" lon="113.98912666666665"><ele>36.0</ele><time>2025-11-01T05:54:53Z</time></trkpt><trkpt lat="22.27537333333333" lon="113.98911666666666"><ele>37.0</ele><time>2025-11-01T05:54:56Z</time></trkpt><trkpt lat="22.275395000000003" lon="113.98910833333333"><ele>37.6</ele><time>2025-11-01T05:54:58Z</time></trkpt><trkpt lat="22.27541666666667" lon="113.98909"><ele>38.4</ele><time>2025-11-01T05:55:00Z</time></trkpt><trkpt lat="22.275438333333334" lon="113.989085"><ele>39.0</ele><time>2025-11-01T05:55:02Z</time></trkpt><trkpt lat="22.275465" lon="113.98908333333333"><ele>39.2</ele><time>2025-11-01T05:55:05Z</time></trkpt><trkpt lat="22.275495" lon="113.98909"><ele>39.2</ele><time>2025-11-01T05:55:07Z</time></trkpt><trkpt lat="22.275519999999997" lon="113.98908666666667"><ele>40.2</ele><time>2025-11-01T05:55:10Z</time></trkpt><trkpt lat="22.275541666666662" lon="113.98909833333333"><ele>40.6</ele><time>2025-11-01T05:55:12Z</time></trkpt><trkpt lat="22.275558333333333" lon="113.98911333333332"><ele>41.2</ele><time>2025-11-01T05:55:14Z</time></trkpt><trkpt lat="22.275576666666666" lon="113.98911000000001"><ele>41.800000000000004</ele><time>2025-11-01T05:55:16Z</time></trkpt><trkpt lat="22.275601666666663" lon="113.98910666666667"><ele>42.2</ele><time>2025-11-01T05:55:18Z</time></trkpt><trkpt lat="22.275626666666668" lon="113.98911333333332"><ele>43.300000000000004</ele><time>2025-11-01T05:55:20Z</time></trkpt><trkpt lat="22.275651666666665" lon="113.989125"><ele>44.4</ele><time>2025-11-01T05:55:22Z</time></trkpt><trkpt lat="22.27567333333333" lon="113.98913166666668"><ele>45.5</ele><time>2025-11-01T05:55:24Z</time></trkpt><trkpt lat="22.275695000000002" lon="113.98913833333333"><ele>46.5</ele><time>2025-11-01T05:55:26Z</time></trkpt><trkpt lat="22.275721666666662" lon="113.989155"><ele>48.0</ele><time>2025-11-01T05:55:29Z</time></trkpt><trkpt lat="22.27574666666667" lon="113.98916499999999"><ele>49.2</ele><time>2025-11-01T05:55:31Z</time></trkpt><trkpt lat="22.275768333333335" lon="113.98917333333333"><ele>50.4</ele><time>2025-11-01T05:55:33Z</time></trkpt><trkpt lat="22.275786666666665" lon="113.98918333333334"><ele>51.800000000000004</ele><time>2025-11-01T05:55:35Z</time></trkpt><trkpt lat="22.275805" lon="113.98918833333333"><ele>53.9</ele><time>2025-11-01T05:55:38Z</time></trkpt><trkpt lat="22.275826666666664" lon="113.98918833333333"><ele>55.1</ele><time>2025-11-01T05:55:40Z</time></trkpt><trkpt lat="22.275846666666666" lon="113.98920000000001"><ele>55.800000000000004</ele><time>2025-11-01T05:55:42Z</time></trkpt><trkpt lat="22.275859999999998" lon="113.98922166666668"><ele>56.7</ele><time>2025-11-01T05:55:44Z</time></trkpt><trkpt lat="22.275865" lon="113.98925666666668"><ele>58.0</ele><time>2025-11-01T05:55:46Z</time></trkpt><trkpt lat="22.27588166666667" lon="113.98927"><ele>60.1</ele><time>2025-11-01T05:55:49Z</time></trkpt><trkpt lat="22.27588166666667" lon="113.98925"><ele>61.0</ele><time>2025-11-01T05:55:55Z</time></trkpt><trkpt lat="22.275904999999998" lon="113.98926166666666"><ele>60.9</ele><time>2025-11-01T05:56:02Z</time></trkpt><trkpt lat="22.275923333333335" lon="113.98928"><ele>60.2</ele><time>2025-11-01T05:56:04Z</time></trkpt><trkpt lat="22.275941666666668" lon="113.989305"><ele>59.800000000000004</ele><time>2025-11-01T05:56:06Z</time></trkpt><trkpt lat="22.275961666666664" lon="113.98932833333335"><ele>59.7</ele><time>2025-11-01T05:56:08Z</time></trkpt><trkpt lat="22.275979999999997" lon="113.98934666666668"><ele>59.7</ele><time>2025-11-01T05:56:10Z</time></trkpt><trkpt lat="22.275998333333337" lon="113.98936166666665"><ele>60.0</ele><time>2025-11-01T05:56:12Z</time></trkpt><trkpt lat="22.276011666666665" lon="113.98938166666667"><ele>61.0</ele><time>2025-11-01T05:56:15Z</time></trkpt><trkpt lat="22.276023333333335" lon="113.98939833333334"><ele>62.0</ele><time>2025-11-01T05:56:17Z</time></trkpt><trkpt lat="22.276038333333336" lon="113.98941333333332"><ele>63.800000000000004</ele><time>2025-11-01T05:56:20Z</time></trkpt><trkpt lat="22.27606166666667" lon="113.98942000000001"><ele>65.1</ele><time>2025-11-01T05:56:30Z</time></trkpt><trkpt lat="22.276081666666663" lon="113.98943333333334"><ele>65.6</ele><time>2025-11-01T05:56:34Z</time></trkpt><trkpt lat="22.276099999999996" lon="113.98943166666668"><ele>65.69999999999999</ele><time>2025-11-01T05:56:36Z</time></trkpt><trkpt lat="22.27612" lon="113.98942666666666"><ele>65.5</ele><time>2025-11-01T05:56:42Z</time></trkpt><trkpt lat="22.276125" lon="113.98939166666666"><ele>65.3</ele><time>2025-11-01T05:56:44Z</time></trkpt><trkpt lat="22.276126666666663" lon="113.98937166666668"><ele>65.3</ele><time>2025-11-01T05:56:45Z</time></trkpt><trkpt lat="22.276126666666663" lon="113.98934333333334"><ele>65.39999999999999</ele><time>2025-11-01T05:56:47Z</time></trkpt><trkpt lat="22.276131666666668" lon="113.98932"><ele>65.69999999999999</ele><time>2025-11-01T05:56:49Z</time></trkpt><trkpt lat="22.27615166666667" lon="113.98932666666666"><ele>65.69999999999999</ele><time>2025-11-01T05:56:53Z</time></trkpt><trkpt lat="22.276156666666665" lon="113.98935000000002"><ele>65.39999999999999</ele><time>2025-11-01T05:56:57Z</time></trkpt><trkpt lat="22.27618166666667" lon="113.98934833333333"><ele>67.3</ele><time>2025-11-01T05:57:03Z</time></trkpt><trkpt lat="22.276204999999997" lon="113.98933000000001"><ele>67.69999999999999</ele><time>2025-11-01T05:57:05Z</time></trkpt><trkpt lat="22.276223333333338" lon="113.98931666666667"><ele>67.89999999999999</ele><time>2025-11-01T05:57:07Z</time></trkpt><trkpt lat="22.276245000000003" lon="113.98930999999999"><ele>67.89999999999999</ele><time>2025-11-01T05:57:09Z</time></trkpt><trkpt lat="22.276263333333336" lon="113.98930833333334"><ele>68.0</ele><time>2025-11-01T05:57:11Z</time></trkpt><trkpt lat="22.276275000000002" lon="113.98932333333332"><ele>68.19999999999999</ele><time>2025-11-01T05:57:13Z</time></trkpt><trkpt lat="22.276294999999998" lon="113.98932"><ele>69.1</ele><time>2025-11-01T05:57:20Z</time></trkpt><trkpt lat="22.276308333333336" lon="113.98934166666668"><ele>69.69999999999999</ele><time>2025-11-01T05:57:22Z</time></trkpt><trkpt lat="22.276306666666663" lon="113.98936499999999"><ele>70.5</ele><time>2025-11-01T05:57:24Z</time></trkpt><trkpt lat="22.27630333333333" lon="113.98939"><ele>71.19999999999999</ele><time>2025-11-01T05:57:26Z</time></trkpt><trkpt lat="22.276306666666663" lon="113.98941333333332"><ele>71.39999999999999</ele><time>2025-11-01T05:57:29Z</time></trkpt><trkpt lat="22.276293333333335" lon="113.98943166666668"><ele>72.39999999999999</ele><time>2025-11-01T05:57:34Z</time></trkpt><trkpt lat="22.27631333333333" lon="113.98944333333333"><ele>73.19999999999999</ele><time>2025-11-01T05:57:38Z</time></trkpt><trkpt lat="22.276329999999998" lon="113.98945499999999"><ele>73.8</ele><time>2025-11-01T05:57:40Z</time></trkpt><trkpt lat="22.27635" lon="113.98946333333333"><ele>74.39999999999999</ele><time>2025-11-01T05:57:43Z</time></trkpt><trkpt lat="22.276378333333334" lon="113.98946666666667"><ele>74.6</ele><time>2025-11-01T05:57:46Z</time></trkpt><trkpt lat="22.2764" lon="113.98947333333332"><ele>74.6</ele><time>2025-11-01T05:57:48Z</time></trkpt><trkpt lat="22.27641833333333" lon="113.98948166666666"><ele>75.0</ele><time>2025-11-01T05:57:52Z</time></trkpt><trkpt lat="22.276428333333335" lon="113.98949833333333"><ele>75.19999999999999</ele><time>2025-11-01T05:57:54Z</time></trkpt><trkpt lat="22.276443333333336" lon="113.989515"><ele>75.8</ele><time>2025-11-01T05:57:59Z</time></trkpt><trkpt lat="22.276470000000003" lon="113.98952166666668"><ele>75.8</ele><time>2025-11-01T05:58:02Z</time></trkpt><trkpt lat="22.27648333333333" lon="113.98950833333335"><ele>75.69999999999999</ele><time>2025-11-01T05:58:08Z</time></trkpt><trkpt lat="22.276513333333334" lon="113.98949166666668"><ele>76.39999999999999</ele><time>2025-11-01T05:58:19Z</time></trkpt><trkpt lat="22.27653833333333" lon="113.98949499999999"><ele>76.69999999999999</ele><time>2025-11-01T05:58:22Z</time></trkpt><trkpt lat="22.276560000000003" lon="113.98949833333333"><ele>76.8</ele><time>2025-11-01T05:58:24Z</time></trkpt><trkpt lat="22.27658166666667" lon="113.9895"><ele>76.89999999999999</ele><time>2025-11-01T05:58:27Z</time></trkpt><trkpt lat="22.27659833333333" lon="113.98951833333334"><ele>77.0</ele><time>2025-11-01T05:58:29Z</time></trkpt><trkpt lat="22.276615" lon="113.98952833333333"><ele>77.19999999999999</ele><time>2025-11-01T05:58:31Z</time></trkpt><trkpt lat="22.27663" lon="113.98954666666666"><ele>77.3</ele><time>2025-11-01T05:58:33Z</time></trkpt><trkpt lat="22.276639999999997" lon="113.98956666666666"><ele>77.69999999999999</ele><time>2025-11-01T05:58:35Z</time></trkpt><trkpt lat="22.276654999999998" lon="113.98957833333334"><ele>78.89999999999999</ele><time>2025-11-01T05:58:39Z</time></trkpt><trkpt lat="22.276666666666664" lon="113.98960000000001"><ele>79.89999999999999</ele><time>2025-11-01T05:58:42Z</time></trkpt><trkpt lat="22.276680000000002" lon="113.98961833333333"><ele>81.19999999999999</ele><time>2025-11-01T05:58:45Z</time></trkpt><trkpt lat="22.276681666666665" lon="113.98959166666667"><ele>83.1</ele><time>2025-11-01T05:59:45Z</time></trkpt><trkpt lat="22.276695000000004" lon="113.98956500000001"><ele>83.39999999999999</ele><time>2025-11-01T05:59:47Z</time></trkpt><trkpt lat="22.27671" lon="113.98955333333333"><ele>83.8</ele><time>2025-11-01T05:59:49Z</time></trkpt><trkpt lat="22.276725000000003" lon="113.98953833333334"><ele>84.0</ele><time>2025-11-01T05:59:52Z</time></trkpt><trkpt lat="22.276743333333336" lon="113.98953166666666"><ele>83.39999999999999</ele><time>2025-11-01T05:59:55Z</time></trkpt><trkpt lat="22.27676166666667" lon="113.98952833333333"><ele>83.1</ele><time>2025-11-01T05:59:58Z</time></trkpt><trkpt lat="22.276788333333336" lon="113.98952333333334"><ele>82.8</ele><time>2025-11-01T06:00:01Z</time></trkpt><trkpt lat="22.27680666666667" lon="113.98953166666666"><ele>82.39999999999999</ele><time>2025-11-01T06:00:04Z</time></trkpt><trkpt lat="22.276816666666665" lon="113.98951166666666"><ele>79.6</ele><time>2025-11-01T06:00:12Z</time></trkpt><trkpt lat="22.27682666666666" lon="113.98948999999999"><ele>78.19999999999999</ele><time>2025-11-01T06:00:16Z</time></trkpt><trkpt lat="22.276836666666668" lon="113.98947000000001"><ele>77.19999999999999</ele><time>2025-11-01T06:00:19Z</time></trkpt><trkpt lat="22.27685" lon="113.98945"><ele>76.8</ele><time>2025-11-01T06:00:22Z</time></trkpt><trkpt lat="22.276858333333333" lon="113.989425"><ele>76.3</ele><time>2025-11-01T06:00:25Z</time></trkpt><trkpt lat="22.276858333333333" lon="113.98939999999999"><ele>76.3</ele><time>2025-11-01T06:00:27Z</time></trkpt><trkpt lat="22.276863333333335" lon="113.98937666666667"><ele>76.6</ele><time>2025-11-01T06:00:30Z</time></trkpt><trkpt lat="22.276866666666667" lon="113.98934833333333"><ele>77.3</ele><time>2025-11-01T06:00:33Z</time></trkpt><trkpt lat="22.276875000000004" lon="113.98933000000001"><ele>78.1</ele><time>2025-11-01T06:00:39Z</time></trkpt><trkpt lat="22.276863333333335" lon="113.98931499999999"><ele>86.69999999999999</ele><time>2025-11-01T06:02:21Z</time></trkpt><trkpt lat="22.27688" lon="113.9893"><ele>86.19999999999999</ele><time>2025-11-01T06:02:24Z</time></trkpt><trkpt lat="22.276895" lon="113.98928333333333"><ele>85.5</ele><time>2025-11-01T06:02:27Z</time></trkpt><trkpt lat="22.276905000000003" lon="113.98926166666666"><ele>84.89999999999999</ele><time>2025-11-01T06:02:29Z</time></trkpt><trkpt lat="22.276918333333334" lon="113.989245"><ele>84.39999999999999</ele><time>2025-11-01T06:02:31Z</time></trkpt><trkpt lat="22.27694333333333" lon="113.98924166666666"><ele>83.6</ele><time>2025-11-01T06:02:34Z</time></trkpt><trkpt lat="22.276966666666667" lon="113.989245"><ele>83.5</ele><time>2025-11-01T06:02:36Z</time></trkpt><trkpt lat="22.27699" lon="113.989245"><ele>83.5</ele><time>2025-11-01T06:02:39Z</time></trkpt><trkpt lat="22.277013333333336" lon="113.98923666666666"><ele>83.1</ele><time>2025-11-01T06:02:43Z</time></trkpt><trkpt lat="22.277026666666664" lon="113.98922166666668"><ele>83.1</ele><time>2025-11-01T06:02:47Z</time></trkpt><trkpt lat="22.277028333333337" lon="113.98920000000001"><ele>83.5</ele><time>2025-11-01T06:02:49Z</time></trkpt><trkpt lat="22.277025000000002" lon="113.98917833333334"><ele>83.89999999999999</ele><time>2025-11-01T06:02:51Z</time></trkpt><trkpt lat="22.277028333333337" lon="113.98915833333334"><ele>84.19999999999999</ele><time>2025-11-01T06:02:53Z</time></trkpt><trkpt lat="22.277035" lon="113.98913833333333"><ele>84.19999999999999</ele><time>2025-11-01T06:02:56Z</time></trkpt><trkpt lat="22.27704833333333" lon="113.98912333333334"><ele>84.8</ele><time>2025-11-01T06:03:00Z</time></trkpt><trkpt lat="22.277065" lon="113.98910833333333"><ele>86.0</ele><time>2025-11-01T06:03:03Z</time></trkpt><trkpt lat="22.277068333333332" lon="113.98908000000002"><ele>87.5</ele><time>2025-11-01T06:03:06Z</time></trkpt><trkpt lat="22.277071666666664" lon="113.98906000000001"><ele>88.69999999999999</ele><time>2025-11-01T06:03:08Z</time></trkpt><trkpt lat="22.27707666666667" lon="113.98903833333334"><ele>90.0</ele><time>2025-11-01T06:03:11Z</time></trkpt><trkpt lat="22.277095" lon="113.98903833333334"><ele>90.39999999999999</ele><time>2025-11-01T06:03:16Z</time></trkpt><trkpt lat="22.277111666666663" lon="113.98905"><ele>90.69999999999999</ele><time>2025-11-01T06:03:18Z</time></trkpt><trkpt lat="22.277126666666664" lon="113.98906333333335"><ele>91.0</ele><time>2025-11-01T06:03:20Z</time></trkpt><trkpt lat="22.277148333333336" lon="113.98907166666667"><ele>91.5</ele><time>2025-11-01T06:03:22Z</time></trkpt><trkpt lat="22.277160000000002" lon="113.98909"><ele>92.0</ele><time>2025-11-01T06:03:24Z</time></trkpt><trkpt lat="22.277171666666664" lon="113.98910666666667"><ele>93.1</ele><time>2025-11-01T06:03:28Z</time></trkpt><trkpt lat="22.277185" lon="113.98912166666666"><ele>94.3</ele><time>2025-11-01T06:03:33Z</time></trkpt><trkpt lat="22.277195" lon="113.98913833333333"><ele>97.39999999999999</ele><time>2025-11-01T06:04:07Z</time></trkpt><trkpt lat="22.27719833333333" lon="113.98911666666666"><ele>97.6</ele><time>2025-11-01T06:04:10Z</time></trkpt><trkpt lat="22.2772" lon="113.98909333333334"><ele>97.89999999999999</ele><time>2025-11-01T06:04:12Z</time></trkpt><trkpt lat="22.27719666666667" lon="113.98907"><ele>98.1</ele><time>2025-11-01T06:04:14Z</time></trkpt><trkpt lat="22.277190000000004" lon="113.98904666666667"><ele>98.8</ele><time>2025-11-01T06:04:17Z</time></trkpt><trkpt lat="22.277181666666667" lon="113.98902833333335"><ele>99.6</ele><time>2025-11-01T06:04:20Z</time></trkpt><trkpt lat="22.277178333333335" lon="113.98900333333334"><ele>100.3</ele><time>2025-11-01T06:04:23Z</time></trkpt><trkpt lat="22.27718333333333" lon="113.98898166666667"><ele>100.8</ele><time>2025-11-01T06:04:25Z</time></trkpt><trkpt lat="22.277186666666662" lon="113.98896166666667"><ele>101.19999999999999</ele><time>2025-11-01T06:04:27Z</time></trkpt><trkpt lat="22.277190000000004" lon="113.98893833333335"><ele>101.89999999999999</ele><time>2025-11-01T06:04:29Z</time></trkpt><trkpt lat="22.27718333333333" lon="113.98892"><ele>102.8</ele><time>2025-11-01T06:04:31Z</time></trkpt><trkpt lat="22.277179999999998" lon="113.98889666666668"><ele>103.69999999999999</ele><time>2025-11-01T06:04:33Z</time></trkpt><trkpt lat="22.27717" lon="113.98887833333335"><ele>104.6</ele><time>2025-11-01T06:04:35Z</time></trkpt><trkpt lat="22.277158333333333" lon="113.98886333333333"><ele>105.5</ele><time>2025-11-01T06:04:37Z</time></trkpt><trkpt lat="22.27714166666666" lon="113.98884666666666"><ele>106.39999999999999</ele><time>2025-11-01T06:04:40Z</time></trkpt><trkpt lat="22.277126666666664" lon="113.98883333333333"><ele>107.1</ele><time>2025-11-01T06:04:42Z</time></trkpt><trkpt lat="22.277116666666664" lon="113.98881666666666"><ele>107.69999999999999</ele><time>2025-11-01T06:04:44Z</time></trkpt><trkpt lat="22.27711" lon="113.98879666666666"><ele>108.0</ele><time>2025-11-01T06:04:46Z</time></trkpt><trkpt lat="22.27710666666667" lon="113.98877499999999"><ele>108.0</ele><time>2025-11-01T06:04:48Z</time></trkpt><trkpt lat="22.277113333333332" lon="113.98875000000001"><ele>108.19999999999999</ele><time>2025-11-01T06:04:50Z</time></trkpt><trkpt lat="22.277133333333335" lon="113.98874499999998"><ele>108.3</ele><time>2025-11-01T06:04:53Z</time></trkpt><trkpt lat="22.277146666666667" lon="113.98876166666666"><ele>109.39999999999999</ele><time>2025-11-01T06:05:02Z</time></trkpt><trkpt lat="22.277161666666665" lon="113.98875000000001"><ele>111.5</ele><time>2025-11-01T06:06:20Z</time></trkpt><trkpt lat="22.27718333333333" lon="113.98875166666667"><ele>111.1</ele><time>2025-11-01T06:06:22Z</time></trkpt><trkpt lat="22.27721" lon="113.98874499999998"><ele>110.19999999999999</ele><time>2025-11-01T06:06:25Z</time></trkpt><trkpt lat="22.27723" lon="113.98873999999999"><ele>109.8</ele><time>2025-11-01T06:06:27Z</time></trkpt><trkpt lat="22.277253333333338" lon="113.98873166666665"><ele>109.5</ele><time>2025-11-01T06:06:30Z</time></trkpt><trkpt lat="22.277275" lon="113.98872833333334"><ele>109.6</ele><time>2025-11-01T06:06:33Z</time></trkpt><trkpt lat="22.277295000000002" lon="113.98873499999999"><ele>110.0</ele><time>2025-11-01T06:06:36Z</time></trkpt><trkpt lat="22.277314999999998" lon="113.98874499999998"><ele>110.3</ele><time>2025-11-01T06:06:38Z</time></trkpt><trkpt lat="22.277338333333333" lon="113.98875666666666"><ele>110.6</ele><time>2025-11-01T06:06:41Z</time></trkpt><trkpt lat="22.277358333333336" lon="113.98876333333334"><ele>110.89999999999999</ele><time>2025-11-01T06:06:44Z</time></trkpt><trkpt lat="22.27737833333333" lon="113.98876166666666"><ele>111.1</ele><time>2025-11-01T06:06:48Z</time></trkpt><trkpt lat="22.277375" lon="113.98878166666667"><ele>119.0</ele><time>2025-11-01T06:08:03Z</time></trkpt><trkpt lat="22.277365" lon="113.98880333333334"><ele>120.5</ele><time>2025-11-01T06:08:07Z</time></trkpt><trkpt lat="22.277384999999995" lon="113.98881333333333"><ele>121.8</ele><time>2025-11-01T06:08:09Z</time></trkpt><trkpt lat="22.277403333333336" lon="113.98881833333334"><ele>122.6</ele><time>2025-11-01T06:08:10Z</time></trkpt><trkpt lat="22.277433333333338" lon="113.98882499999999"><ele>123.5</ele><time>2025-11-01T06:08:12Z</time></trkpt><trkpt lat="22.277451666666668" lon="113.98882166666665"><ele>123.8</ele><time>2025-11-01T06:08:14Z</time></trkpt><trkpt lat="22.27746666666667" lon="113.98880833333332"><ele>123.5</ele><time>2025-11-01T06:08:16Z</time></trkpt><trkpt lat="22.277473333333333" lon="113.98878333333332"><ele>119.89999999999999</ele><time>2025-11-01T06:08:24Z</time></trkpt><trkpt lat="22.277489999999997" lon="113.98877499999999"><ele>118.6</ele><time>2025-11-01T06:08:27Z</time></trkpt><trkpt lat="22.277506666666667" lon="113.98878333333332"><ele>117.69999999999999</ele><time>2025-11-01T06:08:29Z</time></trkpt><trkpt lat="22.27752666666667" lon="113.98880166666667"><ele>117.3</ele><time>2025-11-01T06:08:32Z</time></trkpt><trkpt lat="22.27754" lon="113.98882"><ele>117.1</ele><time>2025-11-01T06:08:34Z</time></trkpt><trkpt lat="22.277561666666664" lon="113.98883166666668"><ele>117.69999999999999</ele><time>2025-11-01T06:08:36Z</time></trkpt><trkpt lat="22.277579999999997" lon="113.98883166666668"><ele>118.0</ele><time>2025-11-01T06:08:38Z</time></trkpt><trkpt lat="22.277591666666662" lon="113.98884666666666"><ele>118.39999999999999</ele><time>2025-11-01T06:08:40Z</time></trkpt><trkpt lat="22.277605" lon="113.98886499999999"><ele>119.3</ele><time>2025-11-01T06:08:44Z</time></trkpt><trkpt lat="22.277621666666665" lon="113.98887666666666"><ele>120.1</ele><time>2025-11-01T06:08:47Z</time></trkpt><trkpt lat="22.277641666666668" lon="113.98888833333334"><ele>120.69999999999999</ele><time>2025-11-01T06:08:51Z</time></trkpt><trkpt lat="22.27766166666667" lon="113.98890000000002"><ele>121.3</ele><time>2025-11-01T06:08:53Z</time></trkpt><trkpt lat="22.27768" lon="113.98891"><ele>121.6</ele><time>2025-11-01T06:08:56Z</time></trkpt><trkpt lat="22.277698333333333" lon="113.98891"><ele>122.0</ele><time>2025-11-01T06:08:59Z</time></trkpt><trkpt lat="22.277716666666667" lon="113.98891333333334"><ele>122.69999999999999</ele><time>2025-11-01T06:09:02Z</time></trkpt><trkpt lat="22.277731666666668" lon="113.98893000000001"><ele>123.19999999999999</ele><time>2025-11-01T06:09:04Z</time></trkpt><trkpt lat="22.277738333333332" lon="113.98895166666668"><ele>123.6</ele><time>2025-11-01T06:09:06Z</time></trkpt><trkpt lat="22.277744999999996" lon="113.98897000000001"><ele>124.3</ele><time>2025-11-01T06:09:08Z</time></trkpt><trkpt lat="22.277761666666667" lon="113.98898166666667"><ele>125.39999999999999</ele><time>2025-11-01T06:09:13Z</time></trkpt><trkpt lat="22.277778333333337" lon="113.98897166666666"><ele>125.5</ele><time>2025-11-01T06:09:21Z</time></trkpt><trkpt lat="22.277795" lon="113.98895833333333"><ele>126.0</ele><time>2025-11-01T06:09:26Z</time></trkpt><trkpt lat="22.277804999999997" lon="113.98894"><ele>126.29999999999998</ele><time>2025-11-01T06:09:28Z</time></trkpt><trkpt lat="22.277823333333338" lon="113.98892499999998"><ele>127.0</ele><time>2025-11-01T06:09:32Z</time></trkpt><trkpt lat="22.277836666666666" lon="113.98890666666667"><ele>127.9</ele><time>2025-11-01T06:09:36Z</time></trkpt><trkpt lat="22.277848333333335" lon="113.98889166666667"><ele>128.7</ele><time>2025-11-01T06:09:39Z</time></trkpt><trkpt lat="22.27786833333333" lon="113.98887500000001"><ele>130.29999999999998</ele><time>2025-11-01T06:09:44Z</time></trkpt><trkpt lat="22.27787" lon="113.988855"><ele>131.5</ele><time>2025-11-01T06:09:47Z</time></trkpt><trkpt lat="22.277873333333332" lon="113.98882666666665"><ele>133.29999999999998</ele><time>2025-11-01T06:09:51Z</time></trkpt><trkpt lat="22.277875" lon="113.9888"><ele>134.1</ele><time>2025-11-01T06:09:53Z</time></trkpt><trkpt lat="22.277881666666666" lon="113.98878166666667"><ele>134.79999999999998</ele><time>2025-11-01T06:09:55Z</time></trkpt><trkpt lat="22.277885" lon="113.98876166666666"><ele>135.4</ele><time>2025-11-01T06:09:57Z</time></trkpt><trkpt lat="22.27788666666667" lon="113.98873999999999"><ele>136.29999999999998</ele><time>2025-11-01T06:09:59Z</time></trkpt><trkpt lat="22.27788666666667" lon="113.98872000000001"><ele>137.0</ele><time>2025-11-01T06:10:01Z</time></trkpt><trkpt lat="22.277876666666664" lon="113.98870166666666"><ele>138.9</ele><time>2025-11-01T06:10:08Z</time></trkpt><trkpt lat="22.277879999999996" lon="113.98867999999999"><ele>139.7</ele><time>2025-11-01T06:10:11Z</time></trkpt><trkpt lat="22.277890000000003" lon="113.98866000000001"><ele>140.29999999999998</ele><time>2025-11-01T06:10:13Z</time></trkpt><trkpt lat="22.27791333333333" lon="113.98865833333333"><ele>141.6</ele><time>2025-11-01T06:10:16Z</time></trkpt><trkpt lat="22.27793" lon="113.98867833333334"><ele>142.29999999999998</ele><time>2025-11-01T06:10:18Z</time></trkpt><trkpt lat="22.27793166666667" lon="113.98870000000001"><ele>143.5</ele><time>2025-11-01T06:10:22Z</time></trkpt><trkpt lat="22.277915" lon="113.98869166666667"><ele>144.29999999999998</ele><time>2025-11-01T06:10:25Z</time></trkpt><trkpt lat="22.277891666666665" lon="113.98868833333333"><ele>146.6</ele><time>2025-11-01T06:10:33Z</time></trkpt><trkpt lat="22.277873333333332" lon="113.98868499999999"><ele>147.0</ele><time>2025-11-01T06:10:36Z</time></trkpt><trkpt lat="22.277861666666663" lon="113.98866166666667"><ele>147.1</ele><time>2025-11-01T06:10:39Z</time></trkpt><trkpt lat="22.277849999999997" lon="113.98863833333334"><ele>147.1</ele><time>2025-11-01T06:10:41Z</time></trkpt><trkpt lat="22.27783833333334" lon="113.988615"><ele>146.79999999999998</ele><time>2025-11-01T06:10:43Z</time></trkpt><trkpt lat="22.277825" lon="113.98859833333333"><ele>146.29999999999998</ele><time>2025-11-01T06:10:45Z</time></trkpt><trkpt lat="22.277825" lon="113.98857833333335"><ele>145.0</ele><time>2025-11-01T06:10:48Z</time></trkpt><trkpt lat="22.277836666666666" lon="113.9886"><ele>145.1</ele><time>2025-11-01T06:10:51Z</time></trkpt><trkpt lat="22.277851666666667" lon="113.98862"><ele>145.4</ele><time>2025-11-01T06:10:52Z</time></trkpt><trkpt lat="22.27786833333333" lon="113.98863833333334"><ele>146.0</ele><time>2025-11-01T06:10:53Z</time></trkpt><trkpt lat="22.277883333333328" lon="113.98865333333333"><ele>146.6</ele><time>2025-11-01T06:10:54Z</time></trkpt><trkpt lat="22.27787" lon="113.98863833333334"><ele>147.2</ele><time>2025-11-01T06:10:55Z</time></trkpt><trkpt lat="22.277853333333336" lon="113.98862333333334"><ele>147.1</ele><time>2025-11-01T06:10:56Z</time></trkpt><trkpt lat="22.277834999999996" lon="113.98860333333332"><ele>146.6</ele><time>2025-11-01T06:10:58Z</time></trkpt><trkpt lat="22.277849999999997" lon="113.98858999999999"><ele>143.4</ele><time>2025-11-01T06:11:10Z</time></trkpt><trkpt lat="22.277851666666667" lon="113.988615"><ele>141.29999999999998</ele><time>2025-11-01T06:11:18Z</time></trkpt><trkpt lat="22.277855" lon="113.988635"><ele>142.79999999999998</ele><time>2025-11-01T06:11:25Z</time></trkpt><trkpt lat="22.277863333333336" lon="113.98865666666667"><ele>143.29999999999998</ele><time>2025-11-01T06:11:30Z</time></trkpt><trkpt lat="22.277866666666668" lon="113.98867833333334"><ele>143.4</ele><time>2025-11-01T06:11:34Z</time></trkpt><trkpt lat="22.277873333333332" lon="113.98870000000001"><ele>143.1</ele><time>2025-11-01T06:11:36Z</time></trkpt><trkpt lat="22.277878333333334" lon="113.98872166666666"><ele>142.6</ele><time>2025-11-01T06:11:39Z</time></trkpt><trkpt lat="22.277891666666665" lon="113.98873833333333"><ele>142.1</ele><time>2025-11-01T06:11:42Z</time></trkpt><trkpt lat="22.27791" lon="113.98874166666668"><ele>141.2</ele><time>2025-11-01T06:11:45Z</time></trkpt><trkpt lat="22.27793166666667" lon="113.98874333333333"><ele>141.1</ele><time>2025-11-01T06:11:47Z</time></trkpt><trkpt lat="22.27794833333333" lon="113.98875166666667"><ele>140.5</ele><time>2025-11-01T06:11:49Z</time></trkpt><trkpt lat="22.277971666666666" lon="113.98875500000001"><ele>139.6</ele><time>2025-11-01T06:11:51Z</time></trkpt><trkpt lat="22.277984999999997" lon="113.98876833333334"><ele>139.2</ele><time>2025-11-01T06:11:53Z</time></trkpt><trkpt lat="22.27800333333333" lon="113.98877833333333"><ele>138.79999999999998</ele><time>2025-11-01T06:11:56Z</time></trkpt><trkpt lat="22.278026666666666" lon="113.98877166666668"><ele>138.1</ele><time>2025-11-01T06:11:59Z</time></trkpt><trkpt lat="22.27804666666667" lon="113.988765"><ele>137.7</ele><time>2025-11-01T06:12:01Z</time></trkpt><trkpt lat="22.278071666666666" lon="113.98875333333332"><ele>137.5</ele><time>2025-11-01T06:12:04Z</time></trkpt><trkpt lat="22.278100000000002" lon="113.98873999999999"><ele>137.2</ele><time>2025-11-01T06:12:07Z</time></trkpt><trkpt lat="22.278119999999998" lon="113.98873"><ele>137.4</ele><time>2025-11-01T06:12:09Z</time></trkpt><trkpt lat="22.27814" lon="113.98872666666666"><ele>137.6</ele><time>2025-11-01T06:12:11Z</time></trkpt><trkpt lat="22.278158333333334" lon="113.98872166666666"><ele>137.6</ele><time>2025-11-01T06:12:14Z</time></trkpt><trkpt lat="22.27817333333333" lon="113.98870833333334"><ele>137.79999999999998</ele><time>2025-11-01T06:12:16Z</time></trkpt><trkpt lat="22.278196666666666" lon="113.98869666666666"><ele>138.0</ele><time>2025-11-01T06:12:18Z</time></trkpt><trkpt lat="22.278223333333337" lon="113.98867999999999"><ele>138.6</ele><time>2025-11-01T06:12:20Z</time></trkpt><trkpt lat="22.278241666666666" lon="113.98865499999998"><ele>138.79999999999998</ele><time>2025-11-01T06:12:22Z</time></trkpt><trkpt lat="22.278256666666667" lon="113.98863833333334"><ele>139.4</ele><time>2025-11-01T06:12:25Z</time></trkpt><trkpt lat="22.27827" lon="113.98861666666666"><ele>139.9</ele><time>2025-11-01T06:12:27Z</time></trkpt><trkpt lat="22.278280000000002" lon="113.9886"><ele>140.5</ele><time>2025-11-01T06:12:29Z</time></trkpt><trkpt lat="22.278301666666668" lon="113.98858999999999"><ele>141.29999999999998</ele><time>2025-11-01T06:12:33Z</time></trkpt><trkpt lat="22.27832166666667" lon="113.98857166666667"><ele>142.0</ele><time>2025-11-01T06:12:36Z</time></trkpt><trkpt lat="22.27833333333333" lon="113.98855333333334"><ele>142.29999999999998</ele><time>2025-11-01T06:12:39Z</time></trkpt><trkpt lat="22.278343333333336" lon="113.98853666666668"><ele>142.4</ele><time>2025-11-01T06:12:41Z</time></trkpt><trkpt lat="22.278358333333337" lon="113.98852000000001"><ele>142.6</ele><time>2025-11-01T06:12:43Z</time></trkpt><trkpt lat="22.278385000000004" lon="113.98850499999999"><ele>142.9</ele><time>2025-11-01T06:12:46Z</time></trkpt><trkpt lat="22.278401666666664" lon="113.988495"><ele>143.2</ele><time>2025-11-01T06:12:48Z</time></trkpt><trkpt lat="22.27842333333333" lon="113.98848833333335"><ele>143.5</ele><time>2025-11-01T06:12:50Z</time></trkpt><trkpt lat="22.278441666666662" lon="113.98848666666666"><ele>143.7</ele><time>2025-11-01T06:12:52Z</time></trkpt><trkpt lat="22.278461666666665" lon="113.98848166666667"><ele>144.0</ele><time>2025-11-01T06:12:54Z</time></trkpt><trkpt lat="22.278488333333332" lon="113.98847833333333"><ele>143.7</ele><time>2025-11-01T06:12:57Z</time></trkpt><trkpt lat="22.278509999999997" lon="113.98847666666667"><ele>143.7</ele><time>2025-11-01T06:12:59Z</time></trkpt><trkpt lat="22.278526666666668" lon="113.98846333333334"><ele>143.6</ele><time>2025-11-01T06:13:01Z</time></trkpt><trkpt lat="22.27854333333333" lon="113.98845166666666"><ele>143.4</ele><time>2025-11-01T06:13:03Z</time></trkpt><trkpt lat="22.278568333333336" lon="113.98844"><ele>143.1</ele><time>2025-11-01T06:13:05Z</time></trkpt><trkpt lat="22.278598333333335" lon="113.98843166666666"><ele>142.9</ele><time>2025-11-01T06:13:07Z</time></trkpt><trkpt lat="22.27862" lon="113.98843000000001"><ele>142.6</ele><time>2025-11-01T06:13:09Z</time></trkpt><trkpt lat="22.278640000000003" lon="113.988425"><ele>142.2</ele><time>2025-11-01T06:13:11Z</time></trkpt><trkpt lat="22.278666666666663" lon="113.98842166666667"><ele>141.7</ele><time>2025-11-01T06:13:13Z</time></trkpt><trkpt lat="22.278688333333335" lon="113.98841666666667"><ele>141.4</ele><time>2025-11-01T06:13:15Z</time></trkpt><trkpt lat="22.27871" lon="113.98842"><ele>141.0</ele><time>2025-11-01T06:13:17Z</time></trkpt><trkpt lat="22.278730000000003" lon="113.98841666666667"><ele>140.6</ele><time>2025-11-01T06:13:19Z</time></trkpt><trkpt lat="22.27875333333333" lon="113.98842833333335"><ele>140.4</ele><time>2025-11-01T06:13:21Z</time></trkpt><trkpt lat="22.278775000000003" lon="113.98843333333335"><ele>140.79999999999998</ele><time>2025-11-01T06:13:23Z</time></trkpt><trkpt lat="22.278795" lon="113.988435"><ele>141.79999999999998</ele><time>2025-11-01T06:13:25Z</time></trkpt><trkpt lat="22.278813333333332" lon="113.98843833333333"><ele>142.4</ele><time>2025-11-01T06:13:27Z</time></trkpt><trkpt lat="22.278831666666665" lon="113.98843000000001"><ele>142.9</ele><time>2025-11-01T06:13:29Z</time></trkpt><trkpt lat="22.278853333333338" lon="113.98843000000001"><ele>143.79999999999998</ele><time>2025-11-01T06:13:31Z</time></trkpt><trkpt lat="22.278875000000003" lon="113.98842166666667"><ele>145.0</ele><time>2025-11-01T06:13:33Z</time></trkpt><trkpt lat="22.2789" lon="113.98841333333333"><ele>146.1</ele><time>2025-11-01T06:13:35Z</time></trkpt><trkpt lat="22.278916666666667" lon="113.98839833333335"><ele>147.1</ele><time>2025-11-01T06:13:37Z</time></trkpt><trkpt lat="22.27893166666667" lon="113.98837499999999"><ele>147.79999999999998</ele><time>2025-11-01T06:13:39Z</time></trkpt><trkpt lat="22.278948333333332" lon="113.98835666666668"><ele>148.1</ele><time>2025-11-01T06:13:41Z</time></trkpt><trkpt lat="22.278969999999997" lon="113.98833666666665"><ele>148.4</ele><time>2025-11-01T06:13:43Z</time></trkpt><trkpt lat="22.27899166666667" lon="113.988335"><ele>148.9</ele><time>2025-11-01T06:13:46Z</time></trkpt><trkpt lat="22.279010000000003" lon="113.98833"><ele>149.2</ele><time>2025-11-01T06:13:48Z</time></trkpt><trkpt lat="22.279031666666665" lon="113.98831999999999"><ele>149.79999999999998</ele><time>2025-11-01T06:13:50Z</time></trkpt><trkpt lat="22.27905333333333" lon="113.98831"><ele>150.1</ele><time>2025-11-01T06:13:52Z</time></trkpt><trkpt lat="22.279074999999995" lon="113.98830500000001"><ele>150.6</ele><time>2025-11-01T06:13:54Z</time></trkpt><trkpt lat="22.279096666666668" lon="113.98829499999998"><ele>151.1</ele><time>2025-11-01T06:13:57Z</time></trkpt><trkpt lat="22.27911333333333" lon="113.98827833333334"><ele>151.4</ele><time>2025-11-01T06:14:00Z</time></trkpt><trkpt lat="22.279128333333333" lon="113.98825833333333"><ele>151.79999999999998</ele><time>2025-11-01T06:14:04Z</time></trkpt><trkpt lat="22.279151666666667" lon="113.98824333333332"><ele>152.2</ele><time>2025-11-01T06:14:07Z</time></trkpt><trkpt lat="22.279179999999997" lon="113.98824666666665"><ele>152.1</ele><time>2025-11-01T06:14:09Z</time></trkpt><trkpt lat="22.279211666666665" lon="113.98824833333335"><ele>152.0</ele><time>2025-11-01T06:14:11Z</time></trkpt><trkpt lat="22.279236666666666" lon="113.98825833333333"><ele>152.1</ele><time>2025-11-01T06:14:13Z</time></trkpt><trkpt lat="22.27926" lon="113.98826499999998"><ele>151.6</ele><time>2025-11-01T06:14:16Z</time></trkpt><trkpt lat="22.279281666666666" lon="113.98827000000001"><ele>150.9</ele><time>2025-11-01T06:14:19Z</time></trkpt><trkpt lat="22.279308333333333" lon="113.98827666666666"><ele>149.79999999999998</ele><time>2025-11-01T06:14:22Z</time></trkpt><trkpt lat="22.279331666666668" lon="113.98828833333333"><ele>149.0</ele><time>2025-11-01T06:14:24Z</time></trkpt><trkpt lat="22.27935" lon="113.98829666666667"><ele>148.5</ele><time>2025-11-01T06:14:26Z</time></trkpt><trkpt lat="22.279373333333336" lon="113.98830500000001"><ele>147.79999999999998</ele><time>2025-11-01T06:14:29Z</time></trkpt><trkpt lat="22.27939666666667" lon="113.98830833333335"><ele>147.2</ele><time>2025-11-01T06:14:32Z</time></trkpt><trkpt lat="22.279418333333336" lon="113.988315"><ele>146.29999999999998</ele><time>2025-11-01T06:14:34Z</time></trkpt><trkpt lat="22.279434999999996" lon="113.98832833333333"><ele>145.5</ele><time>2025-11-01T06:14:36Z</time></trkpt><trkpt lat="22.279449999999997" lon="113.98835"><ele>145.1</ele><time>2025-11-01T06:14:38Z</time></trkpt><trkpt lat="22.27946833333333" lon="113.98836666666666"><ele>144.7</ele><time>2025-11-01T06:14:40Z</time></trkpt><trkpt lat="22.27948666666667" lon="113.98836666666666"><ele>144.7</ele><time>2025-11-01T06:14:42Z</time></trkpt><trkpt lat="22.279493333333335" lon="113.988345"><ele>144.79999999999998</ele><time>2025-11-01T06:14:45Z</time></trkpt><trkpt lat="22.279496666666667" lon="113.98832499999999"><ele>144.9</ele><time>2025-11-01T06:14:47Z</time></trkpt><trkpt lat="22.279490000000003" lon="113.98830333333332"><ele>145.2</ele><time>2025-11-01T06:14:50Z</time></trkpt><trkpt lat="22.27948666666667" lon="113.98828333333334"><ele>145.6</ele><time>2025-11-01T06:14:52Z</time></trkpt><trkpt lat="22.27948666666667" lon="113.98825833333333"><ele>145.79999999999998</ele><time>2025-11-01T06:14:54Z</time></trkpt><trkpt lat="22.279494999999997" lon="113.98822833333334"><ele>146.0</ele><time>2025-11-01T06:14:56Z</time></trkpt><trkpt lat="22.27949833333333" lon="113.98820833333333"><ele>146.5</ele><time>2025-11-01T06:14:58Z</time></trkpt><trkpt lat="22.279508333333336" lon="113.98818333333332"><ele>147.1</ele><time>2025-11-01T06:15:00Z</time></trkpt><trkpt lat="22.27951333333333" lon="113.98816166666666"><ele>148.0</ele><time>2025-11-01T06:15:02Z</time></trkpt><trkpt lat="22.27951333333333" lon="113.98813666666668"><ele>148.79999999999998</ele><time>2025-11-01T06:15:05Z</time></trkpt><trkpt lat="22.27950166666667" lon="113.98812000000001"><ele>149.4</ele><time>2025-11-01T06:15:07Z</time></trkpt><trkpt lat="22.27950333333333" lon="113.98809333333332"><ele>149.7</ele><time>2025-11-01T06:15:10Z</time></trkpt><trkpt lat="22.279505000000004" lon="113.98807333333335"><ele>149.9</ele><time>2025-11-01T06:15:12Z</time></trkpt><trkpt lat="22.279505000000004" lon="113.98804333333334"><ele>150.1</ele><time>2025-11-01T06:15:14Z</time></trkpt><trkpt lat="22.27949833333333" lon="113.98802166666668"><ele>150.2</ele><time>2025-11-01T06:15:16Z</time></trkpt><trkpt lat="22.279483333333328" lon="113.98800666666666"><ele>150.4</ele><time>2025-11-01T06:15:19Z</time></trkpt><trkpt lat="22.27946833333333" lon="113.98799499999998"><ele>150.1</ele><time>2025-11-01T06:15:21Z</time></trkpt><trkpt lat="22.279448333333335" lon="113.98798166666666"><ele>150.1</ele><time>2025-11-01T06:15:23Z</time></trkpt><trkpt lat="22.27943" lon="113.98796833333333"><ele>149.6</ele><time>2025-11-01T06:15:25Z</time></trkpt><trkpt lat="22.279415000000004" lon="113.98794666666666"><ele>148.9</ele><time>2025-11-01T06:15:28Z</time></trkpt><trkpt lat="22.279400000000003" lon="113.98793333333333"><ele>148.29999999999998</ele><time>2025-11-01T06:15:30Z</time></trkpt><trkpt lat="22.279378333333337" lon="113.98792499999999"><ele>147.5</ele><time>2025-11-01T06:15:33Z</time></trkpt><trkpt lat="22.279365" lon="113.98791166666666"><ele>147.1</ele><time>2025-11-01T06:15:35Z</time></trkpt><trkpt lat="22.27934833333334" lon="113.987895"><ele>146.4</ele><time>2025-11-01T06:15:38Z</time></trkpt><trkpt lat="22.279331666666668" lon="113.98787166666668"><ele>145.5</ele><time>2025-11-01T06:15:41Z</time></trkpt><trkpt lat="22.27932333333333" lon="113.98785000000001"><ele>144.9</ele><time>2025-11-01T06:15:43Z</time></trkpt><trkpt lat="22.27932" lon="113.98782333333332"><ele>144.29999999999998</ele><time>2025-11-01T06:15:45Z</time></trkpt><trkpt lat="22.279314999999997" lon="113.98779833333334"><ele>144.2</ele><time>2025-11-01T06:15:47Z</time></trkpt><trkpt lat="22.279314999999997" lon="113.98777166666666"><ele>143.7</ele><time>2025-11-01T06:15:49Z</time></trkpt><trkpt lat="22.279326666666666" lon="113.98775333333333"><ele>143.1</ele><time>2025-11-01T06:15:51Z</time></trkpt><trkpt lat="22.279331666666668" lon="113.98772833333332"><ele>142.1</ele><time>2025-11-01T06:15:54Z</time></trkpt><trkpt lat="22.279333333333337" lon="113.9877"><ele>141.29999999999998</ele><time>2025-11-01T06:15:56Z</time></trkpt><trkpt lat="22.27934" lon="113.98767833333335"><ele>141.0</ele><time>2025-11-01T06:15:58Z</time></trkpt><trkpt lat="22.27935166666667" lon="113.98765166666665"><ele>140.4</ele><time>2025-11-01T06:16:01Z</time></trkpt><trkpt lat="22.279365" lon="113.98763499999998"><ele>140.1</ele><time>2025-11-01T06:16:03Z</time></trkpt><trkpt lat="22.279385" lon="113.98762333333335"><ele>139.5</ele><time>2025-11-01T06:16:05Z</time></trkpt><trkpt lat="22.279403333333335" lon="113.98760499999999"><ele>138.79999999999998</ele><time>2025-11-01T06:16:07Z</time></trkpt><trkpt lat="22.279415000000004" lon="113.98758666666666"><ele>138.0</ele><time>2025-11-01T06:16:09Z</time></trkpt><trkpt lat="22.279425" lon="113.98756166666665"><ele>137.29999999999998</ele><time>2025-11-01T06:16:12Z</time></trkpt><trkpt lat="22.279433333333333" lon="113.98754"><ele>136.5</ele><time>2025-11-01T06:16:15Z</time></trkpt><trkpt lat="22.279425" lon="113.98751333333333"><ele>135.6</ele><time>2025-11-01T06:16:19Z</time></trkpt><trkpt lat="22.279411666666668" lon="113.98749166666667"><ele>135.2</ele><time>2025-11-01T06:16:21Z</time></trkpt><trkpt lat="22.279404999999997" lon="113.98746666666666"><ele>134.9</ele><time>2025-11-01T06:16:23Z</time></trkpt><trkpt lat="22.279406666666667" lon="113.98744"><ele>134.2</ele><time>2025-11-01T06:16:26Z</time></trkpt><trkpt lat="22.27941" lon="113.98741999999999"><ele>133.9</ele><time>2025-11-01T06:16:28Z</time></trkpt><trkpt lat="22.279418333333336" lon="113.98740166666667"><ele>133.7</ele><time>2025-11-01T06:16:30Z</time></trkpt><trkpt lat="22.279425" lon="113.98737666666666"><ele>133.4</ele><time>2025-11-01T06:16:32Z</time></trkpt><trkpt lat="22.279438333333328" lon="113.987355"><ele>132.7</ele><time>2025-11-01T06:16:35Z</time></trkpt><trkpt lat="22.279451666666667" lon="113.98733166666668"><ele>131.79999999999998</ele><time>2025-11-01T06:16:38Z</time></trkpt><trkpt lat="22.27945666666667" lon="113.98730666666667"><ele>131.5</ele><time>2025-11-01T06:16:40Z</time></trkpt><trkpt lat="22.279461666666666" lon="113.98728000000001"><ele>131.29999999999998</ele><time>2025-11-01T06:16:42Z</time></trkpt><trkpt lat="22.27946833333333" lon="113.98726166666665"><ele>131.2</ele><time>2025-11-01T06:16:44Z</time></trkpt><trkpt lat="22.279478333333333" lon="113.98724333333332"><ele>131.4</ele><time>2025-11-01T06:16:46Z</time></trkpt><trkpt lat="22.279488333333333" lon="113.98722500000001"><ele>131.6</ele><time>2025-11-01T06:16:48Z</time></trkpt><trkpt lat="22.27950333333333" lon="113.98720499999999"><ele>131.79999999999998</ele><time>2025-11-01T06:16:50Z</time></trkpt><trkpt lat="22.27952" lon="113.98719000000001"><ele>132.1</ele><time>2025-11-01T06:16:52Z</time></trkpt><trkpt lat="22.279536666666665" lon="113.98717666666668"><ele>132.29999999999998</ele><time>2025-11-01T06:16:54Z</time></trkpt><trkpt lat="22.27956" lon="113.98716833333334"><ele>132.4</ele><time>2025-11-01T06:16:56Z</time></trkpt><trkpt lat="22.27957666666667" lon="113.98715500000002"><ele>132.79999999999998</ele><time>2025-11-01T06:16:58Z</time></trkpt><trkpt lat="22.27959333333333" lon="113.98714333333334"><ele>133.1</ele><time>2025-11-01T06:17:00Z</time></trkpt><trkpt lat="22.279616666666666" lon="113.98713500000001"><ele>133.4</ele><time>2025-11-01T06:17:03Z</time></trkpt><trkpt lat="22.279640000000004" lon="113.98713833333335"><ele>133.9</ele><time>2025-11-01T06:17:06Z</time></trkpt><trkpt lat="22.279659999999996" lon="113.98713500000001"><ele>135.6</ele><time>2025-11-01T06:17:09Z</time></trkpt><trkpt lat="22.27968333333333" lon="113.98711999999999"><ele>136.7</ele><time>2025-11-01T06:17:12Z</time></trkpt><trkpt lat="22.279703333333334" lon="113.98711"><ele>137.1</ele><time>2025-11-01T06:17:14Z</time></trkpt><trkpt lat="22.279719999999998" lon="113.98709666666667"><ele>137.6</ele><time>2025-11-01T06:17:16Z</time></trkpt><trkpt lat="22.27973666666667" lon="113.987085"><ele>138.29999999999998</ele><time>2025-11-01T06:17:18Z</time></trkpt><trkpt lat="22.279755" lon="113.987075"><ele>138.79999999999998</ele><time>2025-11-01T06:17:20Z</time></trkpt><trkpt lat="22.279778333333336" lon="113.98707"><ele>139.9</ele><time>2025-11-01T06:17:23Z</time></trkpt><trkpt lat="22.279788333333332" lon="113.98705166666666"><ele>141.7</ele><time>2025-11-01T06:17:27Z</time></trkpt><trkpt lat="22.279793333333334" lon="113.98702999999999"><ele>142.4</ele><time>2025-11-01T06:17:30Z</time></trkpt><trkpt lat="22.279791666666664" lon="113.98700333333333"><ele>142.9</ele><time>2025-11-01T06:17:33Z</time></trkpt><trkpt lat="22.2798" lon="113.98698333333331"><ele>143.2</ele><time>2025-11-01T06:17:35Z</time></trkpt><trkpt lat="22.279793333333334" lon="113.98695500000001"><ele>143.5</ele><time>2025-11-01T06:17:38Z</time></trkpt><trkpt lat="22.279790000000002" lon="113.98693333333334"><ele>143.9</ele><time>2025-11-01T06:17:40Z</time></trkpt><trkpt lat="22.279788333333332" lon="113.98691333333333"><ele>143.7</ele><time>2025-11-01T06:17:42Z</time></trkpt><trkpt lat="22.279791666666664" lon="113.98689"><ele>143.29999999999998</ele><time>2025-11-01T06:17:44Z</time></trkpt><trkpt lat="22.27979833333333" lon="113.98686833333335"><ele>142.6</ele><time>2025-11-01T06:17:46Z</time></trkpt><trkpt lat="22.279809999999998" lon="113.98684833333333"><ele>142.0</ele><time>2025-11-01T06:17:48Z</time></trkpt><trkpt lat="22.27983" lon="113.98684166666665"><ele>141.7</ele><time>2025-11-01T06:17:50Z</time></trkpt><trkpt lat="22.279851666666666" lon="113.98683666666666"><ele>141.29999999999998</ele><time>2025-11-01T06:17:52Z</time></trkpt><trkpt lat="22.279875" lon="113.98682666666667"><ele>141.2</ele><time>2025-11-01T06:17:54Z</time></trkpt><trkpt lat="22.27989" lon="113.98681499999999"><ele>140.6</ele><time>2025-11-01T06:17:57Z</time></trkpt><trkpt lat="22.279913333333337" lon="113.98681"><ele>140.4</ele><time>2025-11-01T06:17:59Z</time></trkpt><trkpt lat="22.27993666666667" lon="113.986805"><ele>140.2</ele><time>2025-11-01T06:18:01Z</time></trkpt><trkpt lat="22.27996166666667" lon="113.986805"><ele>139.9</ele><time>2025-11-01T06:18:03Z</time></trkpt><trkpt lat="22.279985000000003" lon="113.98679833333333"><ele>139.4</ele><time>2025-11-01T06:18:05Z</time></trkpt><trkpt lat="22.280001666666667" lon="113.98678833333334"><ele>138.7</ele><time>2025-11-01T06:18:07Z</time></trkpt><trkpt lat="22.280015000000002" lon="113.98676833333333"><ele>137.6</ele><time>2025-11-01T06:18:09Z</time></trkpt><trkpt lat="22.280015000000002" lon="113.98674333333332"><ele>137.1</ele><time>2025-11-01T06:18:12Z</time></trkpt><trkpt lat="22.280013333333333" lon="113.98671833333334"><ele>136.7</ele><time>2025-11-01T06:18:15Z</time></trkpt><trkpt lat="22.280013333333333" lon="113.98669833333334"><ele>136.5</ele><time>2025-11-01T06:18:17Z</time></trkpt><trkpt lat="22.280011666666663" lon="113.98667333333333"><ele>137.29999999999998</ele><time>2025-11-01T06:18:20Z</time></trkpt><trkpt lat="22.280011666666663" lon="113.98664666666667"><ele>138.0</ele><time>2025-11-01T06:18:23Z</time></trkpt><trkpt lat="22.280015000000002" lon="113.98662333333331"><ele>138.0</ele><time>2025-11-01T06:18:26Z</time></trkpt><trkpt lat="22.280018333333334" lon="113.98659666666666"><ele>138.5</ele><time>2025-11-01T06:18:29Z</time></trkpt><trkpt lat="22.280013333333333" lon="113.98657333333334"><ele>139.29999999999998</ele><time>2025-11-01T06:18:32Z</time></trkpt><trkpt lat="22.280005" lon="113.98654666666668"><ele>140.2</ele><time>2025-11-01T06:18:35Z</time></trkpt><trkpt lat="22.280003333333337" lon="113.98651999999998"><ele>141.0</ele><time>2025-11-01T06:18:38Z</time></trkpt><trkpt lat="22.279995" lon="113.98650166666667"><ele>141.5</ele><time>2025-11-01T06:18:40Z</time></trkpt><trkpt lat="22.279980000000002" lon="113.98648166666665"><ele>142.4</ele><time>2025-11-01T06:18:43Z</time></trkpt><trkpt lat="22.279966666666663" lon="113.98645666666668"><ele>143.29999999999998</ele><time>2025-11-01T06:18:46Z</time></trkpt><trkpt lat="22.279955000000005" lon="113.98643833333333"><ele>144.0</ele><time>2025-11-01T06:18:49Z</time></trkpt><trkpt lat="22.27993666666667" lon="113.98642"><ele>144.79999999999998</ele><time>2025-11-01T06:18:52Z</time></trkpt><trkpt lat="22.27991833333333" lon="113.98640666666667"><ele>145.29999999999998</ele><time>2025-11-01T06:18:54Z</time></trkpt><trkpt lat="22.27990333333333" lon="113.98638666666666"><ele>145.79999999999998</ele><time>2025-11-01T06:18:56Z</time></trkpt><trkpt lat="22.279896666666666" lon="113.98636499999999"><ele>146.29999999999998</ele><time>2025-11-01T06:18:58Z</time></trkpt><trkpt lat="22.279893333333334" lon="113.98634166666668"><ele>146.79999999999998</ele><time>2025-11-01T06:19:00Z</time></trkpt><trkpt lat="22.279895000000003" lon="113.98631333333333"><ele>147.0</ele><time>2025-11-01T06:19:03Z</time></trkpt><trkpt lat="22.279899999999998" lon="113.98629333333335"><ele>147.2</ele><time>2025-11-01T06:19:05Z</time></trkpt><trkpt lat="22.27989166666667" lon="113.98627499999999"><ele>147.7</ele><time>2025-11-01T06:19:09Z</time></trkpt><trkpt lat="22.279896666666666" lon="113.98625166666667"><ele>148.7</ele><time>2025-11-01T06:19:23Z</time></trkpt><trkpt lat="22.279881666666665" lon="113.98623166666667"><ele>147.5</ele><time>2025-11-01T06:19:28Z</time></trkpt><trkpt lat="22.279915" lon="113.986265"><ele>153.9</ele><time>2025-11-01T06:20:47Z</time></trkpt><trkpt lat="22.279896666666666" lon="113.986265"><ele>153.2</ele><time>2025-11-01T06:22:27Z</time></trkpt><trkpt lat="22.279901666666667" lon="113.98623833333335"><ele>153.1</ele><time>2025-11-01T06:22:30Z</time></trkpt><trkpt lat="22.27990333333333" lon="113.98620666666666"><ele>152.1</ele><time>2025-11-01T06:22:59Z</time></trkpt><trkpt lat="22.279905" lon="113.98618499999999"><ele>152.29999999999998</ele><time>2025-11-01T06:23:04Z</time></trkpt><trkpt lat="22.27990833333333" lon="113.98616166666667"><ele>153.0</ele><time>2025-11-01T06:23:09Z</time></trkpt><trkpt lat="22.27990333333333" lon="113.98613833333333"><ele>154.2</ele><time>2025-11-01T06:23:12Z</time></trkpt><trkpt lat="22.279910000000005" lon="113.98611833333334"><ele>155.2</ele><time>2025-11-01T06:23:16Z</time></trkpt><trkpt lat="22.279925000000002" lon="113.98609833333333"><ele>156.2</ele><time>2025-11-01T06:23:20Z</time></trkpt><trkpt lat="22.279938333333334" lon="113.98608"><ele>156.7</ele><time>2025-11-01T06:23:22Z</time></trkpt><trkpt lat="22.279951666666662" lon="113.986065"><ele>157.29999999999998</ele><time>2025-11-01T06:23:24Z</time></trkpt><trkpt lat="22.279968333333333" lon="113.98604833333333"><ele>158.29999999999998</ele><time>2025-11-01T06:23:26Z</time></trkpt><trkpt lat="22.279973333333334" lon="113.98602833333334"><ele>159.2</ele><time>2025-11-01T06:23:28Z</time></trkpt><trkpt lat="22.27997833333333" lon="113.98600666666668"><ele>160.5</ele><time>2025-11-01T06:23:30Z</time></trkpt><trkpt lat="22.279989999999998" lon="113.98599"><ele>161.29999999999998</ele><time>2025-11-01T06:23:32Z</time></trkpt><trkpt lat="22.28000666666667" lon="113.985975"><ele>161.9</ele><time>2025-11-01T06:23:34Z</time></trkpt><trkpt lat="22.280018333333334" lon="113.98595666666667"><ele>162.1</ele><time>2025-11-01T06:23:37Z</time></trkpt><trkpt lat="22.280033333333336" lon="113.98594333333334"><ele>162.2</ele><time>2025-11-01T06:23:41Z</time></trkpt><trkpt lat="22.280048333333337" lon="113.98592833333332"><ele>162.29999999999998</ele><time>2025-11-01T06:23:44Z</time></trkpt><trkpt lat="22.280066666666666" lon="113.98592500000001"><ele>161.6</ele><time>2025-11-01T06:23:47Z</time></trkpt><trkpt lat="22.28008333333333" lon="113.98591666666668"><ele>161.29999999999998</ele><time>2025-11-01T06:23:49Z</time></trkpt><trkpt lat="22.280101666666663" lon="113.98590666666665"><ele>161.2</ele><time>2025-11-01T06:23:52Z</time></trkpt><trkpt lat="22.280116666666665" lon="113.98589500000001"><ele>160.6</ele><time>2025-11-01T06:23:55Z</time></trkpt><trkpt lat="22.280135000000005" lon="113.98589333333332"><ele>159.79999999999998</ele><time>2025-11-01T06:23:57Z</time></trkpt><trkpt lat="22.280163333333334" lon="113.98588999999998"><ele>159.4</ele><time>2025-11-01T06:23:59Z</time></trkpt><trkpt lat="22.280180000000005" lon="113.98587333333334"><ele>159.0</ele><time>2025-11-01T06:24:01Z</time></trkpt><trkpt lat="22.280191666666664" lon="113.98585333333334"><ele>158.29999999999998</ele><time>2025-11-01T06:24:03Z</time></trkpt><trkpt lat="22.280191666666664" lon="113.98582999999999"><ele>157.29999999999998</ele><time>2025-11-01T06:24:06Z</time></trkpt><trkpt lat="22.280171666666668" lon="113.98581666666665"><ele>156.9</ele><time>2025-11-01T06:24:08Z</time></trkpt><trkpt lat="22.280154999999997" lon="113.98580833333332"><ele>156.5</ele><time>2025-11-01T06:24:10Z</time></trkpt><trkpt lat="22.280136666666667" lon="113.98579833333334"><ele>155.6</ele><time>2025-11-01T06:24:13Z</time></trkpt><trkpt lat="22.280118333333334" lon="113.98578666666666"><ele>154.9</ele><time>2025-11-01T06:24:16Z</time></trkpt><trkpt lat="22.280108333333335" lon="113.98576999999999"><ele>154.2</ele><time>2025-11-01T06:24:18Z</time></trkpt><trkpt lat="22.280101666666663" lon="113.98574333333333"><ele>153.2</ele><time>2025-11-01T06:24:20Z</time></trkpt><trkpt lat="22.2801" lon="113.98571833333332"><ele>151.2</ele><time>2025-11-01T06:24:23Z</time></trkpt><trkpt lat="22.280106666666665" lon="113.985695"><ele>148.5</ele><time>2025-11-01T06:24:26Z</time></trkpt><trkpt lat="22.280111666666667" lon="113.98566833333334"><ele>146.9</ele><time>2025-11-01T06:24:28Z</time></trkpt><trkpt lat="22.280106666666665" lon="113.98564499999999"><ele>145.4</ele><time>2025-11-01T06:24:30Z</time></trkpt><trkpt lat="22.28009666666667" lon="113.98561999999998"><ele>144.0</ele><time>2025-11-01T06:24:33Z</time></trkpt><trkpt lat="22.280093333333337" lon="113.98559333333333"><ele>142.79999999999998</ele><time>2025-11-01T06:24:36Z</time></trkpt><trkpt lat="22.280090000000005" lon="113.98557166666666"><ele>142.1</ele><time>2025-11-01T06:24:39Z</time></trkpt><trkpt lat="22.280095" lon="113.98554666666665"><ele>141.0</ele><time>2025-11-01T06:24:42Z</time></trkpt><trkpt lat="22.280095" lon="113.98552666666667"><ele>140.29999999999998</ele><time>2025-11-01T06:24:44Z</time></trkpt><trkpt lat="22.280105000000002" lon="113.98550833333333"><ele>139.7</ele><time>2025-11-01T06:24:46Z</time></trkpt><trkpt lat="22.280109999999997" lon="113.98548833333334"><ele>139.5</ele><time>2025-11-01T06:24:48Z</time></trkpt><trkpt lat="22.280123333333336" lon="113.98547166666667"><ele>139.1</ele><time>2025-11-01T06:24:50Z</time></trkpt><trkpt lat="22.28014333333333" lon="113.98545666666665"><ele>138.9</ele><time>2025-11-01T06:24:52Z</time></trkpt><trkpt lat="22.280161666666665" lon="113.98544333333332"><ele>138.9</ele><time>2025-11-01T06:24:54Z</time></trkpt><trkpt lat="22.280180000000005" lon="113.985435"><ele>139.29999999999998</ele><time>2025-11-01T06:24:56Z</time></trkpt><trkpt lat="22.280199999999997" lon="113.98542333333334"><ele>139.6</ele><time>2025-11-01T06:24:58Z</time></trkpt><trkpt lat="22.28022" lon="113.98541500000002"><ele>139.9</ele><time>2025-11-01T06:25:00Z</time></trkpt><trkpt lat="22.280238333333333" lon="113.98540333333334"><ele>140.5</ele><time>2025-11-01T06:25:02Z</time></trkpt><trkpt lat="22.280261666666668" lon="113.98539333333335"><ele>141.29999999999998</ele><time>2025-11-01T06:25:04Z</time></trkpt><trkpt lat="22.280283333333333" lon="113.98537499999999"><ele>141.5</ele><time>2025-11-01T06:25:06Z</time></trkpt><trkpt lat="22.280298333333334" lon="113.98535500000001"><ele>142.0</ele><time>2025-11-01T06:25:09Z</time></trkpt><trkpt lat="22.28031" lon="113.98532833333333"><ele>142.4</ele><time>2025-11-01T06:25:12Z</time></trkpt><trkpt lat="22.28032333333333" lon="113.98530666666666"><ele>142.7</ele><time>2025-11-01T06:25:14Z</time></trkpt><trkpt lat="22.280345000000004" lon="113.98527833333334"><ele>143.29999999999998</ele><time>2025-11-01T06:25:16Z</time></trkpt><trkpt lat="22.280355" lon="113.98525166666668"><ele>143.4</ele><time>2025-11-01T06:25:18Z</time></trkpt><trkpt lat="22.280363333333337" lon="113.98522999999999"><ele>143.7</ele><time>2025-11-01T06:25:20Z</time></trkpt><trkpt lat="22.280378333333335" lon="113.98521166666666"><ele>143.79999999999998</ele><time>2025-11-01T06:25:22Z</time></trkpt><trkpt lat="22.280395" lon="113.98519499999999"><ele>143.7</ele><time>2025-11-01T06:25:24Z</time></trkpt><trkpt lat="22.280413333333332" lon="113.98519333333334"><ele>144.4</ele><time>2025-11-01T06:25:26Z</time></trkpt><trkpt lat="22.280436666666667" lon="113.98519666666668"><ele>145.0</ele><time>2025-11-01T06:25:28Z</time></trkpt><trkpt lat="22.280453333333337" lon="113.98518666666665"><ele>145.79999999999998</ele><time>2025-11-01T06:25:30Z</time></trkpt><trkpt lat="22.280468333333335" lon="113.98517166666667"><ele>146.6</ele><time>2025-11-01T06:25:32Z</time></trkpt><trkpt lat="22.280485" lon="113.98516166666668"><ele>147.5</ele><time>2025-11-01T06:25:34Z</time></trkpt><trkpt lat="22.280498333333338" lon="113.98514166666668"><ele>148.7</ele><time>2025-11-01T06:25:36Z</time></trkpt><trkpt lat="22.280514999999998" lon="113.98512166666666"><ele>149.9</ele><time>2025-11-01T06:25:38Z</time></trkpt><trkpt lat="22.28053166666667" lon="113.98510833333333"><ele>150.9</ele><time>2025-11-01T06:25:40Z</time></trkpt><trkpt lat="22.280545" lon="113.98508833333332"><ele>151.79999999999998</ele><time>2025-11-01T06:25:42Z</time></trkpt><trkpt lat="22.280551666666664" lon="113.98506833333334"><ele>152.1</ele><time>2025-11-01T06:25:44Z</time></trkpt><trkpt lat="22.28056333333333" lon="113.98505166666668"><ele>152.9</ele><time>2025-11-01T06:25:46Z</time></trkpt><trkpt lat="22.280584999999995" lon="113.98504"><ele>153.5</ele><time>2025-11-01T06:25:49Z</time></trkpt><trkpt lat="22.280599999999996" lon="113.98501999999999"><ele>154.29999999999998</ele><time>2025-11-01T06:25:51Z</time></trkpt><trkpt lat="22.280614999999997" lon="113.985"><ele>155.5</ele><time>2025-11-01T06:25:53Z</time></trkpt><trkpt lat="22.280625" lon="113.98498166666668"><ele>156.6</ele><time>2025-11-01T06:25:55Z</time></trkpt><trkpt lat="22.280631666666668" lon="113.98496333333333"><ele>157.4</ele><time>2025-11-01T06:25:57Z</time></trkpt><trkpt lat="22.280641666666664" lon="113.98494166666666"><ele>157.6</ele><time>2025-11-01T06:26:00Z</time></trkpt><trkpt lat="22.280658333333335" lon="113.98491666666665"><ele>157.6</ele><time>2025-11-01T06:26:03Z</time></trkpt><trkpt lat="22.280673333333333" lon="113.98490333333332"><ele>157.0</ele><time>2025-11-01T06:26:05Z</time></trkpt><trkpt lat="22.28068" lon="113.98487833333333"><ele>157.0</ele><time>2025-11-01T06:26:07Z</time></trkpt><trkpt lat="22.280688333333334" lon="113.98485666666666"><ele>157.29999999999998</ele><time>2025-11-01T06:26:09Z</time></trkpt><trkpt lat="22.280694999999998" lon="113.98483499999999"><ele>157.6</ele><time>2025-11-01T06:26:11Z</time></trkpt><trkpt lat="22.280704999999998" lon="113.98481833333332"><ele>157.4</ele><time>2025-11-01T06:26:13Z</time></trkpt><trkpt lat="22.280723333333338" lon="113.98479833333334"><ele>157.0</ele><time>2025-11-01T06:26:15Z</time></trkpt><trkpt lat="22.280745000000003" lon="113.98479166666667"><ele>156.79999999999998</ele><time>2025-11-01T06:26:17Z</time></trkpt><trkpt lat="22.280755" lon="113.98477333333334"><ele>156.5</ele><time>2025-11-01T06:26:19Z</time></trkpt><trkpt lat="22.280763333333333" lon="113.98475333333333"><ele>156.9</ele><time>2025-11-01T06:26:21Z</time></trkpt><trkpt lat="22.280775000000002" lon="113.98473833333334"><ele>156.6</ele><time>2025-11-01T06:26:23Z</time></trkpt><trkpt lat="22.280793333333335" lon="113.98471999999998"><ele>156.1</ele><time>2025-11-01T06:26:26Z</time></trkpt><trkpt lat="22.28080166666667" lon="113.98469500000002"><ele>155.4</ele><time>2025-11-01T06:26:29Z</time></trkpt><trkpt lat="22.280813333333338" lon="113.98467833333333"><ele>154.79999999999998</ele><time>2025-11-01T06:26:32Z</time></trkpt><trkpt lat="22.280828333333336" lon="113.98465333333334"><ele>155.29999999999998</ele><time>2025-11-01T06:26:35Z</time></trkpt><trkpt lat="22.280838333333335" lon="113.98463500000001"><ele>155.5</ele><time>2025-11-01T06:26:37Z</time></trkpt><trkpt lat="22.280845" lon="113.98461666666665"><ele>156.0</ele><time>2025-11-01T06:26:39Z</time></trkpt><trkpt lat="22.280858333333338" lon="113.98460166666668"><ele>156.6</ele><time>2025-11-01T06:26:41Z</time></trkpt><trkpt lat="22.280869999999997" lon="113.98458666666666"><ele>157.1</ele><time>2025-11-01T06:26:43Z</time></trkpt><trkpt lat="22.280880000000003" lon="113.98456666666668"><ele>157.9</ele><time>2025-11-01T06:26:45Z</time></trkpt><trkpt lat="22.280883333333335" lon="113.98454666666666"><ele>158.6</ele><time>2025-11-01T06:26:47Z</time></trkpt><trkpt lat="22.280895" lon="113.98453166666668"><ele>159.1</ele><time>2025-11-01T06:26:49Z</time></trkpt><trkpt lat="22.280908333333333" lon="113.98451833333333"><ele>159.2</ele><time>2025-11-01T06:26:51Z</time></trkpt><trkpt lat="22.280918333333336" lon="113.9845"><ele>159.1</ele><time>2025-11-01T06:26:53Z</time></trkpt><trkpt lat="22.280929999999998" lon="113.984485"><ele>159.2</ele><time>2025-11-01T06:26:55Z</time></trkpt><trkpt lat="22.280944999999996" lon="113.98446666666665"><ele>158.6</ele><time>2025-11-01T06:26:57Z</time></trkpt><trkpt lat="22.280953333333333" lon="113.984445"><ele>158.29999999999998</ele><time>2025-11-01T06:26:59Z</time></trkpt><trkpt lat="22.280965" lon="113.98442666666666"><ele>158.2</ele><time>2025-11-01T06:27:01Z</time></trkpt><trkpt lat="22.280974999999998" lon="113.98440333333335"><ele>157.9</ele><time>2025-11-01T06:27:03Z</time></trkpt><trkpt lat="22.28098166666667" lon="113.98438499999999"><ele>157.9</ele><time>2025-11-01T06:27:05Z</time></trkpt><trkpt lat="22.28099166666667" lon="113.98436500000001"><ele>158.0</ele><time>2025-11-01T06:27:07Z</time></trkpt><trkpt lat="22.28100833333333" lon="113.98434666666665"><ele>158.5</ele><time>2025-11-01T06:27:09Z</time></trkpt><trkpt lat="22.281025" lon="113.98433000000001"><ele>159.0</ele><time>2025-11-01T06:27:11Z</time></trkpt><trkpt lat="22.28103833333333" lon="113.98430833333332"><ele>159.1</ele><time>2025-11-01T06:27:13Z</time></trkpt><trkpt lat="22.281045000000002" lon="113.984285"><ele>159.29999999999998</ele><time>2025-11-01T06:27:15Z</time></trkpt><trkpt lat="22.28105333333333" lon="113.98426666666667"><ele>159.6</ele><time>2025-11-01T06:27:17Z</time></trkpt><trkpt lat="22.281061666666666" lon="113.98424166666668"><ele>160.1</ele><time>2025-11-01T06:27:19Z</time></trkpt><trkpt lat="22.28107166666667" lon="113.98421833333332"><ele>160.7</ele><time>2025-11-01T06:27:21Z</time></trkpt><trkpt lat="22.281085" lon="113.98419666666665"><ele>161.2</ele><time>2025-11-01T06:27:23Z</time></trkpt><trkpt lat="22.281093333333335" lon="113.98417666666667"><ele>162.1</ele><time>2025-11-01T06:27:25Z</time></trkpt><trkpt lat="22.281101666666668" lon="113.98415166666668"><ele>163.2</ele><time>2025-11-01T06:27:28Z</time></trkpt><trkpt lat="22.28111333333333" lon="113.98412833333332"><ele>163.79999999999998</ele><time>2025-11-01T06:27:30Z</time></trkpt><trkpt lat="22.281121666666664" lon="113.98410333333335"><ele>164.5</ele><time>2025-11-01T06:27:32Z</time></trkpt><trkpt lat="22.281136666666665" lon="113.98408666666667"><ele>165.29999999999998</ele><time>2025-11-01T06:27:34Z</time></trkpt><trkpt lat="22.281150000000004" lon="113.98406333333332"><ele>166.29999999999998</ele><time>2025-11-01T06:27:36Z</time></trkpt><trkpt lat="22.28116" lon="113.98404166666666"><ele>167.1</ele><time>2025-11-01T06:27:38Z</time></trkpt><trkpt lat="22.28117333333333" lon="113.98402166666668"><ele>167.29999999999998</ele><time>2025-11-01T06:27:40Z</time></trkpt><trkpt lat="22.28119" lon="113.98400666666666"><ele>168.1</ele><time>2025-11-01T06:27:42Z</time></trkpt><trkpt lat="22.28120333333333" lon="113.98398333333334"><ele>169.2</ele><time>2025-11-01T06:27:44Z</time></trkpt><trkpt lat="22.28121833333333" lon="113.98396"><ele>170.29999999999998</ele><time>2025-11-01T06:27:46Z</time></trkpt><trkpt lat="22.28123333333333" lon="113.98394000000002"><ele>172.29999999999998</ele><time>2025-11-01T06:27:48Z</time></trkpt><trkpt lat="22.281243333333336" lon="113.98392"><ele>174.2</ele><time>2025-11-01T06:27:50Z</time></trkpt><trkpt lat="22.281253333333332" lon="113.98389666666665"><ele>175.7</ele><time>2025-11-01T06:27:52Z</time></trkpt><trkpt lat="22.28126666666667" lon="113.98387333333334"><ele>176.9</ele><time>2025-11-01T06:27:54Z</time></trkpt><trkpt lat="22.28128166666667" lon="113.98385666666667"><ele>178.29999999999998</ele><time>2025-11-01T06:27:56Z</time></trkpt><trkpt lat="22.281291666666668" lon="113.98384"><ele>179.9</ele><time>2025-11-01T06:27:58Z</time></trkpt><trkpt lat="22.28130833333333" lon="113.98382333333332"><ele>181.6</ele><time>2025-11-01T06:28:01Z</time></trkpt><trkpt lat="22.28132333333333" lon="113.9838"><ele>182.9</ele><time>2025-11-01T06:28:04Z</time></trkpt><trkpt lat="22.281333333333336" lon="113.98378333333334"><ele>183.7</ele><time>2025-11-01T06:28:06Z</time></trkpt><trkpt lat="22.28135166666667" lon="113.983765"><ele>184.4</ele><time>2025-11-01T06:28:09Z</time></trkpt><trkpt lat="22.281366666666667" lon="113.98375"><ele>184.79999999999998</ele><time>2025-11-01T06:28:11Z</time></trkpt><trkpt lat="22.28138" lon="113.98373666666666"><ele>184.6</ele><time>2025-11-01T06:28:13Z</time></trkpt><trkpt lat="22.281398333333332" lon="113.983715"><ele>184.6</ele><time>2025-11-01T06:28:15Z</time></trkpt><trkpt lat="22.281411666666667" lon="113.98369666666667"><ele>184.9</ele><time>2025-11-01T06:28:17Z</time></trkpt><trkpt lat="22.281420000000004" lon="113.98367833333332"><ele>185.0</ele><time>2025-11-01T06:28:19Z</time></trkpt><trkpt lat="22.281439999999996" lon="113.98365833333334"><ele>185.4</ele><time>2025-11-01T06:28:22Z</time></trkpt><trkpt lat="22.281454999999998" lon="113.98363833333333"><ele>185.7</ele><time>2025-11-01T06:28:24Z</time></trkpt><trkpt lat="22.28147166666667" lon="113.98362666666665"><ele>185.5</ele><time>2025-11-01T06:28:26Z</time></trkpt><trkpt lat="22.281495000000003" lon="113.98362166666666"><ele>185.6</ele><time>2025-11-01T06:28:28Z</time></trkpt><trkpt lat="22.281521666666663" lon="113.98362666666665"><ele>186.0</ele><time>2025-11-01T06:28:30Z</time></trkpt><trkpt lat="22.281535" lon="113.98364000000001"><ele>184.7</ele><time>2025-11-01T06:28:34Z</time></trkpt><trkpt lat="22.281556666666667" lon="113.98365833333334"><ele>174.2</ele><time>2025-11-01T06:29:29Z</time></trkpt><trkpt lat="22.281566666666663" lon="113.98364000000001"><ele>174.1</ele><time>2025-11-01T06:29:32Z</time></trkpt><trkpt lat="22.281585000000003" lon="113.98362999999999"><ele>174.0</ele><time>2025-11-01T06:29:35Z</time></trkpt><trkpt lat="22.281603333333337" lon="113.98361500000001"><ele>172.6</ele><time>2025-11-01T06:29:42Z</time></trkpt><trkpt lat="22.28161" lon="113.98359666666666"><ele>172.5</ele><time>2025-11-01T06:29:45Z</time></trkpt><trkpt lat="22.281628333333334" lon="113.98358166666667"><ele>171.7</ele><time>2025-11-01T06:29:48Z</time></trkpt><trkpt lat="22.28165" lon="113.98357"><ele>170.5</ele><time>2025-11-01T06:29:51Z</time></trkpt><trkpt lat="22.281670000000002" lon="113.98356666666665"><ele>169.79999999999998</ele><time>2025-11-01T06:29:54Z</time></trkpt><trkpt lat="22.281691666666667" lon="113.98357166666668"><ele>169.1</ele><time>2025-11-01T06:29:57Z</time></trkpt><trkpt lat="22.281716666666664" lon="113.98356833333334"><ele>168.5</ele><time>2025-11-01T06:29:59Z</time></trkpt><trkpt lat="22.28174333333333" lon="113.98356333333335"><ele>168.1</ele><time>2025-11-01T06:30:01Z</time></trkpt><trkpt lat="22.281765000000004" lon="113.98355166666667"><ele>167.6</ele><time>2025-11-01T06:30:03Z</time></trkpt><trkpt lat="22.281785" lon="113.98353999999999"><ele>167.5</ele><time>2025-11-01T06:30:05Z</time></trkpt><trkpt lat="22.281803333333333" lon="113.98353333333334"><ele>167.2</ele><time>2025-11-01T06:30:07Z</time></trkpt><trkpt lat="22.281821666666662" lon="113.98353"><ele>166.0</ele><time>2025-11-01T06:30:09Z</time></trkpt><trkpt lat="22.281840000000003" lon="113.98352500000001"><ele>164.2</ele><time>2025-11-01T06:30:11Z</time></trkpt><trkpt lat="22.281861666666668" lon="113.98351666666667"><ele>161.29999999999998</ele><time>2025-11-01T06:30:14Z</time></trkpt><trkpt lat="22.28187666666667" lon="113.983505"><ele>159.0</ele><time>2025-11-01T06:30:19Z</time></trkpt><trkpt lat="22.281896666666665" lon="113.983505"><ele>159.4</ele><time>2025-11-01T06:30:27Z</time></trkpt><trkpt lat="22.281918333333337" lon="113.98349666666667"><ele>158.9</ele><time>2025-11-01T06:30:29Z</time></trkpt><trkpt lat="22.281945000000004" lon="113.98349833333332"><ele>158.5</ele><time>2025-11-01T06:30:31Z</time></trkpt><trkpt lat="22.28196666666667" lon="113.98349666666667"><ele>157.9</ele><time>2025-11-01T06:30:33Z</time></trkpt><trkpt lat="22.281986666666665" lon="113.98350166666665"><ele>157.5</ele><time>2025-11-01T06:30:35Z</time></trkpt><trkpt lat="22.282001666666662" lon="113.98351333333333"><ele>156.6</ele><time>2025-11-01T06:30:37Z</time></trkpt><trkpt lat="22.282021666666665" lon="113.98352166666668"><ele>155.4</ele><time>2025-11-01T06:30:40Z</time></trkpt><trkpt lat="22.282041666666668" lon="113.98351833333332"><ele>154.2</ele><time>2025-11-01T06:30:43Z</time></trkpt><trkpt lat="22.282066666666665" lon="113.98351333333333"><ele>152.79999999999998</ele><time>2025-11-01T06:30:46Z</time></trkpt><trkpt lat="22.28208833333333" lon="113.983505"><ele>151.9</ele><time>2025-11-01T06:30:48Z</time></trkpt><trkpt lat="22.282106666666664" lon="113.98348666666668"><ele>150.9</ele><time>2025-11-01T06:30:51Z</time></trkpt><trkpt lat="22.282120000000003" lon="113.98347"><ele>150.4</ele><time>2025-11-01T06:30:53Z</time></trkpt><trkpt lat="22.28214666666667" lon="113.98346000000001"><ele>150.2</ele><time>2025-11-01T06:30:55Z</time></trkpt><trkpt lat="22.282166666666665" lon="113.98344666666665"><ele>149.9</ele><time>2025-11-01T06:30:57Z</time></trkpt><trkpt lat="22.282183333333332" lon="113.98343333333332"><ele>149.4</ele><time>2025-11-01T06:30:59Z</time></trkpt><trkpt lat="22.282199999999996" lon="113.983415"><ele>149.29999999999998</ele><time>2025-11-01T06:31:01Z</time></trkpt><trkpt lat="22.282213333333335" lon="113.98340166666667"><ele>149.1</ele><time>2025-11-01T06:31:03Z</time></trkpt><trkpt lat="22.28222333333333" lon="113.98337500000001"><ele>148.29999999999998</ele><time>2025-11-01T06:31:06Z</time></trkpt><trkpt lat="22.282235" lon="113.98335833333334"><ele>147.7</ele><time>2025-11-01T06:31:08Z</time></trkpt><trkpt lat="22.282248333333335" lon="113.98334166666667"><ele>147.2</ele><time>2025-11-01T06:31:10Z</time></trkpt><trkpt lat="22.282265" lon="113.98333"><ele>146.9</ele><time>2025-11-01T06:31:12Z</time></trkpt><trkpt lat="22.28228" lon="113.98331833333334"><ele>146.79999999999998</ele><time>2025-11-01T06:31:14Z</time></trkpt><trkpt lat="22.282298333333333" lon="113.98330166666668"><ele>146.6</ele><time>2025-11-01T06:31:17Z</time></trkpt><trkpt lat="22.282315" lon="113.98328666666666"><ele>146.7</ele><time>2025-11-01T06:31:20Z</time></trkpt><trkpt lat="22.282333333333334" lon="113.98327499999999"><ele>146.7</ele><time>2025-11-01T06:31:23Z</time></trkpt><trkpt lat="22.282351666666667" lon="113.98326833333334"><ele>146.7</ele><time>2025-11-01T06:31:25Z</time></trkpt><trkpt lat="22.28237" lon="113.98326666666665"><ele>146.6</ele><time>2025-11-01T06:31:27Z</time></trkpt><trkpt lat="22.282391666666665" lon="113.98326"><ele>146.79999999999998</ele><time>2025-11-01T06:31:30Z</time></trkpt><trkpt lat="22.282409999999995" lon="113.98325500000001"><ele>146.9</ele><time>2025-11-01T06:31:33Z</time></trkpt><trkpt lat="22.282424999999996" lon="113.98324333333333"><ele>146.7</ele><time>2025-11-01T06:31:36Z</time></trkpt><trkpt lat="22.282443333333337" lon="113.98323166666665"><ele>146.29999999999998</ele><time>2025-11-01T06:31:39Z</time></trkpt><trkpt lat="22.282463333333332" lon="113.98321333333334"><ele>146.0</ele><time>2025-11-01T06:31:42Z</time></trkpt><trkpt lat="22.282483333333335" lon="113.983205"><ele>145.9</ele><time>2025-11-01T06:31:44Z</time></trkpt><trkpt lat="22.28250166666667" lon="113.98318833333333"><ele>145.6</ele><time>2025-11-01T06:31:46Z</time></trkpt><trkpt lat="22.28252166666667" lon="113.98317333333334"><ele>145.1</ele><time>2025-11-01T06:31:48Z</time></trkpt><trkpt lat="22.282535" lon="113.98315833333332"><ele>144.29999999999998</ele><time>2025-11-01T06:31:51Z</time></trkpt><trkpt lat="22.28255166666667" lon="113.98316666666666"><ele>142.9</ele><time>2025-11-01T06:31:57Z</time></trkpt><trkpt lat="22.28256666666667" lon="113.98315499999998"><ele>142.79999999999998</ele><time>2025-11-01T06:31:59Z</time></trkpt><trkpt lat="22.28258333333333" lon="113.983145"><ele>142.2</ele><time>2025-11-01T06:32:01Z</time></trkpt><trkpt lat="22.282600000000002" lon="113.98313166666667"><ele>141.9</ele><time>2025-11-01T06:32:03Z</time></trkpt><trkpt lat="22.28262333333333" lon="113.98312499999999"><ele>141.1</ele><time>2025-11-01T06:32:06Z</time></trkpt><trkpt lat="22.282645000000002" lon="113.98311666666665"><ele>140.0</ele><time>2025-11-01T06:32:09Z</time></trkpt><trkpt lat="22.282663333333335" lon="113.98311333333335"><ele>139.4</ele><time>2025-11-01T06:32:11Z</time></trkpt><trkpt lat="22.28268333333333" lon="113.98310333333332"><ele>138.2</ele><time>2025-11-01T06:32:14Z</time></trkpt><trkpt lat="22.282703333333334" lon="113.98309833333333"><ele>137.4</ele><time>2025-11-01T06:32:16Z</time></trkpt><trkpt lat="22.28272" lon="113.98308833333334"><ele>136.9</ele><time>2025-11-01T06:32:19Z</time></trkpt><trkpt lat="22.282739999999997" lon="113.983085"><ele>136.2</ele><time>2025-11-01T06:32:21Z</time></trkpt><trkpt lat="22.282766666666664" lon="113.983085"><ele>135.5</ele><time>2025-11-01T06:32:23Z</time></trkpt><trkpt lat="22.282786666666667" lon="113.98308666666665"><ele>135.0</ele><time>2025-11-01T06:32:25Z</time></trkpt><trkpt lat="22.28281" lon="113.98307666666666"><ele>134.6</ele><time>2025-11-01T06:32:27Z</time></trkpt><trkpt lat="22.282831666666667" lon="113.98306666666667"><ele>134.0</ele><time>2025-11-01T06:32:29Z</time></trkpt><trkpt lat="22.282855" lon="113.98305666666666"><ele>133.9</ele><time>2025-11-01T06:32:32Z</time></trkpt><trkpt lat="22.282873333333335" lon="113.98305666666666"><ele>134.4</ele><time>2025-11-01T06:32:34Z</time></trkpt><trkpt lat="22.282895" lon="113.98305833333333"><ele>134.2</ele><time>2025-11-01T06:32:36Z</time></trkpt><trkpt lat="22.282916666666665" lon="113.983055"><ele>134.2</ele><time>2025-11-01T06:32:39Z</time></trkpt><trkpt lat="22.282936666666668" lon="113.98305333333334"><ele>135.79999999999998</ele><time>2025-11-01T06:32:48Z</time></trkpt><trkpt lat="22.28295333333333" lon="113.98303333333334"><ele>136.5</ele><time>2025-11-01T06:33:01Z</time></trkpt><trkpt lat="22.28296833333333" lon="113.983045"><ele>135.9</ele><time>2025-11-01T06:33:04Z</time></trkpt><trkpt lat="22.282973333333334" lon="113.98306833333332"><ele>134.79999999999998</ele><time>2025-11-01T06:33:08Z</time></trkpt><trkpt lat="22.282988333333332" lon="113.98308166666666"><ele>134.5</ele><time>2025-11-01T06:33:10Z</time></trkpt><trkpt lat="22.283006666666665" lon="113.98309833333333"><ele>133.79999999999998</ele><time>2025-11-01T06:33:13Z</time></trkpt><trkpt lat="22.283025" lon="113.98311333333335"><ele>133.0</ele><time>2025-11-01T06:33:16Z</time></trkpt><trkpt lat="22.28304166666667" lon="113.98312833333333"><ele>132.2</ele><time>2025-11-01T06:33:18Z</time></trkpt><trkpt lat="22.283054999999997" lon="113.98314666666666"><ele>131.5</ele><time>2025-11-01T06:33:20Z</time></trkpt><trkpt lat="22.283076666666663" lon="113.98316666666666"><ele>130.2</ele><time>2025-11-01T06:33:23Z</time></trkpt><trkpt lat="22.283096666666665" lon="113.98317999999999"><ele>129.1</ele><time>2025-11-01T06:33:25Z</time></trkpt><trkpt lat="22.28312" lon="113.98319000000001"><ele>128.2</ele><time>2025-11-01T06:33:27Z</time></trkpt><trkpt lat="22.283146666666667" lon="113.98319333333332"><ele>127.5</ele><time>2025-11-01T06:33:29Z</time></trkpt><trkpt lat="22.283174999999996" lon="113.98320666666665"><ele>126.19999999999999</ele><time>2025-11-01T06:33:31Z</time></trkpt><trkpt lat="22.283201666666667" lon="113.98321"><ele>125.39999999999999</ele><time>2025-11-01T06:33:33Z</time></trkpt><trkpt lat="22.28322166666667" lon="113.983205"><ele>125.19999999999999</ele><time>2025-11-01T06:33:35Z</time></trkpt><trkpt lat="22.283245000000004" lon="113.98318333333333"><ele>124.6</ele><time>2025-11-01T06:33:38Z</time></trkpt><trkpt lat="22.283261666666665" lon="113.98316833333335"><ele>124.5</ele><time>2025-11-01T06:33:40Z</time></trkpt><trkpt lat="22.283286666666662" lon="113.98317"><ele>124.3</ele><time>2025-11-01T06:33:43Z</time></trkpt><trkpt lat="22.28331166666667" lon="113.98318166666668"><ele>123.6</ele><time>2025-11-01T06:33:45Z</time></trkpt><trkpt lat="22.283335000000005" lon="113.98318666666667"><ele>123.0</ele><time>2025-11-01T06:33:47Z</time></trkpt><trkpt lat="22.283354999999997" lon="113.9832"><ele>122.3</ele><time>2025-11-01T06:33:49Z</time></trkpt><trkpt lat="22.28337333333333" lon="113.98321833333333"><ele>121.8</ele><time>2025-11-01T06:33:51Z</time></trkpt><trkpt lat="22.28339" lon="113.98323666666666"><ele>122.0</ele><time>2025-11-01T06:33:53Z</time></trkpt><trkpt lat="22.283399999999997" lon="113.98325666666666"><ele>122.39999999999999</ele><time>2025-11-01T06:33:55Z</time></trkpt><trkpt lat="22.283410000000003" lon="113.98328166666667"><ele>122.69999999999999</ele><time>2025-11-01T06:33:57Z</time></trkpt><trkpt lat="22.283414999999998" lon="113.98330166666668"><ele>123.3</ele><time>2025-11-01T06:33:59Z</time></trkpt><trkpt lat="22.283421666666662" lon="113.98333166666667"><ele>124.1</ele><time>2025-11-01T06:34:02Z</time></trkpt><trkpt lat="22.28343333333333" lon="113.98335333333334"><ele>124.6</ele><time>2025-11-01T06:34:04Z</time></trkpt><trkpt lat="22.28344666666667" lon="113.98337500000001"><ele>124.89999999999999</ele><time>2025-11-01T06:34:06Z</time></trkpt><trkpt lat="22.283456666666666" lon="113.98339166666668"><ele>125.39999999999999</ele><time>2025-11-01T06:34:08Z</time></trkpt><trkpt lat="22.283458333333336" lon="113.98341833333333"><ele>125.8</ele><time>2025-11-01T06:34:10Z</time></trkpt><trkpt lat="22.283459999999998" lon="113.98344833333334"><ele>126.4</ele><time>2025-11-01T06:34:12Z</time></trkpt><trkpt lat="22.283459999999998" lon="113.98347833333334"><ele>127.0</ele><time>2025-11-01T06:34:14Z</time></trkpt><trkpt lat="22.28346333333333" lon="113.9835"><ele>127.4</ele><time>2025-11-01T06:34:16Z</time></trkpt><trkpt lat="22.283468333333335" lon="113.98352833333333"><ele>127.6</ele><time>2025-11-01T06:34:19Z</time></trkpt><trkpt lat="22.283471666666667" lon="113.98354833333333"><ele>127.79999999999998</ele><time>2025-11-01T06:34:21Z</time></trkpt><trkpt lat="22.283483333333333" lon="113.983565"><ele>128.0</ele><time>2025-11-01T06:34:23Z</time></trkpt><trkpt lat="22.28351" lon="113.98356"><ele>127.9</ele><time>2025-11-01T06:34:26Z</time></trkpt><trkpt lat="22.283530000000003" lon="113.98355166666667"><ele>127.9</ele><time>2025-11-01T06:34:28Z</time></trkpt><trkpt lat="22.283545000000004" lon="113.98353833333334"><ele>127.79999999999998</ele><time>2025-11-01T06:34:30Z</time></trkpt><trkpt lat="22.283558333333335" lon="113.98352000000001"><ele>128.29999999999998</ele><time>2025-11-01T06:34:32Z</time></trkpt><trkpt lat="22.28357" lon="113.98349000000002"><ele>128.7</ele><time>2025-11-01T06:34:34Z</time></trkpt><trkpt lat="22.283588333333334" lon="113.98346666666666"><ele>128.79999999999998</ele><time>2025-11-01T06:34:36Z</time></trkpt><trkpt lat="22.283608333333337" lon="113.98345333333333"><ele>128.9</ele><time>2025-11-01T06:34:38Z</time></trkpt><trkpt lat="22.283630000000002" lon="113.983445"><ele>128.79999999999998</ele><time>2025-11-01T06:34:40Z</time></trkpt><trkpt lat="22.283649999999998" lon="113.98343500000001"><ele>128.7</ele><time>2025-11-01T06:34:42Z</time></trkpt><trkpt lat="22.283664999999996" lon="113.98342333333333"><ele>128.6</ele><time>2025-11-01T06:34:44Z</time></trkpt><trkpt lat="22.283678333333334" lon="113.98340166666667"><ele>128.5</ele><time>2025-11-01T06:34:46Z</time></trkpt><trkpt lat="22.28370166666667" lon="113.98338666666665"><ele>128.6</ele><time>2025-11-01T06:34:48Z</time></trkpt><trkpt lat="22.283724999999997" lon="113.98337500000001"><ele>128.29999999999998</ele><time>2025-11-01T06:34:50Z</time></trkpt><trkpt lat="22.28374666666667" lon="113.98336499999999"><ele>128.29999999999998</ele><time>2025-11-01T06:34:52Z</time></trkpt><trkpt lat="22.283763333333333" lon="113.98335166666666"><ele>128.4</ele><time>2025-11-01T06:34:54Z</time></trkpt><trkpt lat="22.28378" lon="113.98333666666667"><ele>128.5</ele><time>2025-11-01T06:34:56Z</time></trkpt><trkpt lat="22.283799999999996" lon="113.98332333333335"><ele>127.79999999999998</ele><time>2025-11-01T06:34:59Z</time></trkpt><trkpt lat="22.28382333333333" lon="113.98330833333333"><ele>127.4</ele><time>2025-11-01T06:35:02Z</time></trkpt><trkpt lat="22.283846666666665" lon="113.98329333333335"><ele>126.79999999999998</ele><time>2025-11-01T06:35:04Z</time></trkpt><trkpt lat="22.28387" lon="113.98327666666667"><ele>126.0</ele><time>2025-11-01T06:35:06Z</time></trkpt><trkpt lat="22.283894999999998" lon="113.98326666666665"><ele>125.8</ele><time>2025-11-01T06:35:08Z</time></trkpt><trkpt lat="22.283915" lon="113.98325500000001"><ele>125.6</ele><time>2025-11-01T06:35:10Z</time></trkpt><trkpt lat="22.283931666666664" lon="113.98324499999998"><ele>125.0</ele><time>2025-11-01T06:35:13Z</time></trkpt><trkpt lat="22.283945000000003" lon="113.983225"><ele>125.19999999999999</ele><time>2025-11-01T06:35:16Z</time></trkpt><trkpt lat="22.283955" lon="113.98319500000001"><ele>125.3</ele><time>2025-11-01T06:35:18Z</time></trkpt><trkpt lat="22.28397" lon="113.983175"><ele>124.8</ele><time>2025-11-01T06:35:20Z</time></trkpt><trkpt lat="22.283994999999997" lon="113.98316500000001"><ele>124.0</ele><time>2025-11-01T06:35:22Z</time></trkpt><trkpt lat="22.28401" lon="113.98315"><ele>123.1</ele><time>2025-11-01T06:35:24Z</time></trkpt><trkpt lat="22.284023333333334" lon="113.98313000000002"><ele>122.3</ele><time>2025-11-01T06:35:26Z</time></trkpt><trkpt lat="22.284043333333337" lon="113.98310666666666"><ele>121.3</ele><time>2025-11-01T06:35:28Z</time></trkpt><trkpt lat="22.284065000000002" lon="113.983085"><ele>120.6</ele><time>2025-11-01T06:35:30Z</time></trkpt><trkpt lat="22.284088333333337" lon="113.98307333333332"><ele>119.6</ele><time>2025-11-01T06:35:33Z</time></trkpt><trkpt lat="22.284103333333338" lon="113.98306166666667"><ele>118.89999999999999</ele><time>2025-11-01T06:35:35Z</time></trkpt><trkpt lat="22.28412166666667" lon="113.98304333333333"><ele>118.39999999999999</ele><time>2025-11-01T06:35:37Z</time></trkpt><trkpt lat="22.284135" lon="113.98302166666666"><ele>118.19999999999999</ele><time>2025-11-01T06:35:39Z</time></trkpt><trkpt lat="22.284145" lon="113.98300333333333"><ele>117.69999999999999</ele><time>2025-11-01T06:35:41Z</time></trkpt><trkpt lat="22.284158333333334" lon="113.98298000000001"><ele>117.1</ele><time>2025-11-01T06:35:43Z</time></trkpt><trkpt lat="22.28417833333333" lon="113.98296"><ele>116.89999999999999</ele><time>2025-11-01T06:35:45Z</time></trkpt><trkpt lat="22.28419666666667" lon="113.98293666666665"><ele>116.8</ele><time>2025-11-01T06:35:47Z</time></trkpt><trkpt lat="22.284213333333334" lon="113.98292000000001"><ele>116.89999999999999</ele><time>2025-11-01T06:35:49Z</time></trkpt><trkpt lat="22.284231666666663" lon="113.98290833333334"><ele>117.19999999999999</ele><time>2025-11-01T06:35:51Z</time></trkpt><trkpt lat="22.284248333333334" lon="113.98289833333335"><ele>117.3</ele><time>2025-11-01T06:35:53Z</time></trkpt><trkpt lat="22.284266666666667" lon="113.98288666666667"><ele>117.6</ele><time>2025-11-01T06:35:55Z</time></trkpt><trkpt lat="22.28428" lon="113.98287"><ele>118.1</ele><time>2025-11-01T06:35:57Z</time></trkpt><trkpt lat="22.28429833333333" lon="113.98285"><ele>118.6</ele><time>2025-11-01T06:35:59Z</time></trkpt><trkpt lat="22.284311666666667" lon="113.98283166666667"><ele>118.3</ele><time>2025-11-01T06:36:01Z</time></trkpt><trkpt lat="22.284325" lon="113.98280666666666"><ele>118.3</ele><time>2025-11-01T06:36:03Z</time></trkpt><trkpt lat="22.284338333333334" lon="113.98278499999999"><ele>118.6</ele><time>2025-11-01T06:36:06Z</time></trkpt><trkpt lat="22.284351666666666" lon="113.98277000000002"><ele>119.19999999999999</ele><time>2025-11-01T06:36:10Z</time></trkpt><trkpt lat="22.284353333333335" lon="113.98274333333332"><ele>119.69999999999999</ele><time>2025-11-01T06:36:13Z</time></trkpt><trkpt lat="22.284351666666666" lon="113.98271500000001"><ele>119.5</ele><time>2025-11-01T06:36:15Z</time></trkpt><trkpt lat="22.284350000000003" lon="113.98269333333334"><ele>119.5</ele><time>2025-11-01T06:36:17Z</time></trkpt><trkpt lat="22.28434666666667" lon="113.98267"><ele>119.3</ele><time>2025-11-01T06:36:19Z</time></trkpt><trkpt lat="22.284339999999997" lon="113.98264666666667"><ele>119.1</ele><time>2025-11-01T06:36:21Z</time></trkpt><trkpt lat="22.28433166666667" lon="113.98262166666667"><ele>119.1</ele><time>2025-11-01T06:36:23Z</time></trkpt><trkpt lat="22.284325" lon="113.98259833333334"><ele>119.0</ele><time>2025-11-01T06:36:25Z</time></trkpt><trkpt lat="22.284321666666663" lon="113.98257666666665"><ele>118.6</ele><time>2025-11-01T06:36:27Z</time></trkpt><trkpt lat="22.284315" lon="113.98255499999999"><ele>118.89999999999999</ele><time>2025-11-01T06:36:29Z</time></trkpt><trkpt lat="22.284315" lon="113.98253500000001"><ele>119.3</ele><time>2025-11-01T06:36:31Z</time></trkpt><trkpt lat="22.284321666666663" lon="113.98251"><ele>119.8</ele><time>2025-11-01T06:36:33Z</time></trkpt><trkpt lat="22.284333333333333" lon="113.98248833333334"><ele>120.0</ele><time>2025-11-01T06:36:35Z</time></trkpt><trkpt lat="22.28434666666667" lon="113.98246499999999"><ele>120.19999999999999</ele><time>2025-11-01T06:36:37Z</time></trkpt><trkpt lat="22.28436166666667" lon="113.98244500000001"><ele>120.89999999999999</ele><time>2025-11-01T06:36:39Z</time></trkpt><trkpt lat="22.284368333333337" lon="113.98242166666665"><ele>121.19999999999999</ele><time>2025-11-01T06:36:41Z</time></trkpt><trkpt lat="22.284381666666665" lon="113.9824"><ele>121.0</ele><time>2025-11-01T06:36:43Z</time></trkpt><trkpt lat="22.284395000000004" lon="113.98238666666666"><ele>120.5</ele><time>2025-11-01T06:36:45Z</time></trkpt><trkpt lat="22.284399999999998" lon="113.98236666666665"><ele>120.3</ele><time>2025-11-01T06:36:47Z</time></trkpt><trkpt lat="22.284399999999998" lon="113.98234666666667"><ele>120.0</ele><time>2025-11-01T06:36:49Z</time></trkpt><trkpt lat="22.28440666666667" lon="113.982325"><ele>120.0</ele><time>2025-11-01T06:36:51Z</time></trkpt><trkpt lat="22.28442166666667" lon="113.98231"><ele>119.8</ele><time>2025-11-01T06:36:54Z</time></trkpt><trkpt lat="22.284431666666666" lon="113.98228833333333"><ele>119.89999999999999</ele><time>2025-11-01T06:36:57Z</time></trkpt><trkpt lat="22.28443333333333" lon="113.98226500000001"><ele>119.89999999999999</ele><time>2025-11-01T06:36:59Z</time></trkpt><trkpt lat="22.284444999999998" lon="113.98223833333334"><ele>119.89999999999999</ele><time>2025-11-01T06:37:01Z</time></trkpt><trkpt lat="22.284455" lon="113.98221833333334"><ele>119.8</ele><time>2025-11-01T06:37:03Z</time></trkpt><trkpt lat="22.28446166666667" lon="113.98218666666668"><ele>119.69999999999999</ele><time>2025-11-01T06:37:05Z</time></trkpt><trkpt lat="22.28446666666667" lon="113.98216333333333"><ele>119.69999999999999</ele><time>2025-11-01T06:37:07Z</time></trkpt><trkpt lat="22.28448" lon="113.98214000000002"><ele>119.0</ele><time>2025-11-01T06:37:09Z</time></trkpt><trkpt lat="22.28449833333333" lon="113.98211500000001"><ele>118.3</ele><time>2025-11-01T06:37:11Z</time></trkpt><trkpt lat="22.28451" lon="113.982095"><ele>117.5</ele><time>2025-11-01T06:37:13Z</time></trkpt><trkpt lat="22.284525" lon="113.98207333333333"><ele>116.69999999999999</ele><time>2025-11-01T06:37:15Z</time></trkpt><trkpt lat="22.284534999999998" lon="113.98205333333333"><ele>115.8</ele><time>2025-11-01T06:37:17Z</time></trkpt><trkpt lat="22.284548333333337" lon="113.98203166666666"><ele>115.19999999999999</ele><time>2025-11-01T06:37:19Z</time></trkpt><trkpt lat="22.28455666666667" lon="113.98201166666668"><ele>114.8</ele><time>2025-11-01T06:37:21Z</time></trkpt><trkpt lat="22.284560000000003" lon="113.98198833333332"><ele>114.8</ele><time>2025-11-01T06:37:23Z</time></trkpt><trkpt lat="22.284573333333334" lon="113.981965"><ele>114.8</ele><time>2025-11-01T06:37:25Z</time></trkpt><trkpt lat="22.28459" lon="113.98195499999999"><ele>115.0</ele><time>2025-11-01T06:37:27Z</time></trkpt><trkpt lat="22.284611666666667" lon="113.98194833333334"><ele>115.19999999999999</ele><time>2025-11-01T06:37:29Z</time></trkpt><trkpt lat="22.284633333333332" lon="113.98194666666669"><ele>115.39999999999999</ele><time>2025-11-01T06:37:31Z</time></trkpt><trkpt lat="22.284653333333335" lon="113.98194666666669"><ele>115.6</ele><time>2025-11-01T06:37:33Z</time></trkpt><trkpt lat="22.284675" lon="113.98195499999999"><ele>115.8</ele><time>2025-11-01T06:37:35Z</time></trkpt><trkpt lat="22.28468833333333" lon="113.98194"><ele>116.1</ele><time>2025-11-01T06:37:38Z</time></trkpt><trkpt lat="22.284699999999997" lon="113.98191333333334"><ele>116.89999999999999</ele><time>2025-11-01T06:37:42Z</time></trkpt><trkpt lat="22.284715" lon="113.98189499999998"><ele>117.0</ele><time>2025-11-01T06:37:44Z</time></trkpt><trkpt lat="22.28473333333333" lon="113.98187666666666"><ele>117.3</ele><time>2025-11-01T06:37:47Z</time></trkpt><trkpt lat="22.28476" lon="113.98187666666666"><ele>118.6</ele><time>2025-11-01T06:37:50Z</time></trkpt><trkpt lat="22.284778333333332" lon="113.98188"><ele>119.5</ele><time>2025-11-01T06:37:52Z</time></trkpt><trkpt lat="22.284803333333336" lon="113.98188666666668"><ele>120.5</ele><time>2025-11-01T06:37:55Z</time></trkpt><trkpt lat="22.28482166666667" lon="113.98188999999999"><ele>121.0</ele><time>2025-11-01T06:37:57Z</time></trkpt><trkpt lat="22.284848333333336" lon="113.98190500000001"><ele>121.6</ele><time>2025-11-01T06:37:59Z</time></trkpt><trkpt lat="22.284868333333332" lon="113.98190000000001"><ele>118.6</ele><time>2025-11-01T06:38:12Z</time></trkpt><trkpt lat="22.284890000000004" lon="113.98190166666667"><ele>117.5</ele><time>2025-11-01T06:38:18Z</time></trkpt><trkpt lat="22.284915" lon="113.98191"><ele>116.8</ele><time>2025-11-01T06:38:21Z</time></trkpt><trkpt lat="22.28494" lon="113.98191"><ele>116.19999999999999</ele><time>2025-11-01T06:38:23Z</time></trkpt><trkpt lat="22.284966666666666" lon="113.98190166666667"><ele>115.39999999999999</ele><time>2025-11-01T06:38:25Z</time></trkpt><trkpt lat="22.28499" lon="113.98190500000001"><ele>114.8</ele><time>2025-11-01T06:38:27Z</time></trkpt><trkpt lat="22.285011666666666" lon="113.98191166666666"><ele>114.1</ele><time>2025-11-01T06:38:29Z</time></trkpt><trkpt lat="22.285036666666663" lon="113.98191666666668"><ele>113.69999999999999</ele><time>2025-11-01T06:38:32Z</time></trkpt><trkpt lat="22.285056666666666" lon="113.981915"><ele>114.39999999999999</ele><time>2025-11-01T06:38:35Z</time></trkpt><trkpt lat="22.285075" lon="113.98191833333334"><ele>114.8</ele><time>2025-11-01T06:38:37Z</time></trkpt><trkpt lat="22.285095000000002" lon="113.98191666666668"><ele>114.8</ele><time>2025-11-01T06:38:39Z</time></trkpt><trkpt lat="22.285116666666667" lon="113.98191"><ele>114.6</ele><time>2025-11-01T06:38:41Z</time></trkpt><trkpt lat="22.285138333333332" lon="113.98189833333332"><ele>114.19999999999999</ele><time>2025-11-01T06:38:43Z</time></trkpt><trkpt lat="22.285158333333335" lon="113.98188"><ele>113.3</ele><time>2025-11-01T06:38:45Z</time></trkpt><trkpt lat="22.28517" lon="113.98186"><ele>112.39999999999999</ele><time>2025-11-01T06:38:47Z</time></trkpt><trkpt lat="22.285186666666664" lon="113.98183833333333"><ele>111.0</ele><time>2025-11-01T06:38:49Z</time></trkpt><trkpt lat="22.285206666666667" lon="113.98182999999999"><ele>109.89999999999999</ele><time>2025-11-01T06:38:51Z</time></trkpt><trkpt lat="22.285234999999997" lon="113.98182333333334"><ele>108.89999999999999</ele><time>2025-11-01T06:38:53Z</time></trkpt><trkpt lat="22.285264999999995" lon="113.98183333333333"><ele>107.89999999999999</ele><time>2025-11-01T06:38:55Z</time></trkpt><trkpt lat="22.285296666666667" lon="113.98184666666666"><ele>107.0</ele><time>2025-11-01T06:38:57Z</time></trkpt><trkpt lat="22.285320000000002" lon="113.98185666666669"><ele>106.3</ele><time>2025-11-01T06:38:59Z</time></trkpt><trkpt lat="22.285341666666667" lon="113.98186333333334"><ele>106.1</ele><time>2025-11-01T06:39:01Z</time></trkpt><trkpt lat="22.285363333333333" lon="113.98187666666666"><ele>105.39999999999999</ele><time>2025-11-01T06:39:04Z</time></trkpt><trkpt lat="22.285386666666668" lon="113.98189333333333"><ele>104.3</ele><time>2025-11-01T06:39:07Z</time></trkpt><trkpt lat="22.28540333333334" lon="113.98191"><ele>104.1</ele><time>2025-11-01T06:39:09Z</time></trkpt><trkpt lat="22.285428333333336" lon="113.98192166666668"><ele>103.89999999999999</ele><time>2025-11-01T06:39:11Z</time></trkpt><trkpt lat="22.285444999999996" lon="113.98193"><ele>103.6</ele><time>2025-11-01T06:39:13Z</time></trkpt><trkpt lat="22.285459999999997" lon="113.981945"><ele>103.19999999999999</ele><time>2025-11-01T06:39:16Z</time></trkpt><trkpt lat="22.285455000000002" lon="113.98196666666666"><ele>101.8</ele><time>2025-11-01T06:39:20Z</time></trkpt><trkpt lat="22.285443333333333" lon="113.98198166666667"><ele>101.5</ele><time>2025-11-01T06:39:24Z</time></trkpt><trkpt lat="22.28545166666667" lon="113.98200999999999"><ele>101.5</ele><time>2025-11-01T06:39:45Z</time></trkpt><trkpt lat="22.28547" lon="113.98201666666667"><ele>101.19999999999999</ele><time>2025-11-01T06:39:47Z</time></trkpt><trkpt lat="22.285489999999996" lon="113.98201166666668"><ele>100.89999999999999</ele><time>2025-11-01T06:39:49Z</time></trkpt><trkpt lat="22.28551" lon="113.98200833333334"><ele>100.8</ele><time>2025-11-01T06:39:51Z</time></trkpt><trkpt lat="22.285531666666664" lon="113.98200666666668"><ele>100.39999999999999</ele><time>2025-11-01T06:39:53Z</time></trkpt><trkpt lat="22.285553333333336" lon="113.982"><ele>99.89999999999999</ele><time>2025-11-01T06:39:55Z</time></trkpt><trkpt lat="22.285573333333332" lon="113.98199500000001"><ele>99.5</ele><time>2025-11-01T06:39:57Z</time></trkpt><trkpt lat="22.285593333333335" lon="113.98200333333334"><ele>98.89999999999999</ele><time>2025-11-01T06:40:00Z</time></trkpt><trkpt lat="22.285615" lon="113.98201166666668"><ele>98.5</ele><time>2025-11-01T06:40:03Z</time></trkpt><trkpt lat="22.285635000000003" lon="113.98201166666668"><ele>98.19999999999999</ele><time>2025-11-01T06:40:05Z</time></trkpt><trkpt lat="22.285663333333332" lon="113.98200666666668"><ele>98.19999999999999</ele><time>2025-11-01T06:40:07Z</time></trkpt><trkpt lat="22.285684999999997" lon="113.98200833333334"><ele>98.5</ele><time>2025-11-01T06:40:09Z</time></trkpt><trkpt lat="22.28570333333333" lon="113.982005"><ele>98.5</ele><time>2025-11-01T06:40:11Z</time></trkpt><trkpt lat="22.285725000000003" lon="113.98200166666666"><ele>98.19999999999999</ele><time>2025-11-01T06:40:13Z</time></trkpt><trkpt lat="22.285746666666668" lon="113.98199833333335"><ele>98.0</ele><time>2025-11-01T06:40:15Z</time></trkpt><trkpt lat="22.285768333333333" lon="113.98198833333332"><ele>97.69999999999999</ele><time>2025-11-01T06:40:17Z</time></trkpt><trkpt lat="22.285788333333336" lon="113.98197833333333"><ele>97.19999999999999</ele><time>2025-11-01T06:40:19Z</time></trkpt><trkpt lat="22.285800000000002" lon="113.98196333333333"><ele>96.1</ele><time>2025-11-01T06:40:21Z</time></trkpt><trkpt lat="22.285815000000003" lon="113.98194333333335"><ele>94.89999999999999</ele><time>2025-11-01T06:40:24Z</time></trkpt><trkpt lat="22.285835" lon="113.98192499999999"><ele>94.5</ele><time>2025-11-01T06:40:26Z</time></trkpt><trkpt lat="22.28585666666667" lon="113.98190666666666"><ele>93.89999999999999</ele><time>2025-11-01T06:40:28Z</time></trkpt><trkpt lat="22.28587166666667" lon="113.98188999999999"><ele>93.6</ele><time>2025-11-01T06:40:30Z</time></trkpt><trkpt lat="22.285888333333332" lon="113.98187333333333"><ele>92.8</ele><time>2025-11-01T06:40:33Z</time></trkpt><trkpt lat="22.285906666666666" lon="113.98186166666667"><ele>93.1</ele><time>2025-11-01T06:40:35Z</time></trkpt><trkpt lat="22.28592" lon="113.98184833333335"><ele>93.3</ele><time>2025-11-01T06:40:37Z</time></trkpt><trkpt lat="22.285938333333334" lon="113.98183499999999"><ele>93.5</ele><time>2025-11-01T06:40:39Z</time></trkpt><trkpt lat="22.285954999999998" lon="113.98181333333332"><ele>93.89999999999999</ele><time>2025-11-01T06:40:41Z</time></trkpt><trkpt lat="22.285965" lon="113.98179666666668"><ele>93.89999999999999</ele><time>2025-11-01T06:40:43Z</time></trkpt><trkpt lat="22.285980000000002" lon="113.981785"><ele>93.89999999999999</ele><time>2025-11-01T06:40:45Z</time></trkpt><trkpt lat="22.286001666666667" lon="113.98178333333333"><ele>94.0</ele><time>2025-11-01T06:40:48Z</time></trkpt><trkpt lat="22.286025000000002" lon="113.98179499999999"><ele>93.69999999999999</ele><time>2025-11-01T06:40:50Z</time></trkpt><trkpt lat="22.28604833333333" lon="113.98179833333333"><ele>93.6</ele><time>2025-11-01T06:40:52Z</time></trkpt><trkpt lat="22.286074999999997" lon="113.98180666666667"><ele>92.89999999999999</ele><time>2025-11-01T06:40:55Z</time></trkpt><trkpt lat="22.28609666666667" lon="113.98180333333333"><ele>92.3</ele><time>2025-11-01T06:40:58Z</time></trkpt><trkpt lat="22.286121666666666" lon="113.98180166666667"><ele>92.1</ele><time>2025-11-01T06:41:01Z</time></trkpt><trkpt lat="22.28614333333333" lon="113.98179666666668"><ele>91.3</ele><time>2025-11-01T06:41:04Z</time></trkpt><trkpt lat="22.286164999999997" lon="113.98179"><ele>90.1</ele><time>2025-11-01T06:41:07Z</time></trkpt><trkpt lat="22.28619" lon="113.98178000000001"><ele>89.69999999999999</ele><time>2025-11-01T06:41:10Z</time></trkpt><trkpt lat="22.286203333333333" lon="113.981765"><ele>89.19999999999999</ele><time>2025-11-01T06:41:12Z</time></trkpt><trkpt lat="22.286218333333334" lon="113.98175166666667"><ele>88.6</ele><time>2025-11-01T06:41:15Z</time></trkpt><trkpt lat="22.286238333333337" lon="113.98174333333333"><ele>88.1</ele><time>2025-11-01T06:41:17Z</time></trkpt><trkpt lat="22.286261666666665" lon="113.98173166666666"><ele>87.6</ele><time>2025-11-01T06:41:19Z</time></trkpt><trkpt lat="22.286283333333337" lon="113.98172333333332"><ele>87.0</ele><time>2025-11-01T06:41:21Z</time></trkpt><trkpt lat="22.286313333333336" lon="113.98171333333333"><ele>86.6</ele><time>2025-11-01T06:41:23Z</time></trkpt><trkpt lat="22.286336666666664" lon="113.98170666666668"><ele>86.19999999999999</ele><time>2025-11-01T06:41:25Z</time></trkpt><trkpt lat="22.286356666666666" lon="113.98170333333334"><ele>85.6</ele><time>2025-11-01T06:41:27Z</time></trkpt><trkpt lat="22.286375" lon="113.98169666666666"><ele>85.19999999999999</ele><time>2025-11-01T06:41:29Z</time></trkpt><trkpt lat="22.28639333333333" lon="113.98168833333332"><ele>85.1</ele><time>2025-11-01T06:41:31Z</time></trkpt><trkpt lat="22.28640833333333" lon="113.981675"><ele>85.0</ele><time>2025-11-01T06:41:34Z</time></trkpt><trkpt lat="22.286428333333333" lon="113.981665"><ele>85.1</ele><time>2025-11-01T06:41:37Z</time></trkpt><trkpt lat="22.286448333333336" lon="113.98166166666667"><ele>84.89999999999999</ele><time>2025-11-01T06:41:40Z</time></trkpt><trkpt lat="22.28646666666667" lon="113.98166166666667"><ele>84.5</ele><time>2025-11-01T06:41:42Z</time></trkpt><trkpt lat="22.28648333333333" lon="113.98164833333334"><ele>84.0</ele><time>2025-11-01T06:41:44Z</time></trkpt><trkpt lat="22.2865" lon="113.98164"><ele>83.19999999999999</ele><time>2025-11-01T06:41:47Z</time></trkpt><trkpt lat="22.28651166666667" lon="113.98162166666667"><ele>81.89999999999999</ele><time>2025-11-01T06:41:50Z</time></trkpt><trkpt lat="22.286526666666667" lon="113.98161"><ele>81.0</ele><time>2025-11-01T06:41:52Z</time></trkpt><trkpt lat="22.28654333333333" lon="113.98159666666668"><ele>80.0</ele><time>2025-11-01T06:41:54Z</time></trkpt><trkpt lat="22.28656" lon="113.98158"><ele>79.0</ele><time>2025-11-01T06:41:56Z</time></trkpt><trkpt lat="22.286580000000004" lon="113.98156499999999"><ele>78.19999999999999</ele><time>2025-11-01T06:41:58Z</time></trkpt><trkpt lat="22.286605" lon="113.981555"><ele>77.19999999999999</ele><time>2025-11-01T06:42:01Z</time></trkpt><trkpt lat="22.286625000000004" lon="113.98155833333334"><ele>76.1</ele><time>2025-11-01T06:42:04Z</time></trkpt><trkpt lat="22.286648333333332" lon="113.98155166666666"><ele>75.39999999999999</ele><time>2025-11-01T06:42:07Z</time></trkpt><trkpt lat="22.286666666666665" lon="113.98155"><ele>75.1</ele><time>2025-11-01T06:42:09Z</time></trkpt><trkpt lat="22.28667833333333" lon="113.98153499999998"><ele>74.89999999999999</ele><time>2025-11-01T06:42:20Z</time></trkpt><trkpt lat="22.286695" lon="113.98150666666668"><ele>74.5</ele><time>2025-11-01T06:42:22Z</time></trkpt><trkpt lat="22.286713333333335" lon="113.98148"><ele>74.39999999999999</ele><time>2025-11-01T06:42:24Z</time></trkpt><trkpt lat="22.286731666666665" lon="113.981465"><ele>74.19999999999999</ele><time>2025-11-01T06:42:26Z</time></trkpt><trkpt lat="22.286744999999996" lon="113.98144166666667"><ele>74.0</ele><time>2025-11-01T06:42:29Z</time></trkpt><trkpt lat="22.286756666666665" lon="113.98142333333332"><ele>73.69999999999999</ele><time>2025-11-01T06:42:31Z</time></trkpt><trkpt lat="22.286773333333333" lon="113.98140333333335"><ele>73.8</ele><time>2025-11-01T06:42:34Z</time></trkpt><trkpt lat="22.28679833333333" lon="113.98139666666665"><ele>75.0</ele><time>2025-11-01T06:42:38Z</time></trkpt><trkpt lat="22.286818333333333" lon="113.98139"><ele>75.6</ele><time>2025-11-01T06:42:40Z</time></trkpt><trkpt lat="22.286839999999998" lon="113.98138166666668"><ele>76.8</ele><time>2025-11-01T06:42:43Z</time></trkpt><trkpt lat="22.286863333333333" lon="113.98137666666668"><ele>77.69999999999999</ele><time>2025-11-01T06:42:46Z</time></trkpt><trkpt lat="22.28688833333333" lon="113.98137"><ele>78.0</ele><time>2025-11-01T06:42:49Z</time></trkpt><trkpt lat="22.286906666666663" lon="113.98136500000001"><ele>78.0</ele><time>2025-11-01T06:42:52Z</time></trkpt><trkpt lat="22.286929999999998" lon="113.98136166666667"><ele>77.6</ele><time>2025-11-01T06:42:55Z</time></trkpt><trkpt lat="22.28694833333333" lon="113.98136500000001"><ele>77.39999999999999</ele><time>2025-11-01T06:42:57Z</time></trkpt><trkpt lat="22.286939999999998" lon="113.98134499999999"><ele>76.6</ele><time>2025-11-01T06:43:05Z</time></trkpt><trkpt lat="22.286938333333335" lon="113.98136833333335"><ele>75.6</ele><time>2025-11-01T06:43:15Z</time></trkpt><trkpt lat="22.28694833333333" lon="113.98139"><ele>74.3</ele><time>2025-11-01T06:43:24Z</time></trkpt><trkpt lat="22.286923333333334" lon="113.98139833333335"><ele>79.5</ele><time>2025-11-01T06:44:35Z</time></trkpt><trkpt lat="22.28690333333333" lon="113.98138499999999"><ele>79.5</ele><time>2025-11-01T06:44:38Z</time></trkpt><trkpt lat="22.286883333333336" lon="113.98138499999999"><ele>79.6</ele><time>2025-11-01T06:44:40Z</time></trkpt><trkpt lat="22.286866666666665" lon="113.98139833333335"><ele>79.89999999999999</ele><time>2025-11-01T06:44:51Z</time></trkpt><trkpt lat="22.286841666666668" lon="113.98139833333335"><ele>79.3</ele><time>2025-11-01T06:44:54Z</time></trkpt><trkpt lat="22.286818333333333" lon="113.98141"><ele>78.6</ele><time>2025-11-01T06:44:56Z</time></trkpt><trkpt lat="22.286793333333335" lon="113.98142000000001"><ele>77.5</ele><time>2025-11-01T06:44:58Z</time></trkpt><trkpt lat="22.28676833333333" lon="113.981425"><ele>76.39999999999999</ele><time>2025-11-01T06:45:00Z</time></trkpt><trkpt lat="22.286748333333335" lon="113.98143499999999"><ele>75.39999999999999</ele><time>2025-11-01T06:45:02Z</time></trkpt><trkpt lat="22.286728333333333" lon="113.98144166666667"><ele>74.6</ele><time>2025-11-01T06:45:04Z</time></trkpt><trkpt lat="22.286715000000004" lon="113.98146166666666"><ele>73.39999999999999</ele><time>2025-11-01T06:45:08Z</time></trkpt><trkpt lat="22.286718333333337" lon="113.98148166666667"><ele>73.3</ele><time>2025-11-01T06:45:11Z</time></trkpt><trkpt lat="22.286713333333335" lon="113.98150666666668"><ele>73.0</ele><time>2025-11-01T06:45:14Z</time></trkpt><trkpt lat="22.286713333333335" lon="113.98152666666668"><ele>73.0</ele><time>2025-11-01T06:45:16Z</time></trkpt><trkpt lat="22.286718333333337" lon="113.98154666666666"><ele>73.19999999999999</ele><time>2025-11-01T06:45:19Z</time></trkpt><trkpt lat="22.286741666666664" lon="113.98154833333335"><ele>73.5</ele><time>2025-11-01T06:45:23Z</time></trkpt><trkpt lat="22.286765" lon="113.98155166666666"><ele>73.6</ele><time>2025-11-01T06:45:26Z</time></trkpt><trkpt lat="22.286789999999996" lon="113.98154833333335"><ele>73.3</ele><time>2025-11-01T06:45:28Z</time></trkpt><trkpt lat="22.28681" lon="113.98155333333334"><ele>73.0</ele><time>2025-11-01T06:45:30Z</time></trkpt><trkpt lat="22.286815" lon="113.98157333333332"><ele>72.5</ele><time>2025-11-01T06:45:34Z</time></trkpt><trkpt lat="22.286830000000002" lon="113.98159499999998"><ele>72.5</ele><time>2025-11-01T06:45:37Z</time></trkpt><trkpt lat="22.286849999999998" lon="113.98161166666665"><ele>72.69999999999999</ele><time>2025-11-01T06:45:39Z</time></trkpt><trkpt lat="22.286861666666663" lon="113.98163000000001"><ele>73.0</ele><time>2025-11-01T06:45:41Z</time></trkpt><trkpt lat="22.28688833333333" lon="113.98164166666666"><ele>73.39999999999999</ele><time>2025-11-01T06:45:43Z</time></trkpt><trkpt lat="22.286906666666663" lon="113.98164999999999"><ele>73.1</ele><time>2025-11-01T06:45:45Z</time></trkpt><trkpt lat="22.286926666666666" lon="113.98165333333333"><ele>72.69999999999999</ele><time>2025-11-01T06:45:47Z</time></trkpt><trkpt lat="22.286951666666663" lon="113.98166333333332"><ele>71.8</ele><time>2025-11-01T06:45:50Z</time></trkpt><trkpt lat="22.286971666666666" lon="113.98167166666666"><ele>71.3</ele><time>2025-11-01T06:45:52Z</time></trkpt><trkpt lat="22.28699166666667" lon="113.98168166666667"><ele>70.8</ele><time>2025-11-01T06:45:54Z</time></trkpt><trkpt lat="22.287018333333336" lon="113.98168833333332"><ele>70.89999999999999</ele><time>2025-11-01T06:45:57Z</time></trkpt><trkpt lat="22.287035" lon="113.98169833333334"><ele>70.69999999999999</ele><time>2025-11-01T06:45:59Z</time></trkpt><trkpt lat="22.287055000000002" lon="113.98170833333333"><ele>70.19999999999999</ele><time>2025-11-01T06:46:01Z</time></trkpt><trkpt lat="22.287071666666666" lon="113.98171833333332"><ele>69.89999999999999</ele><time>2025-11-01T06:46:03Z</time></trkpt><trkpt lat="22.28709666666667" lon="113.98172333333332"><ele>68.6</ele><time>2025-11-01T06:46:06Z</time></trkpt><trkpt lat="22.287115000000004" lon="113.98171666666667"><ele>67.8</ele><time>2025-11-01T06:46:08Z</time></trkpt><trkpt lat="22.287136666666665" lon="113.98171333333333"><ele>66.89999999999999</ele><time>2025-11-01T06:46:10Z</time></trkpt><trkpt lat="22.287161666666666" lon="113.98170999999999"><ele>66.19999999999999</ele><time>2025-11-01T06:46:13Z</time></trkpt><trkpt lat="22.287185" lon="113.9817"><ele>65.69999999999999</ele><time>2025-11-01T06:46:16Z</time></trkpt><trkpt lat="22.287209999999998" lon="113.98169000000001"><ele>65.0</ele><time>2025-11-01T06:46:19Z</time></trkpt><trkpt lat="22.287235000000003" lon="113.98168166666667"><ele>64.0</ele><time>2025-11-01T06:46:22Z</time></trkpt><trkpt lat="22.287253333333336" lon="113.98167666666669"><ele>63.4</ele><time>2025-11-01T06:46:24Z</time></trkpt><trkpt lat="22.28727666666667" lon="113.98167333333335"><ele>63.300000000000004</ele><time>2025-11-01T06:46:27Z</time></trkpt><trkpt lat="22.287295000000004" lon="113.98167166666666"><ele>63.699999999999996</ele><time>2025-11-01T06:46:29Z</time></trkpt><trkpt lat="22.28732" lon="113.98167166666666"><ele>63.6</ele><time>2025-11-01T06:46:31Z</time></trkpt><trkpt lat="22.287341666666666" lon="113.98167"><ele>63.800000000000004</ele><time>2025-11-01T06:46:33Z</time></trkpt><trkpt lat="22.287363333333328" lon="113.981675"><ele>62.699999999999996</ele><time>2025-11-01T06:46:36Z</time></trkpt><trkpt lat="22.287385000000004" lon="113.98168"><ele>62.0</ele><time>2025-11-01T06:46:39Z</time></trkpt><trkpt lat="22.287406666666666" lon="113.98167833333333"><ele>61.4</ele><time>2025-11-01T06:46:41Z</time></trkpt><trkpt lat="22.287425" lon="113.98168166666667"><ele>60.800000000000004</ele><time>2025-11-01T06:46:43Z</time></trkpt><trkpt lat="22.287451666666666" lon="113.98168833333332"><ele>60.2</ele><time>2025-11-01T06:46:46Z</time></trkpt><trkpt lat="22.28747333333333" lon="113.98169166666666"><ele>59.800000000000004</ele><time>2025-11-01T06:46:48Z</time></trkpt><trkpt lat="22.287493333333334" lon="113.98169166666666"><ele>59.7</ele><time>2025-11-01T06:46:50Z</time></trkpt><trkpt lat="22.287515" lon="113.98169166666666"><ele>59.6</ele><time>2025-11-01T06:46:52Z</time></trkpt><trkpt lat="22.287536666666664" lon="113.98169833333334"><ele>59.2</ele><time>2025-11-01T06:46:55Z</time></trkpt><trkpt lat="22.28756333333333" lon="113.98170333333334"><ele>58.800000000000004</ele><time>2025-11-01T06:46:58Z</time></trkpt><trkpt lat="22.287581666666664" lon="113.98170666666668"><ele>58.2</ele><time>2025-11-01T06:47:00Z</time></trkpt><trkpt lat="22.28760666666667" lon="113.98170166666665"><ele>58.1</ele><time>2025-11-01T06:47:03Z</time></trkpt><trkpt lat="22.287628333333334" lon="113.98169000000001"><ele>58.0</ele><time>2025-11-01T06:47:05Z</time></trkpt><trkpt lat="22.28764833333333" lon="113.981675"><ele>58.4</ele><time>2025-11-01T06:47:07Z</time></trkpt><trkpt lat="22.28766666666667" lon="113.981665"><ele>58.300000000000004</ele><time>2025-11-01T06:47:09Z</time></trkpt><trkpt lat="22.287676666666666" lon="113.98164666666668"><ele>58.5</ele><time>2025-11-01T06:47:11Z</time></trkpt><trkpt lat="22.28768" lon="113.98162666666667"><ele>58.1</ele><time>2025-11-01T06:47:19Z</time></trkpt><trkpt lat="22.287685000000003" lon="113.98164833333334"><ele>57.7</ele><time>2025-11-01T06:47:26Z</time></trkpt><trkpt lat="22.28768" lon="113.98162499999998"><ele>56.800000000000004</ele><time>2025-11-01T06:47:31Z</time></trkpt><trkpt lat="22.28769333333333" lon="113.981605"><ele>56.7</ele><time>2025-11-01T06:47:33Z</time></trkpt><trkpt lat="22.287703333333337" lon="113.98158166666666"><ele>56.7</ele><time>2025-11-01T06:47:35Z</time></trkpt><trkpt lat="22.287713333333333" lon="113.98155666666668"><ele>56.7</ele><time>2025-11-01T06:47:37Z</time></trkpt><trkpt lat="22.287725000000002" lon="113.98153666666667"><ele>56.5</ele><time>2025-11-01T06:47:39Z</time></trkpt><trkpt lat="22.287734999999998" lon="113.981515"><ele>56.0</ele><time>2025-11-01T06:47:41Z</time></trkpt><trkpt lat="22.287745000000005" lon="113.981495"><ele>55.300000000000004</ele><time>2025-11-01T06:47:43Z</time></trkpt><trkpt lat="22.287758333333333" lon="113.98147333333333"><ele>54.9</ele><time>2025-11-01T06:47:45Z</time></trkpt><trkpt lat="22.287778333333335" lon="113.98145166666667"><ele>54.7</ele><time>2025-11-01T06:47:47Z</time></trkpt><trkpt lat="22.287795" lon="113.98143499999999"><ele>54.0</ele><time>2025-11-01T06:47:49Z</time></trkpt><trkpt lat="22.287806666666665" lon="113.98142000000001"><ele>53.5</ele><time>2025-11-01T06:47:51Z</time></trkpt><trkpt lat="22.28781333333333" lon="113.981395"><ele>53.4</ele><time>2025-11-01T06:47:53Z</time></trkpt><trkpt lat="22.287826666666668" lon="113.98137333333334"><ele>52.800000000000004</ele><time>2025-11-01T06:47:56Z</time></trkpt><trkpt lat="22.287848333333333" lon="113.98136000000001"><ele>52.4</ele><time>2025-11-01T06:47:58Z</time></trkpt><trkpt lat="22.287869999999998" lon="113.98134499999999"><ele>52.2</ele><time>2025-11-01T06:48:00Z</time></trkpt><trkpt lat="22.28789" lon="113.98132833333332"><ele>51.9</ele><time>2025-11-01T06:48:02Z</time></trkpt><trkpt lat="22.287913333333336" lon="113.98132"><ele>51.4</ele><time>2025-11-01T06:48:04Z</time></trkpt><trkpt lat="22.287936666666663" lon="113.98131166666666"><ele>50.9</ele><time>2025-11-01T06:48:06Z</time></trkpt><trkpt lat="22.287958333333336" lon="113.98131"><ele>50.300000000000004</ele><time>2025-11-01T06:48:08Z</time></trkpt><trkpt lat="22.287970000000005" lon="113.98128999999999"><ele>49.6</ele><time>2025-11-01T06:48:12Z</time></trkpt><trkpt lat="22.28798" lon="113.98127000000001"><ele>49.4</ele><time>2025-11-01T06:48:14Z</time></trkpt><trkpt lat="22.287996666666665" lon="113.98125499999999"><ele>48.800000000000004</ele><time>2025-11-01T06:48:16Z</time></trkpt><trkpt lat="22.288015000000005" lon="113.98124000000001"><ele>48.300000000000004</ele><time>2025-11-01T06:48:18Z</time></trkpt><trkpt lat="22.288040000000002" lon="113.98123333333334"><ele>47.300000000000004</ele><time>2025-11-01T06:48:21Z</time></trkpt><trkpt lat="22.288055" lon="113.98122166666666"><ele>46.6</ele><time>2025-11-01T06:48:23Z</time></trkpt><trkpt lat="22.28807" lon="113.98120500000002"><ele>46.0</ele><time>2025-11-01T06:48:25Z</time></trkpt><trkpt lat="22.28808333333333" lon="113.98118833333335"><ele>45.5</ele><time>2025-11-01T06:48:27Z</time></trkpt><trkpt lat="22.288095" lon="113.98116999999999"><ele>45.1</ele><time>2025-11-01T06:48:29Z</time></trkpt><trkpt lat="22.28811166666667" lon="113.98115333333332"><ele>44.9</ele><time>2025-11-01T06:48:31Z</time></trkpt><trkpt lat="22.288123333333335" lon="113.981135"><ele>44.6</ele><time>2025-11-01T06:48:33Z</time></trkpt><trkpt lat="22.288138333333336" lon="113.98111833333333"><ele>44.300000000000004</ele><time>2025-11-01T06:48:35Z</time></trkpt><trkpt lat="22.288155" lon="113.981105"><ele>43.800000000000004</ele><time>2025-11-01T06:48:37Z</time></trkpt><trkpt lat="22.288169999999997" lon="113.98109000000001"><ele>43.6</ele><time>2025-11-01T06:48:39Z</time></trkpt><trkpt lat="22.28818833333333" lon="113.98107166666665"><ele>43.5</ele><time>2025-11-01T06:48:41Z</time></trkpt><trkpt lat="22.288203333333332" lon="113.98104833333333"><ele>43.2</ele><time>2025-11-01T06:48:43Z</time></trkpt><trkpt lat="22.288214999999997" lon="113.98102500000002"><ele>43.0</ele><time>2025-11-01T06:48:45Z</time></trkpt><trkpt lat="22.288228333333336" lon="113.98100833333335"><ele>42.2</ele><time>2025-11-01T06:48:47Z</time></trkpt><trkpt lat="22.288241666666668" lon="113.98098833333333"><ele>41.300000000000004</ele><time>2025-11-01T06:48:49Z</time></trkpt><trkpt lat="22.288259999999998" lon="113.98097000000001"><ele>40.7</ele><time>2025-11-01T06:48:51Z</time></trkpt><trkpt lat="22.288273333333336" lon="113.98095166666666"><ele>40.1</ele><time>2025-11-01T06:48:53Z</time></trkpt><trkpt lat="22.288288333333337" lon="113.98093666666666"><ele>39.4</ele><time>2025-11-01T06:48:55Z</time></trkpt><trkpt lat="22.28830833333333" lon="113.98091833333335"><ele>38.9</ele><time>2025-11-01T06:48:57Z</time></trkpt><trkpt lat="22.288326666666663" lon="113.98090500000002"><ele>38.4</ele><time>2025-11-01T06:48:59Z</time></trkpt><trkpt lat="22.288341666666664" lon="113.980885"><ele>38.0</ele><time>2025-11-01T06:49:01Z</time></trkpt><trkpt lat="22.288356666666665" lon="113.98087"><ele>37.9</ele><time>2025-11-01T06:49:03Z</time></trkpt><trkpt lat="22.288374999999995" lon="113.980855"><ele>37.800000000000004</ele><time>2025-11-01T06:49:05Z</time></trkpt><trkpt lat="22.288394999999998" lon="113.98084333333333"><ele>37.5</ele><time>2025-11-01T06:49:07Z</time></trkpt><trkpt lat="22.288415" lon="113.98083333333334"><ele>37.4</ele><time>2025-11-01T06:49:09Z</time></trkpt><trkpt lat="22.288433333333334" lon="113.98082500000001"><ele>37.2</ele><time>2025-11-01T06:49:11Z</time></trkpt><trkpt lat="22.28846" lon="113.98081333333333"><ele>37.0</ele><time>2025-11-01T06:49:13Z</time></trkpt><trkpt lat="22.288479999999996" lon="113.98080333333334"><ele>36.9</ele><time>2025-11-01T06:49:15Z</time></trkpt><trkpt lat="22.28850333333333" lon="113.98078666666667"><ele>36.7</ele><time>2025-11-01T06:49:17Z</time></trkpt><trkpt lat="22.288521666666664" lon="113.98078333333333"><ele>36.7</ele><time>2025-11-01T06:49:19Z</time></trkpt><trkpt lat="22.288545" lon="113.98078333333333"><ele>36.5</ele><time>2025-11-01T06:49:21Z</time></trkpt><trkpt lat="22.288568333333334" lon="113.98077666666669"><ele>35.9</ele><time>2025-11-01T06:49:23Z</time></trkpt><trkpt lat="22.288595" lon="113.98077166666666"><ele>35.5</ele><time>2025-11-01T06:49:26Z</time></trkpt><trkpt lat="22.288614999999997" lon="113.980765"><ele>35.1</ele><time>2025-11-01T06:49:28Z</time></trkpt><trkpt lat="22.288631666666667" lon="113.98075333333333"><ele>34.6</ele><time>2025-11-01T06:49:30Z</time></trkpt><trkpt lat="22.28864666666667" lon="113.98073833333335"><ele>34.0</ele><time>2025-11-01T06:49:32Z</time></trkpt><trkpt lat="22.288661666666666" lon="113.98071999999999"><ele>33.300000000000004</ele><time>2025-11-01T06:49:34Z</time></trkpt><trkpt lat="22.288674999999998" lon="113.98070166666666"><ele>32.7</ele><time>2025-11-01T06:49:36Z</time></trkpt><trkpt lat="22.288686666666663" lon="113.98068166666665"><ele>31.9</ele><time>2025-11-01T06:49:38Z</time></trkpt><trkpt lat="22.28869666666667" lon="113.98065833333334"><ele>31.4</ele><time>2025-11-01T06:49:40Z</time></trkpt><trkpt lat="22.288706666666666" lon="113.98064000000001"><ele>30.800000000000004</ele><time>2025-11-01T06:49:42Z</time></trkpt><trkpt lat="22.28871333333333" lon="113.98062"><ele>30.300000000000004</ele><time>2025-11-01T06:49:44Z</time></trkpt><trkpt lat="22.288725" lon="113.98059333333335"><ele>29.400000000000002</ele><time>2025-11-01T06:49:57Z</time></trkpt><trkpt lat="22.288733333333333" lon="113.98056999999999"><ele>29.1</ele><time>2025-11-01T06:49:59Z</time></trkpt><trkpt lat="22.288745000000002" lon="113.98054833333332"><ele>28.8</ele><time>2025-11-01T06:50:01Z</time></trkpt><trkpt lat="22.288756666666668" lon="113.98052166666666"><ele>28.6</ele><time>2025-11-01T06:50:03Z</time></trkpt><trkpt lat="22.28877333333333" lon="113.98049999999999"><ele>28.5</ele><time>2025-11-01T06:50:05Z</time></trkpt><trkpt lat="22.288790000000002" lon="113.98047999999999"><ele>28.1</ele><time>2025-11-01T06:50:07Z</time></trkpt><trkpt lat="22.28880333333333" lon="113.98046000000001"><ele>27.7</ele><time>2025-11-01T06:50:09Z</time></trkpt><trkpt lat="22.28881666666667" lon="113.98044166666665"><ele>27.4</ele><time>2025-11-01T06:50:11Z</time></trkpt><trkpt lat="22.28883" lon="113.98042166666667"><ele>27.2</ele><time>2025-11-01T06:50:13Z</time></trkpt><trkpt lat="22.288838333333334" lon="113.98040333333331"><ele>27.0</ele><time>2025-11-01T06:50:15Z</time></trkpt><trkpt lat="22.28884833333333" lon="113.98038333333334"><ele>26.7</ele><time>2025-11-01T06:50:17Z</time></trkpt><trkpt lat="22.288851666666666" lon="113.98036166666667"><ele>26.5</ele><time>2025-11-01T06:50:19Z</time></trkpt><trkpt lat="22.288850000000004" lon="113.98034000000001"><ele>26.4</ele><time>2025-11-01T06:50:21Z</time></trkpt><trkpt lat="22.288850000000004" lon="113.980315"><ele>26.2</ele><time>2025-11-01T06:50:23Z</time></trkpt><trkpt lat="22.288846666666668" lon="113.98029333333334"><ele>26.0</ele><time>2025-11-01T06:50:25Z</time></trkpt><trkpt lat="22.28884333333333" lon="113.98027166666667"><ele>25.9</ele><time>2025-11-01T06:50:27Z</time></trkpt><trkpt lat="22.28884333333333" lon="113.98025000000001"><ele>25.1</ele><time>2025-11-01T06:50:29Z</time></trkpt><trkpt lat="22.288845" lon="113.980225"><ele>24.5</ele><time>2025-11-01T06:50:31Z</time></trkpt><trkpt lat="22.288851666666666" lon="113.98020166666666"><ele>24.0</ele><time>2025-11-01T06:50:33Z</time></trkpt><trkpt lat="22.28886333333333" lon="113.98017999999999"><ele>23.6</ele><time>2025-11-01T06:50:35Z</time></trkpt><trkpt lat="22.28887166666667" lon="113.98015833333332"><ele>22.5</ele><time>2025-11-01T06:50:37Z</time></trkpt><trkpt lat="22.288886666666667" lon="113.980135"><ele>20.9</ele><time>2025-11-01T06:50:40Z</time></trkpt><trkpt lat="22.28890333333333" lon="113.98011833333334"><ele>19.9</ele><time>2025-11-01T06:50:42Z</time></trkpt><trkpt lat="22.28891666666667" lon="113.98010000000001"><ele>19.3</ele><time>2025-11-01T06:50:44Z</time></trkpt><trkpt lat="22.288928333333335" lon="113.98007833333334"><ele>18.6</ele><time>2025-11-01T06:50:46Z</time></trkpt><trkpt lat="22.28893833333333" lon="113.98006166666667"><ele>17.9</ele><time>2025-11-01T06:50:48Z</time></trkpt><trkpt lat="22.288946666666668" lon="113.98003833333333"><ele>17.7</ele><time>2025-11-01T06:50:50Z</time></trkpt><trkpt lat="22.28895166666667" lon="113.98001333333335"><ele>17.8</ele><time>2025-11-01T06:50:52Z</time></trkpt><trkpt lat="22.28896166666667" lon="113.97999333333334"><ele>17.9</ele><time>2025-11-01T06:50:54Z</time></trkpt><trkpt lat="22.288976666666667" lon="113.97997166666667"><ele>17.6</ele><time>2025-11-01T06:50:56Z</time></trkpt><trkpt lat="22.288995" lon="113.97995833333334"><ele>17.2</ele><time>2025-11-01T06:50:58Z</time></trkpt><trkpt lat="22.28901" lon="113.97994500000001"><ele>15.899999999999999</ele><time>2025-11-01T06:51:00Z</time></trkpt><trkpt lat="22.289030000000004" lon="113.97993166666666"><ele>15.100000000000001</ele><time>2025-11-01T06:51:02Z</time></trkpt><trkpt lat="22.289045" lon="113.97991500000002"><ele>14.5</ele><time>2025-11-01T06:51:04Z</time></trkpt><trkpt lat="22.289058333333333" lon="113.979895"><ele>13.7</ele><time>2025-11-01T06:51:06Z</time></trkpt><trkpt lat="22.28906833333333" lon="113.97987499999999"><ele>13.2</ele><time>2025-11-01T06:51:08Z</time></trkpt><trkpt lat="22.28908" lon="113.97985166666668"><ele>12.4</ele><time>2025-11-01T06:51:11Z</time></trkpt><trkpt lat="22.28908333333333" lon="113.97983"><ele>11.5</ele><time>2025-11-01T06:51:13Z</time></trkpt><trkpt lat="22.28909833333333" lon="113.97980166666666"><ele>10.8</ele><time>2025-11-01T06:51:16Z</time></trkpt><trkpt lat="22.289108333333335" lon="113.97977333333334"><ele>10.0</ele><time>2025-11-01T06:51:19Z</time></trkpt><trkpt lat="22.289115" lon="113.97975"><ele>9.5</ele><time>2025-11-01T06:51:21Z</time></trkpt><trkpt lat="22.28912833333333" lon="113.97972499999999"><ele>9.2</ele><time>2025-11-01T06:51:23Z</time></trkpt><trkpt lat="22.28914666666667" lon="113.97970166666667"><ele>9.2</ele><time>2025-11-01T06:51:25Z</time></trkpt><trkpt lat="22.28916" lon="113.97968333333334"><ele>9.3</ele><time>2025-11-01T06:51:27Z</time></trkpt><trkpt lat="22.289181666666664" lon="113.979665"><ele>9.4</ele><time>2025-11-01T06:51:29Z</time></trkpt><trkpt lat="22.289196666666665" lon="113.97965"><ele>9.9</ele><time>2025-11-01T06:51:31Z</time></trkpt><trkpt lat="22.28920666666667" lon="113.97962333333335"><ele>10.7</ele><time>2025-11-01T06:51:34Z</time></trkpt><trkpt lat="22.289215" lon="113.97959333333334"><ele>11.3</ele><time>2025-11-01T06:51:37Z</time></trkpt><trkpt lat="22.28921666666667" lon="113.97956833333335"><ele>12.1</ele><time>2025-11-01T06:51:39Z</time></trkpt><trkpt lat="22.28921666666667" lon="113.97954666666668"><ele>12.2</ele><time>2025-11-01T06:51:41Z</time></trkpt><trkpt lat="22.28921666666667" lon="113.97951833333333"><ele>12.6</ele><time>2025-11-01T06:51:43Z</time></trkpt><trkpt lat="22.28921666666667" lon="113.97949833333332"><ele>12.5</ele><time>2025-11-01T06:51:52Z</time></trkpt><trkpt lat="22.28920833333333" lon="113.97947500000001"><ele>14.7</ele><time>2025-11-01T06:52:42Z</time></trkpt><trkpt lat="22.28920333333333" lon="113.97944000000001"><ele>14.2</ele><time>2025-11-01T06:52:44Z</time></trkpt><trkpt lat="22.28919166666667" lon="113.97940666666666"><ele>13.5</ele><time>2025-11-01T06:52:46Z</time></trkpt><trkpt lat="22.28917666666667" lon="113.97937666666667"><ele>13.2</ele><time>2025-11-01T06:52:48Z</time></trkpt><trkpt lat="22.289168333333336" lon="113.97934833333332"><ele>12.8</ele><time>2025-11-01T06:52:50Z</time></trkpt><trkpt lat="22.28916166666667" lon="113.97932"><ele>12.3</ele><time>2025-11-01T06:52:52Z</time></trkpt><trkpt lat="22.289156666666667" lon="113.97929666666666"><ele>11.8</ele><time>2025-11-01T06:52:54Z</time></trkpt><trkpt lat="22.289148333333333" lon="113.97926833333334"><ele>11.4</ele><time>2025-11-01T06:52:56Z</time></trkpt><trkpt lat="22.289136666666664" lon="113.97923999999999"><ele>10.8</ele><time>2025-11-01T06:52:58Z</time></trkpt><trkpt lat="22.289126666666668" lon="113.97921166666666"><ele>10.5</ele><time>2025-11-01T06:53:00Z</time></trkpt><trkpt lat="22.289115" lon="113.97918999999999"><ele>10.5</ele><time>2025-11-01T06:53:02Z</time></trkpt><trkpt lat="22.289108333333335" lon="113.97916500000001"><ele>11.0</ele><time>2025-11-01T06:53:05Z</time></trkpt><trkpt lat="22.289108333333335" lon="113.97914333333334"><ele>11.2</ele><time>2025-11-01T06:53:07Z</time></trkpt><trkpt lat="22.289115" lon="113.97912333333333"><ele>11.6</ele><time>2025-11-01T06:53:09Z</time></trkpt><trkpt lat="22.289126666666668" lon="113.97909999999999"><ele>11.9</ele><time>2025-11-01T06:53:11Z</time></trkpt><trkpt lat="22.28914666666667" lon="113.97907166666667"><ele>12.0</ele><time>2025-11-01T06:53:13Z</time></trkpt><trkpt lat="22.289171666666668" lon="113.97905166666666"><ele>12.0</ele><time>2025-11-01T06:53:15Z</time></trkpt><trkpt lat="22.289196666666665" lon="113.979035"><ele>11.9</ele><time>2025-11-01T06:53:17Z</time></trkpt><trkpt lat="22.28922166666667" lon="113.97901166666666"><ele>11.5</ele><time>2025-11-01T06:53:19Z</time></trkpt><trkpt lat="22.289246666666667" lon="113.97899833333334"><ele>10.7</ele><time>2025-11-01T06:53:21Z</time></trkpt><trkpt lat="22.289271666666664" lon="113.97898333333333"><ele>9.9</ele><time>2025-11-01T06:53:23Z</time></trkpt><trkpt lat="22.289291666666667" lon="113.97896999999999"><ele>9.5</ele><time>2025-11-01T06:53:25Z</time></trkpt><trkpt lat="22.289313333333332" lon="113.97896166666666"><ele>9.4</ele><time>2025-11-01T06:53:27Z</time></trkpt><trkpt lat="22.289326666666664" lon="113.97894333333333"><ele>9.4</ele><time>2025-11-01T06:53:30Z</time></trkpt><trkpt lat="22.289313333333332" lon="113.97892666666667"><ele>9.4</ele><time>2025-11-01T06:53:35Z</time></trkpt><trkpt lat="22.289331666666666" lon="113.97890833333334"><ele>9.0</ele><time>2025-11-01T06:53:37Z</time></trkpt><trkpt lat="22.28935166666667" lon="113.97889666666667"><ele>8.7</ele><time>2025-11-01T06:53:39Z</time></trkpt><trkpt lat="22.289373333333334" lon="113.97888499999999"><ele>7.9</ele><time>2025-11-01T06:53:41Z</time></trkpt><trkpt lat="22.28938333333333" lon="113.97886500000001"><ele>7.0</ele><time>2025-11-01T06:53:43Z</time></trkpt><trkpt lat="22.289401666666663" lon="113.97885"><ele>6.699999999999999</ele><time>2025-11-01T06:53:45Z</time></trkpt><trkpt lat="22.289420000000003" lon="113.97883333333333"><ele>6.4</ele><time>2025-11-01T06:53:47Z</time></trkpt><trkpt lat="22.28944" lon="113.97883833333331"><ele>6.4</ele><time>2025-11-01T06:53:50Z</time></trkpt><trkpt lat="22.289463333333334" lon="113.97882499999999"><ele>5.6</ele><time>2025-11-01T06:53:55Z</time></trkpt><trkpt lat="22.289480000000005" lon="113.97881333333335"><ele>4.8</ele><time>2025-11-01T06:53:58Z</time></trkpt><trkpt lat="22.28948666666667" lon="113.97878833333334"><ele>8.2</ele><time>2025-11-01T06:54:13Z</time></trkpt><trkpt lat="22.28950166666667" lon="113.97875666666665"><ele>8.6</ele><time>2025-11-01T06:54:15Z</time></trkpt><trkpt lat="22.28948666666667" lon="113.97877333333332"><ele>7.800000000000001</ele><time>2025-11-01T06:54:20Z</time></trkpt><trkpt lat="22.28948833333333" lon="113.97880333333333"><ele>7.300000000000001</ele><time>2025-11-01T06:54:35Z</time></trkpt><trkpt lat="22.289513333333336" lon="113.97879666666668"><ele>7.4</ele><time>2025-11-01T06:54:37Z</time></trkpt><trkpt lat="22.28953166666667" lon="113.97879333333334"><ele>7.6</ele><time>2025-11-01T06:54:38Z</time></trkpt><trkpt lat="22.289559999999998" lon="113.978785"><ele>8.5</ele><time>2025-11-01T06:54:40Z</time></trkpt><trkpt lat="22.289585000000002" lon="113.97878666666665"><ele>9.2</ele><time>2025-11-01T06:54:43Z</time></trkpt><trkpt lat="22.289606666666668" lon="113.97879999999999"><ele>9.1</ele><time>2025-11-01T06:54:45Z</time></trkpt><trkpt lat="22.289626666666663" lon="113.97879833333333"><ele>8.7</ele><time>2025-11-01T06:54:48Z</time></trkpt><trkpt lat="22.289648333333336" lon="113.97879833333333"><ele>8.3</ele><time>2025-11-01T06:54:51Z</time></trkpt><trkpt lat="22.28966666666667" lon="113.97880833333332"><ele>8.0</ele><time>2025-11-01T06:54:53Z</time></trkpt><trkpt lat="22.289685000000002" lon="113.97881000000001"><ele>7.699999999999999</ele><time>2025-11-01T06:54:55Z</time></trkpt><trkpt lat="22.28971166666667" lon="113.978815"><ele>7.199999999999999</ele><time>2025-11-01T06:54:57Z</time></trkpt><trkpt lat="22.289735000000004" lon="113.97881833333334"><ele>6.6</ele><time>2025-11-01T06:54:59Z</time></trkpt><trkpt lat="22.28975833333333" lon="113.97882166666668"><ele>6.199999999999999</ele><time>2025-11-01T06:55:01Z</time></trkpt><trkpt lat="22.289780000000004" lon="113.97882"><ele>5.9</ele><time>2025-11-01T06:55:03Z</time></trkpt><trkpt lat="22.289798333333337" lon="113.97881666666666"><ele>5.5</ele><time>2025-11-01T06:55:05Z</time></trkpt><trkpt lat="22.289820000000002" lon="113.97880833333332"><ele>5.2</ele><time>2025-11-01T06:55:07Z</time></trkpt><trkpt lat="22.289845" lon="113.97879166666668"><ele>5.3</ele><time>2025-11-01T06:55:09Z</time></trkpt><trkpt lat="22.289858333333335" lon="113.97877833333332"><ele>5.2</ele><time>2025-11-01T06:55:11Z</time></trkpt><trkpt lat="22.289876666666668" lon="113.97877166666667"><ele>5.4</ele><time>2025-11-01T06:55:13Z</time></trkpt><trkpt lat="22.289895" lon="113.97877166666667"><ele>5.3</ele><time>2025-11-01T06:55:15Z</time></trkpt><trkpt lat="22.289925" lon="113.97877500000001"><ele>4.0</ele><time>2025-11-01T06:55:18Z</time></trkpt><trkpt lat="22.289948333333335" lon="113.97878333333334"><ele>3.8</ele><time>2025-11-01T06:55:20Z</time></trkpt><trkpt lat="22.28997" lon="113.97878166666666"><ele>3.8</ele><time>2025-11-01T06:55:22Z</time></trkpt><trkpt lat="22.289991666666666" lon="113.978785"><ele>4.2</ele><time>2025-11-01T06:55:24Z</time></trkpt><trkpt lat="22.29001166666667" lon="113.97878833333334"><ele>4.7</ele><time>2025-11-01T06:55:26Z</time></trkpt><trkpt lat="22.29003" lon="113.97879499999999"><ele>4.7</ele><time>2025-11-01T06:55:28Z</time></trkpt><trkpt lat="22.290053333333336" lon="113.97880166666667"><ele>4.8</ele><time>2025-11-01T06:55:30Z</time></trkpt><trkpt lat="22.29007" lon="113.978815"><ele>4.9</ele><time>2025-11-01T06:55:32Z</time></trkpt><trkpt lat="22.290093333333335" lon="113.97882666666668"><ele>5.3</ele><time>2025-11-01T06:55:34Z</time></trkpt><trkpt lat="22.29011666666667" lon="113.97883333333333"><ele>5.6</ele><time>2025-11-01T06:55:36Z</time></trkpt><trkpt lat="22.290138333333335" lon="113.97884"><ele>6.300000000000001</ele><time>2025-11-01T06:55:38Z</time></trkpt><trkpt lat="22.290154999999995" lon="113.97885333333333"><ele>7.0</ele><time>2025-11-01T06:55:40Z</time></trkpt><trkpt lat="22.29017666666667" lon="113.97885333333333"><ele>7.0</ele><time>2025-11-01T06:55:43Z</time></trkpt><trkpt lat="22.290203333333338" lon="113.97884666666666"><ele>6.699999999999999</ele><time>2025-11-01T06:55:46Z</time></trkpt><trkpt lat="22.290231666666667" lon="113.97885166666669"><ele>6.699999999999999</ele><time>2025-11-01T06:55:48Z</time></trkpt><trkpt lat="22.290258333333334" lon="113.97885999999998"><ele>6.800000000000001</ele><time>2025-11-01T06:55:50Z</time></trkpt><trkpt lat="22.29028" lon="113.97886166666667"><ele>6.800000000000001</ele><time>2025-11-01T06:55:52Z</time></trkpt><trkpt lat="22.290300000000002" lon="113.978855"><ele>6.9</ele><time>2025-11-01T06:55:54Z</time></trkpt><trkpt lat="22.290319999999998" lon="113.978855"><ele>6.6</ele><time>2025-11-01T06:55:56Z</time></trkpt><trkpt lat="22.290345000000002" lon="113.978845"><ele>5.6</ele><time>2025-11-01T06:55:59Z</time></trkpt><trkpt lat="22.290363333333335" lon="113.97883833333331"><ele>5.2</ele><time>2025-11-01T06:56:01Z</time></trkpt><trkpt lat="22.290379999999995" lon="113.97882999999999"><ele>5.2</ele><time>2025-11-01T06:56:03Z</time></trkpt><trkpt lat="22.290396666666666" lon="113.97882"><ele>5.0</ele><time>2025-11-01T06:56:05Z</time></trkpt><trkpt lat="22.290415" lon="113.97881333333335"><ele>4.9</ele><time>2025-11-01T06:56:08Z</time></trkpt><trkpt lat="22.290433333333333" lon="113.97881333333335"><ele>4.7</ele><time>2025-11-01T06:56:10Z</time></trkpt><trkpt lat="22.290456666666667" lon="113.97880833333332"><ele>4.4</ele><time>2025-11-01T06:56:12Z</time></trkpt><trkpt lat="22.290483333333334" lon="113.97880833333332"><ele>3.9000000000000004</ele><time>2025-11-01T06:56:14Z</time></trkpt><trkpt lat="22.290511666666664" lon="113.97880500000001"><ele>3.8</ele><time>2025-11-01T06:56:16Z</time></trkpt><trkpt lat="22.290541666666666" lon="113.97881000000001"><ele>3.8</ele><time>2025-11-01T06:56:18Z</time></trkpt><trkpt lat="22.29056666666667" lon="113.97880666666667"><ele>3.8</ele><time>2025-11-01T06:56:20Z</time></trkpt><trkpt lat="22.290586666666666" lon="113.97880666666667"><ele>3.8</ele><time>2025-11-01T06:56:22Z</time></trkpt><trkpt lat="22.290613333333333" lon="113.97880666666667"><ele>4.2</ele><time>2025-11-01T06:56:25Z</time></trkpt><trkpt lat="22.29063833333333" lon="113.97880166666667"><ele>4.1</ele><time>2025-11-01T06:56:27Z</time></trkpt><trkpt lat="22.290658333333333" lon="113.97879999999999"><ele>4.0</ele><time>2025-11-01T06:56:29Z</time></trkpt><trkpt lat="22.290681666666668" lon="113.97879499999999"><ele>4.0</ele><time>2025-11-01T06:56:31Z</time></trkpt><trkpt lat="22.290706666666665" lon="113.97879333333334"><ele>3.2</ele><time>2025-11-01T06:56:33Z</time></trkpt><trkpt lat="22.290733333333332" lon="113.97878833333334"><ele>2.5999999999999996</ele><time>2025-11-01T06:56:36Z</time></trkpt><trkpt lat="22.290754999999997" lon="113.97879166666668"><ele>2.0</ele><time>2025-11-01T06:56:38Z</time></trkpt><trkpt lat="22.29077333333333" lon="113.97879999999999"><ele>1.5</ele><time>2025-11-01T06:56:40Z</time></trkpt><trkpt lat="22.29079166666667" lon="113.97880833333332"><ele>0.7999999999999998</ele><time>2025-11-01T06:56:42Z</time></trkpt><trkpt lat="22.290816666666668" lon="113.97881333333335"><ele>0.10000000000000009</ele><time>2025-11-01T06:56:45Z</time></trkpt><trkpt lat="22.29083166666667" lon="113.97882666666668"><ele>0.2999999999999998</ele><time>2025-11-01T06:56:47Z</time></trkpt><trkpt lat="22.290858333333336" lon="113.97883166666666"><ele>0.6000000000000001</ele><time>2025-11-01T06:56:50Z</time></trkpt><trkpt lat="22.290883333333333" lon="113.97883666666667"><ele>0.5</ele><time>2025-11-01T06:56:53Z</time></trkpt><trkpt lat="22.290903333333336" lon="113.97884"><ele>0.10000000000000009</ele><time>2025-11-01T06:57:00Z</time></trkpt><trkpt lat="22.290891666666667" lon="113.97882499999999"><ele>-0.19999999999999996</ele><time>2025-11-01T06:57:09Z</time></trkpt><trkpt lat="22.290900000000004" lon="113.97880500000001"><ele>-0.6000000000000001</ele><time>2025-11-01T06:57:16Z</time></trkpt><trkpt lat="22.290906666666668" lon="113.97876999999998"><ele>-0.8</ele><time>2025-11-01T06:57:18Z</time></trkpt><trkpt lat="22.290905" lon="113.97873666666668"><ele>-0.6000000000000001</ele><time>2025-11-01T06:57:20Z</time></trkpt><trkpt lat="22.29090833333333" lon="113.97870833333333"><ele>-0.3999999999999999</ele><time>2025-11-01T06:57:22Z</time></trkpt><trkpt lat="22.290915000000002" lon="113.97868166666667"><ele>-0.30000000000000004</ele><time>2025-11-01T06:57:24Z</time></trkpt><trkpt lat="22.29092166666667" lon="113.97865833333331"><ele>-0.7</ele><time>2025-11-01T06:57:26Z</time></trkpt><trkpt lat="22.290925" lon="113.97863166666666"><ele>-1.0</ele><time>2025-11-01T06:57:28Z</time></trkpt><trkpt lat="22.290928333333333" lon="113.978605"><ele>-1.1</ele><time>2025-11-01T06:57:30Z</time></trkpt><trkpt lat="22.29092166666667" lon="113.97858"><ele>-1.4</ele><time>2025-11-01T06:57:32Z</time></trkpt><trkpt lat="22.290918333333334" lon="113.97855166666668"><ele>-2.0</ele><time>2025-11-01T06:57:35Z</time></trkpt><trkpt lat="22.290916666666664" lon="113.97852666666668"><ele>-1.8</ele><time>2025-11-01T06:57:37Z</time></trkpt><trkpt lat="22.29091" lon="113.97850500000001"><ele>-1.2</ele><time>2025-11-01T06:57:39Z</time></trkpt><trkpt lat="22.290905" lon="113.97848166666667"><ele>-0.8</ele><time>2025-11-01T06:57:42Z</time></trkpt><trkpt lat="22.290901666666667" lon="113.97846166666668"><ele>-0.3999999999999999</ele><time>2025-11-01T06:57:45Z</time></trkpt><trkpt lat="22.290895" lon="113.97843499999999"><ele>-0.10000000000000009</ele><time>2025-11-01T06:57:48Z</time></trkpt><trkpt lat="22.29089666666666" lon="113.97840999999998"><ele>0.2999999999999998</ele><time>2025-11-01T06:57:51Z</time></trkpt><trkpt lat="22.290900000000004" lon="113.97839"><ele>0.7999999999999998</ele><time>2025-11-01T06:57:53Z</time></trkpt><trkpt lat="22.29089333333333" lon="113.97837166666667"><ele>1.2000000000000002</ele><time>2025-11-01T06:57:55Z</time></trkpt><trkpt lat="22.290888333333335" lon="113.97834499999999"><ele>1.7000000000000002</ele><time>2025-11-01T06:57:58Z</time></trkpt><trkpt lat="22.290888333333335" lon="113.97831833333333"><ele>2.3</ele><time>2025-11-01T06:58:01Z</time></trkpt><trkpt lat="22.290889999999997" lon="113.97829666666667"><ele>2.5999999999999996</ele><time>2025-11-01T06:58:04Z</time></trkpt><trkpt lat="22.290878333333332" lon="113.97826500000001"><ele>2.8</ele><time>2025-11-01T06:58:06Z</time></trkpt><trkpt lat="22.29086333333333" lon="113.97824"><ele>3.5</ele><time>2025-11-01T06:58:08Z</time></trkpt><trkpt lat="22.290855000000004" lon="113.97821833333334"><ele>3.4000000000000004</ele><time>2025-11-01T06:58:10Z</time></trkpt><trkpt lat="22.29084833333333" lon="113.97819833333332"><ele>3.4000000000000004</ele><time>2025-11-01T06:58:12Z</time></trkpt><trkpt lat="22.290846666666667" lon="113.97817666666667"><ele>3.4000000000000004</ele><time>2025-11-01T06:58:14Z</time></trkpt><trkpt lat="22.290846666666667" lon="113.97814166666667"><ele>2.8</ele><time>2025-11-01T06:58:16Z</time></trkpt><trkpt lat="22.29086" lon="113.97811500000002"><ele>2.8</ele><time>2025-11-01T06:58:18Z</time></trkpt><trkpt lat="22.29087666666667" lon="113.97809166666666"><ele>3.0</ele><time>2025-11-01T06:58:20Z</time></trkpt><trkpt lat="22.29089333333333" lon="113.97808166666667"><ele>3.0999999999999996</ele><time>2025-11-01T06:58:22Z</time></trkpt><trkpt lat="22.290906666666668" lon="113.97806666666665"><ele>3.0</ele><time>2025-11-01T06:58:24Z</time></trkpt><trkpt lat="22.29092166666667" lon="113.97805166666667"><ele>3.0</ele><time>2025-11-01T06:58:26Z</time></trkpt><trkpt lat="22.290936666666667" lon="113.978035"><ele>3.3</ele><time>2025-11-01T06:58:28Z</time></trkpt><trkpt lat="22.290956666666663" lon="113.97802666666666"><ele>3.2</ele><time>2025-11-01T06:58:31Z</time></trkpt><trkpt lat="22.29097" lon="113.97800666666666"><ele>2.8</ele><time>2025-11-01T06:58:33Z</time></trkpt><trkpt lat="22.290981666666667" lon="113.97799000000002"><ele>3.0</ele><time>2025-11-01T06:58:36Z</time></trkpt><trkpt lat="22.290990000000004" lon="113.97796833333332"><ele>3.8</ele><time>2025-11-01T06:58:38Z</time></trkpt><trkpt lat="22.29099833333333" lon="113.97794833333334"><ele>4.2</ele><time>2025-11-01T06:58:40Z</time></trkpt><trkpt lat="22.291006666666664" lon="113.97793000000001"><ele>3.5999999999999996</ele><time>2025-11-01T06:58:42Z</time></trkpt><trkpt lat="22.291016666666664" lon="113.97790833333332"><ele>2.9000000000000004</ele><time>2025-11-01T06:58:45Z</time></trkpt><trkpt lat="22.29102833333333" lon="113.977885"><ele>2.3</ele><time>2025-11-01T06:58:48Z</time></trkpt><trkpt lat="22.291038333333336" lon="113.97786166666668"><ele>1.0</ele><time>2025-11-01T06:58:51Z</time></trkpt><trkpt lat="22.29106" lon="113.97785"><ele>0.0</ele><time>2025-11-01T06:58:54Z</time></trkpt><trkpt lat="22.291078333333335" lon="113.97783499999998"><ele>-1.5</ele><time>2025-11-01T06:58:57Z</time></trkpt><trkpt lat="22.291095000000002" lon="113.97782666666666"><ele>-2.5</ele><time>2025-11-01T06:58:59Z</time></trkpt><trkpt lat="22.291113333333335" lon="113.97782333333335"><ele>-3.6</ele><time>2025-11-01T06:59:01Z</time></trkpt><trkpt lat="22.291136666666663" lon="113.97781333333333"><ele>-4.8</ele><time>2025-11-01T06:59:04Z</time></trkpt><trkpt lat="22.291155000000003" lon="113.97781000000002"><ele>-5.4</ele><time>2025-11-01T06:59:06Z</time></trkpt><trkpt lat="22.29118" lon="113.977795"><ele>-5.6</ele><time>2025-11-01T06:59:09Z</time></trkpt><trkpt lat="22.291195000000002" lon="113.97778333333332"><ele>-5.7</ele><time>2025-11-01T06:59:10Z</time></trkpt><trkpt lat="22.29122333333333" lon="113.977775"><ele>-6.0</ele><time>2025-11-01T06:59:12Z</time></trkpt><trkpt lat="22.291246666666666" lon="113.97776833333334"><ele>-6.6</ele><time>2025-11-01T06:59:14Z</time></trkpt><trkpt lat="22.29126666666667" lon="113.97776999999999"><ele>-7.1</ele><time>2025-11-01T06:59:16Z</time></trkpt><trkpt lat="22.291291666666666" lon="113.97776"><ele>-7.7</ele><time>2025-11-01T06:59:19Z</time></trkpt><trkpt lat="22.291316666666663" lon="113.97775833333331"><ele>-8.0</ele><time>2025-11-01T06:59:21Z</time></trkpt><trkpt lat="22.291336666666666" lon="113.97774833333332"><ele>-8.0</ele><time>2025-11-01T06:59:23Z</time></trkpt><trkpt lat="22.29136" lon="113.97774833333332"><ele>-8.2</ele><time>2025-11-01T06:59:25Z</time></trkpt><trkpt lat="22.291381666666666" lon="113.97774833333332"><ele>-8.1</ele><time>2025-11-01T06:59:27Z</time></trkpt><trkpt lat="22.29140166666667" lon="113.97774499999998"><ele>-8.1</ele><time>2025-11-01T06:59:29Z</time></trkpt><trkpt lat="22.291421666666665" lon="113.97775166666666"><ele>-7.9</ele><time>2025-11-01T06:59:31Z</time></trkpt><trkpt lat="22.29144666666667" lon="113.977765"><ele>-7.6</ele><time>2025-11-01T06:59:34Z</time></trkpt><trkpt lat="22.291465000000002" lon="113.97776999999999"><ele>-7.8</ele><time>2025-11-01T06:59:36Z</time></trkpt><trkpt lat="22.291486666666668" lon="113.97778166666667"><ele>-8.0</ele><time>2025-11-01T06:59:38Z</time></trkpt><trkpt lat="22.29150666666667" lon="113.97777833333333"><ele>-8.2</ele><time>2025-11-01T06:59:40Z</time></trkpt><trkpt lat="22.291531666666668" lon="113.97778166666667"><ele>-8.3</ele><time>2025-11-01T06:59:43Z</time></trkpt><trkpt lat="22.291546666666665" lon="113.97779333333334"><ele>-8.2</ele><time>2025-11-01T06:59:45Z</time></trkpt><trkpt lat="22.291566666666668" lon="113.97778666666666"><ele>-8.7</ele><time>2025-11-01T06:59:47Z</time></trkpt><trkpt lat="22.291588333333333" lon="113.97778166666667"><ele>-8.8</ele><time>2025-11-01T06:59:49Z</time></trkpt><trkpt lat="22.291611666666668" lon="113.977775"><ele>-9.0</ele><time>2025-11-01T06:59:51Z</time></trkpt><trkpt lat="22.291636666666665" lon="113.97776666666665"><ele>-9.3</ele><time>2025-11-01T06:59:53Z</time></trkpt><trkpt lat="22.29165833333333" lon="113.97776"><ele>-9.9</ele><time>2025-11-01T06:59:55Z</time></trkpt><trkpt lat="22.291675" lon="113.97774833333332"><ele>-10.3</ele><time>2025-11-01T06:59:57Z</time></trkpt><trkpt lat="22.291694999999997" lon="113.97774499999998"><ele>-10.3</ele><time>2025-11-01T06:59:59Z</time></trkpt><trkpt lat="22.29171666666667" lon="113.97774666666668"><ele>-10.0</ele><time>2025-11-01T07:00:02Z</time></trkpt><trkpt lat="22.291738333333335" lon="113.97775333333333"><ele>-9.9</ele><time>2025-11-01T07:00:04Z</time></trkpt><trkpt lat="22.291758333333338" lon="113.97775833333331"><ele>-9.7</ele><time>2025-11-01T07:00:06Z</time></trkpt><trkpt lat="22.291783333333335" lon="113.977765"><ele>-9.6</ele><time>2025-11-01T07:00:09Z</time></trkpt><trkpt lat="22.291803333333338" lon="113.97776166666667"><ele>-9.5</ele><time>2025-11-01T07:00:11Z</time></trkpt><trkpt lat="22.291814999999996" lon="113.97774166666667"><ele>-9.4</ele><time>2025-11-01T07:00:13Z</time></trkpt><trkpt lat="22.291826666666665" lon="113.977725"><ele>-8.8</ele><time>2025-11-01T07:00:15Z</time></trkpt><trkpt lat="22.29183666666667" lon="113.97770666666665"><ele>-8.1</ele><time>2025-11-01T07:00:17Z</time></trkpt><trkpt lat="22.291843333333336" lon="113.97768666666667"><ele>-7.7</ele><time>2025-11-01T07:00:19Z</time></trkpt><trkpt lat="22.291855" lon="113.97767166666667"><ele>-6.9</ele><time>2025-11-01T07:00:21Z</time></trkpt><trkpt lat="22.291863333333335" lon="113.97765166666667"><ele>-6.0</ele><time>2025-11-01T07:00:23Z</time></trkpt><trkpt lat="22.291871666666665" lon="113.97763166666667"><ele>-4.9</ele><time>2025-11-01T07:00:25Z</time></trkpt><trkpt lat="22.291888333333336" lon="113.97761666666665"><ele>-4.1</ele><time>2025-11-01T07:00:27Z</time></trkpt><trkpt lat="22.29191166666667" lon="113.97760833333332"><ele>-4.1</ele><time>2025-11-01T07:00:29Z</time></trkpt><trkpt lat="22.291903333333334" lon="113.97762666666668"><ele>-5.4</ele><time>2025-11-01T07:00:46Z</time></trkpt><trkpt lat="22.291909999999998" lon="113.977645"><ele>-6.0</ele><time>2025-11-01T07:00:51Z</time></trkpt><trkpt lat="22.291886666666663" lon="113.97758833333334"><ele>-7.6</ele><time>2025-11-01T07:01:06Z</time></trkpt><trkpt lat="22.291915000000003" lon="113.97760833333332"><ele>-8.9</ele><time>2025-11-01T07:01:12Z</time></trkpt><trkpt lat="22.29194" lon="113.97764166666666"><ele>-9.8</ele><time>2025-11-01T07:01:16Z</time></trkpt><trkpt lat="22.29195333333333" lon="113.97765499999998"><ele>-9.9</ele><time>2025-11-01T07:01:17Z</time></trkpt><trkpt lat="22.29197" lon="113.97767333333334"><ele>-10.1</ele><time>2025-11-01T07:01:18Z</time></trkpt><trkpt lat="22.291993333333334" lon="113.97767166666667"><ele>-10.5</ele><time>2025-11-01T07:01:20Z</time></trkpt><trkpt lat="22.291975" lon="113.97767"><ele>-11.1</ele><time>2025-11-01T07:01:28Z</time></trkpt><trkpt lat="22.291946666666664" lon="113.97764166666666"><ele>-11.7</ele><time>2025-11-01T07:01:30Z</time></trkpt><trkpt lat="22.291923333333337" lon="113.97762833333333"><ele>-12.0</ele><time>2025-11-01T07:01:31Z</time></trkpt><trkpt lat="22.29189666666667" lon="113.977615"><ele>-12.4</ele><time>2025-11-01T07:01:33Z</time></trkpt><trkpt lat="22.29188" lon="113.97760500000001"><ele>-12.7</ele><time>2025-11-01T07:01:34Z</time></trkpt><trkpt lat="22.291903333333334" lon="113.97756833333332"><ele>-12.8</ele><time>2025-11-01T07:01:52Z</time></trkpt><trkpt lat="22.291919999999998" lon="113.97755333333335"><ele>-11.7</ele><time>2025-11-01T07:01:54Z</time></trkpt><trkpt lat="22.29193666666667" lon="113.97753333333334"><ele>-9.9</ele><time>2025-11-01T07:01:57Z</time></trkpt><trkpt lat="22.291946666666664" lon="113.97751166666667"><ele>-8.8</ele><time>2025-11-01T07:01:59Z</time></trkpt><trkpt lat="22.29195333333333" lon="113.97749333333334"><ele>-7.6</ele><time>2025-11-01T07:02:01Z</time></trkpt><trkpt lat="22.291961666666666" lon="113.97747333333334"><ele>-5.9</ele><time>2025-11-01T07:02:04Z</time></trkpt><trkpt lat="22.291960000000003" lon="113.97745333333333"><ele>-5.1</ele><time>2025-11-01T07:02:06Z</time></trkpt><trkpt lat="22.29195666666667" lon="113.97743333333334"><ele>-4.2</ele><time>2025-11-01T07:02:08Z</time></trkpt><trkpt lat="22.291949999999996" lon="113.97740833333334"><ele>-2.8</ele><time>2025-11-01T07:02:11Z</time></trkpt><trkpt lat="22.291949999999996" lon="113.97738499999998"><ele>-2.0</ele><time>2025-11-01T07:02:13Z</time></trkpt><trkpt lat="22.29195333333333" lon="113.977365"><ele>-1.4</ele><time>2025-11-01T07:02:15Z</time></trkpt><trkpt lat="22.291951666666666" lon="113.97733666666666"><ele>-0.8</ele><time>2025-11-01T07:02:18Z</time></trkpt><trkpt lat="22.291945000000002" lon="113.97730666666666"><ele>-0.3999999999999999</ele><time>2025-11-01T07:02:20Z</time></trkpt><trkpt lat="22.291943333333332" lon="113.977285"><ele>-0.3999999999999999</ele><time>2025-11-01T07:02:22Z</time></trkpt><trkpt lat="22.29194" lon="113.97725999999999"><ele>-0.19999999999999996</ele><time>2025-11-01T07:02:24Z</time></trkpt><trkpt lat="22.29194166666667" lon="113.977235"><ele>0.10000000000000009</ele><time>2025-11-01T07:02:26Z</time></trkpt><trkpt lat="22.291945000000002" lon="113.97721500000002"><ele>0.3999999999999999</ele><time>2025-11-01T07:02:28Z</time></trkpt><trkpt lat="22.291945000000002" lon="113.97719333333335"><ele>0.2999999999999998</ele><time>2025-11-01T07:02:30Z</time></trkpt><trkpt lat="22.29194" lon="113.97716833333334"><ele>0.7000000000000002</ele><time>2025-11-01T07:02:32Z</time></trkpt><trkpt lat="22.29194" lon="113.977145"><ele>0.7000000000000002</ele><time>2025-11-01T07:02:34Z</time></trkpt><trkpt lat="22.291935" lon="113.97712333333332"><ele>0.7999999999999998</ele><time>2025-11-01T07:02:36Z</time></trkpt><trkpt lat="22.291933333333336" lon="113.97710166666666"><ele>1.0</ele><time>2025-11-01T07:02:38Z</time></trkpt><trkpt lat="22.291935" lon="113.97707999999999"><ele>1.2999999999999998</ele><time>2025-11-01T07:02:40Z</time></trkpt><trkpt lat="22.29193666666667" lon="113.97705833333333"><ele>1.4</ele><time>2025-11-01T07:02:42Z</time></trkpt><trkpt lat="22.29194166666667" lon="113.97703500000001"><ele>1.6</ele><time>2025-11-01T07:02:44Z</time></trkpt><trkpt lat="22.291945000000002" lon="113.97701166666666"><ele>1.5</ele><time>2025-11-01T07:02:46Z</time></trkpt><trkpt lat="22.291949999999996" lon="113.97698833333334"><ele>1.4</ele><time>2025-11-01T07:02:48Z</time></trkpt><trkpt lat="22.29195666666667" lon="113.97696666666667"><ele>1.2000000000000002</ele><time>2025-11-01T07:02:50Z</time></trkpt><trkpt lat="22.29195666666667" lon="113.97694500000001"><ele>1.2000000000000002</ele><time>2025-11-01T07:02:52Z</time></trkpt><trkpt lat="22.291960000000003" lon="113.97691833333334"><ele>1.5</ele><time>2025-11-01T07:02:54Z</time></trkpt><trkpt lat="22.291966666666667" lon="113.97689333333334"><ele>1.6</ele><time>2025-11-01T07:02:56Z</time></trkpt><trkpt lat="22.29197333333333" lon="113.97686833333334"><ele>1.9</ele><time>2025-11-01T07:02:58Z</time></trkpt><trkpt lat="22.29198" lon="113.97684499999998"><ele>2.0</ele><time>2025-11-01T07:03:00Z</time></trkpt><trkpt lat="22.29198666666667" lon="113.97681833333333"><ele>2.2</ele><time>2025-11-01T07:03:02Z</time></trkpt><trkpt lat="22.291994999999996" lon="113.97679166666667"><ele>2.4000000000000004</ele><time>2025-11-01T07:03:04Z</time></trkpt><trkpt lat="22.291999999999998" lon="113.97676500000001"><ele>2.5</ele><time>2025-11-01T07:03:06Z</time></trkpt><trkpt lat="22.292003333333334" lon="113.97674166666665"><ele>2.7</ele><time>2025-11-01T07:03:08Z</time></trkpt><trkpt lat="22.292008333333335" lon="113.97671833333334"><ele>2.4000000000000004</ele><time>2025-11-01T07:03:10Z</time></trkpt><trkpt lat="22.292021666666663" lon="113.97670000000001"><ele>2.8</ele><time>2025-11-01T07:03:12Z</time></trkpt><trkpt lat="22.292036666666665" lon="113.97668833333334"><ele>3.0999999999999996</ele><time>2025-11-01T07:03:14Z</time></trkpt><trkpt lat="22.29206" lon="113.97667166666666"><ele>3.4000000000000004</ele><time>2025-11-01T07:03:16Z</time></trkpt><trkpt lat="22.292083333333334" lon="113.97666499999998"><ele>3.8</ele><time>2025-11-01T07:03:18Z</time></trkpt><trkpt lat="22.292081666666665" lon="113.97664000000002"><ele>3.5</ele><time>2025-11-01T07:03:20Z</time></trkpt><trkpt lat="22.292101666666667" lon="113.97662333333334"><ele>0.3999999999999999</ele><time>2025-11-01T07:03:35Z</time></trkpt><trkpt lat="22.29211666666667" lon="113.97660833333333"><ele>0.10000000000000009</ele><time>2025-11-01T07:03:37Z</time></trkpt><trkpt lat="22.292131666666666" lon="113.97659166666666"><ele>-0.30000000000000004</ele><time>2025-11-01T07:03:39Z</time></trkpt><trkpt lat="22.292146666666667" lon="113.97657166666667"><ele>-0.6000000000000001</ele><time>2025-11-01T07:03:41Z</time></trkpt><trkpt lat="22.292158333333337" lon="113.97655666666667"><ele>-0.8</ele><time>2025-11-01T07:03:43Z</time></trkpt><trkpt lat="22.292174999999997" lon="113.97654166666668"><ele>-1.0</ele><time>2025-11-01T07:03:45Z</time></trkpt><trkpt lat="22.292186666666666" lon="113.97652333333332"><ele>-1.3</ele><time>2025-11-01T07:03:47Z</time></trkpt><trkpt lat="22.29219833333333" lon="113.97650666666665"><ele>-1.6</ele><time>2025-11-01T07:03:49Z</time></trkpt><trkpt lat="22.292215000000002" lon="113.97648499999998"><ele>-1.5</ele><time>2025-11-01T07:03:52Z</time></trkpt><trkpt lat="22.292230000000004" lon="113.97646833333334"><ele>-1.5</ele><time>2025-11-01T07:03:54Z</time></trkpt><trkpt lat="22.292248333333337" lon="113.976445"><ele>-2.1</ele><time>2025-11-01T07:03:56Z</time></trkpt><trkpt lat="22.292258333333333" lon="113.97642333333333"><ele>-2.7</ele><time>2025-11-01T07:03:58Z</time></trkpt><trkpt lat="22.292264999999997" lon="113.97640000000001"><ele>-3.3</ele><time>2025-11-01T07:04:00Z</time></trkpt><trkpt lat="22.29226833333333" lon="113.97637833333334"><ele>-3.7</ele><time>2025-11-01T07:04:02Z</time></trkpt><trkpt lat="22.29228833333333" lon="113.97635833333334"><ele>-4.3</ele><time>2025-11-01T07:04:05Z</time></trkpt><trkpt lat="22.292291666666664" lon="113.97632666666665"><ele>-4.9</ele><time>2025-11-01T07:04:07Z</time></trkpt><trkpt lat="22.29228833333333" lon="113.97629833333333"><ele>-5.2</ele><time>2025-11-01T07:04:09Z</time></trkpt><trkpt lat="22.292309999999997" lon="113.97627666666668"><ele>-4.5</ele><time>2025-11-01T07:04:12Z</time></trkpt><trkpt lat="22.292321666666666" lon="113.97625500000001"><ele>-4.1</ele><time>2025-11-01T07:04:14Z</time></trkpt><trkpt lat="22.292326666666668" lon="113.97622833333335"><ele>-3.5</ele><time>2025-11-01T07:04:16Z</time></trkpt><trkpt lat="22.29233166666667" lon="113.97620833333333"><ele>-3.0</ele><time>2025-11-01T07:04:18Z</time></trkpt><trkpt lat="22.292336666666664" lon="113.97618666666668"><ele>-2.9</ele><time>2025-11-01T07:04:20Z</time></trkpt><trkpt lat="22.29234" lon="113.97616333333332"><ele>-2.7</ele><time>2025-11-01T07:04:22Z</time></trkpt><trkpt lat="22.292351666666665" lon="113.97614166666666"><ele>-2.2</ele><time>2025-11-01T07:04:24Z</time></trkpt><trkpt lat="22.292365000000004" lon="113.97612333333333"><ele>-1.9</ele><time>2025-11-01T07:04:26Z</time></trkpt><trkpt lat="22.292375" lon="113.97610166666666"><ele>-1.2</ele><time>2025-11-01T07:04:28Z</time></trkpt><trkpt lat="22.29238" lon="113.97607833333335"><ele>-0.5</ele><time>2025-11-01T07:04:30Z</time></trkpt><trkpt lat="22.292383333333337" lon="113.97605166666666"><ele>0.20000000000000018</ele><time>2025-11-01T07:04:32Z</time></trkpt><trkpt lat="22.29238833333333" lon="113.97602833333333"><ele>0.6000000000000001</ele><time>2025-11-01T07:04:34Z</time></trkpt><trkpt lat="22.292396666666665" lon="113.97600499999999"><ele>0.8999999999999999</ele><time>2025-11-01T07:04:36Z</time></trkpt><trkpt lat="22.29240333333333" lon="113.97598166666667"><ele>1.0</ele><time>2025-11-01T07:04:38Z</time></trkpt><trkpt lat="22.292411666666666" lon="113.97596166666666"><ele>1.0</ele><time>2025-11-01T07:04:40Z</time></trkpt><trkpt lat="22.292425" lon="113.97593666666668"><ele>0.5</ele><time>2025-11-01T07:04:42Z</time></trkpt><trkpt lat="22.292435" lon="113.97590999999998"><ele>0.3999999999999999</ele><time>2025-11-01T07:04:44Z</time></trkpt><trkpt lat="22.29245166666666" lon="113.97588833333333"><ele>0.0</ele><time>2025-11-01T07:04:46Z</time></trkpt><trkpt lat="22.292466666666662" lon="113.97587"><ele>-0.3999999999999999</ele><time>2025-11-01T07:04:48Z</time></trkpt><trkpt lat="22.292481666666664" lon="113.97585166666667"><ele>-0.8999999999999999</ele><time>2025-11-01T07:04:51Z</time></trkpt><trkpt lat="22.292495" lon="113.97582499999999"><ele>-1.2</ele><time>2025-11-01T07:04:54Z</time></trkpt><trkpt lat="22.29250833333333" lon="113.97580666666666"><ele>-1.9</ele><time>2025-11-01T07:04:56Z</time></trkpt><trkpt lat="22.292525" lon="113.975785"><ele>-2.1</ele><time>2025-11-01T07:04:58Z</time></trkpt><trkpt lat="22.292530000000003" lon="113.97576499999998"><ele>-1.8</ele><time>2025-11-01T07:05:01Z</time></trkpt><trkpt lat="22.292543333333334" lon="113.97574833333334"><ele>-1.2</ele><time>2025-11-01T07:05:04Z</time></trkpt><trkpt lat="22.292545000000004" lon="113.975725"><ele>0.7000000000000002</ele><time>2025-11-01T07:05:08Z</time></trkpt><trkpt lat="22.292548333333336" lon="113.97570499999999"><ele>2.0999999999999996</ele><time>2025-11-01T07:05:10Z</time></trkpt><trkpt lat="22.292551666666668" lon="113.97568166666666"><ele>2.9000000000000004</ele><time>2025-11-01T07:05:12Z</time></trkpt><trkpt lat="22.292565" lon="113.97566166666665"><ele>4.4</ele><time>2025-11-01T07:05:15Z</time></trkpt><trkpt lat="22.292573333333333" lon="113.97564166666668"><ele>5.5</ele><time>2025-11-01T07:05:17Z</time></trkpt><trkpt lat="22.292581666666667" lon="113.97561666666667"><ele>6.300000000000001</ele><time>2025-11-01T07:05:19Z</time></trkpt><trkpt lat="22.292578333333335" lon="113.97559000000001"><ele>7.300000000000001</ele><time>2025-11-01T07:05:21Z</time></trkpt><trkpt lat="22.292563333333337" lon="113.97557833333333"><ele>9.6</ele><time>2025-11-01T07:05:26Z</time></trkpt><trkpt lat="22.292606666666664" lon="113.97557"><ele>8.9</ele><time>2025-11-01T07:06:17Z</time></trkpt><trkpt lat="22.292588333333335" lon="113.97554833333334"><ele>9.3</ele><time>2025-11-01T07:06:20Z</time></trkpt><trkpt lat="22.292579999999997" lon="113.97552333333333"><ele>9.7</ele><time>2025-11-01T07:06:22Z</time></trkpt><trkpt lat="22.292578333333335" lon="113.97549833333332"><ele>10.2</ele><time>2025-11-01T07:06:24Z</time></trkpt><trkpt lat="22.292578333333335" lon="113.97547666666667"><ele>10.5</ele><time>2025-11-01T07:06:26Z</time></trkpt><trkpt lat="22.292576666666665" lon="113.97545666666669"><ele>11.0</ele><time>2025-11-01T07:06:28Z</time></trkpt><trkpt lat="22.292576666666665" lon="113.97543333333333"><ele>11.1</ele><time>2025-11-01T07:06:30Z</time></trkpt><trkpt lat="22.292581666666667" lon="113.97540833333332"><ele>11.6</ele><time>2025-11-01T07:06:32Z</time></trkpt><trkpt lat="22.292585" lon="113.97538666666667"><ele>12.2</ele><time>2025-11-01T07:06:34Z</time></trkpt><trkpt lat="22.29259833333333" lon="113.975365"><ele>12.7</ele><time>2025-11-01T07:06:36Z</time></trkpt><trkpt lat="22.29261166666667" lon="113.97533999999999"><ele>12.9</ele><time>2025-11-01T07:06:38Z</time></trkpt><trkpt lat="22.292635000000004" lon="113.97532333333332"><ele>12.6</ele><time>2025-11-01T07:06:41Z</time></trkpt><trkpt lat="22.29265666666667" lon="113.97531166666667"><ele>12.0</ele><time>2025-11-01T07:06:43Z</time></trkpt><trkpt lat="22.292681666666667" lon="113.97529666666667"><ele>11.1</ele><time>2025-11-01T07:06:45Z</time></trkpt><trkpt lat="22.292706666666664" lon="113.97527833333334"><ele>10.1</ele><time>2025-11-01T07:06:47Z</time></trkpt><trkpt lat="22.292726666666667" lon="113.97526"><ele>9.2</ele><time>2025-11-01T07:06:49Z</time></trkpt><trkpt lat="22.292745" lon="113.97524"><ele>8.1</ele><time>2025-11-01T07:06:51Z</time></trkpt><trkpt lat="22.292768333333335" lon="113.97522333333333"><ele>6.6</ele><time>2025-11-01T07:06:53Z</time></trkpt><trkpt lat="22.292795" lon="113.97521666666668"><ele>5.6</ele><time>2025-11-01T07:06:55Z</time></trkpt><trkpt lat="22.29282" lon="113.97521833333333"><ele>4.9</ele><time>2025-11-01T07:06:57Z</time></trkpt><trkpt lat="22.292843333333334" lon="113.97522499999998"><ele>4.7</ele><time>2025-11-01T07:06:59Z</time></trkpt><trkpt lat="22.29287" lon="113.97522833333332"><ele>4.7</ele><time>2025-11-01T07:07:01Z</time></trkpt><trkpt lat="22.292891666666666" lon="113.97522833333332"><ele>4.5</ele><time>2025-11-01T07:07:03Z</time></trkpt><trkpt lat="22.29291" lon="113.97523500000001"><ele>4.3</ele><time>2025-11-01T07:07:05Z</time></trkpt><trkpt lat="22.29292666666667" lon="113.97524666666668"><ele>3.8</ele><time>2025-11-01T07:07:07Z</time></trkpt><trkpt lat="22.292941666666668" lon="113.97526833333335"><ele>3.5999999999999996</ele><time>2025-11-01T07:07:09Z</time></trkpt><trkpt lat="22.292961666666663" lon="113.97528333333334"><ele>3.5999999999999996</ele><time>2025-11-01T07:07:11Z</time></trkpt><trkpt lat="22.292979999999996" lon="113.97529666666667"><ele>4.2</ele><time>2025-11-01T07:07:13Z</time></trkpt><trkpt lat="22.292994999999998" lon="113.97530833333333"><ele>4.2</ele><time>2025-11-01T07:07:14Z</time></trkpt><trkpt lat="22.293015" lon="113.97532500000001"><ele>4.1</ele><time>2025-11-01T07:07:16Z</time></trkpt><trkpt lat="22.293023333333334" lon="113.97534666666667"><ele>4.0</ele><time>2025-11-01T07:07:18Z</time></trkpt><trkpt lat="22.293043333333337" lon="113.97536333333333"><ele>3.5999999999999996</ele><time>2025-11-01T07:07:20Z</time></trkpt><trkpt lat="22.293068333333334" lon="113.97537166666667"><ele>3.7</ele><time>2025-11-01T07:07:22Z</time></trkpt><trkpt lat="22.293095" lon="113.97538000000002"><ele>3.5</ele><time>2025-11-01T07:07:24Z</time></trkpt><trkpt lat="22.293116666666666" lon="113.97539333333334"><ele>3.4000000000000004</ele><time>2025-11-01T07:07:26Z</time></trkpt><trkpt lat="22.29313666666667" lon="113.97540666666667"><ele>3.5</ele><time>2025-11-01T07:07:28Z</time></trkpt><trkpt lat="22.293161666666666" lon="113.97541833333335"><ele>4.0</ele><time>2025-11-01T07:07:30Z</time></trkpt><trkpt lat="22.293178333333337" lon="113.97543499999999"><ele>4.1</ele><time>2025-11-01T07:07:32Z</time></trkpt><trkpt lat="22.293198333333333" lon="113.97544500000001"><ele>4.4</ele><time>2025-11-01T07:07:34Z</time></trkpt><trkpt lat="22.293223333333337" lon="113.97545333333333"><ele>4.6</ele><time>2025-11-01T07:07:36Z</time></trkpt><trkpt lat="22.293243333333333" lon="113.97545999999998"><ele>4.6</ele><time>2025-11-01T07:07:38Z</time></trkpt><trkpt lat="22.29327" lon="113.97546666666668"><ele>4.6</ele><time>2025-11-01T07:07:40Z</time></trkpt><trkpt lat="22.293293333333335" lon="113.97547000000002"><ele>4.7</ele><time>2025-11-01T07:07:42Z</time></trkpt><trkpt lat="22.293311666666668" lon="113.97547000000002"><ele>4.2</ele><time>2025-11-01T07:07:44Z</time></trkpt><trkpt lat="22.293333333333333" lon="113.97545833333334"><ele>3.5</ele><time>2025-11-01T07:07:47Z</time></trkpt><trkpt lat="22.29334833333333" lon="113.97544666666666"><ele>3.0999999999999996</ele><time>2025-11-01T07:07:49Z</time></trkpt><trkpt lat="22.293363333333332" lon="113.97542833333334"><ele>3.0999999999999996</ele><time>2025-11-01T07:07:51Z</time></trkpt><trkpt lat="22.293381666666665" lon="113.97541333333332"><ele>3.0</ele><time>2025-11-01T07:07:53Z</time></trkpt><trkpt lat="22.293398333333336" lon="113.97539833333333"><ele>3.0</ele><time>2025-11-01T07:07:55Z</time></trkpt><trkpt lat="22.293414999999996" lon="113.97538833333334"><ele>3.3</ele><time>2025-11-01T07:07:57Z</time></trkpt><trkpt lat="22.293435" lon="113.97538166666666"><ele>3.4000000000000004</ele><time>2025-11-01T07:07:59Z</time></trkpt><trkpt lat="22.293455" lon="113.97537499999999"><ele>3.4000000000000004</ele><time>2025-11-01T07:08:01Z</time></trkpt><trkpt lat="22.293471666666665" lon="113.97536166666666"><ele>3.7</ele><time>2025-11-01T07:08:03Z</time></trkpt><trkpt lat="22.293485" lon="113.97533833333334"><ele>5.0</ele><time>2025-11-01T07:08:06Z</time></trkpt><trkpt lat="22.29349333333333" lon="113.97531499999998"><ele>5.9</ele><time>2025-11-01T07:08:08Z</time></trkpt><trkpt lat="22.293491666666668" lon="113.97529333333333"><ele>6.699999999999999</ele><time>2025-11-01T07:08:10Z</time></trkpt><trkpt lat="22.29348166666667" lon="113.97527"><ele>7.6</ele><time>2025-11-01T07:08:12Z</time></trkpt><trkpt lat="22.293474999999997" lon="113.97524666666668"><ele>8.4</ele><time>2025-11-01T07:08:14Z</time></trkpt><trkpt lat="22.293461666666666" lon="113.97522499999998"><ele>9.4</ele><time>2025-11-01T07:08:16Z</time></trkpt><trkpt lat="22.293446666666668" lon="113.97520333333333"><ele>10.5</ele><time>2025-11-01T07:08:18Z</time></trkpt><trkpt lat="22.29343833333333" lon="113.97517833333335"><ele>11.6</ele><time>2025-11-01T07:08:20Z</time></trkpt><trkpt lat="22.293428333333335" lon="113.97515"><ele>12.7</ele><time>2025-11-01T07:08:22Z</time></trkpt><trkpt lat="22.29341833333334" lon="113.97512333333334"><ele>13.7</ele><time>2025-11-01T07:08:24Z</time></trkpt><trkpt lat="22.29341833333334" lon="113.97509999999998"><ele>14.600000000000001</ele><time>2025-11-01T07:08:26Z</time></trkpt><trkpt lat="22.29342166666667" lon="113.97507499999999"><ele>15.399999999999999</ele><time>2025-11-01T07:08:28Z</time></trkpt><trkpt lat="22.293425000000003" lon="113.97505500000001"><ele>16.4</ele><time>2025-11-01T07:08:30Z</time></trkpt><trkpt lat="22.293428333333335" lon="113.97503"><ele>17.4</ele><time>2025-11-01T07:08:32Z</time></trkpt><trkpt lat="22.29343833333333" lon="113.97500333333333"><ele>18.4</ele><time>2025-11-01T07:08:34Z</time></trkpt><trkpt lat="22.293445" lon="113.97497999999999"><ele>19.0</ele><time>2025-11-01T07:08:36Z</time></trkpt><trkpt lat="22.293446666666668" lon="113.97495833333332"><ele>19.7</ele><time>2025-11-01T07:08:38Z</time></trkpt><trkpt lat="22.293443333333336" lon="113.97493666666666"><ele>20.1</ele><time>2025-11-01T07:08:40Z</time></trkpt><trkpt lat="22.29343666666667" lon="113.974915"><ele>20.4</ele><time>2025-11-01T07:08:42Z</time></trkpt><trkpt lat="22.293428333333335" lon="113.97488999999999"><ele>20.6</ele><time>2025-11-01T07:08:44Z</time></trkpt><trkpt lat="22.29342166666667" lon="113.97486833333332"><ele>20.8</ele><time>2025-11-01T07:08:46Z</time></trkpt><trkpt lat="22.29341" lon="113.97485166666665"><ele>21.4</ele><time>2025-11-01T07:08:49Z</time></trkpt><trkpt lat="22.293398333333336" lon="113.97483500000001"><ele>21.8</ele><time>2025-11-01T07:08:51Z</time></trkpt><trkpt lat="22.293384999999997" lon="113.97481166666667"><ele>21.9</ele><time>2025-11-01T07:08:53Z</time></trkpt><trkpt lat="22.293380000000003" lon="113.97478833333335"><ele>22.0</ele><time>2025-11-01T07:08:55Z</time></trkpt><trkpt lat="22.293378333333333" lon="113.97476166666665"><ele>22.1</ele><time>2025-11-01T07:08:57Z</time></trkpt><trkpt lat="22.293375" lon="113.97473333333333"><ele>22.2</ele><time>2025-11-01T07:08:59Z</time></trkpt><trkpt lat="22.29337666666667" lon="113.97470333333334"><ele>22.2</ele><time>2025-11-01T07:09:01Z</time></trkpt><trkpt lat="22.29339166666667" lon="113.97467999999999"><ele>21.8</ele><time>2025-11-01T07:09:03Z</time></trkpt><trkpt lat="22.293413333333334" lon="113.97465666666668"><ele>21.4</ele><time>2025-11-01T07:09:05Z</time></trkpt><trkpt lat="22.293429999999997" lon="113.974635"><ele>20.1</ele><time>2025-11-01T07:09:07Z</time></trkpt><trkpt lat="22.293461666666666" lon="113.97461666666668"><ele>19.4</ele><time>2025-11-01T07:09:09Z</time></trkpt><trkpt lat="22.293476666666667" lon="113.97460500000001"><ele>19.3</ele><time>2025-11-01T07:09:10Z</time></trkpt><trkpt lat="22.293504999999996" lon="113.97460166666666"><ele>19.6</ele><time>2025-11-01T07:09:12Z</time></trkpt><trkpt lat="22.293525" lon="113.97460833333335"><ele>19.5</ele><time>2025-11-01T07:09:14Z</time></trkpt><trkpt lat="22.293549999999996" lon="113.97458666666668"><ele>19.5</ele><time>2025-11-01T07:09:17Z</time></trkpt><trkpt lat="22.29356833333333" lon="113.97457333333332"><ele>18.9</ele><time>2025-11-01T07:09:19Z</time></trkpt><trkpt lat="22.293591666666664" lon="113.97456666666668"><ele>18.3</ele><time>2025-11-01T07:09:22Z</time></trkpt><trkpt lat="22.293609999999997" lon="113.97455"><ele>18.0</ele><time>2025-11-01T07:09:24Z</time></trkpt><trkpt lat="22.29362833333333" lon="113.97454"><ele>17.0</ele><time>2025-11-01T07:09:26Z</time></trkpt><trkpt lat="22.29364666666667" lon="113.97452833333334"><ele>15.899999999999999</ele><time>2025-11-01T07:09:30Z</time></trkpt><trkpt lat="22.293651666666666" lon="113.97449499999999"><ele>16.5</ele><time>2025-11-01T07:09:32Z</time></trkpt><trkpt lat="22.29367166666667" lon="113.97448000000001"><ele>17.0</ele><time>2025-11-01T07:09:34Z</time></trkpt><trkpt lat="22.293701666666667" lon="113.97446833333333"><ele>17.6</ele><time>2025-11-01T07:09:36Z</time></trkpt><trkpt lat="22.293731666666666" lon="113.97446"><ele>17.6</ele><time>2025-11-01T07:09:38Z</time></trkpt><trkpt lat="22.29375333333333" lon="113.97445"><ele>17.4</ele><time>2025-11-01T07:09:40Z</time></trkpt><trkpt lat="22.293776666666666" lon="113.97444166666668"><ele>16.8</ele><time>2025-11-01T07:09:42Z</time></trkpt><trkpt lat="22.29379666666667" lon="113.97442666666666"><ele>16.8</ele><time>2025-11-01T07:09:44Z</time></trkpt><trkpt lat="22.293813333333333" lon="113.97441666666667"><ele>16.8</ele><time>2025-11-01T07:09:46Z</time></trkpt><trkpt lat="22.293831666666666" lon="113.974395"><ele>16.7</ele><time>2025-11-01T07:09:48Z</time></trkpt><trkpt lat="22.29384" lon="113.97437333333333"><ele>16.5</ele><time>2025-11-01T07:09:50Z</time></trkpt><trkpt lat="22.293836666666667" lon="113.97434833333334"><ele>15.7</ele><time>2025-11-01T07:09:52Z</time></trkpt><trkpt lat="22.29384" lon="113.97432666666667"><ele>15.399999999999999</ele><time>2025-11-01T07:09:54Z</time></trkpt><trkpt lat="22.29383833333333" lon="113.97430333333332"><ele>15.8</ele><time>2025-11-01T07:09:56Z</time></trkpt><trkpt lat="22.293836666666667" lon="113.97428166666666"><ele>16.2</ele><time>2025-11-01T07:09:58Z</time></trkpt><trkpt lat="22.293831666666666" lon="113.97425666666668"><ele>16.6</ele><time>2025-11-01T07:10:00Z</time></trkpt><trkpt lat="22.293828333333334" lon="113.97422999999999"><ele>17.5</ele><time>2025-11-01T07:10:02Z</time></trkpt><trkpt lat="22.293828333333334" lon="113.97420333333334"><ele>17.1</ele><time>2025-11-01T07:10:04Z</time></trkpt><trkpt lat="22.293845" lon="113.97419333333333"><ele>17.3</ele><time>2025-11-01T07:10:06Z</time></trkpt><trkpt lat="22.293863333333334" lon="113.97417666666666"><ele>17.6</ele><time>2025-11-01T07:10:09Z</time></trkpt><trkpt lat="22.293866666666666" lon="113.97415500000001"><ele>17.3</ele><time>2025-11-01T07:10:12Z</time></trkpt><trkpt lat="22.29385666666667" lon="113.97413666666668"><ele>16.4</ele><time>2025-11-01T07:10:14Z</time></trkpt><trkpt lat="22.293834999999998" lon="113.97412333333332"><ele>15.7</ele><time>2025-11-01T07:10:16Z</time></trkpt><trkpt lat="22.29380666666667" lon="113.97412000000001"><ele>15.3</ele><time>2025-11-01T07:10:18Z</time></trkpt><trkpt lat="22.293783333333334" lon="113.97411833333332"><ele>15.100000000000001</ele><time>2025-11-01T07:10:20Z</time></trkpt><trkpt lat="22.293774999999997" lon="113.97409333333331"><ele>14.8</ele><time>2025-11-01T07:10:25Z</time></trkpt><trkpt lat="22.293788333333335" lon="113.97411166666667"><ele>14.0</ele><time>2025-11-01T07:10:32Z</time></trkpt><trkpt lat="22.29379833333333" lon="113.97413"><ele>13.6</ele><time>2025-11-01T07:10:34Z</time></trkpt><trkpt lat="22.293791666666667" lon="113.974105"><ele>13.9</ele><time>2025-11-01T07:10:47Z</time></trkpt><trkpt lat="22.29381" lon="113.97409166666667"><ele>14.0</ele><time>2025-11-01T07:10:50Z</time></trkpt><trkpt lat="22.293831666666666" lon="113.97408500000002"><ele>13.8</ele><time>2025-11-01T07:10:52Z</time></trkpt><trkpt lat="22.293855" lon="113.97406833333335"><ele>13.7</ele><time>2025-11-01T07:10:54Z</time></trkpt><trkpt lat="22.293873333333334" lon="113.97404666666668"><ele>13.7</ele><time>2025-11-01T07:10:56Z</time></trkpt><trkpt lat="22.29389" lon="113.97402833333332"><ele>13.6</ele><time>2025-11-01T07:10:58Z</time></trkpt><trkpt lat="22.2939" lon="113.974"><ele>13.4</ele><time>2025-11-01T07:11:00Z</time></trkpt><trkpt lat="22.293908333333334" lon="113.97397833333335"><ele>12.9</ele><time>2025-11-01T07:11:02Z</time></trkpt><trkpt lat="22.293921666666666" lon="113.973965"><ele>12.8</ele><time>2025-11-01T07:11:04Z</time></trkpt><trkpt lat="22.293945" lon="113.97395499999999"><ele>12.8</ele><time>2025-11-01T07:11:06Z</time></trkpt><trkpt lat="22.293960000000002" lon="113.97394000000001"><ele>12.8</ele><time>2025-11-01T07:11:08Z</time></trkpt><trkpt lat="22.293971666666668" lon="113.97391666666665"><ele>12.8</ele><time>2025-11-01T07:11:10Z</time></trkpt><trkpt lat="22.293985" lon="113.97389666666668"><ele>13.0</ele><time>2025-11-01T07:11:12Z</time></trkpt><trkpt lat="22.294001666666666" lon="113.97386999999999"><ele>12.8</ele><time>2025-11-01T07:11:14Z</time></trkpt><trkpt lat="22.294016666666668" lon="113.973835"><ele>13.1</ele><time>2025-11-01T07:11:16Z</time></trkpt><trkpt lat="22.294028333333337" lon="113.97381166666668"><ele>13.6</ele><time>2025-11-01T07:11:18Z</time></trkpt><trkpt lat="22.294044999999997" lon="113.97379666666666"><ele>14.100000000000001</ele><time>2025-11-01T07:11:20Z</time></trkpt><trkpt lat="22.294061666666668" lon="113.97377833333333"><ele>14.5</ele><time>2025-11-01T07:11:22Z</time></trkpt><trkpt lat="22.29407833333333" lon="113.97375666666667"><ele>15.0</ele><time>2025-11-01T07:11:24Z</time></trkpt><trkpt lat="22.294096666666665" lon="113.97373999999999"><ele>15.3</ele><time>2025-11-01T07:11:26Z</time></trkpt><trkpt lat="22.294115" lon="113.97372166666668"><ele>15.5</ele><time>2025-11-01T07:11:28Z</time></trkpt><trkpt lat="22.294133333333335" lon="113.97369833333332"><ele>15.3</ele><time>2025-11-01T07:11:30Z</time></trkpt><trkpt lat="22.294146666666666" lon="113.97367833333334"><ele>15.100000000000001</ele><time>2025-11-01T07:11:32Z</time></trkpt><trkpt lat="22.294161666666664" lon="113.97365833333333"><ele>14.8</ele><time>2025-11-01T07:11:34Z</time></trkpt><trkpt lat="22.294173333333333" lon="113.97362333333334"><ele>14.7</ele><time>2025-11-01T07:11:36Z</time></trkpt><trkpt lat="22.294185000000002" lon="113.97359499999999"><ele>14.600000000000001</ele><time>2025-11-01T07:11:38Z</time></trkpt><trkpt lat="22.294195" lon="113.97356999999998"><ele>14.5</ele><time>2025-11-01T07:11:40Z</time></trkpt><trkpt lat="22.29421" lon="113.97355166666667"><ele>14.100000000000001</ele><time>2025-11-01T07:11:42Z</time></trkpt><trkpt lat="22.294224999999997" lon="113.97353333333334"><ele>13.6</ele><time>2025-11-01T07:11:44Z</time></trkpt><trkpt lat="22.29424" lon="113.97350666666668"><ele>13.5</ele><time>2025-11-01T07:11:46Z</time></trkpt><trkpt lat="22.29425" lon="113.97348666666667"><ele>12.9</ele><time>2025-11-01T07:11:48Z</time></trkpt><trkpt lat="22.294265000000003" lon="113.97346833333334"><ele>12.6</ele><time>2025-11-01T07:11:50Z</time></trkpt><trkpt lat="22.294278333333335" lon="113.97344999999999"><ele>12.7</ele><time>2025-11-01T07:11:52Z</time></trkpt><trkpt lat="22.29429" lon="113.973425"><ele>12.6</ele><time>2025-11-01T07:11:54Z</time></trkpt><trkpt lat="22.294303333333332" lon="113.97339666666667"><ele>12.5</ele><time>2025-11-01T07:11:56Z</time></trkpt><trkpt lat="22.294310000000003" lon="113.97336333333332"><ele>12.7</ele><time>2025-11-01T07:11:58Z</time></trkpt><trkpt lat="22.294323333333335" lon="113.97333166666667"><ele>12.9</ele><time>2025-11-01T07:12:00Z</time></trkpt><trkpt lat="22.294331666666668" lon="113.97329999999998"><ele>12.9</ele><time>2025-11-01T07:12:02Z</time></trkpt><trkpt lat="22.294340000000002" lon="113.97327500000002"><ele>12.5</ele><time>2025-11-01T07:12:04Z</time></trkpt><trkpt lat="22.29435" lon="113.97325666666666"><ele>12.0</ele><time>2025-11-01T07:12:06Z</time></trkpt><trkpt lat="22.294361666666667" lon="113.97323499999999"><ele>11.3</ele><time>2025-11-01T07:12:08Z</time></trkpt><trkpt lat="22.294383333333332" lon="113.97321166666667"><ele>10.9</ele><time>2025-11-01T07:12:10Z</time></trkpt><trkpt lat="22.294404999999998" lon="113.97318666666666"><ele>10.7</ele><time>2025-11-01T07:12:12Z</time></trkpt><trkpt lat="22.29442333333333" lon="113.97315833333332"><ele>10.7</ele><time>2025-11-01T07:12:14Z</time></trkpt><trkpt lat="22.294441666666664" lon="113.97313333333335"><ele>10.8</ele><time>2025-11-01T07:12:16Z</time></trkpt><trkpt lat="22.294465" lon="113.97310833333334"><ele>10.8</ele><time>2025-11-01T07:12:18Z</time></trkpt><trkpt lat="22.29448166666667" lon="113.97308666666667"><ele>10.6</ele><time>2025-11-01T07:12:20Z</time></trkpt><trkpt lat="22.29449833333333" lon="113.973065"><ele>10.7</ele><time>2025-11-01T07:12:22Z</time></trkpt><trkpt lat="22.29452666666667" lon="113.97304333333335"><ele>11.1</ele><time>2025-11-01T07:12:24Z</time></trkpt><trkpt lat="22.294553333333337" lon="113.97302666666668"><ele>11.3</ele><time>2025-11-01T07:12:26Z</time></trkpt><trkpt lat="22.294575000000002" lon="113.97300666666666"><ele>11.3</ele><time>2025-11-01T07:12:28Z</time></trkpt><trkpt lat="22.294605" lon="113.97299333333333"><ele>11.3</ele><time>2025-11-01T07:12:30Z</time></trkpt><trkpt lat="22.294621666666664" lon="113.97297666666667"><ele>10.9</ele><time>2025-11-01T07:12:32Z</time></trkpt><trkpt lat="22.294638333333335" lon="113.97295333333335"><ele>10.4</ele><time>2025-11-01T07:12:34Z</time></trkpt><trkpt lat="22.294658333333338" lon="113.97292666666665"><ele>10.2</ele><time>2025-11-01T07:12:36Z</time></trkpt><trkpt lat="22.294676666666668" lon="113.97290166666669"><ele>9.9</ele><time>2025-11-01T07:12:38Z</time></trkpt><trkpt lat="22.29470666666667" lon="113.97289333333335"><ele>9.3</ele><time>2025-11-01T07:12:40Z</time></trkpt><trkpt lat="22.294735" lon="113.97287"><ele>8.9</ele><time>2025-11-01T07:12:42Z</time></trkpt><trkpt lat="22.294748333333338" lon="113.97285166666667"><ele>8.9</ele><time>2025-11-01T07:12:43Z</time></trkpt><trkpt lat="22.294758333333334" lon="113.972835"><ele>8.8</ele><time>2025-11-01T07:12:44Z</time></trkpt><trkpt lat="22.294774999999998" lon="113.97281"><ele>8.5</ele><time>2025-11-01T07:12:46Z</time></trkpt><trkpt lat="22.294795" lon="113.97279333333333"><ele>8.2</ele><time>2025-11-01T07:12:48Z</time></trkpt><trkpt lat="22.29482666666667" lon="113.97277666666666"><ele>7.699999999999999</ele><time>2025-11-01T07:12:50Z</time></trkpt><trkpt lat="22.294843333333333" lon="113.97276500000001"><ele>7.6</ele><time>2025-11-01T07:12:51Z</time></trkpt><trkpt lat="22.294856666666668" lon="113.97274999999999"><ele>7.300000000000001</ele><time>2025-11-01T07:12:52Z</time></trkpt><trkpt lat="22.294866666666667" lon="113.97272"><ele>7.0</ele><time>2025-11-01T07:12:54Z</time></trkpt><trkpt lat="22.29487166666667" lon="113.97269166666668"><ele>6.6</ele><time>2025-11-01T07:12:56Z</time></trkpt><trkpt lat="22.294879999999996" lon="113.97266333333333"><ele>6.0</ele><time>2025-11-01T07:12:58Z</time></trkpt><trkpt lat="22.29488333333334" lon="113.97263666666667"><ele>5.4</ele><time>2025-11-01T07:13:00Z</time></trkpt><trkpt lat="22.294893333333334" lon="113.97260999999999"><ele>5.1</ele><time>2025-11-01T07:13:02Z</time></trkpt><trkpt lat="22.294906666666666" lon="113.97258500000001"><ele>4.7</ele><time>2025-11-01T07:13:04Z</time></trkpt><trkpt lat="22.29491833333333" lon="113.97255833333332"><ele>4.2</ele><time>2025-11-01T07:13:06Z</time></trkpt><trkpt lat="22.29493166666667" lon="113.97253333333335"><ele>3.9000000000000004</ele><time>2025-11-01T07:13:08Z</time></trkpt><trkpt lat="22.294946666666668" lon="113.97251"><ele>4.0</ele><time>2025-11-01T07:13:10Z</time></trkpt><trkpt lat="22.294969999999996" lon="113.97249833333332"><ele>4.4</ele><time>2025-11-01T07:13:12Z</time></trkpt><trkpt lat="22.29499333333333" lon="113.97248666666668"><ele>5.4</ele><time>2025-11-01T07:13:14Z</time></trkpt><trkpt lat="22.295016666666665" lon="113.972475"><ele>5.5</ele><time>2025-11-01T07:13:16Z</time></trkpt><trkpt lat="22.295031666666667" lon="113.97245333333333"><ele>5.6</ele><time>2025-11-01T07:13:18Z</time></trkpt><trkpt lat="22.29505166666667" lon="113.97243333333333"><ele>6.0</ele><time>2025-11-01T07:13:20Z</time></trkpt><trkpt lat="22.295073333333335" lon="113.97241166666666"><ele>5.8</ele><time>2025-11-01T07:13:22Z</time></trkpt><trkpt lat="22.295088333333336" lon="113.97238999999999"><ele>5.4</ele><time>2025-11-01T07:13:24Z</time></trkpt><trkpt lat="22.295108333333328" lon="113.97236833333334"><ele>5.3</ele><time>2025-11-01T07:13:26Z</time></trkpt><trkpt lat="22.295131666666666" lon="113.97235833333335"><ele>5.3</ele><time>2025-11-01T07:13:28Z</time></trkpt><trkpt lat="22.29515666666667" lon="113.97234833333331"><ele>5.0</ele><time>2025-11-01T07:13:30Z</time></trkpt><trkpt lat="22.295176666666666" lon="113.97234166666667"><ele>5.6</ele><time>2025-11-01T07:13:32Z</time></trkpt><trkpt lat="22.295198333333328" lon="113.97233666666668"><ele>5.9</ele><time>2025-11-01T07:13:34Z</time></trkpt><trkpt lat="22.295223333333336" lon="113.97232833333334"><ele>5.9</ele><time>2025-11-01T07:13:36Z</time></trkpt><trkpt lat="22.295248333333333" lon="113.97232333333335"><ele>5.4</ele><time>2025-11-01T07:13:38Z</time></trkpt><trkpt lat="22.295275" lon="113.97231500000001"><ele>4.5</ele><time>2025-11-01T07:13:40Z</time></trkpt><trkpt lat="22.295299999999997" lon="113.97230166666668"><ele>3.7</ele><time>2025-11-01T07:13:42Z</time></trkpt><trkpt lat="22.29532" lon="113.972295"><ele>2.9000000000000004</ele><time>2025-11-01T07:13:44Z</time></trkpt><trkpt lat="22.295340000000003" lon="113.97228166666667"><ele>1.9</ele><time>2025-11-01T07:13:46Z</time></trkpt><trkpt lat="22.29536166666667" lon="113.97226333333334"><ele>0.5</ele><time>2025-11-01T07:13:49Z</time></trkpt><trkpt lat="22.295383333333334" lon="113.97225333333333"><ele>0.0</ele><time>2025-11-01T07:13:51Z</time></trkpt><trkpt lat="22.295401666666667" lon="113.972235"><ele>-0.7</ele><time>2025-11-01T07:13:53Z</time></trkpt><trkpt lat="22.295415000000002" lon="113.97221499999999"><ele>-1.1</ele><time>2025-11-01T07:13:55Z</time></trkpt><trkpt lat="22.295431666666666" lon="113.97220666666665"><ele>-1.9</ele><time>2025-11-01T07:13:57Z</time></trkpt><trkpt lat="22.29545666666667" lon="113.97218833333334"><ele>-2.3</ele><time>2025-11-01T07:13:59Z</time></trkpt><trkpt lat="22.295479999999998" lon="113.972185"><ele>-2.6</ele><time>2025-11-01T07:14:01Z</time></trkpt><trkpt lat="22.29550166666667" lon="113.97218999999998"><ele>-2.8</ele><time>2025-11-01T07:14:04Z</time></trkpt><trkpt lat="22.295515" lon="113.97217"><ele>-2.7</ele><time>2025-11-01T07:14:06Z</time></trkpt><trkpt lat="22.29553333333333" lon="113.97215666666668"><ele>-3.0</ele><time>2025-11-01T07:14:08Z</time></trkpt><trkpt lat="22.295553333333334" lon="113.97214166666666"><ele>-3.4</ele><time>2025-11-01T07:14:10Z</time></trkpt><trkpt lat="22.29557333333333" lon="113.97213833333332"><ele>-3.4</ele><time>2025-11-01T07:14:12Z</time></trkpt><trkpt lat="22.295593333333333" lon="113.97212333333333"><ele>-3.3</ele><time>2025-11-01T07:14:14Z</time></trkpt><trkpt lat="22.295605000000002" lon="113.97209999999998"><ele>-2.8</ele><time>2025-11-01T07:14:16Z</time></trkpt><trkpt lat="22.295625000000005" lon="113.97208833333335"><ele>-2.6</ele><time>2025-11-01T07:14:18Z</time></trkpt><trkpt lat="22.29564833333333" lon="113.97207166666666"><ele>-2.7</ele><time>2025-11-01T07:14:20Z</time></trkpt><trkpt lat="22.295675" lon="113.97206"><ele>-2.7</ele><time>2025-11-01T07:14:22Z</time></trkpt><trkpt lat="22.295695000000002" lon="113.97204666666667"><ele>-2.8</ele><time>2025-11-01T07:14:24Z</time></trkpt><trkpt lat="22.29571333333333" lon="113.97202666666665"><ele>-2.5</ele><time>2025-11-01T07:14:26Z</time></trkpt><trkpt lat="22.29572333333333" lon="113.97200666666667"><ele>-2.3</ele><time>2025-11-01T07:14:28Z</time></trkpt><trkpt lat="22.295736666666667" lon="113.97199"><ele>-2.0</ele><time>2025-11-01T07:14:30Z</time></trkpt><trkpt lat="22.295741666666665" lon="113.971965"><ele>-1.1</ele><time>2025-11-01T07:14:32Z</time></trkpt><trkpt lat="22.295746666666666" lon="113.97194166666668"><ele>-0.8</ele><time>2025-11-01T07:14:34Z</time></trkpt><trkpt lat="22.295748333333336" lon="113.97191166666668"><ele>-0.6000000000000001</ele><time>2025-11-01T07:14:36Z</time></trkpt><trkpt lat="22.295756666666662" lon="113.97188499999999"><ele>-0.5</ele><time>2025-11-01T07:14:38Z</time></trkpt><trkpt lat="22.295760000000005" lon="113.97186333333333"><ele>-0.10000000000000009</ele><time>2025-11-01T07:14:40Z</time></trkpt><trkpt lat="22.29576666666667" lon="113.97183833333332"><ele>-0.5</ele><time>2025-11-01T07:14:42Z</time></trkpt><trkpt lat="22.295781666666667" lon="113.97182166666668"><ele>-0.8999999999999999</ele><time>2025-11-01T07:14:44Z</time></trkpt><trkpt lat="22.295791666666666" lon="113.97178833333334"><ele>-0.3999999999999999</ele><time>2025-11-01T07:14:46Z</time></trkpt><trkpt lat="22.295801666666662" lon="113.97177166666667"><ele>-0.19999999999999996</ele><time>2025-11-01T07:14:47Z</time></trkpt><trkpt lat="22.29581166666667" lon="113.97174666666666"><ele>0.0</ele><time>2025-11-01T07:14:49Z</time></trkpt><trkpt lat="22.295818333333333" lon="113.97172166666665"><ele>0.0</ele><time>2025-11-01T07:14:52Z</time></trkpt><trkpt lat="22.29582833333333" lon="113.97169833333334"><ele>0.3999999999999999</ele><time>2025-11-01T07:14:55Z</time></trkpt><trkpt lat="22.295836666666666" lon="113.97168000000002"><ele>0.20000000000000018</ele><time>2025-11-01T07:14:57Z</time></trkpt><trkpt lat="22.295850000000005" lon="113.97165500000001"><ele>-0.19999999999999996</ele><time>2025-11-01T07:14:59Z</time></trkpt><trkpt lat="22.295866666666665" lon="113.971645"><ele>-0.8999999999999999</ele><time>2025-11-01T07:15:01Z</time></trkpt><trkpt lat="22.295885" lon="113.97163333333334"><ele>-1.7</ele><time>2025-11-01T07:15:03Z</time></trkpt><trkpt lat="22.295876666666665" lon="113.97161499999999"><ele>-2.6</ele><time>2025-11-01T07:15:05Z</time></trkpt><trkpt lat="22.295868333333335" lon="113.97158166666668"><ele>-3.3</ele><time>2025-11-01T07:15:07Z</time></trkpt><trkpt lat="22.295866666666665" lon="113.97156000000001"><ele>-3.9</ele><time>2025-11-01T07:15:08Z</time></trkpt><trkpt lat="22.295863333333333" lon="113.97153833333331"><ele>-4.5</ele><time>2025-11-01T07:15:09Z</time></trkpt><trkpt lat="22.295866666666665" lon="113.97151166666666"><ele>-5.7</ele><time>2025-11-01T07:15:11Z</time></trkpt><trkpt lat="22.295866666666665" lon="113.971485"><ele>-6.9</ele><time>2025-11-01T07:15:13Z</time></trkpt><trkpt lat="22.295883333333336" lon="113.97146166666668"><ele>-9.5</ele><time>2025-11-01T07:15:16Z</time></trkpt><trkpt lat="22.295886666666668" lon="113.97143333333334"><ele>-10.9</ele><time>2025-11-01T07:15:18Z</time></trkpt><trkpt lat="22.295895000000005" lon="113.97141166666667"><ele>-11.1</ele><time>2025-11-01T07:15:20Z</time></trkpt><trkpt lat="22.29590166666667" lon="113.97139"><ele>-11.3</ele><time>2025-11-01T07:15:22Z</time></trkpt><trkpt lat="22.295898333333337" lon="113.97136666666665"><ele>-11.6</ele><time>2025-11-01T07:15:24Z</time></trkpt><trkpt lat="22.295905" lon="113.971335"><ele>-9.7</ele><time>2025-11-01T07:15:27Z</time></trkpt><trkpt lat="22.2959" lon="113.97131333333333"><ele>-9.4</ele><time>2025-11-01T07:15:29Z</time></trkpt><trkpt lat="22.295898333333337" lon="113.97129000000001"><ele>-9.4</ele><time>2025-11-01T07:15:31Z</time></trkpt><trkpt lat="22.295898333333337" lon="113.97126666666666"><ele>-9.2</ele><time>2025-11-01T07:15:33Z</time></trkpt><trkpt lat="22.2959" lon="113.97124333333335"><ele>-8.8</ele><time>2025-11-01T07:15:35Z</time></trkpt><trkpt lat="22.2959" lon="113.97121999999999"><ele>-8.6</ele><time>2025-11-01T07:15:37Z</time></trkpt><trkpt lat="22.29590166666667" lon="113.971195"><ele>-8.3</ele><time>2025-11-01T07:15:39Z</time></trkpt><trkpt lat="22.29590333333333" lon="113.97117333333333"><ele>-7.8</ele><time>2025-11-01T07:15:41Z</time></trkpt><trkpt lat="22.295908333333333" lon="113.97114833333332"><ele>-7.2</ele><time>2025-11-01T07:15:43Z</time></trkpt><trkpt lat="22.295910000000003" lon="113.97112666666665"><ele>-6.6</ele><time>2025-11-01T07:15:45Z</time></trkpt><trkpt lat="22.295916666666667" lon="113.971105"><ele>-6.1</ele><time>2025-11-01T07:15:47Z</time></trkpt><trkpt lat="22.295921666666665" lon="113.97108333333333"><ele>-5.5</ele><time>2025-11-01T07:15:49Z</time></trkpt><trkpt lat="22.295925000000004" lon="113.97106000000001"><ele>-4.7</ele><time>2025-11-01T07:15:51Z</time></trkpt><trkpt lat="22.29593" lon="113.97103833333334"><ele>-4.1</ele><time>2025-11-01T07:15:53Z</time></trkpt><trkpt lat="22.295935" lon="113.97101166666668"><ele>-3.3</ele><time>2025-11-01T07:15:56Z</time></trkpt><trkpt lat="22.295935" lon="113.97099166666666"><ele>-2.3</ele><time>2025-11-01T07:15:58Z</time></trkpt><trkpt lat="22.29593333333333" lon="113.970965"><ele>-2.0</ele><time>2025-11-01T07:16:01Z</time></trkpt><trkpt lat="22.295938333333332" lon="113.97094"><ele>-2.0</ele><time>2025-11-01T07:16:03Z</time></trkpt><trkpt lat="22.295941666666668" lon="113.97091166666665"><ele>-1.2</ele><time>2025-11-01T07:16:05Z</time></trkpt><trkpt lat="22.295938333333332" lon="113.97088333333335"><ele>-0.8999999999999999</ele><time>2025-11-01T07:16:07Z</time></trkpt><trkpt lat="22.295941666666668" lon="113.97085666666665"><ele>-0.6000000000000001</ele><time>2025-11-01T07:16:09Z</time></trkpt><trkpt lat="22.295936666666663" lon="113.97083666666667"><ele>-0.10000000000000009</ele><time>2025-11-01T07:16:11Z</time></trkpt><trkpt lat="22.295936666666663" lon="113.97081166666666"><ele>-0.10000000000000009</ele><time>2025-11-01T07:16:14Z</time></trkpt><trkpt lat="22.295935" lon="113.97078666666667"><ele>-0.10000000000000009</ele><time>2025-11-01T07:16:17Z</time></trkpt><trkpt lat="22.295923333333334" lon="113.97076666666665"><ele>-1.0</ele><time>2025-11-01T07:16:20Z</time></trkpt><trkpt lat="22.29591833333333" lon="113.97074666666667"><ele>-1.8</ele><time>2025-11-01T07:16:22Z</time></trkpt><trkpt lat="22.295926666666666" lon="113.970725"><ele>-2.6</ele><time>2025-11-01T07:16:24Z</time></trkpt><trkpt lat="22.295914999999997" lon="113.97069666666667"><ele>-4.3</ele><time>2025-11-01T07:16:27Z</time></trkpt><trkpt lat="22.295914999999997" lon="113.97066666666666"><ele>-5.2</ele><time>2025-11-01T07:16:29Z</time></trkpt><trkpt lat="22.295921666666665" lon="113.97063000000001"><ele>-5.7</ele><time>2025-11-01T07:16:31Z</time></trkpt><trkpt lat="22.295931666666668" lon="113.97061166666666"><ele>-6.4</ele><time>2025-11-01T07:16:33Z</time></trkpt><trkpt lat="22.295938333333332" lon="113.970585"><ele>-8.7</ele><time>2025-11-01T07:16:37Z</time></trkpt><trkpt lat="22.295956666666665" lon="113.97056833333333"><ele>-9.9</ele><time>2025-11-01T07:16:39Z</time></trkpt><trkpt lat="22.29597833333333" lon="113.97056166666668"><ele>-10.4</ele><time>2025-11-01T07:16:41Z</time></trkpt><trkpt lat="22.296000000000003" lon="113.97055833333334"><ele>-11.1</ele><time>2025-11-01T07:16:43Z</time></trkpt><trkpt lat="22.296021666666668" lon="113.970555"><ele>-12.0</ele><time>2025-11-01T07:16:45Z</time></trkpt><trkpt lat="22.29604" lon="113.97055833333334"><ele>-13.3</ele><time>2025-11-01T07:16:47Z</time></trkpt><trkpt lat="22.296060000000004" lon="113.97055333333334"><ele>-14.1</ele><time>2025-11-01T07:16:49Z</time></trkpt><trkpt lat="22.296085" lon="113.97053833333332"><ele>-15.6</ele><time>2025-11-01T07:16:52Z</time></trkpt><trkpt lat="22.296108333333336" lon="113.97053166666667"><ele>-15.9</ele><time>2025-11-01T07:16:54Z</time></trkpt><trkpt lat="22.296128333333332" lon="113.97052333333335"><ele>-15.6</ele><time>2025-11-01T07:16:56Z</time></trkpt><trkpt lat="22.296145000000003" lon="113.97051333333333"><ele>-15.2</ele><time>2025-11-01T07:16:58Z</time></trkpt><trkpt lat="22.29615833333333" lon="113.97049833333334"><ele>-14.6</ele><time>2025-11-01T07:17:00Z</time></trkpt><trkpt lat="22.296163333333332" lon="113.97047166666668"><ele>-14.3</ele><time>2025-11-01T07:17:02Z</time></trkpt><trkpt lat="22.296168333333338" lon="113.97044499999998"><ele>-13.7</ele><time>2025-11-01T07:17:04Z</time></trkpt><trkpt lat="22.296175" lon="113.97041666666668"><ele>-12.8</ele><time>2025-11-01T07:17:06Z</time></trkpt><trkpt lat="22.296179999999996" lon="113.97038833333333"><ele>-12.2</ele><time>2025-11-01T07:17:08Z</time></trkpt><trkpt lat="22.296181666666666" lon="113.97036833333335"><ele>-11.6</ele><time>2025-11-01T07:17:10Z</time></trkpt><trkpt lat="22.296181666666666" lon="113.97034000000001"><ele>-11.6</ele><time>2025-11-01T07:17:15Z</time></trkpt><trkpt lat="22.296186666666667" lon="113.97031166666666"><ele>-11.5</ele><time>2025-11-01T07:17:18Z</time></trkpt><trkpt lat="22.296184999999998" lon="113.97028166666665"><ele>-11.6</ele><time>2025-11-01T07:17:20Z</time></trkpt><trkpt lat="22.296190000000003" lon="113.97026166666667"><ele>-11.1</ele><time>2025-11-01T07:17:22Z</time></trkpt><trkpt lat="22.29620333333333" lon="113.97024333333333"><ele>-11.1</ele><time>2025-11-01T07:17:24Z</time></trkpt><trkpt lat="22.296206666666663" lon="113.97022333333334"><ele>-11.2</ele><time>2025-11-01T07:17:26Z</time></trkpt><trkpt lat="22.296213333333338" lon="113.97019999999999"><ele>-11.1</ele><time>2025-11-01T07:17:28Z</time></trkpt><trkpt lat="22.296224999999996" lon="113.97017166666667"><ele>-11.5</ele><time>2025-11-01T07:17:30Z</time></trkpt><trkpt lat="22.296226666666666" lon="113.97014166666668"><ele>-11.6</ele><time>2025-11-01T07:17:32Z</time></trkpt><trkpt lat="22.296236666666665" lon="113.97012333333332"><ele>-11.2</ele><time>2025-11-01T07:17:35Z</time></trkpt><trkpt lat="22.296251666666663" lon="113.97011166666668"><ele>-11.0</ele><time>2025-11-01T07:17:37Z</time></trkpt><trkpt lat="22.296271666666666" lon="113.97009833333335"><ele>-10.7</ele><time>2025-11-01T07:17:39Z</time></trkpt><trkpt lat="22.296295" lon="113.97009666666666"><ele>-9.7</ele><time>2025-11-01T07:17:41Z</time></trkpt><trkpt lat="22.296319999999998" lon="113.97011166666668"><ele>-9.1</ele><time>2025-11-01T07:17:43Z</time></trkpt><trkpt lat="22.29635" lon="113.97012166666667"><ele>-8.4</ele><time>2025-11-01T07:17:45Z</time></trkpt><trkpt lat="22.296378333333337" lon="113.97013"><ele>-7.5</ele><time>2025-11-01T07:17:47Z</time></trkpt><trkpt lat="22.296389999999995" lon="113.97011166666668"><ele>-6.3</ele><time>2025-11-01T07:17:49Z</time></trkpt><trkpt lat="22.296408333333336" lon="113.97009833333335"><ele>-5.6</ele><time>2025-11-01T07:17:51Z</time></trkpt><trkpt lat="22.29643" lon="113.97008499999998"><ele>-5.1</ele><time>2025-11-01T07:17:53Z</time></trkpt><trkpt lat="22.296454999999998" lon="113.97007666666666"><ele>-4.8</ele><time>2025-11-01T07:17:55Z</time></trkpt><trkpt lat="22.296479999999995" lon="113.97007333333335"><ele>-4.6</ele><time>2025-11-01T07:17:57Z</time></trkpt><trkpt lat="22.296493333333334" lon="113.97006000000002"><ele>-2.8</ele><time>2025-11-01T07:18:01Z</time></trkpt><trkpt lat="22.29651833333333" lon="113.97005666666668"><ele>-3.2</ele><time>2025-11-01T07:18:12Z</time></trkpt><trkpt lat="22.296543333333336" lon="113.97005333333333"><ele>-3.0</ele><time>2025-11-01T07:18:14Z</time></trkpt><trkpt lat="22.296566666666664" lon="113.97005666666668"><ele>-2.8</ele><time>2025-11-01T07:18:16Z</time></trkpt><trkpt lat="22.296584999999997" lon="113.970045"><ele>-2.9</ele><time>2025-11-01T07:18:18Z</time></trkpt><trkpt lat="22.296603333333337" lon="113.97003333333332"><ele>-2.7</ele><time>2025-11-01T07:18:20Z</time></trkpt><trkpt lat="22.296625000000002" lon="113.97002333333333"><ele>-2.3</ele><time>2025-11-01T07:18:22Z</time></trkpt><trkpt lat="22.296646666666668" lon="113.97001"><ele>-2.2</ele><time>2025-11-01T07:18:24Z</time></trkpt><trkpt lat="22.296668333333333" lon="113.96999333333333"><ele>-2.7</ele><time>2025-11-01T07:18:26Z</time></trkpt><trkpt lat="22.296689999999998" lon="113.96998166666665"><ele>-2.8</ele><time>2025-11-01T07:18:28Z</time></trkpt><trkpt lat="22.29670666666667" lon="113.96995666666665"><ele>-3.1</ele><time>2025-11-01T07:18:30Z</time></trkpt><trkpt lat="22.296730000000004" lon="113.96993666666667"><ele>-3.6</ele><time>2025-11-01T07:18:32Z</time></trkpt><trkpt lat="22.296746666666664" lon="113.96992"><ele>-3.8</ele><time>2025-11-01T07:18:34Z</time></trkpt><trkpt lat="22.296760000000003" lon="113.96990499999998"><ele>-4.2</ele><time>2025-11-01T07:18:36Z</time></trkpt><trkpt lat="22.296778333333336" lon="113.969885"><ele>-5.4</ele><time>2025-11-01T07:18:38Z</time></trkpt><trkpt lat="22.2968" lon="113.96987666666668"><ele>-6.7</ele><time>2025-11-01T07:18:41Z</time></trkpt><trkpt lat="22.29681666666667" lon="113.96985833333335"><ele>-7.6</ele><time>2025-11-01T07:18:43Z</time></trkpt><trkpt lat="22.29683166666667" lon="113.96984333333333"><ele>-8.5</ele><time>2025-11-01T07:18:45Z</time></trkpt><trkpt lat="22.296853333333335" lon="113.96983333333334"><ele>-10.8</ele><time>2025-11-01T07:18:50Z</time></trkpt><trkpt lat="22.296866666666666" lon="113.96981666666667"><ele>-11.4</ele><time>2025-11-01T07:18:52Z</time></trkpt><trkpt lat="22.296883333333334" lon="113.96979166666667"><ele>-11.7</ele><time>2025-11-01T07:18:54Z</time></trkpt><trkpt lat="22.29690833333333" lon="113.969775"><ele>-12.1</ele><time>2025-11-01T07:18:56Z</time></trkpt><trkpt lat="22.29693333333333" lon="113.96976666666666"><ele>-12.1</ele><time>2025-11-01T07:18:58Z</time></trkpt><trkpt lat="22.296955000000004" lon="113.96974833333334"><ele>-12.4</ele><time>2025-11-01T07:19:01Z</time></trkpt><trkpt lat="22.296974999999996" lon="113.96973333333332"><ele>-12.3</ele><time>2025-11-01T07:19:03Z</time></trkpt><trkpt lat="22.29699833333333" lon="113.96972666666667"><ele>-12.1</ele><time>2025-11-01T07:19:05Z</time></trkpt><trkpt lat="22.297019999999996" lon="113.96971333333335"><ele>-11.7</ele><time>2025-11-01T07:19:07Z</time></trkpt><trkpt lat="22.29703833333333" lon="113.96970000000002"><ele>-11.2</ele><time>2025-11-01T07:19:09Z</time></trkpt><trkpt lat="22.29705333333333" lon="113.96968833333334"><ele>-10.8</ele><time>2025-11-01T07:19:11Z</time></trkpt><trkpt lat="22.297073333333334" lon="113.96966499999999"><ele>-9.7</ele><time>2025-11-01T07:19:14Z</time></trkpt><trkpt lat="22.29708333333333" lon="113.96963666666667"><ele>-9.3</ele><time>2025-11-01T07:19:16Z</time></trkpt><trkpt lat="22.297093333333336" lon="113.96960499999999"><ele>-8.8</ele><time>2025-11-01T07:19:18Z</time></trkpt><trkpt lat="22.297103333333332" lon="113.96958166666667"><ele>-8.7</ele><time>2025-11-01T07:19:20Z</time></trkpt><trkpt lat="22.297120000000003" lon="113.96956333333334"><ele>-8.5</ele><time>2025-11-01T07:19:22Z</time></trkpt><trkpt lat="22.29714333333333" lon="113.96954833333332"><ele>-8.2</ele><time>2025-11-01T07:19:24Z</time></trkpt><trkpt lat="22.297168333333335" lon="113.96953333333335"><ele>-7.8</ele><time>2025-11-01T07:19:26Z</time></trkpt><trkpt lat="22.29718666666667" lon="113.969505"><ele>-7.5</ele><time>2025-11-01T07:19:28Z</time></trkpt><trkpt lat="22.297208333333334" lon="113.96948333333333"><ele>-7.4</ele><time>2025-11-01T07:19:30Z</time></trkpt><trkpt lat="22.297225000000005" lon="113.96946666666666"><ele>-7.6</ele><time>2025-11-01T07:19:32Z</time></trkpt><trkpt lat="22.297236666666663" lon="113.96945"><ele>-8.1</ele><time>2025-11-01T07:19:34Z</time></trkpt><trkpt lat="22.297244999999997" lon="113.96942833333333"><ele>-8.3</ele><time>2025-11-01T07:19:36Z</time></trkpt><trkpt lat="22.297258333333335" lon="113.96940666666666"><ele>-8.4</ele><time>2025-11-01T07:19:38Z</time></trkpt><trkpt lat="22.29727833333333" lon="113.96939166666668"><ele>-8.3</ele><time>2025-11-01T07:19:40Z</time></trkpt><trkpt lat="22.297293333333332" lon="113.96937000000001"><ele>-8.3</ele><time>2025-11-01T07:19:42Z</time></trkpt><trkpt lat="22.297306666666667" lon="113.969345"><ele>-8.4</ele><time>2025-11-01T07:19:44Z</time></trkpt><trkpt lat="22.297316666666667" lon="113.96932"><ele>-8.2</ele><time>2025-11-01T07:19:46Z</time></trkpt><trkpt lat="22.29732" lon="113.96928833333335"><ele>-7.7</ele><time>2025-11-01T07:19:48Z</time></trkpt><trkpt lat="22.297315000000005" lon="113.96925833333334"><ele>-7.9</ele><time>2025-11-01T07:19:50Z</time></trkpt><trkpt lat="22.297311666666662" lon="113.96922666666666"><ele>-7.8</ele><time>2025-11-01T07:19:52Z</time></trkpt><trkpt lat="22.29731333333333" lon="113.969205"><ele>-7.8</ele><time>2025-11-01T07:19:54Z</time></trkpt><trkpt lat="22.29732166666667" lon="113.96918666666667"><ele>-7.7</ele><time>2025-11-01T07:19:56Z</time></trkpt><trkpt lat="22.297330000000002" lon="113.96916333333333"><ele>-8.0</ele><time>2025-11-01T07:19:58Z</time></trkpt><trkpt lat="22.297334999999997" lon="113.96913500000001"><ele>-8.2</ele><time>2025-11-01T07:20:00Z</time></trkpt><trkpt lat="22.297331666666665" lon="113.96910166666666"><ele>-9.2</ele><time>2025-11-01T07:20:02Z</time></trkpt><trkpt lat="22.297333333333334" lon="113.96907833333334"><ele>-10.0</ele><time>2025-11-01T07:20:04Z</time></trkpt><trkpt lat="22.297331666666665" lon="113.96905666666667"><ele>-11.0</ele><time>2025-11-01T07:20:06Z</time></trkpt><trkpt lat="22.297328333333333" lon="113.96903333333333"><ele>-11.7</ele><time>2025-11-01T07:20:08Z</time></trkpt><trkpt lat="22.297334999999997" lon="113.96900499999998"><ele>-11.7</ele><time>2025-11-01T07:20:10Z</time></trkpt><trkpt lat="22.297343333333334" lon="113.96897166666668"><ele>-12.3</ele><time>2025-11-01T07:20:12Z</time></trkpt><trkpt lat="22.297361666666667" lon="113.96894166666668"><ele>-12.7</ele><time>2025-11-01T07:20:14Z</time></trkpt><trkpt lat="22.29738166666667" lon="113.96892666666666"><ele>-12.5</ele><time>2025-11-01T07:20:17Z</time></trkpt><trkpt lat="22.2974" lon="113.96891833333332"><ele>-12.1</ele><time>2025-11-01T07:20:20Z</time></trkpt><trkpt lat="22.297406666666667" lon="113.9689"><ele>-9.8</ele><time>2025-11-01T07:20:27Z</time></trkpt><trkpt lat="22.297393333333336" lon="113.96888499999999"><ele>-9.2</ele><time>2025-11-01T07:20:28Z</time></trkpt><trkpt lat="22.297388333333334" lon="113.96885833333333"><ele>-7.9</ele><time>2025-11-01T07:20:30Z</time></trkpt><trkpt lat="22.297394999999998" lon="113.96883166666666"><ele>-7.2</ele><time>2025-11-01T07:20:32Z</time></trkpt><trkpt lat="22.297401666666662" lon="113.96880666666667"><ele>-6.8</ele><time>2025-11-01T07:20:34Z</time></trkpt><trkpt lat="22.29741166666667" lon="113.96878666666667"><ele>-6.5</ele><time>2025-11-01T07:20:36Z</time></trkpt><trkpt lat="22.29742666666667" lon="113.96875833333334"><ele>-6.4</ele><time>2025-11-01T07:20:38Z</time></trkpt><trkpt lat="22.297424999999997" lon="113.96873"><ele>-6.8</ele><time>2025-11-01T07:20:41Z</time></trkpt><trkpt lat="22.297424999999997" lon="113.96870833333332"><ele>-7.4</ele><time>2025-11-01T07:20:43Z</time></trkpt><trkpt lat="22.29742666666667" lon="113.96868166666667"><ele>-8.1</ele><time>2025-11-01T07:20:45Z</time></trkpt><trkpt lat="22.297430000000002" lon="113.96866"><ele>-8.5</ele><time>2025-11-01T07:20:46Z</time></trkpt><trkpt lat="22.297424999999997" lon="113.968625"><ele>-9.5</ele><time>2025-11-01T07:20:48Z</time></trkpt><trkpt lat="22.297421666666665" lon="113.96859166666667"><ele>-10.3</ele><time>2025-11-01T07:20:50Z</time></trkpt><trkpt lat="22.297428333333333" lon="113.968565"><ele>-11.2</ele><time>2025-11-01T07:20:52Z</time></trkpt><trkpt lat="22.297435000000004" lon="113.96854499999999"><ele>-11.9</ele><time>2025-11-01T07:20:54Z</time></trkpt><trkpt lat="22.297439999999998" lon="113.96851999999998"><ele>-12.9</ele><time>2025-11-01T07:20:56Z</time></trkpt><trkpt lat="22.297439999999998" lon="113.96849166666668"><ele>-13.7</ele><time>2025-11-01T07:20:58Z</time></trkpt><trkpt lat="22.297439999999998" lon="113.96847166666666"><ele>-14.3</ele><time>2025-11-01T07:21:00Z</time></trkpt><trkpt lat="22.297438333333336" lon="113.96845"><ele>-15.1</ele><time>2025-11-01T07:21:02Z</time></trkpt><trkpt lat="22.297441666666668" lon="113.968425"><ele>-15.4</ele><time>2025-11-01T07:21:04Z</time></trkpt><trkpt lat="22.297450000000005" lon="113.96840333333333"><ele>-15.7</ele><time>2025-11-01T07:21:06Z</time></trkpt><trkpt lat="22.297455" lon="113.96837833333332"><ele>-16.0</ele><time>2025-11-01T07:21:08Z</time></trkpt><trkpt lat="22.29747166666667" lon="113.96834666666668"><ele>-16.2</ele><time>2025-11-01T07:21:10Z</time></trkpt><trkpt lat="22.297481666666666" lon="113.96831666666667"><ele>-16.2</ele><time>2025-11-01T07:21:12Z</time></trkpt><trkpt lat="22.29749" lon="113.96828666666667"><ele>-15.8</ele><time>2025-11-01T07:21:14Z</time></trkpt><trkpt lat="22.297493333333332" lon="113.96826166666666"><ele>-15.5</ele><time>2025-11-01T07:21:16Z</time></trkpt><trkpt lat="22.297508333333333" lon="113.968245"><ele>-15.5</ele><time>2025-11-01T07:21:18Z</time></trkpt><trkpt lat="22.297514999999997" lon="113.96822666666667"><ele>-15.6</ele><time>2025-11-01T07:21:20Z</time></trkpt><trkpt lat="22.297523333333334" lon="113.96820166666666"><ele>-15.4</ele><time>2025-11-01T07:21:22Z</time></trkpt><trkpt lat="22.297535" lon="113.96817666666666"><ele>-15.1</ele><time>2025-11-01T07:21:24Z</time></trkpt><trkpt lat="22.297538333333332" lon="113.96815333333333"><ele>-15.1</ele><time>2025-11-01T07:21:26Z</time></trkpt><trkpt lat="22.297555000000003" lon="113.96813166666668"><ele>-15.1</ele><time>2025-11-01T07:21:28Z</time></trkpt><trkpt lat="22.297558333333335" lon="113.96811000000001"><ele>-15.0</ele><time>2025-11-01T07:21:30Z</time></trkpt><trkpt lat="22.297565000000002" lon="113.96809166666665"><ele>-15.3</ele><time>2025-11-01T07:21:32Z</time></trkpt><trkpt lat="22.297573333333336" lon="113.96807166666667"><ele>-15.2</ele><time>2025-11-01T07:21:34Z</time></trkpt><trkpt lat="22.297581666666662" lon="113.96805333333332"><ele>-15.3</ele><time>2025-11-01T07:21:36Z</time></trkpt><trkpt lat="22.29760666666667" lon="113.96803666666668"><ele>-15.2</ele><time>2025-11-01T07:21:38Z</time></trkpt><trkpt lat="22.297626666666662" lon="113.96802333333332"><ele>-15.3</ele><time>2025-11-01T07:21:40Z</time></trkpt><trkpt lat="22.297645000000003" lon="113.96800333333334"><ele>-14.9</ele><time>2025-11-01T07:21:42Z</time></trkpt><trkpt lat="22.297659999999997" lon="113.96799000000001"><ele>-14.4</ele><time>2025-11-01T07:21:44Z</time></trkpt><trkpt lat="22.29768166666667" lon="113.96798500000001"><ele>-14.1</ele><time>2025-11-01T07:21:46Z</time></trkpt><trkpt lat="22.297703333333335" lon="113.96797833333333"><ele>-13.5</ele><time>2025-11-01T07:21:48Z</time></trkpt><trkpt lat="22.297728333333332" lon="113.96797833333333"><ele>-12.9</ele><time>2025-11-01T07:21:50Z</time></trkpt><trkpt lat="22.297748333333335" lon="113.96797999999998"><ele>-12.7</ele><time>2025-11-01T07:21:52Z</time></trkpt><trkpt lat="22.297766666666668" lon="113.96797999999998"><ele>-12.6</ele><time>2025-11-01T07:21:54Z</time></trkpt><trkpt lat="22.297784999999998" lon="113.96798500000001"><ele>-13.2</ele><time>2025-11-01T07:21:58Z</time></trkpt><trkpt lat="22.297794999999997" lon="113.967965"><ele>-15.4</ele><time>2025-11-01T07:23:17Z</time></trkpt><trkpt lat="22.297809999999995" lon="113.96794666666668"><ele>-15.9</ele><time>2025-11-01T07:23:19Z</time></trkpt><trkpt lat="22.297828333333335" lon="113.96792833333332"><ele>-16.1</ele><time>2025-11-01T07:23:21Z</time></trkpt><trkpt lat="22.297843333333336" lon="113.96791"><ele>-16.2</ele><time>2025-11-01T07:23:23Z</time></trkpt><trkpt lat="22.297853333333332" lon="113.96789166666667"><ele>-16.2</ele><time>2025-11-01T07:23:25Z</time></trkpt><trkpt lat="22.29786" lon="113.96787"><ele>-16.3</ele><time>2025-11-01T07:23:27Z</time></trkpt><trkpt lat="22.297869999999996" lon="113.967845"><ele>-16.5</ele><time>2025-11-01T07:23:29Z</time></trkpt><trkpt lat="22.297863333333332" lon="113.96782666666668"><ele>-16.8</ele><time>2025-11-01T07:23:31Z</time></trkpt><trkpt lat="22.297868333333334" lon="113.96784833333335"><ele>-16.8</ele><time>2025-11-01T07:23:40Z</time></trkpt><trkpt lat="22.297886666666667" lon="113.96779166666666"><ele>-16.0</ele><time>2025-11-01T07:24:16Z</time></trkpt><trkpt lat="22.297886666666667" lon="113.96776666666668"><ele>-16.1</ele><time>2025-11-01T07:24:18Z</time></trkpt><trkpt lat="22.297896666666663" lon="113.96774333333333"><ele>-16.2</ele><time>2025-11-01T07:24:20Z</time></trkpt><trkpt lat="22.297898333333332" lon="113.96771500000001"><ele>-16.0</ele><time>2025-11-01T07:24:22Z</time></trkpt><trkpt lat="22.29791" lon="113.96769833333335"><ele>-15.7</ele><time>2025-11-01T07:24:25Z</time></trkpt><trkpt lat="22.297925000000003" lon="113.96768333333333"><ele>-15.4</ele><time>2025-11-01T07:24:27Z</time></trkpt><trkpt lat="22.29793833333333" lon="113.96766333333335"><ele>-14.8</ele><time>2025-11-01T07:24:30Z</time></trkpt><trkpt lat="22.297958333333334" lon="113.96767166666665"><ele>-13.1</ele><time>2025-11-01T07:24:50Z</time></trkpt><trkpt lat="22.29794" lon="113.96768500000002"><ele>-12.9</ele><time>2025-11-01T07:25:04Z</time></trkpt><trkpt lat="22.297928333333335" lon="113.967705"><ele>-13.3</ele><time>2025-11-01T07:25:06Z</time></trkpt><trkpt lat="22.297914999999996" lon="113.96772666666666"><ele>-13.6</ele><time>2025-11-01T07:25:08Z</time></trkpt><trkpt lat="22.297903333333338" lon="113.96774833333332"><ele>-13.8</ele><time>2025-11-01T07:25:10Z</time></trkpt><trkpt lat="22.29789166666667" lon="113.96777500000002"><ele>-14.1</ele><time>2025-11-01T07:25:12Z</time></trkpt><trkpt lat="22.297884999999997" lon="113.96780166666667"><ele>-14.3</ele><time>2025-11-01T07:25:14Z</time></trkpt><trkpt lat="22.29787666666667" lon="113.96783500000001"><ele>-14.7</ele><time>2025-11-01T07:25:16Z</time></trkpt><trkpt lat="22.297871666666666" lon="113.96785999999999"><ele>-15.0</ele><time>2025-11-01T07:25:18Z</time></trkpt><trkpt lat="22.297865" lon="113.96789333333332"><ele>-15.7</ele><time>2025-11-01T07:25:20Z</time></trkpt><trkpt lat="22.297851666666663" lon="113.96791333333334"><ele>-16.6</ele><time>2025-11-01T07:25:23Z</time></trkpt><trkpt lat="22.297829999999998" lon="113.96793000000001"><ele>-17.4</ele><time>2025-11-01T07:25:25Z</time></trkpt><trkpt lat="22.297808333333332" lon="113.96794666666668"><ele>-18.1</ele><time>2025-11-01T07:25:27Z</time></trkpt><trkpt lat="22.297784999999998" lon="113.96796666666665"><ele>-18.7</ele><time>2025-11-01T07:25:29Z</time></trkpt><trkpt lat="22.297766666666668" lon="113.96797833333333"><ele>-19.2</ele><time>2025-11-01T07:25:31Z</time></trkpt><trkpt lat="22.297739999999997" lon="113.96798333333332"><ele>-19.4</ele><time>2025-11-01T07:25:34Z</time></trkpt><trkpt lat="22.297716666666663" lon="113.96798333333332"><ele>-18.2</ele><time>2025-11-01T07:26:04Z</time></trkpt><trkpt lat="22.29775833333333" lon="113.96795500000002"><ele>-16.3</ele><time>2025-11-01T07:26:33Z</time></trkpt><trkpt lat="22.297783333333335" lon="113.967945"><ele>-16.8</ele><time>2025-11-01T07:26:35Z</time></trkpt><trkpt lat="22.297809999999995" lon="113.96792166666667"><ele>-16.4</ele><time>2025-11-01T07:26:37Z</time></trkpt><trkpt lat="22.297829999999998" lon="113.96790000000001"><ele>-15.8</ele><time>2025-11-01T07:26:39Z</time></trkpt><trkpt lat="22.29784666666667" lon="113.96788333333333"><ele>-15.2</ele><time>2025-11-01T07:26:41Z</time></trkpt><trkpt lat="22.297868333333334" lon="113.96786666666667"><ele>-15.0</ele><time>2025-11-01T07:26:44Z</time></trkpt><trkpt lat="22.297880000000003" lon="113.96784333333332"><ele>-14.8</ele><time>2025-11-01T07:26:46Z</time></trkpt><trkpt lat="22.29789333333333" lon="113.96782499999999"><ele>-15.9</ele><time>2025-11-01T07:26:48Z</time></trkpt><trkpt lat="22.297905" lon="113.96781000000001"><ele>-15.7</ele><time>2025-11-01T07:26:50Z</time></trkpt><trkpt lat="22.297919999999998" lon="113.967785"><ele>-14.8</ele><time>2025-11-01T07:26:52Z</time></trkpt><trkpt lat="22.297926666666665" lon="113.96776"><ele>-14.1</ele><time>2025-11-01T07:26:54Z</time></trkpt><trkpt lat="22.297926666666665" lon="113.96773999999999"><ele>-13.8</ele><time>2025-11-01T07:26:56Z</time></trkpt><trkpt lat="22.297933333333336" lon="113.96771500000001"><ele>-13.6</ele><time>2025-11-01T07:26:58Z</time></trkpt><trkpt lat="22.297943333333333" lon="113.96769"><ele>-12.9</ele><time>2025-11-01T07:27:00Z</time></trkpt><trkpt lat="22.297953333333332" lon="113.96767"><ele>-12.1</ele><time>2025-11-01T07:27:02Z</time></trkpt><trkpt lat="22.297958333333334" lon="113.96764999999999"><ele>-12.1</ele><time>2025-11-01T07:27:04Z</time></trkpt><trkpt lat="22.297958333333334" lon="113.96763000000001"><ele>-12.0</ele><time>2025-11-01T07:27:06Z</time></trkpt><trkpt lat="22.297970000000003" lon="113.96760833333335"><ele>-11.6</ele><time>2025-11-01T07:27:09Z</time></trkpt><trkpt lat="22.29798333333333" lon="113.96759166666668"><ele>-11.6</ele><time>2025-11-01T07:27:11Z</time></trkpt><trkpt lat="22.29798333333333" lon="113.96756500000001"><ele>-11.5</ele><time>2025-11-01T07:27:13Z</time></trkpt><trkpt lat="22.297978333333337" lon="113.96752666666667"><ele>-11.4</ele><time>2025-11-01T07:27:15Z</time></trkpt><trkpt lat="22.297974999999997" lon="113.96750500000002"><ele>-11.3</ele><time>2025-11-01T07:27:16Z</time></trkpt><trkpt lat="22.297976666666667" lon="113.96747333333333"><ele>-11.0</ele><time>2025-11-01T07:27:18Z</time></trkpt><trkpt lat="22.297976666666667" lon="113.96744333333332"><ele>-10.8</ele><time>2025-11-01T07:27:20Z</time></trkpt><trkpt lat="22.297976666666667" lon="113.96741833333333"><ele>-11.3</ele><time>2025-11-01T07:27:22Z</time></trkpt><trkpt lat="22.297976666666667" lon="113.96739333333335"><ele>-11.6</ele><time>2025-11-01T07:27:24Z</time></trkpt><trkpt lat="22.29798166666667" lon="113.96736666666666"><ele>-12.6</ele><time>2025-11-01T07:27:27Z</time></trkpt><trkpt lat="22.297985" lon="113.967345"><ele>-13.1</ele><time>2025-11-01T07:27:29Z</time></trkpt><trkpt lat="22.297998333333332" lon="113.96731833333334"><ele>-14.1</ele><time>2025-11-01T07:27:31Z</time></trkpt><trkpt lat="22.298004999999996" lon="113.96728833333333"><ele>-14.3</ele><time>2025-11-01T07:27:33Z</time></trkpt><trkpt lat="22.298009999999998" lon="113.96726333333332"><ele>-14.6</ele><time>2025-11-01T07:27:35Z</time></trkpt><trkpt lat="22.298023333333337" lon="113.96723666666666"><ele>-14.5</ele><time>2025-11-01T07:27:37Z</time></trkpt><trkpt lat="22.29803" lon="113.96720833333332"><ele>-14.2</ele><time>2025-11-01T07:27:39Z</time></trkpt><trkpt lat="22.29804" lon="113.967185"><ele>-13.8</ele><time>2025-11-01T07:27:41Z</time></trkpt><trkpt lat="22.298053333333336" lon="113.96715833333334"><ele>-13.6</ele><time>2025-11-01T07:27:44Z</time></trkpt><trkpt lat="22.298066666666667" lon="113.967135"><ele>-13.2</ele><time>2025-11-01T07:27:46Z</time></trkpt><trkpt lat="22.298078333333333" lon="113.96710999999999"><ele>-12.4</ele><time>2025-11-01T07:27:48Z</time></trkpt><trkpt lat="22.298085" lon="113.96708500000001"><ele>-11.7</ele><time>2025-11-01T07:27:50Z</time></trkpt><trkpt lat="22.298096666666666" lon="113.96706666666665"><ele>-10.8</ele><time>2025-11-01T07:27:52Z</time></trkpt><trkpt lat="22.298099999999998" lon="113.967045"><ele>-9.5</ele><time>2025-11-01T07:27:54Z</time></trkpt><trkpt lat="22.298098333333336" lon="113.96701833333333"><ele>-8.2</ele><time>2025-11-01T07:27:57Z</time></trkpt><trkpt lat="22.298099999999998" lon="113.96699333333332"><ele>-7.5</ele><time>2025-11-01T07:27:59Z</time></trkpt><trkpt lat="22.298106666666666" lon="113.96696333333333"><ele>-7.1</ele><time>2025-11-01T07:28:01Z</time></trkpt><trkpt lat="22.298108333333335" lon="113.96694166666666"><ele>-6.3</ele><time>2025-11-01T07:28:03Z</time></trkpt><trkpt lat="22.298099999999998" lon="113.96691833333334"><ele>-5.0</ele><time>2025-11-01T07:28:06Z</time></trkpt><trkpt lat="22.298098333333336" lon="113.966895"><ele>-4.7</ele><time>2025-11-01T07:28:08Z</time></trkpt><trkpt lat="22.298088333333332" lon="113.96686999999999"><ele>-4.7</ele><time>2025-11-01T07:28:10Z</time></trkpt><trkpt lat="22.29808166666667" lon="113.96684333333333"><ele>-4.7</ele><time>2025-11-01T07:28:12Z</time></trkpt><trkpt lat="22.29808166666667" lon="113.96682333333335"><ele>-4.6</ele><time>2025-11-01T07:28:14Z</time></trkpt><trkpt lat="22.298076666666663" lon="113.96679666666665"><ele>-4.4</ele><time>2025-11-01T07:28:16Z</time></trkpt><trkpt lat="22.29807" lon="113.96676666666666"><ele>-4.4</ele><time>2025-11-01T07:28:18Z</time></trkpt><trkpt lat="22.298061666666666" lon="113.96673833333334"><ele>-4.8</ele><time>2025-11-01T07:28:20Z</time></trkpt><trkpt lat="22.298049999999996" lon="113.96670833333334"><ele>-5.4</ele><time>2025-11-01T07:28:22Z</time></trkpt><trkpt lat="22.29803666666667" lon="113.96667333333335"><ele>-6.2</ele><time>2025-11-01T07:28:24Z</time></trkpt><trkpt lat="22.298034999999995" lon="113.96663833333332"><ele>-5.1</ele><time>2025-11-01T07:28:26Z</time></trkpt><trkpt lat="22.298034999999995" lon="113.96660833333333"><ele>-4.9</ele><time>2025-11-01T07:28:28Z</time></trkpt><trkpt lat="22.29804" lon="113.966585"><ele>-4.9</ele><time>2025-11-01T07:28:30Z</time></trkpt><trkpt lat="22.298045000000002" lon="113.96656"><ele>-4.6</ele><time>2025-11-01T07:28:32Z</time></trkpt><trkpt lat="22.298049999999996" lon="113.96653333333333"><ele>-4.4</ele><time>2025-11-01T07:28:34Z</time></trkpt><trkpt lat="22.298049999999996" lon="113.96650666666667"><ele>-4.2</ele><time>2025-11-01T07:28:36Z</time></trkpt><trkpt lat="22.298048333333334" lon="113.96647999999999"><ele>-4.5</ele><time>2025-11-01T07:28:38Z</time></trkpt><trkpt lat="22.298043333333332" lon="113.96645333333332"><ele>-4.9</ele><time>2025-11-01T07:28:40Z</time></trkpt><trkpt lat="22.298038333333338" lon="113.96642666666666"><ele>-5.5</ele><time>2025-11-01T07:28:42Z</time></trkpt><trkpt lat="22.298043333333332" lon="113.96640333333335"><ele>-5.6</ele><time>2025-11-01T07:28:44Z</time></trkpt><trkpt lat="22.298043333333332" lon="113.96638166666668"><ele>-6.0</ele><time>2025-11-01T07:28:46Z</time></trkpt><trkpt lat="22.298054999999998" lon="113.96635999999998"><ele>-4.7</ele><time>2025-11-01T07:28:51Z</time></trkpt><trkpt lat="22.298066666666667" lon="113.96634166666666"><ele>-4.0</ele><time>2025-11-01T07:28:53Z</time></trkpt><trkpt lat="22.29807333333333" lon="113.96631333333335"><ele>-3.9</ele><time>2025-11-01T07:28:55Z</time></trkpt><trkpt lat="22.29807" lon="113.96628666666666"><ele>-3.7</ele><time>2025-11-01T07:28:57Z</time></trkpt><trkpt lat="22.29807" lon="113.96625999999999"><ele>-3.6</ele><time>2025-11-01T07:28:59Z</time></trkpt><trkpt lat="22.298068333333337" lon="113.966235"><ele>-3.6</ele><time>2025-11-01T07:29:01Z</time></trkpt><trkpt lat="22.29807" lon="113.96620833333333"><ele>-3.7</ele><time>2025-11-01T07:29:03Z</time></trkpt><trkpt lat="22.29807333333333" lon="113.96618333333332"><ele>-3.5</ele><time>2025-11-01T07:29:05Z</time></trkpt><trkpt lat="22.298079999999995" lon="113.96615833333333"><ele>-2.6</ele><time>2025-11-01T07:29:07Z</time></trkpt><trkpt lat="22.298085" lon="113.96613833333335"><ele>-1.6</ele><time>2025-11-01T07:29:09Z</time></trkpt><trkpt lat="22.298085" lon="113.96610166666666"><ele>-1.4</ele><time>2025-11-01T07:29:11Z</time></trkpt><trkpt lat="22.298076666666663" lon="113.96607833333334"><ele>-1.9</ele><time>2025-11-01T07:29:13Z</time></trkpt><trkpt lat="22.298064999999998" lon="113.96606166666668"><ele>-2.7</ele><time>2025-11-01T07:29:15Z</time></trkpt><trkpt lat="22.298054999999998" lon="113.96604"><ele>-3.1</ele><time>2025-11-01T07:29:17Z</time></trkpt><trkpt lat="22.298049999999996" lon="113.966015"><ele>-3.2</ele><time>2025-11-01T07:29:19Z</time></trkpt><trkpt lat="22.298043333333332" lon="113.96598333333334"><ele>-2.9</ele><time>2025-11-01T07:29:21Z</time></trkpt><trkpt lat="22.298034999999995" lon="113.96595833333335"><ele>-2.2</ele><time>2025-11-01T07:29:23Z</time></trkpt><trkpt lat="22.29803666666667" lon="113.96593"><ele>-1.5</ele><time>2025-11-01T07:29:25Z</time></trkpt><trkpt lat="22.29802833333333" lon="113.96589833333334"><ele>-1.2</ele><time>2025-11-01T07:29:27Z</time></trkpt><trkpt lat="22.298015000000003" lon="113.965875"><ele>-1.4</ele><time>2025-11-01T07:29:29Z</time></trkpt><trkpt lat="22.298008333333335" lon="113.96585333333333"><ele>-1.3</ele><time>2025-11-01T07:29:31Z</time></trkpt><trkpt lat="22.298008333333335" lon="113.96582833333332"><ele>-0.8999999999999999</ele><time>2025-11-01T07:29:33Z</time></trkpt><trkpt lat="22.298008333333335" lon="113.96580666666665"><ele>-0.7</ele><time>2025-11-01T07:29:35Z</time></trkpt><trkpt lat="22.298003333333334" lon="113.96578333333333"><ele>-0.5</ele><time>2025-11-01T07:29:37Z</time></trkpt><trkpt lat="22.298000000000002" lon="113.96575999999999"><ele>-0.3999999999999999</ele><time>2025-11-01T07:29:39Z</time></trkpt><trkpt lat="22.297995" lon="113.96573500000001"><ele>0.2999999999999998</ele><time>2025-11-01T07:29:41Z</time></trkpt><trkpt lat="22.297991666666668" lon="113.96571"><ele>0.7999999999999998</ele><time>2025-11-01T07:29:43Z</time></trkpt><trkpt lat="22.297986666666663" lon="113.965685"><ele>1.2999999999999998</ele><time>2025-11-01T07:29:45Z</time></trkpt><trkpt lat="22.297978333333337" lon="113.96566666666668"><ele>2.3</ele><time>2025-11-01T07:29:47Z</time></trkpt><trkpt lat="22.297978333333337" lon="113.96564333333332"><ele>2.5999999999999996</ele><time>2025-11-01T07:29:49Z</time></trkpt><trkpt lat="22.297973333333335" lon="113.96562"><ele>1.9</ele><time>2025-11-01T07:29:51Z</time></trkpt><trkpt lat="22.297971666666665" lon="113.96559833333335"><ele>1.2999999999999998</ele><time>2025-11-01T07:29:53Z</time></trkpt><trkpt lat="22.297963333333335" lon="113.96557666666668"><ele>1.1</ele><time>2025-11-01T07:29:55Z</time></trkpt><trkpt lat="22.29795166666667" lon="113.96555000000002"><ele>0.5</ele><time>2025-11-01T07:29:57Z</time></trkpt><trkpt lat="22.297933333333336" lon="113.96551833333334"><ele>-0.6000000000000001</ele><time>2025-11-01T07:29:59Z</time></trkpt><trkpt lat="22.297925000000003" lon="113.96549000000002"><ele>-1.9</ele><time>2025-11-01T07:30:01Z</time></trkpt><trkpt lat="22.29792166666667" lon="113.96546166666667"><ele>-4.2</ele><time>2025-11-01T07:30:04Z</time></trkpt><trkpt lat="22.29792166666667" lon="113.96543666666666"><ele>-5.7</ele><time>2025-11-01T07:30:06Z</time></trkpt><trkpt lat="22.297923333333333" lon="113.96541333333334"><ele>-7.1</ele><time>2025-11-01T07:30:08Z</time></trkpt><trkpt lat="22.297918333333335" lon="113.96539333333334"><ele>-8.0</ele><time>2025-11-01T07:30:10Z</time></trkpt><trkpt lat="22.29790666666667" lon="113.96536666666667"><ele>-8.9</ele><time>2025-11-01T07:30:13Z</time></trkpt><trkpt lat="22.297903333333338" lon="113.96534666666666"><ele>-9.1</ele><time>2025-11-01T07:30:15Z</time></trkpt><trkpt lat="22.297899999999995" lon="113.96532666666666"><ele>-9.1</ele><time>2025-11-01T07:30:17Z</time></trkpt><trkpt lat="22.29789166666667" lon="113.96530333333334"><ele>-8.3</ele><time>2025-11-01T07:30:19Z</time></trkpt><trkpt lat="22.297880000000003" lon="113.96528833333332"><ele>-7.6</ele><time>2025-11-01T07:30:20Z</time></trkpt><trkpt lat="22.297874999999998" lon="113.96525500000001"><ele>-6.5</ele><time>2025-11-01T07:30:22Z</time></trkpt><trkpt lat="22.297871666666666" lon="113.96523333333334"><ele>-6.2</ele><time>2025-11-01T07:30:24Z</time></trkpt><trkpt lat="22.297869999999996" lon="113.96521166666668"><ele>-5.6</ele><time>2025-11-01T07:30:26Z</time></trkpt><trkpt lat="22.297869999999996" lon="113.96519166666667"><ele>-4.8</ele><time>2025-11-01T07:30:28Z</time></trkpt><trkpt lat="22.297874999999998" lon="113.96516500000001"><ele>-4.1</ele><time>2025-11-01T07:30:30Z</time></trkpt><trkpt lat="22.297866666666664" lon="113.96513833333331"><ele>-5.4</ele><time>2025-11-01T07:30:34Z</time></trkpt><trkpt lat="22.297858333333338" lon="113.96512"><ele>-5.6</ele><time>2025-11-01T07:30:36Z</time></trkpt><trkpt lat="22.297851666666663" lon="113.96509666666667"><ele>-6.0</ele><time>2025-11-01T07:30:39Z</time></trkpt><trkpt lat="22.297843333333336" lon="113.96507500000001"><ele>-6.2</ele><time>2025-11-01T07:30:41Z</time></trkpt><trkpt lat="22.29783166666667" lon="113.965045"><ele>-6.6</ele><time>2025-11-01T07:30:43Z</time></trkpt><trkpt lat="22.297826666666666" lon="113.96502000000001"><ele>-7.2</ele><time>2025-11-01T07:30:45Z</time></trkpt><trkpt lat="22.29782" lon="113.96499666666665"><ele>-7.7</ele><time>2025-11-01T07:30:47Z</time></trkpt><trkpt lat="22.297826666666666" lon="113.96496499999999"><ele>-8.2</ele><time>2025-11-01T07:30:49Z</time></trkpt><trkpt lat="22.297821666666664" lon="113.96494"><ele>-8.8</ele><time>2025-11-01T07:30:51Z</time></trkpt><trkpt lat="22.297805" lon="113.96491833333333"><ele>-9.7</ele><time>2025-11-01T07:30:54Z</time></trkpt><trkpt lat="22.297798333333336" lon="113.96489833333332"><ele>-10.1</ele><time>2025-11-01T07:30:56Z</time></trkpt><trkpt lat="22.297790000000003" lon="113.96487333333334"><ele>-10.4</ele><time>2025-11-01T07:30:58Z</time></trkpt><trkpt lat="22.297779999999996" lon="113.96485"><ele>-10.6</ele><time>2025-11-01T07:31:00Z</time></trkpt><trkpt lat="22.297776666666664" lon="113.96481833333334"><ele>-10.3</ele><time>2025-11-01T07:31:02Z</time></trkpt><trkpt lat="22.29777166666667" lon="113.96479166666668"><ele>-10.3</ele><time>2025-11-01T07:31:04Z</time></trkpt><trkpt lat="22.297763333333332" lon="113.96477166666666"><ele>-10.2</ele><time>2025-11-01T07:31:06Z</time></trkpt><trkpt lat="22.297763333333332" lon="113.96474833333332"><ele>-10.1</ele><time>2025-11-01T07:31:08Z</time></trkpt><trkpt lat="22.297753333333336" lon="113.96472999999999"><ele>-10.3</ele><time>2025-11-01T07:31:10Z</time></trkpt><trkpt lat="22.297746666666665" lon="113.96470666666667"><ele>-10.7</ele><time>2025-11-01T07:31:13Z</time></trkpt><trkpt lat="22.297738333333335" lon="113.96468666666667"><ele>-10.9</ele><time>2025-11-01T07:31:15Z</time></trkpt><trkpt lat="22.297733333333333" lon="113.96466166666666"><ele>-11.1</ele><time>2025-11-01T07:31:17Z</time></trkpt><trkpt lat="22.297733333333333" lon="113.96463333333334"><ele>-11.3</ele><time>2025-11-01T07:31:19Z</time></trkpt><trkpt lat="22.297731666666664" lon="113.96460499999999"><ele>-11.1</ele><time>2025-11-01T07:31:21Z</time></trkpt><trkpt lat="22.29773" lon="113.964575"><ele>-11.1</ele><time>2025-11-01T07:31:23Z</time></trkpt><trkpt lat="22.297731666666664" lon="113.96454333333334"><ele>-10.7</ele><time>2025-11-01T07:31:25Z</time></trkpt><trkpt lat="22.297736666666665" lon="113.96451833333334"><ele>-10.3</ele><time>2025-11-01T07:31:27Z</time></trkpt><trkpt lat="22.297734999999996" lon="113.96449499999999"><ele>-9.7</ele><time>2025-11-01T07:31:29Z</time></trkpt><trkpt lat="22.297728333333332" lon="113.96447666666667"><ele>-9.3</ele><time>2025-11-01T07:31:31Z</time></trkpt><trkpt lat="22.297721666666668" lon="113.96444833333335"><ele>-8.8</ele><time>2025-11-01T07:31:34Z</time></trkpt><trkpt lat="22.29771333333333" lon="113.96442666666665"><ele>-8.8</ele><time>2025-11-01T07:31:36Z</time></trkpt><trkpt lat="22.29771" lon="113.96440499999999"><ele>-8.7</ele><time>2025-11-01T07:31:38Z</time></trkpt><trkpt lat="22.297706666666667" lon="113.96438500000001"><ele>-8.3</ele><time>2025-11-01T07:31:40Z</time></trkpt><trkpt lat="22.297703333333335" lon="113.964365"><ele>-8.0</ele><time>2025-11-01T07:31:42Z</time></trkpt><trkpt lat="22.29769666666667" lon="113.96433999999999"><ele>-7.9</ele><time>2025-11-01T07:31:44Z</time></trkpt><trkpt lat="22.297689999999996" lon="113.96431499999998"><ele>-7.7</ele><time>2025-11-01T07:31:46Z</time></trkpt><trkpt lat="22.297688333333333" lon="113.964295"><ele>-7.4</ele><time>2025-11-01T07:31:48Z</time></trkpt><trkpt lat="22.29768" lon="113.964275"><ele>-7.3</ele><time>2025-11-01T07:31:50Z</time></trkpt><trkpt lat="22.29767" lon="113.96425666666667"><ele>-7.5</ele><time>2025-11-01T07:31:52Z</time></trkpt><trkpt lat="22.297665" lon="113.964235"><ele>-7.4</ele><time>2025-11-01T07:31:54Z</time></trkpt><trkpt lat="22.297658333333334" lon="113.964215"><ele>-7.2</ele><time>2025-11-01T07:31:56Z</time></trkpt><trkpt lat="22.29765166666667" lon="113.96419166666668"><ele>-6.6</ele><time>2025-11-01T07:31:58Z</time></trkpt><trkpt lat="22.297646666666665" lon="113.964165"><ele>-6.4</ele><time>2025-11-01T07:32:00Z</time></trkpt><trkpt lat="22.297643333333333" lon="113.96414333333333"><ele>-6.7</ele><time>2025-11-01T07:32:02Z</time></trkpt><trkpt lat="22.29763666666667" lon="113.96412166666666"><ele>-6.8</ele><time>2025-11-01T07:32:04Z</time></trkpt><trkpt lat="22.297630000000005" lon="113.96409666666665"><ele>-7.1</ele><time>2025-11-01T07:32:06Z</time></trkpt><trkpt lat="22.29762333333333" lon="113.96406999999999"><ele>-7.4</ele><time>2025-11-01T07:32:09Z</time></trkpt><trkpt lat="22.297616666666666" lon="113.96404833333332"><ele>-7.4</ele><time>2025-11-01T07:32:11Z</time></trkpt><trkpt lat="22.297611666666665" lon="113.96402333333332"><ele>-7.3</ele><time>2025-11-01T07:32:13Z</time></trkpt><trkpt lat="22.297610000000002" lon="113.96399833333335"><ele>-7.2</ele><time>2025-11-01T07:32:15Z</time></trkpt><trkpt lat="22.297601666666665" lon="113.96397499999999"><ele>-7.5</ele><time>2025-11-01T07:32:17Z</time></trkpt><trkpt lat="22.297595" lon="113.96395333333334"><ele>-7.8</ele><time>2025-11-01T07:32:19Z</time></trkpt><trkpt lat="22.29759333333333" lon="113.96393166666667"><ele>-7.9</ele><time>2025-11-01T07:32:21Z</time></trkpt><trkpt lat="22.297588333333337" lon="113.96390833333335"><ele>-7.9</ele><time>2025-11-01T07:32:23Z</time></trkpt><trkpt lat="22.297581666666662" lon="113.96388666666665"><ele>-7.8</ele><time>2025-11-01T07:32:25Z</time></trkpt><trkpt lat="22.297576666666668" lon="113.96386"><ele>-8.0</ele><time>2025-11-01T07:32:27Z</time></trkpt><trkpt lat="22.297570000000004" lon="113.96383166666668"><ele>-8.2</ele><time>2025-11-01T07:32:29Z</time></trkpt><trkpt lat="22.297563333333333" lon="113.96380666666667"><ele>-8.3</ele><time>2025-11-01T07:32:31Z</time></trkpt><trkpt lat="22.297556666666665" lon="113.963785"><ele>-8.1</ele><time>2025-11-01T07:32:33Z</time></trkpt><trkpt lat="22.297556666666665" lon="113.96376333333335"><ele>-7.4</ele><time>2025-11-01T07:32:35Z</time></trkpt><trkpt lat="22.297558333333335" lon="113.96373833333334"><ele>-5.8</ele><time>2025-11-01T07:32:37Z</time></trkpt><trkpt lat="22.29755" lon="113.963715"><ele>-4.4</ele><time>2025-11-01T07:32:39Z</time></trkpt><trkpt lat="22.297565000000002" lon="113.96368833333332"><ele>-2.8</ele><time>2025-11-01T07:32:41Z</time></trkpt><trkpt lat="22.29756166666667" lon="113.96366000000002"><ele>0.0</ele><time>2025-11-01T07:32:46Z</time></trkpt><trkpt lat="22.29754833333333" lon="113.96363500000001"><ele>0.5</ele><time>2025-11-01T07:32:48Z</time></trkpt><trkpt lat="22.297535" lon="113.96360333333332"><ele>0.5</ele><time>2025-11-01T07:32:50Z</time></trkpt><trkpt lat="22.297528333333336" lon="113.96357166666667"><ele>0.3999999999999999</ele><time>2025-11-01T07:32:52Z</time></trkpt><trkpt lat="22.297523333333334" lon="113.96354500000001"><ele>0.2999999999999998</ele><time>2025-11-01T07:32:54Z</time></trkpt><trkpt lat="22.29751666666667" lon="113.96352333333334"><ele>0.5</ele><time>2025-11-01T07:32:56Z</time></trkpt><trkpt lat="22.297518333333333" lon="113.9635"><ele>0.6000000000000001</ele><time>2025-11-01T07:32:58Z</time></trkpt><trkpt lat="22.297514999999997" lon="113.96347833333333"><ele>0.20000000000000018</ele><time>2025-11-01T07:33:00Z</time></trkpt><trkpt lat="22.297511666666665" lon="113.96345666666666"><ele>-0.30000000000000004</ele><time>2025-11-01T07:33:03Z</time></trkpt><trkpt lat="22.297510000000003" lon="113.96343666666668"><ele>-0.6000000000000001</ele><time>2025-11-01T07:33:05Z</time></trkpt><trkpt lat="22.297498333333337" lon="113.96341166666667"><ele>-1.0</ele><time>2025-11-01T07:33:07Z</time></trkpt><trkpt lat="22.297491666666662" lon="113.96338499999999"><ele>-1.3</ele><time>2025-11-01T07:33:09Z</time></trkpt><trkpt lat="22.297486666666668" lon="113.96335666666667"><ele>-1.7</ele><time>2025-11-01T07:33:11Z</time></trkpt><trkpt lat="22.297476666666665" lon="113.963335"><ele>-2.3</ele><time>2025-11-01T07:33:13Z</time></trkpt><trkpt lat="22.297468333333335" lon="113.96331333333335"><ele>-2.8</ele><time>2025-11-01T07:33:15Z</time></trkpt><trkpt lat="22.297461666666663" lon="113.96328666666668"><ele>-3.6</ele><time>2025-11-01T07:33:18Z</time></trkpt><trkpt lat="22.297455" lon="113.96325499999999"><ele>-4.0</ele><time>2025-11-01T07:33:21Z</time></trkpt><trkpt lat="22.297450000000005" lon="113.963225"><ele>-4.4</ele><time>2025-11-01T07:33:23Z</time></trkpt><trkpt lat="22.297439999999998" lon="113.96319999999999"><ele>-4.5</ele><time>2025-11-01T07:33:25Z</time></trkpt><trkpt lat="22.297436666666666" lon="113.96317499999999"><ele>-4.9</ele><time>2025-11-01T07:33:27Z</time></trkpt><trkpt lat="22.297436666666666" lon="113.96315166666666"><ele>-5.1</ele><time>2025-11-01T07:33:29Z</time></trkpt><trkpt lat="22.297433333333334" lon="113.96312833333334"><ele>-5.3</ele><time>2025-11-01T07:33:31Z</time></trkpt><trkpt lat="22.297430000000002" lon="113.96310333333334"><ele>-5.4</ele><time>2025-11-01T07:33:33Z</time></trkpt><trkpt lat="22.297430000000002" lon="113.96308166666668"><ele>-5.3</ele><time>2025-11-01T07:33:35Z</time></trkpt><trkpt lat="22.297421666666665" lon="113.96305666666667"><ele>-5.0</ele><time>2025-11-01T07:33:37Z</time></trkpt><trkpt lat="22.29741333333333" lon="113.96303833333334"><ele>-4.8</ele><time>2025-11-01T07:33:39Z</time></trkpt><trkpt lat="22.29740333333333" lon="113.96301166666666"><ele>-4.8</ele><time>2025-11-01T07:33:41Z</time></trkpt><trkpt lat="22.297393333333336" lon="113.96298499999999"><ele>-4.7</ele><time>2025-11-01T07:33:43Z</time></trkpt><trkpt lat="22.297388333333334" lon="113.96296333333333"><ele>-4.5</ele><time>2025-11-01T07:33:45Z</time></trkpt><trkpt lat="22.297385000000002" lon="113.96293666666666"><ele>-4.4</ele><time>2025-11-01T07:33:47Z</time></trkpt><trkpt lat="22.297383333333332" lon="113.96291000000001"><ele>-4.3</ele><time>2025-11-01T07:33:49Z</time></trkpt><trkpt lat="22.297378333333334" lon="113.96288666666666"><ele>-4.5</ele><time>2025-11-01T07:33:51Z</time></trkpt><trkpt lat="22.29737" lon="113.96286666666668"><ele>-4.9</ele><time>2025-11-01T07:33:53Z</time></trkpt><trkpt lat="22.297363333333337" lon="113.96284333333332"><ele>-5.3</ele><time>2025-11-01T07:33:55Z</time></trkpt><trkpt lat="22.297356666666662" lon="113.96281833333333"><ele>-5.4</ele><time>2025-11-01T07:33:57Z</time></trkpt><trkpt lat="22.29735333333333" lon="113.96279333333332"><ele>-5.6</ele><time>2025-11-01T07:33:59Z</time></trkpt><trkpt lat="22.297348333333336" lon="113.96276833333334"><ele>-5.9</ele><time>2025-11-01T07:34:01Z</time></trkpt><trkpt lat="22.297341666666664" lon="113.96274"><ele>-6.2</ele><time>2025-11-01T07:34:03Z</time></trkpt><trkpt lat="22.29733666666667" lon="113.96271999999999"><ele>-6.6</ele><time>2025-11-01T07:34:05Z</time></trkpt><trkpt lat="22.297338333333332" lon="113.96269833333332"><ele>-6.7</ele><time>2025-11-01T07:34:07Z</time></trkpt><trkpt lat="22.297330000000002" lon="113.96267333333331"><ele>-6.9</ele><time>2025-11-01T07:34:09Z</time></trkpt><trkpt lat="22.29732333333333" lon="113.96265166666666"><ele>-6.9</ele><time>2025-11-01T07:34:11Z</time></trkpt><trkpt lat="22.29732166666667" lon="113.96262499999999"><ele>-7.0</ele><time>2025-11-01T07:34:13Z</time></trkpt><trkpt lat="22.29732" lon="113.9626"><ele>-7.1</ele><time>2025-11-01T07:34:15Z</time></trkpt><trkpt lat="22.297318333333337" lon="113.96257333333332"><ele>-7.2</ele><time>2025-11-01T07:34:17Z</time></trkpt><trkpt lat="22.29731333333333" lon="113.96254499999999"><ele>-7.2</ele><time>2025-11-01T07:34:19Z</time></trkpt><trkpt lat="22.29731333333333" lon="113.96251833333332"><ele>-7.3</ele><time>2025-11-01T07:34:21Z</time></trkpt><trkpt lat="22.297311666666662" lon="113.96249166666666"><ele>-7.2</ele><time>2025-11-01T07:34:23Z</time></trkpt><trkpt lat="22.297306666666667" lon="113.96247"><ele>-7.2</ele><time>2025-11-01T07:34:25Z</time></trkpt><trkpt lat="22.297300000000003" lon="113.96244833333334"><ele>-7.3</ele><time>2025-11-01T07:34:27Z</time></trkpt><trkpt lat="22.297296666666664" lon="113.96242"><ele>-7.4</ele><time>2025-11-01T07:34:29Z</time></trkpt><trkpt lat="22.297296666666664" lon="113.96240000000002"><ele>-7.5</ele><time>2025-11-01T07:34:31Z</time></trkpt><trkpt lat="22.29729166666667" lon="113.96238"><ele>-7.5</ele><time>2025-11-01T07:34:33Z</time></trkpt><trkpt lat="22.297289999999997" lon="113.96235666666668"><ele>-7.9</ele><time>2025-11-01T07:34:35Z</time></trkpt><trkpt lat="22.297283333333333" lon="113.96232833333333"><ele>-7.9</ele><time>2025-11-01T07:34:37Z</time></trkpt><trkpt lat="22.29727666666667" lon="113.96230500000001"><ele>-7.8</ele><time>2025-11-01T07:34:39Z</time></trkpt><trkpt lat="22.297275" lon="113.96228500000001"><ele>-7.4</ele><time>2025-11-01T07:34:41Z</time></trkpt><trkpt lat="22.297271666666667" lon="113.96225833333334"><ele>-7.3</ele><time>2025-11-01T07:34:44Z</time></trkpt><trkpt lat="22.297271666666667" lon="113.96223"><ele>-7.3</ele><time>2025-11-01T07:34:46Z</time></trkpt><trkpt lat="22.29726833333333" lon="113.9622"><ele>-6.9</ele><time>2025-11-01T07:34:48Z</time></trkpt><trkpt lat="22.297265" lon="113.96217666666668"><ele>-6.5</ele><time>2025-11-01T07:34:50Z</time></trkpt><trkpt lat="22.297255000000003" lon="113.96215"><ele>-6.9</ele><time>2025-11-01T07:34:52Z</time></trkpt><trkpt lat="22.297248333333332" lon="113.96212500000001"><ele>-7.199999999999999</ele><time>2025-11-01T07:34:54Z</time></trkpt><trkpt lat="22.297238333333333" lon="113.96210333333332"><ele>-7.9</ele><time>2025-11-01T07:34:57Z</time></trkpt><trkpt lat="22.297228333333337" lon="113.96208666666668"><ele>-8.3</ele><time>2025-11-01T07:34:59Z</time></trkpt><trkpt lat="22.297216666666667" lon="113.96206500000001"><ele>-8.5</ele><time>2025-11-01T07:35:01Z</time></trkpt><trkpt lat="22.297210000000003" lon="113.96203666666666"><ele>-8.5</ele><time>2025-11-01T07:35:04Z</time></trkpt><trkpt lat="22.297205" lon="113.96201"><ele>-8.7</ele><time>2025-11-01T07:35:06Z</time></trkpt><trkpt lat="22.297195000000002" lon="113.96198333333332"><ele>-8.9</ele><time>2025-11-01T07:35:08Z</time></trkpt><trkpt lat="22.29719" lon="113.96195666666667"><ele>-8.9</ele><time>2025-11-01T07:35:10Z</time></trkpt><trkpt lat="22.297191666666663" lon="113.96193"><ele>-8.7</ele><time>2025-11-01T07:35:12Z</time></trkpt><trkpt lat="22.297196666666665" lon="113.96190833333334"><ele>-8.3</ele><time>2025-11-01T07:35:14Z</time></trkpt><trkpt lat="22.297195000000002" lon="113.96188333333333"><ele>-7.699999999999999</ele><time>2025-11-01T07:35:17Z</time></trkpt><trkpt lat="22.29718833333333" lon="113.96186166666666"><ele>-7.4</ele><time>2025-11-01T07:35:19Z</time></trkpt><trkpt lat="22.297181666666667" lon="113.96184"><ele>-7.5</ele><time>2025-11-01T07:35:21Z</time></trkpt><trkpt lat="22.297175" lon="113.96180833333334"><ele>-7.4</ele><time>2025-11-01T07:35:23Z</time></trkpt><trkpt lat="22.29717666666666" lon="113.96177666666667"><ele>-7.1</ele><time>2025-11-01T07:35:25Z</time></trkpt><trkpt lat="22.297183333333336" lon="113.96175"><ele>-6.699999999999999</ele><time>2025-11-01T07:35:27Z</time></trkpt><trkpt lat="22.29719" lon="113.96172833333334"><ele>-5.5</ele><time>2025-11-01T07:35:30Z</time></trkpt><trkpt lat="22.29717666666666" lon="113.96170833333332"><ele>-4.2</ele><time>2025-11-01T07:35:32Z</time></trkpt><trkpt lat="22.297161666666664" lon="113.96168000000002"><ele>-3.8</ele><time>2025-11-01T07:35:34Z</time></trkpt><trkpt lat="22.297150000000002" lon="113.96166166666666"><ele>-3.1</ele><time>2025-11-01T07:35:36Z</time></trkpt><trkpt lat="22.29714166666667" lon="113.96163333333334"><ele>-2.3000000000000003</ele><time>2025-11-01T07:35:39Z</time></trkpt><trkpt lat="22.29714" lon="113.96160833333333"><ele>-2.3000000000000003</ele><time>2025-11-01T07:35:41Z</time></trkpt><trkpt lat="22.29714166666667" lon="113.96158166666667"><ele>-2.4</ele><time>2025-11-01T07:35:43Z</time></trkpt><trkpt lat="22.297136666666667" lon="113.96155833333333"><ele>-2.7</ele><time>2025-11-01T07:35:45Z</time></trkpt><trkpt lat="22.29713166666667" lon="113.96153833333334"><ele>-3.0</ele><time>2025-11-01T07:35:47Z</time></trkpt><trkpt lat="22.297126666666667" lon="113.96151833333333"><ele>-3.2</ele><time>2025-11-01T07:35:49Z</time></trkpt><trkpt lat="22.297121666666666" lon="113.96149500000001"><ele>-3.4000000000000004</ele><time>2025-11-01T07:35:51Z</time></trkpt><trkpt lat="22.29711666666667" lon="113.96146333333333"><ele>-3.6</ele><time>2025-11-01T07:35:53Z</time></trkpt><trkpt lat="22.297118333333334" lon="113.96143166666667"><ele>-4.2</ele><time>2025-11-01T07:35:55Z</time></trkpt><trkpt lat="22.297108333333334" lon="113.96140500000001"><ele>-5.0</ele><time>2025-11-01T07:35:57Z</time></trkpt><trkpt lat="22.297103333333332" lon="113.96138166666667"><ele>-5.9</ele><time>2025-11-01T07:35:59Z</time></trkpt><trkpt lat="22.29709666666667" lon="113.96135833333334"><ele>-6.4</ele><time>2025-11-01T07:36:01Z</time></trkpt><trkpt lat="22.297095" lon="113.96133499999999"><ele>-7.0</ele><time>2025-11-01T07:36:03Z</time></trkpt><trkpt lat="22.297090000000004" lon="113.96131166666667"><ele>-7.4</ele><time>2025-11-01T07:36:05Z</time></trkpt><trkpt lat="22.29708333333333" lon="113.96128833333333"><ele>-7.699999999999999</ele><time>2025-11-01T07:36:07Z</time></trkpt><trkpt lat="22.297079999999998" lon="113.96126333333335"><ele>-7.6</ele><time>2025-11-01T07:36:09Z</time></trkpt><trkpt lat="22.297073333333334" lon="113.96123666666666"><ele>-7.800000000000001</ele><time>2025-11-01T07:36:11Z</time></trkpt><trkpt lat="22.297073333333334" lon="113.96121333333333"><ele>-8.0</ele><time>2025-11-01T07:36:13Z</time></trkpt><trkpt lat="22.297068333333332" lon="113.96119166666668"><ele>-8.1</ele><time>2025-11-01T07:36:15Z</time></trkpt><trkpt lat="22.297064999999996" lon="113.96117000000001"><ele>-8.1</ele><time>2025-11-01T07:36:17Z</time></trkpt><trkpt lat="22.297055" lon="113.96114666666666"><ele>-7.9</ele><time>2025-11-01T07:36:20Z</time></trkpt><trkpt lat="22.29705333333333" lon="113.96112333333333"><ele>-7.9</ele><time>2025-11-01T07:36:22Z</time></trkpt><trkpt lat="22.29705" lon="113.96109833333334"><ele>-7.4</ele><time>2025-11-01T07:36:24Z</time></trkpt><trkpt lat="22.297046666666667" lon="113.96107500000001"><ele>-7.0</ele><time>2025-11-01T07:36:26Z</time></trkpt><trkpt lat="22.29704166666667" lon="113.96104833333332"><ele>-6.800000000000001</ele><time>2025-11-01T07:36:28Z</time></trkpt><trkpt lat="22.297028333333333" lon="113.96102833333335"><ele>-3.3</ele><time>2025-11-01T07:36:47Z</time></trkpt><trkpt lat="22.297030000000003" lon="113.96100333333334"><ele>-3.0</ele><time>2025-11-01T07:36:52Z</time></trkpt><trkpt lat="22.297023333333332" lon="113.96097999999999"><ele>-3.2</ele><time>2025-11-01T07:36:54Z</time></trkpt><trkpt lat="22.297015000000002" lon="113.96096166666666"><ele>-3.8</ele><time>2025-11-01T07:36:58Z</time></trkpt><trkpt lat="22.297006666666668" lon="113.96093833333335"><ele>-2.8</ele><time>2025-11-01T07:37:13Z</time></trkpt><trkpt lat="22.297006666666668" lon="113.96091833333334"><ele>-3.2</ele><time>2025-11-01T07:37:15Z</time></trkpt><trkpt lat="22.297003333333336" lon="113.96088833333333"><ele>-3.5</ele><time>2025-11-01T07:37:17Z</time></trkpt><trkpt lat="22.297000000000004" lon="113.96086833333332"><ele>-3.7</ele><time>2025-11-01T07:37:19Z</time></trkpt><trkpt lat="22.29699666666667" lon="113.96084333333334"><ele>-4.2</ele><time>2025-11-01T07:37:21Z</time></trkpt><trkpt lat="22.296985000000003" lon="113.96081666666666"><ele>-5.1</ele><time>2025-11-01T07:37:23Z</time></trkpt><trkpt lat="22.29696666666667" lon="113.96079333333334"><ele>-5.800000000000001</ele><time>2025-11-01T07:37:25Z</time></trkpt><trkpt lat="22.296965" lon="113.96076166666666"><ele>-6.699999999999999</ele><time>2025-11-01T07:37:28Z</time></trkpt><trkpt lat="22.29696333333333" lon="113.96073833333334"><ele>-7.1</ele><time>2025-11-01T07:37:30Z</time></trkpt><trkpt lat="22.296961666666668" lon="113.96071166666667"><ele>-7.0</ele><time>2025-11-01T07:37:32Z</time></trkpt><trkpt lat="22.29696" lon="113.96068666666666"><ele>-6.800000000000001</ele><time>2025-11-01T07:37:34Z</time></trkpt><trkpt lat="22.29695333333333" lon="113.960665"><ele>-6.800000000000001</ele><time>2025-11-01T07:37:36Z</time></trkpt><trkpt lat="22.29695" lon="113.96064499999999"><ele>-6.300000000000001</ele><time>2025-11-01T07:37:38Z</time></trkpt><trkpt lat="22.296946666666667" lon="113.96062333333333"><ele>-5.9</ele><time>2025-11-01T07:37:40Z</time></trkpt><trkpt lat="22.296943333333335" lon="113.96059833333332"><ele>-5.7</ele><time>2025-11-01T07:37:42Z</time></trkpt><trkpt lat="22.29693666666667" lon="113.96057166666667"><ele>-5.2</ele><time>2025-11-01T07:37:44Z</time></trkpt><trkpt lat="22.296929999999996" lon="113.96054333333335"><ele>-5.1</ele><time>2025-11-01T07:37:46Z</time></trkpt><trkpt lat="22.296926666666664" lon="113.960515"><ele>-4.7</ele><time>2025-11-01T07:37:48Z</time></trkpt><trkpt lat="22.29692166666667" lon="113.96049"><ele>-4.9</ele><time>2025-11-01T07:37:50Z</time></trkpt><trkpt lat="22.296916666666668" lon="113.96046833333334"><ele>-4.7</ele><time>2025-11-01T07:37:52Z</time></trkpt><trkpt lat="22.296910000000004" lon="113.96044666666667"><ele>-4.4</ele><time>2025-11-01T07:37:54Z</time></trkpt><trkpt lat="22.296901666666667" lon="113.96042833333334"><ele>-4.6</ele><time>2025-11-01T07:37:56Z</time></trkpt><trkpt lat="22.296893333333333" lon="113.960405"><ele>-4.800000000000001</ele><time>2025-11-01T07:37:58Z</time></trkpt><trkpt lat="22.29689" lon="113.96038500000002"><ele>-4.6</ele><time>2025-11-01T07:38:00Z</time></trkpt><trkpt lat="22.296875" lon="113.960355"><ele>-5.1</ele><time>2025-11-01T07:38:03Z</time></trkpt><trkpt lat="22.296866666666666" lon="113.96032666666666"><ele>-5.4</ele><time>2025-11-01T07:38:05Z</time></trkpt><trkpt lat="22.29686166666667" lon="113.96030333333334"><ele>-5.800000000000001</ele><time>2025-11-01T07:38:07Z</time></trkpt><trkpt lat="22.29685833333333" lon="113.960275"><ele>-6.199999999999999</ele><time>2025-11-01T07:38:09Z</time></trkpt><trkpt lat="22.29684666666667" lon="113.96025"><ele>-6.699999999999999</ele><time>2025-11-01T07:38:11Z</time></trkpt><trkpt lat="22.296838333333334" lon="113.960225"><ele>-6.9</ele><time>2025-11-01T07:38:13Z</time></trkpt><trkpt lat="22.296836666666664" lon="113.96019999999999"><ele>-7.1</ele><time>2025-11-01T07:38:15Z</time></trkpt><trkpt lat="22.29682833333333" lon="113.96017166666667"><ele>-7.300000000000001</ele><time>2025-11-01T07:38:18Z</time></trkpt><trkpt lat="22.296826666666668" lon="113.96014833333332"><ele>-7.6</ele><time>2025-11-01T07:38:20Z</time></trkpt><trkpt lat="22.296820000000004" lon="113.960125"><ele>-7.699999999999999</ele><time>2025-11-01T07:38:22Z</time></trkpt><trkpt lat="22.296809999999997" lon="113.96010666666668"><ele>-7.699999999999999</ele><time>2025-11-01T07:38:24Z</time></trkpt><trkpt lat="22.296805000000003" lon="113.96008333333333"><ele>-7.9</ele><time>2025-11-01T07:38:26Z</time></trkpt><trkpt lat="22.29679833333333" lon="113.96005666666666"><ele>-8.2</ele><time>2025-11-01T07:38:28Z</time></trkpt><trkpt lat="22.296791666666664" lon="113.96003333333334"><ele>-8.4</ele><time>2025-11-01T07:38:30Z</time></trkpt><trkpt lat="22.29678" lon="113.96000833333333"><ele>-8.8</ele><time>2025-11-01T07:38:32Z</time></trkpt><trkpt lat="22.29677" lon="113.95998166666668"><ele>-9.1</ele><time>2025-11-01T07:38:34Z</time></trkpt><trkpt lat="22.296761666666665" lon="113.95995333333333"><ele>-9.4</ele><time>2025-11-01T07:38:36Z</time></trkpt><trkpt lat="22.296760000000003" lon="113.95992666666668"><ele>-9.2</ele><time>2025-11-01T07:38:38Z</time></trkpt><trkpt lat="22.296760000000003" lon="113.95989999999999"><ele>-8.6</ele><time>2025-11-01T07:38:41Z</time></trkpt><trkpt lat="22.296758333333333" lon="113.95987666666666"><ele>-7.9</ele><time>2025-11-01T07:38:43Z</time></trkpt><trkpt lat="22.296743333333332" lon="113.95985333333334"><ele>-7.6</ele><time>2025-11-01T07:38:45Z</time></trkpt><trkpt lat="22.296731666666666" lon="113.95982833333333"><ele>-6.9</ele><time>2025-11-01T07:38:48Z</time></trkpt><trkpt lat="22.296721666666667" lon="113.95980833333333"><ele>-6.4</ele><time>2025-11-01T07:38:50Z</time></trkpt><trkpt lat="22.29671166666667" lon="113.95978166666667"><ele>-6.1</ele><time>2025-11-01T07:38:52Z</time></trkpt><trkpt lat="22.296704999999996" lon="113.95975500000002"><ele>-5.7</ele><time>2025-11-01T07:38:54Z</time></trkpt><trkpt lat="22.2967" lon="113.95973000000001"><ele>-5.4</ele><time>2025-11-01T07:38:56Z</time></trkpt><trkpt lat="22.296695" lon="113.95970166666666"><ele>-5.4</ele><time>2025-11-01T07:38:59Z</time></trkpt><trkpt lat="22.296689999999998" lon="113.95967833333334"><ele>-5.1</ele><time>2025-11-01T07:39:01Z</time></trkpt><trkpt lat="22.296681666666668" lon="113.95965166666669"><ele>-4.9</ele><time>2025-11-01T07:39:03Z</time></trkpt><trkpt lat="22.296673333333334" lon="113.95962999999999"><ele>-4.9</ele><time>2025-11-01T07:39:05Z</time></trkpt><trkpt lat="22.29666166666667" lon="113.95960166666667"><ele>-4.5</ele><time>2025-11-01T07:39:08Z</time></trkpt><trkpt lat="22.29665166666667" lon="113.95958"><ele>-4.4</ele><time>2025-11-01T07:39:10Z</time></trkpt><trkpt lat="22.29664833333333" lon="113.95956"><ele>-4.7</ele><time>2025-11-01T07:39:12Z</time></trkpt><trkpt lat="22.29663833333333" lon="113.95954166666667"><ele>-5.300000000000001</ele><time>2025-11-01T07:39:14Z</time></trkpt><trkpt lat="22.296629999999997" lon="113.95952000000001"><ele>-5.6</ele><time>2025-11-01T07:39:16Z</time></trkpt><trkpt lat="22.296625000000002" lon="113.959495"><ele>-5.800000000000001</ele><time>2025-11-01T07:39:18Z</time></trkpt><trkpt lat="22.29661833333333" lon="113.959465"><ele>-6.0</ele><time>2025-11-01T07:39:20Z</time></trkpt><trkpt lat="22.29661" lon="113.95944166666668"><ele>-6.300000000000001</ele><time>2025-11-01T07:39:22Z</time></trkpt><trkpt lat="22.296601666666668" lon="113.95942333333332"><ele>-6.6</ele><time>2025-11-01T07:39:24Z</time></trkpt><trkpt lat="22.296595000000003" lon="113.95940166666666"><ele>-7.0</ele><time>2025-11-01T07:39:26Z</time></trkpt><trkpt lat="22.296586666666666" lon="113.95938"><ele>-7.4</ele><time>2025-11-01T07:39:28Z</time></trkpt><trkpt lat="22.29657666666667" lon="113.95936333333333"><ele>-7.6</ele><time>2025-11-01T07:39:30Z</time></trkpt><trkpt lat="22.296568333333333" lon="113.95934333333335"><ele>-7.9</ele><time>2025-11-01T07:39:32Z</time></trkpt><trkpt lat="22.29656333333333" lon="113.95932166666668"><ele>-8.3</ele><time>2025-11-01T07:39:34Z</time></trkpt><trkpt lat="22.29656166666667" lon="113.95930000000001"><ele>-8.5</ele><time>2025-11-01T07:39:36Z</time></trkpt><trkpt lat="22.296558333333337" lon="113.95927666666667"><ele>-8.7</ele><time>2025-11-01T07:39:38Z</time></trkpt><trkpt lat="22.296553333333335" lon="113.95925166666666"><ele>-8.9</ele><time>2025-11-01T07:39:40Z</time></trkpt><trkpt lat="22.296543333333336" lon="113.95922666666665"><ele>-8.9</ele><time>2025-11-01T07:39:42Z</time></trkpt><trkpt lat="22.296536666666665" lon="113.95920499999998"><ele>-8.4</ele><time>2025-11-01T07:39:44Z</time></trkpt><trkpt lat="22.296533333333333" lon="113.95918166666667"><ele>-8.0</ele><time>2025-11-01T07:39:46Z</time></trkpt><trkpt lat="22.296521666666663" lon="113.95916000000001"><ele>-7.9</ele><time>2025-11-01T07:39:48Z</time></trkpt><trkpt lat="22.296511666666667" lon="113.95914166666668"><ele>-7.800000000000001</ele><time>2025-11-01T07:39:50Z</time></trkpt><trkpt lat="22.296508333333335" lon="113.95912166666668"><ele>-7.6</ele><time>2025-11-01T07:39:52Z</time></trkpt><trkpt lat="22.296501666666668" lon="113.9591"><ele>-7.5</ele><time>2025-11-01T07:39:54Z</time></trkpt><trkpt lat="22.296488333333333" lon="113.95907666666666"><ele>-7.6</ele><time>2025-11-01T07:39:56Z</time></trkpt><trkpt lat="22.296475" lon="113.95905499999999"><ele>-7.800000000000001</ele><time>2025-11-01T07:39:58Z</time></trkpt><trkpt lat="22.296464999999998" lon="113.95903000000001"><ele>-7.9</ele><time>2025-11-01T07:40:00Z</time></trkpt><trkpt lat="22.296453333333336" lon="113.95900333333333"><ele>-7.6</ele><time>2025-11-01T07:40:02Z</time></trkpt><trkpt lat="22.296448333333334" lon="113.95898166666666"><ele>-7.6</ele><time>2025-11-01T07:40:04Z</time></trkpt><trkpt lat="22.296446666666665" lon="113.95895833333334"><ele>-7.199999999999999</ele><time>2025-11-01T07:40:06Z</time></trkpt><trkpt lat="22.29643666666667" lon="113.95893833333334"><ele>-7.199999999999999</ele><time>2025-11-01T07:40:08Z</time></trkpt><trkpt lat="22.296425" lon="113.95892"><ele>-7.0</ele><time>2025-11-01T07:40:10Z</time></trkpt><trkpt lat="22.296415000000003" lon="113.9589"><ele>-6.800000000000001</ele><time>2025-11-01T07:40:12Z</time></trkpt><trkpt lat="22.296408333333336" lon="113.95887833333333"><ele>-6.6</ele><time>2025-11-01T07:40:14Z</time></trkpt><trkpt lat="22.296403333333334" lon="113.95885500000001"><ele>-6.300000000000001</ele><time>2025-11-01T07:40:16Z</time></trkpt><trkpt lat="22.29639666666667" lon="113.95882833333332"><ele>-6.1</ele><time>2025-11-01T07:40:18Z</time></trkpt><trkpt lat="22.296389999999995" lon="113.958805"><ele>-5.7</ele><time>2025-11-01T07:40:20Z</time></trkpt><trkpt lat="22.29638333333333" lon="113.95878166666668"><ele>-5.4</ele><time>2025-11-01T07:40:22Z</time></trkpt><trkpt lat="22.296376666666667" lon="113.95875833333334"><ele>-5.300000000000001</ele><time>2025-11-01T07:40:24Z</time></trkpt><trkpt lat="22.29636833333333" lon="113.95873833333332"><ele>-5.1</ele><time>2025-11-01T07:40:26Z</time></trkpt><trkpt lat="22.296356666666664" lon="113.95871166666666"><ele>-4.800000000000001</ele><time>2025-11-01T07:40:29Z</time></trkpt><trkpt lat="22.29635" lon="113.95869333333333"><ele>-4.300000000000001</ele><time>2025-11-01T07:40:31Z</time></trkpt><trkpt lat="22.296343333333333" lon="113.95867166666667"><ele>-3.5</ele><time>2025-11-01T07:40:33Z</time></trkpt><trkpt lat="22.29633666666667" lon="113.95865166666665"><ele>-2.5</ele><time>2025-11-01T07:40:35Z</time></trkpt><trkpt lat="22.296328333333335" lon="113.95863333333334"><ele>-1.4000000000000001</ele><time>2025-11-01T07:40:37Z</time></trkpt><trkpt lat="22.296321666666667" lon="113.95861333333332"><ele>0.0</ele><time>2025-11-01T07:40:39Z</time></trkpt><trkpt lat="22.296308333333332" lon="113.95859666666665"><ele>0.8999999999999999</ele><time>2025-11-01T07:40:41Z</time></trkpt><trkpt lat="22.296296666666663" lon="113.95858000000001"><ele>1.7999999999999998</ele><time>2025-11-01T07:40:43Z</time></trkpt><trkpt lat="22.29629" lon="113.95855833333331"><ele>2.4999999999999996</ele><time>2025-11-01T07:40:45Z</time></trkpt><trkpt lat="22.296281666666665" lon="113.95853833333334"><ele>3.1</ele><time>2025-11-01T07:40:47Z</time></trkpt><trkpt lat="22.296271666666666" lon="113.95851666666667"><ele>3.6</ele><time>2025-11-01T07:40:49Z</time></trkpt><trkpt lat="22.296265000000002" lon="113.95849500000001"><ele>3.8000000000000003</ele><time>2025-11-01T07:40:51Z</time></trkpt><trkpt lat="22.29626" lon="113.95847166666665"><ele>3.9999999999999996</ele><time>2025-11-01T07:40:53Z</time></trkpt><trkpt lat="22.29624666666667" lon="113.95844833333334"><ele>3.9999999999999996</ele><time>2025-11-01T07:40:55Z</time></trkpt><trkpt lat="22.296231666666667" lon="113.95841999999999"><ele>4.699999999999999</ele><time>2025-11-01T07:40:57Z</time></trkpt><trkpt lat="22.296221666666664" lon="113.95839333333333"><ele>5.1</ele><time>2025-11-01T07:40:59Z</time></trkpt><trkpt lat="22.296213333333338" lon="113.958375"><ele>3.9999999999999996</ele><time>2025-11-01T07:41:04Z</time></trkpt><trkpt lat="22.296205" lon="113.95835666666666"><ele>3.4999999999999996</ele><time>2025-11-01T07:41:10Z</time></trkpt><trkpt lat="22.296186666666667" lon="113.95834333333332"><ele>4.9</ele><time>2025-11-01T07:41:17Z</time></trkpt><trkpt lat="22.296175" lon="113.958325"><ele>5.199999999999999</ele><time>2025-11-01T07:41:18Z</time></trkpt><trkpt lat="22.296161666666663" lon="113.95830833333333"><ele>5.6</ele><time>2025-11-01T07:41:19Z</time></trkpt><trkpt lat="22.296151666666667" lon="113.95828333333333"><ele>6.1</ele><time>2025-11-01T07:41:21Z</time></trkpt><trkpt lat="22.296148333333335" lon="113.95826000000001"><ele>6.200000000000001</ele><time>2025-11-01T07:41:23Z</time></trkpt><trkpt lat="22.296146666666665" lon="113.95823166666666"><ele>5.6</ele><time>2025-11-01T07:41:26Z</time></trkpt><trkpt lat="22.296136666666666" lon="113.95821"><ele>5.1</ele><time>2025-11-01T07:41:28Z</time></trkpt><trkpt lat="22.296121666666668" lon="113.95818666666668"><ele>4.800000000000001</ele><time>2025-11-01T07:41:30Z</time></trkpt><trkpt lat="22.29611" lon="113.95816500000001"><ele>5.0</ele><time>2025-11-01T07:41:32Z</time></trkpt><trkpt lat="22.296104999999997" lon="113.95814333333334"><ele>5.0</ele><time>2025-11-01T07:41:34Z</time></trkpt><trkpt lat="22.296101666666665" lon="113.95812333333333"><ele>5.0</ele><time>2025-11-01T07:41:36Z</time></trkpt><trkpt lat="22.296094999999998" lon="113.95810333333333"><ele>4.5</ele><time>2025-11-01T07:41:38Z</time></trkpt><trkpt lat="22.296088333333334" lon="113.95807500000001"><ele>5.199999999999999</ele><time>2025-11-01T07:41:40Z</time></trkpt><trkpt lat="22.29608166666667" lon="113.958055"><ele>5.300000000000001</ele><time>2025-11-01T07:41:42Z</time></trkpt><trkpt lat="22.296073333333332" lon="113.95803"><ele>4.9</ele><time>2025-11-01T07:41:44Z</time></trkpt><trkpt lat="22.296063333333336" lon="113.95801000000002"><ele>5.1</ele><time>2025-11-01T07:41:46Z</time></trkpt><trkpt lat="22.296048333333335" lon="113.95798666666666"><ele>4.5</ele><time>2025-11-01T07:41:49Z</time></trkpt><trkpt lat="22.296038333333332" lon="113.95796666666665"><ele>4.5</ele><time>2025-11-01T07:41:51Z</time></trkpt><trkpt lat="22.296030000000005" lon="113.95794499999998"><ele>4.300000000000001</ele><time>2025-11-01T07:41:53Z</time></trkpt><trkpt lat="22.29602" lon="113.957925"><ele>4.199999999999999</ele><time>2025-11-01T07:41:55Z</time></trkpt><trkpt lat="22.296010000000003" lon="113.95790666666666"><ele>4.1</ele><time>2025-11-01T07:41:57Z</time></trkpt><trkpt lat="22.296001666666665" lon="113.95788833333333"><ele>3.9999999999999996</ele><time>2025-11-01T07:41:59Z</time></trkpt><trkpt lat="22.295985000000005" lon="113.95786500000001"><ele>3.9</ele><time>2025-11-01T07:42:01Z</time></trkpt><trkpt lat="22.295976666666668" lon="113.95784166666665"><ele>3.9999999999999996</ele><time>2025-11-01T07:42:03Z</time></trkpt><trkpt lat="22.295970000000004" lon="113.95781666666666"><ele>4.5</ele><time>2025-11-01T07:42:05Z</time></trkpt><trkpt lat="22.295961666666667" lon="113.95779666666667"><ele>4.699999999999999</ele><time>2025-11-01T07:42:07Z</time></trkpt><trkpt lat="22.295955000000003" lon="113.95777666666666"><ele>4.800000000000001</ele><time>2025-11-01T07:42:09Z</time></trkpt><trkpt lat="22.295943333333337" lon="113.95775833333333"><ele>5.300000000000001</ele><time>2025-11-01T07:42:11Z</time></trkpt><trkpt lat="22.29593" lon="113.95772833333334"><ele>5.4</ele><time>2025-11-01T07:42:14Z</time></trkpt><trkpt lat="22.295916666666667" lon="113.95770333333333"><ele>5.4</ele><time>2025-11-01T07:42:16Z</time></trkpt><trkpt lat="22.295908333333333" lon="113.95768166666667"><ele>5.5</ele><time>2025-11-01T07:42:18Z</time></trkpt><trkpt lat="22.295895000000005" lon="113.95766166666665"><ele>6.1</ele><time>2025-11-01T07:42:21Z</time></trkpt><trkpt lat="22.295886666666668" lon="113.95763666666666"><ele>6.5</ele><time>2025-11-01T07:42:24Z</time></trkpt><trkpt lat="22.29587333333333" lon="113.95761833333333"><ele>6.200000000000001</ele><time>2025-11-01T07:42:26Z</time></trkpt><trkpt lat="22.29585666666667" lon="113.95759833333335"><ele>6.0</ele><time>2025-11-01T07:42:28Z</time></trkpt><trkpt lat="22.29584" lon="113.95758499999998"><ele>5.800000000000001</ele><time>2025-11-01T07:42:30Z</time></trkpt><trkpt lat="22.295826666666667" lon="113.95756833333334"><ele>5.199999999999999</ele><time>2025-11-01T07:42:32Z</time></trkpt><trkpt lat="22.29581166666667" lon="113.95754666666666"><ele>4.5</ele><time>2025-11-01T07:42:34Z</time></trkpt><trkpt lat="22.295803333333332" lon="113.95752499999999"><ele>3.8000000000000003</ele><time>2025-11-01T07:42:36Z</time></trkpt><trkpt lat="22.295793333333336" lon="113.95750833333335"><ele>2.1999999999999997</ele><time>2025-11-01T07:42:39Z</time></trkpt><trkpt lat="22.295778333333335" lon="113.95748833333333"><ele>1.4</ele><time>2025-11-01T07:42:42Z</time></trkpt><trkpt lat="22.295763333333337" lon="113.95746666666668"><ele>0.7999999999999998</ele><time>2025-11-01T07:42:44Z</time></trkpt><trkpt lat="22.295751666666668" lon="113.95743666666667"><ele>0.2999999999999998</ele><time>2025-11-01T07:42:46Z</time></trkpt><trkpt lat="22.295743333333334" lon="113.95741000000001"><ele>0.0</ele><time>2025-11-01T07:42:48Z</time></trkpt><trkpt lat="22.295728333333333" lon="113.95739"><ele>-0.6000000000000001</ele><time>2025-11-01T07:42:50Z</time></trkpt><trkpt lat="22.29572333333333" lon="113.95736666666666"><ele>-1.5</ele><time>2025-11-01T07:42:53Z</time></trkpt><trkpt lat="22.295706666666668" lon="113.95734499999999"><ele>-1.8</ele><time>2025-11-01T07:42:56Z</time></trkpt><trkpt lat="22.29569333333333" lon="113.95733"><ele>-1.7000000000000002</ele><time>2025-11-01T07:42:58Z</time></trkpt><trkpt lat="22.295688333333334" lon="113.95730833333333"><ele>-0.8</ele><time>2025-11-01T07:43:01Z</time></trkpt><trkpt lat="22.29569333333333" lon="113.95728666666668"><ele>-0.40000000000000013</ele><time>2025-11-01T07:43:05Z</time></trkpt><trkpt lat="22.295688333333334" lon="113.95725166666668"><ele>-0.6000000000000001</ele><time>2025-11-01T07:43:18Z</time></trkpt><trkpt lat="22.29567666666667" lon="113.95722666666667"><ele>-0.7000000000000002</ele><time>2025-11-01T07:43:21Z</time></trkpt><trkpt lat="22.29566833333333" lon="113.95720166666666"><ele>-0.6000000000000001</ele><time>2025-11-01T07:43:23Z</time></trkpt><trkpt lat="22.295651666666664" lon="113.95718666666669"><ele>-0.6000000000000001</ele><time>2025-11-01T07:43:25Z</time></trkpt><trkpt lat="22.29563333333333" lon="113.95717666666665"><ele>-0.30000000000000004</ele><time>2025-11-01T07:43:28Z</time></trkpt><trkpt lat="22.29562333333333" lon="113.95715833333334"><ele>0.0</ele><time>2025-11-01T07:43:30Z</time></trkpt><trkpt lat="22.295613333333336" lon="113.95713833333333"><ele>0.10000000000000009</ele><time>2025-11-01T07:43:32Z</time></trkpt><trkpt lat="22.29560333333333" lon="113.95711666666666"><ele>0.2999999999999998</ele><time>2025-11-01T07:43:34Z</time></trkpt><trkpt lat="22.29558833333333" lon="113.95709000000001"><ele>0.6000000000000001</ele><time>2025-11-01T07:43:37Z</time></trkpt><trkpt lat="22.295576666666662" lon="113.95706833333334"><ele>0.6000000000000001</ele><time>2025-11-01T07:43:39Z</time></trkpt><trkpt lat="22.295563333333334" lon="113.95704333333333"><ele>0.5</ele><time>2025-11-01T07:43:41Z</time></trkpt><trkpt lat="22.295551666666665" lon="113.95702166666666"><ele>0.5</ele><time>2025-11-01T07:43:43Z</time></trkpt><trkpt lat="22.295545" lon="113.95700166666666"><ele>0.3999999999999999</ele><time>2025-11-01T07:43:45Z</time></trkpt><trkpt lat="22.295538333333337" lon="113.95698333333333"><ele>0.3999999999999999</ele><time>2025-11-01T07:43:47Z</time></trkpt><trkpt lat="22.295521666666666" lon="113.95696500000001"><ele>0.5</ele><time>2025-11-01T07:43:49Z</time></trkpt><trkpt lat="22.295506666666665" lon="113.95694"><ele>0.6000000000000001</ele><time>2025-11-01T07:43:51Z</time></trkpt><trkpt lat="22.29549666666667" lon="113.95691666666669"><ele>0.6999999999999997</ele><time>2025-11-01T07:43:53Z</time></trkpt><trkpt lat="22.295485" lon="113.95689833333333"><ele>0.6999999999999997</ele><time>2025-11-01T07:43:55Z</time></trkpt><trkpt lat="22.29547166666667" lon="113.95687333333332"><ele>0.7999999999999998</ele><time>2025-11-01T07:43:58Z</time></trkpt><trkpt lat="22.29545666666667" lon="113.956845"><ele>0.6999999999999997</ele><time>2025-11-01T07:44:01Z</time></trkpt><trkpt lat="22.29544" lon="113.95682333333335"><ele>0.6000000000000001</ele><time>2025-11-01T07:44:03Z</time></trkpt><trkpt lat="22.295431666666666" lon="113.95679666666668"><ele>0.7999999999999998</ele><time>2025-11-01T07:44:05Z</time></trkpt><trkpt lat="22.295418333333334" lon="113.95678000000001"><ele>0.6000000000000001</ele><time>2025-11-01T07:44:07Z</time></trkpt><trkpt lat="22.29540833333333" lon="113.95676"><ele>0.7999999999999998</ele><time>2025-11-01T07:44:09Z</time></trkpt><trkpt lat="22.29539833333333" lon="113.95673833333333"><ele>1.0</ele><time>2025-11-01T07:44:11Z</time></trkpt><trkpt lat="22.295385000000003" lon="113.95672166666667"><ele>1.0</ele><time>2025-11-01T07:44:13Z</time></trkpt><trkpt lat="22.295365" lon="113.95670166666666"><ele>0.7999999999999998</ele><time>2025-11-01T07:44:16Z</time></trkpt><trkpt lat="22.29535166666667" lon="113.95668333333333"><ele>1.0</ele><time>2025-11-01T07:44:18Z</time></trkpt><trkpt lat="22.295340000000003" lon="113.956665"><ele>1.4</ele><time>2025-11-01T07:44:20Z</time></trkpt><trkpt lat="22.295329999999996" lon="113.95664666666669"><ele>1.6999999999999997</ele><time>2025-11-01T07:44:22Z</time></trkpt><trkpt lat="22.29531833333333" lon="113.95662666666666"><ele>1.6999999999999997</ele><time>2025-11-01T07:44:24Z</time></trkpt><trkpt lat="22.29530666666667" lon="113.95661"><ele>1.6</ele><time>2025-11-01T07:44:26Z</time></trkpt><trkpt lat="22.295295000000003" lon="113.95659166666668"><ele>1.6999999999999997</ele><time>2025-11-01T07:44:28Z</time></trkpt><trkpt lat="22.295284999999996" lon="113.95657166666666"><ele>1.6</ele><time>2025-11-01T07:44:30Z</time></trkpt><trkpt lat="22.29527666666667" lon="113.95655333333335"><ele>1.6999999999999997</ele><time>2025-11-01T07:44:32Z</time></trkpt><trkpt lat="22.295265000000004" lon="113.95653166666668"><ele>1.6999999999999997</ele><time>2025-11-01T07:44:34Z</time></trkpt><trkpt lat="22.295254999999997" lon="113.95650833333333"><ele>1.7999999999999998</ele><time>2025-11-01T07:44:36Z</time></trkpt><trkpt lat="22.295241666666666" lon="113.95648833333334"><ele>1.6</ele><time>2025-11-01T07:44:38Z</time></trkpt><trkpt lat="22.29522833333333" lon="113.95647166666667"><ele>1.5</ele><time>2025-11-01T07:44:40Z</time></trkpt><trkpt lat="22.29521666666667" lon="113.95645"><ele>1.5</ele><time>2025-11-01T07:44:42Z</time></trkpt><trkpt lat="22.295206666666665" lon="113.95642666666666"><ele>1.6</ele><time>2025-11-01T07:44:44Z</time></trkpt><trkpt lat="22.295198333333328" lon="113.95640666666668"><ele>1.6</ele><time>2025-11-01T07:44:46Z</time></trkpt><trkpt lat="22.29518666666667" lon="113.95638833333332"><ele>1.6</ele><time>2025-11-01T07:44:48Z</time></trkpt><trkpt lat="22.295175000000004" lon="113.95636833333334"><ele>1.6999999999999997</ele><time>2025-11-01T07:44:50Z</time></trkpt><trkpt lat="22.295161666666665" lon="113.95635166666668"><ele>1.6</ele><time>2025-11-01T07:44:52Z</time></trkpt><trkpt lat="22.295149999999996" lon="113.95633000000001"><ele>1.4</ele><time>2025-11-01T07:44:54Z</time></trkpt><trkpt lat="22.29513833333333" lon="113.95630666666666"><ele>1.1999999999999997</ele><time>2025-11-01T07:44:56Z</time></trkpt><trkpt lat="22.29512666666667" lon="113.95628666666668"><ele>0.8999999999999999</ele><time>2025-11-01T07:44:58Z</time></trkpt><trkpt lat="22.295116666666665" lon="113.95626833333333"><ele>0.7999999999999998</ele><time>2025-11-01T07:45:00Z</time></trkpt><trkpt lat="22.295104999999996" lon="113.95624833333335"><ele>0.7999999999999998</ele><time>2025-11-01T07:45:02Z</time></trkpt><trkpt lat="22.29509" lon="113.95622833333333"><ele>1.1999999999999997</ele><time>2025-11-01T07:45:04Z</time></trkpt><trkpt lat="22.29508" lon="113.95621166666666"><ele>1.2999999999999998</ele><time>2025-11-01T07:45:06Z</time></trkpt><trkpt lat="22.295070000000003" lon="113.95619"><ele>1.4</ele><time>2025-11-01T07:45:08Z</time></trkpt><trkpt lat="22.295059999999996" lon="113.95616999999999"><ele>1.4</ele><time>2025-11-01T07:45:10Z</time></trkpt><trkpt lat="22.295046666666668" lon="113.95614500000002"><ele>1.6999999999999997</ele><time>2025-11-01T07:45:13Z</time></trkpt><trkpt lat="22.295035" lon="113.95613"><ele>1.9999999999999996</ele><time>2025-11-01T07:45:15Z</time></trkpt><trkpt lat="22.29501833333334" lon="113.95611"><ele>2.1</ele><time>2025-11-01T07:45:17Z</time></trkpt><trkpt lat="22.295003333333337" lon="113.95608833333333"><ele>2.1</ele><time>2025-11-01T07:45:19Z</time></trkpt><trkpt lat="22.29499333333333" lon="113.95607"><ele>2.3000000000000003</ele><time>2025-11-01T07:45:21Z</time></trkpt><trkpt lat="22.294983333333334" lon="113.95604833333333"><ele>2.3000000000000003</ele><time>2025-11-01T07:45:23Z</time></trkpt><trkpt lat="22.294971666666665" lon="113.95602833333332"><ele>2.3000000000000003</ele><time>2025-11-01T07:45:25Z</time></trkpt><trkpt lat="22.29496166666667" lon="113.95600833333334"><ele>2.6</ele><time>2025-11-01T07:45:27Z</time></trkpt><trkpt lat="22.294950000000004" lon="113.95598999999999"><ele>2.8000000000000003</ele><time>2025-11-01T07:45:29Z</time></trkpt><trkpt lat="22.294936666666665" lon="113.95597000000001"><ele>2.8000000000000003</ele><time>2025-11-01T07:45:31Z</time></trkpt><trkpt lat="22.29491833333333" lon="113.95595166666665"><ele>3.1</ele><time>2025-11-01T07:45:33Z</time></trkpt><trkpt lat="22.294906666666666" lon="113.95593333333333"><ele>3.1999999999999997</ele><time>2025-11-01T07:45:35Z</time></trkpt><trkpt lat="22.294896666666666" lon="113.95591333333331"><ele>3.4999999999999996</ele><time>2025-11-01T07:45:37Z</time></trkpt><trkpt lat="22.29488333333334" lon="113.95589333333334"><ele>3.4999999999999996</ele><time>2025-11-01T07:45:39Z</time></trkpt><trkpt lat="22.29487" lon="113.95587500000002"><ele>3.4999999999999996</ele><time>2025-11-01T07:45:41Z</time></trkpt><trkpt lat="22.29485833333333" lon="113.95585666666666"><ele>3.6999999999999997</ele><time>2025-11-01T07:45:43Z</time></trkpt><trkpt lat="22.294848333333334" lon="113.95583833333333"><ele>4.300000000000001</ele><time>2025-11-01T07:45:45Z</time></trkpt><trkpt lat="22.294834999999996" lon="113.95581666666666"><ele>4.4</ele><time>2025-11-01T07:45:47Z</time></trkpt><trkpt lat="22.294821666666667" lon="113.95579333333332"><ele>4.800000000000001</ele><time>2025-11-01T07:45:49Z</time></trkpt><trkpt lat="22.294811666666668" lon="113.95577"><ele>5.0</ele><time>2025-11-01T07:45:51Z</time></trkpt><trkpt lat="22.294791666666665" lon="113.95575166666667"><ele>5.199999999999999</ele><time>2025-11-01T07:45:53Z</time></trkpt><trkpt lat="22.294773333333335" lon="113.95573166666667"><ele>5.0</ele><time>2025-11-01T07:45:55Z</time></trkpt><trkpt lat="22.294759999999997" lon="113.95571333333334"><ele>4.800000000000001</ele><time>2025-11-01T07:45:57Z</time></trkpt><trkpt lat="22.29475" lon="113.95569666666667"><ele>4.4</ele><time>2025-11-01T07:45:59Z</time></trkpt><trkpt lat="22.294733333333337" lon="113.95567666666666"><ele>4.1</ele><time>2025-11-01T07:46:01Z</time></trkpt><trkpt lat="22.294721666666668" lon="113.95565166666665"><ele>3.8000000000000003</ele><time>2025-11-01T07:46:03Z</time></trkpt><trkpt lat="22.29470666666667" lon="113.95563500000002"><ele>3.6999999999999997</ele><time>2025-11-01T07:46:05Z</time></trkpt><trkpt lat="22.294686666666667" lon="113.95561666666666"><ele>3.8000000000000003</ele><time>2025-11-01T07:46:08Z</time></trkpt><trkpt lat="22.294671666666666" lon="113.95559666666668"><ele>3.9999999999999996</ele><time>2025-11-01T07:46:10Z</time></trkpt><trkpt lat="22.294656666666665" lon="113.95557666666667"><ele>4.300000000000001</ele><time>2025-11-01T07:46:12Z</time></trkpt><trkpt lat="22.294643333333337" lon="113.95556"><ele>4.4</ele><time>2025-11-01T07:46:14Z</time></trkpt><trkpt lat="22.294628333333335" lon="113.95554166666668"><ele>4.4</ele><time>2025-11-01T07:46:16Z</time></trkpt><trkpt lat="22.294613333333338" lon="113.95552500000001"><ele>4.300000000000001</ele><time>2025-11-01T07:46:18Z</time></trkpt><trkpt lat="22.29460333333333" lon="113.95550333333334"><ele>4.4</ele><time>2025-11-01T07:46:20Z</time></trkpt><trkpt lat="22.29458833333333" lon="113.95548666666667"><ele>4.199999999999999</ele><time>2025-11-01T07:46:22Z</time></trkpt><trkpt lat="22.29457" lon="113.95547166666665"><ele>3.9999999999999996</ele><time>2025-11-01T07:46:24Z</time></trkpt><trkpt lat="22.29455666666667" lon="113.95545166666668"><ele>4.1</ele><time>2025-11-01T07:46:26Z</time></trkpt><trkpt lat="22.294541666666667" lon="113.95542833333333"><ele>3.9999999999999996</ele><time>2025-11-01T07:46:28Z</time></trkpt><trkpt lat="22.294528333333332" lon="113.95541499999999"><ele>3.8000000000000003</ele><time>2025-11-01T07:46:30Z</time></trkpt><trkpt lat="22.294515" lon="113.95539500000001"><ele>3.4999999999999996</ele><time>2025-11-01T07:46:32Z</time></trkpt><trkpt lat="22.294501666666665" lon="113.95537166666666"><ele>2.9999999999999996</ele><time>2025-11-01T07:46:34Z</time></trkpt><trkpt lat="22.294490000000003" lon="113.95535166666666"><ele>2.4</ele><time>2025-11-01T07:46:36Z</time></trkpt><trkpt lat="22.294476666666664" lon="113.95533500000002"><ele>1.7999999999999998</ele><time>2025-11-01T07:46:38Z</time></trkpt><trkpt lat="22.294463333333336" lon="113.95532166666665"><ele>1.1999999999999997</ele><time>2025-11-01T07:46:40Z</time></trkpt><trkpt lat="22.294449999999998" lon="113.95530666666667"><ele>0.3999999999999999</ele><time>2025-11-01T07:46:42Z</time></trkpt><trkpt lat="22.29444" lon="113.95528666666665"><ele>-0.30000000000000004</ele><time>2025-11-01T07:46:44Z</time></trkpt><trkpt lat="22.294428333333332" lon="113.95526666666667"><ele>-1.1</ele><time>2025-11-01T07:46:46Z</time></trkpt><trkpt lat="22.294413333333335" lon="113.95524333333333"><ele>-1.6</ele><time>2025-11-01T07:46:48Z</time></trkpt><trkpt lat="22.294396666666664" lon="113.955225"><ele>-2.0</ele><time>2025-11-01T07:46:50Z</time></trkpt><trkpt lat="22.294383333333332" lon="113.95521"><ele>-2.0</ele><time>2025-11-01T07:46:52Z</time></trkpt><trkpt lat="22.294370000000004" lon="113.95519333333336"><ele>-1.9000000000000001</ele><time>2025-11-01T07:46:54Z</time></trkpt><trkpt lat="22.294355000000003" lon="113.955175"><ele>-1.7000000000000002</ele><time>2025-11-01T07:46:56Z</time></trkpt><trkpt lat="22.294338333333332" lon="113.95516"><ele>-1.4000000000000001</ele><time>2025-11-01T07:46:58Z</time></trkpt><trkpt lat="22.294321666666665" lon="113.95514166666665"><ele>-1.1</ele><time>2025-11-01T07:47:00Z</time></trkpt><trkpt lat="22.294311666666665" lon="113.95511833333333"><ele>-0.6000000000000001</ele><time>2025-11-01T07:47:02Z</time></trkpt><trkpt lat="22.2943" lon="113.95509666666666"><ele>-0.40000000000000013</ele><time>2025-11-01T07:47:04Z</time></trkpt><trkpt lat="22.294283333333336" lon="113.95507833333335"><ele>-0.40000000000000013</ele><time>2025-11-01T07:47:06Z</time></trkpt><trkpt lat="22.294266666666665" lon="113.95506666666667"><ele>-0.40000000000000013</ele><time>2025-11-01T07:47:08Z</time></trkpt><trkpt lat="22.294253333333337" lon="113.95505166666665"><ele>-0.6000000000000001</ele><time>2025-11-01T07:47:10Z</time></trkpt><trkpt lat="22.29424" lon="113.95503333333333"><ele>-0.5</ele><time>2025-11-01T07:47:12Z</time></trkpt><trkpt lat="22.294226666666667" lon="113.955015"><ele>-0.6000000000000001</ele><time>2025-11-01T07:47:14Z</time></trkpt><trkpt lat="22.29421333333333" lon="113.95499833333334"><ele>-0.6000000000000001</ele><time>2025-11-01T07:47:16Z</time></trkpt><trkpt lat="22.294205" lon="113.95497833333333"><ele>0.0</ele><time>2025-11-01T07:47:18Z</time></trkpt><trkpt lat="22.294195" lon="113.95496"><ele>0.2999999999999998</ele><time>2025-11-01T07:47:20Z</time></trkpt><trkpt lat="22.294176666666665" lon="113.95494333333333"><ele>-0.10000000000000009</ele><time>2025-11-01T07:47:22Z</time></trkpt><trkpt lat="22.294158333333332" lon="113.954925"><ele>-0.40000000000000013</ele><time>2025-11-01T07:47:24Z</time></trkpt><trkpt lat="22.294141666666665" lon="113.95490833333334"><ele>-0.9000000000000001</ele><time>2025-11-01T07:47:26Z</time></trkpt><trkpt lat="22.294130000000003" lon="113.95488833333333"><ele>-1.2000000000000002</ele><time>2025-11-01T07:47:28Z</time></trkpt><trkpt lat="22.294116666666664" lon="113.95487166666665"><ele>-1.3</ele><time>2025-11-01T07:47:30Z</time></trkpt><trkpt lat="22.294101666666666" lon="113.95485666666667"><ele>-1.7000000000000002</ele><time>2025-11-01T07:47:32Z</time></trkpt><trkpt lat="22.294091666666667" lon="113.95484"><ele>-2.0</ele><time>2025-11-01T07:47:34Z</time></trkpt><trkpt lat="22.29407833333333" lon="113.95482166666667"><ele>-2.3000000000000003</ele><time>2025-11-01T07:47:36Z</time></trkpt><trkpt lat="22.29406333333333" lon="113.95480500000001"><ele>-3.0</ele><time>2025-11-01T07:47:38Z</time></trkpt><trkpt lat="22.294044999999997" lon="113.95478999999999"><ele>-3.3</ele><time>2025-11-01T07:47:40Z</time></trkpt><trkpt lat="22.29403" lon="113.95477000000001"><ele>-3.1</ele><time>2025-11-01T07:47:42Z</time></trkpt><trkpt lat="22.294014999999998" lon="113.95475166666665"><ele>-2.7</ele><time>2025-11-01T07:47:44Z</time></trkpt><trkpt lat="22.293998333333334" lon="113.95473166666667"><ele>-2.4</ele><time>2025-11-01T07:47:46Z</time></trkpt><trkpt lat="22.29397833333333" lon="113.95471500000001"><ele>-2.0</ele><time>2025-11-01T07:47:48Z</time></trkpt><trkpt lat="22.293963333333334" lon="113.95469999999999"><ele>-1.6</ele><time>2025-11-01T07:47:50Z</time></trkpt><trkpt lat="22.29394666666667" lon="113.95467166666667"><ele>-1.5</ele><time>2025-11-01T07:47:53Z</time></trkpt><trkpt lat="22.29393333333333" lon="113.95464666666666"><ele>-0.9000000000000001</ele><time>2025-11-01T07:47:55Z</time></trkpt><trkpt lat="22.29392833333333" lon="113.95462666666666"><ele>-0.40000000000000013</ele><time>2025-11-01T07:47:57Z</time></trkpt><trkpt lat="22.293911666666666" lon="113.95460333333334"><ele>0.0</ele><time>2025-11-01T07:47:59Z</time></trkpt><trkpt lat="22.293895" lon="113.95458833333332"><ele>0.6000000000000001</ele><time>2025-11-01T07:48:01Z</time></trkpt><trkpt lat="22.293875000000003" lon="113.95457666666668"><ele>1.4</ele><time>2025-11-01T07:48:03Z</time></trkpt><trkpt lat="22.293861666666665" lon="113.95456"><ele>2.1</ele><time>2025-11-01T07:48:05Z</time></trkpt><trkpt lat="22.29385166666667" lon="113.95454"><ele>2.4</ele><time>2025-11-01T07:48:07Z</time></trkpt><trkpt lat="22.29383833333333" lon="113.95450833333334"><ele>3.4</ele><time>2025-11-01T07:48:09Z</time></trkpt><trkpt lat="22.29382333333333" lon="113.95448666666668"><ele>4.199999999999999</ele><time>2025-11-01T07:48:11Z</time></trkpt><trkpt lat="22.29380666666667" lon="113.95445999999998"><ele>4.800000000000001</ele><time>2025-11-01T07:48:14Z</time></trkpt><trkpt lat="22.293789999999998" lon="113.95444833333335"><ele>4.4</ele><time>2025-11-01T07:48:16Z</time></trkpt><trkpt lat="22.29376666666667" lon="113.95443166666668"><ele>4.199999999999999</ele><time>2025-11-01T07:48:19Z</time></trkpt><trkpt lat="22.293758333333336" lon="113.95441166666666"><ele>4.5</ele><time>2025-11-01T07:48:21Z</time></trkpt><trkpt lat="22.293744999999998" lon="113.95439833333333"><ele>4.4</ele><time>2025-11-01T07:48:23Z</time></trkpt><trkpt lat="22.29372" lon="113.95438166666666"><ele>4.5</ele><time>2025-11-01T07:48:26Z</time></trkpt><trkpt lat="22.29370833333333" lon="113.95436333333333"><ele>4.800000000000001</ele><time>2025-11-01T07:48:28Z</time></trkpt><trkpt lat="22.293693333333334" lon="113.95434833333333"><ele>4.9</ele><time>2025-11-01T07:48:30Z</time></trkpt><trkpt lat="22.29367666666667" lon="113.95433333333334"><ele>4.699999999999999</ele><time>2025-11-01T07:48:32Z</time></trkpt><trkpt lat="22.29366" lon="113.95431833333332"><ele>5.199999999999999</ele><time>2025-11-01T07:48:34Z</time></trkpt><trkpt lat="22.29364333333333" lon="113.95430499999999"><ele>5.4</ele><time>2025-11-01T07:48:36Z</time></trkpt><trkpt lat="22.293635000000002" lon="113.95428500000001"><ele>5.199999999999999</ele><time>2025-11-01T07:48:38Z</time></trkpt><trkpt lat="22.293623333333336" lon="113.95427"><ele>5.0</ele><time>2025-11-01T07:48:41Z</time></trkpt><trkpt lat="22.293605000000003" lon="113.95426166666667"><ele>4.800000000000001</ele><time>2025-11-01T07:48:43Z</time></trkpt><trkpt lat="22.293578333333336" lon="113.95425166666668"><ele>4.5</ele><time>2025-11-01T07:48:45Z</time></trkpt><trkpt lat="22.293560000000003" lon="113.95423166666666"><ele>4.199999999999999</ele><time>2025-11-01T07:48:47Z</time></trkpt><trkpt lat="22.293551666666666" lon="113.95420166666666"><ele>3.9999999999999996</ele><time>2025-11-01T07:48:49Z</time></trkpt><trkpt lat="22.293533333333336" lon="113.95418999999998"><ele>3.8000000000000003</ele><time>2025-11-01T07:48:51Z</time></trkpt><trkpt lat="22.293516666666665" lon="113.95417166666667"><ele>2.9</ele><time>2025-11-01T07:48:54Z</time></trkpt><trkpt lat="22.29349333333333" lon="113.95415499999999"><ele>1.9</ele><time>2025-11-01T07:48:57Z</time></trkpt><trkpt lat="22.293474999999997" lon="113.95414166666666"><ele>1.4</ele><time>2025-11-01T07:48:59Z</time></trkpt><trkpt lat="22.293459999999996" lon="113.95412333333334"><ele>1.2999999999999998</ele><time>2025-11-01T07:49:01Z</time></trkpt><trkpt lat="22.293446666666668" lon="113.95410500000001"><ele>0.7999999999999998</ele><time>2025-11-01T07:49:03Z</time></trkpt><trkpt lat="22.293433333333336" lon="113.95409"><ele>0.19999999999999973</ele><time>2025-11-01T07:49:05Z</time></trkpt><trkpt lat="22.293416666666666" lon="113.95407333333333"><ele>-0.5</ele><time>2025-11-01T07:49:08Z</time></trkpt><trkpt lat="22.293398333333336" lon="113.95406666666668"><ele>-0.8</ele><time>2025-11-01T07:49:10Z</time></trkpt><trkpt lat="22.293380000000003" lon="113.95405666666666"><ele>-1.5</ele><time>2025-11-01T07:49:12Z</time></trkpt><trkpt lat="22.293369999999996" lon="113.95403999999999"><ele>-1.8</ele><time>2025-11-01T07:49:14Z</time></trkpt><trkpt lat="22.293355" lon="113.95402666666665"><ele>-2.1</ele><time>2025-11-01T07:49:16Z</time></trkpt><trkpt lat="22.293336666666665" lon="113.95401333333332"><ele>-2.4</ele><time>2025-11-01T07:49:18Z</time></trkpt><trkpt lat="22.293315" lon="113.95400166666668"><ele>-2.6</ele><time>2025-11-01T07:49:20Z</time></trkpt><trkpt lat="22.2933" lon="113.95398333333333"><ele>-2.4</ele><time>2025-11-01T07:49:22Z</time></trkpt><trkpt lat="22.29328666666667" lon="113.95396000000001"><ele>-2.2</ele><time>2025-11-01T07:49:24Z</time></trkpt><trkpt lat="22.293276666666664" lon="113.95394"><ele>-1.7000000000000002</ele><time>2025-11-01T07:49:26Z</time></trkpt><trkpt lat="22.29327166666667" lon="113.95391999999998"><ele>-1.1</ele><time>2025-11-01T07:49:28Z</time></trkpt><trkpt lat="22.293248333333334" lon="113.95391"><ele>-0.5</ele><time>2025-11-01T07:49:30Z</time></trkpt><trkpt lat="22.29322833333333" lon="113.95388999999999"><ele>0.10000000000000009</ele><time>2025-11-01T07:49:32Z</time></trkpt><trkpt lat="22.293204999999997" lon="113.95387166666666"><ele>0.2999999999999998</ele><time>2025-11-01T07:49:34Z</time></trkpt><trkpt lat="22.29318166666667" lon="113.95385499999999"><ele>0.7999999999999998</ele><time>2025-11-01T07:49:36Z</time></trkpt><trkpt lat="22.293163333333336" lon="113.95383833333332"><ele>1.1</ele><time>2025-11-01T07:49:38Z</time></trkpt><trkpt lat="22.293143333333333" lon="113.953825"><ele>1.2999999999999998</ele><time>2025-11-01T07:49:40Z</time></trkpt><trkpt lat="22.29312333333333" lon="113.95380833333333"><ele>1.2999999999999998</ele><time>2025-11-01T07:49:42Z</time></trkpt><trkpt lat="22.29310666666667" lon="113.95379666666668"><ele>1.4</ele><time>2025-11-01T07:49:44Z</time></trkpt><trkpt lat="22.29309166666667" lon="113.95378333333335"><ele>1.4</ele><time>2025-11-01T07:49:46Z</time></trkpt><trkpt lat="22.293084999999998" lon="113.953755"><ele>1.1999999999999997</ele><time>2025-11-01T07:49:48Z</time></trkpt><trkpt lat="22.293068333333334" lon="113.95373833333333"><ele>1.2999999999999998</ele><time>2025-11-01T07:49:50Z</time></trkpt><trkpt lat="22.293053333333333" lon="113.95371666666666"><ele>1.6</ele><time>2025-11-01T07:49:52Z</time></trkpt><trkpt lat="22.293035" lon="113.95369833333334"><ele>1.4</ele><time>2025-11-01T07:49:54Z</time></trkpt><trkpt lat="22.293021666666665" lon="113.95367999999999"><ele>0.7999999999999998</ele><time>2025-11-01T07:49:56Z</time></trkpt><trkpt lat="22.293008333333333" lon="113.95365666666666"><ele>0.8999999999999999</ele><time>2025-11-01T07:49:58Z</time></trkpt><trkpt lat="22.292993333333335" lon="113.95364166666668"><ele>1.0</ele><time>2025-11-01T07:50:00Z</time></trkpt><trkpt lat="22.29297166666667" lon="113.95363333333334"><ele>0.7999999999999998</ele><time>2025-11-01T07:50:02Z</time></trkpt><trkpt lat="22.29295833333333" lon="113.95361666666668"><ele>0.8999999999999999</ele><time>2025-11-01T07:50:04Z</time></trkpt><trkpt lat="22.292939999999998" lon="113.953605"><ele>1.1999999999999997</ele><time>2025-11-01T07:50:06Z</time></trkpt><trkpt lat="22.292916666666663" lon="113.95359666666667"><ele>1.6999999999999997</ele><time>2025-11-01T07:50:08Z</time></trkpt><trkpt lat="22.292901666666662" lon="113.95358166666668"><ele>1.9999999999999996</ele><time>2025-11-01T07:50:10Z</time></trkpt><trkpt lat="22.292888333333334" lon="113.95356333333332"><ele>2.4</ele><time>2025-11-01T07:50:12Z</time></trkpt><trkpt lat="22.29287" lon="113.95354999999999"><ele>2.6999999999999997</ele><time>2025-11-01T07:50:14Z</time></trkpt><trkpt lat="22.29285333333333" lon="113.95353333333333"><ele>2.8000000000000003</ele><time>2025-11-01T07:50:16Z</time></trkpt><trkpt lat="22.29283666666667" lon="113.95352"><ele>2.9</ele><time>2025-11-01T07:50:18Z</time></trkpt><trkpt lat="22.292811666666662" lon="113.95350833333332"><ele>3.1</ele><time>2025-11-01T07:50:21Z</time></trkpt><trkpt lat="22.292786666666665" lon="113.95349499999999"><ele>3.4999999999999996</ele><time>2025-11-01T07:50:23Z</time></trkpt><trkpt lat="22.29276666666666" lon="113.95348"><ele>3.9999999999999996</ele><time>2025-11-01T07:50:25Z</time></trkpt><trkpt lat="22.292748333333332" lon="113.953455"><ele>4.1</ele><time>2025-11-01T07:50:27Z</time></trkpt><trkpt lat="22.29273166666667" lon="113.95343499999998"><ele>4.300000000000001</ele><time>2025-11-01T07:50:29Z</time></trkpt><trkpt lat="22.292714999999998" lon="113.95342166666666"><ele>4.199999999999999</ele><time>2025-11-01T07:50:31Z</time></trkpt><trkpt lat="22.29270166666667" lon="113.95340833333333"><ele>3.9</ele><time>2025-11-01T07:50:33Z</time></trkpt><trkpt lat="22.292685" lon="113.953395"><ele>3.6999999999999997</ele><time>2025-11-01T07:50:35Z</time></trkpt><trkpt lat="22.292669999999998" lon="113.95337999999998"><ele>3.4999999999999996</ele><time>2025-11-01T07:50:37Z</time></trkpt><trkpt lat="22.292653333333337" lon="113.953365"><ele>3.1999999999999997</ele><time>2025-11-01T07:50:39Z</time></trkpt><trkpt lat="22.292636666666667" lon="113.95334999999999"><ele>2.6</ele><time>2025-11-01T07:50:41Z</time></trkpt><trkpt lat="22.292616666666664" lon="113.95333666666666"><ele>1.7999999999999998</ele><time>2025-11-01T07:50:44Z</time></trkpt><trkpt lat="22.292603333333332" lon="113.95332166666667"><ele>1.2999999999999998</ele><time>2025-11-01T07:50:46Z</time></trkpt><trkpt lat="22.292581666666667" lon="113.95329666666666"><ele>0.5</ele><time>2025-11-01T07:50:49Z</time></trkpt><trkpt lat="22.29256666666667" lon="113.95327833333334"><ele>0.19999999999999973</ele><time>2025-11-01T07:50:51Z</time></trkpt><trkpt lat="22.292555" lon="113.95325833333332"><ele>-0.10000000000000009</ele><time>2025-11-01T07:50:53Z</time></trkpt><trkpt lat="22.29253833333333" lon="113.95325"><ele>-0.40000000000000013</ele><time>2025-11-01T07:50:55Z</time></trkpt><trkpt lat="22.29252" lon="113.95324166666666"><ele>-0.7000000000000002</ele><time>2025-11-01T07:50:57Z</time></trkpt><trkpt lat="22.292501666666666" lon="113.95323333333333"><ele>-0.6000000000000001</ele><time>2025-11-01T07:50:59Z</time></trkpt><trkpt lat="22.292485000000003" lon="113.95322499999999"><ele>-0.5</ele><time>2025-11-01T07:51:01Z</time></trkpt><trkpt lat="22.292468333333332" lon="113.95321666666665"><ele>-0.20000000000000018</ele><time>2025-11-01T07:51:03Z</time></trkpt><trkpt lat="22.292453333333334" lon="113.95320500000001"><ele>0.10000000000000009</ele><time>2025-11-01T07:51:05Z</time></trkpt><trkpt lat="22.292443333333335" lon="113.953185"><ele>0.3999999999999999</ele><time>2025-11-01T07:51:08Z</time></trkpt><trkpt lat="22.292458333333336" lon="113.95317166666668"><ele>3.1</ele><time>2025-11-01T07:51:23Z</time></trkpt><trkpt lat="22.292473333333337" lon="113.95315166666666"><ele>4.6</ele><time>2025-11-01T07:53:36Z</time></trkpt><trkpt lat="22.292458333333336" lon="113.95316333333334"><ele>8.4</ele><time>2025-11-01T07:54:10Z</time></trkpt><trkpt lat="22.292473333333337" lon="113.95314833333332"><ele>9.6</ele><time>2025-11-01T07:54:15Z</time></trkpt><trkpt lat="22.29249666666666" lon="113.95316499999998"><ele>8.9</ele><time>2025-11-01T07:54:47Z</time></trkpt><trkpt lat="22.29247833333333" lon="113.95316333333334"><ele>8.6</ele><time>2025-11-01T07:54:59Z</time></trkpt><trkpt lat="22.29246333333333" lon="113.95315000000001"><ele>8.200000000000001</ele><time>2025-11-01T07:55:04Z</time></trkpt><trkpt lat="22.292435" lon="113.95313833333333"><ele>7.800000000000001</ele><time>2025-11-01T07:55:07Z</time></trkpt><trkpt lat="22.292405" lon="113.953125"><ele>7.6</ele><time>2025-11-01T07:55:09Z</time></trkpt><trkpt lat="22.292383333333337" lon="113.95311666666666"><ele>7.200000000000001</ele><time>2025-11-01T07:55:11Z</time></trkpt><trkpt lat="22.29236166666667" lon="113.95310333333333"><ele>7.0</ele><time>2025-11-01T07:55:13Z</time></trkpt><trkpt lat="22.29234333333333" lon="113.95308666666666"><ele>6.800000000000001</ele><time>2025-11-01T07:55:15Z</time></trkpt><trkpt lat="22.29232833333333" lon="113.95307166666667"><ele>6.4</ele><time>2025-11-01T07:55:17Z</time></trkpt><trkpt lat="22.292308333333335" lon="113.953065"><ele>5.699999999999999</ele><time>2025-11-01T07:55:19Z</time></trkpt><trkpt lat="22.292291666666664" lon="113.953055"><ele>4.800000000000001</ele><time>2025-11-01T07:55:21Z</time></trkpt><trkpt lat="22.292279999999998" lon="113.95303333333335"><ele>3.9</ele><time>2025-11-01T07:55:23Z</time></trkpt><trkpt lat="22.292263333333334" lon="113.95302333333332"><ele>2.9999999999999996</ele><time>2025-11-01T07:55:25Z</time></trkpt><trkpt lat="22.292245" lon="113.95300666666665"><ele>2.9</ele><time>2025-11-01T07:55:27Z</time></trkpt><trkpt lat="22.29222666666667" lon="113.95299333333332"><ele>2.9999999999999996</ele><time>2025-11-01T07:55:29Z</time></trkpt><trkpt lat="22.29220833333333" lon="113.95298499999998"><ele>2.6999999999999997</ele><time>2025-11-01T07:55:31Z</time></trkpt><trkpt lat="22.292191666666668" lon="113.95297000000001"><ele>2.4999999999999996</ele><time>2025-11-01T07:55:33Z</time></trkpt><trkpt lat="22.292174999999997" lon="113.95295333333334"><ele>2.4</ele><time>2025-11-01T07:55:35Z</time></trkpt><trkpt lat="22.29216" lon="113.95293500000001"><ele>2.4</ele><time>2025-11-01T07:55:37Z</time></trkpt><trkpt lat="22.292146666666667" lon="113.95291833333334"><ele>2.4999999999999996</ele><time>2025-11-01T07:55:39Z</time></trkpt><trkpt lat="22.292128333333334" lon="113.95290333333332"><ele>2.4999999999999996</ele><time>2025-11-01T07:55:41Z</time></trkpt><trkpt lat="22.29211666666667" lon="113.95288666666666"><ele>2.4999999999999996</ele><time>2025-11-01T07:55:43Z</time></trkpt><trkpt lat="22.292101666666667" lon="113.95287333333333"><ele>2.3000000000000003</ele><time>2025-11-01T07:55:45Z</time></trkpt><trkpt lat="22.292086666666666" lon="113.95285666666665"><ele>1.9</ele><time>2025-11-01T07:55:47Z</time></trkpt><trkpt lat="22.292068333333336" lon="113.95284166666667"><ele>1.9999999999999996</ele><time>2025-11-01T07:55:49Z</time></trkpt><trkpt lat="22.292048333333334" lon="113.95282333333334"><ele>1.9</ele><time>2025-11-01T07:55:52Z</time></trkpt><trkpt lat="22.292036666666665" lon="113.9528"><ele>1.6</ele><time>2025-11-01T07:55:55Z</time></trkpt><trkpt lat="22.292033333333332" lon="113.95277833333333"><ele>1.5</ele><time>2025-11-01T07:55:57Z</time></trkpt><trkpt lat="22.29201666666667" lon="113.95276166666666"><ele>1.6</ele><time>2025-11-01T07:55:59Z</time></trkpt><trkpt lat="22.29199833333333" lon="113.95274666666667"><ele>1.9</ele><time>2025-11-01T07:56:01Z</time></trkpt><trkpt lat="22.291975" lon="113.95273166666666"><ele>2.3000000000000003</ele><time>2025-11-01T07:56:03Z</time></trkpt><trkpt lat="22.291954999999998" lon="113.95272166666668"><ele>2.6999999999999997</ele><time>2025-11-01T07:56:05Z</time></trkpt><trkpt lat="22.29193666666667" lon="113.95271"><ele>2.6999999999999997</ele><time>2025-11-01T07:56:07Z</time></trkpt><trkpt lat="22.291921666666667" lon="113.952695"><ele>3.3000000000000003</ele><time>2025-11-01T07:56:09Z</time></trkpt><trkpt lat="22.291906666666666" lon="113.95267833333334"><ele>3.9999999999999996</ele><time>2025-11-01T07:56:11Z</time></trkpt><trkpt lat="22.291891666666668" lon="113.95266333333332"><ele>5.0</ele><time>2025-11-01T07:56:13Z</time></trkpt><trkpt lat="22.291876666666667" lon="113.95265166666668"><ele>5.5</ele><time>2025-11-01T07:56:15Z</time></trkpt><trkpt lat="22.291855" lon="113.95263333333332"><ele>5.800000000000001</ele><time>2025-11-01T07:56:17Z</time></trkpt><trkpt lat="22.29183666666667" lon="113.952615"><ele>6.0</ele><time>2025-11-01T07:56:19Z</time></trkpt><trkpt lat="22.291814999999996" lon="113.95260000000002"><ele>6.5</ele><time>2025-11-01T07:56:21Z</time></trkpt><trkpt lat="22.291796666666663" lon="113.95259333333334"><ele>6.300000000000001</ele><time>2025-11-01T07:56:23Z</time></trkpt><trkpt lat="22.29177666666667" lon="113.95258666666665"><ele>6.1</ele><time>2025-11-01T07:56:25Z</time></trkpt><trkpt lat="22.291756666666668" lon="113.95257166666667"><ele>6.0</ele><time>2025-11-01T07:56:27Z</time></trkpt><trkpt lat="22.291739999999997" lon="113.95255166666666"><ele>6.1</ele><time>2025-11-01T07:56:29Z</time></trkpt><trkpt lat="22.291723333333334" lon="113.95252833333333"><ele>6.1</ele><time>2025-11-01T07:56:31Z</time></trkpt><trkpt lat="22.291706666666663" lon="113.95251166666667"><ele>6.300000000000001</ele><time>2025-11-01T07:56:33Z</time></trkpt><trkpt lat="22.291691666666665" lon="113.9525"><ele>6.4</ele><time>2025-11-01T07:56:35Z</time></trkpt><trkpt lat="22.291673333333332" lon="113.95248666666666"><ele>6.6</ele><time>2025-11-01T07:56:37Z</time></trkpt><trkpt lat="22.291655" lon="113.95247333333333"><ele>6.200000000000001</ele><time>2025-11-01T07:56:39Z</time></trkpt><trkpt lat="22.291639999999997" lon="113.95246166666666"><ele>5.699999999999999</ele><time>2025-11-01T07:56:41Z</time></trkpt><trkpt lat="22.29162666666667" lon="113.95244333333333"><ele>5.1</ele><time>2025-11-01T07:56:43Z</time></trkpt><trkpt lat="22.291608333333336" lon="113.95242166666667"><ele>4.1</ele><time>2025-11-01T07:56:46Z</time></trkpt><trkpt lat="22.291593333333335" lon="113.95240666666665"><ele>3.6999999999999997</ele><time>2025-11-01T07:56:48Z</time></trkpt><trkpt lat="22.291576666666668" lon="113.95239000000001"><ele>3.6999999999999997</ele><time>2025-11-01T07:56:50Z</time></trkpt><trkpt lat="22.291559999999997" lon="113.952375"><ele>3.6999999999999997</ele><time>2025-11-01T07:56:52Z</time></trkpt><trkpt lat="22.291546666666665" lon="113.95235666666667"><ele>3.4</ele><time>2025-11-01T07:56:54Z</time></trkpt><trkpt lat="22.291529999999998" lon="113.952345"><ele>3.1</ele><time>2025-11-01T07:56:56Z</time></trkpt><trkpt lat="22.291518333333336" lon="113.95232833333333"><ele>2.4999999999999996</ele><time>2025-11-01T07:56:58Z</time></trkpt><trkpt lat="22.29150666666667" lon="113.95231"><ele>1.7999999999999998</ele><time>2025-11-01T07:57:00Z</time></trkpt><trkpt lat="22.291495" lon="113.95228999999999"><ele>1.1</ele><time>2025-11-01T07:57:02Z</time></trkpt><trkpt lat="22.291473333333336" lon="113.95227000000001"><ele>0.19999999999999973</ele><time>2025-11-01T07:57:05Z</time></trkpt><trkpt lat="22.29146166666667" lon="113.95224833333332"><ele>-0.5</ele><time>2025-11-01T07:57:07Z</time></trkpt><trkpt lat="22.29144833333333" lon="113.95223166666668"><ele>-1.1</ele><time>2025-11-01T07:57:09Z</time></trkpt><trkpt lat="22.291431666666668" lon="113.95222"><ele>-1.4000000000000001</ele><time>2025-11-01T07:57:11Z</time></trkpt><trkpt lat="22.291411666666665" lon="113.95220666666667"><ele>-2.2</ele><time>2025-11-01T07:57:13Z</time></trkpt><trkpt lat="22.291395000000005" lon="113.952195"><ele>-2.6</ele><time>2025-11-01T07:57:15Z</time></trkpt><trkpt lat="22.291376666666665" lon="113.95218166666668"><ele>-2.6</ele><time>2025-11-01T07:57:17Z</time></trkpt><trkpt lat="22.29136" lon="113.95216666666666"><ele>-3.0</ele><time>2025-11-01T07:57:19Z</time></trkpt><trkpt lat="22.291345" lon="113.95215166666667"><ele>-3.3</ele><time>2025-11-01T07:57:21Z</time></trkpt><trkpt lat="22.291330000000002" lon="113.95213166666666"><ele>-3.1</ele><time>2025-11-01T07:57:23Z</time></trkpt><trkpt lat="22.291316666666663" lon="113.95211333333333"><ele>-2.8</ele><time>2025-11-01T07:57:25Z</time></trkpt><trkpt lat="22.291301666666662" lon="113.95209333333332"><ele>-2.2</ele><time>2025-11-01T07:57:27Z</time></trkpt><trkpt lat="22.291288333333334" lon="113.95207166666665"><ele>-2.0</ele><time>2025-11-01T07:57:29Z</time></trkpt><trkpt lat="22.291275000000002" lon="113.95205166666668"><ele>-2.1</ele><time>2025-11-01T07:57:31Z</time></trkpt><trkpt lat="22.291260000000005" lon="113.95202833333333"><ele>-1.7000000000000002</ele><time>2025-11-01T07:57:34Z</time></trkpt><trkpt lat="22.291251666666668" lon="113.95200666666666"><ele>-1.5</ele><time>2025-11-01T07:57:36Z</time></trkpt><trkpt lat="22.29123666666667" lon="113.95199166666667"><ele>-1.5</ele><time>2025-11-01T07:57:38Z</time></trkpt><trkpt lat="22.29122333333333" lon="113.95197666666667"><ele>-1.3</ele><time>2025-11-01T07:57:40Z</time></trkpt><trkpt lat="22.291204999999998" lon="113.95196166666668"><ele>-0.9000000000000001</ele><time>2025-11-01T07:57:42Z</time></trkpt><trkpt lat="22.29119166666667" lon="113.95194333333332"><ele>-0.5</ele><time>2025-11-01T07:57:44Z</time></trkpt><trkpt lat="22.29118" lon="113.95192333333334"><ele>0.10000000000000009</ele><time>2025-11-01T07:57:46Z</time></trkpt><trkpt lat="22.291166666666662" lon="113.95189666666666"><ele>0.6999999999999997</ele><time>2025-11-01T07:57:49Z</time></trkpt><trkpt lat="22.291155000000003" lon="113.95187166666668"><ele>1.6</ele><time>2025-11-01T07:57:51Z</time></trkpt><trkpt lat="22.291143333333334" lon="113.95185500000001"><ele>2.4</ele><time>2025-11-01T07:57:53Z</time></trkpt><trkpt lat="22.29113" lon="113.95184166666668"><ele>3.1999999999999997</ele><time>2025-11-01T07:57:55Z</time></trkpt><trkpt lat="22.291114999999998" lon="113.95182833333335"><ele>3.6999999999999997</ele><time>2025-11-01T07:57:57Z</time></trkpt><trkpt lat="22.291099999999997" lon="113.95181166666667"><ele>3.6999999999999997</ele><time>2025-11-01T07:57:59Z</time></trkpt><trkpt lat="22.29108666666667" lon="113.95179833333334"><ele>3.8000000000000003</ele><time>2025-11-01T07:58:01Z</time></trkpt><trkpt lat="22.291071666666667" lon="113.95178499999999"><ele>4.1</ele><time>2025-11-01T07:58:03Z</time></trkpt><trkpt lat="22.29105666666667" lon="113.95176166666667"><ele>4.4</ele><time>2025-11-01T07:58:05Z</time></trkpt><trkpt lat="22.291045" lon="113.95174"><ele>5.0</ele><time>2025-11-01T07:58:07Z</time></trkpt><trkpt lat="22.291033333333335" lon="113.95171833333333"><ele>5.4</ele><time>2025-11-01T07:58:09Z</time></trkpt><trkpt lat="22.291023333333335" lon="113.95170166666666"><ele>5.5</ele><time>2025-11-01T07:58:11Z</time></trkpt><trkpt lat="22.291008333333334" lon="113.95168"><ele>5.6</ele><time>2025-11-01T07:58:13Z</time></trkpt><trkpt lat="22.290988333333335" lon="113.95166333333333"><ele>5.6</ele><time>2025-11-01T07:58:15Z</time></trkpt><trkpt lat="22.290971666666664" lon="113.95164333333332"><ele>5.800000000000001</ele><time>2025-11-01T07:58:17Z</time></trkpt><trkpt lat="22.290956666666663" lon="113.95162333333334"><ele>6.1</ele><time>2025-11-01T07:58:19Z</time></trkpt><trkpt lat="22.290936666666667" lon="113.95160833333333"><ele>5.9</ele><time>2025-11-01T07:58:21Z</time></trkpt><trkpt lat="22.290918333333334" lon="113.95158666666666"><ele>6.1</ele><time>2025-11-01T07:58:23Z</time></trkpt><trkpt lat="22.290903333333336" lon="113.95156833333334"><ele>6.300000000000001</ele><time>2025-11-01T07:58:25Z</time></trkpt><trkpt lat="22.290889999999997" lon="113.95154666666667"><ele>6.5</ele><time>2025-11-01T07:58:27Z</time></trkpt><trkpt lat="22.290874999999996" lon="113.95153"><ele>6.9</ele><time>2025-11-01T07:58:29Z</time></trkpt><trkpt lat="22.290861666666668" lon="113.95150666666665"><ele>7.1</ele><time>2025-11-01T07:58:31Z</time></trkpt><trkpt lat="22.29085" lon="113.95149166666667"><ele>7.200000000000001</ele><time>2025-11-01T07:58:33Z</time></trkpt><trkpt lat="22.29083333333333" lon="113.951475"><ele>7.4</ele><time>2025-11-01T07:58:35Z</time></trkpt><trkpt lat="22.290816666666668" lon="113.95145333333333"><ele>7.6</ele><time>2025-11-01T07:58:37Z</time></trkpt><trkpt lat="22.290799999999997" lon="113.95143000000002"><ele>7.6</ele><time>2025-11-01T07:58:39Z</time></trkpt><trkpt lat="22.290781666666664" lon="113.95141166666666"><ele>7.5</ele><time>2025-11-01T07:58:41Z</time></trkpt><trkpt lat="22.290768333333336" lon="113.95139166666668"><ele>7.6</ele><time>2025-11-01T07:58:43Z</time></trkpt><trkpt lat="22.29075833333333" lon="113.95136833333332"><ele>8.1</ele><time>2025-11-01T07:58:45Z</time></trkpt><trkpt lat="22.29074166666667" lon="113.95135333333334"><ele>8.6</ele><time>2025-11-01T07:58:47Z</time></trkpt><trkpt lat="22.290726666666668" lon="113.95133833333333"><ele>8.6</ele><time>2025-11-01T07:58:49Z</time></trkpt><trkpt lat="22.290715" lon="113.95131666666666"><ele>8.5</ele><time>2025-11-01T07:58:51Z</time></trkpt><trkpt lat="22.29070166666667" lon="113.95129999999999"><ele>8.4</ele><time>2025-11-01T07:58:53Z</time></trkpt><trkpt lat="22.290688333333332" lon="113.95128333333332"><ele>8.4</ele><time>2025-11-01T07:58:55Z</time></trkpt><trkpt lat="22.29067166666667" lon="113.95126499999999"><ele>8.3</ele><time>2025-11-01T07:58:57Z</time></trkpt><trkpt lat="22.29065166666667" lon="113.95124833333333"><ele>8.4</ele><time>2025-11-01T07:58:59Z</time></trkpt><trkpt lat="22.290636666666668" lon="113.95122833333335"><ele>8.5</ele><time>2025-11-01T07:59:01Z</time></trkpt><trkpt lat="22.290628333333334" lon="113.95120666666665"><ele>8.700000000000001</ele><time>2025-11-01T07:59:03Z</time></trkpt><trkpt lat="22.29061166666667" lon="113.95118166666667"><ele>8.1</ele><time>2025-11-01T07:59:06Z</time></trkpt><trkpt lat="22.29060666666667" lon="113.95115833333332"><ele>8.0</ele><time>2025-11-01T07:59:08Z</time></trkpt><trkpt lat="22.290601666666664" lon="113.95113166666667"><ele>7.9</ele><time>2025-11-01T07:59:10Z</time></trkpt><trkpt lat="22.290586666666666" lon="113.95111166666666"><ele>7.4</ele><time>2025-11-01T07:59:13Z</time></trkpt><trkpt lat="22.290571666666665" lon="113.95109499999998"><ele>6.9</ele><time>2025-11-01T07:59:15Z</time></trkpt><trkpt lat="22.290556666666664" lon="113.95107666666667"><ele>6.800000000000001</ele><time>2025-11-01T07:59:17Z</time></trkpt><trkpt lat="22.290543333333336" lon="113.95105666666664"><ele>6.700000000000001</ele><time>2025-11-01T07:59:19Z</time></trkpt><trkpt lat="22.290531666666666" lon="113.95103666666667"><ele>7.0</ele><time>2025-11-01T07:59:21Z</time></trkpt><trkpt lat="22.29052166666667" lon="113.95101666666666"><ele>7.1</ele><time>2025-11-01T07:59:23Z</time></trkpt><trkpt lat="22.29050833333333" lon="113.951"><ele>6.800000000000001</ele><time>2025-11-01T07:59:25Z</time></trkpt><trkpt lat="22.29049166666667" lon="113.95098166666666"><ele>6.5</ele><time>2025-11-01T07:59:27Z</time></trkpt><trkpt lat="22.290475" lon="113.95096333333335"><ele>6.4</ele><time>2025-11-01T07:59:29Z</time></trkpt><trkpt lat="22.29046166666667" lon="113.95094166666668"><ele>6.1</ele><time>2025-11-01T07:59:31Z</time></trkpt><trkpt lat="22.29044666666667" lon="113.95092000000001"><ele>5.9</ele><time>2025-11-01T07:59:33Z</time></trkpt><trkpt lat="22.290433333333333" lon="113.95090166666665"><ele>5.699999999999999</ele><time>2025-11-01T07:59:35Z</time></trkpt><trkpt lat="22.29041666666667" lon="113.95087833333334"><ele>5.199999999999999</ele><time>2025-11-01T07:59:38Z</time></trkpt><trkpt lat="22.290403333333334" lon="113.95085833333333"><ele>5.0</ele><time>2025-11-01T07:59:40Z</time></trkpt><trkpt lat="22.290394999999997" lon="113.95084"><ele>4.300000000000001</ele><time>2025-11-01T07:59:42Z</time></trkpt><trkpt lat="22.29038666666667" lon="113.95082"><ele>3.4999999999999996</ele><time>2025-11-01T07:59:44Z</time></trkpt><trkpt lat="22.290360000000003" lon="113.95080000000002"><ele>3.8000000000000003</ele><time>2025-11-01T07:59:46Z</time></trkpt><trkpt lat="22.290343333333333" lon="113.95078"><ele>4.300000000000001</ele><time>2025-11-01T07:59:48Z</time></trkpt><trkpt lat="22.290334999999995" lon="113.95075999999999"><ele>4.9</ele><time>2025-11-01T07:59:50Z</time></trkpt><trkpt lat="22.29032666666667" lon="113.95073666666667"><ele>5.4</ele><time>2025-11-01T07:59:52Z</time></trkpt><trkpt lat="22.290321666666667" lon="113.95070833333332"><ele>5.9</ele><time>2025-11-01T07:59:54Z</time></trkpt><trkpt lat="22.290309999999998" lon="113.95069"><ele>6.200000000000001</ele><time>2025-11-01T07:59:56Z</time></trkpt><trkpt lat="22.290298333333332" lon="113.95067333333333"><ele>7.1</ele><time>2025-11-01T07:59:58Z</time></trkpt><trkpt lat="22.290289999999995" lon="113.95065166666667"><ele>7.700000000000001</ele><time>2025-11-01T08:00:00Z</time></trkpt><trkpt lat="22.290274999999998" lon="113.95063333333334"><ele>7.700000000000001</ele><time>2025-11-01T08:00:02Z</time></trkpt><trkpt lat="22.29025" lon="113.95061666666668"><ele>7.6</ele><time>2025-11-01T08:00:04Z</time></trkpt><trkpt lat="22.290231666666667" lon="113.95060833333334"><ele>8.4</ele><time>2025-11-01T08:00:06Z</time></trkpt><trkpt lat="22.290223333333333" lon="113.95057833333334"><ele>9.3</ele><time>2025-11-01T08:00:09Z</time></trkpt><trkpt lat="22.290211666666664" lon="113.95055499999998"><ele>9.200000000000001</ele><time>2025-11-01T08:00:11Z</time></trkpt><trkpt lat="22.29020166666667" lon="113.95053333333333"><ele>8.8</ele><time>2025-11-01T08:00:13Z</time></trkpt><trkpt lat="22.29019333333333" lon="113.950515"><ele>8.5</ele><time>2025-11-01T08:00:15Z</time></trkpt><trkpt lat="22.290183333333335" lon="113.95048999999999"><ele>8.200000000000001</ele><time>2025-11-01T08:00:18Z</time></trkpt><trkpt lat="22.290171666666666" lon="113.95046499999998"><ele>8.4</ele><time>2025-11-01T08:00:20Z</time></trkpt><trkpt lat="22.29016166666667" lon="113.95043666666668"><ele>8.5</ele><time>2025-11-01T08:00:22Z</time></trkpt><trkpt lat="22.290151666666663" lon="113.95041833333335"><ele>8.0</ele><time>2025-11-01T08:00:24Z</time></trkpt><trkpt lat="22.290136666666665" lon="113.95040499999999"><ele>7.5</ele><time>2025-11-01T08:00:26Z</time></trkpt><trkpt lat="22.290123333333334" lon="113.95038500000001"><ele>6.6</ele><time>2025-11-01T08:00:28Z</time></trkpt><trkpt lat="22.290113333333338" lon="113.95036"><ele>6.700000000000001</ele><time>2025-11-01T08:00:30Z</time></trkpt><trkpt lat="22.29010333333333" lon="113.95034"><ele>6.9</ele><time>2025-11-01T08:00:32Z</time></trkpt><trkpt lat="22.290096666666667" lon="113.95031499999999"><ele>7.0</ele><time>2025-11-01T08:00:34Z</time></trkpt><trkpt lat="22.290083333333335" lon="113.95029833333335"><ele>7.0</ele><time>2025-11-01T08:00:36Z</time></trkpt><trkpt lat="22.29007166666667" lon="113.95028166666667"><ele>6.9</ele><time>2025-11-01T08:00:38Z</time></trkpt><trkpt lat="22.290061666666663" lon="113.950265"><ele>6.9</ele><time>2025-11-01T08:00:40Z</time></trkpt><trkpt lat="22.290049999999997" lon="113.95024666666669"><ele>7.300000000000001</ele><time>2025-11-01T08:00:42Z</time></trkpt><trkpt lat="22.290038333333335" lon="113.95023166666667"><ele>7.200000000000001</ele><time>2025-11-01T08:00:44Z</time></trkpt><trkpt lat="22.290028333333332" lon="113.95021333333334"><ele>7.1</ele><time>2025-11-01T08:00:46Z</time></trkpt><trkpt lat="22.290016666666663" lon="113.95019333333333"><ele>7.1</ele><time>2025-11-01T08:00:48Z</time></trkpt><trkpt lat="22.290004999999997" lon="113.95017333333332"><ele>7.1</ele><time>2025-11-01T08:00:50Z</time></trkpt><trkpt lat="22.289993333333335" lon="113.95015166666666"><ele>7.200000000000001</ele><time>2025-11-01T08:00:52Z</time></trkpt><trkpt lat="22.289983333333332" lon="113.95013499999999"><ele>7.0</ele><time>2025-11-01T08:00:54Z</time></trkpt><trkpt lat="22.289976666666668" lon="113.95011500000001"><ele>6.700000000000001</ele><time>2025-11-01T08:00:56Z</time></trkpt><trkpt lat="22.28996666666667" lon="113.95009666666668"><ele>6.6</ele><time>2025-11-01T08:00:58Z</time></trkpt><trkpt lat="22.289949999999997" lon="113.95007666666667"><ele>6.4</ele><time>2025-11-01T08:01:00Z</time></trkpt><trkpt lat="22.28994" lon="113.95005166666667"><ele>6.0</ele><time>2025-11-01T08:01:02Z</time></trkpt><trkpt lat="22.289931666666668" lon="113.95003"><ele>5.6</ele><time>2025-11-01T08:01:05Z</time></trkpt><trkpt lat="22.28992" lon="113.95000333333334"><ele>5.4</ele><time>2025-11-01T08:01:08Z</time></trkpt><trkpt lat="22.289908333333333" lon="113.94998666666667"><ele>5.199999999999999</ele><time>2025-11-01T08:01:10Z</time></trkpt><trkpt lat="22.289895" lon="113.94997166666666"><ele>4.699999999999999</ele><time>2025-11-01T08:01:12Z</time></trkpt><trkpt lat="22.289881666666663" lon="113.94995833333333"><ele>4.1</ele><time>2025-11-01T08:01:14Z</time></trkpt><trkpt lat="22.289871666666667" lon="113.94994166666666"><ele>3.6</ele><time>2025-11-01T08:01:16Z</time></trkpt><trkpt lat="22.28986166666667" lon="113.94992500000002"><ele>3.6999999999999997</ele><time>2025-11-01T08:01:18Z</time></trkpt><trkpt lat="22.28984833333333" lon="113.94991"><ele>3.6999999999999997</ele><time>2025-11-01T08:01:20Z</time></trkpt><trkpt lat="22.289836666666663" lon="113.94989333333334"><ele>3.6999999999999997</ele><time>2025-11-01T08:01:22Z</time></trkpt><trkpt lat="22.28983333333333" lon="113.94987166666667"><ele>4.1</ele><time>2025-11-01T08:01:24Z</time></trkpt><trkpt lat="22.289823333333334" lon="113.94984666666666"><ele>3.9</ele><time>2025-11-01T08:01:27Z</time></trkpt><trkpt lat="22.289811666666665" lon="113.94982833333333"><ele>3.8000000000000003</ele><time>2025-11-01T08:01:29Z</time></trkpt><trkpt lat="22.2898" lon="113.94980500000001"><ele>3.1</ele><time>2025-11-01T08:01:31Z</time></trkpt><trkpt lat="22.28978833333333" lon="113.94978666666665"><ele>2.3000000000000003</ele><time>2025-11-01T08:01:33Z</time></trkpt><trkpt lat="22.289778333333334" lon="113.94976666666668"><ele>1.6</ele><time>2025-11-01T08:01:35Z</time></trkpt><trkpt lat="22.289766666666665" lon="113.94975166666667"><ele>1.6</ele><time>2025-11-01T08:01:37Z</time></trkpt><trkpt lat="22.28976" lon="113.94972833333334"><ele>1.7999999999999998</ele><time>2025-11-01T08:01:40Z</time></trkpt><trkpt lat="22.289748333333332" lon="113.94970666666669"><ele>1.6999999999999997</ele><time>2025-11-01T08:01:42Z</time></trkpt><trkpt lat="22.289735000000004" lon="113.94968166666668"><ele>1.9</ele><time>2025-11-01T08:01:44Z</time></trkpt><trkpt lat="22.289724999999997" lon="113.94966500000001"><ele>2.1</ele><time>2025-11-01T08:01:46Z</time></trkpt><trkpt lat="22.28971166666667" lon="113.94964166666665"><ele>2.6</ele><time>2025-11-01T08:01:48Z</time></trkpt><trkpt lat="22.289706666666667" lon="113.94962"><ele>3.4</ele><time>2025-11-01T08:01:50Z</time></trkpt><trkpt lat="22.289696666666668" lon="113.94959833333333"><ele>3.9999999999999996</ele><time>2025-11-01T08:01:52Z</time></trkpt><trkpt lat="22.289690000000004" lon="113.94957500000001"><ele>4.4</ele><time>2025-11-01T08:01:54Z</time></trkpt><trkpt lat="22.289683333333333" lon="113.94955333333334"><ele>4.800000000000001</ele><time>2025-11-01T08:01:56Z</time></trkpt><trkpt lat="22.28967" lon="113.94953666666667"><ele>5.1</ele><time>2025-11-01T08:01:58Z</time></trkpt><trkpt lat="22.289656666666662" lon="113.94951666666665"><ele>5.4</ele><time>2025-11-01T08:02:01Z</time></trkpt><trkpt lat="22.289648333333336" lon="113.94949"><ele>5.9</ele><time>2025-11-01T08:02:04Z</time></trkpt><trkpt lat="22.289638333333333" lon="113.94946999999999"><ele>6.0</ele><time>2025-11-01T08:02:06Z</time></trkpt><trkpt lat="22.289628333333333" lon="113.94945000000001"><ele>6.4</ele><time>2025-11-01T08:02:08Z</time></trkpt><trkpt lat="22.289611666666662" lon="113.94942166666667"><ele>6.1</ele><time>2025-11-01T08:02:10Z</time></trkpt><trkpt lat="22.289593333333332" lon="113.94940666666668"><ele>5.5</ele><time>2025-11-01T08:02:12Z</time></trkpt><trkpt lat="22.289575" lon="113.94939000000001"><ele>6.200000000000001</ele><time>2025-11-01T08:02:14Z</time></trkpt><trkpt lat="22.289583333333333" lon="113.94936000000001"><ele>6.200000000000001</ele><time>2025-11-01T08:02:18Z</time></trkpt><trkpt lat="22.28957833333333" lon="113.94933666666665"><ele>6.0</ele><time>2025-11-01T08:02:20Z</time></trkpt><trkpt lat="22.28956833333333" lon="113.94931"><ele>5.6</ele><time>2025-11-01T08:02:22Z</time></trkpt><trkpt lat="22.289559999999998" lon="113.94929166666667"><ele>5.699999999999999</ele><time>2025-11-01T08:02:24Z</time></trkpt><trkpt lat="22.289556666666666" lon="113.94927166666666"><ele>6.0</ele><time>2025-11-01T08:02:26Z</time></trkpt><trkpt lat="22.289550000000002" lon="113.94924"><ele>6.5</ele><time>2025-11-01T08:02:29Z</time></trkpt><trkpt lat="22.289538333333333" lon="113.94921166666667"><ele>7.1</ele><time>2025-11-01T08:02:31Z</time></trkpt><trkpt lat="22.28953" lon="113.949185"><ele>7.1</ele><time>2025-11-01T08:02:33Z</time></trkpt><trkpt lat="22.289513333333336" lon="113.949165"><ele>7.0</ele><time>2025-11-01T08:02:36Z</time></trkpt><trkpt lat="22.289503333333332" lon="113.94914166666668"><ele>7.1</ele><time>2025-11-01T08:02:38Z</time></trkpt><trkpt lat="22.289491666666663" lon="113.94912333333332"><ele>7.4</ele><time>2025-11-01T08:02:40Z</time></trkpt><trkpt lat="22.289480000000005" lon="113.94909833333334"><ele>7.6</ele><time>2025-11-01T08:02:43Z</time></trkpt><trkpt lat="22.28947333333333" lon="113.94907666666668"><ele>7.5</ele><time>2025-11-01T08:02:45Z</time></trkpt><trkpt lat="22.289458333333332" lon="113.94905833333333"><ele>7.5</ele><time>2025-11-01T08:02:47Z</time></trkpt><trkpt lat="22.289445" lon="113.94904"><ele>7.700000000000001</ele><time>2025-11-01T08:02:49Z</time></trkpt><trkpt lat="22.289438333333337" lon="113.94901666666668"><ele>7.700000000000001</ele><time>2025-11-01T08:02:51Z</time></trkpt><trkpt lat="22.289424999999998" lon="113.94899500000001"><ele>7.800000000000001</ele><time>2025-11-01T08:02:53Z</time></trkpt><trkpt lat="22.289415" lon="113.948975"><ele>7.4</ele><time>2025-11-01T08:02:55Z</time></trkpt><trkpt lat="22.2894" lon="113.94895666666667"><ele>7.5</ele><time>2025-11-01T08:02:57Z</time></trkpt><trkpt lat="22.289381666666667" lon="113.94894333333335"><ele>6.9</ele><time>2025-11-01T08:02:59Z</time></trkpt><trkpt lat="22.28936666666667" lon="113.94892666666668"><ele>6.700000000000001</ele><time>2025-11-01T08:03:01Z</time></trkpt><trkpt lat="22.28935333333333" lon="113.94891333333335"><ele>6.700000000000001</ele><time>2025-11-01T08:03:03Z</time></trkpt><trkpt lat="22.28934" lon="113.94889333333334"><ele>6.800000000000001</ele><time>2025-11-01T08:03:05Z</time></trkpt><trkpt lat="22.289333333333335" lon="113.94886833333334"><ele>6.9</ele><time>2025-11-01T08:03:07Z</time></trkpt><trkpt lat="22.289318333333334" lon="113.94884333333333"><ele>7.200000000000001</ele><time>2025-11-01T08:03:09Z</time></trkpt><trkpt lat="22.28929833333333" lon="113.948825"><ele>7.6</ele><time>2025-11-01T08:03:11Z</time></trkpt><trkpt lat="22.289283333333334" lon="113.948805"><ele>8.200000000000001</ele><time>2025-11-01T08:03:13Z</time></trkpt><trkpt lat="22.289271666666664" lon="113.94878166666668"><ele>9.1</ele><time>2025-11-01T08:03:16Z</time></trkpt><trkpt lat="22.289255000000004" lon="113.94876000000001"><ele>9.5</ele><time>2025-11-01T08:03:18Z</time></trkpt><trkpt lat="22.289241666666666" lon="113.94874499999999"><ele>9.200000000000001</ele><time>2025-11-01T08:03:20Z</time></trkpt><trkpt lat="22.289225000000002" lon="113.94872833333332"><ele>9.3</ele><time>2025-11-01T08:03:22Z</time></trkpt><trkpt lat="22.289210000000004" lon="113.94871166666665"><ele>9.8</ele><time>2025-11-01T08:03:24Z</time></trkpt><trkpt lat="22.289193333333333" lon="113.94869666666666"><ele>11.200000000000001</ele><time>2025-11-01T08:03:27Z</time></trkpt><trkpt lat="22.28917666666667" lon="113.94868333333334"><ele>11.8</ele><time>2025-11-01T08:03:29Z</time></trkpt><trkpt lat="22.289156666666667" lon="113.94866500000002"><ele>12.4</ele><time>2025-11-01T08:03:32Z</time></trkpt><trkpt lat="22.289139999999996" lon="113.94865"><ele>12.4</ele><time>2025-11-01T08:03:34Z</time></trkpt><trkpt lat="22.28911833333333" lon="113.94863666666667"><ele>12.4</ele><time>2025-11-01T08:03:38Z</time></trkpt><trkpt lat="22.28909833333333" lon="113.94861333333334"><ele>12.200000000000001</ele><time>2025-11-01T08:03:40Z</time></trkpt><trkpt lat="22.28908" lon="113.94858333333335"><ele>11.9</ele><time>2025-11-01T08:03:42Z</time></trkpt><trkpt lat="22.289060000000003" lon="113.94856"><ele>11.6</ele><time>2025-11-01T08:03:44Z</time></trkpt><trkpt lat="22.289043333333332" lon="113.94854833333332"><ele>11.5</ele><time>2025-11-01T08:03:46Z</time></trkpt><trkpt lat="22.28902333333333" lon="113.94853166666665"><ele>11.6</ele><time>2025-11-01T08:03:49Z</time></trkpt><trkpt lat="22.28900833333333" lon="113.94851333333332"><ele>11.9</ele><time>2025-11-01T08:03:51Z</time></trkpt><trkpt lat="22.288991666666668" lon="113.94849"><ele>12.4</ele><time>2025-11-01T08:03:53Z</time></trkpt><trkpt lat="22.288971666666665" lon="113.94846666666666"><ele>12.9</ele><time>2025-11-01T08:03:55Z</time></trkpt><trkpt lat="22.288959999999996" lon="113.94845166666667"><ele>13.200000000000001</ele><time>2025-11-01T08:03:56Z</time></trkpt><trkpt lat="22.288941666666666" lon="113.94843"><ele>13.9</ele><time>2025-11-01T08:03:59Z</time></trkpt><trkpt lat="22.288925000000003" lon="113.94841166666666"><ele>14.299999999999999</ele><time>2025-11-01T08:04:01Z</time></trkpt><trkpt lat="22.288913333333333" lon="113.94838999999999"><ele>14.6</ele><time>2025-11-01T08:04:03Z</time></trkpt><trkpt lat="22.288896666666666" lon="113.94836833333332"><ele>14.700000000000001</ele><time>2025-11-01T08:04:05Z</time></trkpt><trkpt lat="22.288880000000002" lon="113.94834833333334"><ele>14.9</ele><time>2025-11-01T08:04:07Z</time></trkpt><trkpt lat="22.28886333333333" lon="113.94833166666668"><ele>14.299999999999999</ele><time>2025-11-01T08:04:09Z</time></trkpt><trkpt lat="22.28884833333333" lon="113.94831333333335"><ele>14.000000000000002</ele><time>2025-11-01T08:04:11Z</time></trkpt><trkpt lat="22.288835000000002" lon="113.94829333333334"><ele>14.000000000000002</ele><time>2025-11-01T08:04:13Z</time></trkpt><trkpt lat="22.28881666666667" lon="113.94827833333332"><ele>13.5</ele><time>2025-11-01T08:04:15Z</time></trkpt><trkpt lat="22.288805000000004" lon="113.94825833333334"><ele>13.3</ele><time>2025-11-01T08:04:17Z</time></trkpt><trkpt lat="22.28878666666667" lon="113.94823999999998"><ele>13.1</ele><time>2025-11-01T08:04:19Z</time></trkpt><trkpt lat="22.288764999999998" lon="113.94822833333335"><ele>12.3</ele><time>2025-11-01T08:04:21Z</time></trkpt><trkpt lat="22.288748333333334" lon="113.94821833333332"><ele>11.200000000000001</ele><time>2025-11-01T08:04:23Z</time></trkpt><trkpt lat="22.288733333333333" lon="113.94819333333335"><ele>10.700000000000001</ele><time>2025-11-01T08:04:26Z</time></trkpt><trkpt lat="22.288721666666667" lon="113.94817166666665"><ele>10.4</ele><time>2025-11-01T08:04:28Z</time></trkpt><trkpt lat="22.28871" lon="113.94814999999998"><ele>10.8</ele><time>2025-11-01T08:04:30Z</time></trkpt><trkpt lat="22.288700000000002" lon="113.94812666666667"><ele>12.0</ele><time>2025-11-01T08:04:32Z</time></trkpt><trkpt lat="22.288685" lon="113.94810000000001"><ele>12.4</ele><time>2025-11-01T08:04:34Z</time></trkpt><trkpt lat="22.288673333333335" lon="113.94807999999999"><ele>11.5</ele><time>2025-11-01T08:04:36Z</time></trkpt><trkpt lat="22.288664999999998" lon="113.94805666666667"><ele>10.1</ele><time>2025-11-01T08:04:38Z</time></trkpt><trkpt lat="22.28865166666667" lon="113.94803333333333"><ele>9.9</ele><time>2025-11-01T08:04:40Z</time></trkpt><trkpt lat="22.28863833333333" lon="113.94801166666666"><ele>9.6</ele><time>2025-11-01T08:04:42Z</time></trkpt><trkpt lat="22.288618333333336" lon="113.94799166666665"><ele>8.1</ele><time>2025-11-01T08:04:45Z</time></trkpt><trkpt lat="22.288605" lon="113.94797333333332"><ele>7.4</ele><time>2025-11-01T08:04:47Z</time></trkpt><trkpt lat="22.288603333333338" lon="113.94794166666667"><ele>6.6</ele><time>2025-11-01T08:04:49Z</time></trkpt><trkpt lat="22.28859166666667" lon="113.94792333333335"><ele>5.4</ele><time>2025-11-01T08:04:51Z</time></trkpt><trkpt lat="22.288588333333337" lon="113.947895"><ele>4.6</ele><time>2025-11-01T08:04:53Z</time></trkpt><trkpt lat="22.288581666666666" lon="113.94787166666669"><ele>4.1</ele><time>2025-11-01T08:04:55Z</time></trkpt><trkpt lat="22.288581666666666" lon="113.94784833333333"><ele>3.6999999999999997</ele><time>2025-11-01T08:04:57Z</time></trkpt><trkpt lat="22.288584999999998" lon="113.94782833333332"><ele>3.4999999999999996</ele><time>2025-11-01T08:04:59Z</time></trkpt><trkpt lat="22.288576666666668" lon="113.94780333333334"><ele>2.9</ele><time>2025-11-01T08:05:02Z</time></trkpt><trkpt lat="22.288566666666664" lon="113.94777833333335"><ele>2.4999999999999996</ele><time>2025-11-01T08:05:04Z</time></trkpt><trkpt lat="22.288569999999996" lon="113.94774833333334"><ele>1.6999999999999997</ele><time>2025-11-01T08:05:06Z</time></trkpt><trkpt lat="22.288563333333332" lon="113.94771333333334"><ele>0.7999999999999998</ele><time>2025-11-01T08:05:08Z</time></trkpt><trkpt lat="22.288568333333334" lon="113.94767833333331"><ele>-0.40000000000000013</ele><time>2025-11-01T08:05:10Z</time></trkpt><trkpt lat="22.288584999999998" lon="113.94765333333335"><ele>-0.8</ele><time>2025-11-01T08:05:12Z</time></trkpt><trkpt lat="22.288595" lon="113.94762999999999"><ele>-1.0</ele><time>2025-11-01T08:05:14Z</time></trkpt><trkpt lat="22.288588333333337" lon="113.9476"><ele>-0.9000000000000001</ele><time>2025-11-01T08:05:18Z</time></trkpt><trkpt lat="22.288588333333337" lon="113.94757666666668"><ele>-1.0</ele><time>2025-11-01T08:05:21Z</time></trkpt><trkpt lat="22.288599999999995" lon="113.94755500000001"><ele>-0.8</ele><time>2025-11-01T08:05:23Z</time></trkpt><trkpt lat="22.288613333333334" lon="113.94753"><ele>-0.6000000000000001</ele><time>2025-11-01T08:05:25Z</time></trkpt><trkpt lat="22.288619999999998" lon="113.9475"><ele>-0.8</ele><time>2025-11-01T08:05:27Z</time></trkpt><trkpt lat="22.288628333333335" lon="113.94747000000001"><ele>-1.4000000000000001</ele><time>2025-11-01T08:05:29Z</time></trkpt><trkpt lat="22.28864" lon="113.94744333333334"><ele>-1.7000000000000002</ele><time>2025-11-01T08:05:31Z</time></trkpt><trkpt lat="22.288626666666666" lon="113.94742833333333"><ele>-1.6</ele><time>2025-11-01T08:05:32Z</time></trkpt><trkpt lat="22.28860666666667" lon="113.94741166666667"><ele>-1.7000000000000002</ele><time>2025-11-01T08:05:34Z</time></trkpt><trkpt lat="22.288613333333334" lon="113.94739"><ele>-0.8</ele><time>2025-11-01T08:05:38Z</time></trkpt><trkpt lat="22.288631666666667" lon="113.94737166666667"><ele>-0.20000000000000018</ele><time>2025-11-01T08:05:40Z</time></trkpt><trkpt lat="22.28865" lon="113.94733833333333"><ele>0.6999999999999997</ele><time>2025-11-01T08:05:42Z</time></trkpt><trkpt lat="22.288664999999998" lon="113.94730666666668"><ele>1.2999999999999998</ele><time>2025-11-01T08:05:44Z</time></trkpt><trkpt lat="22.288676666666667" lon="113.94728500000001"><ele>1.9999999999999996</ele><time>2025-11-01T08:05:46Z</time></trkpt><trkpt lat="22.28868" lon="113.947265"><ele>3.1999999999999997</ele><time>2025-11-01T08:05:49Z</time></trkpt><trkpt lat="22.288671666666666" lon="113.94724666666667"><ele>4.300000000000001</ele><time>2025-11-01T08:05:52Z</time></trkpt><trkpt lat="22.28868333333333" lon="113.94721666666668"><ele>5.199999999999999</ele><time>2025-11-01T08:05:55Z</time></trkpt><trkpt lat="22.288700000000002" lon="113.94720833333334"><ele>5.6</ele><time>2025-11-01T08:05:58Z</time></trkpt><trkpt lat="22.288718333333335" lon="113.94720666666666"><ele>5.6</ele><time>2025-11-01T08:06:00Z</time></trkpt><trkpt lat="22.288706666666666" lon="113.94718833333333"><ele>5.4</ele><time>2025-11-01T08:06:04Z</time></trkpt><trkpt lat="22.288718333333335" lon="113.94716500000001"><ele>5.6</ele><time>2025-11-01T08:06:09Z</time></trkpt><trkpt lat="22.288733333333333" lon="113.94713833333331"><ele>5.4</ele><time>2025-11-01T08:06:11Z</time></trkpt><trkpt lat="22.288748333333334" lon="113.94711000000001"><ele>5.5</ele><time>2025-11-01T08:06:13Z</time></trkpt><trkpt lat="22.288760000000003" lon="113.94709166666668"><ele>5.800000000000001</ele><time>2025-11-01T08:06:15Z</time></trkpt><trkpt lat="22.288764999999998" lon="113.947065"><ele>6.5</ele><time>2025-11-01T08:06:19Z</time></trkpt><trkpt lat="22.288768333333337" lon="113.94704166666666"><ele>7.0</ele><time>2025-11-01T08:06:22Z</time></trkpt><trkpt lat="22.288779999999996" lon="113.94701833333332"><ele>7.700000000000001</ele><time>2025-11-01T08:06:25Z</time></trkpt><trkpt lat="22.28878333333334" lon="113.94699166666666"><ele>8.3</ele><time>2025-11-01T08:06:28Z</time></trkpt><trkpt lat="22.28878166666667" lon="113.94697"><ele>8.5</ele><time>2025-11-01T08:06:31Z</time></trkpt><trkpt lat="22.288785" lon="113.94694166666667"><ele>8.200000000000001</ele><time>2025-11-01T08:06:34Z</time></trkpt><trkpt lat="22.288785" lon="113.94691499999999"><ele>7.700000000000001</ele><time>2025-11-01T08:06:37Z</time></trkpt><trkpt lat="22.288788333333333" lon="113.94689166666667"><ele>7.4</ele><time>2025-11-01T08:06:39Z</time></trkpt><trkpt lat="22.288791666666665" lon="113.94686500000002"><ele>6.700000000000001</ele><time>2025-11-01T08:06:42Z</time></trkpt><trkpt lat="22.288805000000004" lon="113.94684666666666"><ele>6.300000000000001</ele><time>2025-11-01T08:06:44Z</time></trkpt><trkpt lat="22.28882" lon="113.94682333333334"><ele>6.0</ele><time>2025-11-01T08:06:46Z</time></trkpt><trkpt lat="22.288836666666665" lon="113.94681"><ele>5.9</ele><time>2025-11-01T08:06:47Z</time></trkpt><trkpt lat="22.28885833333333" lon="113.94678166666667"><ele>6.200000000000001</ele><time>2025-11-01T08:06:48Z</time></trkpt><trkpt lat="22.288880000000002" lon="113.94676666666668"><ele>6.200000000000001</ele><time>2025-11-01T08:06:49Z</time></trkpt><trkpt lat="22.288905" lon="113.94676333333334"><ele>6.200000000000001</ele><time>2025-11-01T08:06:50Z</time></trkpt><trkpt lat="22.288929999999997" lon="113.94676333333334"><ele>6.5</ele><time>2025-11-01T08:06:52Z</time></trkpt><trkpt lat="22.288958333333333" lon="113.946755"><ele>6.1</ele><time>2025-11-01T08:06:54Z</time></trkpt><trkpt lat="22.288974999999997" lon="113.946745"><ele>5.9</ele><time>2025-11-01T08:06:55Z</time></trkpt><trkpt lat="22.28899333333333" lon="113.94672833333334"><ele>6.0</ele><time>2025-11-01T08:06:57Z</time></trkpt><trkpt lat="22.28900833333333" lon="113.94671666666666"><ele>5.0</ele><time>2025-11-01T08:06:59Z</time></trkpt><trkpt lat="22.289033333333336" lon="113.946695"><ele>4.4</ele><time>2025-11-01T08:07:01Z</time></trkpt><trkpt lat="22.28905333333333" lon="113.94667"><ele>4.4</ele><time>2025-11-01T08:07:03Z</time></trkpt><trkpt lat="22.28907333333333" lon="113.94665666666667"><ele>4.800000000000001</ele><time>2025-11-01T08:07:05Z</time></trkpt><trkpt lat="22.28909" lon="113.94663333333334"><ele>3.4999999999999996</ele><time>2025-11-01T08:07:07Z</time></trkpt><trkpt lat="22.289105000000003" lon="113.946615"><ele>2.6</ele><time>2025-11-01T08:07:09Z</time></trkpt><trkpt lat="22.28911833333333" lon="113.94659833333331"><ele>2.1999999999999997</ele><time>2025-11-01T08:07:11Z</time></trkpt><trkpt lat="22.28912833333333" lon="113.94657333333335"><ele>2.9999999999999996</ele><time>2025-11-01T08:07:13Z</time></trkpt><trkpt lat="22.289139999999996" lon="113.94655833333333"><ele>3.9</ele><time>2025-11-01T08:07:15Z</time></trkpt><trkpt lat="22.289150000000003" lon="113.94653833333332"><ele>4.1</ele><time>2025-11-01T08:07:18Z</time></trkpt><trkpt lat="22.28916166666667" lon="113.94651999999999"><ele>4.199999999999999</ele><time>2025-11-01T08:07:21Z</time></trkpt><trkpt lat="22.28917333333333" lon="113.94650166666666"><ele>4.199999999999999</ele><time>2025-11-01T08:07:32Z</time></trkpt><trkpt lat="22.289183333333334" lon="113.946485"><ele>4.1</ele><time>2025-11-01T08:07:34Z</time></trkpt><trkpt lat="22.28919" lon="113.94646666666668"><ele>3.9</ele><time>2025-11-01T08:07:36Z</time></trkpt><trkpt lat="22.289205" lon="113.94644166666667"><ele>3.4999999999999996</ele><time>2025-11-01T08:07:38Z</time></trkpt><trkpt lat="22.289211666666667" lon="113.94641333333333"><ele>3.4999999999999996</ele><time>2025-11-01T08:07:40Z</time></trkpt><trkpt lat="22.28921833333333" lon="113.94639000000001"><ele>3.3000000000000003</ele><time>2025-11-01T08:07:42Z</time></trkpt><trkpt lat="22.289225000000002" lon="113.94636333333334"><ele>3.4</ele><time>2025-11-01T08:07:44Z</time></trkpt><trkpt lat="22.289233333333332" lon="113.946335"><ele>4.6</ele><time>2025-11-01T08:07:46Z</time></trkpt><trkpt lat="22.289233333333332" lon="113.94631333333334"><ele>5.0</ele><time>2025-11-01T08:07:48Z</time></trkpt><trkpt lat="22.289229999999996" lon="113.94628333333334"><ele>5.699999999999999</ele><time>2025-11-01T08:07:50Z</time></trkpt><trkpt lat="22.289229999999996" lon="113.94625166666668"><ele>6.200000000000001</ele><time>2025-11-01T08:07:52Z</time></trkpt><trkpt lat="22.28923166666667" lon="113.94622666666667"><ele>6.4</ele><time>2025-11-01T08:07:55Z</time></trkpt><trkpt lat="22.28923666666667" lon="113.94619333333334"><ele>4.699999999999999</ele><time>2025-11-01T08:07:57Z</time></trkpt><trkpt lat="22.289244999999998" lon="113.94615833333334"><ele>2.9999999999999996</ele><time>2025-11-01T08:07:59Z</time></trkpt><trkpt lat="22.289240000000003" lon="113.94613166666667"><ele>1.1</ele><time>2025-11-01T08:08:02Z</time></trkpt><trkpt lat="22.289235" lon="113.94611166666667"><ele>0.10000000000000009</ele><time>2025-11-01T08:08:04Z</time></trkpt><trkpt lat="22.289228333333334" lon="113.94608833333332"><ele>-0.6000000000000001</ele><time>2025-11-01T08:08:06Z</time></trkpt><trkpt lat="22.289225000000002" lon="113.94606333333334"><ele>-1.1</ele><time>2025-11-01T08:08:08Z</time></trkpt><trkpt lat="22.289215" lon="113.94603666666666"><ele>-1.0</ele><time>2025-11-01T08:08:11Z</time></trkpt><trkpt lat="22.28920666666667" lon="113.94601666666668"><ele>-0.9000000000000001</ele><time>2025-11-01T08:08:13Z</time></trkpt><trkpt lat="22.289199999999997" lon="113.94599000000001"><ele>-1.1</ele><time>2025-11-01T08:08:15Z</time></trkpt><trkpt lat="22.289195000000003" lon="113.94596333333332"><ele>-1.1</ele><time>2025-11-01T08:08:17Z</time></trkpt><trkpt lat="22.289188333333332" lon="113.94594333333335"><ele>-1.0</ele><time>2025-11-01T08:08:18Z</time></trkpt><trkpt lat="22.28917666666667" lon="113.94591999999999"><ele>-0.6000000000000001</ele><time>2025-11-01T08:08:20Z</time></trkpt><trkpt lat="22.289171666666668" lon="113.94589166666668"><ele>0.2999999999999998</ele><time>2025-11-01T08:08:23Z</time></trkpt><trkpt lat="22.289171666666668" lon="113.94586833333332"><ele>0.5</ele><time>2025-11-01T08:08:27Z</time></trkpt><trkpt lat="22.28915833333333" lon="113.94584833333332"><ele>0.2999999999999998</ele><time>2025-11-01T08:08:29Z</time></trkpt><trkpt lat="22.289145" lon="113.94582"><ele>0.0</ele><time>2025-11-01T08:08:31Z</time></trkpt><trkpt lat="22.289138333333334" lon="113.94579999999999"><ele>-0.40000000000000013</ele><time>2025-11-01T08:08:33Z</time></trkpt><trkpt lat="22.289125" lon="113.94577666666667"><ele>-0.5</ele><time>2025-11-01T08:08:35Z</time></trkpt><trkpt lat="22.28911333333333" lon="113.94575833333334"><ele>-0.7000000000000002</ele><time>2025-11-01T08:08:37Z</time></trkpt><trkpt lat="22.28910166666667" lon="113.94573"><ele>-0.5</ele><time>2025-11-01T08:08:40Z</time></trkpt><trkpt lat="22.28909666666667" lon="113.94570999999999"><ele>-0.30000000000000004</ele><time>2025-11-01T08:08:42Z</time></trkpt><trkpt lat="22.289088333333332" lon="113.94568166666667"><ele>0.10000000000000009</ele><time>2025-11-01T08:08:44Z</time></trkpt><trkpt lat="22.289078333333336" lon="113.94565166666668"><ele>0.5</ele><time>2025-11-01T08:08:46Z</time></trkpt><trkpt lat="22.28906833333333" lon="113.94562833333333"><ele>0.7999999999999998</ele><time>2025-11-01T08:08:48Z</time></trkpt><trkpt lat="22.289061666666665" lon="113.94560833333335"><ele>1.0</ele><time>2025-11-01T08:08:50Z</time></trkpt><trkpt lat="22.28905166666667" lon="113.945585"><ele>1.4</ele><time>2025-11-01T08:08:53Z</time></trkpt><trkpt lat="22.28904" lon="113.94555833333334"><ele>2.6</ele><time>2025-11-01T08:08:56Z</time></trkpt><trkpt lat="22.289035" lon="113.94553833333333"><ele>3.4999999999999996</ele><time>2025-11-01T08:08:58Z</time></trkpt><trkpt lat="22.289030000000004" lon="113.94551166666666"><ele>4.300000000000001</ele><time>2025-11-01T08:09:00Z</time></trkpt><trkpt lat="22.28902333333333" lon="113.94549"><ele>4.300000000000001</ele><time>2025-11-01T08:09:02Z</time></trkpt><trkpt lat="22.289019999999997" lon="113.94546999999999"><ele>4.4</ele><time>2025-11-01T08:09:04Z</time></trkpt><trkpt lat="22.289018333333335" lon="113.94544666666667"><ele>4.6</ele><time>2025-11-01T08:09:06Z</time></trkpt><trkpt lat="22.289019999999997" lon="113.94541833333332"><ele>4.699999999999999</ele><time>2025-11-01T08:09:08Z</time></trkpt><trkpt lat="22.28902333333333" lon="113.94538833333333"><ele>5.0</ele><time>2025-11-01T08:09:10Z</time></trkpt><trkpt lat="22.28902333333333" lon="113.94536166666667"><ele>5.6</ele><time>2025-11-01T08:09:12Z</time></trkpt><trkpt lat="22.28902333333333" lon="113.94533833333335"><ele>6.5</ele><time>2025-11-01T08:09:15Z</time></trkpt><trkpt lat="22.289021666666667" lon="113.94531833333333"><ele>6.800000000000001</ele><time>2025-11-01T08:09:17Z</time></trkpt><trkpt lat="22.289030000000004" lon="113.94529166666668"><ele>7.4</ele><time>2025-11-01T08:09:20Z</time></trkpt><trkpt lat="22.289043333333332" lon="113.94527166666667"><ele>7.9</ele><time>2025-11-01T08:09:22Z</time></trkpt><trkpt lat="22.28903833333333" lon="113.94524166666666"><ele>8.3</ele><time>2025-11-01T08:09:24Z</time></trkpt><trkpt lat="22.289036666666668" lon="113.94521333333333"><ele>8.6</ele><time>2025-11-01T08:09:26Z</time></trkpt><trkpt lat="22.289048333333334" lon="113.94518833333335"><ele>8.6</ele><time>2025-11-01T08:09:28Z</time></trkpt><trkpt lat="22.289055" lon="113.94515833333335"><ele>8.8</ele><time>2025-11-01T08:09:30Z</time></trkpt><trkpt lat="22.289049999999996" lon="113.94513"><ele>8.6</ele><time>2025-11-01T08:09:32Z</time></trkpt><trkpt lat="22.289046666666664" lon="113.94510666666665"><ele>8.200000000000001</ele><time>2025-11-01T08:09:34Z</time></trkpt><trkpt lat="22.28905666666667" lon="113.94507999999999"><ele>8.200000000000001</ele><time>2025-11-01T08:09:36Z</time></trkpt><trkpt lat="22.289060000000003" lon="113.94505166666667"><ele>8.4</ele><time>2025-11-01T08:09:38Z</time></trkpt><trkpt lat="22.289063333333335" lon="113.94502499999999"><ele>7.9</ele><time>2025-11-01T08:09:40Z</time></trkpt><trkpt lat="22.289058333333333" lon="113.94499666666667"><ele>7.4</ele><time>2025-11-01T08:09:42Z</time></trkpt><trkpt lat="22.289045" lon="113.94498"><ele>6.700000000000001</ele><time>2025-11-01T08:09:44Z</time></trkpt><trkpt lat="22.289036666666668" lon="113.94495833333333"><ele>5.699999999999999</ele><time>2025-11-01T08:09:47Z</time></trkpt><trkpt lat="22.28904166666667" lon="113.94493666666668"><ele>4.699999999999999</ele><time>2025-11-01T08:09:49Z</time></trkpt><trkpt lat="22.28905333333333" lon="113.94491333333332"><ele>4.199999999999999</ele><time>2025-11-01T08:09:51Z</time></trkpt><trkpt lat="22.289060000000003" lon="113.94488666666666"><ele>3.4999999999999996</ele><time>2025-11-01T08:09:53Z</time></trkpt><trkpt lat="22.28908333333333" lon="113.944865"><ele>2.8000000000000003</ele><time>2025-11-01T08:09:55Z</time></trkpt><trkpt lat="22.289091666666664" lon="113.94484333333334"><ele>1.6999999999999997</ele><time>2025-11-01T08:09:57Z</time></trkpt><trkpt lat="22.28910166666667" lon="113.94482333333332"><ele>0.10000000000000009</ele><time>2025-11-01T08:09:59Z</time></trkpt><trkpt lat="22.289120000000004" lon="113.94480166666666"><ele>-1.3</ele><time>2025-11-01T08:10:01Z</time></trkpt><trkpt lat="22.289115" lon="113.94477333333334"><ele>-2.4</ele><time>2025-11-01T08:10:03Z</time></trkpt><trkpt lat="22.289111666666667" lon="113.94475333333334"><ele>-3.0</ele><time>2025-11-01T08:10:05Z</time></trkpt><trkpt lat="22.289106666666665" lon="113.94472833333333"><ele>-3.5</ele><time>2025-11-01T08:10:07Z</time></trkpt><trkpt lat="22.289111666666667" lon="113.94470166666666"><ele>-4.0</ele><time>2025-11-01T08:10:09Z</time></trkpt><trkpt lat="22.289126666666668" lon="113.944675"><ele>-4.2</ele><time>2025-11-01T08:10:11Z</time></trkpt><trkpt lat="22.28913166666667" lon="113.94464666666666"><ele>-4.800000000000001</ele><time>2025-11-01T08:10:13Z</time></trkpt><trkpt lat="22.289120000000004" lon="113.94462166666666"><ele>-5.1</ele><time>2025-11-01T08:10:15Z</time></trkpt><trkpt lat="22.289108333333335" lon="113.94459166666665"><ele>-4.9</ele><time>2025-11-01T08:10:17Z</time></trkpt><trkpt lat="22.28911666666667" lon="113.94456999999998"><ele>-4.4</ele><time>2025-11-01T08:10:19Z</time></trkpt><trkpt lat="22.289133333333332" lon="113.94455500000001"><ele>-4.0</ele><time>2025-11-01T08:10:21Z</time></trkpt><trkpt lat="22.289150000000003" lon="113.94453666666668"><ele>-3.6</ele><time>2025-11-01T08:10:23Z</time></trkpt><trkpt lat="22.289168333333336" lon="113.94452666666666"><ele>-3.2</ele><time>2025-11-01T08:10:25Z</time></trkpt><trkpt lat="22.28917666666667" lon="113.94450499999999"><ele>-1.9000000000000001</ele><time>2025-11-01T08:10:28Z</time></trkpt><trkpt lat="22.28916333333333" lon="113.94448499999999"><ele>-0.8</ele><time>2025-11-01T08:10:30Z</time></trkpt><trkpt lat="22.289145" lon="113.94446"><ele>-0.10000000000000009</ele><time>2025-11-01T08:10:32Z</time></trkpt><trkpt lat="22.28912833333333" lon="113.94444"><ele>0.3999999999999999</ele><time>2025-11-01T08:10:34Z</time></trkpt><trkpt lat="22.289125" lon="113.94440833333334"><ele>0.3999999999999999</ele><time>2025-11-01T08:10:37Z</time></trkpt><trkpt lat="22.289120000000004" lon="113.94438"><ele>0.6000000000000001</ele><time>2025-11-01T08:10:39Z</time></trkpt><trkpt lat="22.289120000000004" lon="113.94435666666668"><ele>0.7999999999999998</ele><time>2025-11-01T08:10:41Z</time></trkpt><trkpt lat="22.289133333333332" lon="113.94433166666667"><ele>3.1999999999999997</ele><time>2025-11-01T08:10:43Z</time></trkpt><trkpt lat="22.289136666666664" lon="113.94429999999998"><ele>4.1</ele><time>2025-11-01T08:10:45Z</time></trkpt><trkpt lat="22.289139999999996" lon="113.94427333333333"><ele>6.200000000000001</ele><time>2025-11-01T08:10:48Z</time></trkpt><trkpt lat="22.289153333333335" lon="113.94425000000001"><ele>8.6</ele><time>2025-11-01T08:10:51Z</time></trkpt><trkpt lat="22.289156666666667" lon="113.94422333333333"><ele>9.6</ele><time>2025-11-01T08:10:53Z</time></trkpt><trkpt lat="22.289154999999997" lon="113.94419833333335"><ele>10.0</ele><time>2025-11-01T08:10:55Z</time></trkpt><trkpt lat="22.28916" lon="113.94417666666668"><ele>9.9</ele><time>2025-11-01T08:10:57Z</time></trkpt><trkpt lat="22.28915833333333" lon="113.94415499999998"><ele>10.4</ele><time>2025-11-01T08:10:59Z</time></trkpt><trkpt lat="22.28916166666667" lon="113.944135"><ele>11.1</ele><time>2025-11-01T08:11:01Z</time></trkpt><trkpt lat="22.289156666666667" lon="113.94410500000001"><ele>10.9</ele><time>2025-11-01T08:11:03Z</time></trkpt><trkpt lat="22.289153333333335" lon="113.94407833333335"><ele>10.8</ele><time>2025-11-01T08:11:06Z</time></trkpt><trkpt lat="22.289138333333334" lon="113.94406"><ele>10.4</ele><time>2025-11-01T08:11:08Z</time></trkpt><trkpt lat="22.289123333333336" lon="113.94404000000002"><ele>9.1</ele><time>2025-11-01T08:11:10Z</time></trkpt><trkpt lat="22.289111666666667" lon="113.94402166666666"><ele>8.5</ele><time>2025-11-01T08:11:12Z</time></trkpt><trkpt lat="22.289108333333335" lon="113.94400166666668"><ele>7.5</ele><time>2025-11-01T08:11:14Z</time></trkpt><trkpt lat="22.289109999999997" lon="113.94397666666667"><ele>6.300000000000001</ele><time>2025-11-01T08:11:16Z</time></trkpt><trkpt lat="22.28911333333333" lon="113.94393999999998"><ele>5.199999999999999</ele><time>2025-11-01T08:11:18Z</time></trkpt><trkpt lat="22.289109999999997" lon="113.94391833333333"><ele>4.300000000000001</ele><time>2025-11-01T08:11:19Z</time></trkpt><trkpt lat="22.289105000000003" lon="113.94389666666666"><ele>2.9999999999999996</ele><time>2025-11-01T08:11:20Z</time></trkpt><trkpt lat="22.289094999999996" lon="113.94387"><ele>1.1</ele><time>2025-11-01T08:11:22Z</time></trkpt><trkpt lat="22.28909833333333" lon="113.94384999999998"><ele>-0.7000000000000002</ele><time>2025-11-01T08:11:24Z</time></trkpt><trkpt lat="22.28910166666667" lon="113.94383"><ele>-2.6</ele><time>2025-11-01T08:11:27Z</time></trkpt><trkpt lat="22.289105000000003" lon="113.94380500000001"><ele>-3.1</ele><time>2025-11-01T08:11:29Z</time></trkpt><trkpt lat="22.28911833333333" lon="113.94378"><ele>-4.2</ele><time>2025-11-01T08:11:31Z</time></trkpt><trkpt lat="22.289121666666666" lon="113.94375999999998"><ele>-5.0</ele><time>2025-11-01T08:11:33Z</time></trkpt><trkpt lat="22.28911333333333" lon="113.94373666666667"><ele>-6.0</ele><time>2025-11-01T08:11:35Z</time></trkpt><trkpt lat="22.289115" lon="113.94371333333332"><ele>-6.800000000000001</ele><time>2025-11-01T08:11:37Z</time></trkpt><trkpt lat="22.28912833333333" lon="113.943685"><ele>-7.4</ele><time>2025-11-01T08:11:39Z</time></trkpt><trkpt lat="22.28914333333333" lon="113.94366999999998"><ele>-7.5</ele><time>2025-11-01T08:11:40Z</time></trkpt><trkpt lat="22.28915833333333" lon="113.943655"><ele>-7.300000000000001</ele><time>2025-11-01T08:11:41Z</time></trkpt><trkpt lat="22.289183333333334" lon="113.94363166666666"><ele>-6.4</ele><time>2025-11-01T08:11:43Z</time></trkpt><trkpt lat="22.289196666666665" lon="113.94361666666667"><ele>-5.4</ele><time>2025-11-01T08:11:45Z</time></trkpt><trkpt lat="22.289210000000004" lon="113.94360166666665"><ele>-4.5</ele><time>2025-11-01T08:11:47Z</time></trkpt><trkpt lat="22.289225000000002" lon="113.94357"><ele>-4.2</ele><time>2025-11-01T08:11:49Z</time></trkpt><trkpt lat="22.289229999999996" lon="113.943545"><ele>-4.0</ele><time>2025-11-01T08:11:51Z</time></trkpt><trkpt lat="22.289243333333335" lon="113.94352333333333"><ele>-4.0</ele><time>2025-11-01T08:11:54Z</time></trkpt><trkpt lat="22.28925166666667" lon="113.94350166666666"><ele>-4.6</ele><time>2025-11-01T08:11:59Z</time></trkpt><trkpt lat="22.28926333333333" lon="113.943485"><ele>-5.5</ele><time>2025-11-01T08:12:01Z</time></trkpt><trkpt lat="22.289268333333332" lon="113.94346500000002"><ele>-6.6</ele><time>2025-11-01T08:12:03Z</time></trkpt><trkpt lat="22.28928" lon="113.94344500000001"><ele>-7.1</ele><time>2025-11-01T08:12:05Z</time></trkpt><trkpt lat="22.289288333333335" lon="113.94342166666665"><ele>-7.5</ele><time>2025-11-01T08:12:07Z</time></trkpt><trkpt lat="22.289289999999998" lon="113.94339999999998"><ele>-8.0</ele><time>2025-11-01T08:12:09Z</time></trkpt><trkpt lat="22.289285000000003" lon="113.94337166666668"><ele>-8.0</ele><time>2025-11-01T08:12:12Z</time></trkpt><trkpt lat="22.28928166666667" lon="113.94334500000001"><ele>-7.9</ele><time>2025-11-01T08:12:14Z</time></trkpt><trkpt lat="22.28928166666667" lon="113.94332000000001"><ele>-7.6</ele><time>2025-11-01T08:12:16Z</time></trkpt><trkpt lat="22.289278333333332" lon="113.9433"><ele>-7.199999999999999</ele><time>2025-11-01T08:12:18Z</time></trkpt><trkpt lat="22.28928" lon="113.94327333333334"><ele>-6.699999999999999</ele><time>2025-11-01T08:12:22Z</time></trkpt><trkpt lat="22.289271666666664" lon="113.94325333333333"><ele>-7.1</ele><time>2025-11-01T08:12:25Z</time></trkpt><trkpt lat="22.289265" lon="113.94322166666667"><ele>-7.300000000000001</ele><time>2025-11-01T08:12:28Z</time></trkpt><trkpt lat="22.289256666666667" lon="113.94319166666668"><ele>-7.300000000000001</ele><time>2025-11-01T08:12:30Z</time></trkpt><trkpt lat="22.28925333333333" lon="113.94317166666666"><ele>-7.4</ele><time>2025-11-01T08:12:32Z</time></trkpt><trkpt lat="22.289258333333336" lon="113.943145"><ele>-7.800000000000001</ele><time>2025-11-01T08:12:35Z</time></trkpt><trkpt lat="22.28926666666667" lon="113.94312"><ele>-7.699999999999999</ele><time>2025-11-01T08:12:38Z</time></trkpt><trkpt lat="22.289270000000002" lon="113.94309999999999"><ele>-7.5</ele><time>2025-11-01T08:12:40Z</time></trkpt><trkpt lat="22.289283333333334" lon="113.94308333333332"><ele>-7.300000000000001</ele><time>2025-11-01T08:12:42Z</time></trkpt><trkpt lat="22.28930666666667" lon="113.94306499999999"><ele>-7.300000000000001</ele><time>2025-11-01T08:12:44Z</time></trkpt><trkpt lat="22.289319999999996" lon="113.94305166666666"><ele>-7.0</ele><time>2025-11-01T08:12:45Z</time></trkpt><trkpt lat="22.28934333333333" lon="113.94303999999998"><ele>-6.5</ele><time>2025-11-01T08:12:46Z</time></trkpt><trkpt lat="22.289363333333334" lon="113.94303666666669"><ele>-5.800000000000001</ele><time>2025-11-01T08:12:47Z</time></trkpt><trkpt lat="22.289395" lon="113.94304166666667"><ele>-4.4</ele><time>2025-11-01T08:12:49Z</time></trkpt><trkpt lat="22.289424999999998" lon="113.943055"><ele>-3.0</ele><time>2025-11-01T08:12:51Z</time></trkpt><trkpt lat="22.289451666666665" lon="113.94307166666667"><ele>-1.6</ele><time>2025-11-01T08:12:53Z</time></trkpt><trkpt lat="22.289475" lon="113.94308666666666"><ele>-0.30000000000000004</ele><time>2025-11-01T08:12:55Z</time></trkpt><trkpt lat="22.289495000000002" lon="113.94308166666666"><ele>1.4</ele><time>2025-11-01T08:12:57Z</time></trkpt><trkpt lat="22.289476666666662" lon="113.94308333333332"><ele>5.6</ele><time>2025-11-01T08:13:06Z</time></trkpt><trkpt lat="22.28947333333333" lon="113.94305666666666"><ele>5.5</ele><time>2025-11-01T08:13:09Z</time></trkpt><trkpt lat="22.289483333333337" lon="113.94303166666666"><ele>5.1</ele><time>2025-11-01T08:13:11Z</time></trkpt><trkpt lat="22.289505000000002" lon="113.943005"><ele>4.5</ele><time>2025-11-01T08:13:13Z</time></trkpt><trkpt lat="22.28952" lon="113.94297166666665"><ele>4.5</ele><time>2025-11-01T08:13:15Z</time></trkpt><trkpt lat="22.289528333333337" lon="113.94293833333334"><ele>4.9</ele><time>2025-11-01T08:13:17Z</time></trkpt><trkpt lat="22.289528333333337" lon="113.94291833333334"><ele>4.9</ele><time>2025-11-01T08:13:18Z</time></trkpt><trkpt lat="22.289526666666667" lon="113.94288666666668"><ele>5.0</ele><time>2025-11-01T08:13:20Z</time></trkpt><trkpt lat="22.28952333333333" lon="113.94285333333333"><ele>5.0</ele><time>2025-11-01T08:13:22Z</time></trkpt><trkpt lat="22.289528333333337" lon="113.94283333333333"><ele>5.199999999999999</ele><time>2025-11-01T08:13:23Z</time></trkpt><trkpt lat="22.289536666666663" lon="113.94281000000001"><ele>5.1</ele><time>2025-11-01T08:13:24Z</time></trkpt><trkpt lat="22.28954666666667" lon="113.94277833333332"><ele>5.300000000000001</ele><time>2025-11-01T08:13:26Z</time></trkpt><trkpt lat="22.28956333333333" lon="113.94276833333333"><ele>5.699999999999999</ele><time>2025-11-01T08:13:28Z</time></trkpt><trkpt lat="22.289561666666668" lon="113.94274833333333"><ele>6.9</ele><time>2025-11-01T08:13:32Z</time></trkpt><trkpt lat="22.28954666666667" lon="113.94273333333334"><ele>7.0</ele><time>2025-11-01T08:13:34Z</time></trkpt><trkpt lat="22.28953166666667" lon="113.942715"><ele>6.800000000000001</ele><time>2025-11-01T08:13:36Z</time></trkpt><trkpt lat="22.289514999999998" lon="113.94270166666665"><ele>6.6</ele><time>2025-11-01T08:13:38Z</time></trkpt><trkpt lat="22.289495000000002" lon="113.94267666666669"><ele>6.300000000000001</ele><time>2025-11-01T08:13:40Z</time></trkpt><trkpt lat="22.289476666666662" lon="113.94265333333333"><ele>5.9</ele><time>2025-11-01T08:13:42Z</time></trkpt><trkpt lat="22.289466666666666" lon="113.94262833333332"><ele>4.9</ele><time>2025-11-01T08:13:44Z</time></trkpt><trkpt lat="22.28945666666667" lon="113.94260833333334"><ele>3.9</ele><time>2025-11-01T08:13:46Z</time></trkpt><trkpt lat="22.28944166666667" lon="113.94258999999998"><ele>2.9999999999999996</ele><time>2025-11-01T08:13:48Z</time></trkpt><trkpt lat="22.289445" lon="113.94256166666668"><ele>2.4999999999999996</ele><time>2025-11-01T08:13:51Z</time></trkpt><trkpt lat="22.289454999999997" lon="113.94254333333335"><ele>2.4</ele><time>2025-11-01T08:13:53Z</time></trkpt><trkpt lat="22.289475" lon="113.942515"><ele>2.4</ele><time>2025-11-01T08:13:55Z</time></trkpt><trkpt lat="22.289485" lon="113.94249833333333"><ele>2.3000000000000003</ele><time>2025-11-01T08:13:56Z</time></trkpt><trkpt lat="22.289498333333334" lon="113.94247333333333"><ele>2.1999999999999997</ele><time>2025-11-01T08:13:58Z</time></trkpt><trkpt lat="22.289516666666668" lon="113.94245666666666"><ele>1.6999999999999997</ele><time>2025-11-01T08:14:00Z</time></trkpt><trkpt lat="22.28953" lon="113.94243999999999"><ele>0.6999999999999997</ele><time>2025-11-01T08:14:02Z</time></trkpt><trkpt lat="22.289543333333334" lon="113.942425"><ele>0.5</ele><time>2025-11-01T08:14:04Z</time></trkpt><trkpt lat="22.289558333333336" lon="113.942405"><ele>0.19999999999999973</ele><time>2025-11-01T08:14:07Z</time></trkpt><trkpt lat="22.289566666666662" lon="113.94237833333334"><ele>0.19999999999999973</ele><time>2025-11-01T08:14:10Z</time></trkpt><trkpt lat="22.289573333333337" lon="113.94234999999999"><ele>0.0</ele><time>2025-11-01T08:14:12Z</time></trkpt><trkpt lat="22.289581666666663" lon="113.94232333333333"><ele>-0.10000000000000009</ele><time>2025-11-01T08:14:14Z</time></trkpt><trkpt lat="22.289586666666665" lon="113.94230333333334"><ele>-0.40000000000000013</ele><time>2025-11-01T08:14:16Z</time></trkpt><trkpt lat="22.28959166666667" lon="113.94227333333335"><ele>-0.40000000000000013</ele><time>2025-11-01T08:14:18Z</time></trkpt><trkpt lat="22.289588333333334" lon="113.94224833333334"><ele>-0.10000000000000009</ele><time>2025-11-01T08:14:20Z</time></trkpt><trkpt lat="22.289575" lon="113.94222999999998"><ele>0.6000000000000001</ele><time>2025-11-01T08:14:22Z</time></trkpt><trkpt lat="22.289558333333336" lon="113.94221166666667"><ele>0.7999999999999998</ele><time>2025-11-01T08:14:24Z</time></trkpt><trkpt lat="22.289550000000002" lon="113.94219333333334"><ele>0.8999999999999999</ele><time>2025-11-01T08:14:27Z</time></trkpt><trkpt lat="22.28954666666667" lon="113.94216833333333"><ele>1.2999999999999998</ele><time>2025-11-01T08:14:30Z</time></trkpt><trkpt lat="22.289555000000004" lon="113.94214166666667"><ele>1.1</ele><time>2025-11-01T08:14:32Z</time></trkpt><trkpt lat="22.28956833333333" lon="113.94212333333334"><ele>0.6000000000000001</ele><time>2025-11-01T08:14:34Z</time></trkpt><trkpt lat="22.289573333333337" lon="113.9421"><ele>-0.30000000000000004</ele><time>2025-11-01T08:14:37Z</time></trkpt></trkseg></trk></gpx>