<?xml version='1.0' encoding='UTF-8' ?><gpx version="1.1" creator="HikingTrailHK" xsi:schemaLocation="http://www.topografix.com/GPX/1/1 http://www.topografix.com/GPX/1/1/gpx.xsd" xmlns="http://www.topografix.com/GPX/1/1" xmlns:xsi="http://www.w3.org/2001/XMLSchema-instance"><metadata><name>我的轨迹 @ 2024-01-06 12:52:10</name><desc></desc></metadata><trk><trkseg><trkpt lat="22.311124526023402" lon="114.18163716499822"><ele>104.25374394003302</ele><time>2024-01-06T04:52:10Z</time></trkpt><trkpt lat="22.311122239089986" lon="114.18161552926337"><ele>100.45631016790867</ele><time>2024-01-06T04:52:12Z</time></trkpt><trkpt lat="22.311132906053505" lon="114.1816486325701"><ele>97.59327149298042</ele><time>2024-01-06T04:52:24Z</time></trkpt><trkpt lat="22.31112962314776" lon="114.18168221588898"><ele>90.13006438637515</ele><time>2024-01-06T04:52:28Z</time></trkpt><trkpt lat="22.311119119275656" lon="114.18166294315115"><ele>86.78612970797978</ele><time>2024-01-06T04:52:32Z</time></trkpt><trkpt lat="22.311142617491786" lon="114.18165485262628"><ele>77.6819079085888</ele><time>2024-01-06T04:52:42Z</time></trkpt><trkpt lat="22.311158267200195" lon="114.18167049683996"><ele>77.66403890068358</ele><time>2024-01-06T04:52:44Z</time></trkpt><trkpt lat="22.31119188269493" lon="114.1816748705419"><ele>76.9319107302825</ele><time>2024-01-06T04:52:48Z</time></trkpt><trkpt lat="22.311212114829093" lon="114.1816679794113"><ele>77.04309932362617</ele><time>2024-01-06T04:52:50Z</time></trkpt><trkpt lat="22.311237559439878" lon="114.18164937457537"><ele>77.17816851052788</ele><time>2024-01-06T04:52:52Z</time></trkpt><trkpt lat="22.311260215382344" lon="114.18162905618209"><ele>77.25223323458809</ele><time>2024-01-06T04:52:54Z</time></trkpt><trkpt lat="22.311282345980793" lon="114.18161310105165"><ele>77.31472570707652</ele><time>2024-01-06T04:52:56Z</time></trkpt><trkpt lat="22.311303715117877" lon="114.18160320360387"><ele>76.73789576232501</ele><time>2024-01-06T04:52:58Z</time></trkpt><trkpt lat="22.311330469435777" lon="114.18160308055316"><ele>76.4589999240232</ele><time>2024-01-06T04:53:00Z</time></trkpt><trkpt lat="22.31135534965576" lon="114.18160862472938"><ele>75.42068153203432</ele><time>2024-01-06T04:53:02Z</time></trkpt><trkpt lat="22.311374852897075" lon="114.18160854926883"><ele>75.03326889927997</ele><time>2024-01-06T04:53:04Z</time></trkpt><trkpt lat="22.311392542269886" lon="114.18160119343413"><ele>74.51366849002218</ele><time>2024-01-06T04:53:06Z</time></trkpt><trkpt lat="22.31140966160774" lon="114.18160920664175"><ele>74.0128156634902</ele><time>2024-01-06T04:53:08Z</time></trkpt><trkpt lat="22.311431783224194" lon="114.18160577422861"><ele>73.74318817355605</ele><time>2024-01-06T04:53:10Z</time></trkpt><trkpt lat="22.311454118889916" lon="114.18158963885118"><ele>73.172535052895</ele><time>2024-01-06T04:53:12Z</time></trkpt><trkpt lat="22.311465564636467" lon="114.18156350473252"><ele>72.3554692084166</ele><time>2024-01-06T04:53:14Z</time></trkpt><trkpt lat="22.311481029210753" lon="114.18154953134132"><ele>71.83470390903486</ele><time>2024-01-06T04:53:16Z</time></trkpt><trkpt lat="22.31151241475376" lon="114.18152561635647"><ele>70.92403467345152</ele><time>2024-01-06T04:53:20Z</time></trkpt><trkpt lat="22.311530789088277" lon="114.18151127959071"><ele>71.33461644158255</ele><time>2024-01-06T04:53:22Z</time></trkpt><trkpt lat="22.311552524683506" lon="114.18150279155806"><ele>71.60391589768726</ele><time>2024-01-06T04:53:24Z</time></trkpt><trkpt lat="22.311573969192352" lon="114.1814926053047"><ele>71.89482362814658</ele><time>2024-01-06T04:53:26Z</time></trkpt><trkpt lat="22.311597226271424" lon="114.18148405722025"><ele>72.01701891556941</ele><time>2024-01-06T04:53:28Z</time></trkpt><trkpt lat="22.311626329613837" lon="114.181481468193"><ele>72.38784485353332</ele><time>2024-01-06T04:53:30Z</time></trkpt><trkpt lat="22.311659561511984" lon="114.18148007833456"><ele>71.42948116264546</ele><time>2024-01-06T04:53:32Z</time></trkpt><trkpt lat="22.311693937810983" lon="114.1814774047836"><ele>70.71952804644576</ele><time>2024-01-06T04:53:34Z</time></trkpt><trkpt lat="22.31172340891798" lon="114.18147785100315"><ele>69.67905733973821</ele><time>2024-01-06T04:53:36Z</time></trkpt><trkpt lat="22.3117459537088" lon="114.18147733468055"><ele>69.53375843367589</ele><time>2024-01-06T04:53:38Z</time></trkpt><trkpt lat="22.311769706292306" lon="114.18147723080666"><ele>69.94902291487976</ele><time>2024-01-06T04:53:40Z</time></trkpt><trkpt lat="22.311791589204475" lon="114.18147576353941"><ele>70.53908044831329</ele><time>2024-01-06T04:53:42Z</time></trkpt><trkpt lat="22.31181002090164" lon="114.18147482721717"><ele>71.36617448044377</ele><time>2024-01-06T04:53:44Z</time></trkpt><trkpt lat="22.31183745079625" lon="114.18147962340733"><ele>71.67595867892149</ele><time>2024-01-06T04:53:48Z</time></trkpt><trkpt lat="22.311854628662257" lon="114.18148746565423"><ele>71.50952274668636</ele><time>2024-01-06T04:53:50Z</time></trkpt><trkpt lat="22.311875535752588" lon="114.18148876152942"><ele>71.10140986951082</ele><time>2024-01-06T04:53:52Z</time></trkpt><trkpt lat="22.311896700628576" lon="114.18149040183678"><ele>70.48422857389833</ele><time>2024-01-06T04:53:54Z</time></trkpt><trkpt lat="22.311927368391103" lon="114.18149179394874"><ele>69.48541852835568</ele><time>2024-01-06T04:53:58Z</time></trkpt><trkpt lat="22.311947738282083" lon="114.18148699180163"><ele>69.05704874282725</ele><time>2024-01-06T04:54:00Z</time></trkpt><trkpt lat="22.311978030279565" lon="114.18148296013337"><ele>68.90860356754088</ele><time>2024-01-06T04:54:02Z</time></trkpt><trkpt lat="22.312010609442563" lon="114.18148089250744"><ele>69.01049522338475</ele><time>2024-01-06T04:54:04Z</time></trkpt><trkpt lat="22.312044794924986" lon="114.18148284581068"><ele>68.8934029089299</ele><time>2024-01-06T04:54:06Z</time></trkpt><trkpt lat="22.31208374902029" lon="114.18148737116016"><ele>68.90873402663253</ele><time>2024-01-06T04:54:08Z</time></trkpt><trkpt lat="22.3121161095605" lon="114.18149268744256"><ele>68.9184058898182</ele><time>2024-01-06T04:54:10Z</time></trkpt><trkpt lat="22.312142974818222" lon="114.18149824768045"><ele>68.37075031374467</ele><time>2024-01-06T04:54:12Z</time></trkpt><trkpt lat="22.31217182369314" lon="114.18150100368392"><ele>67.54511773954255</ele><time>2024-01-06T04:54:16Z</time></trkpt><trkpt lat="22.31220123853082" lon="114.18150796458548"><ele>67.70309011919286</ele><time>2024-01-06T04:54:20Z</time></trkpt><trkpt lat="22.31222699576657" lon="114.18152635523228"><ele>67.29933216340619</ele><time>2024-01-06T04:54:24Z</time></trkpt><trkpt lat="22.31224835550743" lon="114.18153436962577"><ele>67.05473370603863</ele><time>2024-01-06T04:54:26Z</time></trkpt><trkpt lat="22.31228798831634" lon="114.18152993454194"><ele>65.12958895187622</ele><time>2024-01-06T04:54:30Z</time></trkpt><trkpt lat="22.312313742072785" lon="114.18153473320135"><ele>64.51702257749403</ele><time>2024-01-06T04:54:32Z</time></trkpt><trkpt lat="22.31234247612483" lon="114.18154154717485"><ele>63.812497747577865</ele><time>2024-01-06T04:54:34Z</time></trkpt><trkpt lat="22.312374738292036" lon="114.18154740197538"><ele>63.512301936656364</ele><time>2024-01-06T04:54:36Z</time></trkpt><trkpt lat="22.312398778166045" lon="114.18155563983944"><ele>63.05529278663877</ele><time>2024-01-06T04:54:38Z</time></trkpt><trkpt lat="22.312418660248763" lon="114.18156126875155"><ele>62.87823077481453</ele><time>2024-01-06T04:54:40Z</time></trkpt><trkpt lat="22.31243787363388" lon="114.1815665580006"><ele>62.641090416982486</ele><time>2024-01-06T04:54:42Z</time></trkpt><trkpt lat="22.312459002585502" lon="114.18157376115055"><ele>63.06501831956578</ele><time>2024-01-06T04:54:44Z</time></trkpt><trkpt lat="22.312480394552733" lon="114.18158457120084"><ele>63.19094482322767</ele><time>2024-01-06T04:54:46Z</time></trkpt><trkpt lat="22.312505346081913" lon="114.18160637413459"><ele>63.06408225014729</ele><time>2024-01-06T04:54:48Z</time></trkpt><trkpt lat="22.312533501318182" lon="114.18162882063983"><ele>62.30367158563605</ele><time>2024-01-06T04:54:50Z</time></trkpt><trkpt lat="22.312564539321222" lon="114.18164496469053"><ele>62.48447177224321</ele><time>2024-01-06T04:54:52Z</time></trkpt><trkpt lat="22.312600996039404" lon="114.18167041387372"><ele>62.67414605522001</ele><time>2024-01-06T04:54:54Z</time></trkpt><trkpt lat="22.31262771964602" lon="114.1816909995365"><ele>63.69997929769952</ele><time>2024-01-06T04:54:56Z</time></trkpt><trkpt lat="22.31265252465059" lon="114.1817030698292"><ele>64.35740300225491</ele><time>2024-01-06T04:54:58Z</time></trkpt><trkpt lat="22.312676212893166" lon="114.18170960178819"><ele>64.68605087273254</ele><time>2024-01-06T04:55:00Z</time></trkpt><trkpt lat="22.312701330770675" lon="114.1817007458986"><ele>65.57491054578705</ele><time>2024-01-06T04:55:04Z</time></trkpt><trkpt lat="22.312729154614495" lon="114.18168121334811"><ele>66.89694135736556</ele><time>2024-01-06T04:55:06Z</time></trkpt><trkpt lat="22.312753451518812" lon="114.18166853159245"><ele>67.92718316547818</ele><time>2024-01-06T04:55:08Z</time></trkpt><trkpt lat="22.31278696793555" lon="114.18165363132469"><ele>69.26009924915856</ele><time>2024-01-06T04:55:10Z</time></trkpt><trkpt lat="22.31282344729534" lon="114.18163153232513"><ele>69.97963158174072</ele><time>2024-01-06T04:55:12Z</time></trkpt><trkpt lat="22.312845748113055" lon="114.1816160706436"><ele>70.04398724085553</ele><time>2024-01-06T04:55:14Z</time></trkpt><trkpt lat="22.312866147924375" lon="114.18160708598153"><ele>70.22086374496314</ele><time>2024-01-06T04:55:16Z</time></trkpt><trkpt lat="22.312884566866888" lon="114.18160817227489"><ele>69.74209065031548</ele><time>2024-01-06T04:55:20Z</time></trkpt><trkpt lat="22.31290547600665" lon="114.18162339339442"><ele>69.2587985536559</ele><time>2024-01-06T04:55:24Z</time></trkpt><trkpt lat="22.31293198898071" lon="114.18164897032784"><ele>69.01101887622832</ele><time>2024-01-06T04:55:28Z</time></trkpt><trkpt lat="22.312958052935866" lon="114.18165585046908"><ele>68.55913512615416</ele><time>2024-01-06T04:55:30Z</time></trkpt><trkpt lat="22.312986932666483" lon="114.18166654937967"><ele>68.347959694823</ele><time>2024-01-06T04:55:32Z</time></trkpt><trkpt lat="22.313017193370992" lon="114.18167654948279"><ele>68.51051129674994</ele><time>2024-01-06T04:55:34Z</time></trkpt><trkpt lat="22.31305408604905" lon="114.18168275051384"><ele>68.21211465409874</ele><time>2024-01-06T04:55:36Z</time></trkpt><trkpt lat="22.31308701215412" lon="114.18169278588464"><ele>67.96006300766409</ele><time>2024-01-06T04:55:38Z</time></trkpt><trkpt lat="22.313101156094266" lon="114.18171358848396"><ele>67.94967945899738</ele><time>2024-01-06T04:55:40Z</time></trkpt><trkpt lat="22.313117379072" lon="114.1817404822906"><ele>68.10491379785311</ele><time>2024-01-06T04:55:42Z</time></trkpt><trkpt lat="22.3131329335606" lon="114.18175578979547"><ele>67.82657408099328</ele><time>2024-01-06T04:55:44Z</time></trkpt><trkpt lat="22.313151784794616" lon="114.18177866731915"><ele>67.23449051605826</ele><time>2024-01-06T04:55:50Z</time></trkpt><trkpt lat="22.313166506962585" lon="114.1818073905739"><ele>66.30223326897934</ele><time>2024-01-06T04:55:52Z</time></trkpt><trkpt lat="22.313176812174046" lon="114.18182651390968"><ele>65.84257483286584</ele><time>2024-01-06T04:55:54Z</time></trkpt><trkpt lat="22.31319593931906" lon="114.1818528402647"><ele>65.60032245401206</ele><time>2024-01-06T04:55:56Z</time></trkpt><trkpt lat="22.31323756123128" lon="114.18191192956716"><ele>65.24468644356367</ele><time>2024-01-06T04:55:58Z</time></trkpt><trkpt lat="22.313235065466973" lon="114.18193196041047"><ele>69.24190130144797</ele><time>2024-01-06T04:56:02Z</time></trkpt><trkpt lat="22.31321238514204" lon="114.18195668653244"><ele>69.96795690164966</ele><time>2024-01-06T04:56:04Z</time></trkpt><trkpt lat="22.31322628870257" lon="114.18197565178129"><ele>70.34351473058862</ele><time>2024-01-06T04:56:06Z</time></trkpt><trkpt lat="22.31323645950177" lon="114.18199340319664"><ele>70.91659595448158</ele><time>2024-01-06T04:56:08Z</time></trkpt><trkpt lat="22.313243044240497" lon="114.18201984923445"><ele>70.91879271874078</ele><time>2024-01-06T04:56:10Z</time></trkpt><trkpt lat="22.31325064764116" lon="114.182047280332"><ele>70.02356551390665</ele><time>2024-01-06T04:56:12Z</time></trkpt><trkpt lat="22.313255793976264" lon="114.1820724935916"><ele>70.65765804546038</ele><time>2024-01-06T04:56:14Z</time></trkpt><trkpt lat="22.31326580680715" lon="114.18209927288883"><ele>70.48164633858228</ele><time>2024-01-06T04:56:18Z</time></trkpt><trkpt lat="22.313276779373" lon="114.1821180393961"><ele>70.48271065991861</ele><time>2024-01-06T04:56:20Z</time></trkpt><trkpt lat="22.313294455004396" lon="114.18214750785883"><ele>69.37945430937789</ele><time>2024-01-06T04:56:22Z</time></trkpt><trkpt lat="22.31331425005971" lon="114.18217960364443"><ele>68.10371192881824</ele><time>2024-01-06T04:56:24Z</time></trkpt><trkpt lat="22.313343770498598" lon="114.18220414848618"><ele>66.41741404804282</ele><time>2024-01-06T04:56:26Z</time></trkpt><trkpt lat="22.31336434175895" lon="114.1822276991399"><ele>65.138400070196</ele><time>2024-01-06T04:56:28Z</time></trkpt><trkpt lat="22.31337688180707" lon="114.1822423809736"><ele>64.48313351791735</ele><time>2024-01-06T04:56:30Z</time></trkpt><trkpt lat="22.313409715631675" lon="114.18227251581436"><ele>63.82123464067011</ele><time>2024-01-06T04:56:34Z</time></trkpt><trkpt lat="22.313428254083277" lon="114.18228250711798"><ele>63.687561496225634</ele><time>2024-01-06T04:56:36Z</time></trkpt><trkpt lat="22.313446566494004" lon="114.18229072395351"><ele>63.01181961727283</ele><time>2024-01-06T04:56:38Z</time></trkpt><trkpt lat="22.313469230658566" lon="114.18232866509952"><ele>62.75942371885333</ele><time>2024-01-06T04:56:42Z</time></trkpt><trkpt lat="22.31349264433904" lon="114.1823419701573"><ele>62.06225943821523</ele><time>2024-01-06T04:56:44Z</time></trkpt><trkpt lat="22.31352282220238" lon="114.18236570156984"><ele>61.14480566271794</ele><time>2024-01-06T04:56:46Z</time></trkpt><trkpt lat="22.313561369102356" lon="114.18237255885953"><ele>60.2671536767758</ele><time>2024-01-06T04:56:48Z</time></trkpt><trkpt lat="22.313580208600918" lon="114.18240002439131"><ele>60.257180478724315</ele><time>2024-01-06T04:56:50Z</time></trkpt><trkpt lat="22.313598227953065" lon="114.18243059339493"><ele>59.57432233902745</ele><time>2024-01-06T04:56:54Z</time></trkpt><trkpt lat="22.313616621612578" lon="114.1824508024848"><ele>59.64935418502549</ele><time>2024-01-06T04:56:56Z</time></trkpt><trkpt lat="22.31364405096891" lon="114.18247698389553"><ele>60.429399808386265</ele><time>2024-01-06T04:57:00Z</time></trkpt><trkpt lat="22.31366411478415" lon="114.18249777725785"><ele>59.89519382889437</ele><time>2024-01-06T04:57:02Z</time></trkpt><trkpt lat="22.313672840259905" lon="114.18251560512667"><ele>59.33709154738617</ele><time>2024-01-06T04:57:04Z</time></trkpt><trkpt lat="22.313697218886965" lon="114.18254165034227"><ele>58.87506701710239</ele><time>2024-01-06T04:57:08Z</time></trkpt><trkpt lat="22.31371929976454" lon="114.18256340522261"><ele>59.25487905748512</ele><time>2024-01-06T04:57:12Z</time></trkpt><trkpt lat="22.313742729508377" lon="114.1825792450168"><ele>58.7675263754457</ele><time>2024-01-06T04:57:18Z</time></trkpt><trkpt lat="22.31377373384271" lon="114.18260491610597"><ele>59.026052057580294</ele><time>2024-01-06T04:57:22Z</time></trkpt><trkpt lat="22.313800375936392" lon="114.18262054928503"><ele>59.30038968867078</ele><time>2024-01-06T04:57:24Z</time></trkpt><trkpt lat="22.3138247675869" lon="114.18264384268183"><ele>59.35097512421857</ele><time>2024-01-06T04:57:26Z</time></trkpt><trkpt lat="22.31385422443698" lon="114.18266869498751"><ele>60.41459400330485</ele><time>2024-01-06T04:57:28Z</time></trkpt><trkpt lat="22.31387526422887" lon="114.18268570243782"><ele>61.466712813787964</ele><time>2024-01-06T04:57:30Z</time></trkpt><trkpt lat="22.31390390391004" lon="114.1827058473063"><ele>62.24174347554307</ele><time>2024-01-06T04:57:32Z</time></trkpt><trkpt lat="22.313925577992272" lon="114.182733360828"><ele>63.242026621586504</ele><time>2024-01-06T04:57:34Z</time></trkpt><trkpt lat="22.313937892461812" lon="114.18275803483967"><ele>63.80684904277566</ele><time>2024-01-06T04:57:36Z</time></trkpt><trkpt lat="22.313945925871867" lon="114.182781591287"><ele>63.99137686905331</ele><time>2024-01-06T04:57:38Z</time></trkpt><trkpt lat="22.313958235467624" lon="114.18281040571189"><ele>64.36825586799509</ele><time>2024-01-06T04:57:40Z</time></trkpt><trkpt lat="22.31396776187273" lon="114.18283969005604"><ele>64.35865174188058</ele><time>2024-01-06T04:57:42Z</time></trkpt><trkpt lat="22.31396742487517" lon="114.18287156689075"><ele>64.47068307204962</ele><time>2024-01-06T04:57:44Z</time></trkpt><trkpt lat="22.313961526294122" lon="114.18289173648458"><ele>64.39971541114495</ele><time>2024-01-06T04:57:46Z</time></trkpt><trkpt lat="22.31396719759174" lon="114.18291951968175"><ele>63.96522593313539</ele><time>2024-01-06T04:57:48Z</time></trkpt><trkpt lat="22.313976312341087" lon="114.18295658844492"><ele>62.83632492706785</ele><time>2024-01-06T04:57:50Z</time></trkpt><trkpt lat="22.313968589855136" lon="114.18299770953516"><ele>62.10012397564442</ele><time>2024-01-06T04:57:54Z</time></trkpt><trkpt lat="22.313976757611723" lon="114.18302165630884"><ele>61.37534309555738</ele><time>2024-01-06T04:57:56Z</time></trkpt><trkpt lat="22.313970353072925" lon="114.18304008035273"><ele>60.53954195938012</ele><time>2024-01-06T04:58:00Z</time></trkpt><trkpt lat="22.313987968591206" lon="114.18306431671022"><ele>60.11250055837529</ele><time>2024-01-06T04:58:04Z</time></trkpt><trkpt lat="22.314000444402435" lon="114.18308018543736"><ele>60.81764768449353</ele><time>2024-01-06T04:58:06Z</time></trkpt><trkpt lat="22.314013089602618" lon="114.18309528694206"><ele>60.713114603213185</ele><time>2024-01-06T04:58:08Z</time></trkpt><trkpt lat="22.314027699187964" lon="114.18311492469985"><ele>60.69321578780307</ele><time>2024-01-06T04:58:12Z</time></trkpt><trkpt lat="22.314031797376636" lon="114.18313496918515"><ele>59.2800093133452</ele><time>2024-01-06T04:58:18Z</time></trkpt><trkpt lat="22.3140389200968" lon="114.1831582129246"><ele>59.371912909988346</ele><time>2024-01-06T04:58:20Z</time></trkpt><trkpt lat="22.31404693056366" lon="114.1831857190819"><ele>59.85021571155291</ele><time>2024-01-06T04:58:22Z</time></trkpt><trkpt lat="22.314065796410112" lon="114.18320893184017"><ele>60.16342501834961</ele><time>2024-01-06T04:58:24Z</time></trkpt><trkpt lat="22.314088891650044" lon="114.18323424611698"><ele>60.36630646394612</ele><time>2024-01-06T04:58:26Z</time></trkpt><trkpt lat="22.31410238841175" lon="114.18325764039159"><ele>60.55533981651152</ele><time>2024-01-06T04:58:28Z</time></trkpt><trkpt lat="22.31411160000568" lon="114.18327809340215"><ele>60.00206064588512</ele><time>2024-01-06T04:58:30Z</time></trkpt><trkpt lat="22.314111976285762" lon="114.18329985058672"><ele>60.02471840735709</ele><time>2024-01-06T04:58:32Z</time></trkpt><trkpt lat="22.314106471804834" lon="114.18332522452452"><ele>60.382493530601494</ele><time>2024-01-06T04:58:34Z</time></trkpt><trkpt lat="22.31410420655891" lon="114.18335322940062"><ele>60.654990310053634</ele><time>2024-01-06T04:58:36Z</time></trkpt><trkpt lat="22.314106639639824" lon="114.18338584055788"><ele>60.864636966221155</ele><time>2024-01-06T04:58:38Z</time></trkpt><trkpt lat="22.31411268806931" lon="114.18341467364971"><ele>61.86553768855792</ele><time>2024-01-06T04:58:40Z</time></trkpt><trkpt lat="22.314117871770026" lon="114.18343787221467"><ele>62.56486264359456</ele><time>2024-01-06T04:58:42Z</time></trkpt><trkpt lat="22.314115793748552" lon="114.18346018108319"><ele>62.86448968009978</ele><time>2024-01-06T04:58:44Z</time></trkpt><trkpt lat="22.31411846800241" lon="114.1834813795632"><ele>62.75929937130614</ele><time>2024-01-06T04:58:46Z</time></trkpt><trkpt lat="22.31413090008957" lon="114.18350370483496"><ele>62.81231530865938</ele><time>2024-01-06T04:58:48Z</time></trkpt><trkpt lat="22.314143006490628" lon="114.18352590102124"><ele>62.24674557472799</ele><time>2024-01-06T04:58:50Z</time></trkpt><trkpt lat="22.314152651000967" lon="114.183545652931"><ele>62.157199275154056</ele><time>2024-01-06T04:58:52Z</time></trkpt><trkpt lat="22.314158704293646" lon="114.18356872422045"><ele>62.15804942627116</ele><time>2024-01-06T04:58:54Z</time></trkpt><trkpt lat="22.314144248291424" lon="114.18358997580033"><ele>62.363999942389476</ele><time>2024-01-06T04:58:56Z</time></trkpt><trkpt lat="22.314108543194813" lon="114.18360651149722"><ele>63.112454276672665</ele><time>2024-01-06T04:58:58Z</time></trkpt><trkpt lat="22.31407403583822" lon="114.18362561447516"><ele>64.04130759355958</ele><time>2024-01-06T04:59:00Z</time></trkpt><trkpt lat="22.314041959027918" lon="114.18364754927228"><ele>64.26897096502994</ele><time>2024-01-06T04:59:02Z</time></trkpt><trkpt lat="22.31401851557279" lon="114.1836672746647"><ele>64.29252835518542</ele><time>2024-01-06T04:59:04Z</time></trkpt><trkpt lat="22.314012827184193" lon="114.1836916706776"><ele>64.32386273849194</ele><time>2024-01-06T04:59:06Z</time></trkpt><trkpt lat="22.31401953036898" lon="114.18372577466538"><ele>64.73358482280236</ele><time>2024-01-06T04:59:08Z</time></trkpt><trkpt lat="22.314031131403258" lon="114.1837586969967"><ele>65.00186373965846</ele><time>2024-01-06T04:59:10Z</time></trkpt><trkpt lat="22.31404106165017" lon="114.18379114966807"><ele>65.4499497163974</ele><time>2024-01-06T04:59:12Z</time></trkpt><trkpt lat="22.314057323421473" lon="114.18382106963737"><ele>65.03576819466082</ele><time>2024-01-06T04:59:14Z</time></trkpt><trkpt lat="22.314074595070927" lon="114.18384183721028"><ele>63.96307577734229</ele><time>2024-01-06T04:59:16Z</time></trkpt><trkpt lat="22.314093431421032" lon="114.18386399284616"><ele>62.95639068911177</ele><time>2024-01-06T04:59:18Z</time></trkpt><trkpt lat="22.314111762913384" lon="114.18388472480397"><ele>62.230471837856875</ele><time>2024-01-06T04:59:20Z</time></trkpt><trkpt lat="22.314124164178818" lon="114.18390723128826"><ele>61.49566497642584</ele><time>2024-01-06T04:59:22Z</time></trkpt><trkpt lat="22.314137896462416" lon="114.1839274487229"><ele>61.12394413651001</ele><time>2024-01-06T04:59:24Z</time></trkpt><trkpt lat="22.314154640316094" lon="114.18394048396198"><ele>61.061667503951945</ele><time>2024-01-06T04:59:26Z</time></trkpt><trkpt lat="22.31417550210637" lon="114.18395376403467"><ele>61.445027761018174</ele><time>2024-01-06T04:59:28Z</time></trkpt><trkpt lat="22.314194930091098" lon="114.18397143988939"><ele>61.73189233199464</ele><time>2024-01-06T04:59:30Z</time></trkpt><trkpt lat="22.31419914325979" lon="114.18399545732322"><ele>61.97292133664523</ele><time>2024-01-06T04:59:32Z</time></trkpt><trkpt lat="22.314203902510673" lon="114.1840164912548"><ele>62.12236264022155</ele><time>2024-01-06T04:59:34Z</time></trkpt><trkpt lat="22.314216860772266" lon="114.18403554512018"><ele>62.517582466274476</ele><time>2024-01-06T04:59:36Z</time></trkpt><trkpt lat="22.31423075576118" lon="114.18406048440738"><ele>62.87112344456855</ele><time>2024-01-06T04:59:38Z</time></trkpt><trkpt lat="22.314245181179665" lon="114.18408658573134"><ele>63.35117744670882</ele><time>2024-01-06T04:59:40Z</time></trkpt><trkpt lat="22.314270256405052" lon="114.18411708942891"><ele>63.775387110860194</ele><time>2024-01-06T04:59:42Z</time></trkpt><trkpt lat="22.314297432667924" lon="114.18414249338706"><ele>64.00136965273744</ele><time>2024-01-06T04:59:44Z</time></trkpt><trkpt lat="22.314314846442986" lon="114.18416217099956"><ele>64.58596436597989</ele><time>2024-01-06T04:59:46Z</time></trkpt><trkpt lat="22.314327595711603" lon="114.18418019303338"><ele>65.24662766774765</ele><time>2024-01-06T04:59:48Z</time></trkpt><trkpt lat="22.314329153467458" lon="114.18420767377901"><ele>66.20293880323307</ele><time>2024-01-06T04:59:52Z</time></trkpt><trkpt lat="22.314337547672565" lon="114.18423119168388"><ele>66.97646243294464</ele><time>2024-01-06T04:59:56Z</time></trkpt><trkpt lat="22.314349073811886" lon="114.18424928184024"><ele>68.08587857776872</ele><time>2024-01-06T05:00:00Z</time></trkpt><trkpt lat="22.31437223235232" lon="114.18426567642548"><ele>68.45401981003455</ele><time>2024-01-06T05:00:04Z</time></trkpt><trkpt lat="22.314390311177664" lon="114.1842823634357"><ele>68.42381449173354</ele><time>2024-01-06T05:00:06Z</time></trkpt><trkpt lat="22.314404378803513" lon="114.18429524769368"><ele>68.2493440623988</ele><time>2024-01-06T05:00:08Z</time></trkpt><trkpt lat="22.31442528973329" lon="114.184314279681"><ele>68.29311967372925</ele><time>2024-01-06T05:00:10Z</time></trkpt><trkpt lat="22.314441456740106" lon="114.18434475854896"><ele>68.40173458295813</ele><time>2024-01-06T05:00:12Z</time></trkpt><trkpt lat="22.314445558025014" lon="114.18437248231106"><ele>68.55905756275385</ele><time>2024-01-06T05:00:14Z</time></trkpt><trkpt lat="22.31443113741015" lon="114.18441160149551"><ele>68.72360146256952</ele><time>2024-01-06T05:00:18Z</time></trkpt><trkpt lat="22.314413391305436" lon="114.184422972456"><ele>68.70424214056814</ele><time>2024-01-06T05:00:20Z</time></trkpt><trkpt lat="22.314392675716384" lon="114.18442729942352"><ele>68.1503037592777</ele><time>2024-01-06T05:00:22Z</time></trkpt><trkpt lat="22.31437239428996" lon="114.18443044890712"><ele>67.78234701027118</ele><time>2024-01-06T05:00:24Z</time></trkpt><trkpt lat="22.314353075714873" lon="114.18443173378304"><ele>67.1868930825811</ele><time>2024-01-06T05:00:26Z</time></trkpt><trkpt lat="22.314328525330982" lon="114.18443391979106"><ele>66.74004101232127</ele><time>2024-01-06T05:00:28Z</time></trkpt><trkpt lat="22.314306580307274" lon="114.18443708928027"><ele>66.7436530750775</ele><time>2024-01-06T05:00:30Z</time></trkpt><trkpt lat="22.31427977524163" lon="114.18444094766895"><ele>66.48616249403938</ele><time>2024-01-06T05:00:32Z</time></trkpt><trkpt lat="22.31424908264101" lon="114.1844467751303"><ele>66.54423242443364</ele><time>2024-01-06T05:00:34Z</time></trkpt><trkpt lat="22.314225068127858" lon="114.18445232524282"><ele>67.06988396320786</ele><time>2024-01-06T05:00:36Z</time></trkpt><trkpt lat="22.314203330267237" lon="114.18445902024818"><ele>67.30591509609603</ele><time>2024-01-06T05:00:38Z</time></trkpt><trkpt lat="22.314186446755663" lon="114.18446804601878"><ele>68.0000377219167</ele><time>2024-01-06T05:00:40Z</time></trkpt><trkpt lat="22.3141698584987" lon="114.18449350099927"><ele>68.52348889566309</ele><time>2024-01-06T05:00:42Z</time></trkpt><trkpt lat="22.314158551148036" lon="114.1845224150582"><ele>68.43042230590521</ele><time>2024-01-06T05:00:44Z</time></trkpt><trkpt lat="22.31415137955426" lon="114.18454851254437"><ele>68.25154570286537</ele><time>2024-01-06T05:00:46Z</time></trkpt><trkpt lat="22.314139823896163" lon="114.18456758335319"><ele>68.17714742254105</ele><time>2024-01-06T05:00:48Z</time></trkpt><trkpt lat="22.314121643404523" lon="114.18458189926965"><ele>68.56012608388149</ele><time>2024-01-06T05:00:50Z</time></trkpt><trkpt lat="22.31409618626658" lon="114.18459342414592"><ele>69.03139080696847</ele><time>2024-01-06T05:00:52Z</time></trkpt><trkpt lat="22.314081642144707" lon="114.18460950004203"><ele>69.67503702669654</ele><time>2024-01-06T05:00:54Z</time></trkpt><trkpt lat="22.31408059475421" lon="114.18463153910523"><ele>70.41187452439262</ele><time>2024-01-06T05:00:56Z</time></trkpt><trkpt lat="22.314106061894396" lon="114.18464300752977"><ele>71.45487832800399</ele><time>2024-01-06T05:01:00Z</time></trkpt><trkpt lat="22.314143226617027" lon="114.18463087125666"><ele>72.24544126182424</ele><time>2024-01-06T05:01:04Z</time></trkpt><trkpt lat="22.314162232911418" lon="114.18462753194001"><ele>72.60798211811709</ele><time>2024-01-06T05:01:06Z</time></trkpt><trkpt lat="22.31418758329641" lon="114.18462316746937"><ele>72.83262195065473</ele><time>2024-01-06T05:01:08Z</time></trkpt><trkpt lat="22.31420870838264" lon="114.18462283429758"><ele>73.1599917382531</ele><time>2024-01-06T05:01:10Z</time></trkpt><trkpt lat="22.31423087743406" lon="114.18462011317655"><ele>73.18650443559903</ele><time>2024-01-06T05:01:12Z</time></trkpt><trkpt lat="22.314251026104955" lon="114.18461549831261"><ele>73.12525368721879</ele><time>2024-01-06T05:01:14Z</time></trkpt><trkpt lat="22.314272526109587" lon="114.1846125687439"><ele>73.04036122552694</ele><time>2024-01-06T05:01:16Z</time></trkpt><trkpt lat="22.314295867486308" lon="114.18460995410297"><ele>73.16620091622013</ele><time>2024-01-06T05:01:18Z</time></trkpt><trkpt lat="22.314326238473075" lon="114.18460627030946"><ele>73.20757869800974</ele><time>2024-01-06T05:01:20Z</time></trkpt><trkpt lat="22.31435234094265" lon="114.18460457295066"><ele>73.13237707790131</ele><time>2024-01-06T05:01:22Z</time></trkpt><trkpt lat="22.314385709182947" lon="114.18459841156927"><ele>73.07160071079706</ele><time>2024-01-06T05:01:26Z</time></trkpt><trkpt lat="22.314418183479322" lon="114.1845938757136"><ele>72.77987486508714</ele><time>2024-01-06T05:01:30Z</time></trkpt><trkpt lat="22.314440554600214" lon="114.18459059603784"><ele>72.49066996739334</ele><time>2024-01-06T05:01:32Z</time></trkpt><trkpt lat="22.31447094840374" lon="114.18458673707843"><ele>73.03156821058599</ele><time>2024-01-06T05:01:36Z</time></trkpt><trkpt lat="22.31449666266538" lon="114.18458382458708"><ele>73.10198293101017</ele><time>2024-01-06T05:01:54Z</time></trkpt><trkpt lat="22.314515875180298" lon="114.18457564315418"><ele>73.12491391768296</ele><time>2024-01-06T05:01:56Z</time></trkpt><trkpt lat="22.314546496326617" lon="114.18455917760531"><ele>74.14442142660768</ele><time>2024-01-06T05:02:00Z</time></trkpt><trkpt lat="22.314580614260052" lon="114.18454975780072"><ele>74.44676766995747</ele><time>2024-01-06T05:02:04Z</time></trkpt><trkpt lat="22.314616760922256" lon="114.18455286308237"><ele>74.98604519268507</ele><time>2024-01-06T05:02:08Z</time></trkpt><trkpt lat="22.314651085524225" lon="114.18456329622653"><ele>75.02678614792515</ele><time>2024-01-06T05:02:12Z</time></trkpt><trkpt lat="22.314668381492737" lon="114.18456988189917"><ele>77.34142289335308</ele><time>2024-01-06T05:02:18Z</time></trkpt><trkpt lat="22.314691785760125" lon="114.18457357450016"><ele>77.9555991978436</ele><time>2024-01-06T05:02:26Z</time></trkpt><trkpt lat="22.31471469130511" lon="114.18458115960621"><ele>77.93558991367384</ele><time>2024-01-06T05:02:28Z</time></trkpt><trkpt lat="22.31474297862194" lon="114.18457857256405"><ele>77.84737204365716</ele><time>2024-01-06T05:02:30Z</time></trkpt><trkpt lat="22.31476646356045" lon="114.1845765883913"><ele>78.00137227345921</ele><time>2024-01-06T05:02:32Z</time></trkpt><trkpt lat="22.31479243169749" lon="114.18459594317567"><ele>79.01184212844764</ele><time>2024-01-06T05:02:36Z</time></trkpt><trkpt lat="22.31481033564884" lon="114.18460202209808"><ele>79.43945789106075</ele><time>2024-01-06T05:02:38Z</time></trkpt><trkpt lat="22.31482601984658" lon="114.18461519958908"><ele>80.3943910765496</ele><time>2024-01-06T05:02:40Z</time></trkpt><trkpt lat="22.314860930426807" lon="114.18462926147859"><ele>81.25338492202954</ele><time>2024-01-06T05:02:44Z</time></trkpt><trkpt lat="22.314885192942512" lon="114.18463011277095"><ele>81.86610782392836</ele><time>2024-01-06T05:02:46Z</time></trkpt><trkpt lat="22.314907303039" lon="114.18463506480678"><ele>82.04384536697111</ele><time>2024-01-06T05:02:48Z</time></trkpt><trkpt lat="22.314935618952926" lon="114.18465143369372"><ele>81.27664954287177</ele><time>2024-01-06T05:02:52Z</time></trkpt><trkpt lat="22.314956627246083" lon="114.18464811604605"><ele>81.00352327333181</ele><time>2024-01-06T05:03:06Z</time></trkpt><trkpt lat="22.314982401589138" lon="114.18464826932815"><ele>81.64163866016618</ele><time>2024-01-06T05:03:08Z</time></trkpt><trkpt lat="22.31500156265936" lon="114.18464449080253"><ele>81.82657523112302</ele><time>2024-01-06T05:03:10Z</time></trkpt><trkpt lat="22.315035321892623" lon="114.1846375600201"><ele>82.64072620681142</ele><time>2024-01-06T05:03:14Z</time></trkpt><trkpt lat="22.31505220679085" lon="114.18462888546941"><ele>83.29827129950718</ele><time>2024-01-06T05:03:16Z</time></trkpt><trkpt lat="22.31506801433647" lon="114.18461654898952"><ele>83.68752635614268</ele><time>2024-01-06T05:03:18Z</time></trkpt><trkpt lat="22.315088083232922" lon="114.18459801315747"><ele>84.39856293841619</ele><time>2024-01-06T05:03:26Z</time></trkpt><trkpt lat="22.31510207980136" lon="114.18458176461073"><ele>86.3247049032171</ele><time>2024-01-06T05:03:34Z</time></trkpt><trkpt lat="22.31511386559887" lon="114.1845661438107"><ele>87.13364305197064</ele><time>2024-01-06T05:03:38Z</time></trkpt><trkpt lat="22.315143391199427" lon="114.18456453467259"><ele>88.38636745807537</ele><time>2024-01-06T05:03:42Z</time></trkpt><trkpt lat="22.315169133853058" lon="114.18455115204858"><ele>90.22708324321376</ele><time>2024-01-06T05:03:48Z</time></trkpt><trkpt lat="22.315189279193202" lon="114.18452149131308"><ele>91.96962118506251</ele><time>2024-01-06T05:03:58Z</time></trkpt><trkpt lat="22.315211495828514" lon="114.18451167070124"><ele>92.3225930298046</ele><time>2024-01-06T05:04:00Z</time></trkpt><trkpt lat="22.315231730572087" lon="114.18451620706827"><ele>94.54478387526878</ele><time>2024-01-06T05:04:08Z</time></trkpt><trkpt lat="22.31526600190353" lon="114.18450296174902"><ele>95.83524552500944</ele><time>2024-01-06T05:04:12Z</time></trkpt><trkpt lat="22.315290929425323" lon="114.18450862275043"><ele>96.29779531748099</ele><time>2024-01-06T05:04:14Z</time></trkpt><trkpt lat="22.315309753789823" lon="114.18452349116731"><ele>97.30436352706282</ele><time>2024-01-06T05:04:20Z</time></trkpt><trkpt lat="22.315333999436888" lon="114.18452946899833"><ele>97.62746689017479</ele><time>2024-01-06T05:04:22Z</time></trkpt><trkpt lat="22.315360605056917" lon="114.18453006073347"><ele>97.70684528939066</ele><time>2024-01-06T05:04:24Z</time></trkpt><trkpt lat="22.315379318351678" lon="114.18452147533034"><ele>97.57291371626054</ele><time>2024-01-06T05:04:26Z</time></trkpt><trkpt lat="22.315398672792135" lon="114.18451295885058"><ele>98.36188548678139</ele><time>2024-01-06T05:04:28Z</time></trkpt><trkpt lat="22.315413632625045" lon="114.1845009308938"><ele>98.82831925629257</ele><time>2024-01-06T05:04:30Z</time></trkpt><trkpt lat="22.315439708168263" lon="114.18447150911645"><ele>99.25281430571748</ele><time>2024-01-06T05:04:34Z</time></trkpt><trkpt lat="22.315455016003703" lon="114.18445292310415"><ele>99.64392701122206</ele><time>2024-01-06T05:04:36Z</time></trkpt><trkpt lat="22.31546648968671" lon="114.1844345681489"><ele>99.77630368539603</ele><time>2024-01-06T05:04:38Z</time></trkpt><trkpt lat="22.315480842028734" lon="114.18442088882813"><ele>100.01260545958186</ele><time>2024-01-06T05:04:40Z</time></trkpt><trkpt lat="22.315497247685713" lon="114.1844069190438"><ele>99.97970099564647</ele><time>2024-01-06T05:04:44Z</time></trkpt><trkpt lat="22.31552434734932" lon="114.18440460494342"><ele>101.5789958704832</ele><time>2024-01-06T05:04:52Z</time></trkpt><trkpt lat="22.315545649004612" lon="114.18440244180499"><ele>102.13349980320928</ele><time>2024-01-06T05:04:54Z</time></trkpt><trkpt lat="22.315564575404366" lon="114.18439615603074"><ele>102.77206629312599</ele><time>2024-01-06T05:04:56Z</time></trkpt><trkpt lat="22.315588501552455" lon="114.1843894586275"><ele>103.70376752970269</ele><time>2024-01-06T05:05:00Z</time></trkpt><trkpt lat="22.315608707499266" lon="114.18438095182184"><ele>103.85347975939978</ele><time>2024-01-06T05:05:02Z</time></trkpt><trkpt lat="22.315628898860087" lon="114.18436401144797"><ele>104.68069986715435</ele><time>2024-01-06T05:05:06Z</time></trkpt><trkpt lat="22.315647668199787" lon="114.18434660511984"><ele>105.12101949824286</ele><time>2024-01-06T05:05:08Z</time></trkpt><trkpt lat="22.315654465443693" lon="114.18431955570632"><ele>105.82242412096758</ele><time>2024-01-06T05:05:10Z</time></trkpt><trkpt lat="22.315656480802062" lon="114.1842949442404"><ele>106.64595636206367</ele><time>2024-01-06T05:05:12Z</time></trkpt><trkpt lat="22.31565837097273" lon="114.18427265929864"><ele>106.70748396055538</ele><time>2024-01-06T05:05:14Z</time></trkpt><trkpt lat="22.315663927026524" lon="114.1842523951684"><ele>106.73087010233749</ele><time>2024-01-06T05:05:16Z</time></trkpt><trkpt lat="22.315668818006756" lon="114.18422902755349"><ele>106.86723894361371</ele><time>2024-01-06T05:05:22Z</time></trkpt><trkpt lat="22.315667571404337" lon="114.18419724245784"><ele>108.74872906563547</ele><time>2024-01-06T05:05:30Z</time></trkpt><trkpt lat="22.315671652025998" lon="114.18417483792366"><ele>110.36219552346651</ele><time>2024-01-06T05:05:54Z</time></trkpt><trkpt lat="22.31567134237581" lon="114.18414931536144"><ele>110.35816288049723</ele><time>2024-01-06T05:05:56Z</time></trkpt><trkpt lat="22.315679439757208" lon="114.18412820493327"><ele>110.48849903484914</ele><time>2024-01-06T05:05:58Z</time></trkpt><trkpt lat="22.315692497397038" lon="114.18408380063543"><ele>110.21994255315985</ele><time>2024-01-06T05:06:02Z</time></trkpt><trkpt lat="22.31570199057766" lon="114.1840608204271"><ele>110.02628462245829</ele><time>2024-01-06T05:06:04Z</time></trkpt><trkpt lat="22.31571683772846" lon="114.1840495264985"><ele>109.99639369283335</ele><time>2024-01-06T05:06:06Z</time></trkpt><trkpt lat="22.31572350982338" lon="114.18402932277544"><ele>109.68664620566445</ele><time>2024-01-06T05:06:08Z</time></trkpt><trkpt lat="22.31573142477694" lon="114.18400591313129"><ele>109.39820928742134</ele><time>2024-01-06T05:06:10Z</time></trkpt><trkpt lat="22.31574114085015" lon="114.1839821600493"><ele>109.09824324816954</ele><time>2024-01-06T05:06:12Z</time></trkpt><trkpt lat="22.315747908803164" lon="114.18396169303745"><ele>109.0752264320014</ele><time>2024-01-06T05:06:14Z</time></trkpt><trkpt lat="22.315754964361503" lon="114.18392207512713"><ele>109.66120386428348</ele><time>2024-01-06T05:06:18Z</time></trkpt><trkpt lat="22.315755114441142" lon="114.18389605027532"><ele>109.70601649030125</ele><time>2024-01-06T05:06:20Z</time></trkpt><trkpt lat="22.31576070043216" lon="114.1838731532611"><ele>109.71169414574202</ele><time>2024-01-06T05:06:22Z</time></trkpt><trkpt lat="22.315776615407316" lon="114.18385354450828"><ele>109.56370535813178</ele><time>2024-01-06T05:06:26Z</time></trkpt><trkpt lat="22.315788391382622" lon="114.1838278274692"><ele>110.39088044407272</ele><time>2024-01-06T05:06:30Z</time></trkpt><trkpt lat="22.315808418475438" lon="114.183823276639"><ele>110.51516480730406</ele><time>2024-01-06T05:06:32Z</time></trkpt><trkpt lat="22.315835642541803" lon="114.18382152898651"><ele>110.10896046082925</ele><time>2024-01-06T05:06:34Z</time></trkpt><trkpt lat="22.315855127951185" lon="114.18381956514139"><ele>109.80478397942849</ele><time>2024-01-06T05:06:36Z</time></trkpt><trkpt lat="22.315877806193065" lon="114.18381000938285"><ele>109.30849749724918</ele><time>2024-01-06T05:06:38Z</time></trkpt><trkpt lat="22.315895558615967" lon="114.1837958180198"><ele>108.98382392927215</ele><time>2024-01-06T05:06:40Z</time></trkpt><trkpt lat="22.315916465331174" lon="114.18379441774327"><ele>108.95221453309946</ele><time>2024-01-06T05:06:42Z</time></trkpt><trkpt lat="22.315950856089295" lon="114.18380053736969"><ele>109.25874704253958</ele><time>2024-01-06T05:06:46Z</time></trkpt><trkpt lat="22.315973200109493" lon="114.18380082898244"><ele>109.15591789955293</ele><time>2024-01-06T05:06:50Z</time></trkpt><trkpt lat="22.315991963997984" lon="114.18380129970927"><ele>109.54089441296186</ele><time>2024-01-06T05:06:54Z</time></trkpt><trkpt lat="22.316024035545922" lon="114.18380461140329"><ele>108.70503464809377</ele><time>2024-01-06T05:06:58Z</time></trkpt><trkpt lat="22.316055230974783" lon="114.18381844522557"><ele>107.57229497723114</ele><time>2024-01-06T05:07:02Z</time></trkpt><trkpt lat="22.3160739442329" lon="114.18382715991963"><ele>107.54889653068773</ele><time>2024-01-06T05:07:04Z</time></trkpt><trkpt lat="22.316087650264677" lon="114.18384029545838"><ele>107.05732693564778</ele><time>2024-01-06T05:07:06Z</time></trkpt><trkpt lat="22.31609865407933" lon="114.18385750310708"><ele>106.91424314310107</ele><time>2024-01-06T05:07:08Z</time></trkpt><trkpt lat="22.316108512494637" lon="114.18387824323445"><ele>107.33643974744069</ele><time>2024-01-06T05:07:10Z</time></trkpt><trkpt lat="22.316127704117726" lon="114.18391249643814"><ele>107.4660659058826</ele><time>2024-01-06T05:07:14Z</time></trkpt><trkpt lat="22.316145752708756" lon="114.18392318319916"><ele>107.63129242864976</ele><time>2024-01-06T05:07:16Z</time></trkpt><trkpt lat="22.31616570577861" lon="114.18392464394478"><ele>107.90044754684126</ele><time>2024-01-06T05:07:18Z</time></trkpt><trkpt lat="22.316185677527617" lon="114.18392609701328"><ele>107.93595052456192</ele><time>2024-01-06T05:07:20Z</time></trkpt><trkpt lat="22.31621292008497" lon="114.1839356306426"><ele>109.20502382964015</ele><time>2024-01-06T05:07:24Z</time></trkpt><trkpt lat="22.31623026859054" lon="114.18395341255868"><ele>109.05076898235671</ele><time>2024-01-06T05:07:30Z</time></trkpt><trkpt lat="22.316248322841897" lon="114.18395823789382"><ele>109.2471994374496</ele><time>2024-01-06T05:07:32Z</time></trkpt><trkpt lat="22.316286263290937" lon="114.18396324460998"><ele>109.1280369988975</ele><time>2024-01-06T05:07:34Z</time></trkpt><trkpt lat="22.316309762239847" lon="114.18396276956328"><ele>108.80512786152346</ele><time>2024-01-06T05:07:36Z</time></trkpt><trkpt lat="22.316334922065113" lon="114.18396475085598"><ele>108.2537662213712</ele><time>2024-01-06T05:07:38Z</time></trkpt><trkpt lat="22.316356259786037" lon="114.18396787806199"><ele>108.23542067788401</ele><time>2024-01-06T05:07:40Z</time></trkpt><trkpt lat="22.316374474170086" lon="114.18397112350381"><ele>108.0239693688947</ele><time>2024-01-06T05:07:42Z</time></trkpt><trkpt lat="22.316394444671214" lon="114.18396928913565"><ele>107.79500167277801</ele><time>2024-01-06T05:07:44Z</time></trkpt><trkpt lat="22.316416474939146" lon="114.18396957105375"><ele>107.62441640537871</ele><time>2024-01-06T05:07:46Z</time></trkpt><trkpt lat="22.31643755817281" lon="114.18397773557766"><ele>107.4943157870397</ele><time>2024-01-06T05:07:48Z</time></trkpt><trkpt lat="22.31645825748579" lon="114.18398261322784"><ele>107.63436184674384</ele><time>2024-01-06T05:07:50Z</time></trkpt><trkpt lat="22.31647866112644" lon="114.18398400023466"><ele>108.20433290207095</ele><time>2024-01-06T05:07:52Z</time></trkpt><trkpt lat="22.31650707066566" lon="114.18399288801236"><ele>108.8049987087459</ele><time>2024-01-06T05:07:56Z</time></trkpt><trkpt lat="22.31653062153922" lon="114.18400314205621"><ele>109.1755466359865</ele><time>2024-01-06T05:07:58Z</time></trkpt><trkpt lat="22.31655456986133" lon="114.18400915176835"><ele>109.14339702969643</ele><time>2024-01-06T05:08:00Z</time></trkpt><trkpt lat="22.316580465031166" lon="114.18401619254617"><ele>109.2571231318073</ele><time>2024-01-06T05:08:02Z</time></trkpt><trkpt lat="22.316608603342758" lon="114.18402352957706"><ele>109.74646114118575</ele><time>2024-01-06T05:08:04Z</time></trkpt><trkpt lat="22.316636382776828" lon="114.18403420381692"><ele>109.5794541180805</ele><time>2024-01-06T05:08:06Z</time></trkpt><trkpt lat="22.316653651256527" lon="114.18405421317821"><ele>109.04769712676453</ele><time>2024-01-06T05:08:08Z</time></trkpt><trkpt lat="22.31665600344045" lon="114.18409376767781"><ele>108.23252245964972</ele><time>2024-01-06T05:08:12Z</time></trkpt><trkpt lat="22.31665690584483" lon="114.18411984412631"><ele>107.9375238058685</ele><time>2024-01-06T05:08:14Z</time></trkpt><trkpt lat="22.316656485618648" lon="114.18414537348652"><ele>108.0167501254621</ele><time>2024-01-06T05:08:16Z</time></trkpt><trkpt lat="22.31665678760892" lon="114.18417584707086"><ele>107.92288186148696</ele><time>2024-01-06T05:08:18Z</time></trkpt><trkpt lat="22.316657139385033" lon="114.18420971824695"><ele>107.68483848642875</ele><time>2024-01-06T05:08:20Z</time></trkpt><trkpt lat="22.31664935872325" lon="114.18424348565165"><ele>107.67653352450735</ele><time>2024-01-06T05:08:22Z</time></trkpt><trkpt lat="22.316640628460462" lon="114.18427731214315"><ele>107.86554293539439</ele><time>2024-01-06T05:08:24Z</time></trkpt><trkpt lat="22.316633004211326" lon="114.18430834765189"><ele>108.0843412109329</ele><time>2024-01-06T05:08:26Z</time></trkpt><trkpt lat="22.3166252718611" lon="114.18433528075266"><ele>108.35995564173973</ele><time>2024-01-06T05:08:28Z</time></trkpt><trkpt lat="22.316619638241125" lon="114.1843615088929"><ele>108.44046090253244</ele><time>2024-01-06T05:08:30Z</time></trkpt><trkpt lat="22.316614921070016" lon="114.18438625170938"><ele>108.3606932073714</ele><time>2024-01-06T05:08:32Z</time></trkpt><trkpt lat="22.316608370477592" lon="114.18440994119584"><ele>108.57800507413938</ele><time>2024-01-06T05:08:34Z</time></trkpt><trkpt lat="22.316599987450754" lon="114.18443034618005"><ele>108.74760967101973</ele><time>2024-01-06T05:08:36Z</time></trkpt><trkpt lat="22.31659613782782" lon="114.18445818973974"><ele>108.90243751067683</ele><time>2024-01-06T05:08:38Z</time></trkpt><trkpt lat="22.3165913642842" lon="114.18448417577302"><ele>109.43452030490732</ele><time>2024-01-06T05:08:40Z</time></trkpt><trkpt lat="22.31658455319024" lon="114.18451094464046"><ele>109.83742913471166</ele><time>2024-01-06T05:08:42Z</time></trkpt><trkpt lat="22.31657691168088" lon="114.18453713529512"><ele>109.90774074166274</ele><time>2024-01-06T05:08:44Z</time></trkpt><trkpt lat="22.316567645810625" lon="114.18455920323002"><ele>110.16643865767202</ele><time>2024-01-06T05:08:46Z</time></trkpt><trkpt lat="22.31655991959291" lon="114.1845788897793"><ele>110.26725527383363</ele><time>2024-01-06T05:08:48Z</time></trkpt><trkpt lat="22.316552342837895" lon="114.18459672583685"><ele>110.42412577278958</ele><time>2024-01-06T05:08:50Z</time></trkpt><trkpt lat="22.316520494544918" lon="114.18460810451711"><ele>110.67409443405747</ele><time>2024-01-06T05:08:54Z</time></trkpt><trkpt lat="22.316496985314306" lon="114.18459515281363"><ele>110.79596511012164</ele><time>2024-01-06T05:08:56Z</time></trkpt><trkpt lat="22.316476859896646" lon="114.18458497841372"><ele>111.00480631645799</ele><time>2024-01-06T05:08:58Z</time></trkpt><trkpt lat="22.316454192476684" lon="114.18458491894873"><ele>111.22389144167039</ele><time>2024-01-06T05:09:00Z</time></trkpt><trkpt lat="22.316428443679815" lon="114.18458112486798"><ele>111.02650223648625</ele><time>2024-01-06T05:09:02Z</time></trkpt><trkpt lat="22.31640348831847" lon="114.18457565159416"><ele>110.9692502171362</ele><time>2024-01-06T05:09:04Z</time></trkpt><trkpt lat="22.316383077792562" lon="114.18456900296067"><ele>111.1700516573452</ele><time>2024-01-06T05:09:06Z</time></trkpt><trkpt lat="22.31634881191756" lon="114.18456250884036"><ele>111.16590215890847</ele><time>2024-01-06T05:09:10Z</time></trkpt><trkpt lat="22.316331094019322" lon="114.18455592842098"><ele>111.03162114080985</ele><time>2024-01-06T05:09:12Z</time></trkpt><trkpt lat="22.31630987339167" lon="114.18454635609255"><ele>110.81245659384271</ele><time>2024-01-06T05:09:14Z</time></trkpt><trkpt lat="22.316291015570233" lon="114.1845376521068"><ele>110.88151529806362</ele><time>2024-01-06T05:09:16Z</time></trkpt><trkpt lat="22.316252497081827" lon="114.18452097723983"><ele>111.12013470623299</ele><time>2024-01-06T05:09:20Z</time></trkpt><trkpt lat="22.31622938407152" lon="114.18451372669581"><ele>111.23294962399207</ele><time>2024-01-06T05:09:22Z</time></trkpt><trkpt lat="22.31620846141753" lon="114.18451228879985"><ele>111.3423839922964</ele><time>2024-01-06T05:09:24Z</time></trkpt><trkpt lat="22.316186377017814" lon="114.18451129102826"><ele>111.19216610990917</ele><time>2024-01-06T05:09:26Z</time></trkpt><trkpt lat="22.316166320814386" lon="114.18450748230408"><ele>111.09834546143482</ele><time>2024-01-06T05:09:28Z</time></trkpt><trkpt lat="22.31614635330316" lon="114.18450216588796"><ele>110.98868145201891</ele><time>2024-01-06T05:09:30Z</time></trkpt><trkpt lat="22.31612653627953" lon="114.18450047379287"><ele>111.21972049520733</ele><time>2024-01-06T05:09:32Z</time></trkpt><trkpt lat="22.316106617699983" lon="114.18450948746896"><ele>111.67870640848602</ele><time>2024-01-06T05:09:36Z</time></trkpt><trkpt lat="22.31612058372703" lon="114.18448123475827"><ele>111.29937374405202</ele><time>2024-01-06T05:10:00Z</time></trkpt><trkpt lat="22.316145324868003" lon="114.1844724494584"><ele>111.16387601304733</ele><time>2024-01-06T05:10:02Z</time></trkpt><trkpt lat="22.31618293725912" lon="114.18447228361742"><ele>110.86666150568996</ele><time>2024-01-06T05:10:04Z</time></trkpt><trkpt lat="22.316211628442616" lon="114.1844830669555"><ele>110.2427929134379</ele><time>2024-01-06T05:10:06Z</time></trkpt><trkpt lat="22.3162401248597" lon="114.18449711991305"><ele>110.40749117848874</ele><time>2024-01-06T05:10:08Z</time></trkpt><trkpt lat="22.316269492285446" lon="114.1845124919063"><ele>110.69884754563198</ele><time>2024-01-06T05:10:10Z</time></trkpt><trkpt lat="22.316289292746976" lon="114.1845221597467"><ele>110.88197650347047</ele><time>2024-01-06T05:10:12Z</time></trkpt><trkpt lat="22.31630818782083" lon="114.18452822463601"><ele>111.59323118042931</ele><time>2024-01-06T05:10:14Z</time></trkpt><trkpt lat="22.31633141921802" lon="114.18453548837945"><ele>112.42720194675788</ele><time>2024-01-06T05:10:16Z</time></trkpt><trkpt lat="22.316352890084023" lon="114.18454112438312"><ele>112.80691660128043</ele><time>2024-01-06T05:10:18Z</time></trkpt><trkpt lat="22.316372293239798" lon="114.18454590242214"><ele>113.1617388749037</ele><time>2024-01-06T05:10:20Z</time></trkpt><trkpt lat="22.316392381746386" lon="114.18454612597671"><ele>113.5241917443063</ele><time>2024-01-06T05:10:22Z</time></trkpt><trkpt lat="22.316417645567554" lon="114.18454836297428"><ele>113.94541549374784</ele><time>2024-01-06T05:10:24Z</time></trkpt><trkpt lat="22.316435866028126" lon="114.1845537066649"><ele>114.06919228357427</ele><time>2024-01-06T05:10:26Z</time></trkpt><trkpt lat="22.31645959586479" lon="114.18455493820186"><ele>113.88877875334892</ele><time>2024-01-06T05:10:30Z</time></trkpt><trkpt lat="22.31647065032841" lon="114.18458030986187"><ele>113.6336589352874</ele><time>2024-01-06T05:10:38Z</time></trkpt><trkpt lat="22.31646045079694" lon="114.1846055634824"><ele>113.29665550529137</ele><time>2024-01-06T05:10:50Z</time></trkpt><trkpt lat="22.316479001170535" lon="114.18459233161003"><ele>111.66392510563033</ele><time>2024-01-06T05:11:04Z</time></trkpt><trkpt lat="22.316504786560692" lon="114.18458595108957"><ele>111.32400470825286</ele><time>2024-01-06T05:11:06Z</time></trkpt><trkpt lat="22.316523500160912" lon="114.18458000890129"><ele>111.03393569661374</ele><time>2024-01-06T05:11:08Z</time></trkpt><trkpt lat="22.31654056156156" lon="114.18455696843665"><ele>111.11603652432092</ele><time>2024-01-06T05:11:12Z</time></trkpt><trkpt lat="22.316559045107134" lon="114.18455265899092"><ele>110.65964956265309</ele><time>2024-01-06T05:12:22Z</time></trkpt><trkpt lat="22.31653592895417" lon="114.18458867646635"><ele>110.18838507361221</ele><time>2024-01-06T05:12:26Z</time></trkpt><trkpt lat="22.316519709608865" lon="114.1846026565418"><ele>110.21291657421672</ele><time>2024-01-06T05:12:28Z</time></trkpt><trkpt lat="22.31650070047552" lon="114.18460641101544"><ele>110.12171715078138</ele><time>2024-01-06T05:12:30Z</time></trkpt><trkpt lat="22.316470391849542" lon="114.18461255602865"><ele>109.75680783531331</ele><time>2024-01-06T05:12:32Z</time></trkpt><trkpt lat="22.316490425462028" lon="114.18459032714686"><ele>108.99029755102555</ele><time>2024-01-06T05:13:18Z</time></trkpt><trkpt lat="22.316508047024573" lon="114.18457136309442"><ele>108.66977874154622</ele><time>2024-01-06T05:13:20Z</time></trkpt><trkpt lat="22.316525129411293" lon="114.18454857990815"><ele>108.56001457942438</ele><time>2024-01-06T05:13:22Z</time></trkpt><trkpt lat="22.316539051761" lon="114.18452907485957"><ele>108.54412385049581</ele><time>2024-01-06T05:13:24Z</time></trkpt><trkpt lat="22.31655411480209" lon="114.18451507230277"><ele>108.56480023731422</ele><time>2024-01-06T05:13:26Z</time></trkpt><trkpt lat="22.316558160463284" lon="114.18449363837537"><ele>108.72483658688819</ele><time>2024-01-06T05:13:28Z</time></trkpt><trkpt lat="22.316561709485576" lon="114.18447044631087"><ele>108.80966295369926</ele><time>2024-01-06T05:13:30Z</time></trkpt><trkpt lat="22.316560574214463" lon="114.1844435059245"><ele>108.63096006119308</ele><time>2024-01-06T05:13:32Z</time></trkpt><trkpt lat="22.316565901082367" lon="114.18442004040692"><ele>108.4218290851546</ele><time>2024-01-06T05:13:34Z</time></trkpt><trkpt lat="22.316575616392722" lon="114.18439355538618"><ele>108.25586194806368</ele><time>2024-01-06T05:13:36Z</time></trkpt><trkpt lat="22.316582536854078" lon="114.18437498661692"><ele>108.3362003839846</ele><time>2024-01-06T05:13:38Z</time></trkpt><trkpt lat="22.316587182425973" lon="114.18435517803626"><ele>108.29093422536214</ele><time>2024-01-06T05:13:40Z</time></trkpt><trkpt lat="22.316597388955948" lon="114.18431446349852"><ele>108.09693865572949</ele><time>2024-01-06T05:13:44Z</time></trkpt><trkpt lat="22.316598475718337" lon="114.18428491254303"><ele>107.8475163083146</ele><time>2024-01-06T05:13:46Z</time></trkpt><trkpt lat="22.31660225196213" lon="114.1842555690742"><ele>107.63512805445218</ele><time>2024-01-06T05:13:48Z</time></trkpt><trkpt lat="22.316605398470628" lon="114.18422265987914"><ele>107.52780016036839</ele><time>2024-01-06T05:13:50Z</time></trkpt><trkpt lat="22.3166168425414" lon="114.18419303123048"><ele>107.19517246997977</ele><time>2024-01-06T05:13:52Z</time></trkpt><trkpt lat="22.316623557557413" lon="114.18416854013155"><ele>106.90792881503978</ele><time>2024-01-06T05:13:54Z</time></trkpt><trkpt lat="22.316628264084944" lon="114.18414345367376"><ele>106.97900955229562</ele><time>2024-01-06T05:13:56Z</time></trkpt><trkpt lat="22.316630831427535" lon="114.1841216855266"><ele>107.33906798978097</ele><time>2024-01-06T05:13:58Z</time></trkpt><trkpt lat="22.31663650443213" lon="114.18409752267549"><ele>107.86036744817126</ele><time>2024-01-06T05:14:00Z</time></trkpt><trkpt lat="22.3166455928468" lon="114.184075035575"><ele>108.07039830555306</ele><time>2024-01-06T05:14:02Z</time></trkpt><trkpt lat="22.316654646218097" lon="114.18405238269503"><ele>107.98768341690155</ele><time>2024-01-06T05:14:04Z</time></trkpt><trkpt lat="22.31666596501601" lon="114.18402864970523"><ele>107.67407659160894</ele><time>2024-01-06T05:14:06Z</time></trkpt><trkpt lat="22.316679098278982" lon="114.18400612322941"><ele>107.2506734697676</ele><time>2024-01-06T05:14:08Z</time></trkpt><trkpt lat="22.316690857128837" lon="114.18398559926287"><ele>107.0122003581057</ele><time>2024-01-06T05:14:10Z</time></trkpt><trkpt lat="22.316698430164507" lon="114.18396229489674"><ele>106.91909426963996</ele><time>2024-01-06T05:14:12Z</time></trkpt><trkpt lat="22.31670990335713" lon="114.18394425081205"><ele>106.49327565091323</ele><time>2024-01-06T05:14:14Z</time></trkpt><trkpt lat="22.316729722091342" lon="114.18391582098158"><ele>106.06872931341583</ele><time>2024-01-06T05:14:18Z</time></trkpt><trkpt lat="22.31672873262738" lon="114.18387614662163"><ele>105.66928257034598</ele><time>2024-01-06T05:14:22Z</time></trkpt><trkpt lat="22.316741124867082" lon="114.18385809062616"><ele>106.30325722955652</ele><time>2024-01-06T05:14:26Z</time></trkpt><trkpt lat="22.31676063513712" lon="114.1838590351387"><ele>106.38419960585993</ele><time>2024-01-06T05:14:28Z</time></trkpt><trkpt lat="22.31678384680557" lon="114.18386813191921"><ele>106.57790751760591</ele><time>2024-01-06T05:14:30Z</time></trkpt><trkpt lat="22.316803191145066" lon="114.18387427674584"><ele>106.73107753154044</ele><time>2024-01-06T05:14:32Z</time></trkpt><trkpt lat="22.316838747091467" lon="114.18387102577677"><ele>106.98150667915073</ele><time>2024-01-06T05:14:36Z</time></trkpt><trkpt lat="22.3168627396057" lon="114.18387863578624"><ele>106.72903611371432</ele><time>2024-01-06T05:14:38Z</time></trkpt><trkpt lat="22.316883367186335" lon="114.18388752517309"><ele>106.60258115634373</ele><time>2024-01-06T05:14:40Z</time></trkpt><trkpt lat="22.316905449319467" lon="114.18389241178924"><ele>106.39762906600843</ele><time>2024-01-06T05:14:42Z</time></trkpt><trkpt lat="22.316929946179123" lon="114.18389670847668"><ele>106.23371200105872</ele><time>2024-01-06T05:14:44Z</time></trkpt><trkpt lat="22.316952541301116" lon="114.1839036785601"><ele>105.84765164850175</ele><time>2024-01-06T05:14:46Z</time></trkpt><trkpt lat="22.31697486207397" lon="114.18391165892845"><ele>105.29543336930234</ele><time>2024-01-06T05:14:48Z</time></trkpt><trkpt lat="22.31699549833237" lon="114.18391974040765"><ele>104.63615527131724</ele><time>2024-01-06T05:14:50Z</time></trkpt><trkpt lat="22.31701321773571" lon="114.18392432611564"><ele>103.9306624195032</ele><time>2024-01-06T05:14:52Z</time></trkpt><trkpt lat="22.317034197189955" lon="114.18392639415941"><ele>103.40138119523631</ele><time>2024-01-06T05:14:54Z</time></trkpt><trkpt lat="22.31705411144442" lon="114.18392833439843"><ele>102.76696998630707</ele><time>2024-01-06T05:14:56Z</time></trkpt><trkpt lat="22.31707518240114" lon="114.1839315439791"><ele>102.16962019370388</ele><time>2024-01-06T05:14:58Z</time></trkpt><trkpt lat="22.31709349755112" lon="114.18393970582818"><ele>102.28887172726465</ele><time>2024-01-06T05:15:00Z</time></trkpt><trkpt lat="22.317126725889977" lon="114.18394689146425"><ele>103.129780921927</ele><time>2024-01-06T05:15:04Z</time></trkpt><trkpt lat="22.317145853093486" lon="114.18395025642579"><ele>103.29916984673697</ele><time>2024-01-06T05:15:06Z</time></trkpt><trkpt lat="22.317182786710624" lon="114.1839500584734"><ele>102.40294826099336</ele><time>2024-01-06T05:15:10Z</time></trkpt><trkpt lat="22.317206845307222" lon="114.1839469974185"><ele>102.06630157543218</ele><time>2024-01-06T05:15:12Z</time></trkpt><trkpt lat="22.317231885807388" lon="114.18393733780522"><ele>100.98362368642006</ele><time>2024-01-06T05:15:14Z</time></trkpt><trkpt lat="22.317257440078336" lon="114.18392923982239"><ele>100.4293193370197</ele><time>2024-01-06T05:15:16Z</time></trkpt><trkpt lat="22.317283203919274" lon="114.1839244307682"><ele>100.0504952742171</ele><time>2024-01-06T05:15:18Z</time></trkpt><trkpt lat="22.317304362689715" lon="114.18391927082135"><ele>99.8512226433949</ele><time>2024-01-06T05:15:20Z</time></trkpt><trkpt lat="22.317328079084543" lon="114.18391563306567"><ele>99.79528809561243</ele><time>2024-01-06T05:15:22Z</time></trkpt><trkpt lat="22.3173547817775" lon="114.18392080105174"><ele>99.21513311655919</ele><time>2024-01-06T05:15:24Z</time></trkpt><trkpt lat="22.317380330892785" lon="114.18392354904782"><ele>98.34822488707714</ele><time>2024-01-06T05:15:26Z</time></trkpt><trkpt lat="22.317404436018702" lon="114.1839191544453"><ele>97.72865220163273</ele><time>2024-01-06T05:15:28Z</time></trkpt><trkpt lat="22.317429618796364" lon="114.18391778279279"><ele>97.40581420340155</ele><time>2024-01-06T05:15:30Z</time></trkpt><trkpt lat="22.317453378164032" lon="114.18392271422017"><ele>96.85118785178162</ele><time>2024-01-06T05:15:32Z</time></trkpt><trkpt lat="22.31747775580202" lon="114.18392797451142"><ele>96.09089732349011</ele><time>2024-01-06T05:15:34Z</time></trkpt><trkpt lat="22.317495852183576" lon="114.1839309861835"><ele>95.59510063365488</ele><time>2024-01-06T05:15:36Z</time></trkpt><trkpt lat="22.317521391325528" lon="114.18394077270308"><ele>94.51290068256405</ele><time>2024-01-06T05:15:40Z</time></trkpt><trkpt lat="22.31754582452841" lon="114.18394817583442"><ele>93.9960132603677</ele><time>2024-01-06T05:15:42Z</time></trkpt><trkpt lat="22.317558404070365" lon="114.18396391135335"><ele>93.34422537936848</ele><time>2024-01-06T05:15:44Z</time></trkpt><trkpt lat="22.317586987422793" lon="114.18395828478543"><ele>91.44250466062338</ele><time>2024-01-06T05:15:50Z</time></trkpt><trkpt lat="22.31759936602783" lon="114.18393265874289"><ele>91.12856050799282</ele><time>2024-01-06T05:15:52Z</time></trkpt><trkpt lat="22.317601584503" lon="114.18390449493873"><ele>90.64559131550263</ele><time>2024-01-06T05:15:54Z</time></trkpt><trkpt lat="22.317596223696633" lon="114.18387636495342"><ele>90.04476760029618</ele><time>2024-01-06T05:15:56Z</time></trkpt><trkpt lat="22.31759766098329" lon="114.18385396353611"><ele>89.77519502036318</ele><time>2024-01-06T05:15:58Z</time></trkpt><trkpt lat="22.317583325249803" lon="114.18382409365655"><ele>89.32430988762027</ele><time>2024-01-06T05:16:02Z</time></trkpt><trkpt lat="22.317568746022307" lon="114.18381042280278"><ele>88.83925303178245</ele><time>2024-01-06T05:16:04Z</time></trkpt><trkpt lat="22.317554285803656" lon="114.18379584871165"><ele>88.59274502589656</ele><time>2024-01-06T05:16:06Z</time></trkpt><trkpt lat="22.317540703894128" lon="114.18378032223372"><ele>88.14619626638549</ele><time>2024-01-06T05:16:08Z</time></trkpt><trkpt lat="22.317526219108455" lon="114.18376255766158"><ele>88.29768245954853</ele><time>2024-01-06T05:16:10Z</time></trkpt><trkpt lat="22.317511644022655" lon="114.18374661477577"><ele>88.27632859336182</ele><time>2024-01-06T05:16:12Z</time></trkpt><trkpt lat="22.317494393634036" lon="114.18373278508898"><ele>88.1429309707214</ele><time>2024-01-06T05:16:14Z</time></trkpt><trkpt lat="22.31747063338679" lon="114.18371828024127"><ele>88.09147944669118</ele><time>2024-01-06T05:16:16Z</time></trkpt><trkpt lat="22.31744754923133" lon="114.18369569677148"><ele>87.4237165078394</ele><time>2024-01-06T05:16:18Z</time></trkpt><trkpt lat="22.31743110434429" lon="114.18367661079418"><ele>87.46409798115722</ele><time>2024-01-06T05:16:20Z</time></trkpt><trkpt lat="22.31741468940665" lon="114.18365456788389"><ele>87.20259531174075</ele><time>2024-01-06T05:16:22Z</time></trkpt><trkpt lat="22.317397040477204" lon="114.18363289447593"><ele>87.04335422059653</ele><time>2024-01-06T05:16:24Z</time></trkpt><trkpt lat="22.317385662652843" lon="114.18360697035227"><ele>86.63689629404448</ele><time>2024-01-06T05:16:26Z</time></trkpt><trkpt lat="22.317379037977766" lon="114.18358329085781"><ele>85.86067125791419</ele><time>2024-01-06T05:16:28Z</time></trkpt><trkpt lat="22.317379100732367" lon="114.18355884574339"><ele>85.09978710266145</ele><time>2024-01-06T05:16:30Z</time></trkpt><trkpt lat="22.317383067088407" lon="114.18353107226793"><ele>84.60275053766819</ele><time>2024-01-06T05:16:32Z</time></trkpt><trkpt lat="22.317391432232426" lon="114.18349778831701"><ele>83.94556599616887</ele><time>2024-01-06T05:16:34Z</time></trkpt><trkpt lat="22.317408189510168" lon="114.18346556078606"><ele>83.59579869546616</ele><time>2024-01-06T05:16:36Z</time></trkpt><trkpt lat="22.31742745274811" lon="114.18344294689228"><ele>83.42645081967</ele><time>2024-01-06T05:16:38Z</time></trkpt><trkpt lat="22.31745257572659" lon="114.1834365506457"><ele>83.06664515849185</ele><time>2024-01-06T05:16:40Z</time></trkpt><trkpt lat="22.317474023462797" lon="114.18343597128701"><ele>82.7004673292609</ele><time>2024-01-06T05:16:42Z</time></trkpt><trkpt lat="22.317508869355883" lon="114.18342474677195"><ele>82.52031859080343</ele><time>2024-01-06T05:16:46Z</time></trkpt><trkpt lat="22.317528364560687" lon="114.18342566980388"><ele>81.6473534698592</ele><time>2024-01-06T05:16:48Z</time></trkpt><trkpt lat="22.317564901855068" lon="114.18342696951355"><ele>80.46855614984547</ele><time>2024-01-06T05:16:52Z</time></trkpt><trkpt lat="22.317585794942882" lon="114.18343101640825"><ele>80.19076882879985</ele><time>2024-01-06T05:16:54Z</time></trkpt><trkpt lat="22.317608319247988" lon="114.18344079973369"><ele>79.91556626406835</ele><time>2024-01-06T05:16:56Z</time></trkpt><trkpt lat="22.317630774559003" lon="114.18346020180199"><ele>79.74510378125485</ele><time>2024-01-06T05:16:58Z</time></trkpt><trkpt lat="22.317651529562774" lon="114.18347738726438"><ele>79.37679702352003</ele><time>2024-01-06T05:17:00Z</time></trkpt><trkpt lat="22.317670318657562" lon="114.18349416670921"><ele>78.82672377587508</ele><time>2024-01-06T05:17:02Z</time></trkpt><trkpt lat="22.31769513336148" lon="114.18350967177669"><ele>78.36010842479682</ele><time>2024-01-06T05:17:04Z</time></trkpt><trkpt lat="22.31771521765857" lon="114.18352676812854"><ele>78.04289555199873</ele><time>2024-01-06T05:17:06Z</time></trkpt><trkpt lat="22.31773144744267" lon="114.18354483432242"><ele>77.73944948536094</ele><time>2024-01-06T05:17:08Z</time></trkpt><trkpt lat="22.31775092933411" lon="114.18356266141907"><ele>77.0472327063766</ele><time>2024-01-06T05:17:10Z</time></trkpt><trkpt lat="22.31776955449413" lon="114.1835760720263"><ele>76.52896073307878</ele><time>2024-01-06T05:17:12Z</time></trkpt><trkpt lat="22.3177923895985" lon="114.18358446042636"><ele>76.3274991889414</ele><time>2024-01-06T05:17:14Z</time></trkpt><trkpt lat="22.317812413165083" lon="114.18358733066732"><ele>76.159976460283</ele><time>2024-01-06T05:17:16Z</time></trkpt><trkpt lat="22.31783369961371" lon="114.18358598118436"><ele>76.79791501598322</ele><time>2024-01-06T05:17:18Z</time></trkpt><trkpt lat="22.317851235526717" lon="114.18357732813513"><ele>77.10322894341101</ele><time>2024-01-06T05:17:20Z</time></trkpt><trkpt lat="22.31786699363865" lon="114.18356688972878"><ele>77.24092136379984</ele><time>2024-01-06T05:17:22Z</time></trkpt><trkpt lat="22.317879079851487" lon="114.18355206702896"><ele>77.14297689937862</ele><time>2024-01-06T05:17:24Z</time></trkpt><trkpt lat="22.31789064096395" lon="114.18353181800983"><ele>76.95313747973128</ele><time>2024-01-06T05:17:26Z</time></trkpt><trkpt lat="22.31790139000472" lon="114.18351014038744"><ele>76.68584103388073</ele><time>2024-01-06T05:17:28Z</time></trkpt><trkpt lat="22.317910950984388" lon="114.18348569262417"><ele>76.55520009265382</ele><time>2024-01-06T05:17:30Z</time></trkpt><trkpt lat="22.31792218918802" lon="114.18346165842028"><ele>76.28190815451538</ele><time>2024-01-06T05:17:32Z</time></trkpt><trkpt lat="22.317931142363488" lon="114.18343819567743"><ele>75.98689346784693</ele><time>2024-01-06T05:17:34Z</time></trkpt><trkpt lat="22.317933084766327" lon="114.18341749501658"><ele>76.17357550955978</ele><time>2024-01-06T05:17:36Z</time></trkpt><trkpt lat="22.317927954338714" lon="114.18338189481949"><ele>75.95100574631856</ele><time>2024-01-06T05:17:40Z</time></trkpt><trkpt lat="22.317925995071892" lon="114.18334172507987"><ele>75.59478349056451</ele><time>2024-01-06T05:17:44Z</time></trkpt><trkpt lat="22.31792450244562" lon="114.18331859861694"><ele>75.55914112154423</ele><time>2024-01-06T05:17:46Z</time></trkpt><trkpt lat="22.31792907228056" lon="114.18329483633576"><ele>75.42748595546561</ele><time>2024-01-06T05:17:48Z</time></trkpt><trkpt lat="22.317932808647573" lon="114.18327312585582"><ele>75.1854702725363</ele><time>2024-01-06T05:17:50Z</time></trkpt><trkpt lat="22.317937355368155" lon="114.1832514545188"><ele>75.43566765886592</ele><time>2024-01-06T05:17:52Z</time></trkpt><trkpt lat="22.31793893347257" lon="114.18322805322518"><ele>75.11820497819313</ele><time>2024-01-06T05:17:54Z</time></trkpt><trkpt lat="22.317943976430275" lon="114.18320760459768"><ele>75.0203612323284</ele><time>2024-01-06T05:17:56Z</time></trkpt><trkpt lat="22.31795515022936" lon="114.1831864104526"><ele>75.04265084932706</ele><time>2024-01-06T05:17:58Z</time></trkpt><trkpt lat="22.317968993162783" lon="114.18315741095884"><ele>75.02113749799157</ele><time>2024-01-06T05:18:00Z</time></trkpt><trkpt lat="22.317989133273976" lon="114.18312446027622"><ele>75.27529662996193</ele><time>2024-01-06T05:18:02Z</time></trkpt><trkpt lat="22.318006345107452" lon="114.18309895933879"><ele>74.79171475646895</ele><time>2024-01-06T05:18:04Z</time></trkpt><trkpt lat="22.318020213163955" lon="114.18307241757961"><ele>74.38195060841795</ele><time>2024-01-06T05:18:06Z</time></trkpt><trkpt lat="22.31803372934914" lon="114.18304764252987"><ele>73.6353850127416</ele><time>2024-01-06T05:18:08Z</time></trkpt><trkpt lat="22.318050422284365" lon="114.18303629535119"><ele>72.71152175846716</ele><time>2024-01-06T05:18:10Z</time></trkpt><trkpt lat="22.318071358516484" lon="114.18302357016302"><ele>71.67212380565812</ele><time>2024-01-06T05:18:12Z</time></trkpt><trkpt lat="22.31809037831159" lon="114.18300595099386"><ele>70.80289865731596</ele><time>2024-01-06T05:18:14Z</time></trkpt><trkpt lat="22.318106198496213" lon="114.18299037946632"><ele>70.11385805392841</ele><time>2024-01-06T05:18:16Z</time></trkpt><trkpt lat="22.31812792055645" lon="114.18298048751316"><ele>69.56386564762538</ele><time>2024-01-06T05:18:18Z</time></trkpt><trkpt lat="22.318148569518165" lon="114.18297409844901"><ele>68.9447459592098</ele><time>2024-01-06T05:18:20Z</time></trkpt><trkpt lat="22.318169123380294" lon="114.18297075990776"><ele>68.50421816039537</ele><time>2024-01-06T05:18:22Z</time></trkpt><trkpt lat="22.318192716862633" lon="114.18296942762309"><ele>68.12304540816959</ele><time>2024-01-06T05:18:24Z</time></trkpt><trkpt lat="22.31821837577406" lon="114.18296439127981"><ele>67.86335688610774</ele><time>2024-01-06T05:18:26Z</time></trkpt><trkpt lat="22.318256193727052" lon="114.18296501315065"><ele>67.18336747716894</ele><time>2024-01-06T05:18:30Z</time></trkpt><trkpt lat="22.318285471290856" lon="114.18298882767718"><ele>67.16909454979482</ele><time>2024-01-06T05:18:34Z</time></trkpt><trkpt lat="22.31830343810158" lon="114.18300432281445"><ele>67.29458197252093</ele><time>2024-01-06T05:18:36Z</time></trkpt><trkpt lat="22.31832312316541" lon="114.18301501772778"><ele>67.24860459617948</ele><time>2024-01-06T05:18:38Z</time></trkpt><trkpt lat="22.31834955237528" lon="114.18302026057546"><ele>67.44186033251344</ele><time>2024-01-06T05:18:40Z</time></trkpt><trkpt lat="22.318374375769316" lon="114.18302418772909"><ele>67.27035355312805</ele><time>2024-01-06T05:18:42Z</time></trkpt><trkpt lat="22.318395705518306" lon="114.1830308177831"><ele>66.54578895294742</ele><time>2024-01-06T05:18:44Z</time></trkpt><trkpt lat="22.318416579282374" lon="114.1830381039239"><ele>65.96234764374462</ele><time>2024-01-06T05:18:46Z</time></trkpt><trkpt lat="22.318436473089115" lon="114.18304753201976"><ele>65.66809461885647</ele><time>2024-01-06T05:18:48Z</time></trkpt><trkpt lat="22.31846495871181" lon="114.18305033018854"><ele>65.14595845443614</ele><time>2024-01-06T05:18:50Z</time></trkpt><trkpt lat="22.31848954488035" lon="114.18305628261984"><ele>64.77515577456171</ele><time>2024-01-06T05:18:52Z</time></trkpt><trkpt lat="22.318520996444963" lon="114.18305953692642"><ele>64.01551773897268</ele><time>2024-01-06T05:18:54Z</time></trkpt><trkpt lat="22.318544096007848" lon="114.18305988366366"><ele>63.4572628379702</ele><time>2024-01-06T05:18:56Z</time></trkpt><trkpt lat="22.31856522438914" lon="114.183051892333"><ele>62.88165913679333</ele><time>2024-01-06T05:19:00Z</time></trkpt><trkpt lat="22.31859466375892" lon="114.18304230526653"><ele>62.63786144377961</ele><time>2024-01-06T05:19:06Z</time></trkpt><trkpt lat="22.31862070979111" lon="114.18306190466797"><ele>61.83416676247921</ele><time>2024-01-06T05:19:10Z</time></trkpt><trkpt lat="22.318642869365952" lon="114.18309868116268"><ele>61.31326444470166</ele><time>2024-01-06T05:19:14Z</time></trkpt><trkpt lat="22.318653529578665" lon="114.18312429651976"><ele>60.855761814111425</ele><time>2024-01-06T05:19:16Z</time></trkpt><trkpt lat="22.318661858858153" lon="114.1831519323236"><ele>60.41290245863728</ele><time>2024-01-06T05:19:18Z</time></trkpt><trkpt lat="22.318675649032585" lon="114.18317687771658"><ele>59.85131473125572</ele><time>2024-01-06T05:19:20Z</time></trkpt><trkpt lat="22.31869424829916" lon="114.1831998887438"><ele>59.21543046433752</ele><time>2024-01-06T05:19:22Z</time></trkpt><trkpt lat="22.318711806296765" lon="114.18321489922357"><ele>58.905347644648984</ele><time>2024-01-06T05:19:24Z</time></trkpt><trkpt lat="22.31872329471038" lon="114.18323508718592"><ele>58.48792706298471</ele><time>2024-01-06T05:19:26Z</time></trkpt><trkpt lat="22.318738598637786" lon="114.18325321520936"><ele>57.56748468714256</ele><time>2024-01-06T05:19:28Z</time></trkpt><trkpt lat="22.318761251068498" lon="114.18327016110604"><ele>56.76545429930291</ele><time>2024-01-06T05:19:30Z</time></trkpt><trkpt lat="22.318783535868153" lon="114.18328515032138"><ele>56.27653854252771</ele><time>2024-01-06T05:19:32Z</time></trkpt><trkpt lat="22.3188042122634" lon="114.18329731429705"><ele>56.36790336208434</ele><time>2024-01-06T05:19:34Z</time></trkpt><trkpt lat="22.318823241787246" lon="114.18331067220787"><ele>56.668841437525224</ele><time>2024-01-06T05:19:36Z</time></trkpt><trkpt lat="22.31883913844603" lon="114.18332536769122"><ele>56.843382635730244</ele><time>2024-01-06T05:19:38Z</time></trkpt><trkpt lat="22.31885702113451" lon="114.18333589306516"><ele>57.509524638335584</ele><time>2024-01-06T05:19:40Z</time></trkpt><trkpt lat="22.318883750143815" lon="114.18336443290877"><ele>58.79179868715824</ele><time>2024-01-06T05:19:44Z</time></trkpt><trkpt lat="22.318900928503922" lon="114.18337307908432"><ele>59.03326465379812</ele><time>2024-01-06T05:19:46Z</time></trkpt><trkpt lat="22.31893888684997" lon="114.18339558074828"><ele>59.26476893270208</ele><time>2024-01-06T05:19:50Z</time></trkpt><trkpt lat="22.318962231401983" lon="114.18342071201008"><ele>59.59161526592991</ele><time>2024-01-06T05:19:54Z</time></trkpt><trkpt lat="22.31899634133541" lon="114.18345219612206"><ele>59.97229785079007</ele><time>2024-01-06T05:19:58Z</time></trkpt><trkpt lat="22.31901443037515" lon="114.1834790706281"><ele>60.320438296855336</ele><time>2024-01-06T05:20:00Z</time></trkpt><trkpt lat="22.31902830384303" lon="114.1834996761539"><ele>60.68697466862817</ele><time>2024-01-06T05:20:02Z</time></trkpt><trkpt lat="22.31904073664582" lon="114.18352496076803"><ele>61.6699747909374</ele><time>2024-01-06T05:20:06Z</time></trkpt><trkpt lat="22.31905101441126" lon="114.18354523966451"><ele>61.89061763206968</ele><time>2024-01-06T05:20:08Z</time></trkpt><trkpt lat="22.31905659433947" lon="114.18357050148228"><ele>61.943877067903635</ele><time>2024-01-06T05:20:10Z</time></trkpt><trkpt lat="22.319059312525674" lon="114.18359659952232"><ele>61.98565978251863</ele><time>2024-01-06T05:20:12Z</time></trkpt><trkpt lat="22.31905699132614" lon="114.18362051651602"><ele>62.26351952105332</ele><time>2024-01-06T05:20:14Z</time></trkpt><trkpt lat="22.31905047280004" lon="114.18366002240133"><ele>63.48096985396176</ele><time>2024-01-06T05:20:18Z</time></trkpt><trkpt lat="22.31905244774477" lon="114.18368428855925"><ele>63.95407278044328</ele><time>2024-01-06T05:20:20Z</time></trkpt><trkpt lat="22.319052704962008" lon="114.18370785497042"><ele>64.31306291487316</ele><time>2024-01-06T05:20:22Z</time></trkpt><trkpt lat="22.31905767811721" lon="114.18373095766164"><ele>64.50737950939015</ele><time>2024-01-06T05:20:24Z</time></trkpt><trkpt lat="22.319054192652068" lon="114.1837543998807"><ele>64.39679149288352</ele><time>2024-01-06T05:20:26Z</time></trkpt><trkpt lat="22.31904934976584" lon="114.18377489350853"><ele>64.49338866093099</ele><time>2024-01-06T05:20:28Z</time></trkpt><trkpt lat="22.31904501276356" lon="114.18379415387804"><ele>64.72830563679956</ele><time>2024-01-06T05:20:30Z</time></trkpt><trkpt lat="22.319039710075977" lon="114.18381357163504"><ele>65.15893099862035</ele><time>2024-01-06T05:20:32Z</time></trkpt><trkpt lat="22.31902734606663" lon="114.1838494310289"><ele>66.18118855720944</ele><time>2024-01-06T05:20:36Z</time></trkpt><trkpt lat="22.31901641845148" lon="114.1838738576421"><ele>66.51866927757892</ele><time>2024-01-06T05:20:38Z</time></trkpt><trkpt lat="22.319011176559602" lon="114.18390215629121"><ele>66.69964863661988</ele><time>2024-01-06T05:20:40Z</time></trkpt><trkpt lat="22.31900887434181" lon="114.18393433026114"><ele>67.1020806770916</ele><time>2024-01-06T05:20:42Z</time></trkpt><trkpt lat="22.318999990284993" lon="114.18396362374864"><ele>67.54332922283035</ele><time>2024-01-06T05:20:44Z</time></trkpt><trkpt lat="22.318992810102113" lon="114.18398786115579"><ele>67.75529123951901</ele><time>2024-01-06T05:20:46Z</time></trkpt><trkpt lat="22.31898230823648" lon="114.18400606364021"><ele>67.83899249709005</ele><time>2024-01-06T05:20:48Z</time></trkpt><trkpt lat="22.31897549900452" lon="114.18402783103996"><ele>68.10864077217178</ele><time>2024-01-06T05:20:50Z</time></trkpt><trkpt lat="22.31896722031496" lon="114.18405215877398"><ele>68.15889732693489</ele><time>2024-01-06T05:20:52Z</time></trkpt><trkpt lat="22.31895520764579" lon="114.18407058855699"><ele>67.96366093647048</ele><time>2024-01-06T05:20:54Z</time></trkpt><trkpt lat="22.318945328995362" lon="114.18408784121507"><ele>68.05390298007326</ele><time>2024-01-06T05:20:56Z</time></trkpt><trkpt lat="22.31893558174123" lon="114.18410564002056"><ele>67.96106925179565</ele><time>2024-01-06T05:20:58Z</time></trkpt><trkpt lat="22.31892642671923" lon="114.1841224489078"><ele>67.34026077277677</ele><time>2024-01-06T05:21:00Z</time></trkpt><trkpt lat="22.318917893149717" lon="114.18414199827535"><ele>66.82527971270255</ele><time>2024-01-06T05:21:02Z</time></trkpt><trkpt lat="22.318908289785135" lon="114.1841596020009"><ele>66.1691138810576</ele><time>2024-01-06T05:21:04Z</time></trkpt><trkpt lat="22.318901489210262" lon="114.1841780399328"><ele>65.87093327269272</ele><time>2024-01-06T05:21:06Z</time></trkpt><trkpt lat="22.318895536556948" lon="114.18419650833407"><ele>65.46803362427154</ele><time>2024-01-06T05:21:08Z</time></trkpt><trkpt lat="22.318888889413678" lon="114.1842196402496"><ele>65.45980225209091</ele><time>2024-01-06T05:21:10Z</time></trkpt><trkpt lat="22.31887872833084" lon="114.18424459539114"><ele>65.53281398614948</ele><time>2024-01-06T05:21:12Z</time></trkpt><trkpt lat="22.318868809890162" lon="114.18426898234725"><ele>65.61401633796191</ele><time>2024-01-06T05:21:14Z</time></trkpt><trkpt lat="22.318861467308874" lon="114.18429081210323"><ele>65.53579398030843</ele><time>2024-01-06T05:21:16Z</time></trkpt><trkpt lat="22.318858555513323" lon="114.18431540779095"><ele>65.08453241717567</ele><time>2024-01-06T05:21:18Z</time></trkpt><trkpt lat="22.318859173156376" lon="114.18433863510639"><ele>64.57307208923613</ele><time>2024-01-06T05:21:20Z</time></trkpt><trkpt lat="22.318860849588393" lon="114.18436589761467"><ele>63.96958719662484</ele><time>2024-01-06T05:21:22Z</time></trkpt><trkpt lat="22.318860353747034" lon="114.18439181033976"><ele>63.81810290540745</ele><time>2024-01-06T05:21:24Z</time></trkpt><trkpt lat="22.318860934955374" lon="114.18441985671211"><ele>63.59898508044515</ele><time>2024-01-06T05:21:26Z</time></trkpt><trkpt lat="22.318864609927992" lon="114.18444770154672"><ele>63.144050148162826</ele><time>2024-01-06T05:21:28Z</time></trkpt><trkpt lat="22.318861871460566" lon="114.18447292333494"><ele>62.44726386596352</ele><time>2024-01-06T05:21:30Z</time></trkpt><trkpt lat="22.318857050366418" lon="114.18449519252313"><ele>61.75079245334508</ele><time>2024-01-06T05:21:32Z</time></trkpt><trkpt lat="22.318850970441325" lon="114.18451801698706"><ele>61.409291902184954</ele><time>2024-01-06T05:21:34Z</time></trkpt><trkpt lat="22.31884541051453" lon="114.18454186004979"><ele>61.37001893487315</ele><time>2024-01-06T05:21:36Z</time></trkpt><trkpt lat="22.31883924092563" lon="114.18456336458506"><ele>61.60199623377096</ele><time>2024-01-06T05:21:38Z</time></trkpt><trkpt lat="22.31883270173199" lon="114.18458623785565"><ele>61.6437413109707</ele><time>2024-01-06T05:21:40Z</time></trkpt><trkpt lat="22.318826918005076" lon="114.18461140821024"><ele>61.419305243280014</ele><time>2024-01-06T05:21:42Z</time></trkpt><trkpt lat="22.318821730373642" lon="114.18463475509009"><ele>61.21549740659012</ele><time>2024-01-06T05:21:44Z</time></trkpt><trkpt lat="22.318813256241725" lon="114.18465717236279"><ele>60.844929359652276</ele><time>2024-01-06T05:21:46Z</time></trkpt><trkpt lat="22.31880781716364" lon="114.1846811985764"><ele>60.63290949135383</ele><time>2024-01-06T05:21:48Z</time></trkpt><trkpt lat="22.3188037151375" lon="114.1847059896057"><ele>60.29051003528306</ele><time>2024-01-06T05:21:50Z</time></trkpt><trkpt lat="22.318799365953996" lon="114.18473496900214"><ele>60.14308432951317</ele><time>2024-01-06T05:21:52Z</time></trkpt><trkpt lat="22.318791749491247" lon="114.18476139377212"><ele>60.13500414576407</ele><time>2024-01-06T05:21:54Z</time></trkpt><trkpt lat="22.318781403880877" lon="114.18478811389254"><ele>59.912695737628894</ele><time>2024-01-06T05:21:56Z</time></trkpt><trkpt lat="22.318771100809137" lon="114.18480919745134"><ele>59.902076405162035</ele><time>2024-01-06T05:21:58Z</time></trkpt><trkpt lat="22.31876230783043" lon="114.18483391879465"><ele>59.8587924619454</ele><time>2024-01-06T05:22:00Z</time></trkpt><trkpt lat="22.31875472554334" lon="114.18485823490126"><ele>59.62730114987835</ele><time>2024-01-06T05:22:02Z</time></trkpt><trkpt lat="22.318746795814008" lon="114.18487752945464"><ele>59.40566895406126</ele><time>2024-01-06T05:22:04Z</time></trkpt><trkpt lat="22.31874069371785" lon="114.18489877574487"><ele>59.14344385514844</ele><time>2024-01-06T05:22:06Z</time></trkpt><trkpt lat="22.318740466708654" lon="114.18492254700263"><ele>58.91761104047383</ele><time>2024-01-06T05:22:08Z</time></trkpt><trkpt lat="22.31874433316277" lon="114.1849584421404"><ele>59.16627690738163</ele><time>2024-01-06T05:22:12Z</time></trkpt><trkpt lat="22.318740880765155" lon="114.18498150848153"><ele>59.41123062472319</ele><time>2024-01-06T05:22:14Z</time></trkpt><trkpt lat="22.318733088450298" lon="114.18501960009621"><ele>59.647126710113504</ele><time>2024-01-06T05:22:18Z</time></trkpt><trkpt lat="22.318727827844462" lon="114.18504289022164"><ele>59.64870668156945</ele><time>2024-01-06T05:22:22Z</time></trkpt><trkpt lat="22.31873458230375" lon="114.18506493301251"><ele>60.90113174997654</ele><time>2024-01-06T05:22:30Z</time></trkpt><trkpt lat="22.31871489951898" lon="114.18506779523719"><ele>61.405446139281516</ele><time>2024-01-06T05:22:44Z</time></trkpt><trkpt lat="22.318697692889742" lon="114.18507395274284"><ele>61.78163596107416</ele><time>2024-01-06T05:22:46Z</time></trkpt><trkpt lat="22.31867293704024" lon="114.18507757431037"><ele>62.1584833952172</ele><time>2024-01-06T05:22:50Z</time></trkpt><trkpt lat="22.318650984733818" lon="114.18508361074936"><ele>62.068174350693035</ele><time>2024-01-06T05:22:54Z</time></trkpt><trkpt lat="22.318626585800263" lon="114.18508412287973"><ele>60.6982735053416</ele><time>2024-01-06T05:22:58Z</time></trkpt><trkpt lat="22.318601375706447" lon="114.18507413873222"><ele>59.28163751539528</ele><time>2024-01-06T05:23:02Z</time></trkpt><trkpt lat="22.3185736056935" lon="114.18507985924622"><ele>57.71926802805359</ele><time>2024-01-06T05:23:06Z</time></trkpt><trkpt lat="22.318557221093492" lon="114.18509085218216"><ele>57.373025886500976</ele><time>2024-01-06T05:23:08Z</time></trkpt><trkpt lat="22.318533660037517" lon="114.18511219226002"><ele>57.442244748724754</ele><time>2024-01-06T05:23:12Z</time></trkpt><trkpt lat="22.31851765877381" lon="114.18512151057226"><ele>58.247178591369504</ele><time>2024-01-06T05:23:14Z</time></trkpt><trkpt lat="22.318499097493834" lon="114.18512669078287"><ele>58.84259546573028</ele><time>2024-01-06T05:23:16Z</time></trkpt><trkpt lat="22.31847742462834" lon="114.18513534686758"><ele>59.204852911268205</ele><time>2024-01-06T05:23:20Z</time></trkpt><trkpt lat="22.31845965455353" lon="114.18514163980308"><ele>58.94844756882528</ele><time>2024-01-06T05:23:26Z</time></trkpt><trkpt lat="22.318439861706572" lon="114.18515260580614"><ele>58.53809794687754</ele><time>2024-01-06T05:23:30Z</time></trkpt><trkpt lat="22.318413987683613" lon="114.18516638494208"><ele>57.5610657794212</ele><time>2024-01-06T05:23:34Z</time></trkpt><trkpt lat="22.318393438682698" lon="114.18519051917072"><ele>56.93840592116477</ele><time>2024-01-06T05:23:38Z</time></trkpt><trkpt lat="22.318378505099233" lon="114.18520184551522"><ele>56.4055474866318</ele><time>2024-01-06T05:23:40Z</time></trkpt><trkpt lat="22.318363256609427" lon="114.18521559717978"><ele>55.95097785294445</ele><time>2024-01-06T05:23:44Z</time></trkpt><trkpt lat="22.31834083438257" lon="114.18521593748423"><ele>56.273359911876454</ele><time>2024-01-06T05:23:48Z</time></trkpt><trkpt lat="22.318307801049084" lon="114.18521200591861"><ele>53.98134943692107</ele><time>2024-01-06T05:24:08Z</time></trkpt><trkpt lat="22.3182864823692" lon="114.1852201710186"><ele>53.46788542881995</ele><time>2024-01-06T05:24:10Z</time></trkpt><trkpt lat="22.31828390269905" lon="114.18524159132302"><ele>52.242309426562294</ele><time>2024-01-06T05:24:14Z</time></trkpt><trkpt lat="22.31826811727944" lon="114.18525368733509"><ele>51.81048637193494</ele><time>2024-01-06T05:24:16Z</time></trkpt><trkpt lat="22.318242980565522" lon="114.18527197361564"><ele>51.66554871569615</ele><time>2024-01-06T05:24:20Z</time></trkpt><trkpt lat="22.31824581753753" lon="114.18529864465367"><ele>52.3369010268801</ele><time>2024-01-06T05:24:26Z</time></trkpt><trkpt lat="22.318230590673572" lon="114.18527747589563"><ele>50.80049347091873</ele><time>2024-01-06T05:25:24Z</time></trkpt><trkpt lat="22.31820878565084" lon="114.18528250842932"><ele>50.79180878661569</ele><time>2024-01-06T05:25:26Z</time></trkpt><trkpt lat="22.318187681323117" lon="114.1852914073618"><ele>50.92868029080332</ele><time>2024-01-06T05:25:28Z</time></trkpt><trkpt lat="22.318162564378028" lon="114.18529597059518"><ele>51.0423786798953</ele><time>2024-01-06T05:25:30Z</time></trkpt><trkpt lat="22.318137756930433" lon="114.18529832134465"><ele>50.952366132987834</ele><time>2024-01-06T05:25:32Z</time></trkpt><trkpt lat="22.318109154116126" lon="114.18528976481372"><ele>50.35085310328783</ele><time>2024-01-06T05:25:34Z</time></trkpt><trkpt lat="22.318089707180533" lon="114.18528091517156"><ele>50.32988787997574</ele><time>2024-01-06T05:25:36Z</time></trkpt><trkpt lat="22.318071436466635" lon="114.18527744531252"><ele>50.168591983319324</ele><time>2024-01-06T05:25:38Z</time></trkpt><trkpt lat="22.31805032385689" lon="114.1852749671693"><ele>48.86178624398515</ele><time>2024-01-06T05:25:46Z</time></trkpt><trkpt lat="22.318024367912127" lon="114.1852808135572"><ele>48.92143143563109</ele><time>2024-01-06T05:25:50Z</time></trkpt><trkpt lat="22.317996206019117" lon="114.1852839892083"><ele>47.75642872702514</ele><time>2024-01-06T05:26:12Z</time></trkpt><trkpt lat="22.317973440265824" lon="114.18528557590486"><ele>47.67179340467509</ele><time>2024-01-06T05:26:16Z</time></trkpt><trkpt lat="22.31794154937216" lon="114.18528549983088"><ele>47.165698029514</ele><time>2024-01-06T05:26:20Z</time></trkpt><trkpt lat="22.317963355422282" lon="114.1852810012309"><ele>46.36143729358528</ele><time>2024-01-06T05:26:28Z</time></trkpt><trkpt lat="22.317981228138514" lon="114.18527155804023"><ele>46.11510570981558</ele><time>2024-01-06T05:26:30Z</time></trkpt><trkpt lat="22.318003993889988" lon="114.18526684609307"><ele>45.39871509790171</ele><time>2024-01-06T05:26:34Z</time></trkpt><trkpt lat="22.318025875020584" lon="114.18526660689733"><ele>45.33434683087173</ele><time>2024-01-06T05:26:36Z</time></trkpt><trkpt lat="22.318047678109895" lon="114.18526918669937"><ele>45.11265854401193</ele><time>2024-01-06T05:26:38Z</time></trkpt><trkpt lat="22.31808387707048" lon="114.18527424550555"><ele>44.97501375277473</ele><time>2024-01-06T05:26:42Z</time></trkpt><trkpt lat="22.318104648645964" lon="114.18527824398241"><ele>44.85352905231568</ele><time>2024-01-06T05:26:44Z</time></trkpt><trkpt lat="22.31812690783053" lon="114.18528404744426"><ele>44.66851433676988</ele><time>2024-01-06T05:26:46Z</time></trkpt><trkpt lat="22.318145256675" lon="114.18528417999359"><ele>44.464116682833456</ele><time>2024-01-06T05:26:48Z</time></trkpt><trkpt lat="22.31816356070751" lon="114.18527749670717"><ele>44.22379076623971</ele><time>2024-01-06T05:26:50Z</time></trkpt><trkpt lat="22.318182752486834" lon="114.18527129114821"><ele>44.279470588226616</ele><time>2024-01-06T05:26:52Z</time></trkpt><trkpt lat="22.31819982407078" lon="114.1852581004971"><ele>44.15765440765946</ele><time>2024-01-06T05:26:54Z</time></trkpt><trkpt lat="22.318231804193267" lon="114.18525366334366"><ele>44.35575429512925</ele><time>2024-01-06T05:26:58Z</time></trkpt><trkpt lat="22.31825853824813" lon="114.18524949603423"><ele>44.73980870226095</ele><time>2024-01-06T05:27:02Z</time></trkpt><trkpt lat="22.31828130456754" lon="114.18524305870646"><ele>44.855434022843895</ele><time>2024-01-06T05:27:06Z</time></trkpt><trkpt lat="22.31830473290581" lon="114.18525461341173"><ele>45.78827824981555</ele><time>2024-01-06T05:27:10Z</time></trkpt><trkpt lat="22.318312826861074" lon="114.18527313568634"><ele>46.11389486488968</ele><time>2024-01-06T05:27:12Z</time></trkpt><trkpt lat="22.31834231394004" lon="114.18529169722017"><ele>46.50353011534277</ele><time>2024-01-06T05:27:14Z</time></trkpt><trkpt lat="22.318358853830723" lon="114.18530187298836"><ele>46.63756053153489</ele><time>2024-01-06T05:27:16Z</time></trkpt><trkpt lat="22.31838610922361" lon="114.18531230029758"><ele>46.711431428140216</ele><time>2024-01-06T05:27:20Z</time></trkpt><trkpt lat="22.318393697992523" lon="114.18533427760251"><ele>46.118282413333986</ele><time>2024-01-06T05:27:24Z</time></trkpt><trkpt lat="22.318405720152896" lon="114.18534922762282"><ele>45.82541251125388</ele><time>2024-01-06T05:27:26Z</time></trkpt><trkpt lat="22.318424012050144" lon="114.18536771244602"><ele>45.479319759375</ele><time>2024-01-06T05:27:28Z</time></trkpt><trkpt lat="22.318435743217478" lon="114.18538411257468"><ele>44.85305491531134</ele><time>2024-01-06T05:27:32Z</time></trkpt><trkpt lat="22.318452027223454" lon="114.18540447415936"><ele>44.56009493044126</ele><time>2024-01-06T05:27:56Z</time></trkpt><trkpt lat="22.31846973455386" lon="114.18543391934622"><ele>45.21444321001198</ele><time>2024-01-06T05:28:00Z</time></trkpt><trkpt lat="22.318482996994636" lon="114.18545594433549"><ele>45.30521492321413</ele><time>2024-01-06T05:28:02Z</time></trkpt><trkpt lat="22.31849077984777" lon="114.18547735387091"><ele>45.23080285235417</ele><time>2024-01-06T05:28:04Z</time></trkpt><trkpt lat="22.31850751097144" lon="114.18550348235493"><ele>45.0605909542199</ele><time>2024-01-06T05:28:06Z</time></trkpt><trkpt lat="22.31851086339572" lon="114.18552559876498"><ele>45.113509989861605</ele><time>2024-01-06T05:28:08Z</time></trkpt><trkpt lat="22.318507384939448" lon="114.18554872285218"><ele>45.07545822147827</ele><time>2024-01-06T05:28:12Z</time></trkpt><trkpt lat="22.3184838080152" lon="114.18555914178943"><ele>44.74871999373082</ele><time>2024-01-06T05:28:22Z</time></trkpt><trkpt lat="22.31846599295569" lon="114.18557940940583"><ele>44.47808599780698</ele><time>2024-01-06T05:28:26Z</time></trkpt><trkpt lat="22.318448957034335" lon="114.18559427185245"><ele>43.309305861871884</ele><time>2024-01-06T05:28:32Z</time></trkpt><trkpt lat="22.318467067900116" lon="114.18558656084167"><ele>43.179885016720156</ele><time>2024-01-06T05:28:38Z</time></trkpt><trkpt lat="22.318479025928646" lon="114.18561153448108"><ele>40.429974641414134</ele><time>2024-01-06T05:28:42Z</time></trkpt><trkpt lat="22.31845930742322" lon="114.18563635796173"><ele>38.00355233752116</ele><time>2024-01-06T05:28:46Z</time></trkpt><trkpt lat="22.3184490466425" lon="114.1856627564978"><ele>37.04871890186557</ele><time>2024-01-06T05:28:50Z</time></trkpt><trkpt lat="22.318447454424245" lon="114.18571288181113"><ele>38.407430073603756</ele><time>2024-01-06T05:28:54Z</time></trkpt><trkpt lat="22.31845119640923" lon="114.18574103833308"><ele>38.28525841494366</ele><time>2024-01-06T05:28:56Z</time></trkpt><trkpt lat="22.318456148202493" lon="114.18576076450215"><ele>38.68849615604104</ele><time>2024-01-06T05:29:02Z</time></trkpt><trkpt lat="22.318455390093764" lon="114.18578203173243"><ele>38.41000635179636</ele><time>2024-01-06T05:29:06Z</time></trkpt><trkpt lat="22.31848110030354" lon="114.18578431176249"><ele>38.77540345219933</ele><time>2024-01-06T05:29:10Z</time></trkpt><trkpt lat="22.31850385346228" lon="114.18580945690172"><ele>38.92582655818867</ele><time>2024-01-06T05:29:12Z</time></trkpt><trkpt lat="22.318524673941763" lon="114.18583715233659"><ele>38.940505386018174</ele><time>2024-01-06T05:29:16Z</time></trkpt><trkpt lat="22.318503236092635" lon="114.18585737257048"><ele>37.87625079138079</ele><time>2024-01-06T05:29:20Z</time></trkpt><trkpt lat="22.318498054029504" lon="114.18587782270328"><ele>35.83498523778088</ele><time>2024-01-06T05:29:24Z</time></trkpt><trkpt lat="22.31849274548834" lon="114.18589797497765"><ele>34.75444725423692</ele><time>2024-01-06T05:29:26Z</time></trkpt><trkpt lat="22.31848021374548" lon="114.18591543169849"><ele>33.9842344726446</ele><time>2024-01-06T05:29:28Z</time></trkpt><trkpt lat="22.31846857563056" lon="114.18593895820457"><ele>33.34579464282014</ele><time>2024-01-06T05:29:30Z</time></trkpt><trkpt lat="22.318476746317916" lon="114.18595719091091"><ele>32.939616850853824</ele><time>2024-01-06T05:29:32Z</time></trkpt><trkpt lat="22.318461363211245" lon="114.1859745603336"><ele>32.978321672003474</ele><time>2024-01-06T05:29:34Z</time></trkpt><trkpt lat="22.318450217452224" lon="114.18599119533744"><ele>32.569713885677366</ele><time>2024-01-06T05:29:36Z</time></trkpt><trkpt lat="22.31843144755177" lon="114.18601025029177"><ele>31.685035427041957</ele><time>2024-01-06T05:29:38Z</time></trkpt><trkpt lat="22.31841788937079" lon="114.18603020630654"><ele>30.466664799910326</ele><time>2024-01-06T05:29:40Z</time></trkpt><trkpt lat="22.31842305783827" lon="114.1860707673203"><ele>27.316027477780377</ele><time>2024-01-06T05:29:44Z</time></trkpt><trkpt lat="22.31842728916652" lon="114.18609711489978"><ele>26.448791401852127</ele><time>2024-01-06T05:29:46Z</time></trkpt><trkpt lat="22.31844023405603" lon="114.18613632466914"><ele>24.16776605536352</ele><time>2024-01-06T05:29:50Z</time></trkpt><trkpt lat="22.31844755858572" lon="114.1861653451894"><ele>23.29942621332522</ele><time>2024-01-06T05:29:52Z</time></trkpt><trkpt lat="22.318454622316462" lon="114.1861920416048"><ele>22.544217756589422</ele><time>2024-01-06T05:29:54Z</time></trkpt><trkpt lat="22.31845909374082" lon="114.18621169377315"><ele>21.774960875403305</ele><time>2024-01-06T05:29:56Z</time></trkpt><trkpt lat="22.318474992475206" lon="114.18623285161982"><ele>20.91561572663293</ele><time>2024-01-06T05:29:58Z</time></trkpt><trkpt lat="22.318484791316564" lon="114.18625858956892"><ele>20.38834582092686</ele><time>2024-01-06T05:30:00Z</time></trkpt><trkpt lat="22.318490734260262" lon="114.18628345448633"><ele>19.992612478785066</ele><time>2024-01-06T05:30:02Z</time></trkpt><trkpt lat="22.31850413255342" lon="114.18630881730392"><ele>19.55636827127294</ele><time>2024-01-06T05:30:04Z</time></trkpt><trkpt lat="22.318503260969386" lon="114.18633143617048"><ele>19.756211041717837</ele><time>2024-01-06T05:30:06Z</time></trkpt><trkpt lat="22.318488430514126" lon="114.1863646212718"><ele>19.141559380131795</ele><time>2024-01-06T05:30:08Z</time></trkpt><trkpt lat="22.318457759045813" lon="114.18639475014837"><ele>18.970783552560366</ele><time>2024-01-06T05:30:10Z</time></trkpt><trkpt lat="22.318430033705063" lon="114.18641292317803"><ele>19.305062767633267</ele><time>2024-01-06T05:30:12Z</time></trkpt><trkpt lat="22.31839929779105" lon="114.18640691636392"><ele>20.36462480431118</ele><time>2024-01-06T05:30:16Z</time></trkpt><trkpt lat="22.31837569127529" lon="114.18639983421335"><ele>21.069655343815324</ele><time>2024-01-06T05:30:20Z</time></trkpt><trkpt lat="22.31834375196313" lon="114.18640265568868"><ele>22.113162592713525</ele><time>2024-01-06T05:30:24Z</time></trkpt><trkpt lat="22.318321320003786" lon="114.18640388529862"><ele>21.72627729655659</ele><time>2024-01-06T05:30:26Z</time></trkpt><trkpt lat="22.318302119052007" lon="114.18643468269583"><ele>20.78565900428267</ele><time>2024-01-06T05:30:30Z</time></trkpt><trkpt lat="22.31829703406089" lon="114.18647458426786"><ele>19.666382776913764</ele><time>2024-01-06T05:30:34Z</time></trkpt><trkpt lat="22.31828619418644" lon="114.18650921164468"><ele>18.086809597011204</ele><time>2024-01-06T05:30:38Z</time></trkpt><trkpt lat="22.31826417877877" lon="114.18651604087562"><ele>17.486924186312205</ele><time>2024-01-06T05:30:40Z</time></trkpt><trkpt lat="22.31824315387054" lon="114.18651771819968"><ele>17.525517177592214</ele><time>2024-01-06T05:30:42Z</time></trkpt><trkpt lat="22.31821784534782" lon="114.18652056646825"><ele>17.263502260545547</ele><time>2024-01-06T05:30:44Z</time></trkpt><trkpt lat="22.318192894363264" lon="114.18652267644202"><ele>17.359571268864332</ele><time>2024-01-06T05:30:46Z</time></trkpt><trkpt lat="22.318145051867813" lon="114.18652117935106"><ele>16.426175941096602</ele><time>2024-01-06T05:30:48Z</time></trkpt><trkpt lat="22.318111685405317" lon="114.18652170514662"><ele>16.0756966783751</ele><time>2024-01-06T05:30:50Z</time></trkpt><trkpt lat="22.3180831293057" lon="114.18652246741598"><ele>15.711300603932502</ele><time>2024-01-06T05:30:52Z</time></trkpt><trkpt lat="22.318062353664907" lon="114.18654095510584"><ele>14.551722126628706</ele><time>2024-01-06T05:30:56Z</time></trkpt><trkpt lat="22.318058380111907" lon="114.18659263946874"><ele>15.642568149235473</ele><time>2024-01-06T05:31:00Z</time></trkpt><trkpt lat="22.318061124794667" lon="114.1866191782941"><ele>15.969060875099032</ele><time>2024-01-06T05:31:02Z</time></trkpt><trkpt lat="22.318063094528338" lon="114.18664619224137"><ele>16.348893852675666</ele><time>2024-01-06T05:31:04Z</time></trkpt><trkpt lat="22.31806252799921" lon="114.18666676848402"><ele>16.371908937784013</ele><time>2024-01-06T05:31:06Z</time></trkpt><trkpt lat="22.318052310119707" lon="114.186687419635"><ele>16.146110831396282</ele><time>2024-01-06T05:31:08Z</time></trkpt><trkpt lat="22.318046128074833" lon="114.18670864670901"><ele>15.550794262280203</ele><time>2024-01-06T05:31:10Z</time></trkpt><trkpt lat="22.318038117831424" lon="114.18673418884897"><ele>15.422294906094969</ele><time>2024-01-06T05:31:12Z</time></trkpt><trkpt lat="22.318034957890983" lon="114.18676137609671"><ele>15.172205579252312</ele><time>2024-01-06T05:31:14Z</time></trkpt><trkpt lat="22.318039730952187" lon="114.18680415710558"><ele>15.790606913722637</ele><time>2024-01-06T05:31:16Z</time></trkpt><trkpt lat="22.31804821284143" lon="114.18684350750672"><ele>16.383972819742908</ele><time>2024-01-06T05:31:18Z</time></trkpt><trkpt lat="22.318056393673096" lon="114.18686672958204"><ele>16.636567138790504</ele><time>2024-01-06T05:31:20Z</time></trkpt><trkpt lat="22.31806585734542" lon="114.1868925409515"><ele>16.876490414952144</ele><time>2024-01-06T05:31:22Z</time></trkpt><trkpt lat="22.318067280326392" lon="114.1869175412316"><ele>17.240150126910983</ele><time>2024-01-06T05:31:24Z</time></trkpt><trkpt lat="22.318066654550126" lon="114.18694725075034"><ele>17.20970437915045</ele><time>2024-01-06T05:31:26Z</time></trkpt><trkpt lat="22.31805155687106" lon="114.18697683822384"><ele>17.67731616916165</ele><time>2024-01-06T05:31:28Z</time></trkpt><trkpt lat="22.318030721649894" lon="114.18698775899877"><ele>17.02567221709272</ele><time>2024-01-06T05:31:32Z</time></trkpt><trkpt lat="22.31802025896446" lon="114.18700787862069"><ele>16.544204286066293</ele><time>2024-01-06T05:31:44Z</time></trkpt><trkpt lat="22.31801062956637" lon="114.18702938643507"><ele>18.572493860101478</ele><time>2024-01-06T05:31:50Z</time></trkpt><trkpt lat="22.318017072631815" lon="114.18705132778125"><ele>18.697197708142678</ele><time>2024-01-06T05:31:52Z</time></trkpt><trkpt lat="22.318022309946894" lon="114.18707055514481"><ele>18.914111134711725</ele><time>2024-01-06T05:31:54Z</time></trkpt><trkpt lat="22.318034140851925" lon="114.18710067236262"><ele>19.57885899062312</ele><time>2024-01-06T05:31:58Z</time></trkpt><trkpt lat="22.31804319569501" lon="114.18711808349691"><ele>19.645464906216954</ele><time>2024-01-06T05:32:00Z</time></trkpt><trkpt lat="22.31803110647744" lon="114.1871369833713"><ele>19.780503728793526</ele><time>2024-01-06T05:32:02Z</time></trkpt><trkpt lat="22.31804551219405" lon="114.18714904439794"><ele>19.893428263949982</ele><time>2024-01-06T05:32:04Z</time></trkpt><trkpt lat="22.318054539944054" lon="114.18717273814806"><ele>19.80955551883902</ele><time>2024-01-06T05:32:06Z</time></trkpt><trkpt lat="22.318035104877946" lon="114.18719657640045"><ele>19.7887338003948</ele><time>2024-01-06T05:32:08Z</time></trkpt><trkpt lat="22.31803477507447" lon="114.18722421705927"><ele>19.384753228988373</ele><time>2024-01-06T05:32:10Z</time></trkpt><trkpt lat="22.318043109638637" lon="114.18725154430349"><ele>19.400468439208264</ele><time>2024-01-06T05:32:12Z</time></trkpt><trkpt lat="22.318039380856717" lon="114.18727553052301"><ele>20.457941610134487</ele><time>2024-01-06T05:32:14Z</time></trkpt><trkpt lat="22.318033250062143" lon="114.18730787711128"><ele>22.137872426091633</ele><time>2024-01-06T05:32:16Z</time></trkpt><trkpt lat="22.3180270584228" lon="114.18732984379248"><ele>24.053242135397785</ele><time>2024-01-06T05:32:18Z</time></trkpt><trkpt lat="22.318006970101635" lon="114.18734855732956"><ele>24.71476687927476</ele><time>2024-01-06T05:32:20Z</time></trkpt><trkpt lat="22.31795572521228" lon="114.1873877616408"><ele>25.28229798228892</ele><time>2024-01-06T05:32:22Z</time></trkpt><trkpt lat="22.31793885357865" lon="114.18740962312407"><ele>25.29648186745644</ele><time>2024-01-06T05:32:24Z</time></trkpt><trkpt lat="22.31793479617757" lon="114.18743814272841"><ele>25.184590582176366</ele><time>2024-01-06T05:32:28Z</time></trkpt><trkpt lat="22.317958733140735" lon="114.18747734470043"><ele>25.93070922342981</ele><time>2024-01-06T05:32:32Z</time></trkpt><trkpt lat="22.317983610186978" lon="114.18748948490784"><ele>25.44957379101716</ele><time>2024-01-06T05:32:34Z</time></trkpt><trkpt lat="22.318010795507405" lon="114.18750781942873"><ele>25.502973096645203</ele><time>2024-01-06T05:32:36Z</time></trkpt><trkpt lat="22.31804275304898" lon="114.18752575662894"><ele>25.242921749379136</ele><time>2024-01-06T05:32:38Z</time></trkpt><trkpt lat="22.31807126893877" lon="114.18753963371775"><ele>24.78560521065558</ele><time>2024-01-06T05:32:42Z</time></trkpt><trkpt lat="22.31811300526594" lon="114.1875394591582"><ele>23.800750710365026</ele><time>2024-01-06T05:33:02Z</time></trkpt><trkpt lat="22.31811310668508" lon="114.18756640388361"><ele>22.591290142365402</ele><time>2024-01-06T05:33:04Z</time></trkpt><trkpt lat="22.318113237876265" lon="114.18760098093679"><ele>20.888017910259347</ele><time>2024-01-06T05:33:08Z</time></trkpt><trkpt lat="22.318117758295696" lon="114.18762297950784"><ele>20.536038178931356</ele><time>2024-01-06T05:33:10Z</time></trkpt><trkpt lat="22.31811533305331" lon="114.18765152419502"><ele>20.41218807771957</ele><time>2024-01-06T05:33:12Z</time></trkpt><trkpt lat="22.31809537544617" lon="114.18770575466752"><ele>18.78516387755398</ele><time>2024-01-06T05:33:16Z</time></trkpt><trkpt lat="22.318071355170787" lon="114.18773458805977"><ele>18.316910515795865</ele><time>2024-01-06T05:33:18Z</time></trkpt><trkpt lat="22.31805024047418" lon="114.18773823197745"><ele>18.37905328412179</ele><time>2024-01-06T05:33:20Z</time></trkpt><trkpt lat="22.31801326058109" lon="114.18773011643542"><ele>17.662912991539823</ele><time>2024-01-06T05:33:24Z</time></trkpt><trkpt lat="22.317992001253558" lon="114.18773597852464"><ele>17.30885244488939</ele><time>2024-01-06T05:33:26Z</time></trkpt><trkpt lat="22.317973058222922" lon="114.18774885166148"><ele>17.479712930104206</ele><time>2024-01-06T05:33:28Z</time></trkpt><trkpt lat="22.31795630683596" lon="114.18776368231653"><ele>17.424045932525125</ele><time>2024-01-06T05:33:30Z</time></trkpt><trkpt lat="22.317930910515447" lon="114.18777416738271"><ele>16.49483257113896</ele><time>2024-01-06T05:33:34Z</time></trkpt><trkpt lat="22.317916315111127" lon="114.1877908216839"><ele>16.084991136737976</ele><time>2024-01-06T05:33:36Z</time></trkpt><trkpt lat="22.317903678589083" lon="114.18780882194821"><ele>15.648752968372959</ele><time>2024-01-06T05:33:38Z</time></trkpt><trkpt lat="22.31789302511808" lon="114.18782508145013"><ele>15.348029665136199</ele><time>2024-01-06T05:33:40Z</time></trkpt><trkpt lat="22.31787720176101" lon="114.1878416957161"><ele>15.17400559606438</ele><time>2024-01-06T05:33:42Z</time></trkpt><trkpt lat="22.317860787239088" lon="114.18786111881332"><ele>15.172165285867125</ele><time>2024-01-06T05:33:44Z</time></trkpt><trkpt lat="22.317845218003146" lon="114.18787897105764"><ele>15.483603709198174</ele><time>2024-01-06T05:33:46Z</time></trkpt><trkpt lat="22.317837568589116" lon="114.18789848428679"><ele>15.249796207295843</ele><time>2024-01-06T05:33:48Z</time></trkpt><trkpt lat="22.31782167270815" lon="114.18790895054171"><ele>14.453497130414632</ele><time>2024-01-06T05:33:50Z</time></trkpt><trkpt lat="22.317805934635672" lon="114.18792149579242"><ele>14.439513841621869</ele><time>2024-01-06T05:33:52Z</time></trkpt><trkpt lat="22.317787187663733" lon="114.18793804764131"><ele>14.624912171992817</ele><time>2024-01-06T05:33:54Z</time></trkpt><trkpt lat="22.317773981345088" lon="114.18795936553302"><ele>14.557779325815924</ele><time>2024-01-06T05:33:56Z</time></trkpt><trkpt lat="22.317758478128194" lon="114.18798126599917"><ele>14.378204114928495</ele><time>2024-01-06T05:33:58Z</time></trkpt><trkpt lat="22.31774530721698" lon="114.18800780937441"><ele>13.80335478500364</ele><time>2024-01-06T05:34:00Z</time></trkpt><trkpt lat="22.317734585896886" lon="114.18803037732278"><ele>13.263673143069004</ele><time>2024-01-06T05:34:02Z</time></trkpt><trkpt lat="22.317725198800513" lon="114.1880542148485"><ele>12.662874363578531</ele><time>2024-01-06T05:34:04Z</time></trkpt><trkpt lat="22.317716365328625" lon="114.18807625145152"><ele>12.535353890960595</ele><time>2024-01-06T05:34:06Z</time></trkpt><trkpt lat="22.317711616265203" lon="114.18809913933708"><ele>12.293503073979878</ele><time>2024-01-06T05:34:08Z</time></trkpt><trkpt lat="22.317707524381397" lon="114.18812477298474"><ele>12.093122787645626</ele><time>2024-01-06T05:34:10Z</time></trkpt><trkpt lat="22.317697849164286" lon="114.1881488302298"><ele>11.505607871552996</ele><time>2024-01-06T05:34:12Z</time></trkpt><trkpt lat="22.31768839191796" lon="114.18817050703288"><ele>10.59892598455903</ele><time>2024-01-06T05:34:14Z</time></trkpt><trkpt lat="22.317679385507372" lon="114.18819116711596"><ele>10.005930903732732</ele><time>2024-01-06T05:34:16Z</time></trkpt><trkpt lat="22.31766622550664" lon="114.18821053351701"><ele>9.928128039729852</ele><time>2024-01-06T05:34:18Z</time></trkpt><trkpt lat="22.317652465435284" lon="114.18822590149139"><ele>9.85069200060402</ele><time>2024-01-06T05:34:20Z</time></trkpt><trkpt lat="22.317625281414134" lon="114.18825192580168"><ele>10.109530409367363</ele><time>2024-01-06T05:34:24Z</time></trkpt><trkpt lat="22.317606105184804" lon="114.1882625027305"><ele>10.42007543941542</ele><time>2024-01-06T05:34:26Z</time></trkpt><trkpt lat="22.31759115380299" lon="114.18827637665186"><ele>10.920343496241047</ele><time>2024-01-06T05:34:28Z</time></trkpt><trkpt lat="22.31757615633691" lon="114.1882996203827"><ele>10.425108788787222</ele><time>2024-01-06T05:34:32Z</time></trkpt><trkpt lat="22.317586440122625" lon="114.18833278356736"><ele>9.523737544939491</ele><time>2024-01-06T05:34:36Z</time></trkpt><trkpt lat="22.317588985294623" lon="114.1883599464863"><ele>9.841488280061808</ele><time>2024-01-06T05:34:38Z</time></trkpt><trkpt lat="22.317587799616625" lon="114.18838054522686"><ele>11.636669778153681</ele><time>2024-01-06T05:34:40Z</time></trkpt><trkpt lat="22.317583629036285" lon="114.18840820417688"><ele>11.93087948480961</ele><time>2024-01-06T05:34:42Z</time></trkpt><trkpt lat="22.31758074165047" lon="114.18843560451991"><ele>12.063696344172543</ele><time>2024-01-06T05:34:44Z</time></trkpt><trkpt lat="22.31757638661751" lon="114.18845738154467"><ele>12.288309425792805</ele><time>2024-01-06T05:34:46Z</time></trkpt><trkpt lat="22.31756962244849" lon="114.18849198862671"><ele>12.30055990134694</ele><time>2024-01-06T05:34:50Z</time></trkpt><trkpt lat="22.31753989689936" lon="114.18852152592189"><ele>12.126307365682827</ele><time>2024-01-06T05:34:54Z</time></trkpt><trkpt lat="22.317522333755186" lon="114.18854465249937"><ele>12.274604194636838</ele><time>2024-01-06T05:34:56Z</time></trkpt><trkpt lat="22.31750263922871" lon="114.1885702071747"><ele>12.286327881713696</ele><time>2024-01-06T05:34:58Z</time></trkpt><trkpt lat="22.31747106208968" lon="114.18859581105733"><ele>12.13054464709448</ele><time>2024-01-06T05:35:00Z</time></trkpt><trkpt lat="22.31744879744663" lon="114.18862471229897"><ele>12.389549325932688</ele><time>2024-01-06T05:35:02Z</time></trkpt><trkpt lat="22.3174199720421" lon="114.18863217631545"><ele>12.969955982817838</ele><time>2024-01-06T05:35:04Z</time></trkpt><trkpt lat="22.31739924377098" lon="114.18862754961975"><ele>13.308751614137135</ele><time>2024-01-06T05:35:06Z</time></trkpt><trkpt lat="22.31737194132183" lon="114.18862721256497"><ele>14.443721157230794</ele><time>2024-01-06T05:35:10Z</time></trkpt><trkpt lat="22.317350975887795" lon="114.18863371316067"><ele>15.193772208952154</ele><time>2024-01-06T05:35:12Z</time></trkpt><trkpt lat="22.31731158462811" lon="114.18863560081313"><ele>15.559357142676227</ele><time>2024-01-06T05:35:14Z</time></trkpt><trkpt lat="22.317290546185838" lon="114.18864928900757"><ele>16.02078318807795</ele><time>2024-01-06T05:35:16Z</time></trkpt><trkpt lat="22.317276787183538" lon="114.1886654250858"><ele>16.408437460411943</ele><time>2024-01-06T05:35:18Z</time></trkpt><trkpt lat="22.317261674053956" lon="114.18867907226576"><ele>16.800085566140925</ele><time>2024-01-06T05:35:20Z</time></trkpt><trkpt lat="22.31724475031919" lon="114.18870067214016"><ele>18.065823893845636</ele><time>2024-01-06T05:35:22Z</time></trkpt><trkpt lat="22.3172336445395" lon="114.18872360771887"><ele>19.253406115283823</ele><time>2024-01-06T05:35:24Z</time></trkpt><trkpt lat="22.31722870537291" lon="114.18874578274459"><ele>20.01008829244561</ele><time>2024-01-06T05:35:26Z</time></trkpt><trkpt lat="22.31721842914081" lon="114.1887692177025"><ele>20.42517315608394</ele><time>2024-01-06T05:35:28Z</time></trkpt><trkpt lat="22.31720764082256" lon="114.1887956691623"><ele>20.849747270553706</ele><time>2024-01-06T05:35:30Z</time></trkpt><trkpt lat="22.317202979163287" lon="114.1888249332465"><ele>21.27321620506488</ele><time>2024-01-06T05:35:32Z</time></trkpt><trkpt lat="22.31720338672117" lon="114.18885477521528"><ele>21.872661081165003</ele><time>2024-01-06T05:35:34Z</time></trkpt><trkpt lat="22.317200042754514" lon="114.18887888117986"><ele>22.439719240802006</ele><time>2024-01-06T05:35:36Z</time></trkpt><trkpt lat="22.31719596988596" lon="114.18891883765424"><ele>22.9577505346683</ele><time>2024-01-06T05:35:38Z</time></trkpt><trkpt lat="22.31718742748765" lon="114.18895502719698"><ele>23.15669509286598</ele><time>2024-01-06T05:35:40Z</time></trkpt><trkpt lat="22.317172062095" lon="114.18897698228557"><ele>23.82622533539298</ele><time>2024-01-06T05:35:42Z</time></trkpt><trkpt lat="22.31716006729253" lon="114.18899761712574"><ele>23.666841617132707</ele><time>2024-01-06T05:35:44Z</time></trkpt><trkpt lat="22.31715842835504" lon="114.18903100500854"><ele>23.2378782158871</ele><time>2024-01-06T05:35:48Z</time></trkpt><trkpt lat="22.317175297196076" lon="114.18904085996732"><ele>22.990954424349788</ele><time>2024-01-06T05:35:50Z</time></trkpt><trkpt lat="22.31720018207573" lon="114.18904272446295"><ele>22.795085637056193</ele><time>2024-01-06T05:35:52Z</time></trkpt><trkpt lat="22.31723506849839" lon="114.18904946431137"><ele>22.98294474263023</ele><time>2024-01-06T05:35:56Z</time></trkpt><trkpt lat="22.31725450182789" lon="114.189059392477"><ele>23.11906019631448</ele><time>2024-01-06T05:35:58Z</time></trkpt><trkpt lat="22.31727518059604" lon="114.18906570767236"><ele>23.110043686503158</ele><time>2024-01-06T05:36:00Z</time></trkpt><trkpt lat="22.317291841687638" lon="114.18904306300608"><ele>22.737203384161493</ele><time>2024-01-06T05:36:04Z</time></trkpt><trkpt lat="22.317302071580396" lon="114.18902658102284"><ele>22.787906115459716</ele><time>2024-01-06T05:36:06Z</time></trkpt><trkpt lat="22.317326912911103" lon="114.18900057237464"><ele>23.421068330782834</ele><time>2024-01-06T05:36:10Z</time></trkpt><trkpt lat="22.31728718384594" lon="114.18899322278828"><ele>23.71016954104563</ele><time>2024-01-06T05:36:18Z</time></trkpt><trkpt lat="22.31726614345113" lon="114.18898181179478"><ele>24.043103930413583</ele><time>2024-01-06T05:36:20Z</time></trkpt><trkpt lat="22.317236689723654" lon="114.18899955571962"><ele>24.058820771715435</ele><time>2024-01-06T05:36:24Z</time></trkpt><trkpt lat="22.317222741270502" lon="114.18901869393578"><ele>24.313671014251838</ele><time>2024-01-06T05:36:28Z</time></trkpt><trkpt lat="22.317193494491384" lon="114.18901290445439"><ele>24.7843771401409</ele><time>2024-01-06T05:36:32Z</time></trkpt><trkpt lat="22.31717508514446" lon="114.18901664228189"><ele>24.363898531305008</ele><time>2024-01-06T05:36:34Z</time></trkpt><trkpt lat="22.31713379387637" lon="114.18905534620905"><ele>26.145319646902944</ele><time>2024-01-06T05:36:38Z</time></trkpt><trkpt lat="22.31712002328729" lon="114.18908769962009"><ele>27.329559448356264</ele><time>2024-01-06T05:36:40Z</time></trkpt><trkpt lat="22.31714954518149" lon="114.18913525672137"><ele>27.41474050191583</ele><time>2024-01-06T05:36:50Z</time></trkpt><trkpt lat="22.31713855707708" lon="114.18916730909021"><ele>26.50509568458833</ele><time>2024-01-06T05:36:54Z</time></trkpt><trkpt lat="22.317120473763598" lon="114.18916142953101"><ele>26.27648516428379</ele><time>2024-01-06T05:36:56Z</time></trkpt><trkpt lat="22.317102901648724" lon="114.18914700872917"><ele>26.32420585671245</ele><time>2024-01-06T05:36:58Z</time></trkpt><trkpt lat="22.317076263272895" lon="114.18912371468997"><ele>26.057417811900457</ele><time>2024-01-06T05:37:02Z</time></trkpt><trkpt lat="22.31705342761366" lon="114.18913383092966"><ele>26.028287126776924</ele><time>2024-01-06T05:37:04Z</time></trkpt><trkpt lat="22.31702717944856" lon="114.18914125090858"><ele>25.788416448543053</ele><time>2024-01-06T05:37:06Z</time></trkpt><trkpt lat="22.31699936038528" lon="114.1891483964188"><ele>24.888036157869536</ele><time>2024-01-06T05:37:08Z</time></trkpt><trkpt lat="22.31698238231126" lon="114.18917471506684"><ele>24.094173001980977</ele><time>2024-01-06T05:37:10Z</time></trkpt><trkpt lat="22.31697509877215" lon="114.18919385175536"><ele>22.415797622050857</ele><time>2024-01-06T05:37:14Z</time></trkpt><trkpt lat="22.316951029979254" lon="114.18918612871508"><ele>21.539334141354473</ele><time>2024-01-06T05:37:16Z</time></trkpt><trkpt lat="22.31693279577023" lon="114.18918455107925"><ele>21.16810000783572</ele><time>2024-01-06T05:37:18Z</time></trkpt><trkpt lat="22.31691385635722" lon="114.18917666839926"><ele>20.287508754932688</ele><time>2024-01-06T05:37:20Z</time></trkpt><trkpt lat="22.316867203246993" lon="114.1891837091837"><ele>19.866792531615804</ele><time>2024-01-06T05:37:22Z</time></trkpt><trkpt lat="22.316832968001393" lon="114.18920073432197"><ele>19.378661799353672</ele><time>2024-01-06T05:37:24Z</time></trkpt><trkpt lat="22.316805837495377" lon="114.18922301539402"><ele>19.23140016520997</ele><time>2024-01-06T05:37:26Z</time></trkpt><trkpt lat="22.316780598317003" lon="114.18925104174542"><ele>18.99687245522077</ele><time>2024-01-06T05:37:28Z</time></trkpt><trkpt lat="22.316763580877375" lon="114.18927941953"><ele>19.28736353860886</ele><time>2024-01-06T05:37:30Z</time></trkpt><trkpt lat="22.31675202176683" lon="114.18930054007372"><ele>19.786728168957055</ele><time>2024-01-06T05:37:32Z</time></trkpt><trkpt lat="22.31674251295214" lon="114.18932328479649"><ele>20.395507049206206</ele><time>2024-01-06T05:37:34Z</time></trkpt><trkpt lat="22.31672646697532" lon="114.18934110955497"><ele>20.428677115381902</ele><time>2024-01-06T05:37:36Z</time></trkpt><trkpt lat="22.31671342216856" lon="114.1893607123567"><ele>20.177325961700838</ele><time>2024-01-06T05:37:38Z</time></trkpt><trkpt lat="22.316703542207946" lon="114.18938848326195"><ele>20.310020023162885</ele><time>2024-01-06T05:37:40Z</time></trkpt><trkpt lat="22.31668614456268" lon="114.18940983136117"><ele>20.26896005427333</ele><time>2024-01-06T05:37:42Z</time></trkpt><trkpt lat="22.31666608784146" lon="114.18943560920354"><ele>20.374857697019692</ele><time>2024-01-06T05:37:44Z</time></trkpt><trkpt lat="22.316653028526833" lon="114.18946438135693"><ele>20.295647241019</ele><time>2024-01-06T05:37:46Z</time></trkpt><trkpt lat="22.316641177219466" lon="114.18948308086621"><ele>20.302519483595376</ele><time>2024-01-06T05:37:48Z</time></trkpt><trkpt lat="22.31662214180122" lon="114.18949077727359"><ele>22.040794688682055</ele><time>2024-01-06T05:37:56Z</time></trkpt><trkpt lat="22.31658617485647" lon="114.18951354169664"><ele>21.042490901249412</ele><time>2024-01-06T05:38:00Z</time></trkpt><trkpt lat="22.316569581815255" lon="114.18952960508062"><ele>21.05699770827183</ele><time>2024-01-06T05:38:02Z</time></trkpt><trkpt lat="22.316567698379643" lon="114.18955446023992"><ele>20.078882768171134</ele><time>2024-01-06T05:38:04Z</time></trkpt><trkpt lat="22.316563781218807" lon="114.18957875843361"><ele>19.716519901535815</ele><time>2024-01-06T05:38:06Z</time></trkpt><trkpt lat="22.316558154288202" lon="114.18959725675198"><ele>19.191896486115752</ele><time>2024-01-06T05:38:08Z</time></trkpt><trkpt lat="22.316541678601" lon="114.1896155469781"><ele>17.72942944604077</ele><time>2024-01-06T05:38:12Z</time></trkpt><trkpt lat="22.316562264253495" lon="114.18965533773797"><ele>18.418360556237026</ele><time>2024-01-06T05:38:16Z</time></trkpt><trkpt lat="22.316572970572523" lon="114.18968877389814"><ele>18.647921279903688</ele><time>2024-01-06T05:38:18Z</time></trkpt><trkpt lat="22.3165741146618" lon="114.18971302748888"><ele>18.983358472521704</ele><time>2024-01-06T05:38:20Z</time></trkpt><trkpt lat="22.316585115544875" lon="114.18972866338164"><ele>19.09659255570341</ele><time>2024-01-06T05:38:32Z</time></trkpt><trkpt lat="22.316593906305098" lon="114.1897740891279"><ele>19.433355141646665</ele><time>2024-01-06T05:39:06Z</time></trkpt><trkpt lat="22.31658431633756" lon="114.18979099340385"><ele>20.099234629383613</ele><time>2024-01-06T05:39:08Z</time></trkpt><trkpt lat="22.316566585954558" lon="114.18979857791146"><ele>20.332788142802592</ele><time>2024-01-06T05:39:10Z</time></trkpt><trkpt lat="22.316519422599523" lon="114.1898401744612"><ele>20.496381924067002</ele><time>2024-01-06T05:39:12Z</time></trkpt><trkpt lat="22.316481445743758" lon="114.18987512416896"><ele>20.165900723728342</ele><time>2024-01-06T05:39:14Z</time></trkpt><trkpt lat="22.316465883923154" lon="114.1898866535686"><ele>19.499399333221007</ele><time>2024-01-06T05:39:16Z</time></trkpt><trkpt lat="22.31645056240659" lon="114.18993124020044"><ele>17.659443087915463</ele><time>2024-01-06T05:39:20Z</time></trkpt><trkpt lat="22.316439849587596" lon="114.18994997486763"><ele>16.67842092791517</ele><time>2024-01-06T05:39:24Z</time></trkpt><trkpt lat="22.316418706397812" lon="114.18996245270047"><ele>16.640853433472042</ele><time>2024-01-06T05:39:26Z</time></trkpt><trkpt lat="22.316390937235294" lon="114.1899527456823"><ele>16.827735026371624</ele><time>2024-01-06T05:39:30Z</time></trkpt><trkpt lat="22.316387421156122" lon="114.18992342385647"><ele>15.761681070197882</ele><time>2024-01-06T05:39:34Z</time></trkpt><trkpt lat="22.31637848495291" lon="114.18990410010072"><ele>14.828169139629146</ele><time>2024-01-06T05:39:38Z</time></trkpt><trkpt lat="22.316359036574088" lon="114.18989166896068"><ele>14.413993854275155</ele><time>2024-01-06T05:39:42Z</time></trkpt><trkpt lat="22.316319456894416" lon="114.18988662459907"><ele>13.543591363658345</ele><time>2024-01-06T05:39:46Z</time></trkpt><trkpt lat="22.316281735249582" lon="114.1898909705002"><ele>13.384490333047053</ele><time>2024-01-06T05:39:48Z</time></trkpt><trkpt lat="22.316248625498897" lon="114.18989791457601"><ele>13.138272024761648</ele><time>2024-01-06T05:39:50Z</time></trkpt><trkpt lat="22.316229571307595" lon="114.18990380959798"><ele>12.873766489144042</ele><time>2024-01-06T05:39:52Z</time></trkpt><trkpt lat="22.316210158250396" lon="114.18990969452607"><ele>12.418765762418463</ele><time>2024-01-06T05:39:54Z</time></trkpt><trkpt lat="22.316183167106445" lon="114.18991253044207"><ele>11.951548417530113</ele><time>2024-01-06T05:39:56Z</time></trkpt><trkpt lat="22.316149309295426" lon="114.18991478423324"><ele>11.570961226136639</ele><time>2024-01-06T05:39:58Z</time></trkpt><trkpt lat="22.316120524540445" lon="114.18991355832362"><ele>10.79057809431448</ele><time>2024-01-06T05:40:00Z</time></trkpt><trkpt lat="22.316103313675196" lon="114.1899258728997"><ele>10.529518877169002</ele><time>2024-01-06T05:40:02Z</time></trkpt><trkpt lat="22.316090303042984" lon="114.18994953102218"><ele>9.895488793749793</ele><time>2024-01-06T05:40:04Z</time></trkpt><trkpt lat="22.316075683656866" lon="114.18997825187257"><ele>9.80910021721807</ele><time>2024-01-06T05:40:08Z</time></trkpt><trkpt lat="22.31606544572492" lon="114.189994481012"><ele>9.49929895308882</ele><time>2024-01-06T05:40:10Z</time></trkpt><trkpt lat="22.316057996245767" lon="114.19004020493055"><ele>9.492926371127572</ele><time>2024-01-06T05:40:14Z</time></trkpt><trkpt lat="22.316067262329817" lon="114.19008192569314"><ele>9.34515989183332</ele><time>2024-01-06T05:40:16Z</time></trkpt><trkpt lat="22.31604804469073" lon="114.19011015661249"><ele>10.040798536998915</ele><time>2024-01-06T05:40:18Z</time></trkpt><trkpt lat="22.31602710720164" lon="114.190134683983"><ele>9.788109438915637</ele><time>2024-01-06T05:40:20Z</time></trkpt><trkpt lat="22.316008728173035" lon="114.19015338018752"><ele>10.1604106629881</ele><time>2024-01-06T05:40:22Z</time></trkpt><trkpt lat="22.315983601449997" lon="114.19017433409063"><ele>10.381792831549097</ele><time>2024-01-06T05:40:26Z</time></trkpt><trkpt lat="22.315972537559915" lon="114.1901970646875"><ele>10.377756287233634</ele><time>2024-01-06T05:40:28Z</time></trkpt><trkpt lat="22.315948576657348" lon="114.19022118130869"><ele>10.043357058324062</ele><time>2024-01-06T05:40:32Z</time></trkpt><trkpt lat="22.31594056814112" lon="114.19024035589396"><ele>9.496795900570588</ele><time>2024-01-06T05:40:36Z</time></trkpt><trkpt lat="22.315922929804007" lon="114.19026338992106"><ele>10.155771690679714</ele><time>2024-01-06T05:40:40Z</time></trkpt><trkpt lat="22.31591429664322" lon="114.19028973451601"><ele>11.298032715955834</ele><time>2024-01-06T05:40:44Z</time></trkpt><trkpt lat="22.315904239213662" lon="114.19033234737519"><ele>11.996336028275287</ele><time>2024-01-06T05:40:48Z</time></trkpt><trkpt lat="22.315891781851402" lon="114.19035100552357"><ele>12.196937427283727</ele><time>2024-01-06T05:40:50Z</time></trkpt><trkpt lat="22.31587330069126" lon="114.19036286566823"><ele>11.988693027811689</ele><time>2024-01-06T05:40:52Z</time></trkpt><trkpt lat="22.315858863667586" lon="114.19037773278669"><ele>11.91386375580911</ele><time>2024-01-06T05:40:54Z</time></trkpt><trkpt lat="22.31584078109264" lon="114.19039366910201"><ele>11.817615668694692</ele><time>2024-01-06T05:40:56Z</time></trkpt><trkpt lat="22.315819807978933" lon="114.19040634631239"><ele>11.7738817505462</ele><time>2024-01-06T05:40:58Z</time></trkpt><trkpt lat="22.31580232603355" lon="114.19041227506376"><ele>12.054700508515305</ele><time>2024-01-06T05:41:00Z</time></trkpt><trkpt lat="22.315770209635048" lon="114.19041684480037"><ele>12.497528900103445</ele><time>2024-01-06T05:41:02Z</time></trkpt><trkpt lat="22.315736633843876" lon="114.19042347801604"><ele>12.49907036088927</ele><time>2024-01-06T05:41:04Z</time></trkpt><trkpt lat="22.3157124001292" lon="114.19043862474537"><ele>11.875262996336042</ele><time>2024-01-06T05:41:06Z</time></trkpt><trkpt lat="22.315681252947655" lon="114.19046464698519"><ele>10.716383972392878</ele><time>2024-01-06T05:41:10Z</time></trkpt><trkpt lat="22.315667863207878" lon="114.19047806523379"><ele>11.71741506146691</ele><time>2024-01-06T05:41:12Z</time></trkpt><trkpt lat="22.315651317960533" lon="114.1904954972298"><ele>12.972305162299246</ele><time>2024-01-06T05:41:14Z</time></trkpt><trkpt lat="22.31563155028631" lon="114.19051531483825"><ele>14.08851750998517</ele><time>2024-01-06T05:41:16Z</time></trkpt><trkpt lat="22.31561553235093" lon="114.19053122533361"><ele>14.347172184828382</ele><time>2024-01-06T05:41:18Z</time></trkpt><trkpt lat="22.31560356501877" lon="114.19055990590786"><ele>15.254144875799975</ele><time>2024-01-06T05:41:20Z</time></trkpt><trkpt lat="22.315585933674296" lon="114.1905698780437"><ele>15.127986820346406</ele><time>2024-01-06T05:41:22Z</time></trkpt><trkpt lat="22.315548237780597" lon="114.190570131952"><ele>14.544613878705961</ele><time>2024-01-06T05:41:26Z</time></trkpt><trkpt lat="22.31552763028992" lon="114.1905705592371"><ele>13.344131592109173</ele><time>2024-01-06T05:41:28Z</time></trkpt><trkpt lat="22.315525488041324" lon="114.19059681213012"><ele>13.338060527920987</ele><time>2024-01-06T05:41:30Z</time></trkpt><trkpt lat="22.315520068654042" lon="114.19064601399185"><ele>11.871906750432453</ele><time>2024-01-06T05:41:34Z</time></trkpt><trkpt lat="22.31550162200774" lon="114.19065628347764"><ele>11.728157588577579</ele><time>2024-01-06T05:41:36Z</time></trkpt><trkpt lat="22.315495821078823" lon="114.1906830748043"><ele>12.034186310437839</ele><time>2024-01-06T05:41:38Z</time></trkpt><trkpt lat="22.315484981666955" lon="114.19070621749695"><ele>11.94415381824764</ele><time>2024-01-06T05:41:40Z</time></trkpt><trkpt lat="22.31546963554779" lon="114.19072283845146"><ele>11.663723286119582</ele><time>2024-01-06T05:41:42Z</time></trkpt><trkpt lat="22.315453973828852" lon="114.1907465006542"><ele>11.669784971339581</ele><time>2024-01-06T05:41:44Z</time></trkpt><trkpt lat="22.315435742196602" lon="114.19076475948106"><ele>11.686799642356306</ele><time>2024-01-06T05:41:46Z</time></trkpt><trkpt lat="22.31541683900896" lon="114.19077923412488"><ele>12.037758370974371</ele><time>2024-01-06T05:41:48Z</time></trkpt><trkpt lat="22.315399740814318" lon="114.19079187546471"><ele>11.580119761482408</ele><time>2024-01-06T05:41:50Z</time></trkpt><trkpt lat="22.315381621464148" lon="114.19080042047713"><ele>11.80191180380879</ele><time>2024-01-06T05:41:52Z</time></trkpt><trkpt lat="22.315367224049087" lon="114.19082480883692"><ele>11.39148336612741</ele><time>2024-01-06T05:41:54Z</time></trkpt><trkpt lat="22.315366172552203" lon="114.1908554712106"><ele>11.723806115315435</ele><time>2024-01-06T05:41:56Z</time></trkpt><trkpt lat="22.315362752567886" lon="114.19088477722826"><ele>12.034583677446674</ele><time>2024-01-06T05:41:58Z</time></trkpt><trkpt lat="22.315362109765765" lon="114.19090887224921"><ele>12.750963860427596</ele><time>2024-01-06T05:42:06Z</time></trkpt><trkpt lat="22.315363317440323" lon="114.19093258383501"><ele>13.078825480335226</ele><time>2024-01-06T05:42:08Z</time></trkpt><trkpt lat="22.315412971121432" lon="114.19101717737908"><ele>13.076968638946088</ele><time>2024-01-06T05:42:12Z</time></trkpt><trkpt lat="22.315435029494907" lon="114.19105347314884"><ele>12.386260856245153</ele><time>2024-01-06T05:42:14Z</time></trkpt><trkpt lat="22.315448340043535" lon="114.1910895327326"><ele>11.988108061483725</ele><time>2024-01-06T05:42:18Z</time></trkpt><trkpt lat="22.3154738169687" lon="114.19110026559265"><ele>12.549116338990665</ele><time>2024-01-06T05:42:20Z</time></trkpt><trkpt lat="22.315497654802115" lon="114.19111100832886"><ele>12.354397358805091</ele><time>2024-01-06T05:42:22Z</time></trkpt><trkpt lat="22.31554724712912" lon="114.19108732029105"><ele>11.376033934241326</ele><time>2024-01-06T05:42:24Z</time></trkpt><trkpt lat="22.315600608712046" lon="114.19107534008714"><ele>9.078908110072865</ele><time>2024-01-06T05:42:26Z</time></trkpt><trkpt lat="22.315641939741003" lon="114.19106427296434"><ele>7.317831135473301</ele><time>2024-01-06T05:42:28Z</time></trkpt><trkpt lat="22.31566089817622" lon="114.19107121907541"><ele>7.463191527034898</ele><time>2024-01-06T05:42:30Z</time></trkpt><trkpt lat="22.315676638451414" lon="114.191083968323"><ele>7.634492395675047</ele><time>2024-01-06T05:42:32Z</time></trkpt><trkpt lat="22.315691900129206" lon="114.19110154940336"><ele>7.195135459931528</ele><time>2024-01-06T05:42:34Z</time></trkpt><trkpt lat="22.315688149080298" lon="114.19112322055547"><ele>6.736072881177235</ele><time>2024-01-06T05:42:36Z</time></trkpt><trkpt lat="22.31568579972042" lon="114.19114273263347"><ele>6.111737234258869</ele><time>2024-01-06T05:42:38Z</time></trkpt><trkpt lat="22.315668324784976" lon="114.1911729671682"><ele>5.410224650095448</ele><time>2024-01-06T05:42:40Z</time></trkpt><trkpt lat="22.31564487393846" lon="114.1912135871289"><ele>4.402560922757486</ele><time>2024-01-06T05:42:42Z</time></trkpt><trkpt lat="22.315622636687777" lon="114.19125275676001"><ele>3.7689206111709193</ele><time>2024-01-06T05:42:44Z</time></trkpt><trkpt lat="22.315600674911778" lon="114.1912788894393"><ele>3.241904184391052</ele><time>2024-01-06T05:42:46Z</time></trkpt><trkpt lat="22.31558698037171" lon="114.19130932167147"><ele>2.945790069979766</ele><time>2024-01-06T05:42:48Z</time></trkpt><trkpt lat="22.315591132262718" lon="114.1913462300363"><ele>2.3341491361104243</ele><time>2024-01-06T05:42:50Z</time></trkpt><trkpt lat="22.315603160904736" lon="114.19137918101937"><ele>1.4281575695538422</ele><time>2024-01-06T05:42:52Z</time></trkpt><trkpt lat="22.315607420870467" lon="114.19141817787956"><ele>1.1326623751389695</ele><time>2024-01-06T05:42:54Z</time></trkpt><trkpt lat="22.3156139577635" lon="114.19144879928136"><ele>1.0544317088210735</ele><time>2024-01-06T05:42:56Z</time></trkpt><trkpt lat="22.315622487350204" lon="114.19146938412894"><ele>1.0517971465122011</ele><time>2024-01-06T05:42:58Z</time></trkpt><trkpt lat="22.31563119520033" lon="114.19148888797469"><ele>1.2342801273728519</ele><time>2024-01-06T05:43:00Z</time></trkpt><trkpt lat="22.31563412922507" lon="114.19151769211065"><ele>1.0648393482510299</ele><time>2024-01-06T05:43:02Z</time></trkpt><trkpt lat="22.315633096498033" lon="114.1915485654912"><ele>0.8643423352117043</ele><time>2024-01-06T05:43:04Z</time></trkpt><trkpt lat="22.315631713923217" lon="114.19157461330309"><ele>0.9194330328750067</ele><time>2024-01-06T05:43:06Z</time></trkpt><trkpt lat="22.315625564598506" lon="114.19160084495422"><ele>0.5351059505959457</ele><time>2024-01-06T05:43:08Z</time></trkpt><trkpt lat="22.315613079160585" lon="114.19162354712873"><ele>0.43288507235085955</ele><time>2024-01-06T05:43:10Z</time></trkpt><trkpt lat="22.315602104692946" lon="114.19164960873933"><ele>0.3353244541081784</ele><time>2024-01-06T05:43:12Z</time></trkpt><trkpt lat="22.31560158502435" lon="114.19168262826312"><ele>-0.34057769607759575</ele><time>2024-01-06T05:43:14Z</time></trkpt><trkpt lat="22.31559133915907" lon="114.19171331232027"><ele>-0.5515052819544443</ele><time>2024-01-06T05:43:16Z</time></trkpt><trkpt lat="22.315588379490215" lon="114.19174678606771"><ele>-1.0421236072777005</ele><time>2024-01-06T05:43:18Z</time></trkpt><trkpt lat="22.31558355031718" lon="114.19177858872786"><ele>-1.7677332105076788</ele><time>2024-01-06T05:43:20Z</time></trkpt><trkpt lat="22.31557238440783" lon="114.1918021904211"><ele>-2.055074181572796</ele><time>2024-01-06T05:43:22Z</time></trkpt><trkpt lat="22.315560996342708" lon="114.19182455099745"><ele>-2.3982185293201597</ele><time>2024-01-06T05:43:24Z</time></trkpt><trkpt lat="22.31555588961745" lon="114.19184723367154"><ele>-2.71234376890444</ele><time>2024-01-06T05:43:26Z</time></trkpt><trkpt lat="22.315554241133857" lon="114.19186675146466"><ele>-2.9883455605515237</ele><time>2024-01-06T05:43:28Z</time></trkpt><trkpt lat="22.315545213670234" lon="114.19188998697294"><ele>-4.128416199189463</ele><time>2024-01-06T05:43:32Z</time></trkpt><trkpt lat="22.31554246309684" lon="114.19191881371522"><ele>-4.386719074799684</ele><time>2024-01-06T05:43:36Z</time></trkpt><trkpt lat="22.31555057917104" lon="114.19195281724802"><ele>-4.7283212985477405</ele><time>2024-01-06T05:43:40Z</time></trkpt><trkpt lat="22.315557908117487" lon="114.19197427966661"><ele>-4.960458486479905</ele><time>2024-01-06T05:43:42Z</time></trkpt><trkpt lat="22.315547047556514" lon="114.19200257589333"><ele>-5.639516213334497</ele><time>2024-01-06T05:43:46Z</time></trkpt><trkpt lat="22.315536163643678" lon="114.19202147868258"><ele>-6.197839785429848</ele><time>2024-01-06T05:43:48Z</time></trkpt><trkpt lat="22.3155252168144" lon="114.19203904736796"><ele>-6.903831107681403</ele><time>2024-01-06T05:43:50Z</time></trkpt><trkpt lat="22.315513744315826" lon="114.19206062556027"><ele>-7.137538672101595</ele><time>2024-01-06T05:43:52Z</time></trkpt><trkpt lat="22.315500208557626" lon="114.19207600004385"><ele>-7.093001498921051</ele><time>2024-01-06T05:43:54Z</time></trkpt><trkpt lat="22.315487126260546" lon="114.19209711208788"><ele>-7.5670832093846485</ele><time>2024-01-06T05:43:56Z</time></trkpt><trkpt lat="22.31547983091979" lon="114.19211531791566"><ele>-7.513520541996573</ele><time>2024-01-06T05:43:58Z</time></trkpt><trkpt lat="22.315476035533106" lon="114.1921392218057"><ele>-7.530593639664015</ele><time>2024-01-06T05:44:00Z</time></trkpt><trkpt lat="22.315471093446845" lon="114.19216310380952"><ele>-7.487559288304688</ele><time>2024-01-06T05:44:02Z</time></trkpt><trkpt lat="22.31546479476802" lon="114.19218706535986"><ele>-7.248566671018364</ele><time>2024-01-06T05:44:04Z</time></trkpt><trkpt lat="22.315459215834007" lon="114.19220629621098"><ele>-7.2293177009870675</ele><time>2024-01-06T05:44:06Z</time></trkpt><trkpt lat="22.31545170129532" lon="114.19224004252109"><ele>-6.74507526766063</ele><time>2024-01-06T05:44:08Z</time></trkpt><trkpt lat="22.31544164050084" lon="114.19226844109582"><ele>-6.6533573410504525</ele><time>2024-01-06T05:44:10Z</time></trkpt><trkpt lat="22.31543705950843" lon="114.19228862589269"><ele>-6.614338395931253</ele><time>2024-01-06T05:44:12Z</time></trkpt><trkpt lat="22.31542741028975" lon="114.19231189980954"><ele>-6.489827494576179</ele><time>2024-01-06T05:44:14Z</time></trkpt><trkpt lat="22.315416039138498" lon="114.1923364821081"><ele>-6.484875637370841</ele><time>2024-01-06T05:44:16Z</time></trkpt><trkpt lat="22.315404556302077" lon="114.19235976110375"><ele>-6.516574336510417</ele><time>2024-01-06T05:44:18Z</time></trkpt><trkpt lat="22.315394207248158" lon="114.19238314783509"><ele>-6.6669983370650066</ele><time>2024-01-06T05:44:20Z</time></trkpt><trkpt lat="22.315378835810115" lon="114.19240032202894"><ele>-6.627246869553218</ele><time>2024-01-06T05:44:22Z</time></trkpt><trkpt lat="22.315362005739665" lon="114.19241768734172"><ele>-6.836431516446619</ele><time>2024-01-06T05:44:24Z</time></trkpt><trkpt lat="22.315341638249347" lon="114.19242983238257"><ele>-6.993944657130043</ele><time>2024-01-06T05:44:26Z</time></trkpt><trkpt lat="22.31531949229191" lon="114.19242650036114"><ele>-6.96228971359167</ele><time>2024-01-06T05:44:28Z</time></trkpt><trkpt lat="22.315294543770833" lon="114.19241640864102"><ele>-6.402118531803635</ele><time>2024-01-06T05:44:30Z</time></trkpt><trkpt lat="22.315269963985113" lon="114.19241758994873"><ele>-6.12921988937915</ele><time>2024-01-06T05:44:32Z</time></trkpt><trkpt lat="22.315244870991474" lon="114.19242944635924"><ele>-6.207884022568355</ele><time>2024-01-06T05:44:34Z</time></trkpt><trkpt lat="22.315224294510337" lon="114.19243896373375"><ele>-6.547694371152923</ele><time>2024-01-06T05:44:36Z</time></trkpt><trkpt lat="22.315197494038614" lon="114.19243852700217"><ele>-6.038232156729732</ele><time>2024-01-06T05:44:38Z</time></trkpt><trkpt lat="22.315170073890215" lon="114.19242945437185"><ele>-5.8228110648507165</ele><time>2024-01-06T05:44:40Z</time></trkpt><trkpt lat="22.31514550201431" lon="114.19241909126316"><ele>-6.0833707788100275</ele><time>2024-01-06T05:44:42Z</time></trkpt><trkpt lat="22.315122937975048" lon="114.192410923633"><ele>-5.842911934991534</ele><time>2024-01-06T05:44:44Z</time></trkpt><trkpt lat="22.31510180335122" lon="114.19239947197607"><ele>-5.717425709568151</ele><time>2024-01-06T05:44:46Z</time></trkpt><trkpt lat="22.3150823467382" lon="114.19238837135917"><ele>-5.717889561776293</ele><time>2024-01-06T05:44:48Z</time></trkpt><trkpt lat="22.315059773523057" lon="114.19238012577135"><ele>-5.543208741133785</ele><time>2024-01-06T05:44:50Z</time></trkpt><trkpt lat="22.31503460167633" lon="114.19238146822487"><ele>-5.781970451250898</ele><time>2024-01-06T05:44:52Z</time></trkpt><trkpt lat="22.31501672119428" lon="114.19238904082742"><ele>-6.2693197547081585</ele><time>2024-01-06T05:44:54Z</time></trkpt><trkpt lat="22.314982269333075" lon="114.19238809340877"><ele>-5.841049859997165</ele><time>2024-01-06T05:44:58Z</time></trkpt><trkpt lat="22.314967849076407" lon="114.19237610480857"><ele>-5.726763808482353</ele><time>2024-01-06T05:45:00Z</time></trkpt><trkpt lat="22.314947282555604" lon="114.19237455019778"><ele>-6.181738952971565</ele><time>2024-01-06T05:45:06Z</time></trkpt><trkpt lat="22.31496630659998" lon="114.19238535884251"><ele>-7.306950591985507</ele><time>2024-01-06T05:45:12Z</time></trkpt><trkpt lat="22.314987495338386" lon="114.19239433845937"><ele>-8.02614960511258</ele><time>2024-01-06T05:45:14Z</time></trkpt><trkpt lat="22.31500688251522" lon="114.1923917715331"><ele>-7.613140117915518</ele><time>2024-01-06T05:45:18Z</time></trkpt><trkpt lat="22.31501021658369" lon="114.19241669650431"><ele>-5.213822584765798</ele><time>2024-01-06T05:46:38Z</time></trkpt><trkpt lat="22.315029161198495" lon="114.19244226240212"><ele>-3.8995514066776247</ele><time>2024-01-06T05:46:42Z</time></trkpt><trkpt lat="22.315020883417084" lon="114.1924241761774"><ele>-1.4582613198888896</ele><time>2024-01-06T05:47:16Z</time></trkpt><trkpt lat="22.315002442076555" lon="114.19242010971313"><ele>0.1264091612501315</ele><time>2024-01-06T05:47:24Z</time></trkpt><trkpt lat="22.31498050615322" lon="114.19240749304004"><ele>0.6275305670299558</ele><time>2024-01-06T05:47:26Z</time></trkpt><trkpt lat="22.314964324380966" lon="114.19239339261647"><ele>0.7064161837839501</ele><time>2024-01-06T05:47:28Z</time></trkpt><trkpt lat="22.314940427148823" lon="114.19236257286366"><ele>0.15332511111382735</ele><time>2024-01-06T05:47:32Z</time></trkpt><trkpt lat="22.31493387721446" lon="114.19233433784304"><ele>-0.3797564076556007</ele><time>2024-01-06T05:47:34Z</time></trkpt><trkpt lat="22.31491061413571" lon="114.19232795649405"><ele>-1.364485086640061</ele><time>2024-01-06T05:47:38Z</time></trkpt><trkpt lat="22.314894152794384" lon="114.19234452913554"><ele>-1.451121357896469</ele><time>2024-01-06T05:47:40Z</time></trkpt><trkpt lat="22.314880487006132" lon="114.19236136984928"><ele>-1.7955223591894072</ele><time>2024-01-06T05:47:42Z</time></trkpt><trkpt lat="22.314863883916896" lon="114.19237586799099"><ele>-1.634833244013151</ele><time>2024-01-06T05:47:44Z</time></trkpt><trkpt lat="22.31484865574234" lon="114.19239553114996"><ele>-1.3168023152823367</ele><time>2024-01-06T05:47:46Z</time></trkpt><trkpt lat="22.31483697207487" lon="114.1924112417709"><ele>-0.9428971346821327</ele><time>2024-01-06T05:47:48Z</time></trkpt><trkpt lat="22.31480482178823" lon="114.19239901494538"><ele>-1.0291391982097364</ele><time>2024-01-06T05:47:52Z</time></trkpt><trkpt lat="22.31478228749518" lon="114.19238635763907"><ele>-0.42760010209293525</ele><time>2024-01-06T05:47:54Z</time></trkpt><trkpt lat="22.314763452913358" lon="114.19239548527999"><ele>-0.16866866951511553</ele><time>2024-01-06T05:47:58Z</time></trkpt><trkpt lat="22.314760963123494" lon="114.19241856859581"><ele>-0.2351517576508228</ele><time>2024-01-06T05:48:00Z</time></trkpt><trkpt lat="22.31476719269185" lon="114.1924410948434"><ele>-0.22288919314498043</ele><time>2024-01-06T05:48:02Z</time></trkpt><trkpt lat="22.314778572253367" lon="114.19245857507663"><ele>-0.5357466651055951</ele><time>2024-01-06T05:48:04Z</time></trkpt><trkpt lat="22.314770289355742" lon="114.19249221122928"><ele>-0.4370292226766051</ele><time>2024-01-06T05:48:08Z</time></trkpt><trkpt lat="22.31474633705988" lon="114.19251457209336"><ele>-0.21840262404232402</ele><time>2024-01-06T05:48:12Z</time></trkpt><trkpt lat="22.314769421972116" lon="114.19250922003299"><ele>1.4564327670141326</ele><time>2024-01-06T05:48:48Z</time></trkpt><trkpt lat="22.314790665111452" lon="114.19248198528501"><ele>0.9605391610739396</ele><time>2024-01-06T05:48:52Z</time></trkpt><trkpt lat="22.31478632330033" lon="114.19246011117464"><ele>1.1272127020366767</ele><time>2024-01-06T05:49:12Z</time></trkpt><trkpt lat="22.314775222417403" lon="114.19244262387335"><ele>1.2118538198147988</ele><time>2024-01-06T05:49:14Z</time></trkpt><trkpt lat="22.314767556808327" lon="114.19240987227563"><ele>1.2352285673274934</ele><time>2024-01-06T05:49:18Z</time></trkpt><trkpt lat="22.314790184914386" lon="114.19239874979787"><ele>0.9050017717074894</ele><time>2024-01-06T05:49:22Z</time></trkpt><trkpt lat="22.31480711818905" lon="114.19241116578775"><ele>0.5260279238874908</ele><time>2024-01-06T05:49:24Z</time></trkpt><trkpt lat="22.31482435461259" lon="114.19242156582753"><ele>0.24200237953977152</ele><time>2024-01-06T05:49:26Z</time></trkpt><trkpt lat="22.314847563350174" lon="114.1924052112349"><ele>-0.17820222100198907</ele><time>2024-01-06T05:49:30Z</time></trkpt><trkpt lat="22.314860406008165" lon="114.19238401206479"><ele>-0.2487736818280162</ele><time>2024-01-06T05:49:32Z</time></trkpt><trkpt lat="22.314876656552453" lon="114.19236803212083"><ele>-0.4752837418876927</ele><time>2024-01-06T05:49:34Z</time></trkpt><trkpt lat="22.314893100194446" lon="114.19235224797397"><ele>-0.7152797363144473</ele><time>2024-01-06T05:49:36Z</time></trkpt><trkpt lat="22.314906550887844" lon="114.19233923446643"><ele>-1.069854062175393</ele><time>2024-01-06T05:49:38Z</time></trkpt><trkpt lat="22.31493432239874" lon="114.19231779348348"><ele>-1.797994224762487</ele><time>2024-01-06T05:49:42Z</time></trkpt><trkpt lat="22.314972712894455" lon="114.19231965888744"><ele>-2.1503156186570873</ele><time>2024-01-06T05:49:46Z</time></trkpt><trkpt lat="22.31499662254851" lon="114.19231722717788"><ele>-1.317015207707336</ele><time>2024-01-06T05:49:48Z</time></trkpt><trkpt lat="22.315017370447812" lon="114.19232161718075"><ele>-0.6942146946645578</ele><time>2024-01-06T05:49:50Z</time></trkpt><trkpt lat="22.315036565103146" lon="114.19230831930464"><ele>0.20548905603096612</ele><time>2024-01-06T05:49:54Z</time></trkpt><trkpt lat="22.315023532723416" lon="114.19229302186746"><ele>2.6109239532957713</ele><time>2024-01-06T05:50:00Z</time></trkpt><trkpt lat="22.3150028766381" lon="114.19226359115886"><ele>3.9526382148190486</ele><time>2024-01-06T05:50:04Z</time></trkpt><trkpt lat="22.314995972148658" lon="114.19224387873855"><ele>4.111582094288746</ele><time>2024-01-06T05:50:06Z</time></trkpt><trkpt lat="22.314994057195285" lon="114.19221914944708"><ele>3.8292953501475675</ele><time>2024-01-06T05:50:10Z</time></trkpt><trkpt lat="22.314996303192604" lon="114.19219250127504"><ele>4.745674435735697</ele><time>2024-01-06T05:50:16Z</time></trkpt><trkpt lat="22.31503043242188" lon="114.19218336776431"><ele>5.401601001816419</ele><time>2024-01-06T05:50:20Z</time></trkpt><trkpt lat="22.31505150554232" lon="114.19217837480558"><ele>5.745748268121753</ele><time>2024-01-06T05:50:22Z</time></trkpt><trkpt lat="22.31507460691106" lon="114.19217232790648"><ele>5.7231957667121</ele><time>2024-01-06T05:50:24Z</time></trkpt><trkpt lat="22.315108529744876" lon="114.19215763583242"><ele>5.614108001926825</ele><time>2024-01-06T05:50:28Z</time></trkpt><trkpt lat="22.315140173237264" lon="114.19216097054327"><ele>5.009923596565368</ele><time>2024-01-06T05:50:32Z</time></trkpt><trkpt lat="22.315157650019252" lon="114.19215403910187"><ele>4.677989913233943</ele><time>2024-01-06T05:50:34Z</time></trkpt><trkpt lat="22.31517920790167" lon="114.19211612409207"><ele>3.650810538579632</ele><time>2024-01-06T05:50:38Z</time></trkpt><trkpt lat="22.315184235791868" lon="114.1920949317329"><ele>3.4847917229120022</ele><time>2024-01-06T05:50:42Z</time></trkpt><trkpt lat="22.31516972512283" lon="114.19208081344136"><ele>3.0244483932225004</ele><time>2024-01-06T05:50:44Z</time></trkpt><trkpt lat="22.315190476896035" lon="114.19205700132304"><ele>2.151887242370544</ele><time>2024-01-06T05:50:48Z</time></trkpt><trkpt lat="22.315176380114533" lon="114.19203868143693"><ele>2.1612116891595696</ele><time>2024-01-06T05:50:50Z</time></trkpt><trkpt lat="22.31516106903363" lon="114.19202391529956"><ele>2.1477564499026713</ele><time>2024-01-06T05:50:52Z</time></trkpt><trkpt lat="22.3151494603753" lon="114.19200338566316"><ele>1.6936770383405801</ele><time>2024-01-06T05:50:54Z</time></trkpt><trkpt lat="22.31514159394035" lon="114.19197603603544"><ele>1.3059896179061359</ele><time>2024-01-06T05:51:22Z</time></trkpt><trkpt lat="22.315161039738136" lon="114.19197284388319"><ele>0.01407581114420175</ele><time>2024-01-06T05:51:26Z</time></trkpt><trkpt lat="22.31518136196813" lon="114.19194313511063"><ele>-1.5657825361732487</ele><time>2024-01-06T05:51:30Z</time></trkpt><trkpt lat="22.31517235113461" lon="114.19191724745208"><ele>-1.1301943533274068</ele><time>2024-01-06T05:51:32Z</time></trkpt><trkpt lat="22.315148601928907" lon="114.19190395935992"><ele>-0.5791312218347174</ele><time>2024-01-06T05:51:34Z</time></trkpt><trkpt lat="22.315125581293547" lon="114.19189365409696"><ele>0.031127990987722655</ele><time>2024-01-06T05:51:36Z</time></trkpt><trkpt lat="22.315108573501796" lon="114.19187932674828"><ele>0.23439751067631237</ele><time>2024-01-06T05:51:38Z</time></trkpt><trkpt lat="22.31507755362718" lon="114.19185769316688"><ele>2.6001348553906967</ele><time>2024-01-06T05:51:42Z</time></trkpt></trkseg></trk></gpx>