<?xml version='1.0' encoding='UTF-8' ?><gpx version="1.1" creator="HikingTrailHK" xsi:schemaLocation="http://www.topografix.com/GPX/1/1 http://www.topografix.com/GPX/1/1/gpx.xsd" xmlns="http://www.topografix.com/GPX/1/1" xmlns:xsi="http://www.w3.org/2001/XMLSchema-instance"><metadata><name>我的轨迹 @ 2025-11-15 14:09:36</name><desc></desc></metadata><trk><trkseg><trkpt lat="22.20859833333333" lon="114.02869666666666"><ele>15.000000000000002</ele><time>2025-11-15T06:09:36Z</time></trkpt><trkpt lat="22.208601666666663" lon="114.02872"><ele>17.7</ele><time>2025-11-15T06:09:44Z</time></trkpt><trkpt lat="22.20859666666667" lon="114.02874166666668"><ele>18.099999999999998</ele><time>2025-11-15T06:09:48Z</time></trkpt><trkpt lat="22.208581666666667" lon="114.02875833333334"><ele>17.0</ele><time>2025-11-15T06:09:52Z</time></trkpt><trkpt lat="22.20859666666667" lon="114.028735"><ele>12.700000000000001</ele><time>2025-11-15T06:10:04Z</time></trkpt><trkpt lat="22.208616666666664" lon="114.02871333333333"><ele>11.200000000000001</ele><time>2025-11-15T06:10:06Z</time></trkpt><trkpt lat="22.208636666666667" lon="114.02869833333334"><ele>10.8</ele><time>2025-11-15T06:10:08Z</time></trkpt><trkpt lat="22.208655" lon="114.02868666666667"><ele>10.0</ele><time>2025-11-15T06:10:10Z</time></trkpt><trkpt lat="22.208678333333335" lon="114.02868500000001"><ele>8.8</ele><time>2025-11-15T06:10:13Z</time></trkpt><trkpt lat="22.208696666666665" lon="114.02868333333332"><ele>8.0</ele><time>2025-11-15T06:10:15Z</time></trkpt><trkpt lat="22.208724999999998" lon="114.02867499999999"><ele>7.5</ele><time>2025-11-15T06:10:18Z</time></trkpt><trkpt lat="22.208748333333332" lon="114.02866999999999"><ele>7.1</ele><time>2025-11-15T06:10:20Z</time></trkpt><trkpt lat="22.208768333333335" lon="114.02866833333334"><ele>6.800000000000001</ele><time>2025-11-15T06:10:22Z</time></trkpt><trkpt lat="22.20879" lon="114.02865666666666"><ele>6.1</ele><time>2025-11-15T06:10:25Z</time></trkpt><trkpt lat="22.208810000000003" lon="114.02864166666669"><ele>5.5</ele><time>2025-11-15T06:10:28Z</time></trkpt><trkpt lat="22.208829999999995" lon="114.02863833333335"><ele>5.300000000000001</ele><time>2025-11-15T06:10:30Z</time></trkpt><trkpt lat="22.20885333333333" lon="114.02864333333333"><ele>5.199999999999999</ele><time>2025-11-15T06:10:32Z</time></trkpt><trkpt lat="22.208874999999995" lon="114.02864666666667"><ele>5.300000000000001</ele><time>2025-11-15T06:10:34Z</time></trkpt><trkpt lat="22.208893333333336" lon="114.02866333333334"><ele>4.9</ele><time>2025-11-15T06:10:45Z</time></trkpt><trkpt lat="22.20891" lon="114.02867833333333"><ele>5.199999999999999</ele><time>2025-11-15T06:10:47Z</time></trkpt><trkpt lat="22.208928333333333" lon="114.02869333333335"><ele>5.6</ele><time>2025-11-15T06:10:50Z</time></trkpt><trkpt lat="22.208948333333336" lon="114.02868500000001"><ele>5.800000000000001</ele><time>2025-11-15T06:10:56Z</time></trkpt><trkpt lat="22.208966666666665" lon="114.02867666666667"><ele>6.800000000000001</ele><time>2025-11-15T06:11:01Z</time></trkpt><trkpt lat="22.20897166666667" lon="114.02865166666668"><ele>8.200000000000001</ele><time>2025-11-15T06:11:07Z</time></trkpt><trkpt lat="22.208983333333336" lon="114.028635"><ele>7.300000000000001</ele><time>2025-11-15T06:11:10Z</time></trkpt><trkpt lat="22.209005" lon="114.02863333333335"><ele>5.5</ele><time>2025-11-15T06:11:13Z</time></trkpt><trkpt lat="22.209" lon="114.02865333333332"><ele>3.9</ele><time>2025-11-15T06:11:18Z</time></trkpt><trkpt lat="22.209008333333333" lon="114.02869000000001"><ele>2.9999999999999996</ele><time>2025-11-15T06:11:20Z</time></trkpt><trkpt lat="22.209021666666665" lon="114.02870833333333"><ele>2.3</ele><time>2025-11-15T06:11:22Z</time></trkpt><trkpt lat="22.209043333333337" lon="114.028715"><ele>1.6</ele><time>2025-11-15T06:11:24Z</time></trkpt><trkpt lat="22.209066666666665" lon="114.028715"><ele>0.7999999999999998</ele><time>2025-11-15T06:11:26Z</time></trkpt><trkpt lat="22.209108333333333" lon="114.02870499999999"><ele>0.5</ele><time>2025-11-15T06:11:28Z</time></trkpt><trkpt lat="22.20913" lon="114.0287"><ele>0.3999999999999999</ele><time>2025-11-15T06:11:29Z</time></trkpt><trkpt lat="22.209159999999997" lon="114.02869000000001"><ele>0.8999999999999999</ele><time>2025-11-15T06:11:31Z</time></trkpt><trkpt lat="22.209183333333332" lon="114.02869333333335"><ele>2.1</ele><time>2025-11-15T06:11:34Z</time></trkpt><trkpt lat="22.209203333333335" lon="114.02867666666667"><ele>2.3</ele><time>2025-11-15T06:11:38Z</time></trkpt><trkpt lat="22.20922" lon="114.02866833333334"><ele>2.6999999999999997</ele><time>2025-11-15T06:11:40Z</time></trkpt><trkpt lat="22.20924166666667" lon="114.02866333333334"><ele>2.9</ele><time>2025-11-15T06:11:42Z</time></trkpt><trkpt lat="22.20927166666667" lon="114.02864833333334"><ele>2.8000000000000003</ele><time>2025-11-15T06:11:44Z</time></trkpt><trkpt lat="22.209285" lon="114.02862333333333"><ele>3.3000000000000003</ele><time>2025-11-15T06:11:46Z</time></trkpt><trkpt lat="22.209308333333336" lon="114.02862166666667"><ele>4.300000000000001</ele><time>2025-11-15T06:11:49Z</time></trkpt><trkpt lat="22.20933166666667" lon="114.02863166666666"><ele>4.4</ele><time>2025-11-15T06:11:51Z</time></trkpt><trkpt lat="22.209355" lon="114.028635"><ele>4.199999999999999</ele><time>2025-11-15T06:11:53Z</time></trkpt><trkpt lat="22.20937666666667" lon="114.02863666666666"><ele>3.8000000000000003</ele><time>2025-11-15T06:11:55Z</time></trkpt><trkpt lat="22.209405" lon="114.02863833333335"><ele>4.5</ele><time>2025-11-15T06:11:59Z</time></trkpt><trkpt lat="22.209428333333335" lon="114.02862833333332"><ele>5.0</ele><time>2025-11-15T06:12:01Z</time></trkpt><trkpt lat="22.20945" lon="114.02863666666666"><ele>5.199999999999999</ele><time>2025-11-15T06:12:03Z</time></trkpt><trkpt lat="22.209473333333335" lon="114.028645"><ele>6.1</ele><time>2025-11-15T06:12:05Z</time></trkpt><trkpt lat="22.209486666666667" lon="114.02861666666668"><ele>6.6</ele><time>2025-11-15T06:12:07Z</time></trkpt><trkpt lat="22.209498333333332" lon="114.02860000000001"><ele>6.199999999999999</ele><time>2025-11-15T06:12:09Z</time></trkpt><trkpt lat="22.209513333333334" lon="114.02858833333333"><ele>6.700000000000001</ele><time>2025-11-15T06:12:11Z</time></trkpt><trkpt lat="22.20952666666667" lon="114.02857333333334"><ele>6.6</ele><time>2025-11-15T06:12:13Z</time></trkpt><trkpt lat="22.209548333333334" lon="114.02855833333334"><ele>6.0</ele><time>2025-11-15T06:12:16Z</time></trkpt><trkpt lat="22.20957" lon="114.02855"><ele>5.6</ele><time>2025-11-15T06:12:18Z</time></trkpt><trkpt lat="22.209591666666665" lon="114.02854333333335"><ele>5.300000000000001</ele><time>2025-11-15T06:12:21Z</time></trkpt><trkpt lat="22.20961333333333" lon="114.028535"><ele>5.4</ele><time>2025-11-15T06:12:23Z</time></trkpt><trkpt lat="22.209633333333333" lon="114.02852499999999"><ele>4.9</ele><time>2025-11-15T06:12:26Z</time></trkpt><trkpt lat="22.209651666666666" lon="114.02851166666666"><ele>3.8000000000000003</ele><time>2025-11-15T06:12:29Z</time></trkpt><trkpt lat="22.209676666666663" lon="114.02851000000001"><ele>3.1</ele><time>2025-11-15T06:12:31Z</time></trkpt><trkpt lat="22.209705" lon="114.02850666666667"><ele>1.9</ele><time>2025-11-15T06:12:33Z</time></trkpt><trkpt lat="22.209728333333334" lon="114.02850500000001"><ele>1.1</ele><time>2025-11-15T06:12:35Z</time></trkpt><trkpt lat="22.209751666666662" lon="114.02849833333333"><ele>0.19999999999999996</ele><time>2025-11-15T06:12:37Z</time></trkpt><trkpt lat="22.209773333333334" lon="114.02850666666667"><ele>-1.5</ele><time>2025-11-15T06:12:41Z</time></trkpt><trkpt lat="22.209785000000004" lon="114.02848666666665"><ele>-2.2</ele><time>2025-11-15T06:12:43Z</time></trkpt><trkpt lat="22.209811666666663" lon="114.02848166666666"><ele>-3.1</ele><time>2025-11-15T06:12:46Z</time></trkpt><trkpt lat="22.209834999999998" lon="114.02847166666668"><ele>-3.4000000000000004</ele><time>2025-11-15T06:12:49Z</time></trkpt><trkpt lat="22.209858333333333" lon="114.02847833333333"><ele>-3.8000000000000003</ele><time>2025-11-15T06:12:52Z</time></trkpt><trkpt lat="22.209875000000004" lon="114.02846999999998"><ele>-4.2</ele><time>2025-11-15T06:12:54Z</time></trkpt><trkpt lat="22.209893333333337" lon="114.028455"><ele>-4.0</ele><time>2025-11-15T06:12:56Z</time></trkpt><trkpt lat="22.209916666666665" lon="114.02843666666668"><ele>-3.6</ele><time>2025-11-15T06:12:58Z</time></trkpt><trkpt lat="22.209935000000005" lon="114.02843166666668"><ele>-3.5</ele><time>2025-11-15T06:13:00Z</time></trkpt><trkpt lat="22.209961666666665" lon="114.028445"><ele>-3.1</ele><time>2025-11-15T06:13:03Z</time></trkpt><trkpt lat="22.209980000000005" lon="114.02845333333335"><ele>-3.1</ele><time>2025-11-15T06:13:05Z</time></trkpt><trkpt lat="22.210005000000002" lon="114.02844333333333"><ele>-2.8</ele><time>2025-11-15T06:13:07Z</time></trkpt><trkpt lat="22.210028333333337" lon="114.02843833333333"><ele>-2.7</ele><time>2025-11-15T06:13:10Z</time></trkpt><trkpt lat="22.21004833333333" lon="114.02843166666668"><ele>-2.5</ele><time>2025-11-15T06:13:12Z</time></trkpt><trkpt lat="22.210068333333332" lon="114.02842000000001"><ele>-2.3</ele><time>2025-11-15T06:13:14Z</time></trkpt><trkpt lat="22.210091666666667" lon="114.02840999999998"><ele>-2.1</ele><time>2025-11-15T06:13:16Z</time></trkpt><trkpt lat="22.21010833333333" lon="114.02840166666668"><ele>-2.0</ele><time>2025-11-15T06:13:18Z</time></trkpt><trkpt lat="22.210134999999998" lon="114.028395"><ele>-1.5</ele><time>2025-11-15T06:13:21Z</time></trkpt><trkpt lat="22.210158333333332" lon="114.02838833333333"><ele>-1.0</ele><time>2025-11-15T06:13:23Z</time></trkpt><trkpt lat="22.210176666666666" lon="114.02837833333334"><ele>-0.7000000000000001</ele><time>2025-11-15T06:13:25Z</time></trkpt><trkpt lat="22.210191666666667" lon="114.02836166666665"><ele>-0.30000000000000004</ele><time>2025-11-15T06:13:27Z</time></trkpt><trkpt lat="22.210213333333332" lon="114.02834499999999"><ele>0.09999999999999987</ele><time>2025-11-15T06:13:30Z</time></trkpt><trkpt lat="22.210226666666667" lon="114.02832500000001"><ele>0.19999999999999996</ele><time>2025-11-15T06:13:32Z</time></trkpt><trkpt lat="22.210245" lon="114.02831499999999"><ele>1.2999999999999998</ele><time>2025-11-15T06:13:34Z</time></trkpt><trkpt lat="22.210266666666666" lon="114.02830999999999"><ele>-1.2000000000000002</ele><time>2025-11-15T06:13:37Z</time></trkpt><trkpt lat="22.210285" lon="114.02830999999999"><ele>-1.7000000000000002</ele><time>2025-11-15T06:13:40Z</time></trkpt><trkpt lat="22.210308333333334" lon="114.02831499999999"><ele>-1.4000000000000001</ele><time>2025-11-15T06:13:42Z</time></trkpt><trkpt lat="22.210336666666663" lon="114.02830999999999"><ele>0.6000000000000001</ele><time>2025-11-15T06:13:44Z</time></trkpt><trkpt lat="22.210354999999996" lon="114.02829333333332"><ele>1.5</ele><time>2025-11-15T06:13:46Z</time></trkpt><trkpt lat="22.210369999999998" lon="114.02827833333335"><ele>2.0</ele><time>2025-11-15T06:13:48Z</time></trkpt><trkpt lat="22.210393333333332" lon="114.02826666666667"><ele>2.3</ele><time>2025-11-15T06:13:51Z</time></trkpt><trkpt lat="22.210418333333337" lon="114.02826166666667"><ele>2.4999999999999996</ele><time>2025-11-15T06:13:54Z</time></trkpt><trkpt lat="22.210435" lon="114.02824833333334"><ele>2.4999999999999996</ele><time>2025-11-15T06:13:56Z</time></trkpt><trkpt lat="22.210451666666668" lon="114.02823833333332"><ele>2.4</ele><time>2025-11-15T06:13:58Z</time></trkpt><trkpt lat="22.210471666666663" lon="114.02822666666667"><ele>2.4999999999999996</ele><time>2025-11-15T06:14:00Z</time></trkpt><trkpt lat="22.210491666666666" lon="114.02821666666665"><ele>2.9999999999999996</ele><time>2025-11-15T06:14:02Z</time></trkpt><trkpt lat="22.210516666666663" lon="114.028215"><ele>3.9</ele><time>2025-11-15T06:14:05Z</time></trkpt><trkpt lat="22.210538333333336" lon="114.02821"><ele>4.6</ele><time>2025-11-15T06:14:07Z</time></trkpt><trkpt lat="22.21056" lon="114.02819166666669"><ele>5.800000000000001</ele><time>2025-11-15T06:14:09Z</time></trkpt><trkpt lat="22.210581666666666" lon="114.02818166666665"><ele>6.0</ele><time>2025-11-15T06:14:11Z</time></trkpt><trkpt lat="22.210596666666667" lon="114.02816833333333"><ele>5.9</ele><time>2025-11-15T06:14:13Z</time></trkpt><trkpt lat="22.210609999999996" lon="114.02814833333332"><ele>6.4</ele><time>2025-11-15T06:14:16Z</time></trkpt><trkpt lat="22.210613333333338" lon="114.02817166666667"><ele>5.5</ele><time>2025-11-15T06:14:19Z</time></trkpt><trkpt lat="22.210620000000002" lon="114.028195"><ele>5.1</ele><time>2025-11-15T06:14:21Z</time></trkpt><trkpt lat="22.210624999999997" lon="114.02821666666665"><ele>4.6</ele><time>2025-11-15T06:14:23Z</time></trkpt><trkpt lat="22.210628333333336" lon="114.02824333333335"><ele>4.199999999999999</ele><time>2025-11-15T06:14:25Z</time></trkpt><trkpt lat="22.210635000000003" lon="114.02827333333335"><ele>4.4</ele><time>2025-11-15T06:14:27Z</time></trkpt><trkpt lat="22.21066" lon="114.02827333333335"><ele>4.4</ele><time>2025-11-15T06:14:31Z</time></trkpt><trkpt lat="22.210680000000004" lon="114.02825499999999"><ele>4.9</ele><time>2025-11-15T06:14:33Z</time></trkpt><trkpt lat="22.21069166666667" lon="114.02823833333332"><ele>5.1</ele><time>2025-11-15T06:14:34Z</time></trkpt><trkpt lat="22.210716666666666" lon="114.02821999999999"><ele>5.5</ele><time>2025-11-15T06:14:36Z</time></trkpt><trkpt lat="22.21073666666667" lon="114.02820500000001"><ele>5.6</ele><time>2025-11-15T06:14:38Z</time></trkpt><trkpt lat="22.210756666666665" lon="114.028195"><ele>5.800000000000001</ele><time>2025-11-15T06:14:40Z</time></trkpt><trkpt lat="22.21077833333333" lon="114.02819166666669"><ele>6.4</ele><time>2025-11-15T06:14:42Z</time></trkpt><trkpt lat="22.210800000000003" lon="114.02818666666666"><ele>6.5</ele><time>2025-11-15T06:14:44Z</time></trkpt><trkpt lat="22.210825" lon="114.02819"><ele>6.6</ele><time>2025-11-15T06:14:46Z</time></trkpt><trkpt lat="22.210843333333333" lon="114.02819166666669"><ele>6.9</ele><time>2025-11-15T06:14:48Z</time></trkpt><trkpt lat="22.21086833333333" lon="114.02818666666666"><ele>7.1</ele><time>2025-11-15T06:14:50Z</time></trkpt><trkpt lat="22.210893333333335" lon="114.02817833333332"><ele>8.1</ele><time>2025-11-15T06:14:53Z</time></trkpt><trkpt lat="22.210915" lon="114.02817833333332"><ele>10.200000000000001</ele><time>2025-11-15T06:14:58Z</time></trkpt><trkpt lat="22.210936666666665" lon="114.02816499999999"><ele>10.5</ele><time>2025-11-15T06:15:01Z</time></trkpt><trkpt lat="22.21096" lon="114.02814333333332"><ele>10.700000000000001</ele><time>2025-11-15T06:15:03Z</time></trkpt><trkpt lat="22.210978333333333" lon="114.02812333333334"><ele>11.5</ele><time>2025-11-15T06:15:05Z</time></trkpt><trkpt lat="22.21100666666667" lon="114.02811000000001"><ele>12.200000000000001</ele><time>2025-11-15T06:15:07Z</time></trkpt><trkpt lat="22.211029999999997" lon="114.02809166666665"><ele>12.9</ele><time>2025-11-15T06:15:09Z</time></trkpt><trkpt lat="22.211055" lon="114.02807333333334"><ele>13.200000000000001</ele><time>2025-11-15T06:15:11Z</time></trkpt><trkpt lat="22.211068333333333" lon="114.02805500000001"><ele>14.0</ele><time>2025-11-15T06:15:13Z</time></trkpt><trkpt lat="22.21108166666667" lon="114.02803999999999"><ele>14.0</ele><time>2025-11-15T06:15:15Z</time></trkpt><trkpt lat="22.211103333333334" lon="114.02805000000002"><ele>14.4</ele><time>2025-11-15T06:15:17Z</time></trkpt><trkpt lat="22.211108333333332" lon="114.02802666666666"><ele>15.9</ele><time>2025-11-15T06:15:20Z</time></trkpt><trkpt lat="22.211115000000003" lon="114.02799833333331"><ele>16.4</ele><time>2025-11-15T06:15:22Z</time></trkpt><trkpt lat="22.21113666666667" lon="114.02799000000002"><ele>16.799999999999997</ele><time>2025-11-15T06:15:25Z</time></trkpt><trkpt lat="22.211161666666666" lon="114.02799166666667"><ele>17.0</ele><time>2025-11-15T06:15:27Z</time></trkpt><trkpt lat="22.211185" lon="114.02799166666667"><ele>17.2</ele><time>2025-11-15T06:15:29Z</time></trkpt><trkpt lat="22.211209999999998" lon="114.02799166666667"><ele>17.099999999999998</ele><time>2025-11-15T06:15:31Z</time></trkpt><trkpt lat="22.21122833333333" lon="114.027975"><ele>17.7</ele><time>2025-11-15T06:15:33Z</time></trkpt><trkpt lat="22.211246666666664" lon="114.02795833333333"><ele>17.599999999999998</ele><time>2025-11-15T06:15:35Z</time></trkpt><trkpt lat="22.211268333333336" lon="114.027945"><ele>17.099999999999998</ele><time>2025-11-15T06:15:38Z</time></trkpt><trkpt lat="22.211288333333332" lon="114.02793500000001"><ele>15.799999999999999</ele><time>2025-11-15T06:15:40Z</time></trkpt><trkpt lat="22.21130833333333" lon="114.02791833333335"><ele>15.500000000000002</ele><time>2025-11-15T06:15:42Z</time></trkpt><trkpt lat="22.211336666666664" lon="114.027925"><ele>15.6</ele><time>2025-11-15T06:15:44Z</time></trkpt><trkpt lat="22.211358333333337" lon="114.02794666666665"><ele>15.6</ele><time>2025-11-15T06:15:46Z</time></trkpt><trkpt lat="22.211370000000002" lon="114.02792833333334"><ele>15.299999999999999</ele><time>2025-11-15T06:15:48Z</time></trkpt><trkpt lat="22.211378333333332" lon="114.027905"><ele>14.799999999999999</ele><time>2025-11-15T06:15:50Z</time></trkpt><trkpt lat="22.211391666666668" lon="114.02788833333334"><ele>14.700000000000001</ele><time>2025-11-15T06:15:54Z</time></trkpt><trkpt lat="22.211401666666667" lon="114.02786166666668"><ele>14.4</ele><time>2025-11-15T06:15:56Z</time></trkpt><trkpt lat="22.211425000000002" lon="114.02784666666666"><ele>14.3</ele><time>2025-11-15T06:15:58Z</time></trkpt><trkpt lat="22.21144333333333" lon="114.02783166666669"><ele>13.700000000000001</ele><time>2025-11-15T06:16:00Z</time></trkpt><trkpt lat="22.211461666666665" lon="114.02782333333334"><ele>12.9</ele><time>2025-11-15T06:16:02Z</time></trkpt><trkpt lat="22.211479999999998" lon="114.02781166666666"><ele>12.4</ele><time>2025-11-15T06:16:04Z</time></trkpt><trkpt lat="22.211493333333337" lon="114.02779833333334"><ele>11.4</ele><time>2025-11-15T06:16:07Z</time></trkpt><trkpt lat="22.211505000000002" lon="114.02778333333332"><ele>10.9</ele><time>2025-11-15T06:16:09Z</time></trkpt><trkpt lat="22.211526666666668" lon="114.02777166666668"><ele>10.200000000000001</ele><time>2025-11-15T06:16:12Z</time></trkpt><trkpt lat="22.211538333333337" lon="114.02774833333334"><ele>9.6</ele><time>2025-11-15T06:16:14Z</time></trkpt><trkpt lat="22.21154333333333" lon="114.02772333333333"><ele>8.4</ele><time>2025-11-15T06:16:16Z</time></trkpt><trkpt lat="22.211551666666665" lon="114.02769333333332"><ele>6.6</ele><time>2025-11-15T06:16:19Z</time></trkpt><trkpt lat="22.211565000000004" lon="114.02766333333332"><ele>5.5</ele><time>2025-11-15T06:16:21Z</time></trkpt><trkpt lat="22.211578333333332" lon="114.02763666666667"><ele>4.5</ele><time>2025-11-15T06:16:23Z</time></trkpt><trkpt lat="22.21159" lon="114.02762"><ele>3.9</ele><time>2025-11-15T06:16:25Z</time></trkpt><trkpt lat="22.211611666666666" lon="114.02761000000001"><ele>2.8000000000000003</ele><time>2025-11-15T06:16:28Z</time></trkpt><trkpt lat="22.21163166666667" lon="114.02761000000001"><ele>2.1</ele><time>2025-11-15T06:16:30Z</time></trkpt><trkpt lat="22.211650000000002" lon="114.02760833333332"><ele>1.1999999999999997</ele><time>2025-11-15T06:16:32Z</time></trkpt><trkpt lat="22.211668333333332" lon="114.02759833333333"><ele>0.6999999999999997</ele><time>2025-11-15T06:16:34Z</time></trkpt><trkpt lat="22.211686666666665" lon="114.02759166666668"><ele>0.2999999999999998</ele><time>2025-11-15T06:16:36Z</time></trkpt><trkpt lat="22.211706666666668" lon="114.02757500000001"><ele>0.0</ele><time>2025-11-15T06:16:39Z</time></trkpt><trkpt lat="22.211728333333333" lon="114.02755833333335"><ele>-0.5</ele><time>2025-11-15T06:16:42Z</time></trkpt><trkpt lat="22.211746666666667" lon="114.02754833333331"><ele>-0.8</ele><time>2025-11-15T06:16:44Z</time></trkpt><trkpt lat="22.21176666666667" lon="114.02753499999999"><ele>-0.8</ele><time>2025-11-15T06:16:46Z</time></trkpt><trkpt lat="22.211789999999997" lon="114.02753333333334"><ele>-0.9000000000000001</ele><time>2025-11-15T06:16:48Z</time></trkpt><trkpt lat="22.211818333333333" lon="114.02754833333331"><ele>-1.2000000000000002</ele><time>2025-11-15T06:16:50Z</time></trkpt><trkpt lat="22.21184333333333" lon="114.02754666666667"><ele>-1.3</ele><time>2025-11-15T06:16:52Z</time></trkpt><trkpt lat="22.211869999999998" lon="114.02754333333333"><ele>-1.3</ele><time>2025-11-15T06:16:54Z</time></trkpt><trkpt lat="22.211896666666668" lon="114.02753499999999"><ele>-1.3</ele><time>2025-11-15T06:16:56Z</time></trkpt><trkpt lat="22.211923333333335" lon="114.02752666666666"><ele>-1.2000000000000002</ele><time>2025-11-15T06:16:58Z</time></trkpt><trkpt lat="22.211943333333338" lon="114.02752000000001"><ele>-1.1</ele><time>2025-11-15T06:17:00Z</time></trkpt><trkpt lat="22.211959999999998" lon="114.02749999999999"><ele>-0.5</ele><time>2025-11-15T06:17:03Z</time></trkpt><trkpt lat="22.21197666666667" lon="114.02748833333332"><ele>0.19999999999999996</ele><time>2025-11-15T06:17:05Z</time></trkpt><trkpt lat="22.211998333333334" lon="114.02748000000001"><ele>1.2999999999999998</ele><time>2025-11-15T06:17:08Z</time></trkpt><trkpt lat="22.21202166666667" lon="114.027475"><ele>2.3</ele><time>2025-11-15T06:17:11Z</time></trkpt><trkpt lat="22.21202333333333" lon="114.027495"><ele>3.6</ele><time>2025-11-15T06:17:16Z</time></trkpt><trkpt lat="22.211998333333334" lon="114.02750333333333"><ele>4.5</ele><time>2025-11-15T06:17:20Z</time></trkpt><trkpt lat="22.212001666666666" lon="114.02752666666666"><ele>5.6</ele><time>2025-11-15T06:17:23Z</time></trkpt><trkpt lat="22.212028333333333" lon="114.02754333333333"><ele>6.700000000000001</ele><time>2025-11-15T06:17:25Z</time></trkpt><trkpt lat="22.212044999999996" lon="114.02755499999999"><ele>7.4</ele><time>2025-11-15T06:17:26Z</time></trkpt><trkpt lat="22.212063333333337" lon="114.02756833333333"><ele>7.700000000000001</ele><time>2025-11-15T06:17:27Z</time></trkpt><trkpt lat="22.212086666666664" lon="114.02759166666668"><ele>7.800000000000001</ele><time>2025-11-15T06:17:29Z</time></trkpt><trkpt lat="22.212101666666666" lon="114.02760833333332"><ele>7.5</ele><time>2025-11-15T06:17:30Z</time></trkpt><trkpt lat="22.21212166666667" lon="114.02762333333334"><ele>7.200000000000001</ele><time>2025-11-15T06:17:31Z</time></trkpt><trkpt lat="22.212136666666666" lon="114.02763666666667"><ele>7.1</ele><time>2025-11-15T06:17:32Z</time></trkpt><trkpt lat="22.212151666666667" lon="114.02764833333335"><ele>6.9</ele><time>2025-11-15T06:17:33Z</time></trkpt><trkpt lat="22.212164999999995" lon="114.02766500000001"><ele>6.5</ele><time>2025-11-15T06:17:35Z</time></trkpt><trkpt lat="22.212181666666666" lon="114.027675"><ele>5.9</ele><time>2025-11-15T06:17:37Z</time></trkpt><trkpt lat="22.212188333333334" lon="114.02769666666667"><ele>5.300000000000001</ele><time>2025-11-15T06:17:39Z</time></trkpt><trkpt lat="22.212191666666666" lon="114.02771666666668"><ele>5.0</ele><time>2025-11-15T06:17:41Z</time></trkpt><trkpt lat="22.212209999999995" lon="114.027725"><ele>5.6</ele><time>2025-11-15T06:17:43Z</time></trkpt><trkpt lat="22.212223333333334" lon="114.02773833333335"><ele>6.1</ele><time>2025-11-15T06:17:45Z</time></trkpt><trkpt lat="22.212235000000003" lon="114.02775333333332"><ele>6.5</ele><time>2025-11-15T06:17:47Z</time></trkpt><trkpt lat="22.21224833333333" lon="114.02777499999999"><ele>6.800000000000001</ele><time>2025-11-15T06:17:50Z</time></trkpt><trkpt lat="22.212271666666666" lon="114.02776166666666"><ele>7.5</ele><time>2025-11-15T06:17:55Z</time></trkpt><trkpt lat="22.212274999999998" lon="114.02773666666666"><ele>8.200000000000001</ele><time>2025-11-15T06:17:57Z</time></trkpt><trkpt lat="22.21229166666667" lon="114.02772333333333"><ele>8.700000000000001</ele><time>2025-11-15T06:18:00Z</time></trkpt><trkpt lat="22.212313333333334" lon="114.02772000000002"><ele>9.1</ele><time>2025-11-15T06:18:02Z</time></trkpt><trkpt lat="22.21233666666667" lon="114.02773499999999"><ele>9.700000000000001</ele><time>2025-11-15T06:18:04Z</time></trkpt><trkpt lat="22.212356666666665" lon="114.02774333333333"><ele>10.8</ele><time>2025-11-15T06:18:06Z</time></trkpt><trkpt lat="22.212376666666668" lon="114.02775333333332"><ele>11.5</ele><time>2025-11-15T06:18:08Z</time></trkpt><trkpt lat="22.212388333333333" lon="114.02777166666668"><ele>11.9</ele><time>2025-11-15T06:18:11Z</time></trkpt><trkpt lat="22.21239166666667" lon="114.02779333333335"><ele>12.200000000000001</ele><time>2025-11-15T06:18:13Z</time></trkpt><trkpt lat="22.21239666666667" lon="114.02781833333331"><ele>12.5</ele><time>2025-11-15T06:18:15Z</time></trkpt><trkpt lat="22.212401666666665" lon="114.02784666666666"><ele>13.1</ele><time>2025-11-15T06:18:17Z</time></trkpt><trkpt lat="22.21238333333333" lon="114.02784666666666"><ele>14.4</ele><time>2025-11-15T06:18:24Z</time></trkpt><trkpt lat="22.21238333333333" lon="114.02782"><ele>13.0</ele><time>2025-11-15T06:18:36Z</time></trkpt><trkpt lat="22.21239666666667" lon="114.02780166666668"><ele>12.0</ele><time>2025-11-15T06:18:41Z</time></trkpt><trkpt lat="22.212416666666666" lon="114.02780333333334"><ele>11.4</ele><time>2025-11-15T06:18:43Z</time></trkpt><trkpt lat="22.21243666666667" lon="114.02781333333333"><ele>10.3</ele><time>2025-11-15T06:18:46Z</time></trkpt><trkpt lat="22.21245666666667" lon="114.02782333333334"><ele>9.6</ele><time>2025-11-15T06:18:49Z</time></trkpt><trkpt lat="22.212475" lon="114.02783666666667"><ele>7.6</ele><time>2025-11-15T06:18:53Z</time></trkpt><trkpt lat="22.212494999999997" lon="114.02782833333335"><ele>6.300000000000001</ele><time>2025-11-15T06:18:57Z</time></trkpt><trkpt lat="22.212503333333334" lon="114.02785333333334"><ele>6.1</ele><time>2025-11-15T06:18:59Z</time></trkpt><trkpt lat="22.212518333333332" lon="114.02787000000002"><ele>6.4</ele><time>2025-11-15T06:19:01Z</time></trkpt><trkpt lat="22.212496666666667" lon="114.02785833333334"><ele>7.300000000000001</ele><time>2025-11-15T06:19:09Z</time></trkpt><trkpt lat="22.212505000000004" lon="114.02783333333333"><ele>7.200000000000001</ele><time>2025-11-15T06:19:12Z</time></trkpt><trkpt lat="22.21251666666667" lon="114.027815"><ele>7.1</ele><time>2025-11-15T06:19:14Z</time></trkpt><trkpt lat="22.212535000000003" lon="114.02781000000002"><ele>7.1</ele><time>2025-11-15T06:19:16Z</time></trkpt><trkpt lat="22.212521666666664" lon="114.027835"><ele>7.1</ele><time>2025-11-15T06:19:26Z</time></trkpt><trkpt lat="22.212515" lon="114.02785333333334"><ele>7.0</ele><time>2025-11-15T06:19:27Z</time></trkpt><trkpt lat="22.212506666666666" lon="114.02787166666667"><ele>6.700000000000001</ele><time>2025-11-15T06:19:29Z</time></trkpt><trkpt lat="22.212505000000004" lon="114.02785166666666"><ele>6.300000000000001</ele><time>2025-11-15T06:19:34Z</time></trkpt><trkpt lat="22.212493333333335" lon="114.02782666666666"><ele>6.0</ele><time>2025-11-15T06:19:36Z</time></trkpt><trkpt lat="22.212475" lon="114.02780166666668"><ele>4.9</ele><time>2025-11-15T06:19:38Z</time></trkpt><trkpt lat="22.212479999999996" lon="114.02777166666668"><ele>3.8000000000000003</ele><time>2025-11-15T06:19:41Z</time></trkpt><trkpt lat="22.212485" lon="114.02774333333333"><ele>2.8000000000000003</ele><time>2025-11-15T06:19:44Z</time></trkpt><trkpt lat="22.2125" lon="114.02772666666667"><ele>2.4999999999999996</ele><time>2025-11-15T06:19:46Z</time></trkpt><trkpt lat="22.212524999999996" lon="114.027725"><ele>2.3</ele><time>2025-11-15T06:19:48Z</time></trkpt><trkpt lat="22.212538333333335" lon="114.02774333333333"><ele>3.1999999999999997</ele><time>2025-11-15T06:19:50Z</time></trkpt><trkpt lat="22.212521666666664" lon="114.02775166666667"><ele>4.9</ele><time>2025-11-15T06:19:52Z</time></trkpt><trkpt lat="22.212545" lon="114.02771166666668"><ele>5.199999999999999</ele><time>2025-11-15T06:20:13Z</time></trkpt><trkpt lat="22.21256" lon="114.02769666666667"><ele>5.300000000000001</ele><time>2025-11-15T06:20:15Z</time></trkpt><trkpt lat="22.212578333333333" lon="114.027675"><ele>5.4</ele><time>2025-11-15T06:20:17Z</time></trkpt><trkpt lat="22.212593333333334" lon="114.02765333333333"><ele>5.4</ele><time>2025-11-15T06:20:19Z</time></trkpt><trkpt lat="22.2126" lon="114.02763000000002"><ele>5.6</ele><time>2025-11-15T06:20:21Z</time></trkpt><trkpt lat="22.212613333333334" lon="114.02761000000001"><ele>6.1</ele><time>2025-11-15T06:20:24Z</time></trkpt><trkpt lat="22.21262166666667" lon="114.02758833333334"><ele>6.5</ele><time>2025-11-15T06:20:27Z</time></trkpt><trkpt lat="22.212638333333334" lon="114.02757833333332"><ele>7.300000000000001</ele><time>2025-11-15T06:20:29Z</time></trkpt><trkpt lat="22.21266333333333" lon="114.02758166666666"><ele>8.6</ele><time>2025-11-15T06:20:32Z</time></trkpt><trkpt lat="22.212681666666672" lon="114.02757833333332"><ele>9.4</ele><time>2025-11-15T06:20:34Z</time></trkpt><trkpt lat="22.212704999999996" lon="114.02756833333333"><ele>10.1</ele><time>2025-11-15T06:20:36Z</time></trkpt><trkpt lat="22.212726666666672" lon="114.02755"><ele>9.9</ele><time>2025-11-15T06:20:38Z</time></trkpt><trkpt lat="22.212730000000004" lon="114.02752333333335"><ele>9.3</ele><time>2025-11-15T06:20:41Z</time></trkpt><trkpt lat="22.212733333333336" lon="114.02749999999999"><ele>8.9</ele><time>2025-11-15T06:20:45Z</time></trkpt><trkpt lat="22.21273833333333" lon="114.02747833333333"><ele>8.6</ele><time>2025-11-15T06:20:47Z</time></trkpt><trkpt lat="22.212748333333334" lon="114.027455"><ele>8.6</ele><time>2025-11-15T06:20:49Z</time></trkpt><trkpt lat="22.21276833333333" lon="114.02744"><ele>8.4</ele><time>2025-11-15T06:20:51Z</time></trkpt><trkpt lat="22.212788333333332" lon="114.02742833333332"><ele>8.200000000000001</ele><time>2025-11-15T06:20:53Z</time></trkpt><trkpt lat="22.212809999999998" lon="114.02742166666667"><ele>8.1</ele><time>2025-11-15T06:20:55Z</time></trkpt><trkpt lat="22.212835000000002" lon="114.02743833333334"><ele>8.200000000000001</ele><time>2025-11-15T06:20:57Z</time></trkpt><trkpt lat="22.212854999999998" lon="114.02745000000002"><ele>8.4</ele><time>2025-11-15T06:20:59Z</time></trkpt><trkpt lat="22.21287" lon="114.02746666666665"><ele>8.5</ele><time>2025-11-15T06:21:01Z</time></trkpt><trkpt lat="22.212891666666664" lon="114.02747666666667"><ele>8.9</ele><time>2025-11-15T06:21:03Z</time></trkpt><trkpt lat="22.212913333333336" lon="114.02748333333332"><ele>8.6</ele><time>2025-11-15T06:21:05Z</time></trkpt><trkpt lat="22.212943333333335" lon="114.02749166666666"><ele>8.6</ele><time>2025-11-15T06:21:07Z</time></trkpt><trkpt lat="22.212974999999997" lon="114.02750166666668"><ele>8.1</ele><time>2025-11-15T06:21:09Z</time></trkpt><trkpt lat="22.21299333333333" lon="114.02749666666665"><ele>9.1</ele><time>2025-11-15T06:21:13Z</time></trkpt><trkpt lat="22.21300666666667" lon="114.02747666666667"><ele>9.700000000000001</ele><time>2025-11-15T06:21:20Z</time></trkpt><trkpt lat="22.21299333333333" lon="114.02746333333334"><ele>9.200000000000001</ele><time>2025-11-15T06:21:23Z</time></trkpt><trkpt lat="22.212970000000002" lon="114.027455"><ele>9.1</ele><time>2025-11-15T06:21:25Z</time></trkpt><trkpt lat="22.21294833333333" lon="114.02745333333333"><ele>9.0</ele><time>2025-11-15T06:21:28Z</time></trkpt><trkpt lat="22.212955000000004" lon="114.02743000000001"><ele>9.4</ele><time>2025-11-15T06:21:31Z</time></trkpt><trkpt lat="22.212956666666667" lon="114.02740999999999"><ele>9.6</ele><time>2025-11-15T06:21:33Z</time></trkpt><trkpt lat="22.21296333333333" lon="114.02737666666665"><ele>9.8</ele><time>2025-11-15T06:21:35Z</time></trkpt><trkpt lat="22.212974999999997" lon="114.02734833333334"><ele>10.200000000000001</ele><time>2025-11-15T06:21:37Z</time></trkpt><trkpt lat="22.212986666666666" lon="114.02731166666666"><ele>10.700000000000001</ele><time>2025-11-15T06:21:39Z</time></trkpt><trkpt lat="22.212989999999998" lon="114.02729"><ele>11.0</ele><time>2025-11-15T06:21:40Z</time></trkpt><trkpt lat="22.212989999999998" lon="114.02726"><ele>11.700000000000001</ele><time>2025-11-15T06:21:42Z</time></trkpt><trkpt lat="22.21298" lon="114.02722999999999"><ele>12.4</ele><time>2025-11-15T06:21:44Z</time></trkpt><trkpt lat="22.212989999999998" lon="114.02720833333333"><ele>13.8</ele><time>2025-11-15T06:21:47Z</time></trkpt><trkpt lat="22.213005" lon="114.02718833333331"><ele>14.3</ele><time>2025-11-15T06:21:49Z</time></trkpt><trkpt lat="22.213023333333332" lon="114.02717"><ele>14.6</ele><time>2025-11-15T06:21:51Z</time></trkpt><trkpt lat="22.21305" lon="114.02715333333332"><ele>15.6</ele><time>2025-11-15T06:21:53Z</time></trkpt><trkpt lat="22.213064999999997" lon="114.02712666666666"><ele>16.4</ele><time>2025-11-15T06:21:55Z</time></trkpt><trkpt lat="22.213078333333335" lon="114.0271"><ele>17.299999999999997</ele><time>2025-11-15T06:21:58Z</time></trkpt><trkpt lat="22.213091666666667" lon="114.02707833333334"><ele>17.4</ele><time>2025-11-15T06:22:00Z</time></trkpt><trkpt lat="22.213103333333333" lon="114.02706166666667"><ele>17.599999999999998</ele><time>2025-11-15T06:22:02Z</time></trkpt><trkpt lat="22.21312833333333" lon="114.02705666666667"><ele>17.9</ele><time>2025-11-15T06:22:05Z</time></trkpt><trkpt lat="22.213153333333334" lon="114.02705499999999"><ele>17.7</ele><time>2025-11-15T06:22:07Z</time></trkpt><trkpt lat="22.213178333333335" lon="114.02704833333334"><ele>17.599999999999998</ele><time>2025-11-15T06:22:10Z</time></trkpt><trkpt lat="22.213198333333334" lon="114.02704166666666"><ele>17.9</ele><time>2025-11-15T06:22:12Z</time></trkpt><trkpt lat="22.21321833333333" lon="114.02703333333332"><ele>18.4</ele><time>2025-11-15T06:22:14Z</time></trkpt><trkpt lat="22.213235" lon="114.02701833333334"><ele>19.799999999999997</ele><time>2025-11-15T06:22:17Z</time></trkpt><trkpt lat="22.213250000000002" lon="114.027005"><ele>20.5</ele><time>2025-11-15T06:22:19Z</time></trkpt><trkpt lat="22.21328" lon="114.02700833333334"><ele>21.9</ele><time>2025-11-15T06:22:23Z</time></trkpt><trkpt lat="22.213298333333334" lon="114.02701166666665"><ele>22.599999999999998</ele><time>2025-11-15T06:22:27Z</time></trkpt><trkpt lat="22.213314999999998" lon="114.02700333333333"><ele>22.599999999999998</ele><time>2025-11-15T06:22:31Z</time></trkpt><trkpt lat="22.213333333333335" lon="114.02698833333334"><ele>22.0</ele><time>2025-11-15T06:22:33Z</time></trkpt><trkpt lat="22.213358333333336" lon="114.02699"><ele>21.2</ele><time>2025-11-15T06:22:36Z</time></trkpt><trkpt lat="22.213383333333333" lon="114.02698833333334"><ele>20.799999999999997</ele><time>2025-11-15T06:22:38Z</time></trkpt><trkpt lat="22.213404999999998" lon="114.02697500000001"><ele>20.5</ele><time>2025-11-15T06:22:40Z</time></trkpt><trkpt lat="22.213418333333333" lon="114.02695833333334"><ele>20.099999999999998</ele><time>2025-11-15T06:22:42Z</time></trkpt><trkpt lat="22.213434999999997" lon="114.02694333333332"><ele>20.0</ele><time>2025-11-15T06:22:44Z</time></trkpt><trkpt lat="22.213453333333337" lon="114.02695"><ele>20.4</ele><time>2025-11-15T06:22:48Z</time></trkpt><trkpt lat="22.21347166666667" lon="114.02696666666667"><ele>20.5</ele><time>2025-11-15T06:22:51Z</time></trkpt><trkpt lat="22.213483333333336" lon="114.026985"><ele>20.299999999999997</ele><time>2025-11-15T06:22:54Z</time></trkpt><trkpt lat="22.21350166666667" lon="114.02699666666668"><ele>20.099999999999998</ele><time>2025-11-15T06:22:57Z</time></trkpt><trkpt lat="22.213520000000003" lon="114.02699666666668"><ele>20.299999999999997</ele><time>2025-11-15T06:23:01Z</time></trkpt><trkpt lat="22.213541666666668" lon="114.02699333333334"><ele>20.2</ele><time>2025-11-15T06:23:04Z</time></trkpt><trkpt lat="22.213563333333333" lon="114.02698666666666"><ele>19.9</ele><time>2025-11-15T06:23:08Z</time></trkpt><trkpt lat="22.21358" lon="114.02697500000001"><ele>20.299999999999997</ele><time>2025-11-15T06:23:14Z</time></trkpt><trkpt lat="22.213596666666664" lon="114.02696666666667"><ele>20.7</ele><time>2025-11-15T06:23:18Z</time></trkpt><trkpt lat="22.213613333333335" lon="114.02695166666666"><ele>21.4</ele><time>2025-11-15T06:23:23Z</time></trkpt><trkpt lat="22.213633333333338" lon="114.02694000000001"><ele>22.2</ele><time>2025-11-15T06:23:26Z</time></trkpt><trkpt lat="22.213655000000003" lon="114.02693166666668"><ele>22.5</ele><time>2025-11-15T06:23:29Z</time></trkpt><trkpt lat="22.21366666666667" lon="114.02691666666666"><ele>23.0</ele><time>2025-11-15T06:23:31Z</time></trkpt><trkpt lat="22.21367" lon="114.026895"><ele>23.599999999999998</ele><time>2025-11-15T06:23:35Z</time></trkpt><trkpt lat="22.213686666666664" lon="114.02688666666667"><ele>24.099999999999998</ele><time>2025-11-15T06:23:40Z</time></trkpt><trkpt lat="22.213704999999997" lon="114.02687833333333"><ele>24.799999999999997</ele><time>2025-11-15T06:23:43Z</time></trkpt><trkpt lat="22.213716666666663" lon="114.02686166666666"><ele>25.299999999999997</ele><time>2025-11-15T06:23:45Z</time></trkpt><trkpt lat="22.213733333333334" lon="114.026845"><ele>26.5</ele><time>2025-11-15T06:23:48Z</time></trkpt><trkpt lat="22.213755" lon="114.02683833333334"><ele>27.9</ele><time>2025-11-15T06:23:51Z</time></trkpt><trkpt lat="22.213776666666664" lon="114.026825"><ele>29.099999999999998</ele><time>2025-11-15T06:23:53Z</time></trkpt><trkpt lat="22.213794999999998" lon="114.02681833333332"><ele>30.6</ele><time>2025-11-15T06:23:55Z</time></trkpt><trkpt lat="22.213808333333336" lon="114.02680333333335"><ele>31.6</ele><time>2025-11-15T06:23:57Z</time></trkpt><trkpt lat="22.21381" lon="114.02678166666668"><ele>32.8</ele><time>2025-11-15T06:24:00Z</time></trkpt><trkpt lat="22.213815" lon="114.02676000000001"><ele>34.0</ele><time>2025-11-15T06:24:03Z</time></trkpt><trkpt lat="22.21383166666667" lon="114.02674999999999"><ele>34.699999999999996</ele><time>2025-11-15T06:24:06Z</time></trkpt><trkpt lat="22.21384833333333" lon="114.02674"><ele>35.199999999999996</ele><time>2025-11-15T06:24:09Z</time></trkpt><trkpt lat="22.213855" lon="114.02676166666667"><ele>35.3</ele><time>2025-11-15T06:24:13Z</time></trkpt><trkpt lat="22.21384666666667" lon="114.02678333333333"><ele>35.3</ele><time>2025-11-15T06:24:18Z</time></trkpt><trkpt lat="22.213833333333334" lon="114.02679666666667"><ele>35.5</ele><time>2025-11-15T06:24:20Z</time></trkpt><trkpt lat="22.213855" lon="114.02679333333332"><ele>35.699999999999996</ele><time>2025-11-15T06:24:29Z</time></trkpt><trkpt lat="22.213866666666664" lon="114.02677666666665"><ele>36.1</ele><time>2025-11-15T06:24:31Z</time></trkpt><trkpt lat="22.213884999999998" lon="114.02675333333333"><ele>36.4</ele><time>2025-11-15T06:24:33Z</time></trkpt><trkpt lat="22.2139" lon="114.026735"><ele>36.699999999999996</ele><time>2025-11-15T06:24:35Z</time></trkpt><trkpt lat="22.213919999999998" lon="114.02671833333333"><ele>37.0</ele><time>2025-11-15T06:24:38Z</time></trkpt><trkpt lat="22.21393666666667" lon="114.02669333333333"><ele>37.1</ele><time>2025-11-15T06:24:41Z</time></trkpt><trkpt lat="22.21394666666667" lon="114.02667500000001"><ele>37.199999999999996</ele><time>2025-11-15T06:24:43Z</time></trkpt><trkpt lat="22.213955000000002" lon="114.02665499999999"><ele>37.3</ele><time>2025-11-15T06:24:45Z</time></trkpt><trkpt lat="22.213964999999998" lon="114.02663666666668"><ele>37.5</ele><time>2025-11-15T06:24:47Z</time></trkpt><trkpt lat="22.213971666666666" lon="114.02661666666667"><ele>37.9</ele><time>2025-11-15T06:24:49Z</time></trkpt><trkpt lat="22.213968333333334" lon="114.02659"><ele>38.5</ele><time>2025-11-15T06:24:52Z</time></trkpt><trkpt lat="22.213961666666666" lon="114.02657166666668"><ele>38.9</ele><time>2025-11-15T06:24:54Z</time></trkpt><trkpt lat="22.213968333333334" lon="114.02654833333332"><ele>39.8</ele><time>2025-11-15T06:24:57Z</time></trkpt><trkpt lat="22.21398333333333" lon="114.026535"><ele>40.6</ele><time>2025-11-15T06:24:59Z</time></trkpt><trkpt lat="22.213985" lon="114.02650833333334"><ele>41.4</ele><time>2025-11-15T06:25:01Z</time></trkpt><trkpt lat="22.21399333333333" lon="114.026485"><ele>42.4</ele><time>2025-11-15T06:25:04Z</time></trkpt><trkpt lat="22.21401" lon="114.02647166666665"><ele>43.6</ele><time>2025-11-15T06:25:07Z</time></trkpt><trkpt lat="22.214033333333337" lon="114.026465"><ele>44.199999999999996</ele><time>2025-11-15T06:25:13Z</time></trkpt><trkpt lat="22.21405333333333" lon="114.02645"><ele>44.199999999999996</ele><time>2025-11-15T06:25:16Z</time></trkpt><trkpt lat="22.21407333333333" lon="114.02643833333335"><ele>43.9</ele><time>2025-11-15T06:25:20Z</time></trkpt><trkpt lat="22.214090000000002" lon="114.02642833333333"><ele>44.1</ele><time>2025-11-15T06:25:26Z</time></trkpt><trkpt lat="22.214096666666666" lon="114.02640333333332"><ele>44.199999999999996</ele><time>2025-11-15T06:25:29Z</time></trkpt><trkpt lat="22.21409833333333" lon="114.02638166666665"><ele>44.1</ele><time>2025-11-15T06:25:31Z</time></trkpt><trkpt lat="22.214111666666668" lon="114.02635666666666"><ele>44.1</ele><time>2025-11-15T06:25:34Z</time></trkpt><trkpt lat="22.21412666666667" lon="114.02634000000002"><ele>44.4</ele><time>2025-11-15T06:25:36Z</time></trkpt><trkpt lat="22.214139999999997" lon="114.026325"><ele>44.8</ele><time>2025-11-15T06:25:38Z</time></trkpt><trkpt lat="22.21415833333333" lon="114.02631833333335"><ele>44.9</ele><time>2025-11-15T06:25:41Z</time></trkpt><trkpt lat="22.21417666666667" lon="114.02632"><ele>45.699999999999996</ele><time>2025-11-15T06:25:47Z</time></trkpt><trkpt lat="22.21416166666667" lon="114.02630166666668"><ele>48.9</ele><time>2025-11-15T06:26:41Z</time></trkpt><trkpt lat="22.21416333333333" lon="114.026325"><ele>48.8</ele><time>2025-11-15T06:26:43Z</time></trkpt><trkpt lat="22.21414666666667" lon="114.02634000000002"><ele>48.3</ele><time>2025-11-15T06:26:45Z</time></trkpt><trkpt lat="22.214125" lon="114.02635833333333"><ele>47.6</ele><time>2025-11-15T06:26:47Z</time></trkpt><trkpt lat="22.214109999999998" lon="114.02638166666665"><ele>46.699999999999996</ele><time>2025-11-15T06:26:49Z</time></trkpt><trkpt lat="22.21410166666667" lon="114.02640333333332"><ele>45.3</ele><time>2025-11-15T06:26:51Z</time></trkpt><trkpt lat="22.214091666666665" lon="114.02643333333332"><ele>44.1</ele><time>2025-11-15T06:26:53Z</time></trkpt><trkpt lat="22.214090000000002" lon="114.02645333333334"><ele>42.1</ele><time>2025-11-15T06:26:56Z</time></trkpt><trkpt lat="22.214076666666664" lon="114.02647"><ele>40.4</ele><time>2025-11-15T06:27:00Z</time></trkpt><trkpt lat="22.214088333333333" lon="114.02648833333333"><ele>39.4</ele><time>2025-11-15T06:27:04Z</time></trkpt><trkpt lat="22.214108333333336" lon="114.02649500000001"><ele>38.9</ele><time>2025-11-15T06:27:06Z</time></trkpt><trkpt lat="22.21413" lon="114.026505"><ele>38.6</ele><time>2025-11-15T06:27:08Z</time></trkpt><trkpt lat="22.214153333333336" lon="114.02652833333335"><ele>38.1</ele><time>2025-11-15T06:27:10Z</time></trkpt><trkpt lat="22.214175" lon="114.02655000000001"><ele>37.3</ele><time>2025-11-15T06:27:13Z</time></trkpt><trkpt lat="22.214196666666666" lon="114.02656499999999"><ele>37.5</ele><time>2025-11-15T06:27:15Z</time></trkpt><trkpt lat="22.21421833333333" lon="114.02658000000001"><ele>37.699999999999996</ele><time>2025-11-15T06:27:18Z</time></trkpt><trkpt lat="22.214228333333335" lon="114.02660333333333"><ele>39.699999999999996</ele><time>2025-11-15T06:27:21Z</time></trkpt><trkpt lat="22.214241666666666" lon="114.02658833333335"><ele>44.6</ele><time>2025-11-15T06:27:30Z</time></trkpt><trkpt lat="22.21426166666667" lon="114.026575"><ele>45.199999999999996</ele><time>2025-11-15T06:27:34Z</time></trkpt><trkpt lat="22.21428" lon="114.026575"><ele>46.0</ele><time>2025-11-15T06:27:38Z</time></trkpt><trkpt lat="22.21429666666667" lon="114.02656666666665"><ele>46.3</ele><time>2025-11-15T06:27:40Z</time></trkpt><trkpt lat="22.214318333333335" lon="114.02655000000001"><ele>46.9</ele><time>2025-11-15T06:27:43Z</time></trkpt><trkpt lat="22.214341666666662" lon="114.02654833333332"><ele>47.199999999999996</ele><time>2025-11-15T06:27:46Z</time></trkpt><trkpt lat="22.214360000000003" lon="114.026555"><ele>47.5</ele><time>2025-11-15T06:27:48Z</time></trkpt><trkpt lat="22.214376666666666" lon="114.02656666666665"><ele>47.699999999999996</ele><time>2025-11-15T06:27:50Z</time></trkpt><trkpt lat="22.214391666666664" lon="114.02658166666667"><ele>48.1</ele><time>2025-11-15T06:27:52Z</time></trkpt><trkpt lat="22.21441333333333" lon="114.026595"><ele>48.4</ele><time>2025-11-15T06:27:54Z</time></trkpt><trkpt lat="22.214436666666664" lon="114.02661000000002"><ele>49.1</ele><time>2025-11-15T06:27:56Z</time></trkpt><trkpt lat="22.21446" lon="114.02661666666667"><ele>50.0</ele><time>2025-11-15T06:27:58Z</time></trkpt><trkpt lat="22.214481666666664" lon="114.026625"><ele>50.5</ele><time>2025-11-15T06:28:00Z</time></trkpt><trkpt lat="22.214499999999997" lon="114.02664000000001"><ele>50.699999999999996</ele><time>2025-11-15T06:28:02Z</time></trkpt><trkpt lat="22.214511666666667" lon="114.02665499999999"><ele>51.199999999999996</ele><time>2025-11-15T06:28:04Z</time></trkpt><trkpt lat="22.21453166666667" lon="114.02666666666667"><ele>51.6</ele><time>2025-11-15T06:28:06Z</time></trkpt><trkpt lat="22.214544999999998" lon="114.02668166666666"><ele>52.4</ele><time>2025-11-15T06:28:08Z</time></trkpt><trkpt lat="22.21456166666667" lon="114.02669499999999"><ele>53.199999999999996</ele><time>2025-11-15T06:28:10Z</time></trkpt><trkpt lat="22.21458" lon="114.02670833333335"><ele>54.8</ele><time>2025-11-15T06:28:12Z</time></trkpt><trkpt lat="22.214598333333335" lon="114.026715"><ele>56.3</ele><time>2025-11-15T06:28:14Z</time></trkpt><trkpt lat="22.21462166666667" lon="114.02672499999998"><ele>57.199999999999996</ele><time>2025-11-15T06:28:16Z</time></trkpt><trkpt lat="22.214643333333335" lon="114.02673333333333"><ele>57.6</ele><time>2025-11-15T06:28:18Z</time></trkpt><trkpt lat="22.214655" lon="114.02674833333334"><ele>57.699999999999996</ele><time>2025-11-15T06:28:20Z</time></trkpt><trkpt lat="22.214668333333332" lon="114.02676166666667"><ele>57.9</ele><time>2025-11-15T06:28:22Z</time></trkpt><trkpt lat="22.214686666666662" lon="114.02677"><ele>58.699999999999996</ele><time>2025-11-15T06:28:24Z</time></trkpt><trkpt lat="22.214703333333333" lon="114.02678333333333"><ele>59.199999999999996</ele><time>2025-11-15T06:28:26Z</time></trkpt><trkpt lat="22.214721666666666" lon="114.02679333333332"><ele>60.3</ele><time>2025-11-15T06:28:29Z</time></trkpt><trkpt lat="22.214733333333335" lon="114.02681"><ele>60.8</ele><time>2025-11-15T06:28:33Z</time></trkpt><trkpt lat="22.214745" lon="114.026825"><ele>61.1</ele><time>2025-11-15T06:28:35Z</time></trkpt><trkpt lat="22.214751666666665" lon="114.02685000000001"><ele>61.4</ele><time>2025-11-15T06:28:38Z</time></trkpt><trkpt lat="22.214763333333334" lon="114.02687333333333"><ele>61.8</ele><time>2025-11-15T06:28:41Z</time></trkpt><trkpt lat="22.21477333333333" lon="114.026895"><ele>62.0</ele><time>2025-11-15T06:28:44Z</time></trkpt><trkpt lat="22.214785" lon="114.02691166666666"><ele>62.1</ele><time>2025-11-15T06:28:46Z</time></trkpt><trkpt lat="22.214796666666665" lon="114.02693166666668"><ele>62.199999999999996</ele><time>2025-11-15T06:28:49Z</time></trkpt><trkpt lat="22.214810000000003" lon="114.02695"><ele>62.199999999999996</ele><time>2025-11-15T06:28:52Z</time></trkpt><trkpt lat="22.21481833333333" lon="114.02696833333333"><ele>62.199999999999996</ele><time>2025-11-15T06:28:54Z</time></trkpt><trkpt lat="22.21483166666667" lon="114.026985"><ele>62.4</ele><time>2025-11-15T06:28:56Z</time></trkpt><trkpt lat="22.214851666666664" lon="114.02699833333332"><ele>62.199999999999996</ele><time>2025-11-15T06:28:59Z</time></trkpt><trkpt lat="22.214868333333335" lon="114.02701"><ele>62.1</ele><time>2025-11-15T06:29:01Z</time></trkpt><trkpt lat="22.214886666666665" lon="114.02700166666666"><ele>61.9</ele><time>2025-11-15T06:29:04Z</time></trkpt><trkpt lat="22.214903333333336" lon="114.02701166666665"><ele>61.8</ele><time>2025-11-15T06:29:07Z</time></trkpt><trkpt lat="22.21492166666667" lon="114.027025"><ele>61.3</ele><time>2025-11-15T06:29:10Z</time></trkpt><trkpt lat="22.214944999999997" lon="114.02703166666667"><ele>61.3</ele><time>2025-11-15T06:29:13Z</time></trkpt><trkpt lat="22.214963333333337" lon="114.02704333333334"><ele>61.3</ele><time>2025-11-15T06:29:15Z</time></trkpt><trkpt lat="22.214976666666665" lon="114.02705666666667"><ele>61.3</ele><time>2025-11-15T06:29:17Z</time></trkpt><trkpt lat="22.214993333333336" lon="114.02707000000001"><ele>61.4</ele><time>2025-11-15T06:29:19Z</time></trkpt><trkpt lat="22.215015" lon="114.02708333333334"><ele>61.8</ele><time>2025-11-15T06:29:22Z</time></trkpt><trkpt lat="22.215019999999996" lon="114.02710499999999"><ele>63.99999999999999</ele><time>2025-11-15T06:29:33Z</time></trkpt><trkpt lat="22.215034999999997" lon="114.02712833333332"><ele>63.99999999999999</ele><time>2025-11-15T06:29:35Z</time></trkpt><trkpt lat="22.215051666666668" lon="114.02716166666666"><ele>64.2</ele><time>2025-11-15T06:29:37Z</time></trkpt><trkpt lat="22.215061666666664" lon="114.02719333333334"><ele>64.9</ele><time>2025-11-15T06:29:39Z</time></trkpt><trkpt lat="22.215066666666665" lon="114.02722"><ele>65.9</ele><time>2025-11-15T06:29:41Z</time></trkpt><trkpt lat="22.215075000000002" lon="114.02724000000002"><ele>67.9</ele><time>2025-11-15T06:29:44Z</time></trkpt><trkpt lat="22.215076666666665" lon="114.02726166666667"><ele>69.4</ele><time>2025-11-15T06:29:48Z</time></trkpt><trkpt lat="22.21509" lon="114.02728499999999"><ele>70.5</ele><time>2025-11-15T06:29:50Z</time></trkpt><trkpt lat="22.2151" lon="114.02730500000001"><ele>71.60000000000001</ele><time>2025-11-15T06:29:52Z</time></trkpt><trkpt lat="22.215111666666665" lon="114.02732333333333"><ele>72.7</ele><time>2025-11-15T06:29:55Z</time></trkpt><trkpt lat="22.215123333333334" lon="114.02734166666666"><ele>74.10000000000001</ele><time>2025-11-15T06:29:58Z</time></trkpt><trkpt lat="22.215136666666663" lon="114.02736666666667"><ele>74.80000000000001</ele><time>2025-11-15T06:30:01Z</time></trkpt><trkpt lat="22.215153333333333" lon="114.02738666666667"><ele>75.0</ele><time>2025-11-15T06:30:03Z</time></trkpt><trkpt lat="22.215166666666665" lon="114.02740333333334"><ele>75.10000000000001</ele><time>2025-11-15T06:30:05Z</time></trkpt><trkpt lat="22.215171666666667" lon="114.02742333333332"><ele>75.0</ele><time>2025-11-15T06:30:07Z</time></trkpt><trkpt lat="22.215165000000002" lon="114.02744166666668"><ele>75.0</ele><time>2025-11-15T06:30:09Z</time></trkpt><trkpt lat="22.215169999999997" lon="114.02746833333335"><ele>75.0</ele><time>2025-11-15T06:30:12Z</time></trkpt><trkpt lat="22.215168333333335" lon="114.02748833333332"><ele>75.10000000000001</ele><time>2025-11-15T06:30:14Z</time></trkpt><trkpt lat="22.215173333333336" lon="114.02750833333333"><ele>75.60000000000001</ele><time>2025-11-15T06:30:16Z</time></trkpt><trkpt lat="22.215183333333336" lon="114.02753333333334"><ele>76.10000000000001</ele><time>2025-11-15T06:30:19Z</time></trkpt><trkpt lat="22.215181666666663" lon="114.02755833333335"><ele>76.4</ele><time>2025-11-15T06:30:22Z</time></trkpt><trkpt lat="22.215198333333333" lon="114.027585"><ele>77.0</ele><time>2025-11-15T06:30:25Z</time></trkpt><trkpt lat="22.215211666666665" lon="114.02760666666667"><ele>77.4</ele><time>2025-11-15T06:30:28Z</time></trkpt><trkpt lat="22.215226666666663" lon="114.02761833333334"><ele>77.9</ele><time>2025-11-15T06:30:30Z</time></trkpt><trkpt lat="22.215244999999996" lon="114.02763000000002"><ele>78.5</ele><time>2025-11-15T06:30:32Z</time></trkpt><trkpt lat="22.21526666666667" lon="114.02764499999999"><ele>78.9</ele><time>2025-11-15T06:30:34Z</time></trkpt><trkpt lat="22.215286666666664" lon="114.02766333333332"><ele>78.9</ele><time>2025-11-15T06:30:36Z</time></trkpt><trkpt lat="22.215295" lon="114.02768166666668"><ele>78.9</ele><time>2025-11-15T06:30:38Z</time></trkpt><trkpt lat="22.215306666666667" lon="114.02770333333335"><ele>78.7</ele><time>2025-11-15T06:30:40Z</time></trkpt><trkpt lat="22.215321666666668" lon="114.02772333333333"><ele>78.7</ele><time>2025-11-15T06:30:42Z</time></trkpt><trkpt lat="22.215345000000003" lon="114.02775166666667"><ele>78.60000000000001</ele><time>2025-11-15T06:30:44Z</time></trkpt><trkpt lat="22.215363333333336" lon="114.02777833333333"><ele>78.2</ele><time>2025-11-15T06:30:46Z</time></trkpt><trkpt lat="22.215376666666664" lon="114.02779833333334"><ele>77.80000000000001</ele><time>2025-11-15T06:30:48Z</time></trkpt><trkpt lat="22.215396666666667" lon="114.02781166666666"><ele>77.30000000000001</ele><time>2025-11-15T06:30:50Z</time></trkpt><trkpt lat="22.21541333333333" lon="114.02782499999999"><ele>76.5</ele><time>2025-11-15T06:30:52Z</time></trkpt><trkpt lat="22.215433333333333" lon="114.02784166666667"><ele>75.7</ele><time>2025-11-15T06:30:54Z</time></trkpt><trkpt lat="22.215451666666663" lon="114.02785333333334"><ele>75.10000000000001</ele><time>2025-11-15T06:30:56Z</time></trkpt><trkpt lat="22.21546" lon="114.02787666666667"><ele>75.30000000000001</ele><time>2025-11-15T06:30:58Z</time></trkpt><trkpt lat="22.21547666666667" lon="114.02789"><ele>75.60000000000001</ele><time>2025-11-15T06:31:00Z</time></trkpt><trkpt lat="22.215496666666663" lon="114.02789499999999"><ele>75.80000000000001</ele><time>2025-11-15T06:31:02Z</time></trkpt><trkpt lat="22.21551833333333" lon="114.02790333333333"><ele>76.2</ele><time>2025-11-15T06:31:05Z</time></trkpt><trkpt lat="22.21553833333333" lon="114.02792"><ele>76.5</ele><time>2025-11-15T06:31:08Z</time></trkpt><trkpt lat="22.215553333333332" lon="114.02793333333332"><ele>76.30000000000001</ele><time>2025-11-15T06:31:10Z</time></trkpt><trkpt lat="22.215574999999998" lon="114.02794333333334"><ele>76.2</ele><time>2025-11-15T06:31:12Z</time></trkpt><trkpt lat="22.21559333333333" lon="114.02796333333332"><ele>76.4</ele><time>2025-11-15T06:31:14Z</time></trkpt><trkpt lat="22.215619999999998" lon="114.02797666666666"><ele>76.5</ele><time>2025-11-15T06:31:16Z</time></trkpt><trkpt lat="22.215648333333334" lon="114.02799333333333"><ele>76.80000000000001</ele><time>2025-11-15T06:31:18Z</time></trkpt><trkpt lat="22.21566833333333" lon="114.02801"><ele>76.9</ele><time>2025-11-15T06:31:20Z</time></trkpt><trkpt lat="22.21568333333333" lon="114.02802166666667"><ele>77.0</ele><time>2025-11-15T06:31:22Z</time></trkpt><trkpt lat="22.215696666666666" lon="114.02803666666665"><ele>76.9</ele><time>2025-11-15T06:31:24Z</time></trkpt><trkpt lat="22.215711666666667" lon="114.02805833333332"><ele>76.7</ele><time>2025-11-15T06:31:26Z</time></trkpt><trkpt lat="22.21572833333333" lon="114.02807499999999"><ele>76.4</ele><time>2025-11-15T06:31:28Z</time></trkpt><trkpt lat="22.21574333333333" lon="114.02809166666665"><ele>76.0</ele><time>2025-11-15T06:31:30Z</time></trkpt><trkpt lat="22.215750000000003" lon="114.02811000000001"><ele>76.0</ele><time>2025-11-15T06:31:32Z</time></trkpt><trkpt lat="22.215754999999998" lon="114.02813166666668"><ele>75.80000000000001</ele><time>2025-11-15T06:31:34Z</time></trkpt><trkpt lat="22.215756666666667" lon="114.02816"><ele>75.7</ele><time>2025-11-15T06:31:36Z</time></trkpt><trkpt lat="22.21576" lon="114.02818166666665"><ele>75.2</ele><time>2025-11-15T06:31:38Z</time></trkpt><trkpt lat="22.21577" lon="114.02820333333332"><ele>75.10000000000001</ele><time>2025-11-15T06:31:40Z</time></trkpt><trkpt lat="22.215780000000002" lon="114.02821999999999"><ele>74.7</ele><time>2025-11-15T06:31:42Z</time></trkpt><trkpt lat="22.21579166666667" lon="114.02823833333332"><ele>74.5</ele><time>2025-11-15T06:31:44Z</time></trkpt><trkpt lat="22.21580666666667" lon="114.02825499999999"><ele>74.5</ele><time>2025-11-15T06:31:46Z</time></trkpt><trkpt lat="22.215811666666664" lon="114.028275"><ele>74.5</ele><time>2025-11-15T06:31:48Z</time></trkpt><trkpt lat="22.21581666666667" lon="114.02829666666666"><ele>74.60000000000001</ele><time>2025-11-15T06:31:51Z</time></trkpt><trkpt lat="22.215826666666665" lon="114.02831499999999"><ele>74.60000000000001</ele><time>2025-11-15T06:31:53Z</time></trkpt><trkpt lat="22.215840000000004" lon="114.02833166666666"><ele>74.9</ele><time>2025-11-15T06:31:55Z</time></trkpt><trkpt lat="22.215856666666664" lon="114.02834166666668"><ele>75.60000000000001</ele><time>2025-11-15T06:31:57Z</time></trkpt><trkpt lat="22.215873333333334" lon="114.02834999999999"><ele>76.10000000000001</ele><time>2025-11-15T06:31:59Z</time></trkpt><trkpt lat="22.215889999999998" lon="114.02836166666665"><ele>76.60000000000001</ele><time>2025-11-15T06:32:01Z</time></trkpt><trkpt lat="22.215911666666663" lon="114.02836833333335"><ele>77.2</ele><time>2025-11-15T06:32:03Z</time></trkpt><trkpt lat="22.215926666666665" lon="114.02838166666668"><ele>77.80000000000001</ele><time>2025-11-15T06:32:05Z</time></trkpt><trkpt lat="22.215955" lon="114.028395"><ele>78.4</ele><time>2025-11-15T06:32:07Z</time></trkpt><trkpt lat="22.215971666666665" lon="114.02840499999999"><ele>79.0</ele><time>2025-11-15T06:32:08Z</time></trkpt><trkpt lat="22.215988333333332" lon="114.02842666666666"><ele>79.9</ele><time>2025-11-15T06:32:10Z</time></trkpt><trkpt lat="22.21599833333333" lon="114.028445"><ele>80.80000000000001</ele><time>2025-11-15T06:32:12Z</time></trkpt><trkpt lat="22.216005000000003" lon="114.02846833333334"><ele>81.4</ele><time>2025-11-15T06:32:15Z</time></trkpt><trkpt lat="22.216016666666665" lon="114.02848333333334"><ele>82.10000000000001</ele><time>2025-11-15T06:32:18Z</time></trkpt><trkpt lat="22.216031666666662" lon="114.02850333333332"><ele>82.4</ele><time>2025-11-15T06:32:20Z</time></trkpt><trkpt lat="22.216046666666664" lon="114.02852666666668"><ele>82.5</ele><time>2025-11-15T06:32:23Z</time></trkpt><trkpt lat="22.216061666666665" lon="114.02854333333335"><ele>82.30000000000001</ele><time>2025-11-15T06:32:25Z</time></trkpt><trkpt lat="22.216078333333332" lon="114.02855999999998"><ele>82.10000000000001</ele><time>2025-11-15T06:32:27Z</time></trkpt><trkpt lat="22.216099999999997" lon="114.02857166666666"><ele>81.80000000000001</ele><time>2025-11-15T06:32:29Z</time></trkpt><trkpt lat="22.21611833333333" lon="114.02858499999999"><ele>81.7</ele><time>2025-11-15T06:32:31Z</time></trkpt><trkpt lat="22.21613166666667" lon="114.02859833333332"><ele>81.5</ele><time>2025-11-15T06:32:33Z</time></trkpt><trkpt lat="22.216146666666667" lon="114.02861666666668"><ele>81.30000000000001</ele><time>2025-11-15T06:32:35Z</time></trkpt><trkpt lat="22.216165" lon="114.02863333333335"><ele>81.5</ele><time>2025-11-15T06:32:37Z</time></trkpt><trkpt lat="22.216185000000003" lon="114.02864333333333"><ele>81.60000000000001</ele><time>2025-11-15T06:32:39Z</time></trkpt><trkpt lat="22.21620833333333" lon="114.02865333333332"><ele>82.0</ele><time>2025-11-15T06:32:42Z</time></trkpt><trkpt lat="22.216228333333333" lon="114.02866999999999"><ele>82.2</ele><time>2025-11-15T06:32:45Z</time></trkpt><trkpt lat="22.21625333333333" lon="114.02868500000001"><ele>82.10000000000001</ele><time>2025-11-15T06:32:48Z</time></trkpt><trkpt lat="22.216271666666664" lon="114.02869666666666"><ele>81.9</ele><time>2025-11-15T06:32:50Z</time></trkpt><trkpt lat="22.216288333333335" lon="114.02870999999999"><ele>81.60000000000001</ele><time>2025-11-15T06:32:53Z</time></trkpt><trkpt lat="22.216308333333338" lon="114.028715"><ele>81.60000000000001</ele><time>2025-11-15T06:32:55Z</time></trkpt><trkpt lat="22.216333333333335" lon="114.02871833333332"><ele>81.80000000000001</ele><time>2025-11-15T06:32:57Z</time></trkpt><trkpt lat="22.216353333333338" lon="114.028725"><ele>82.10000000000001</ele><time>2025-11-15T06:32:59Z</time></trkpt><trkpt lat="22.216381666666667" lon="114.02873"><ele>82.5</ele><time>2025-11-15T06:33:01Z</time></trkpt><trkpt lat="22.216408333333334" lon="114.02873333333334"><ele>82.9</ele><time>2025-11-15T06:33:03Z</time></trkpt><trkpt lat="22.216428333333337" lon="114.02873833333334"><ele>83.5</ele><time>2025-11-15T06:33:05Z</time></trkpt><trkpt lat="22.21644666666667" lon="114.02874333333332"><ele>83.30000000000001</ele><time>2025-11-15T06:33:07Z</time></trkpt><trkpt lat="22.216471666666667" lon="114.02875166666666"><ele>83.30000000000001</ele><time>2025-11-15T06:33:10Z</time></trkpt><trkpt lat="22.21649166666667" lon="114.028755"><ele>83.30000000000001</ele><time>2025-11-15T06:33:12Z</time></trkpt><trkpt lat="22.216511666666666" lon="114.02875666666665"><ele>82.60000000000001</ele><time>2025-11-15T06:33:14Z</time></trkpt><trkpt lat="22.216535" lon="114.02875999999999"><ele>82.10000000000001</ele><time>2025-11-15T06:33:16Z</time></trkpt><trkpt lat="22.216558333333335" lon="114.02876166666668"><ele>81.60000000000001</ele><time>2025-11-15T06:33:18Z</time></trkpt><trkpt lat="22.21658" lon="114.02876166666668"><ele>80.9</ele><time>2025-11-15T06:33:20Z</time></trkpt><trkpt lat="22.216600000000003" lon="114.02876333333333"><ele>80.10000000000001</ele><time>2025-11-15T06:33:22Z</time></trkpt><trkpt lat="22.216628333333333" lon="114.02877166666667"><ele>79.60000000000001</ele><time>2025-11-15T06:33:25Z</time></trkpt><trkpt lat="22.216645000000003" lon="114.02878333333335"><ele>79.10000000000001</ele><time>2025-11-15T06:33:27Z</time></trkpt><trkpt lat="22.216663333333333" lon="114.02879833333333"><ele>78.5</ele><time>2025-11-15T06:33:29Z</time></trkpt><trkpt lat="22.216678333333334" lon="114.028825"><ele>78.30000000000001</ele><time>2025-11-15T06:33:31Z</time></trkpt><trkpt lat="22.216690000000003" lon="114.02884"><ele>78.9</ele><time>2025-11-15T06:33:33Z</time></trkpt><trkpt lat="22.216696666666667" lon="114.02886833333332"><ele>81.10000000000001</ele><time>2025-11-15T06:33:38Z</time></trkpt><trkpt lat="22.216705" lon="114.02889666666667"><ele>81.30000000000001</ele><time>2025-11-15T06:33:41Z</time></trkpt><trkpt lat="22.216713333333338" lon="114.028915"><ele>81.2</ele><time>2025-11-15T06:33:43Z</time></trkpt><trkpt lat="22.216705" lon="114.02894333333333"><ele>80.9</ele><time>2025-11-15T06:33:45Z</time></trkpt><trkpt lat="22.216694999999998" lon="114.02897333333334"><ele>80.7</ele><time>2025-11-15T06:33:47Z</time></trkpt><trkpt lat="22.216694999999998" lon="114.02899833333335"><ele>80.0</ele><time>2025-11-15T06:33:51Z</time></trkpt><trkpt lat="22.216690000000003" lon="114.02901833333333"><ele>79.80000000000001</ele><time>2025-11-15T06:33:53Z</time></trkpt><trkpt lat="22.21668833333333" lon="114.02904333333332"><ele>79.0</ele><time>2025-11-15T06:33:56Z</time></trkpt><trkpt lat="22.216691666666666" lon="114.02906999999999"><ele>77.80000000000001</ele><time>2025-11-15T06:33:59Z</time></trkpt><trkpt lat="22.21670333333333" lon="114.02909666666667"><ele>77.30000000000001</ele><time>2025-11-15T06:34:01Z</time></trkpt><trkpt lat="22.21671666666667" lon="114.02912333333333"><ele>77.30000000000001</ele><time>2025-11-15T06:34:03Z</time></trkpt><trkpt lat="22.216723333333334" lon="114.029145"><ele>77.30000000000001</ele><time>2025-11-15T06:34:05Z</time></trkpt><trkpt lat="22.216723333333334" lon="114.02917166666666"><ele>77.4</ele><time>2025-11-15T06:34:08Z</time></trkpt><trkpt lat="22.216721666666665" lon="114.02920166666667"><ele>77.10000000000001</ele><time>2025-11-15T06:34:11Z</time></trkpt><trkpt lat="22.216713333333338" lon="114.02921999999998"><ele>76.60000000000001</ele><time>2025-11-15T06:34:13Z</time></trkpt><trkpt lat="22.216706666666663" lon="114.02924499999999"><ele>76.4</ele><time>2025-11-15T06:34:15Z</time></trkpt><trkpt lat="22.21670333333333" lon="114.02926833333335"><ele>76.10000000000001</ele><time>2025-11-15T06:34:17Z</time></trkpt><trkpt lat="22.216698333333337" lon="114.02929166666667"><ele>76.30000000000001</ele><time>2025-11-15T06:34:19Z</time></trkpt><trkpt lat="22.216694999999998" lon="114.02931333333332"><ele>76.4</ele><time>2025-11-15T06:34:21Z</time></trkpt><trkpt lat="22.216691666666666" lon="114.02933499999999"><ele>76.30000000000001</ele><time>2025-11-15T06:34:23Z</time></trkpt><trkpt lat="22.216691666666666" lon="114.02936333333334"><ele>76.0</ele><time>2025-11-15T06:34:26Z</time></trkpt><trkpt lat="22.216693333333335" lon="114.02938333333334"><ele>76.30000000000001</ele><time>2025-11-15T06:34:28Z</time></trkpt><trkpt lat="22.216698333333337" lon="114.02941000000001"><ele>76.60000000000001</ele><time>2025-11-15T06:34:31Z</time></trkpt><trkpt lat="22.21670333333333" lon="114.02943166666667"><ele>76.60000000000001</ele><time>2025-11-15T06:34:33Z</time></trkpt><trkpt lat="22.216708333333333" lon="114.02945166666665"><ele>76.80000000000001</ele><time>2025-11-15T06:34:35Z</time></trkpt><trkpt lat="22.216720000000002" lon="114.02947166666667"><ele>77.4</ele><time>2025-11-15T06:34:38Z</time></trkpt><trkpt lat="22.216731666666668" lon="114.02948999999998"><ele>77.2</ele><time>2025-11-15T06:34:41Z</time></trkpt><trkpt lat="22.216743333333337" lon="114.02951"><ele>77.0</ele><time>2025-11-15T06:34:43Z</time></trkpt><trkpt lat="22.216756666666665" lon="114.02953000000001"><ele>77.10000000000001</ele><time>2025-11-15T06:34:45Z</time></trkpt><trkpt lat="22.21676166666667" lon="114.02955500000002"><ele>77.0</ele><time>2025-11-15T06:34:47Z</time></trkpt><trkpt lat="22.216763333333333" lon="114.02958166666667"><ele>77.10000000000001</ele><time>2025-11-15T06:34:49Z</time></trkpt><trkpt lat="22.21674666666667" lon="114.02960833333333"><ele>77.7</ele><time>2025-11-15T06:34:52Z</time></trkpt><trkpt lat="22.216720000000002" lon="114.02963166666665"><ele>77.80000000000001</ele><time>2025-11-15T06:34:54Z</time></trkpt><trkpt lat="22.2167" lon="114.02964666666666"><ele>77.9</ele><time>2025-11-15T06:34:55Z</time></trkpt><trkpt lat="22.216681666666666" lon="114.029665"><ele>77.9</ele><time>2025-11-15T06:34:56Z</time></trkpt><trkpt lat="22.216661666666663" lon="114.02969166666665"><ele>78.10000000000001</ele><time>2025-11-15T06:34:57Z</time></trkpt><trkpt lat="22.21666" lon="114.02972166666665"><ele>78.9</ele><time>2025-11-15T06:34:58Z</time></trkpt><trkpt lat="22.216666666666665" lon="114.02974"><ele>79.9</ele><time>2025-11-15T06:34:59Z</time></trkpt><trkpt lat="22.216685" lon="114.029755"><ele>82.10000000000001</ele><time>2025-11-15T06:35:01Z</time></trkpt><trkpt lat="22.21670333333333" lon="114.02976166666667"><ele>83.2</ele><time>2025-11-15T06:35:02Z</time></trkpt><trkpt lat="22.216723333333334" lon="114.02977000000001"><ele>84.30000000000001</ele><time>2025-11-15T06:35:03Z</time></trkpt><trkpt lat="22.216741666666667" lon="114.02977333333335"><ele>85.2</ele><time>2025-11-15T06:35:04Z</time></trkpt><trkpt lat="22.216768333333334" lon="114.02977666666666"><ele>86.2</ele><time>2025-11-15T06:35:06Z</time></trkpt><trkpt lat="22.216771666666666" lon="114.02980000000001"><ele>86.80000000000001</ele><time>2025-11-15T06:35:10Z</time></trkpt><trkpt lat="22.216753333333333" lon="114.02980833333335"><ele>86.2</ele><time>2025-11-15T06:35:12Z</time></trkpt><trkpt lat="22.216731666666668" lon="114.02980833333335"><ele>85.9</ele><time>2025-11-15T06:35:14Z</time></trkpt><trkpt lat="22.216709999999996" lon="114.02979833333332"><ele>84.80000000000001</ele><time>2025-11-15T06:35:16Z</time></trkpt><trkpt lat="22.21668833333333" lon="114.02979666666667"><ele>83.7</ele><time>2025-11-15T06:35:19Z</time></trkpt><trkpt lat="22.216675000000002" lon="114.02981"><ele>82.5</ele><time>2025-11-15T06:35:22Z</time></trkpt><trkpt lat="22.216663333333333" lon="114.02982500000002"><ele>81.80000000000001</ele><time>2025-11-15T06:35:24Z</time></trkpt><trkpt lat="22.216649999999998" lon="114.02983833333334"><ele>81.30000000000001</ele><time>2025-11-15T06:35:26Z</time></trkpt><trkpt lat="22.216638333333336" lon="114.02985666666667"><ele>81.9</ele><time>2025-11-15T06:35:31Z</time></trkpt><trkpt lat="22.216623333333338" lon="114.02986833333334"><ele>82.4</ele><time>2025-11-15T06:35:34Z</time></trkpt><trkpt lat="22.216601666666666" lon="114.02987333333334"><ele>82.9</ele><time>2025-11-15T06:35:37Z</time></trkpt><trkpt lat="22.216623333333338" lon="114.02987999999999"><ele>83.30000000000001</ele><time>2025-11-15T06:35:42Z</time></trkpt><trkpt lat="22.216641666666668" lon="114.02989000000001"><ele>83.30000000000001</ele><time>2025-11-15T06:35:56Z</time></trkpt><trkpt lat="22.216664999999995" lon="114.02987333333334"><ele>85.0</ele><time>2025-11-15T06:36:15Z</time></trkpt><trkpt lat="22.216683333333336" lon="114.02986166666666"><ele>85.60000000000001</ele><time>2025-11-15T06:36:18Z</time></trkpt><trkpt lat="22.21670333333333" lon="114.029865"><ele>86.30000000000001</ele><time>2025-11-15T06:36:24Z</time></trkpt><trkpt lat="22.216721666666665" lon="114.029865"><ele>79.7</ele><time>2025-11-15T06:37:55Z</time></trkpt><trkpt lat="22.216721666666665" lon="114.029895"><ele>80.5</ele><time>2025-11-15T06:38:06Z</time></trkpt><trkpt lat="22.21673333333333" lon="114.02991666666667"><ele>80.60000000000001</ele><time>2025-11-15T06:38:08Z</time></trkpt><trkpt lat="22.21674833333333" lon="114.02993166666666"><ele>80.80000000000001</ele><time>2025-11-15T06:38:10Z</time></trkpt><trkpt lat="22.216766666666665" lon="114.02995000000001"><ele>81.0</ele><time>2025-11-15T06:38:12Z</time></trkpt><trkpt lat="22.216775" lon="114.02997333333333"><ele>81.2</ele><time>2025-11-15T06:38:15Z</time></trkpt><trkpt lat="22.216776666666668" lon="114.02999999999999"><ele>81.10000000000001</ele><time>2025-11-15T06:38:18Z</time></trkpt><trkpt lat="22.216776666666668" lon="114.03002166666666"><ele>80.7</ele><time>2025-11-15T06:38:21Z</time></trkpt><trkpt lat="22.216775" lon="114.03004333333335"><ele>80.5</ele><time>2025-11-15T06:38:25Z</time></trkpt><trkpt lat="22.21679166666667" lon="114.03005999999999"><ele>80.4</ele><time>2025-11-15T06:38:28Z</time></trkpt><trkpt lat="22.216814999999997" lon="114.030075"><ele>80.60000000000001</ele><time>2025-11-15T06:38:30Z</time></trkpt><trkpt lat="22.21683833333333" lon="114.03008833333334"><ele>80.80000000000001</ele><time>2025-11-15T06:38:32Z</time></trkpt><trkpt lat="22.216858333333334" lon="114.0301"><ele>81.0</ele><time>2025-11-15T06:38:34Z</time></trkpt><trkpt lat="22.216874999999998" lon="114.03011"><ele>80.7</ele><time>2025-11-15T06:38:36Z</time></trkpt><trkpt lat="22.216900000000003" lon="114.03011666666667"><ele>80.7</ele><time>2025-11-15T06:38:39Z</time></trkpt><trkpt lat="22.216916666666666" lon="114.03012666666667"><ele>81.30000000000001</ele><time>2025-11-15T06:38:43Z</time></trkpt><trkpt lat="22.21692" lon="114.03014999999999"><ele>81.80000000000001</ele><time>2025-11-15T06:38:47Z</time></trkpt><trkpt lat="22.216928333333332" lon="114.03017"><ele>81.9</ele><time>2025-11-15T06:38:49Z</time></trkpt><trkpt lat="22.216933333333333" lon="114.030195"><ele>81.7</ele><time>2025-11-15T06:38:51Z</time></trkpt><trkpt lat="22.216948333333335" lon="114.03021166666667"><ele>81.80000000000001</ele><time>2025-11-15T06:38:54Z</time></trkpt><trkpt lat="22.216965" lon="114.03023"><ele>82.10000000000001</ele><time>2025-11-15T06:38:58Z</time></trkpt><trkpt lat="22.216981666666666" lon="114.03025333333332"><ele>82.2</ele><time>2025-11-15T06:39:01Z</time></trkpt><trkpt lat="22.216994999999997" lon="114.03027666666667"><ele>82.80000000000001</ele><time>2025-11-15T06:39:04Z</time></trkpt><trkpt lat="22.21700166666667" lon="114.030295"><ele>83.0</ele><time>2025-11-15T06:39:06Z</time></trkpt><trkpt lat="22.217011666666668" lon="114.030315"><ele>83.4</ele><time>2025-11-15T06:39:08Z</time></trkpt><trkpt lat="22.217021666666664" lon="114.03033833333332"><ele>84.10000000000001</ele><time>2025-11-15T06:39:11Z</time></trkpt><trkpt lat="22.217038333333335" lon="114.03035833333334"><ele>85.2</ele><time>2025-11-15T06:39:15Z</time></trkpt><trkpt lat="22.21704666666667" lon="114.03037666666665"><ele>85.60000000000001</ele><time>2025-11-15T06:39:18Z</time></trkpt><trkpt lat="22.217051666666666" lon="114.03039833333332"><ele>86.0</ele><time>2025-11-15T06:39:21Z</time></trkpt><trkpt lat="22.21705833333333" lon="114.03042166666667"><ele>86.10000000000001</ele><time>2025-11-15T06:39:23Z</time></trkpt><trkpt lat="22.217063333333332" lon="114.03044333333334"><ele>85.9</ele><time>2025-11-15T06:39:25Z</time></trkpt><trkpt lat="22.21707666666667" lon="114.03046166666667"><ele>86.0</ele><time>2025-11-15T06:39:28Z</time></trkpt><trkpt lat="22.21709166666667" lon="114.03048666666668"><ele>86.0</ele><time>2025-11-15T06:39:30Z</time></trkpt><trkpt lat="22.21710333333333" lon="114.03050333333334"><ele>86.0</ele><time>2025-11-15T06:39:32Z</time></trkpt><trkpt lat="22.217114999999996" lon="114.03052000000001"><ele>86.2</ele><time>2025-11-15T06:39:35Z</time></trkpt><trkpt lat="22.217126666666665" lon="114.03054333333333"><ele>86.80000000000001</ele><time>2025-11-15T06:39:40Z</time></trkpt><trkpt lat="22.217131666666667" lon="114.03056333333333"><ele>87.80000000000001</ele><time>2025-11-15T06:39:45Z</time></trkpt><trkpt lat="22.217114999999996" lon="114.03057166666667"><ele>88.80000000000001</ele><time>2025-11-15T06:39:49Z</time></trkpt><trkpt lat="22.21713333333333" lon="114.03058000000001"><ele>90.7</ele><time>2025-11-15T06:40:32Z</time></trkpt><trkpt lat="22.217153333333332" lon="114.03058166666666"><ele>89.9</ele><time>2025-11-15T06:40:35Z</time></trkpt><trkpt lat="22.217135" lon="114.03058666666666"><ele>92.4</ele><time>2025-11-15T06:40:45Z</time></trkpt><trkpt lat="22.217155" lon="114.03059"><ele>91.7</ele><time>2025-11-15T06:40:51Z</time></trkpt><trkpt lat="22.21713333333333" lon="114.03058000000001"><ele>90.4</ele><time>2025-11-15T06:40:59Z</time></trkpt><trkpt lat="22.217153333333332" lon="114.03057166666667"><ele>89.10000000000001</ele><time>2025-11-15T06:41:10Z</time></trkpt><trkpt lat="22.21713333333333" lon="114.03056833333333"><ele>86.10000000000001</ele><time>2025-11-15T06:41:49Z</time></trkpt><trkpt lat="22.217141666666667" lon="114.03058666666666"><ele>85.7</ele><time>2025-11-15T06:42:09Z</time></trkpt><trkpt lat="22.217143333333336" lon="114.03060666666667"><ele>88.0</ele><time>2025-11-15T06:42:28Z</time></trkpt><trkpt lat="22.217153333333332" lon="114.03058666666666"><ele>88.9</ele><time>2025-11-15T06:43:14Z</time></trkpt><trkpt lat="22.21718333333333" lon="114.03058166666666"><ele>87.9</ele><time>2025-11-15T06:43:16Z</time></trkpt><trkpt lat="22.217203333333334" lon="114.03058166666666"><ele>86.9</ele><time>2025-11-15T06:43:18Z</time></trkpt><trkpt lat="22.217221666666667" lon="114.03058833333334"><ele>86.0</ele><time>2025-11-15T06:43:21Z</time></trkpt><trkpt lat="22.217245000000002" lon="114.03059333333334"><ele>85.10000000000001</ele><time>2025-11-15T06:43:24Z</time></trkpt><trkpt lat="22.217266666666667" lon="114.03060500000001"><ele>84.7</ele><time>2025-11-15T06:43:27Z</time></trkpt><trkpt lat="22.21726833333333" lon="114.03057833333332"><ele>85.9</ele><time>2025-11-15T06:43:36Z</time></trkpt><trkpt lat="22.217258333333334" lon="114.03059999999999"><ele>86.30000000000001</ele><time>2025-11-15T06:43:42Z</time></trkpt><trkpt lat="22.217276666666667" lon="114.03062"><ele>87.7</ele><time>2025-11-15T06:43:51Z</time></trkpt><trkpt lat="22.217278333333336" lon="114.03059999999999"><ele>85.2</ele><time>2025-11-15T06:44:21Z</time></trkpt><trkpt lat="22.217263333333335" lon="114.03061166666666"><ele>85.7</ele><time>2025-11-15T06:44:29Z</time></trkpt><trkpt lat="22.217260000000003" lon="114.03059166666665"><ele>85.30000000000001</ele><time>2025-11-15T06:44:43Z</time></trkpt><trkpt lat="22.21726833333333" lon="114.030565"><ele>82.60000000000001</ele><time>2025-11-15T06:45:33Z</time></trkpt><trkpt lat="22.217291666666664" lon="114.03056166666666"><ele>82.7</ele><time>2025-11-15T06:45:35Z</time></trkpt><trkpt lat="22.21731333333333" lon="114.03054500000002"><ele>82.80000000000001</ele><time>2025-11-15T06:45:38Z</time></trkpt><trkpt lat="22.217335000000002" lon="114.03053333333334"><ele>82.9</ele><time>2025-11-15T06:45:41Z</time></trkpt><trkpt lat="22.217354999999998" lon="114.030525"><ele>82.60000000000001</ele><time>2025-11-15T06:45:44Z</time></trkpt><trkpt lat="22.217354999999998" lon="114.03050499999999"><ele>82.60000000000001</ele><time>2025-11-15T06:45:46Z</time></trkpt><trkpt lat="22.217366666666667" lon="114.03048500000001"><ele>82.2</ele><time>2025-11-15T06:45:48Z</time></trkpt><trkpt lat="22.217393333333334" lon="114.03048500000001"><ele>82.0</ele><time>2025-11-15T06:45:51Z</time></trkpt><trkpt lat="22.217411666666667" lon="114.03047833333333"><ele>82.4</ele><time>2025-11-15T06:45:53Z</time></trkpt><trkpt lat="22.217423333333333" lon="114.03046333333332"><ele>82.10000000000001</ele><time>2025-11-15T06:45:57Z</time></trkpt><trkpt lat="22.217441666666666" lon="114.03045333333333"><ele>81.9</ele><time>2025-11-15T06:46:04Z</time></trkpt><trkpt lat="22.21746" lon="114.03044833333334"><ele>82.0</ele><time>2025-11-15T06:46:08Z</time></trkpt><trkpt lat="22.217468333333333" lon="114.03042833333332"><ele>80.2</ele><time>2025-11-15T06:46:19Z</time></trkpt><trkpt lat="22.217485000000003" lon="114.03040666666666"><ele>78.9</ele><time>2025-11-15T06:46:22Z</time></trkpt><trkpt lat="22.21749333333333" lon="114.03038833333333"><ele>78.30000000000001</ele><time>2025-11-15T06:46:24Z</time></trkpt><trkpt lat="22.21751" lon="114.03036833333333"><ele>77.5</ele><time>2025-11-15T06:46:27Z</time></trkpt><trkpt lat="22.217536666666668" lon="114.03035999999999"><ele>79.10000000000001</ele><time>2025-11-15T06:46:44Z</time></trkpt><trkpt lat="22.217555" lon="114.03034166666666"><ele>78.9</ele><time>2025-11-15T06:46:46Z</time></trkpt><trkpt lat="22.217575000000004" lon="114.03032666666668"><ele>78.60000000000001</ele><time>2025-11-15T06:46:48Z</time></trkpt><trkpt lat="22.21759666666667" lon="114.03031666666666"><ele>78.30000000000001</ele><time>2025-11-15T06:46:50Z</time></trkpt><trkpt lat="22.217615000000002" lon="114.03030500000001"><ele>78.30000000000001</ele><time>2025-11-15T06:46:52Z</time></trkpt><trkpt lat="22.217638333333337" lon="114.03028833333335"><ele>78.10000000000001</ele><time>2025-11-15T06:46:55Z</time></trkpt><trkpt lat="22.21765833333333" lon="114.03027500000002"><ele>77.5</ele><time>2025-11-15T06:46:57Z</time></trkpt><trkpt lat="22.217683333333337" lon="114.03026833333334"><ele>77.10000000000001</ele><time>2025-11-15T06:46:59Z</time></trkpt><trkpt lat="22.217708333333334" lon="114.03026166666665"><ele>76.60000000000001</ele><time>2025-11-15T06:47:02Z</time></trkpt><trkpt lat="22.21773" lon="114.03026999999999"><ele>75.7</ele><time>2025-11-15T06:47:05Z</time></trkpt><trkpt lat="22.217753333333334" lon="114.03026166666665"><ele>75.10000000000001</ele><time>2025-11-15T06:47:08Z</time></trkpt><trkpt lat="22.217775" lon="114.03025833333335"><ele>74.5</ele><time>2025-11-15T06:47:10Z</time></trkpt><trkpt lat="22.21779333333333" lon="114.03025166666666"><ele>74.10000000000001</ele><time>2025-11-15T06:47:12Z</time></trkpt><trkpt lat="22.217813333333332" lon="114.03024166666667"><ele>73.5</ele><time>2025-11-15T06:47:14Z</time></trkpt><trkpt lat="22.217831666666665" lon="114.03023333333334"><ele>72.7</ele><time>2025-11-15T06:47:16Z</time></trkpt><trkpt lat="22.217846666666667" lon="114.03021166666667"><ele>70.60000000000001</ele><time>2025-11-15T06:47:20Z</time></trkpt><trkpt lat="22.217865" lon="114.03019833333335"><ele>68.5</ele><time>2025-11-15T06:47:24Z</time></trkpt><trkpt lat="22.217886666666665" lon="114.030195"><ele>67.4</ele><time>2025-11-15T06:47:28Z</time></trkpt><trkpt lat="22.217918333333333" lon="114.03020166666666"><ele>67.5</ele><time>2025-11-15T06:48:15Z</time></trkpt><trkpt lat="22.21794333333333" lon="114.03019333333334"><ele>67.2</ele><time>2025-11-15T06:48:17Z</time></trkpt><trkpt lat="22.217961666666664" lon="114.03018166666668"><ele>67.2</ele><time>2025-11-15T06:48:18Z</time></trkpt><trkpt lat="22.217981666666667" lon="114.03017666666668"><ele>67.10000000000001</ele><time>2025-11-15T06:48:19Z</time></trkpt><trkpt lat="22.218008333333334" lon="114.03017"><ele>67.0</ele><time>2025-11-15T06:48:21Z</time></trkpt><trkpt lat="22.218026666666667" lon="114.03016833333335"><ele>67.2</ele><time>2025-11-15T06:48:23Z</time></trkpt><trkpt lat="22.21804666666667" lon="114.03017166666665"><ele>67.4</ele><time>2025-11-15T06:48:25Z</time></trkpt><trkpt lat="22.218066666666665" lon="114.030175"><ele>67.80000000000001</ele><time>2025-11-15T06:48:27Z</time></trkpt><trkpt lat="22.21809166666667" lon="114.03017999999999"><ele>67.9</ele><time>2025-11-15T06:48:29Z</time></trkpt><trkpt lat="22.218116666666667" lon="114.03018666666667"><ele>68.0</ele><time>2025-11-15T06:48:31Z</time></trkpt><trkpt lat="22.218135" lon="114.03019166666667"><ele>68.2</ele><time>2025-11-15T06:48:33Z</time></trkpt><trkpt lat="22.218161666666667" lon="114.03019833333335"><ele>68.7</ele><time>2025-11-15T06:48:36Z</time></trkpt><trkpt lat="22.21818166666667" lon="114.03019833333335"><ele>68.60000000000001</ele><time>2025-11-15T06:48:38Z</time></trkpt><trkpt lat="22.218203333333335" lon="114.03020166666666"><ele>68.30000000000001</ele><time>2025-11-15T06:48:40Z</time></trkpt><trkpt lat="22.218225" lon="114.03020999999998"><ele>68.0</ele><time>2025-11-15T06:48:42Z</time></trkpt><trkpt lat="22.218248333333335" lon="114.03021666666667"><ele>67.80000000000001</ele><time>2025-11-15T06:48:44Z</time></trkpt><trkpt lat="22.21826666666667" lon="114.030225"><ele>67.30000000000001</ele><time>2025-11-15T06:48:46Z</time></trkpt><trkpt lat="22.218286666666668" lon="114.03023166666665"><ele>66.7</ele><time>2025-11-15T06:48:48Z</time></trkpt><trkpt lat="22.218306666666663" lon="114.03023499999999"><ele>66.4</ele><time>2025-11-15T06:48:50Z</time></trkpt><trkpt lat="22.218324999999997" lon="114.03023833333333"><ele>66.10000000000001</ele><time>2025-11-15T06:48:52Z</time></trkpt><trkpt lat="22.21835" lon="114.03024500000001"><ele>65.4</ele><time>2025-11-15T06:48:55Z</time></trkpt><trkpt lat="22.218366666666665" lon="114.03026"><ele>64.60000000000001</ele><time>2025-11-15T06:48:58Z</time></trkpt><trkpt lat="22.218388333333337" lon="114.03026166666665"><ele>63.699999999999996</ele><time>2025-11-15T06:49:06Z</time></trkpt><trkpt lat="22.218413333333334" lon="114.03027166666668"><ele>63.1</ele><time>2025-11-15T06:49:09Z</time></trkpt><trkpt lat="22.218435" lon="114.03027666666667"><ele>62.9</ele><time>2025-11-15T06:49:11Z</time></trkpt><trkpt lat="22.21845166666667" lon="114.03028666666665"><ele>62.49999999999999</ele><time>2025-11-15T06:49:13Z</time></trkpt><trkpt lat="22.218473333333336" lon="114.03028833333335"><ele>62.1</ele><time>2025-11-15T06:49:15Z</time></trkpt><trkpt lat="22.21849666666667" lon="114.03029166666666"><ele>61.699999999999996</ele><time>2025-11-15T06:49:17Z</time></trkpt><trkpt lat="22.218518333333336" lon="114.03028666666665"><ele>61.6</ele><time>2025-11-15T06:49:19Z</time></trkpt><trkpt lat="22.21853833333333" lon="114.03027666666667"><ele>62.0</ele><time>2025-11-15T06:49:22Z</time></trkpt><trkpt lat="22.21855833333333" lon="114.03028166666667"><ele>61.8</ele><time>2025-11-15T06:49:25Z</time></trkpt><trkpt lat="22.21858166666667" lon="114.03028166666667"><ele>62.0</ele><time>2025-11-15T06:49:28Z</time></trkpt><trkpt lat="22.21860333333333" lon="114.03028333333332"><ele>61.9</ele><time>2025-11-15T06:49:31Z</time></trkpt><trkpt lat="22.21862833333333" lon="114.03028333333332"><ele>61.5</ele><time>2025-11-15T06:49:34Z</time></trkpt><trkpt lat="22.218651666666666" lon="114.03029"><ele>61.199999999999996</ele><time>2025-11-15T06:49:36Z</time></trkpt><trkpt lat="22.218675" lon="114.03029999999998"><ele>61.199999999999996</ele><time>2025-11-15T06:49:38Z</time></trkpt><trkpt lat="22.21869" lon="114.03031333333332"><ele>61.3</ele><time>2025-11-15T06:49:40Z</time></trkpt><trkpt lat="22.218714999999996" lon="114.03032333333334"><ele>61.8</ele><time>2025-11-15T06:49:43Z</time></trkpt><trkpt lat="22.218731666666667" lon="114.03033500000001"><ele>62.199999999999996</ele><time>2025-11-15T06:49:46Z</time></trkpt><trkpt lat="22.218740000000004" lon="114.03035666666668"><ele>61.8</ele><time>2025-11-15T06:49:51Z</time></trkpt><trkpt lat="22.218741666666666" lon="114.03033500000001"><ele>62.1</ele><time>2025-11-15T06:49:57Z</time></trkpt><trkpt lat="22.218740000000004" lon="114.03031333333332"><ele>63.300000000000004</ele><time>2025-11-15T06:50:08Z</time></trkpt><trkpt lat="22.21875" lon="114.03029666666667"><ele>62.1</ele><time>2025-11-15T06:50:11Z</time></trkpt><trkpt lat="22.21876166666667" lon="114.03031333333332"><ele>62.0</ele><time>2025-11-15T06:50:14Z</time></trkpt><trkpt lat="22.21877833333333" lon="114.03032833333333"><ele>61.6</ele><time>2025-11-15T06:50:17Z</time></trkpt><trkpt lat="22.218798333333332" lon="114.03033833333332"><ele>61.8</ele><time>2025-11-15T06:50:19Z</time></trkpt><trkpt lat="22.218803333333334" lon="114.03035833333334"><ele>62.3</ele><time>2025-11-15T06:50:29Z</time></trkpt><trkpt lat="22.218819999999997" lon="114.03037166666667"><ele>63.699999999999996</ele><time>2025-11-15T06:50:40Z</time></trkpt><trkpt lat="22.21884166666667" lon="114.03036833333333"><ele>64.10000000000001</ele><time>2025-11-15T06:50:44Z</time></trkpt><trkpt lat="22.218866666666667" lon="114.03037"><ele>64.5</ele><time>2025-11-15T06:50:47Z</time></trkpt><trkpt lat="22.218885" lon="114.03036833333333"><ele>64.4</ele><time>2025-11-15T06:50:49Z</time></trkpt><trkpt lat="22.218905000000003" lon="114.03037"><ele>64.30000000000001</ele><time>2025-11-15T06:50:51Z</time></trkpt><trkpt lat="22.218923333333336" lon="114.03037166666667"><ele>63.99999999999999</ele><time>2025-11-15T06:50:54Z</time></trkpt><trkpt lat="22.21894666666667" lon="114.03036333333333"><ele>63.699999999999996</ele><time>2025-11-15T06:50:57Z</time></trkpt><trkpt lat="22.21897" lon="114.03037166666667"><ele>63.300000000000004</ele><time>2025-11-15T06:51:00Z</time></trkpt><trkpt lat="22.21899" lon="114.03038333333333"><ele>62.9</ele><time>2025-11-15T06:51:03Z</time></trkpt><trkpt lat="22.219005" lon="114.03039500000001"><ele>62.3</ele><time>2025-11-15T06:51:06Z</time></trkpt><trkpt lat="22.219023333333332" lon="114.03040833333334"><ele>61.8</ele><time>2025-11-15T06:51:09Z</time></trkpt><trkpt lat="22.219038333333334" lon="114.03041999999999"><ele>61.699999999999996</ele><time>2025-11-15T06:51:11Z</time></trkpt><trkpt lat="22.21905166666666" lon="114.03044166666665"><ele>61.6</ele><time>2025-11-15T06:51:13Z</time></trkpt><trkpt lat="22.21906333333333" lon="114.03046666666665"><ele>61.5</ele><time>2025-11-15T06:51:16Z</time></trkpt><trkpt lat="22.219073333333334" lon="114.03048666666668"><ele>61.3</ele><time>2025-11-15T06:51:18Z</time></trkpt><trkpt lat="22.219086666666666" lon="114.03050333333334"><ele>61.199999999999996</ele><time>2025-11-15T06:51:20Z</time></trkpt><trkpt lat="22.21910666666667" lon="114.03052000000001"><ele>60.699999999999996</ele><time>2025-11-15T06:51:23Z</time></trkpt><trkpt lat="22.219128333333334" lon="114.030535"><ele>60.199999999999996</ele><time>2025-11-15T06:51:26Z</time></trkpt><trkpt lat="22.21913833333333" lon="114.030555"><ele>60.199999999999996</ele><time>2025-11-15T06:51:28Z</time></trkpt><trkpt lat="22.219148333333337" lon="114.03057166666667"><ele>60.4</ele><time>2025-11-15T06:51:30Z</time></trkpt><trkpt lat="22.219164999999997" lon="114.03059499999999"><ele>60.9</ele><time>2025-11-15T06:51:32Z</time></trkpt><trkpt lat="22.21918333333333" lon="114.03061333333332"><ele>61.699999999999996</ele><time>2025-11-15T06:51:35Z</time></trkpt><trkpt lat="22.219205000000002" lon="114.03062999999999"><ele>62.6</ele><time>2025-11-15T06:51:38Z</time></trkpt><trkpt lat="22.219216666666664" lon="114.030645"><ele>63.800000000000004</ele><time>2025-11-15T06:51:41Z</time></trkpt><trkpt lat="22.21923333333333" lon="114.03065333333333"><ele>65.5</ele><time>2025-11-15T06:51:48Z</time></trkpt><trkpt lat="22.219253333333334" lon="114.03065833333334"><ele>66.4</ele><time>2025-11-15T06:51:53Z</time></trkpt><trkpt lat="22.219275" lon="114.03067166666666"><ele>66.4</ele><time>2025-11-15T06:51:57Z</time></trkpt><trkpt lat="22.219291666666663" lon="114.03068499999999"><ele>65.80000000000001</ele><time>2025-11-15T06:52:03Z</time></trkpt><trkpt lat="22.219306666666665" lon="114.03070000000001"><ele>65.5</ele><time>2025-11-15T06:52:05Z</time></trkpt><trkpt lat="22.21932" lon="114.03071999999999"><ele>65.10000000000001</ele><time>2025-11-15T06:52:08Z</time></trkpt><trkpt lat="22.219310000000004" lon="114.03070000000001"><ele>63.6</ele><time>2025-11-15T06:52:16Z</time></trkpt><trkpt lat="22.219328333333337" lon="114.03070000000001"><ele>64.5</ele><time>2025-11-15T06:52:22Z</time></trkpt><trkpt lat="22.219308333333334" lon="114.03074666666667"><ele>69.30000000000001</ele><time>2025-11-15T06:52:57Z</time></trkpt><trkpt lat="22.21928833333333" lon="114.03074"><ele>68.9</ele><time>2025-11-15T06:53:04Z</time></trkpt><trkpt lat="22.219303333333333" lon="114.03070166666666"><ele>67.30000000000001</ele><time>2025-11-15T06:53:43Z</time></trkpt><trkpt lat="22.219321666666662" lon="114.030705"><ele>67.4</ele><time>2025-11-15T06:54:32Z</time></trkpt><trkpt lat="22.219303333333333" lon="114.03068999999999"><ele>66.80000000000001</ele><time>2025-11-15T06:54:35Z</time></trkpt><trkpt lat="22.21930166666667" lon="114.03071333333334"><ele>65.7</ele><time>2025-11-15T06:54:46Z</time></trkpt><trkpt lat="22.219321666666662" lon="114.03071666666668"><ele>66.5</ele><time>2025-11-15T06:54:55Z</time></trkpt><trkpt lat="22.219299999999997" lon="114.03070833333335"><ele>66.9</ele><time>2025-11-15T06:55:08Z</time></trkpt><trkpt lat="22.219306666666665" lon="114.03074333333333"><ele>66.7</ele><time>2025-11-15T06:55:16Z</time></trkpt><trkpt lat="22.219313333333336" lon="114.03072500000002"><ele>66.2</ele><time>2025-11-15T06:56:17Z</time></trkpt><trkpt lat="22.219296666666665" lon="114.03073333333332"><ele>64.30000000000001</ele><time>2025-11-15T06:56:52Z</time></trkpt><trkpt lat="22.219325000000005" lon="114.03071"><ele>62.99999999999999</ele><time>2025-11-15T06:57:27Z</time></trkpt><trkpt lat="22.21933166666667" lon="114.03068833333333"><ele>63.300000000000004</ele><time>2025-11-15T06:57:33Z</time></trkpt><trkpt lat="22.21932" lon="114.030705"><ele>63.9</ele><time>2025-11-15T06:57:41Z</time></trkpt><trkpt lat="22.219338333333333" lon="114.03069833333332"><ele>65.10000000000001</ele><time>2025-11-15T06:59:42Z</time></trkpt><trkpt lat="22.219310000000004" lon="114.03069333333333"><ele>65.4</ele><time>2025-11-15T07:00:18Z</time></trkpt><trkpt lat="22.219303333333333" lon="114.03067166666666"><ele>65.4</ele><time>2025-11-15T07:00:21Z</time></trkpt><trkpt lat="22.219296666666665" lon="114.03065333333333"><ele>65.2</ele><time>2025-11-15T07:00:25Z</time></trkpt><trkpt lat="22.21927833333333" lon="114.03064833333335"><ele>64.80000000000001</ele><time>2025-11-15T07:00:29Z</time></trkpt><trkpt lat="22.219258333333332" lon="114.03064833333335"><ele>64.80000000000001</ele><time>2025-11-15T07:00:37Z</time></trkpt><trkpt lat="22.21924333333333" lon="114.03065999999998"><ele>63.800000000000004</ele><time>2025-11-15T07:00:42Z</time></trkpt><trkpt lat="22.219224999999998" lon="114.03065166666666"><ele>62.800000000000004</ele><time>2025-11-15T07:00:47Z</time></trkpt><trkpt lat="22.219173333333334" lon="114.03066166666667"><ele>62.99999999999999</ele><time>2025-11-15T07:01:07Z</time></trkpt><trkpt lat="22.219155" lon="114.030655"><ele>62.9</ele><time>2025-11-15T07:01:10Z</time></trkpt><trkpt lat="22.21914" lon="114.03064166666667"><ele>62.4</ele><time>2025-11-15T07:01:13Z</time></trkpt><trkpt lat="22.219130000000003" lon="114.03062"><ele>61.6</ele><time>2025-11-15T07:01:16Z</time></trkpt><trkpt lat="22.219113333333333" lon="114.03060166666667"><ele>60.8</ele><time>2025-11-15T07:01:20Z</time></trkpt><trkpt lat="22.219100000000005" lon="114.03058666666666"><ele>60.3</ele><time>2025-11-15T07:01:22Z</time></trkpt><trkpt lat="22.219088333333335" lon="114.030565"><ele>60.0</ele><time>2025-11-15T07:01:24Z</time></trkpt><trkpt lat="22.219073333333334" lon="114.03055333333332"><ele>59.9</ele><time>2025-11-15T07:01:26Z</time></trkpt><trkpt lat="22.21906166666667" lon="114.03053"><ele>59.199999999999996</ele><time>2025-11-15T07:01:29Z</time></trkpt><trkpt lat="22.219043333333335" lon="114.03051166666667"><ele>59.3</ele><time>2025-11-15T07:01:32Z</time></trkpt><trkpt lat="22.219025000000002" lon="114.03049000000001"><ele>59.6</ele><time>2025-11-15T07:01:35Z</time></trkpt><trkpt lat="22.219011666666667" lon="114.030475"><ele>59.9</ele><time>2025-11-15T07:01:37Z</time></trkpt><trkpt lat="22.218995000000003" lon="114.03046"><ele>59.9</ele><time>2025-11-15T07:01:40Z</time></trkpt><trkpt lat="22.218980000000002" lon="114.03044666666668"><ele>59.5</ele><time>2025-11-15T07:01:42Z</time></trkpt><trkpt lat="22.218965000000004" lon="114.030435"><ele>59.8</ele><time>2025-11-15T07:01:44Z</time></trkpt><trkpt lat="22.218951666666666" lon="114.03041666666668"><ele>60.3</ele><time>2025-11-15T07:01:46Z</time></trkpt><trkpt lat="22.218939999999996" lon="114.03040000000001"><ele>60.199999999999996</ele><time>2025-11-15T07:01:48Z</time></trkpt><trkpt lat="22.21892666666667" lon="114.03038333333333"><ele>60.6</ele><time>2025-11-15T07:01:51Z</time></trkpt><trkpt lat="22.218909999999997" lon="114.03036500000002"><ele>60.8</ele><time>2025-11-15T07:01:56Z</time></trkpt><trkpt lat="22.218890000000002" lon="114.03035166666665"><ele>60.6</ele><time>2025-11-15T07:02:00Z</time></trkpt><trkpt lat="22.218864999999997" lon="114.03034666666666"><ele>60.199999999999996</ele><time>2025-11-15T07:02:04Z</time></trkpt><trkpt lat="22.218848333333334" lon="114.03033333333333"><ele>60.699999999999996</ele><time>2025-11-15T07:02:06Z</time></trkpt><trkpt lat="22.218818333333335" lon="114.03032499999999"><ele>60.9</ele><time>2025-11-15T07:02:09Z</time></trkpt><trkpt lat="22.21879666666667" lon="114.03031666666666"><ele>61.0</ele><time>2025-11-15T07:02:11Z</time></trkpt><trkpt lat="22.218770000000003" lon="114.03031333333332"><ele>61.4</ele><time>2025-11-15T07:02:14Z</time></trkpt><trkpt lat="22.218746666666668" lon="114.03031833333334"><ele>62.1</ele><time>2025-11-15T07:02:16Z</time></trkpt><trkpt lat="22.218725000000003" lon="114.03031333333332"><ele>62.1</ele><time>2025-11-15T07:02:18Z</time></trkpt><trkpt lat="22.21870666666667" lon="114.030315"><ele>61.9</ele><time>2025-11-15T07:02:20Z</time></trkpt><trkpt lat="22.21868833333333" lon="114.03030333333332"><ele>61.5</ele><time>2025-11-15T07:02:22Z</time></trkpt><trkpt lat="22.21867166666667" lon="114.03029333333333"><ele>60.699999999999996</ele><time>2025-11-15T07:02:24Z</time></trkpt><trkpt lat="22.21864333333333" lon="114.03028833333335"><ele>60.3</ele><time>2025-11-15T07:02:27Z</time></trkpt><trkpt lat="22.21862" lon="114.03028166666667"><ele>60.0</ele><time>2025-11-15T07:02:30Z</time></trkpt><trkpt lat="22.218601666666668" lon="114.03027166666668"><ele>59.9</ele><time>2025-11-15T07:02:32Z</time></trkpt><trkpt lat="22.21858333333333" lon="114.03026333333334"><ele>59.6</ele><time>2025-11-15T07:02:35Z</time></trkpt><trkpt lat="22.218561666666666" lon="114.03026333333334"><ele>59.0</ele><time>2025-11-15T07:02:38Z</time></trkpt><trkpt lat="22.218533333333333" lon="114.03026666666668"><ele>58.8</ele><time>2025-11-15T07:02:40Z</time></trkpt><trkpt lat="22.218511666666668" lon="114.03026999999999"><ele>58.3</ele><time>2025-11-15T07:02:42Z</time></trkpt><trkpt lat="22.218486666666664" lon="114.030265"><ele>57.6</ele><time>2025-11-15T07:02:45Z</time></trkpt><trkpt lat="22.218461666666666" lon="114.03025666666666"><ele>56.699999999999996</ele><time>2025-11-15T07:02:48Z</time></trkpt><trkpt lat="22.21844" lon="114.03025666666666"><ele>56.1</ele><time>2025-11-15T07:02:50Z</time></trkpt><trkpt lat="22.218421666666668" lon="114.03025166666666"><ele>55.6</ele><time>2025-11-15T07:02:52Z</time></trkpt><trkpt lat="22.21840166666667" lon="114.03025166666666"><ele>56.1</ele><time>2025-11-15T07:02:54Z</time></trkpt><trkpt lat="22.218376666666668" lon="114.03024666666667"><ele>56.199999999999996</ele><time>2025-11-15T07:02:56Z</time></trkpt><trkpt lat="22.218354999999995" lon="114.03023499999999"><ele>56.8</ele><time>2025-11-15T07:02:58Z</time></trkpt><trkpt lat="22.218338333333335" lon="114.030225"><ele>58.199999999999996</ele><time>2025-11-15T07:03:00Z</time></trkpt><trkpt lat="22.218318333333333" lon="114.03021666666667"><ele>59.5</ele><time>2025-11-15T07:03:02Z</time></trkpt><trkpt lat="22.218298333333337" lon="114.03021333333332"><ele>61.6</ele><time>2025-11-15T07:03:07Z</time></trkpt><trkpt lat="22.218279999999996" lon="114.03021833333332"><ele>62.1</ele><time>2025-11-15T07:03:10Z</time></trkpt><trkpt lat="22.218255" lon="114.03022166666666"><ele>62.9</ele><time>2025-11-15T07:03:16Z</time></trkpt><trkpt lat="22.218234999999996" lon="114.03022166666666"><ele>62.4</ele><time>2025-11-15T07:03:18Z</time></trkpt><trkpt lat="22.21821333333333" lon="114.03021666666667"><ele>62.1</ele><time>2025-11-15T07:03:20Z</time></trkpt><trkpt lat="22.218193333333335" lon="114.03020666666667"><ele>62.199999999999996</ele><time>2025-11-15T07:03:22Z</time></trkpt><trkpt lat="22.218171666666663" lon="114.0302"><ele>62.6</ele><time>2025-11-15T07:03:24Z</time></trkpt><trkpt lat="22.21815333333333" lon="114.03019666666665"><ele>62.6</ele><time>2025-11-15T07:03:26Z</time></trkpt><trkpt lat="22.218135" lon="114.03019"><ele>62.800000000000004</ele><time>2025-11-15T07:03:28Z</time></trkpt><trkpt lat="22.218116666666667" lon="114.03018666666667"><ele>63.1</ele><time>2025-11-15T07:03:30Z</time></trkpt><trkpt lat="22.218096666666664" lon="114.03017999999999"><ele>63.199999999999996</ele><time>2025-11-15T07:03:33Z</time></trkpt><trkpt lat="22.218071666666667" lon="114.03017999999999"><ele>64.4</ele><time>2025-11-15T07:03:36Z</time></trkpt><trkpt lat="22.218045" lon="114.03018333333333"><ele>64.80000000000001</ele><time>2025-11-15T07:03:39Z</time></trkpt><trkpt lat="22.218023333333335" lon="114.03018333333333"><ele>64.80000000000001</ele><time>2025-11-15T07:03:41Z</time></trkpt><trkpt lat="22.218003333333332" lon="114.03018333333333"><ele>64.60000000000001</ele><time>2025-11-15T07:03:43Z</time></trkpt><trkpt lat="22.217983333333336" lon="114.03018666666667"><ele>64.4</ele><time>2025-11-15T07:03:45Z</time></trkpt><trkpt lat="22.217961666666664" lon="114.03019666666665"><ele>64.5</ele><time>2025-11-15T07:03:47Z</time></trkpt><trkpt lat="22.217936666666667" lon="114.030205"><ele>65.7</ele><time>2025-11-15T07:03:49Z</time></trkpt><trkpt lat="22.217916666666664" lon="114.03021166666667"><ele>66.2</ele><time>2025-11-15T07:03:51Z</time></trkpt><trkpt lat="22.217895" lon="114.03021333333332"><ele>66.7</ele><time>2025-11-15T07:03:53Z</time></trkpt><trkpt lat="22.217876666666665" lon="114.03021500000001"><ele>66.80000000000001</ele><time>2025-11-15T07:03:55Z</time></trkpt><trkpt lat="22.21785333333333" lon="114.03020999999998"><ele>67.80000000000001</ele><time>2025-11-15T07:03:58Z</time></trkpt><trkpt lat="22.217828333333333" lon="114.030205"><ele>69.10000000000001</ele><time>2025-11-15T07:04:01Z</time></trkpt><trkpt lat="22.21780833333333" lon="114.03020666666667"><ele>70.7</ele><time>2025-11-15T07:04:03Z</time></trkpt><trkpt lat="22.217789999999997" lon="114.03020666666667"><ele>71.7</ele><time>2025-11-15T07:04:05Z</time></trkpt><trkpt lat="22.217770000000005" lon="114.03020333333333"><ele>73.7</ele><time>2025-11-15T07:04:09Z</time></trkpt><trkpt lat="22.217750000000002" lon="114.03020166666666"><ele>75.60000000000001</ele><time>2025-11-15T07:04:13Z</time></trkpt><trkpt lat="22.217728333333337" lon="114.03020166666666"><ele>76.5</ele><time>2025-11-15T07:04:15Z</time></trkpt><trkpt lat="22.217708333333334" lon="114.03020333333333"><ele>77.9</ele><time>2025-11-15T07:04:19Z</time></trkpt><trkpt lat="22.217685" lon="114.03021500000001"><ele>78.2</ele><time>2025-11-15T07:04:21Z</time></trkpt><trkpt lat="22.217661666666665" lon="114.03021333333332"><ele>78.10000000000001</ele><time>2025-11-15T07:04:23Z</time></trkpt><trkpt lat="22.217638333333337" lon="114.03020666666667"><ele>78.2</ele><time>2025-11-15T07:04:25Z</time></trkpt><trkpt lat="22.217620000000004" lon="114.03019666666665"><ele>78.9</ele><time>2025-11-15T07:04:27Z</time></trkpt><trkpt lat="22.2176" lon="114.03019166666667"><ele>79.80000000000001</ele><time>2025-11-15T07:04:30Z</time></trkpt><trkpt lat="22.217573333333334" lon="114.03017999999999"><ele>80.4</ele><time>2025-11-15T07:04:32Z</time></trkpt><trkpt lat="22.21755333333333" lon="114.03017166666665"><ele>81.80000000000001</ele><time>2025-11-15T07:04:34Z</time></trkpt><trkpt lat="22.217533333333336" lon="114.03016000000001"><ele>83.30000000000001</ele><time>2025-11-15T07:04:36Z</time></trkpt><trkpt lat="22.217515000000002" lon="114.03014"><ele>83.60000000000001</ele><time>2025-11-15T07:04:38Z</time></trkpt><trkpt lat="22.217489999999998" lon="114.03013333333335"><ele>83.5</ele><time>2025-11-15T07:04:41Z</time></trkpt><trkpt lat="22.217471666666665" lon="114.03012666666667"><ele>84.10000000000001</ele><time>2025-11-15T07:04:43Z</time></trkpt><trkpt lat="22.217451666666662" lon="114.03012333333332"><ele>84.2</ele><time>2025-11-15T07:04:45Z</time></trkpt><trkpt lat="22.217429999999997" lon="114.03012500000001"><ele>84.5</ele><time>2025-11-15T07:04:47Z</time></trkpt><trkpt lat="22.217405" lon="114.03011833333333"><ele>85.10000000000001</ele><time>2025-11-15T07:04:50Z</time></trkpt><trkpt lat="22.21739166666667" lon="114.03010333333334"><ele>85.30000000000001</ele><time>2025-11-15T07:04:52Z</time></trkpt><trkpt lat="22.217380000000002" lon="114.03008666666668"><ele>85.4</ele><time>2025-11-15T07:04:54Z</time></trkpt><trkpt lat="22.21737166666667" lon="114.03006833333332"><ele>84.9</ele><time>2025-11-15T07:04:57Z</time></trkpt><trkpt lat="22.217350000000003" lon="114.03006500000001"><ele>82.9</ele><time>2025-11-15T07:05:01Z</time></trkpt><trkpt lat="22.21732833333333" lon="114.03005999999999"><ele>82.4</ele><time>2025-11-15T07:05:04Z</time></trkpt><trkpt lat="22.217309999999998" lon="114.03005333333334"><ele>82.4</ele><time>2025-11-15T07:05:07Z</time></trkpt><trkpt lat="22.21728666666667" lon="114.03004833333334"><ele>82.30000000000001</ele><time>2025-11-15T07:05:10Z</time></trkpt><trkpt lat="22.217266666666667" lon="114.03004666666666"><ele>81.80000000000001</ele><time>2025-11-15T07:05:14Z</time></trkpt><trkpt lat="22.217251666666666" lon="114.03002999999998"><ele>82.2</ele><time>2025-11-15T07:05:18Z</time></trkpt><trkpt lat="22.217249999999996" lon="114.03000666666667"><ele>82.30000000000001</ele><time>2025-11-15T07:05:20Z</time></trkpt><trkpt lat="22.217249999999996" lon="114.029985"><ele>82.5</ele><time>2025-11-15T07:05:22Z</time></trkpt><trkpt lat="22.217275000000004" lon="114.02998000000001"><ele>82.10000000000001</ele><time>2025-11-15T07:05:29Z</time></trkpt><trkpt lat="22.217293333333334" lon="114.02996999999999"><ele>82.10000000000001</ele><time>2025-11-15T07:05:31Z</time></trkpt><trkpt lat="22.217315" lon="114.02996333333334"><ele>81.5</ele><time>2025-11-15T07:05:33Z</time></trkpt><trkpt lat="22.21734666666667" lon="114.02995333333335"><ele>81.10000000000001</ele><time>2025-11-15T07:05:35Z</time></trkpt><trkpt lat="22.217365000000004" lon="114.02996"><ele>81.10000000000001</ele><time>2025-11-15T07:05:36Z</time></trkpt><trkpt lat="22.217386666666666" lon="114.02996833333333"><ele>81.5</ele><time>2025-11-15T07:05:38Z</time></trkpt><trkpt lat="22.21740833333333" lon="114.02996333333334"><ele>81.4</ele><time>2025-11-15T07:05:40Z</time></trkpt><trkpt lat="22.217425000000002" lon="114.02997333333333"><ele>81.10000000000001</ele><time>2025-11-15T07:05:42Z</time></trkpt><trkpt lat="22.217444999999998" lon="114.02996666666668"><ele>80.5</ele><time>2025-11-15T07:05:45Z</time></trkpt><trkpt lat="22.217465" lon="114.02996499999999"><ele>79.80000000000001</ele><time>2025-11-15T07:05:48Z</time></trkpt><trkpt lat="22.217491666666668" lon="114.02996833333333"><ele>78.4</ele><time>2025-11-15T07:05:51Z</time></trkpt><trkpt lat="22.217513333333333" lon="114.02996666666668"><ele>77.5</ele><time>2025-11-15T07:05:53Z</time></trkpt><trkpt lat="22.21754" lon="114.02996499999999"><ele>76.60000000000001</ele><time>2025-11-15T07:05:55Z</time></trkpt><trkpt lat="22.21756833333333" lon="114.02996333333334"><ele>75.60000000000001</ele><time>2025-11-15T07:05:57Z</time></trkpt><trkpt lat="22.217591666666667" lon="114.02996833333333"><ele>74.7</ele><time>2025-11-15T07:05:59Z</time></trkpt><trkpt lat="22.217611666666667" lon="114.02998000000001"><ele>72.9</ele><time>2025-11-15T07:06:02Z</time></trkpt><trkpt lat="22.217633333333332" lon="114.02998833333335"><ele>71.4</ele><time>2025-11-15T07:06:05Z</time></trkpt><trkpt lat="22.217656666666667" lon="114.02999666666668"><ele>70.5</ele><time>2025-11-15T07:06:07Z</time></trkpt><trkpt lat="22.217675" lon="114.03000500000002"><ele>70.0</ele><time>2025-11-15T07:06:09Z</time></trkpt><trkpt lat="22.217683333333337" lon="114.03002333333333"><ele>69.5</ele><time>2025-11-15T07:06:11Z</time></trkpt><trkpt lat="22.217681666666667" lon="114.03004333333335"><ele>69.30000000000001</ele><time>2025-11-15T07:06:13Z</time></trkpt><trkpt lat="22.21770333333333" lon="114.03003833333332"><ele>69.0</ele><time>2025-11-15T07:06:17Z</time></trkpt><trkpt lat="22.217728333333337" lon="114.030025"><ele>68.4</ele><time>2025-11-15T07:06:20Z</time></trkpt><trkpt lat="22.217744999999997" lon="114.03000666666667"><ele>68.0</ele><time>2025-11-15T07:06:22Z</time></trkpt><trkpt lat="22.217761666666668" lon="114.02998666666666"><ele>67.4</ele><time>2025-11-15T07:06:24Z</time></trkpt><trkpt lat="22.21777666666667" lon="114.02996999999999"><ele>67.4</ele><time>2025-11-15T07:06:26Z</time></trkpt><trkpt lat="22.217789999999997" lon="114.02995000000001"><ele>67.0</ele><time>2025-11-15T07:06:28Z</time></trkpt><trkpt lat="22.21781" lon="114.02993833333333"><ele>66.9</ele><time>2025-11-15T07:06:30Z</time></trkpt><trkpt lat="22.217833333333335" lon="114.029925"><ele>66.5</ele><time>2025-11-15T07:06:32Z</time></trkpt><trkpt lat="22.217848333333336" lon="114.02990999999999"><ele>66.0</ele><time>2025-11-15T07:06:34Z</time></trkpt><trkpt lat="22.217865" lon="114.02988333333333"><ele>65.10000000000001</ele><time>2025-11-15T07:06:37Z</time></trkpt><trkpt lat="22.21786833333333" lon="114.02986333333335"><ele>64.2</ele><time>2025-11-15T07:06:39Z</time></trkpt><trkpt lat="22.217881666666667" lon="114.02984666666667"><ele>63.4</ele><time>2025-11-15T07:06:41Z</time></trkpt><trkpt lat="22.217893333333336" lon="114.02982666666666"><ele>62.6</ele><time>2025-11-15T07:06:43Z</time></trkpt><trkpt lat="22.217906666666668" lon="114.02980000000001"><ele>62.199999999999996</ele><time>2025-11-15T07:06:45Z</time></trkpt><trkpt lat="22.21791166666667" lon="114.02977833333334"><ele>61.699999999999996</ele><time>2025-11-15T07:06:47Z</time></trkpt><trkpt lat="22.217913333333332" lon="114.029755"><ele>61.3</ele><time>2025-11-15T07:06:49Z</time></trkpt><trkpt lat="22.217921666666665" lon="114.02973166666668"><ele>60.3</ele><time>2025-11-15T07:06:52Z</time></trkpt><trkpt lat="22.217930000000003" lon="114.02971333333335"><ele>59.9</ele><time>2025-11-15T07:06:54Z</time></trkpt><trkpt lat="22.21794166666667" lon="114.02969666666668"><ele>59.0</ele><time>2025-11-15T07:06:56Z</time></trkpt><trkpt lat="22.217946666666663" lon="114.02967500000001"><ele>58.3</ele><time>2025-11-15T07:06:58Z</time></trkpt><trkpt lat="22.217948333333332" lon="114.02965166666667"><ele>57.3</ele><time>2025-11-15T07:07:00Z</time></trkpt><trkpt lat="22.217950000000005" lon="114.02962333333335"><ele>56.4</ele><time>2025-11-15T07:07:02Z</time></trkpt><trkpt lat="22.217963333333334" lon="114.02960499999999"><ele>55.4</ele><time>2025-11-15T07:07:04Z</time></trkpt><trkpt lat="22.21798833333333" lon="114.02958333333332"><ele>54.699999999999996</ele><time>2025-11-15T07:07:06Z</time></trkpt><trkpt lat="22.218008333333334" lon="114.02958666666667"><ele>53.8</ele><time>2025-11-15T07:07:08Z</time></trkpt><trkpt lat="22.218026666666667" lon="114.02958666666667"><ele>53.3</ele><time>2025-11-15T07:07:10Z</time></trkpt><trkpt lat="22.218051666666664" lon="114.02957666666667"><ele>52.699999999999996</ele><time>2025-11-15T07:07:13Z</time></trkpt><trkpt lat="22.21807666666667" lon="114.02957166666666"><ele>52.6</ele><time>2025-11-15T07:07:15Z</time></trkpt><trkpt lat="22.218096666666664" lon="114.02956999999999"><ele>52.1</ele><time>2025-11-15T07:07:17Z</time></trkpt><trkpt lat="22.218114999999997" lon="114.02956999999999"><ele>52.1</ele><time>2025-11-15T07:07:19Z</time></trkpt><trkpt lat="22.218138333333332" lon="114.029565"><ele>51.4</ele><time>2025-11-15T07:07:22Z</time></trkpt><trkpt lat="22.218159999999997" lon="114.02955666666666"><ele>51.199999999999996</ele><time>2025-11-15T07:07:24Z</time></trkpt><trkpt lat="22.21818" lon="114.02954999999999"><ele>51.3</ele><time>2025-11-15T07:07:26Z</time></trkpt><trkpt lat="22.218201666666666" lon="114.02953833333335"><ele>51.0</ele><time>2025-11-15T07:07:28Z</time></trkpt><trkpt lat="22.218230000000002" lon="114.029525"><ele>50.0</ele><time>2025-11-15T07:07:30Z</time></trkpt><trkpt lat="22.21825833333333" lon="114.02951833333333"><ele>48.9</ele><time>2025-11-15T07:07:32Z</time></trkpt><trkpt lat="22.218281666666666" lon="114.02951166666665"><ele>48.4</ele><time>2025-11-15T07:07:34Z</time></trkpt><trkpt lat="22.21830166666667" lon="114.02951666666668"><ele>48.4</ele><time>2025-11-15T07:07:36Z</time></trkpt><trkpt lat="22.218324999999997" lon="114.02951499999999"><ele>47.1</ele><time>2025-11-15T07:07:39Z</time></trkpt><trkpt lat="22.218351666666663" lon="114.02951"><ele>46.5</ele><time>2025-11-15T07:07:42Z</time></trkpt><trkpt lat="22.218374999999998" lon="114.02951333333334"><ele>46.4</ele><time>2025-11-15T07:07:45Z</time></trkpt><trkpt lat="22.21839166666667" lon="114.029505"><ele>46.199999999999996</ele><time>2025-11-15T07:07:47Z</time></trkpt><trkpt lat="22.218413333333334" lon="114.02949833333332"><ele>46.699999999999996</ele><time>2025-11-15T07:07:50Z</time></trkpt><trkpt lat="22.21843666666667" lon="114.02949500000001"><ele>47.0</ele><time>2025-11-15T07:07:52Z</time></trkpt><trkpt lat="22.218459999999997" lon="114.02947999999999"><ele>47.1</ele><time>2025-11-15T07:07:54Z</time></trkpt><trkpt lat="22.21848333333333" lon="114.02946666666666"><ele>47.5</ele><time>2025-11-15T07:07:56Z</time></trkpt><trkpt lat="22.218498333333333" lon="114.02945333333334"><ele>48.5</ele><time>2025-11-15T07:07:58Z</time></trkpt><trkpt lat="22.218516666666666" lon="114.02943833333332"><ele>48.9</ele><time>2025-11-15T07:08:00Z</time></trkpt><trkpt lat="22.21853" lon="114.02942166666665"><ele>50.4</ele><time>2025-11-15T07:08:04Z</time></trkpt><trkpt lat="22.218511666666668" lon="114.02942166666665"><ele>51.8</ele><time>2025-11-15T07:08:09Z</time></trkpt><trkpt lat="22.21849333333333" lon="114.02942166666665"><ele>52.1</ele><time>2025-11-15T07:08:10Z</time></trkpt><trkpt lat="22.218476666666668" lon="114.02941000000001"><ele>52.699999999999996</ele><time>2025-11-15T07:08:11Z</time></trkpt><trkpt lat="22.218495" lon="114.02939666666667"><ele>54.4</ele><time>2025-11-15T07:08:16Z</time></trkpt><trkpt lat="22.21851333333333" lon="114.02939333333333"><ele>54.4</ele><time>2025-11-15T07:08:18Z</time></trkpt><trkpt lat="22.218533333333333" lon="114.02938666666665"><ele>53.9</ele><time>2025-11-15T07:08:20Z</time></trkpt><trkpt lat="22.218556666666668" lon="114.02937666666666"><ele>53.199999999999996</ele><time>2025-11-15T07:08:23Z</time></trkpt><trkpt lat="22.218578333333333" lon="114.02936333333334"><ele>52.699999999999996</ele><time>2025-11-15T07:08:26Z</time></trkpt><trkpt lat="22.218594999999997" lon="114.02934666666667"><ele>52.3</ele><time>2025-11-15T07:08:29Z</time></trkpt><trkpt lat="22.218608333333336" lon="114.029325"><ele>51.3</ele><time>2025-11-15T07:08:33Z</time></trkpt><trkpt lat="22.21862" lon="114.02930333333333"><ele>49.3</ele><time>2025-11-15T07:08:37Z</time></trkpt><trkpt lat="22.218639999999997" lon="114.02928833333333"><ele>48.8</ele><time>2025-11-15T07:08:39Z</time></trkpt><trkpt lat="22.21866" lon="114.02927833333334"><ele>48.199999999999996</ele><time>2025-11-15T07:08:41Z</time></trkpt><trkpt lat="22.218680000000003" lon="114.02926833333335"><ele>47.699999999999996</ele><time>2025-11-15T07:08:43Z</time></trkpt><trkpt lat="22.21869333333333" lon="114.02924499999999"><ele>47.4</ele><time>2025-11-15T07:08:45Z</time></trkpt><trkpt lat="22.21870666666667" lon="114.02922333333332"><ele>47.6</ele><time>2025-11-15T07:08:47Z</time></trkpt><trkpt lat="22.218714999999996" lon="114.02919500000002"><ele>47.8</ele><time>2025-11-15T07:08:49Z</time></trkpt><trkpt lat="22.218729999999997" lon="114.02917333333335"><ele>47.199999999999996</ele><time>2025-11-15T07:08:52Z</time></trkpt><trkpt lat="22.218756666666664" lon="114.02915666666668"><ele>46.699999999999996</ele><time>2025-11-15T07:08:55Z</time></trkpt><trkpt lat="22.218773333333335" lon="114.02914166666666"><ele>46.6</ele><time>2025-11-15T07:08:57Z</time></trkpt><trkpt lat="22.218791666666668" lon="114.029125"><ele>47.1</ele><time>2025-11-15T07:08:59Z</time></trkpt><trkpt lat="22.218816666666665" lon="114.02911999999999"><ele>47.0</ele><time>2025-11-15T07:09:01Z</time></trkpt><trkpt lat="22.21883833333333" lon="114.02911"><ele>47.0</ele><time>2025-11-15T07:09:03Z</time></trkpt><trkpt lat="22.218853333333332" lon="114.02909333333334"><ele>47.4</ele><time>2025-11-15T07:09:05Z</time></trkpt><trkpt lat="22.218861666666665" lon="114.02907166666667"><ele>46.4</ele><time>2025-11-15T07:09:07Z</time></trkpt><trkpt lat="22.218876666666667" lon="114.029055"><ele>45.6</ele><time>2025-11-15T07:09:09Z</time></trkpt><trkpt lat="22.21890166666667" lon="114.02903833333333"><ele>44.199999999999996</ele><time>2025-11-15T07:09:12Z</time></trkpt><trkpt lat="22.21891833333333" lon="114.02902166666667"><ele>43.699999999999996</ele><time>2025-11-15T07:09:14Z</time></trkpt><trkpt lat="22.218938333333334" lon="114.02900999999999"><ele>42.699999999999996</ele><time>2025-11-15T07:09:16Z</time></trkpt><trkpt lat="22.218951666666666" lon="114.02899000000001"><ele>42.199999999999996</ele><time>2025-11-15T07:09:18Z</time></trkpt><trkpt lat="22.21897" lon="114.02897333333334"><ele>42.1</ele><time>2025-11-15T07:09:20Z</time></trkpt><trkpt lat="22.218988333333332" lon="114.02895666666667"><ele>42.0</ele><time>2025-11-15T07:09:22Z</time></trkpt><trkpt lat="22.218996666666666" lon="114.02893166666667"><ele>42.4</ele><time>2025-11-15T07:09:24Z</time></trkpt><trkpt lat="22.218993333333334" lon="114.02890833333335"><ele>42.5</ele><time>2025-11-15T07:09:26Z</time></trkpt><trkpt lat="22.218993333333334" lon="114.02888333333334"><ele>42.5</ele><time>2025-11-15T07:09:28Z</time></trkpt><trkpt lat="22.218995000000003" lon="114.02885833333333"><ele>42.5</ele><time>2025-11-15T07:09:30Z</time></trkpt><trkpt lat="22.218998333333335" lon="114.02883500000002"><ele>42.4</ele><time>2025-11-15T07:09:32Z</time></trkpt><trkpt lat="22.218995000000003" lon="114.02881333333335"><ele>42.3</ele><time>2025-11-15T07:09:35Z</time></trkpt><trkpt lat="22.218988333333332" lon="114.02878833333334"><ele>41.0</ele><time>2025-11-15T07:09:39Z</time></trkpt><trkpt lat="22.218978333333332" lon="114.02877166666667"><ele>40.1</ele><time>2025-11-15T07:09:41Z</time></trkpt><trkpt lat="22.21897166666667" lon="114.02874833333333"><ele>39.699999999999996</ele><time>2025-11-15T07:09:44Z</time></trkpt><trkpt lat="22.218984999999996" lon="114.028735"><ele>39.699999999999996</ele><time>2025-11-15T07:09:51Z</time></trkpt><trkpt lat="22.218975" lon="114.02871333333333"><ele>41.199999999999996</ele><time>2025-11-15T07:10:03Z</time></trkpt><trkpt lat="22.218956666666667" lon="114.02870333333334"><ele>41.4</ele><time>2025-11-15T07:10:06Z</time></trkpt><trkpt lat="22.218936666666664" lon="114.02869333333335"><ele>41.1</ele><time>2025-11-15T07:10:09Z</time></trkpt><trkpt lat="22.21893" lon="114.02867166666668"><ele>40.199999999999996</ele><time>2025-11-15T07:10:13Z</time></trkpt><trkpt lat="22.218921666666667" lon="114.02864999999998"><ele>39.6</ele><time>2025-11-15T07:10:15Z</time></trkpt><trkpt lat="22.21889666666667" lon="114.02864333333333"><ele>39.1</ele><time>2025-11-15T07:10:18Z</time></trkpt><trkpt lat="22.21891833333333" lon="114.02863666666666"><ele>38.4</ele><time>2025-11-15T07:10:22Z</time></trkpt><trkpt lat="22.218908333333335" lon="114.02860833333334"><ele>36.5</ele><time>2025-11-15T07:10:29Z</time></trkpt><trkpt lat="22.218906666666665" lon="114.02858499999999"><ele>36.3</ele><time>2025-11-15T07:10:31Z</time></trkpt><trkpt lat="22.2189" lon="114.02856666666666"><ele>36.4</ele><time>2025-11-15T07:10:33Z</time></trkpt><trkpt lat="22.218890000000002" lon="114.028545"><ele>35.9</ele><time>2025-11-15T07:10:35Z</time></trkpt><trkpt lat="22.21887333333333" lon="114.02853166666667"><ele>35.5</ele><time>2025-11-15T07:10:37Z</time></trkpt><trkpt lat="22.218863333333335" lon="114.02851333333335"><ele>35.1</ele><time>2025-11-15T07:10:39Z</time></trkpt><trkpt lat="22.218848333333334" lon="114.02849333333333"><ele>34.5</ele><time>2025-11-15T07:10:41Z</time></trkpt><trkpt lat="22.218835" lon="114.02846833333334"><ele>33.699999999999996</ele><time>2025-11-15T07:10:43Z</time></trkpt><trkpt lat="22.218825" lon="114.028445"><ele>32.8</ele><time>2025-11-15T07:10:45Z</time></trkpt><trkpt lat="22.218818333333335" lon="114.02842666666666"><ele>32.4</ele><time>2025-11-15T07:10:47Z</time></trkpt><trkpt lat="22.21881166666667" lon="114.02840666666667"><ele>32.0</ele><time>2025-11-15T07:10:49Z</time></trkpt><trkpt lat="22.21880666666667" lon="114.02838500000001"><ele>32.0</ele><time>2025-11-15T07:10:51Z</time></trkpt><trkpt lat="22.218803333333334" lon="114.02835833333332"><ele>31.799999999999997</ele><time>2025-11-15T07:10:53Z</time></trkpt><trkpt lat="22.218803333333334" lon="114.02833666666666"><ele>31.699999999999996</ele><time>2025-11-15T07:10:55Z</time></trkpt><trkpt lat="22.218804999999996" lon="114.02831333333333"><ele>31.6</ele><time>2025-11-15T07:10:57Z</time></trkpt><trkpt lat="22.218803333333334" lon="114.02828666666667"><ele>31.5</ele><time>2025-11-15T07:11:00Z</time></trkpt><trkpt lat="22.218801666666664" lon="114.028265"><ele>31.199999999999996</ele><time>2025-11-15T07:11:02Z</time></trkpt><trkpt lat="22.218801666666664" lon="114.028245"><ele>31.0</ele><time>2025-11-15T07:11:04Z</time></trkpt><trkpt lat="22.218816666666665" lon="114.02822499999999"><ele>30.799999999999997</ele><time>2025-11-15T07:11:06Z</time></trkpt><trkpt lat="22.21882833333333" lon="114.02820500000001"><ele>30.6</ele><time>2025-11-15T07:11:08Z</time></trkpt><trkpt lat="22.218836666666668" lon="114.028185"><ele>30.299999999999997</ele><time>2025-11-15T07:11:10Z</time></trkpt><trkpt lat="22.21884166666667" lon="114.02816166666668"><ele>29.799999999999997</ele><time>2025-11-15T07:11:12Z</time></trkpt><trkpt lat="22.21883833333333" lon="114.02813666666667"><ele>29.5</ele><time>2025-11-15T07:11:14Z</time></trkpt><trkpt lat="22.218836666666668" lon="114.02810833333334"><ele>29.2</ele><time>2025-11-15T07:11:16Z</time></trkpt><trkpt lat="22.218831666666667" lon="114.02807666666668"><ele>28.9</ele><time>2025-11-15T07:11:18Z</time></trkpt><trkpt lat="22.218830000000004" lon="114.02805166666667"><ele>28.599999999999998</ele><time>2025-11-15T07:11:20Z</time></trkpt><trkpt lat="22.218821666666667" lon="114.02801666666667"><ele>28.4</ele><time>2025-11-15T07:11:22Z</time></trkpt><trkpt lat="22.218821666666667" lon="114.02799666666667"><ele>27.799999999999997</ele><time>2025-11-15T07:11:24Z</time></trkpt><trkpt lat="22.21881" lon="114.02796833333332"><ele>25.5</ele><time>2025-11-15T07:11:31Z</time></trkpt><trkpt lat="22.21881166666667" lon="114.02794333333334"><ele>24.7</ele><time>2025-11-15T07:11:33Z</time></trkpt><trkpt lat="22.21881166666667" lon="114.027915"><ele>24.0</ele><time>2025-11-15T07:11:35Z</time></trkpt><trkpt lat="22.218816666666665" lon="114.02789166666668"><ele>23.5</ele><time>2025-11-15T07:11:37Z</time></trkpt><trkpt lat="22.218821666666667" lon="114.02786666666667"><ele>22.5</ele><time>2025-11-15T07:11:40Z</time></trkpt><trkpt lat="22.218815000000003" lon="114.02783666666667"><ele>22.0</ele><time>2025-11-15T07:11:43Z</time></trkpt><trkpt lat="22.21881166666667" lon="114.02780833333333"><ele>21.799999999999997</ele><time>2025-11-15T07:11:45Z</time></trkpt><trkpt lat="22.218818333333335" lon="114.02778333333332"><ele>21.099999999999998</ele><time>2025-11-15T07:11:48Z</time></trkpt><trkpt lat="22.21881166666667" lon="114.02776166666666"><ele>21.099999999999998</ele><time>2025-11-15T07:11:50Z</time></trkpt><trkpt lat="22.21880833333333" lon="114.02774"><ele>21.0</ele><time>2025-11-15T07:11:52Z</time></trkpt><trkpt lat="22.218801666666664" lon="114.02771499999999"><ele>20.7</ele><time>2025-11-15T07:11:54Z</time></trkpt><trkpt lat="22.218795" lon="114.02769000000002"><ele>20.799999999999997</ele><time>2025-11-15T07:11:56Z</time></trkpt><trkpt lat="22.21879" lon="114.02766333333332"><ele>20.5</ele><time>2025-11-15T07:11:58Z</time></trkpt><trkpt lat="22.21878166666667" lon="114.02764166666665"><ele>19.9</ele><time>2025-11-15T07:12:00Z</time></trkpt><trkpt lat="22.21878" lon="114.02761833333334"><ele>19.799999999999997</ele><time>2025-11-15T07:12:02Z</time></trkpt><trkpt lat="22.21877833333333" lon="114.02759666666667"><ele>19.9</ele><time>2025-11-15T07:12:04Z</time></trkpt><trkpt lat="22.21877833333333" lon="114.02757500000001"><ele>19.9</ele><time>2025-11-15T07:12:06Z</time></trkpt><trkpt lat="22.218771666666665" lon="114.02754666666667"><ele>19.7</ele><time>2025-11-15T07:12:08Z</time></trkpt><trkpt lat="22.218770000000003" lon="114.027525"><ele>19.4</ele><time>2025-11-15T07:12:10Z</time></trkpt><trkpt lat="22.218768333333333" lon="114.02749833333334"><ele>19.2</ele><time>2025-11-15T07:12:12Z</time></trkpt><trkpt lat="22.218776666666667" lon="114.02747333333333"><ele>20.0</ele><time>2025-11-15T07:12:14Z</time></trkpt><trkpt lat="22.218774999999997" lon="114.02745000000002"><ele>20.2</ele><time>2025-11-15T07:12:16Z</time></trkpt><trkpt lat="22.218770000000003" lon="114.02742666666667"><ele>20.099999999999998</ele><time>2025-11-15T07:12:19Z</time></trkpt><trkpt lat="22.218768333333333" lon="114.02740666666665"><ele>20.4</ele><time>2025-11-15T07:12:21Z</time></trkpt><trkpt lat="22.218765" lon="114.02738666666667"><ele>20.5</ele><time>2025-11-15T07:12:23Z</time></trkpt><trkpt lat="22.218758333333334" lon="114.02736666666667"><ele>20.5</ele><time>2025-11-15T07:12:25Z</time></trkpt><trkpt lat="22.218755" lon="114.027345"><ele>20.2</ele><time>2025-11-15T07:12:27Z</time></trkpt><trkpt lat="22.218745" lon="114.02731999999999"><ele>20.0</ele><time>2025-11-15T07:12:30Z</time></trkpt><trkpt lat="22.218729999999997" lon="114.02730333333332"><ele>19.7</ele><time>2025-11-15T07:12:32Z</time></trkpt><trkpt lat="22.21871666666667" lon="114.02728499999999"><ele>19.0</ele><time>2025-11-15T07:12:34Z</time></trkpt><trkpt lat="22.21870666666667" lon="114.02726666666668"><ele>18.2</ele><time>2025-11-15T07:12:36Z</time></trkpt><trkpt lat="22.21869166666667" lon="114.02725000000001"><ele>17.2</ele><time>2025-11-15T07:12:39Z</time></trkpt><trkpt lat="22.218683333333335" lon="114.02722999999999"><ele>16.4</ele><time>2025-11-15T07:12:41Z</time></trkpt><trkpt lat="22.21867166666667" lon="114.02720833333333"><ele>15.500000000000002</ele><time>2025-11-15T07:12:43Z</time></trkpt><trkpt lat="22.21866166666667" lon="114.02718333333333"><ele>14.500000000000002</ele><time>2025-11-15T07:12:45Z</time></trkpt><trkpt lat="22.21864833333333" lon="114.02716666666666"><ele>13.700000000000001</ele><time>2025-11-15T07:12:47Z</time></trkpt><trkpt lat="22.218633333333333" lon="114.02714833333333"><ele>12.700000000000001</ele><time>2025-11-15T07:12:49Z</time></trkpt><trkpt lat="22.21862" lon="114.02713"><ele>12.0</ele><time>2025-11-15T07:12:51Z</time></trkpt><trkpt lat="22.21860333333333" lon="114.02711666666667"><ele>11.1</ele><time>2025-11-15T07:12:53Z</time></trkpt><trkpt lat="22.21858666666667" lon="114.02710333333334"><ele>9.9</ele><time>2025-11-15T07:12:56Z</time></trkpt><trkpt lat="22.218575" lon="114.02708"><ele>9.3</ele><time>2025-11-15T07:12:59Z</time></trkpt><trkpt lat="22.218561666666666" lon="114.02705499999999"><ele>8.9</ele><time>2025-11-15T07:13:02Z</time></trkpt><trkpt lat="22.218549999999997" lon="114.02703666666666"><ele>9.0</ele><time>2025-11-15T07:13:04Z</time></trkpt><trkpt lat="22.21854" lon="114.02701499999999"><ele>9.1</ele><time>2025-11-15T07:13:06Z</time></trkpt><trkpt lat="22.21852833333333" lon="114.02699333333334"><ele>8.8</ele><time>2025-11-15T07:13:08Z</time></trkpt><trkpt lat="22.218516666666666" lon="114.02697333333332"><ele>8.9</ele><time>2025-11-15T07:13:10Z</time></trkpt><trkpt lat="22.218501666666665" lon="114.02694833333335"><ele>8.700000000000001</ele><time>2025-11-15T07:13:12Z</time></trkpt><trkpt lat="22.21849166666667" lon="114.02693166666668"><ele>9.3</ele><time>2025-11-15T07:13:15Z</time></trkpt><trkpt lat="22.218500000000002" lon="114.02691333333333"><ele>9.6</ele><time>2025-11-15T07:13:18Z</time></trkpt><trkpt lat="22.218478333333337" lon="114.02689666666666"><ele>11.5</ele><time>2025-11-15T07:13:31Z</time></trkpt><trkpt lat="22.21846833333333" lon="114.02687166666668"><ele>11.4</ele><time>2025-11-15T07:13:33Z</time></trkpt><trkpt lat="22.218455000000002" lon="114.02683833333334"><ele>11.1</ele><time>2025-11-15T07:13:35Z</time></trkpt><trkpt lat="22.218444999999996" lon="114.02681166666667"><ele>10.8</ele><time>2025-11-15T07:13:37Z</time></trkpt><trkpt lat="22.21843666666667" lon="114.02679166666667"><ele>10.6</ele><time>2025-11-15T07:13:39Z</time></trkpt><trkpt lat="22.218425000000003" lon="114.026775"><ele>9.9</ele><time>2025-11-15T07:13:41Z</time></trkpt><trkpt lat="22.218411666666665" lon="114.02675833333333"><ele>9.3</ele><time>2025-11-15T07:13:43Z</time></trkpt><trkpt lat="22.21840166666667" lon="114.02674"><ele>8.8</ele><time>2025-11-15T07:13:45Z</time></trkpt><trkpt lat="22.218396666666663" lon="114.026715"><ele>8.4</ele><time>2025-11-15T07:13:47Z</time></trkpt><trkpt lat="22.21839" lon="114.02669333333333"><ele>7.9</ele><time>2025-11-15T07:13:49Z</time></trkpt><trkpt lat="22.218384999999998" lon="114.02667166666667"><ele>6.9</ele><time>2025-11-15T07:13:51Z</time></trkpt><trkpt lat="22.218380000000003" lon="114.02664833333334"><ele>6.0</ele><time>2025-11-15T07:13:53Z</time></trkpt><trkpt lat="22.218371666666666" lon="114.02662000000001"><ele>5.300000000000001</ele><time>2025-11-15T07:13:55Z</time></trkpt><trkpt lat="22.218363333333333" lon="114.026595"><ele>5.1</ele><time>2025-11-15T07:13:57Z</time></trkpt><trkpt lat="22.21835666666667" lon="114.02656333333334"><ele>5.0</ele><time>2025-11-15T07:13:59Z</time></trkpt><trkpt lat="22.21836" lon="114.02654166666667"><ele>5.0</ele><time>2025-11-15T07:14:01Z</time></trkpt><trkpt lat="22.218343333333337" lon="114.02656499999999"><ele>5.4</ele><time>2025-11-15T07:14:31Z</time></trkpt><trkpt lat="22.218324999999997" lon="114.02656833333334"><ele>5.9</ele><time>2025-11-15T07:14:34Z</time></trkpt><trkpt lat="22.218313333333338" lon="114.02659"><ele>6.300000000000001</ele><time>2025-11-15T07:14:37Z</time></trkpt><trkpt lat="22.2183" lon="114.02661000000002"><ele>6.6</ele><time>2025-11-15T07:14:39Z</time></trkpt><trkpt lat="22.218283333333336" lon="114.02663"><ele>7.0</ele><time>2025-11-15T07:14:42Z</time></trkpt><trkpt lat="22.218273333333332" lon="114.02665166666665"><ele>7.0</ele><time>2025-11-15T07:14:44Z</time></trkpt><trkpt lat="22.218261666666663" lon="114.02667000000001"><ele>6.5</ele><time>2025-11-15T07:14:47Z</time></trkpt><trkpt lat="22.218245000000003" lon="114.02665999999999"><ele>5.5</ele><time>2025-11-15T07:14:51Z</time></trkpt><trkpt lat="22.21822666666667" lon="114.02665166666665"><ele>5.1</ele><time>2025-11-15T07:14:54Z</time></trkpt><trkpt lat="22.21824333333333" lon="114.02664166666666"><ele>3.6</ele><time>2025-11-15T07:15:01Z</time></trkpt><trkpt lat="22.218231666666664" lon="114.02665999999999"><ele>3.1999999999999997</ele><time>2025-11-15T07:15:05Z</time></trkpt><trkpt lat="22.218219999999995" lon="114.02667833333335"><ele>2.9999999999999996</ele><time>2025-11-15T07:15:10Z</time></trkpt><trkpt lat="22.218204999999998" lon="114.02669166666668"><ele>2.8000000000000003</ele><time>2025-11-15T07:15:12Z</time></trkpt><trkpt lat="22.218188333333334" lon="114.02670333333332"><ele>2.9</ele><time>2025-11-15T07:15:14Z</time></trkpt><trkpt lat="22.21817" lon="114.026705"><ele>2.6</ele><time>2025-11-15T07:15:16Z</time></trkpt><trkpt lat="22.218149999999998" lon="114.026715"><ele>1.9</ele><time>2025-11-15T07:15:18Z</time></trkpt><trkpt lat="22.218131666666668" lon="114.02672333333334"><ele>1.6999999999999997</ele><time>2025-11-15T07:15:20Z</time></trkpt><trkpt lat="22.218103333333335" lon="114.02672499999998"><ele>1.0</ele><time>2025-11-15T07:15:23Z</time></trkpt><trkpt lat="22.218084999999995" lon="114.02673666666666"><ele>-0.8</ele><time>2025-11-15T07:15:26Z</time></trkpt><trkpt lat="22.218061666666667" lon="114.02674999999999"><ele>-1.4000000000000001</ele><time>2025-11-15T07:15:29Z</time></trkpt><trkpt lat="22.218035" lon="114.02675333333333"><ele>-2.1</ele><time>2025-11-15T07:15:32Z</time></trkpt><trkpt lat="22.218014999999998" lon="114.02675833333333"><ele>-2.2</ele><time>2025-11-15T07:15:34Z</time></trkpt><trkpt lat="22.217991666666663" lon="114.02676500000001"><ele>-2.1</ele><time>2025-11-15T07:15:36Z</time></trkpt><trkpt lat="22.21797333333333" lon="114.02676833333335"><ele>-2.5</ele><time>2025-11-15T07:15:38Z</time></trkpt><trkpt lat="22.217951666666668" lon="114.02677"><ele>-2.3</ele><time>2025-11-15T07:15:40Z</time></trkpt><trkpt lat="22.217930000000003" lon="114.02677333333334"><ele>-2.2</ele><time>2025-11-15T07:15:42Z</time></trkpt><trkpt lat="22.217908333333337" lon="114.02677999999999"><ele>-2.1</ele><time>2025-11-15T07:15:44Z</time></trkpt><trkpt lat="22.217888333333335" lon="114.02678666666667"><ele>-1.9000000000000001</ele><time>2025-11-15T07:15:46Z</time></trkpt><trkpt lat="22.21786833333333" lon="114.02679000000002"><ele>-1.5</ele><time>2025-11-15T07:15:50Z</time></trkpt><trkpt lat="22.21785" lon="114.02679333333332"><ele>-1.5</ele><time>2025-11-15T07:15:52Z</time></trkpt><trkpt lat="22.217828333333333" lon="114.02680666666666"><ele>-1.3</ele><time>2025-11-15T07:15:55Z</time></trkpt><trkpt lat="22.217805" lon="114.02681499999998"><ele>-1.0</ele><time>2025-11-15T07:15:58Z</time></trkpt><trkpt lat="22.217786666666665" lon="114.02681833333332"><ele>-1.1</ele><time>2025-11-15T07:16:00Z</time></trkpt><trkpt lat="22.217768333333332" lon="114.02682666666666"><ele>-1.0</ele><time>2025-11-15T07:16:03Z</time></trkpt><trkpt lat="22.217783333333333" lon="114.02681333333334"><ele>-0.9000000000000001</ele><time>2025-11-15T07:16:20Z</time></trkpt><trkpt lat="22.21780833333333" lon="114.026795"><ele>-1.4000000000000001</ele><time>2025-11-15T07:16:22Z</time></trkpt><trkpt lat="22.217831666666665" lon="114.02678666666667"><ele>-1.9000000000000001</ele><time>2025-11-15T07:16:24Z</time></trkpt><trkpt lat="22.217856666666663" lon="114.026775"><ele>-1.8</ele><time>2025-11-15T07:16:26Z</time></trkpt><trkpt lat="22.217881666666667" lon="114.026775"><ele>-1.5</ele><time>2025-11-15T07:16:29Z</time></trkpt><trkpt lat="22.217903333333332" lon="114.02676333333332"><ele>-1.2000000000000002</ele><time>2025-11-15T07:16:32Z</time></trkpt><trkpt lat="22.217924999999997" lon="114.026755"><ele>-0.8</ele><time>2025-11-15T07:16:35Z</time></trkpt><trkpt lat="22.21794" lon="114.02673833333334"><ele>-0.10000000000000009</ele><time>2025-11-15T07:16:38Z</time></trkpt><trkpt lat="22.217916666666664" lon="114.02673666666666"><ele>-0.40000000000000013</ele><time>2025-11-15T07:16:44Z</time></trkpt><trkpt lat="22.217891666666667" lon="114.02672499999998"><ele>-0.7000000000000001</ele><time>2025-11-15T07:16:47Z</time></trkpt><trkpt lat="22.217873333333333" lon="114.02671000000001"><ele>-1.3</ele><time>2025-11-15T07:16:49Z</time></trkpt><trkpt lat="22.217860000000005" lon="114.02669499999999"><ele>-1.5</ele><time>2025-11-15T07:16:51Z</time></trkpt><trkpt lat="22.217863333333337" lon="114.02667000000001"><ele>-1.7000000000000002</ele><time>2025-11-15T07:16:54Z</time></trkpt><trkpt lat="22.217843333333334" lon="114.02667833333335"><ele>-1.5</ele><time>2025-11-15T07:17:36Z</time></trkpt><trkpt lat="22.21782166666667" lon="114.02667000000001"><ele>-2.3</ele><time>2025-11-15T07:17:39Z</time></trkpt><trkpt lat="22.21781" lon="114.02665"><ele>-4.1</ele><time>2025-11-15T07:17:42Z</time></trkpt><trkpt lat="22.217788333333335" lon="114.02664166666666"><ele>-2.7</ele><time>2025-11-15T07:17:47Z</time></trkpt><trkpt lat="22.217765" lon="114.02662833333333"><ele>-2.0</ele><time>2025-11-15T07:17:48Z</time></trkpt><trkpt lat="22.217741666666665" lon="114.02662000000001"><ele>-1.2000000000000002</ele><time>2025-11-15T07:17:49Z</time></trkpt><trkpt lat="22.217711666666666" lon="114.02661333333332"><ele>0.09999999999999987</ele><time>2025-11-15T07:17:51Z</time></trkpt><trkpt lat="22.21768666666667" lon="114.02660499999999"><ele>1.6999999999999997</ele><time>2025-11-15T07:17:53Z</time></trkpt><trkpt lat="22.217705000000002" lon="114.02660333333333"><ele>3.3000000000000003</ele><time>2025-11-15T07:17:57Z</time></trkpt><trkpt lat="22.21772" lon="114.026615"><ele>3.1</ele><time>2025-11-15T07:17:59Z</time></trkpt><trkpt lat="22.217738333333333" lon="114.02662666666666"><ele>3.1</ele><time>2025-11-15T07:18:01Z</time></trkpt><trkpt lat="22.217758333333336" lon="114.02664000000001"><ele>3.1999999999999997</ele><time>2025-11-15T07:18:04Z</time></trkpt><trkpt lat="22.217791666666667" lon="114.02668"><ele>0.5</ele><time>2025-11-15T07:18:32Z</time></trkpt><trkpt lat="22.217771666666668" lon="114.02667666666666"><ele>-0.10000000000000009</ele><time>2025-11-15T07:18:44Z</time></trkpt><trkpt lat="22.21776" lon="114.02669333333333"><ele>-0.9000000000000001</ele><time>2025-11-15T07:18:46Z</time></trkpt><trkpt lat="22.217735" lon="114.02671333333335"><ele>-1.4000000000000001</ele><time>2025-11-15T07:18:48Z</time></trkpt><trkpt lat="22.217711666666666" lon="114.026715"><ele>-1.4000000000000001</ele><time>2025-11-15T07:18:50Z</time></trkpt><trkpt lat="22.217693333333333" lon="114.02671333333335"><ele>-1.5</ele><time>2025-11-15T07:18:52Z</time></trkpt><trkpt lat="22.217671666666668" lon="114.02671333333335"><ele>-1.7000000000000002</ele><time>2025-11-15T07:18:55Z</time></trkpt><trkpt lat="22.217656666666667" lon="114.02672666666668"><ele>-1.9000000000000001</ele><time>2025-11-15T07:18:57Z</time></trkpt><trkpt lat="22.21764333333333" lon="114.02674833333334"><ele>-2.1</ele><time>2025-11-15T07:18:59Z</time></trkpt><trkpt lat="22.217633333333332" lon="114.02677833333334"><ele>-2.2</ele><time>2025-11-15T07:19:01Z</time></trkpt><trkpt lat="22.21762833333333" lon="114.02679833333335"><ele>-2.1</ele><time>2025-11-15T07:19:03Z</time></trkpt><trkpt lat="22.217626666666668" lon="114.02681833333332"><ele>-2.8</ele><time>2025-11-15T07:19:06Z</time></trkpt><trkpt lat="22.2176" lon="114.02683"><ele>-3.7</ele><time>2025-11-15T07:19:09Z</time></trkpt><trkpt lat="22.217581666666668" lon="114.02683"><ele>-4.0</ele><time>2025-11-15T07:19:10Z</time></trkpt><trkpt lat="22.21755166666667" lon="114.02683166666665"><ele>-3.0</ele><time>2025-11-15T07:19:16Z</time></trkpt><trkpt lat="22.217518333333334" lon="114.026845"><ele>-2.0</ele><time>2025-11-15T07:19:18Z</time></trkpt><trkpt lat="22.217495" lon="114.02685000000001"><ele>-1.8</ele><time>2025-11-15T07:19:20Z</time></trkpt><trkpt lat="22.217468333333333" lon="114.02685833333335"><ele>-1.2000000000000002</ele><time>2025-11-15T07:19:22Z</time></trkpt><trkpt lat="22.217446666666667" lon="114.02685500000001"><ele>-0.30000000000000004</ele><time>2025-11-15T07:19:24Z</time></trkpt><trkpt lat="22.217426666666665" lon="114.02684333333333"><ele>0.8999999999999999</ele><time>2025-11-15T07:19:26Z</time></trkpt><trkpt lat="22.217405" lon="114.02683999999999"><ele>2.1</ele><time>2025-11-15T07:19:28Z</time></trkpt><trkpt lat="22.217381666666665" lon="114.02683666666665"><ele>2.8000000000000003</ele><time>2025-11-15T07:19:31Z</time></trkpt><trkpt lat="22.21736166666667" lon="114.02682833333334"><ele>2.4999999999999996</ele><time>2025-11-15T07:19:34Z</time></trkpt><trkpt lat="22.217338333333334" lon="114.02682166666666"><ele>2.4</ele><time>2025-11-15T07:19:37Z</time></trkpt><trkpt lat="22.217320000000004" lon="114.02681833333332"><ele>2.3</ele><time>2025-11-15T07:19:40Z</time></trkpt><trkpt lat="22.21730166666667" lon="114.02681166666667"><ele>2.8000000000000003</ele><time>2025-11-15T07:19:49Z</time></trkpt><trkpt lat="22.21728" lon="114.026805"><ele>2.8000000000000003</ele><time>2025-11-15T07:19:53Z</time></trkpt><trkpt lat="22.21725666666667" lon="114.02679833333335"><ele>2.8000000000000003</ele><time>2025-11-15T07:19:56Z</time></trkpt><trkpt lat="22.217235" lon="114.02679333333332"><ele>2.6999999999999997</ele><time>2025-11-15T07:19:59Z</time></trkpt><trkpt lat="22.217213333333333" lon="114.02677999999999"><ele>2.6999999999999997</ele><time>2025-11-15T07:20:02Z</time></trkpt><trkpt lat="22.217195" lon="114.02676666666666"><ele>2.4</ele><time>2025-11-15T07:20:05Z</time></trkpt><trkpt lat="22.217173333333335" lon="114.02675833333333"><ele>2.4</ele><time>2025-11-15T07:20:08Z</time></trkpt><trkpt lat="22.21714833333333" lon="114.02675833333333"><ele>2.4</ele><time>2025-11-15T07:20:11Z</time></trkpt><trkpt lat="22.217123333333333" lon="114.02674833333334"><ele>2.1999999999999997</ele><time>2025-11-15T07:20:14Z</time></trkpt><trkpt lat="22.2171" lon="114.02674166666665"><ele>2.1999999999999997</ele><time>2025-11-15T07:20:17Z</time></trkpt><trkpt lat="22.21707666666667" lon="114.02673166666666"><ele>2.1999999999999997</ele><time>2025-11-15T07:20:20Z</time></trkpt><trkpt lat="22.217051666666666" lon="114.02672499999998"><ele>1.9</ele><time>2025-11-15T07:20:23Z</time></trkpt><trkpt lat="22.217035000000003" lon="114.02671666666666"><ele>1.7999999999999998</ele><time>2025-11-15T07:20:25Z</time></trkpt><trkpt lat="22.21701" lon="114.02671000000001"><ele>1.7999999999999998</ele><time>2025-11-15T07:20:28Z</time></trkpt><trkpt lat="22.216985" lon="114.026705"><ele>1.6999999999999997</ele><time>2025-11-15T07:20:31Z</time></trkpt><trkpt lat="22.216960000000004" lon="114.02669833333333"><ele>1.7999999999999998</ele><time>2025-11-15T07:20:34Z</time></trkpt><trkpt lat="22.216936666666665" lon="114.026685"><ele>1.6999999999999997</ele><time>2025-11-15T07:20:37Z</time></trkpt><trkpt lat="22.216918333333336" lon="114.02668"><ele>2.1999999999999997</ele><time>2025-11-15T07:20:39Z</time></trkpt><trkpt lat="22.216900000000003" lon="114.02667500000001"><ele>2.1</ele><time>2025-11-15T07:20:41Z</time></trkpt><trkpt lat="22.216876666666668" lon="114.02666666666667"><ele>2.3</ele><time>2025-11-15T07:20:44Z</time></trkpt><trkpt lat="22.21685" lon="114.026665"><ele>2.0</ele><time>2025-11-15T07:20:47Z</time></trkpt><trkpt lat="22.216831666666668" lon="114.02666333333333"><ele>1.6</ele><time>2025-11-15T07:20:49Z</time></trkpt><trkpt lat="22.216813333333334" lon="114.02665666666665"><ele>1.6</ele><time>2025-11-15T07:20:51Z</time></trkpt><trkpt lat="22.216795" lon="114.02665499999999"><ele>1.5</ele><time>2025-11-15T07:20:53Z</time></trkpt><trkpt lat="22.216776666666668" lon="114.02665"><ele>1.5</ele><time>2025-11-15T07:20:55Z</time></trkpt><trkpt lat="22.216756666666665" lon="114.026645"><ele>1.6999999999999997</ele><time>2025-11-15T07:20:57Z</time></trkpt><trkpt lat="22.216738333333335" lon="114.02664000000001"><ele>1.6</ele><time>2025-11-15T07:20:59Z</time></trkpt><trkpt lat="22.216720000000002" lon="114.02664000000001"><ele>1.2999999999999998</ele><time>2025-11-15T07:21:01Z</time></trkpt><trkpt lat="22.21670166666667" lon="114.02663499999998"><ele>1.2999999999999998</ele><time>2025-11-15T07:21:03Z</time></trkpt><trkpt lat="22.216676666666665" lon="114.026625"><ele>0.6000000000000001</ele><time>2025-11-15T07:21:06Z</time></trkpt><trkpt lat="22.216651666666667" lon="114.02661833333335"><ele>0.6000000000000001</ele><time>2025-11-15T07:21:09Z</time></trkpt><trkpt lat="22.216630000000002" lon="114.02661000000002"><ele>0.6999999999999997</ele><time>2025-11-15T07:21:12Z</time></trkpt><trkpt lat="22.216604999999998" lon="114.02659999999999"><ele>1.0</ele><time>2025-11-15T07:21:15Z</time></trkpt><trkpt lat="22.216586666666664" lon="114.02659"><ele>1.2999999999999998</ele><time>2025-11-15T07:21:18Z</time></trkpt><trkpt lat="22.216561666666667" lon="114.02658000000001"><ele>0.3999999999999999</ele><time>2025-11-15T07:22:03Z</time></trkpt><trkpt lat="22.216535" lon="114.02657166666668"><ele>0.6999999999999997</ele><time>2025-11-15T07:22:06Z</time></trkpt><trkpt lat="22.216516666666667" lon="114.02656833333334"><ele>0.8999999999999999</ele><time>2025-11-15T07:22:08Z</time></trkpt><trkpt lat="22.21649166666667" lon="114.02655833333334"><ele>1.1</ele><time>2025-11-15T07:22:11Z</time></trkpt><trkpt lat="22.216473333333337" lon="114.02655000000001"><ele>1.1999999999999997</ele><time>2025-11-15T07:22:13Z</time></trkpt><trkpt lat="22.216451666666664" lon="114.02652833333335"><ele>1.6</ele><time>2025-11-15T07:22:16Z</time></trkpt><trkpt lat="22.21643166666667" lon="114.02652333333332"><ele>1.7999999999999998</ele><time>2025-11-15T07:22:18Z</time></trkpt><trkpt lat="22.216414999999998" lon="114.02651333333333"><ele>2.0</ele><time>2025-11-15T07:22:20Z</time></trkpt><trkpt lat="22.21639" lon="114.02650333333334"><ele>1.6</ele><time>2025-11-15T07:22:23Z</time></trkpt><trkpt lat="22.216371666666667" lon="114.02649666666666"><ele>1.4</ele><time>2025-11-15T07:22:25Z</time></trkpt><trkpt lat="22.216353333333338" lon="114.02648666666667"><ele>1.1999999999999997</ele><time>2025-11-15T07:22:27Z</time></trkpt><trkpt lat="22.21632833333333" lon="114.02647499999999"><ele>0.8999999999999999</ele><time>2025-11-15T07:22:30Z</time></trkpt><trkpt lat="22.21631" lon="114.02646000000001"><ele>2.1</ele><time>2025-11-15T07:22:33Z</time></trkpt><trkpt lat="22.216295" lon="114.02644833333333"><ele>2.4999999999999996</ele><time>2025-11-15T07:22:35Z</time></trkpt><trkpt lat="22.216278333333335" lon="114.02643000000002"><ele>2.6</ele><time>2025-11-15T07:22:37Z</time></trkpt><trkpt lat="22.216260000000002" lon="114.02641833333334"><ele>2.6999999999999997</ele><time>2025-11-15T07:22:39Z</time></trkpt><trkpt lat="22.216240000000003" lon="114.02640666666666"><ele>2.4999999999999996</ele><time>2025-11-15T07:22:41Z</time></trkpt><trkpt lat="22.216230000000003" lon="114.02638999999999"><ele>1.7999999999999998</ele><time>2025-11-15T07:22:43Z</time></trkpt><trkpt lat="22.216206666666668" lon="114.02638166666665"><ele>0.6999999999999997</ele><time>2025-11-15T07:22:45Z</time></trkpt><trkpt lat="22.216189999999997" lon="114.02637333333332"><ele>-0.5</ele><time>2025-11-15T07:22:47Z</time></trkpt><trkpt lat="22.216175" lon="114.02635333333335"><ele>-2.2</ele><time>2025-11-15T07:22:50Z</time></trkpt><trkpt lat="22.21616333333333" lon="114.02633666666667"><ele>-2.8</ele><time>2025-11-15T07:22:52Z</time></trkpt><trkpt lat="22.21614833333333" lon="114.02632333333334"><ele>-3.0</ele><time>2025-11-15T07:22:54Z</time></trkpt><trkpt lat="22.216135" lon="114.02631000000001"><ele>-3.5</ele><time>2025-11-15T07:22:56Z</time></trkpt><trkpt lat="22.21611833333333" lon="114.02629166666665"><ele>-3.4000000000000004</ele><time>2025-11-15T07:22:59Z</time></trkpt><trkpt lat="22.216110000000004" lon="114.02627333333334"><ele>-2.8</ele><time>2025-11-15T07:23:01Z</time></trkpt><trkpt lat="22.216099999999997" lon="114.026255"><ele>-2.5</ele><time>2025-11-15T07:23:03Z</time></trkpt><trkpt lat="22.216091666666664" lon="114.02623166666666"><ele>-2.1</ele><time>2025-11-15T07:23:05Z</time></trkpt><trkpt lat="22.216083333333337" lon="114.02620833333334"><ele>-1.6</ele><time>2025-11-15T07:23:07Z</time></trkpt><trkpt lat="22.216068333333336" lon="114.02618833333332"><ele>-1.4000000000000001</ele><time>2025-11-15T07:23:09Z</time></trkpt><trkpt lat="22.216053333333335" lon="114.02617666666666"><ele>-1.8</ele><time>2025-11-15T07:23:11Z</time></trkpt><trkpt lat="22.216033333333332" lon="114.02616833333335"><ele>-1.5</ele><time>2025-11-15T07:23:13Z</time></trkpt><trkpt lat="22.216020000000004" lon="114.02615499999999"><ele>-1.4000000000000001</ele><time>2025-11-15T07:23:15Z</time></trkpt><trkpt lat="22.216009999999997" lon="114.02613000000001"><ele>-1.4000000000000001</ele><time>2025-11-15T07:23:17Z</time></trkpt><trkpt lat="22.215991666666664" lon="114.02610166666666"><ele>-1.5</ele><time>2025-11-15T07:23:19Z</time></trkpt><trkpt lat="22.215975000000004" lon="114.026085"><ele>-1.4000000000000001</ele><time>2025-11-15T07:23:21Z</time></trkpt><trkpt lat="22.215963333333335" lon="114.02606166666668"><ele>-0.6000000000000001</ele><time>2025-11-15T07:23:24Z</time></trkpt><trkpt lat="22.215958333333333" lon="114.02604000000001"><ele>0.6999999999999997</ele><time>2025-11-15T07:23:26Z</time></trkpt><trkpt lat="22.21595333333333" lon="114.02601333333332"><ele>2.1999999999999997</ele><time>2025-11-15T07:23:29Z</time></trkpt><trkpt lat="22.21595166666667" lon="114.02599000000001"><ele>2.8000000000000003</ele><time>2025-11-15T07:23:31Z</time></trkpt><trkpt lat="22.21595" lon="114.02596999999999"><ele>3.4999999999999996</ele><time>2025-11-15T07:23:33Z</time></trkpt><trkpt lat="22.215941666666662" lon="114.02595000000001"><ele>4.199999999999999</ele><time>2025-11-15T07:23:36Z</time></trkpt><trkpt lat="22.215921666666667" lon="114.02592166666666"><ele>4.9</ele><time>2025-11-15T07:23:38Z</time></trkpt><trkpt lat="22.215916666666665" lon="114.02590166666666"><ele>5.1</ele><time>2025-11-15T07:23:39Z</time></trkpt><trkpt lat="22.215916666666665" lon="114.02587166666666"><ele>5.1</ele><time>2025-11-15T07:23:41Z</time></trkpt><trkpt lat="22.215921666666667" lon="114.02584833333334"><ele>4.1</ele><time>2025-11-15T07:23:45Z</time></trkpt><trkpt lat="22.215903333333337" lon="114.025835"><ele>4.199999999999999</ele><time>2025-11-15T07:23:47Z</time></trkpt><trkpt lat="22.215885000000004" lon="114.02582499999998"><ele>4.6</ele><time>2025-11-15T07:23:49Z</time></trkpt><trkpt lat="22.21586666666667" lon="114.02581166666666"><ele>4.699999999999999</ele><time>2025-11-15T07:23:51Z</time></trkpt><trkpt lat="22.215856666666664" lon="114.02579166666668"><ele>5.1</ele><time>2025-11-15T07:23:53Z</time></trkpt><trkpt lat="22.215843333333336" lon="114.02577166666667"><ele>4.9</ele><time>2025-11-15T07:23:56Z</time></trkpt><trkpt lat="22.215835000000002" lon="114.02575"><ele>5.300000000000001</ele><time>2025-11-15T07:23:58Z</time></trkpt><trkpt lat="22.21582166666667" lon="114.02573333333333"><ele>6.0</ele><time>2025-11-15T07:24:01Z</time></trkpt><trkpt lat="22.215835000000002" lon="114.02572"><ele>6.9</ele><time>2025-11-15T07:24:04Z</time></trkpt><trkpt lat="22.21581666666667" lon="114.02570833333333"><ele>7.0</ele><time>2025-11-15T07:24:07Z</time></trkpt><trkpt lat="22.215799999999998" lon="114.02569999999999"><ele>6.800000000000001</ele><time>2025-11-15T07:24:09Z</time></trkpt><trkpt lat="22.21577666666667" lon="114.02567833333333"><ele>6.6</ele><time>2025-11-15T07:24:11Z</time></trkpt><trkpt lat="22.215756666666667" lon="114.02565833333334"><ele>5.800000000000001</ele><time>2025-11-15T07:24:13Z</time></trkpt><trkpt lat="22.215725" lon="114.02564833333332"><ele>5.800000000000001</ele><time>2025-11-15T07:24:15Z</time></trkpt><trkpt lat="22.215703333333334" lon="114.025635"><ele>6.0</ele><time>2025-11-15T07:24:17Z</time></trkpt><trkpt lat="22.215685" lon="114.02562333333331"><ele>6.4</ele><time>2025-11-15T07:24:19Z</time></trkpt><trkpt lat="22.215661666666666" lon="114.02561666666666"><ele>6.6</ele><time>2025-11-15T07:24:21Z</time></trkpt><trkpt lat="22.21563833333333" lon="114.02560833333334"><ele>6.5</ele><time>2025-11-15T07:24:23Z</time></trkpt><trkpt lat="22.215616666666666" lon="114.02560333333334"><ele>6.199999999999999</ele><time>2025-11-15T07:24:25Z</time></trkpt><trkpt lat="22.215595" lon="114.02558833333333"><ele>6.1</ele><time>2025-11-15T07:24:28Z</time></trkpt><trkpt lat="22.215576666666667" lon="114.02557499999999"><ele>5.800000000000001</ele><time>2025-11-15T07:24:30Z</time></trkpt><trkpt lat="22.21557833333333" lon="114.02555166666667"><ele>4.4</ele><time>2025-11-15T07:24:34Z</time></trkpt><trkpt lat="22.215555000000002" lon="114.02555"><ele>2.4</ele><time>2025-11-15T07:24:37Z</time></trkpt><trkpt lat="22.215526666666666" lon="114.025545"><ele>0.6999999999999997</ele><time>2025-11-15T07:24:40Z</time></trkpt><trkpt lat="22.21550333333333" lon="114.02553333333331"><ele>-0.40000000000000013</ele><time>2025-11-15T07:24:42Z</time></trkpt><trkpt lat="22.215480000000003" lon="114.025515"><ele>-1.1</ele><time>2025-11-15T07:24:44Z</time></trkpt><trkpt lat="22.215456666666668" lon="114.02550333333332"><ele>-1.7000000000000002</ele><time>2025-11-15T07:24:46Z</time></trkpt><trkpt lat="22.215433333333333" lon="114.02549833333333"><ele>-2.3</ele><time>2025-11-15T07:24:48Z</time></trkpt><trkpt lat="22.215408333333336" lon="114.02549166666668"><ele>-2.9000000000000004</ele><time>2025-11-15T07:24:50Z</time></trkpt><trkpt lat="22.21538666666667" lon="114.02548333333334"><ele>-3.1</ele><time>2025-11-15T07:24:52Z</time></trkpt><trkpt lat="22.215366666666668" lon="114.02548"><ele>-3.2</ele><time>2025-11-15T07:24:54Z</time></trkpt><trkpt lat="22.215348333333335" lon="114.02547666666666"><ele>-3.1</ele><time>2025-11-15T07:24:56Z</time></trkpt><trkpt lat="22.21533" lon="114.02547000000001"><ele>-3.0</ele><time>2025-11-15T07:24:58Z</time></trkpt><trkpt lat="22.21531" lon="114.02546666666667"><ele>-3.0</ele><time>2025-11-15T07:25:00Z</time></trkpt><trkpt lat="22.215291666666666" lon="114.02546666666667"><ele>-2.9000000000000004</ele><time>2025-11-15T07:25:02Z</time></trkpt><trkpt lat="22.215275" lon="114.025455"><ele>-2.5</ele><time>2025-11-15T07:25:05Z</time></trkpt><trkpt lat="22.215255000000003" lon="114.02545"><ele>-2.3</ele><time>2025-11-15T07:25:07Z</time></trkpt><trkpt lat="22.21523666666667" lon="114.025445"><ele>-2.2</ele><time>2025-11-15T07:25:09Z</time></trkpt><trkpt lat="22.21522" lon="114.02543499999999"><ele>-1.8</ele><time>2025-11-15T07:25:11Z</time></trkpt><trkpt lat="22.215201666666665" lon="114.025425"><ele>-1.5</ele><time>2025-11-15T07:25:13Z</time></trkpt><trkpt lat="22.215176666666668" lon="114.02541333333332"><ele>-1.2000000000000002</ele><time>2025-11-15T07:25:16Z</time></trkpt><trkpt lat="22.215154999999996" lon="114.02540499999999"><ele>-1.2000000000000002</ele><time>2025-11-15T07:25:18Z</time></trkpt><trkpt lat="22.215136666666663" lon="114.02539999999999"><ele>-1.1</ele><time>2025-11-15T07:25:20Z</time></trkpt><trkpt lat="22.21511333333334" lon="114.02539"><ele>-0.9000000000000001</ele><time>2025-11-15T07:25:23Z</time></trkpt><trkpt lat="22.215093333333336" lon="114.02538166666666"><ele>-1.0</ele><time>2025-11-15T07:25:25Z</time></trkpt><trkpt lat="22.21507" lon="114.02537666666667"><ele>-1.4000000000000001</ele><time>2025-11-15T07:25:27Z</time></trkpt><trkpt lat="22.215049999999998" lon="114.02537333333333"><ele>-1.8</ele><time>2025-11-15T07:25:29Z</time></trkpt><trkpt lat="22.215028333333333" lon="114.02537333333333"><ele>-2.2</ele><time>2025-11-15T07:25:31Z</time></trkpt><trkpt lat="22.215008333333337" lon="114.02537333333333"><ele>-2.4000000000000004</ele><time>2025-11-15T07:25:33Z</time></trkpt><trkpt lat="22.214986666666665" lon="114.02537333333333"><ele>-2.6</ele><time>2025-11-15T07:25:35Z</time></trkpt><trkpt lat="22.21496666666667" lon="114.02537499999998"><ele>-2.6</ele><time>2025-11-15T07:25:37Z</time></trkpt><trkpt lat="22.214946666666666" lon="114.02537666666667"><ele>-2.7</ele><time>2025-11-15T07:25:39Z</time></trkpt><trkpt lat="22.214956666666662" lon="114.02539499999999"><ele>-5.699999999999999</ele><time>2025-11-15T07:25:53Z</time></trkpt><trkpt lat="22.21496833333333" lon="114.02541333333332"><ele>-6.199999999999999</ele><time>2025-11-15T07:25:55Z</time></trkpt><trkpt lat="22.214983333333333" lon="114.025425"><ele>-6.800000000000001</ele><time>2025-11-15T07:25:59Z</time></trkpt><trkpt lat="22.214993333333336" lon="114.02540333333333"><ele>-11.2</ele><time>2025-11-15T07:26:20Z</time></trkpt><trkpt lat="22.214996666666668" lon="114.025425"><ele>-12.2</ele><time>2025-11-15T07:26:24Z</time></trkpt><trkpt lat="22.214976666666665" lon="114.02542833333334"><ele>-15.1</ele><time>2025-11-15T07:26:39Z</time></trkpt><trkpt lat="22.214963333333337" lon="114.02541333333332"><ele>-15.7</ele><time>2025-11-15T07:26:44Z</time></trkpt><trkpt lat="22.214946666666666" lon="114.02540166666668"><ele>-15.2</ele><time>2025-11-15T07:26:46Z</time></trkpt><trkpt lat="22.214925" lon="114.02539"><ele>-14.799999999999999</ele><time>2025-11-15T07:26:48Z</time></trkpt><trkpt lat="22.214901666666666" lon="114.02538666666666"><ele>-14.1</ele><time>2025-11-15T07:26:50Z</time></trkpt><trkpt lat="22.21487833333333" lon="114.02539333333334"><ele>-14.6</ele><time>2025-11-15T07:26:52Z</time></trkpt><trkpt lat="22.214858333333336" lon="114.02539166666665"><ele>-14.799999999999999</ele><time>2025-11-15T07:26:54Z</time></trkpt><trkpt lat="22.214840000000002" lon="114.02538833333334"><ele>-15.0</ele><time>2025-11-15T07:26:56Z</time></trkpt><trkpt lat="22.214821666666662" lon="114.025385"><ele>-15.1</ele><time>2025-11-15T07:26:58Z</time></trkpt><trkpt lat="22.214796666666665" lon="114.02538000000001"><ele>-14.799999999999999</ele><time>2025-11-15T07:27:00Z</time></trkpt><trkpt lat="22.214775" lon="114.02537666666667"><ele>-14.799999999999999</ele><time>2025-11-15T07:27:02Z</time></trkpt><trkpt lat="22.214748333333333" lon="114.02537333333333"><ele>-14.7</ele><time>2025-11-15T07:27:05Z</time></trkpt><trkpt lat="22.21472833333333" lon="114.02537166666667"><ele>-14.5</ele><time>2025-11-15T07:27:07Z</time></trkpt><trkpt lat="22.214703333333333" lon="114.02536833333333"><ele>-14.4</ele><time>2025-11-15T07:27:10Z</time></trkpt><trkpt lat="22.214693333333337" lon="114.02535166666667"><ele>-14.5</ele><time>2025-11-15T07:27:12Z</time></trkpt><trkpt lat="22.21467" lon="114.02533833333334"><ele>-14.1</ele><time>2025-11-15T07:27:15Z</time></trkpt><trkpt lat="22.214656666666663" lon="114.02532500000001"><ele>-13.9</ele><time>2025-11-15T07:27:17Z</time></trkpt><trkpt lat="22.21464166666666" lon="114.02531333333333"><ele>-13.7</ele><time>2025-11-15T07:27:19Z</time></trkpt><trkpt lat="22.214626666666664" lon="114.02530166666665"><ele>-13.5</ele><time>2025-11-15T07:27:21Z</time></trkpt><trkpt lat="22.21460833333333" lon="114.02529000000001"><ele>-13.1</ele><time>2025-11-15T07:27:23Z</time></trkpt><trkpt lat="22.214589999999998" lon="114.02527833333333"><ele>-12.6</ele><time>2025-11-15T07:27:25Z</time></trkpt><trkpt lat="22.214573333333338" lon="114.025265"><ele>-12.2</ele><time>2025-11-15T07:27:27Z</time></trkpt><trkpt lat="22.214558333333336" lon="114.02524999999999"><ele>-11.9</ele><time>2025-11-15T07:27:29Z</time></trkpt><trkpt lat="22.214544999999998" lon="114.02523333333332"><ele>-11.7</ele><time>2025-11-15T07:27:31Z</time></trkpt><trkpt lat="22.214533333333332" lon="114.02521833333334"><ele>-11.799999999999999</ele><time>2025-11-15T07:27:33Z</time></trkpt><trkpt lat="22.214521666666663" lon="114.02519833333332"><ele>-11.6</ele><time>2025-11-15T07:27:35Z</time></trkpt><trkpt lat="22.214510000000004" lon="114.02517833333334"><ele>-11.2</ele><time>2025-11-15T07:27:37Z</time></trkpt><trkpt lat="22.214498333333335" lon="114.02515833333334"><ele>-10.9</ele><time>2025-11-15T07:27:39Z</time></trkpt><trkpt lat="22.21448666666667" lon="114.02514333333332"><ele>-10.4</ele><time>2025-11-15T07:27:41Z</time></trkpt><trkpt lat="22.214471666666668" lon="114.02513166666668"><ele>-10.4</ele><time>2025-11-15T07:27:43Z</time></trkpt><trkpt lat="22.214456666666667" lon="114.025115"><ele>-10.299999999999999</ele><time>2025-11-15T07:27:45Z</time></trkpt><trkpt lat="22.21444333333333" lon="114.02509666666668"><ele>-10.2</ele><time>2025-11-15T07:27:47Z</time></trkpt><trkpt lat="22.214433333333332" lon="114.02507833333333"><ele>-9.9</ele><time>2025-11-15T07:27:49Z</time></trkpt><trkpt lat="22.214421666666667" lon="114.02506"><ele>-9.6</ele><time>2025-11-15T07:27:51Z</time></trkpt><trkpt lat="22.214409999999997" lon="114.02504333333333"><ele>-9.3</ele><time>2025-11-15T07:27:53Z</time></trkpt><trkpt lat="22.214393333333337" lon="114.02502166666666"><ele>-9.2</ele><time>2025-11-15T07:27:56Z</time></trkpt><trkpt lat="22.214381666666668" lon="114.025005"><ele>-9.0</ele><time>2025-11-15T07:27:58Z</time></trkpt><trkpt lat="22.21437" lon="114.02498833333333"><ele>-8.9</ele><time>2025-11-15T07:28:00Z</time></trkpt><trkpt lat="22.214356666666664" lon="114.02497333333334"><ele>-8.8</ele><time>2025-11-15T07:28:02Z</time></trkpt><trkpt lat="22.214346666666664" lon="114.02495666666667"><ele>-8.7</ele><time>2025-11-15T07:28:04Z</time></trkpt><trkpt lat="22.214333333333336" lon="114.02494333333334"><ele>-8.6</ele><time>2025-11-15T07:28:06Z</time></trkpt><trkpt lat="22.21430666666667" lon="114.024935"><ele>-10.7</ele><time>2025-11-15T07:28:11Z</time></trkpt><trkpt lat="22.214288333333336" lon="114.02492"><ele>-11.9</ele><time>2025-11-15T07:28:13Z</time></trkpt><trkpt lat="22.214273333333335" lon="114.02490666666667"><ele>-12.7</ele><time>2025-11-15T07:28:15Z</time></trkpt><trkpt lat="22.21426" lon="114.02488999999998"><ele>-13.299999999999999</ele><time>2025-11-15T07:28:17Z</time></trkpt><trkpt lat="22.214241666666666" lon="114.02487333333332"><ele>-13.799999999999999</ele><time>2025-11-15T07:28:20Z</time></trkpt><trkpt lat="22.214228333333335" lon="114.02485999999999"><ele>-13.799999999999999</ele><time>2025-11-15T07:28:22Z</time></trkpt><trkpt lat="22.21421666666667" lon="114.02484166666666"><ele>-13.7</ele><time>2025-11-15T07:28:24Z</time></trkpt><trkpt lat="22.21420666666667" lon="114.02482499999999"><ele>-13.299999999999999</ele><time>2025-11-15T07:28:26Z</time></trkpt><trkpt lat="22.214196666666666" lon="114.02480666666666"><ele>-12.9</ele><time>2025-11-15T07:28:28Z</time></trkpt><trkpt lat="22.214183333333335" lon="114.02478666666666"><ele>-11.9</ele><time>2025-11-15T07:28:30Z</time></trkpt><trkpt lat="22.21417" lon="114.02476166666665"><ele>-10.5</ele><time>2025-11-15T07:28:32Z</time></trkpt><trkpt lat="22.21416166666667" lon="114.02473666666668"><ele>-9.6</ele><time>2025-11-15T07:28:34Z</time></trkpt><trkpt lat="22.214151666666666" lon="114.02471333333332"><ele>-8.5</ele><time>2025-11-15T07:28:36Z</time></trkpt><trkpt lat="22.214139999999997" lon="114.02469500000001"><ele>-7.699999999999999</ele><time>2025-11-15T07:28:38Z</time></trkpt><trkpt lat="22.214133333333333" lon="114.02467"><ele>-7.300000000000001</ele><time>2025-11-15T07:28:40Z</time></trkpt><trkpt lat="22.214125" lon="114.02465166666667"><ele>-6.699999999999999</ele><time>2025-11-15T07:28:42Z</time></trkpt><trkpt lat="22.214115" lon="114.02463333333331"><ele>-6.300000000000001</ele><time>2025-11-15T07:28:44Z</time></trkpt><trkpt lat="22.21410166666667" lon="114.02461666666667"><ele>-5.800000000000001</ele><time>2025-11-15T07:28:46Z</time></trkpt><trkpt lat="22.214091666666665" lon="114.0246"><ele>-5.300000000000001</ele><time>2025-11-15T07:28:48Z</time></trkpt><trkpt lat="22.214076666666664" lon="114.024575"><ele>-4.800000000000001</ele><time>2025-11-15T07:28:51Z</time></trkpt><trkpt lat="22.214063333333335" lon="114.02455666666668"><ele>-4.6</ele><time>2025-11-15T07:28:53Z</time></trkpt><trkpt lat="22.21404" lon="114.024545"><ele>-4.6</ele><time>2025-11-15T07:28:56Z</time></trkpt><trkpt lat="22.214021666666667" lon="114.02454000000002"><ele>-4.4</ele><time>2025-11-15T07:28:58Z</time></trkpt><trkpt lat="22.214001666666665" lon="114.02453166666668"><ele>-4.1</ele><time>2025-11-15T07:29:01Z</time></trkpt><trkpt lat="22.21397833333333" lon="114.02452666666667"><ele>-4.0</ele><time>2025-11-15T07:29:04Z</time></trkpt><trkpt lat="22.213959999999997" lon="114.02451833333335"><ele>-4.1</ele><time>2025-11-15T07:29:06Z</time></trkpt><trkpt lat="22.21393833333333" lon="114.02450166666668"><ele>-4.0</ele><time>2025-11-15T07:29:09Z</time></trkpt><trkpt lat="22.213919999999998" lon="114.02448666666666"><ele>-4.4</ele><time>2025-11-15T07:29:12Z</time></trkpt><trkpt lat="22.21390333333333" lon="114.02447500000001"><ele>-4.6</ele><time>2025-11-15T07:29:14Z</time></trkpt><trkpt lat="22.21388833333333" lon="114.02446"><ele>-4.6</ele><time>2025-11-15T07:29:16Z</time></trkpt><trkpt lat="22.213880000000003" lon="114.02443999999998"><ele>-4.9</ele><time>2025-11-15T07:29:18Z</time></trkpt><trkpt lat="22.213865000000002" lon="114.02442833333335"><ele>-5.2</ele><time>2025-11-15T07:29:20Z</time></trkpt><trkpt lat="22.21384833333333" lon="114.02441333333333"><ele>-5.6</ele><time>2025-11-15T07:29:22Z</time></trkpt><trkpt lat="22.21383166666667" lon="114.02439166666666"><ele>-6.199999999999999</ele><time>2025-11-15T07:29:25Z</time></trkpt><trkpt lat="22.213818333333332" lon="114.02437499999999"><ele>-6.199999999999999</ele><time>2025-11-15T07:29:27Z</time></trkpt><trkpt lat="22.213806666666663" lon="114.02434999999998"><ele>-6.5</ele><time>2025-11-15T07:29:29Z</time></trkpt><trkpt lat="22.2138" lon="114.02432333333333"><ele>-6.5</ele><time>2025-11-15T07:29:31Z</time></trkpt><trkpt lat="22.213790000000003" lon="114.02429666666667"><ele>-6.4</ele><time>2025-11-15T07:29:33Z</time></trkpt><trkpt lat="22.213781666666666" lon="114.02427833333334"><ele>-5.699999999999999</ele><time>2025-11-15T07:29:35Z</time></trkpt><trkpt lat="22.213766666666668" lon="114.02426500000001"><ele>-5.300000000000001</ele><time>2025-11-15T07:29:37Z</time></trkpt><trkpt lat="22.21375666666667" lon="114.02424500000001"><ele>-4.6</ele><time>2025-11-15T07:29:39Z</time></trkpt><trkpt lat="22.213745000000003" lon="114.02422666666668"><ele>-3.8000000000000003</ele><time>2025-11-15T07:29:41Z</time></trkpt><trkpt lat="22.213723333333338" lon="114.024215"><ele>-3.0</ele><time>2025-11-15T07:29:44Z</time></trkpt><trkpt lat="22.213701666666665" lon="114.02420666666667"><ele>-2.4000000000000004</ele><time>2025-11-15T07:29:47Z</time></trkpt><trkpt lat="22.213683333333332" lon="114.02419833333333"><ele>-1.9000000000000001</ele><time>2025-11-15T07:29:49Z</time></trkpt><trkpt lat="22.213665" lon="114.024185"><ele>-1.7000000000000002</ele><time>2025-11-15T07:29:51Z</time></trkpt><trkpt lat="22.21364" lon="114.02416999999998"><ele>-1.9000000000000001</ele><time>2025-11-15T07:29:54Z</time></trkpt><trkpt lat="22.21362333333333" lon="114.02416"><ele>-2.1</ele><time>2025-11-15T07:29:56Z</time></trkpt><trkpt lat="22.213604999999998" lon="114.02414833333333"><ele>-2.1</ele><time>2025-11-15T07:29:58Z</time></trkpt><trkpt lat="22.213583333333336" lon="114.02413499999999"><ele>-2.4000000000000004</ele><time>2025-11-15T07:30:01Z</time></trkpt><trkpt lat="22.213563333333333" lon="114.02413"><ele>-2.5</ele><time>2025-11-15T07:30:03Z</time></trkpt><trkpt lat="22.213543333333337" lon="114.02412666666666"><ele>-2.6</ele><time>2025-11-15T07:30:05Z</time></trkpt><trkpt lat="22.213521666666665" lon="114.02412666666666"><ele>-2.6</ele><time>2025-11-15T07:30:07Z</time></trkpt><trkpt lat="22.21350166666667" lon="114.02412666666666"><ele>-2.7</ele><time>2025-11-15T07:30:09Z</time></trkpt><trkpt lat="22.213479999999997" lon="114.02413"><ele>-2.7</ele><time>2025-11-15T07:30:11Z</time></trkpt><trkpt lat="22.21346" lon="114.02412833333334"><ele>-2.7</ele><time>2025-11-15T07:30:13Z</time></trkpt><trkpt lat="22.21344" lon="114.02413999999999"><ele>-2.4000000000000004</ele><time>2025-11-15T07:30:15Z</time></trkpt><trkpt lat="22.213415" lon="114.02414333333333"><ele>-2.0</ele><time>2025-11-15T07:30:17Z</time></trkpt><trkpt lat="22.213391666666666" lon="114.02415166666667"><ele>-1.5</ele><time>2025-11-15T07:30:19Z</time></trkpt><trkpt lat="22.213371666666664" lon="114.02415666666666"><ele>-1.1</ele><time>2025-11-15T07:30:21Z</time></trkpt><trkpt lat="22.21335333333333" lon="114.02415666666666"><ele>-0.40000000000000013</ele><time>2025-11-15T07:30:23Z</time></trkpt><trkpt lat="22.213333333333335" lon="114.02415666666666"><ele>0.0</ele><time>2025-11-15T07:30:25Z</time></trkpt><trkpt lat="22.213313333333335" lon="114.02415500000001"><ele>-0.30000000000000004</ele><time>2025-11-15T07:30:28Z</time></trkpt><trkpt lat="22.21329166666667" lon="114.02415333333332"><ele>-0.9000000000000001</ele><time>2025-11-15T07:30:32Z</time></trkpt><trkpt lat="22.213266666666662" lon="114.02415333333332"><ele>-1.4000000000000001</ele><time>2025-11-15T07:30:35Z</time></trkpt><trkpt lat="22.213243333333335" lon="114.02415500000001"><ele>-1.8</ele><time>2025-11-15T07:30:37Z</time></trkpt><trkpt lat="22.213216666666668" lon="114.02415333333332"><ele>-2.2</ele><time>2025-11-15T07:30:39Z</time></trkpt><trkpt lat="22.213198333333334" lon="114.02415500000001"><ele>-2.4000000000000004</ele><time>2025-11-15T07:30:41Z</time></trkpt><trkpt lat="22.21317333333333" lon="114.02416166666666"><ele>-2.0</ele><time>2025-11-15T07:30:44Z</time></trkpt><trkpt lat="22.213154999999997" lon="114.02417333333332"><ele>-2.0</ele><time>2025-11-15T07:30:46Z</time></trkpt><trkpt lat="22.21312833333333" lon="114.02417500000001"><ele>-1.3</ele><time>2025-11-15T07:30:49Z</time></trkpt><trkpt lat="22.213108333333334" lon="114.02417500000001"><ele>-0.9000000000000001</ele><time>2025-11-15T07:30:51Z</time></trkpt><trkpt lat="22.213088333333335" lon="114.02417333333332"><ele>-0.6000000000000001</ele><time>2025-11-15T07:30:53Z</time></trkpt><trkpt lat="22.213070000000002" lon="114.02417333333332"><ele>-0.30000000000000004</ele><time>2025-11-15T07:30:55Z</time></trkpt><trkpt lat="22.213045000000005" lon="114.02417500000001"><ele>0.09999999999999987</ele><time>2025-11-15T07:30:58Z</time></trkpt><trkpt lat="22.213025000000002" lon="114.02417500000001"><ele>0.6000000000000001</ele><time>2025-11-15T07:31:00Z</time></trkpt><trkpt lat="22.213000000000005" lon="114.02417333333332"><ele>1.1999999999999997</ele><time>2025-11-15T07:31:02Z</time></trkpt><trkpt lat="22.212973333333334" lon="114.02417166666667"><ele>2.0</ele><time>2025-11-15T07:31:04Z</time></trkpt><trkpt lat="22.21295166666666" lon="114.02415833333335"><ele>2.4999999999999996</ele><time>2025-11-15T07:31:06Z</time></trkpt><trkpt lat="22.212933333333332" lon="114.02414666666667"><ele>2.1999999999999997</ele><time>2025-11-15T07:31:08Z</time></trkpt><trkpt lat="22.212910000000004" lon="114.02413999999999"><ele>2.1999999999999997</ele><time>2025-11-15T07:31:11Z</time></trkpt><trkpt lat="22.212891666666664" lon="114.02413499999999"><ele>2.6</ele><time>2025-11-15T07:31:13Z</time></trkpt><trkpt lat="22.212880000000002" lon="114.02411666666667"><ele>2.4999999999999996</ele><time>2025-11-15T07:31:15Z</time></trkpt><trkpt lat="22.212868333333336" lon="114.02410166666665"><ele>2.6999999999999997</ele><time>2025-11-15T07:31:17Z</time></trkpt><trkpt lat="22.212850000000003" lon="114.024095"><ele>2.9999999999999996</ele><time>2025-11-15T07:31:20Z</time></trkpt><trkpt lat="22.21282666666667" lon="114.024075"><ele>2.3</ele><time>2025-11-15T07:31:23Z</time></trkpt><trkpt lat="22.212803333333333" lon="114.02406"><ele>2.0</ele><time>2025-11-15T07:31:25Z</time></trkpt><trkpt lat="22.212776666666667" lon="114.02405833333333"><ele>1.6</ele><time>2025-11-15T07:31:27Z</time></trkpt><trkpt lat="22.212760000000003" lon="114.02404833333334"><ele>1.0</ele><time>2025-11-15T07:31:30Z</time></trkpt><trkpt lat="22.212736666666668" lon="114.02404166666665"><ele>0.5</ele><time>2025-11-15T07:31:33Z</time></trkpt><trkpt lat="22.212713333333333" lon="114.02403666666666"><ele>0.5</ele><time>2025-11-15T07:31:35Z</time></trkpt><trkpt lat="22.212686666666666" lon="114.02403666666666"><ele>0.6999999999999997</ele><time>2025-11-15T07:31:38Z</time></trkpt><trkpt lat="22.212665" lon="114.02402666666667"><ele>0.6000000000000001</ele><time>2025-11-15T07:31:40Z</time></trkpt><trkpt lat="22.212645" lon="114.02401499999999"><ele>0.3999999999999999</ele><time>2025-11-15T07:31:42Z</time></trkpt><trkpt lat="22.212623333333333" lon="114.02400333333331"><ele>0.0</ele><time>2025-11-15T07:31:45Z</time></trkpt><trkpt lat="22.21260333333333" lon="114.02399166666667"><ele>-0.20000000000000018</ele><time>2025-11-15T07:31:47Z</time></trkpt><trkpt lat="22.212584999999997" lon="114.02397833333335"><ele>-0.6000000000000001</ele><time>2025-11-15T07:31:49Z</time></trkpt><trkpt lat="22.212569999999996" lon="114.02396500000002"><ele>-0.8</ele><time>2025-11-15T07:31:51Z</time></trkpt><trkpt lat="22.212553333333336" lon="114.02394833333334"><ele>0.3999999999999999</ele><time>2025-11-15T07:31:57Z</time></trkpt><trkpt lat="22.21253166666667" lon="114.02395499999999"><ele>0.5</ele><time>2025-11-15T07:31:59Z</time></trkpt><trkpt lat="22.212518333333332" lon="114.02396833333333"><ele>0.5</ele><time>2025-11-15T07:32:02Z</time></trkpt><trkpt lat="22.2125" lon="114.02397500000001"><ele>0.2999999999999998</ele><time>2025-11-15T07:32:05Z</time></trkpt><trkpt lat="22.212478333333333" lon="114.02399166666667"><ele>0.2999999999999998</ele><time>2025-11-15T07:32:08Z</time></trkpt><trkpt lat="22.212458333333334" lon="114.02400333333331"><ele>-0.20000000000000018</ele><time>2025-11-15T07:32:11Z</time></trkpt><trkpt lat="22.21243666666667" lon="114.02401166666665"><ele>-0.7000000000000001</ele><time>2025-11-15T07:32:14Z</time></trkpt><trkpt lat="22.21241166666667" lon="114.02401333333334"><ele>-1.0</ele><time>2025-11-15T07:32:16Z</time></trkpt><trkpt lat="22.21239333333333" lon="114.02401666666668"><ele>-0.9000000000000001</ele><time>2025-11-15T07:32:18Z</time></trkpt><trkpt lat="22.212368333333334" lon="114.02400333333331"><ele>-0.9000000000000001</ele><time>2025-11-15T07:32:21Z</time></trkpt><trkpt lat="22.212343333333333" lon="114.02399333333332"><ele>-0.7000000000000001</ele><time>2025-11-15T07:32:24Z</time></trkpt><trkpt lat="22.212314999999997" lon="114.02399666666666"><ele>-1.3</ele><time>2025-11-15T07:32:27Z</time></trkpt><trkpt lat="22.21229333333333" lon="114.02400666666666"><ele>-1.5</ele><time>2025-11-15T07:32:29Z</time></trkpt><trkpt lat="22.212268333333334" lon="114.02402"><ele>-1.8</ele><time>2025-11-15T07:32:32Z</time></trkpt><trkpt lat="22.21225" lon="114.02402500000001"><ele>-2.2</ele><time>2025-11-15T07:32:34Z</time></trkpt><trkpt lat="22.212229999999998" lon="114.02403333333332"><ele>-2.9000000000000004</ele><time>2025-11-15T07:32:36Z</time></trkpt><trkpt lat="22.212208333333333" lon="114.02404166666665"><ele>-3.6</ele><time>2025-11-15T07:32:39Z</time></trkpt><trkpt lat="22.212183333333336" lon="114.02405500000002"><ele>-3.8000000000000003</ele><time>2025-11-15T07:32:42Z</time></trkpt><trkpt lat="22.21216666666667" lon="114.02407166666666"><ele>-4.0</ele><time>2025-11-15T07:32:44Z</time></trkpt><trkpt lat="22.212146666666666" lon="114.02409666666667"><ele>-3.9</ele><time>2025-11-15T07:32:46Z</time></trkpt><trkpt lat="22.212133333333334" lon="114.02411"><ele>-3.8000000000000003</ele><time>2025-11-15T07:32:47Z</time></trkpt><trkpt lat="22.21211333333333" lon="114.02413666666668"><ele>-3.6</ele><time>2025-11-15T07:32:49Z</time></trkpt><trkpt lat="22.212101666666666" lon="114.02415166666667"><ele>-3.6</ele><time>2025-11-15T07:32:50Z</time></trkpt><trkpt lat="22.21208" lon="114.02418000000002"><ele>-3.3</ele><time>2025-11-15T07:32:52Z</time></trkpt><trkpt lat="22.212063333333337" lon="114.02419666666668"><ele>-3.0</ele><time>2025-11-15T07:32:54Z</time></trkpt><trkpt lat="22.212046666666666" lon="114.02420833333332"><ele>-3.4000000000000004</ele><time>2025-11-15T07:32:56Z</time></trkpt><trkpt lat="22.212031666666668" lon="114.02422333333334"><ele>-4.1</ele><time>2025-11-15T07:32:59Z</time></trkpt><trkpt lat="22.21202" lon="114.02423833333333"><ele>-4.6</ele><time>2025-11-15T07:33:02Z</time></trkpt><trkpt lat="22.211998333333334" lon="114.02423166666668"><ele>-5.6</ele><time>2025-11-15T07:33:05Z</time></trkpt><trkpt lat="22.211975" lon="114.02423833333333"><ele>-7.4</ele><time>2025-11-15T07:33:08Z</time></trkpt><trkpt lat="22.211966666666665" lon="114.02425999999998"><ele>-6.9</ele><time>2025-11-15T07:33:10Z</time></trkpt><trkpt lat="22.211959999999998" lon="114.02428833333333"><ele>-6.5</ele><time>2025-11-15T07:33:12Z</time></trkpt><trkpt lat="22.211953333333334" lon="114.02431499999999"><ele>-5.9</ele><time>2025-11-15T07:33:14Z</time></trkpt><trkpt lat="22.211943333333338" lon="114.02434"><ele>-5.4</ele><time>2025-11-15T07:33:16Z</time></trkpt><trkpt lat="22.211938333333332" lon="114.024365"><ele>-5.0</ele><time>2025-11-15T07:33:18Z</time></trkpt><trkpt lat="22.21193333333333" lon="114.02438833333332"><ele>-4.6</ele><time>2025-11-15T07:33:20Z</time></trkpt><trkpt lat="22.211923333333335" lon="114.02441166666668"><ele>-4.0</ele><time>2025-11-15T07:33:22Z</time></trkpt><trkpt lat="22.211905" lon="114.02442500000001"><ele>-5.2</ele><time>2025-11-15T07:33:25Z</time></trkpt><trkpt lat="22.211903333333332" lon="114.02444500000001"><ele>-5.0</ele><time>2025-11-15T07:33:27Z</time></trkpt><trkpt lat="22.211911666666666" lon="114.02447166666667"><ele>-4.800000000000001</ele><time>2025-11-15T07:33:29Z</time></trkpt><trkpt lat="22.211921666666665" lon="114.02449833333334"><ele>-4.9</ele><time>2025-11-15T07:33:31Z</time></trkpt><trkpt lat="22.211928333333336" lon="114.02452166666666"><ele>-5.0</ele><time>2025-11-15T07:33:33Z</time></trkpt><trkpt lat="22.21193166666667" lon="114.02454666666667"><ele>-5.0</ele><time>2025-11-15T07:33:35Z</time></trkpt><trkpt lat="22.211938333333332" lon="114.02457333333332"><ele>-4.7</ele><time>2025-11-15T07:33:37Z</time></trkpt><trkpt lat="22.211945" lon="114.02459833333333"><ele>-4.5</ele><time>2025-11-15T07:33:39Z</time></trkpt><trkpt lat="22.211954999999996" lon="114.02462333333332"><ele>-4.300000000000001</ele><time>2025-11-15T07:33:41Z</time></trkpt><trkpt lat="22.211958333333335" lon="114.02464499999999"><ele>-4.5</ele><time>2025-11-15T07:33:43Z</time></trkpt><trkpt lat="22.211958333333335" lon="114.02466833333334"><ele>-5.0</ele><time>2025-11-15T07:33:45Z</time></trkpt><trkpt lat="22.211958333333335" lon="114.02469333333332"><ele>-5.4</ele><time>2025-11-15T07:33:47Z</time></trkpt><trkpt lat="22.211963333333333" lon="114.02472000000002"><ele>-5.699999999999999</ele><time>2025-11-15T07:33:49Z</time></trkpt><trkpt lat="22.211969999999997" lon="114.02474"><ele>-5.800000000000001</ele><time>2025-11-15T07:33:50Z</time></trkpt><trkpt lat="22.21197666666667" lon="114.02476"><ele>-4.7</ele><time>2025-11-15T07:33:51Z</time></trkpt><trkpt lat="22.211986666666668" lon="114.02478833333335"><ele>-3.6</ele><time>2025-11-15T07:33:53Z</time></trkpt><trkpt lat="22.211988333333338" lon="114.024815"><ele>-2.3</ele><time>2025-11-15T07:33:55Z</time></trkpt><trkpt lat="22.211993333333332" lon="114.02483833333332"><ele>-0.7000000000000001</ele><time>2025-11-15T07:33:58Z</time></trkpt><trkpt lat="22.211999999999996" lon="114.02486166666668"><ele>0.7999999999999998</ele><time>2025-11-15T07:34:00Z</time></trkpt><trkpt lat="22.212003333333335" lon="114.024885"><ele>2.8000000000000003</ele><time>2025-11-15T07:34:02Z</time></trkpt><trkpt lat="22.21200666666667" lon="114.02490833333334"><ele>4.6</ele><time>2025-11-15T07:34:04Z</time></trkpt><trkpt lat="22.212004999999998" lon="114.02492833333332"><ele>5.6</ele><time>2025-11-15T07:34:06Z</time></trkpt><trkpt lat="22.211999999999996" lon="114.02495333333333"><ele>6.6</ele><time>2025-11-15T07:34:08Z</time></trkpt><trkpt lat="22.21202" lon="114.02496500000001"><ele>7.1</ele><time>2025-11-15T07:34:10Z</time></trkpt><trkpt lat="22.212038333333332" lon="114.02497999999999"><ele>7.0</ele><time>2025-11-15T07:34:12Z</time></trkpt><trkpt lat="22.212053333333333" lon="114.024995"><ele>6.5</ele><time>2025-11-15T07:34:14Z</time></trkpt><trkpt lat="22.212046666666666" lon="114.02501833333332"><ele>5.9</ele><time>2025-11-15T07:34:17Z</time></trkpt><trkpt lat="22.212044999999996" lon="114.02504333333333"><ele>5.300000000000001</ele><time>2025-11-15T07:34:19Z</time></trkpt><trkpt lat="22.212043333333334" lon="114.02506833333334"><ele>4.699999999999999</ele><time>2025-11-15T07:34:21Z</time></trkpt><trkpt lat="22.21205166666667" lon="114.02508666666667"><ele>3.9999999999999996</ele><time>2025-11-15T07:34:23Z</time></trkpt><trkpt lat="22.212058333333335" lon="114.02511000000001"><ele>3.4</ele><time>2025-11-15T07:34:25Z</time></trkpt><trkpt lat="22.212061666666667" lon="114.02513333333333"><ele>2.4999999999999996</ele><time>2025-11-15T07:34:27Z</time></trkpt><trkpt lat="22.212071666666663" lon="114.02515166666666"><ele>1.7999999999999998</ele><time>2025-11-15T07:34:29Z</time></trkpt><trkpt lat="22.212083333333332" lon="114.02517333333331"><ele>0.6000000000000001</ele><time>2025-11-15T07:34:32Z</time></trkpt><trkpt lat="22.212094999999998" lon="114.02519666666667"><ele>-0.10000000000000009</ele><time>2025-11-15T07:34:34Z</time></trkpt><trkpt lat="22.21209666666667" lon="114.02522499999999"><ele>-0.40000000000000013</ele><time>2025-11-15T07:34:36Z</time></trkpt><trkpt lat="22.212086666666664" lon="114.02524666666667"><ele>-0.9000000000000001</ele><time>2025-11-15T07:34:38Z</time></trkpt><trkpt lat="22.21206666666667" lon="114.02526333333331"><ele>-1.7000000000000002</ele><time>2025-11-15T07:34:40Z</time></trkpt><trkpt lat="22.212044999999996" lon="114.02527666666668"><ele>-2.2</ele><time>2025-11-15T07:34:42Z</time></trkpt><trkpt lat="22.212013333333335" lon="114.02528499999998"><ele>-2.8</ele><time>2025-11-15T07:34:44Z</time></trkpt><trkpt lat="22.21197833333333" lon="114.02529333333332"><ele>-2.8</ele><time>2025-11-15T07:34:46Z</time></trkpt><trkpt lat="22.211948333333332" lon="114.02530666666668"><ele>-2.7</ele><time>2025-11-15T07:34:48Z</time></trkpt><trkpt lat="22.211924999999997" lon="114.02530666666668"><ele>-2.8</ele><time>2025-11-15T07:34:50Z</time></trkpt><trkpt lat="22.21190166666667" lon="114.02530833333334"><ele>-2.7</ele><time>2025-11-15T07:34:53Z</time></trkpt><trkpt lat="22.211885" lon="114.02531666666667"><ele>-2.6</ele><time>2025-11-15T07:34:57Z</time></trkpt><trkpt lat="22.211868333333335" lon="114.02532833333335"><ele>-2.8</ele><time>2025-11-15T07:35:00Z</time></trkpt><trkpt lat="22.211863333333334" lon="114.025355"><ele>-3.3</ele><time>2025-11-15T07:35:03Z</time></trkpt><trkpt lat="22.211868333333335" lon="114.02538333333332"><ele>-4.0</ele><time>2025-11-15T07:35:06Z</time></trkpt><trkpt lat="22.211864999999996" lon="114.02540833333333"><ele>-4.0</ele><time>2025-11-15T07:35:09Z</time></trkpt><trkpt lat="22.211866666666666" lon="114.02542833333334"><ele>-4.0</ele><time>2025-11-15T07:35:11Z</time></trkpt><trkpt lat="22.211863333333334" lon="114.02544833333334"><ele>-4.300000000000001</ele><time>2025-11-15T07:35:13Z</time></trkpt><trkpt lat="22.211864999999996" lon="114.02547333333332"><ele>-4.6</ele><time>2025-11-15T07:35:15Z</time></trkpt><trkpt lat="22.211863333333334" lon="114.02549333333333"><ele>-4.7</ele><time>2025-11-15T07:35:17Z</time></trkpt><trkpt lat="22.211863333333334" lon="114.02551333333334"><ele>-4.7</ele><time>2025-11-15T07:35:19Z</time></trkpt><trkpt lat="22.211863333333334" lon="114.02553333333331"><ele>-4.800000000000001</ele><time>2025-11-15T07:35:22Z</time></trkpt><trkpt lat="22.211858333333332" lon="114.02556166666666"><ele>-5.2</ele><time>2025-11-15T07:35:25Z</time></trkpt><trkpt lat="22.211863333333334" lon="114.02558333333333"><ele>-5.5</ele><time>2025-11-15T07:35:27Z</time></trkpt><trkpt lat="22.211868333333335" lon="114.02560833333334"><ele>-5.800000000000001</ele><time>2025-11-15T07:35:30Z</time></trkpt><trkpt lat="22.211861666666664" lon="114.02563"><ele>-6.0</ele><time>2025-11-15T07:35:33Z</time></trkpt><trkpt lat="22.211868333333335" lon="114.02565333333332"><ele>-6.699999999999999</ele><time>2025-11-15T07:35:36Z</time></trkpt><trkpt lat="22.211869999999998" lon="114.02568166666667"><ele>-6.6</ele><time>2025-11-15T07:35:39Z</time></trkpt><trkpt lat="22.211869999999998" lon="114.02570166666668"><ele>-6.699999999999999</ele><time>2025-11-15T07:35:41Z</time></trkpt><trkpt lat="22.211879999999997" lon="114.02572"><ele>-6.800000000000001</ele><time>2025-11-15T07:35:43Z</time></trkpt><trkpt lat="22.211885" lon="114.025745"><ele>-7.1</ele><time>2025-11-15T07:35:45Z</time></trkpt><trkpt lat="22.211885" lon="114.02577166666667"><ele>-7.1</ele><time>2025-11-15T07:35:47Z</time></trkpt><trkpt lat="22.21188666666667" lon="114.02579833333333"><ele>-7.4</ele><time>2025-11-15T07:35:49Z</time></trkpt><trkpt lat="22.211893333333332" lon="114.02582166666667"><ele>-7.9</ele><time>2025-11-15T07:35:52Z</time></trkpt><trkpt lat="22.21190166666667" lon="114.02584"><ele>-8.1</ele><time>2025-11-15T07:35:54Z</time></trkpt><trkpt lat="22.211905" lon="114.02586333333332"><ele>-8.3</ele><time>2025-11-15T07:35:56Z</time></trkpt><trkpt lat="22.211914999999998" lon="114.02588499999999"><ele>-8.4</ele><time>2025-11-15T07:35:58Z</time></trkpt><trkpt lat="22.211924999999997" lon="114.02590333333335"><ele>-8.3</ele><time>2025-11-15T07:36:00Z</time></trkpt><trkpt lat="22.211939999999995" lon="114.02592166666666"><ele>-8.1</ele><time>2025-11-15T07:36:03Z</time></trkpt><trkpt lat="22.211951666666664" lon="114.02594333333333"><ele>-7.0</ele><time>2025-11-15T07:36:06Z</time></trkpt><trkpt lat="22.211951666666664" lon="114.02596833333334"><ele>-5.699999999999999</ele><time>2025-11-15T07:36:09Z</time></trkpt><trkpt lat="22.211954999999996" lon="114.02599166666666"><ele>-4.7</ele><time>2025-11-15T07:36:12Z</time></trkpt><trkpt lat="22.21195" lon="114.026015"><ele>-4.6</ele><time>2025-11-15T07:36:14Z</time></trkpt><trkpt lat="22.211945" lon="114.02603833333333"><ele>-4.7</ele><time>2025-11-15T07:36:16Z</time></trkpt><trkpt lat="22.211941666666668" lon="114.02606499999999"><ele>-5.2</ele><time>2025-11-15T07:36:18Z</time></trkpt><trkpt lat="22.211943333333338" lon="114.02609166666667"><ele>-6.0</ele><time>2025-11-15T07:36:21Z</time></trkpt><trkpt lat="22.21195" lon="114.02611499999999"><ele>-6.6</ele><time>2025-11-15T07:36:23Z</time></trkpt><trkpt lat="22.211954999999996" lon="114.02613833333335"><ele>-6.9</ele><time>2025-11-15T07:36:25Z</time></trkpt><trkpt lat="22.211965000000003" lon="114.02616000000002"><ele>-7.6</ele><time>2025-11-15T07:36:28Z</time></trkpt><trkpt lat="22.211969999999997" lon="114.02618"><ele>-8.1</ele><time>2025-11-15T07:36:30Z</time></trkpt><trkpt lat="22.211971666666667" lon="114.02620666666665"><ele>-8.4</ele><time>2025-11-15T07:36:32Z</time></trkpt><trkpt lat="22.211975" lon="114.02623"><ele>-8.7</ele><time>2025-11-15T07:36:34Z</time></trkpt><trkpt lat="22.211981666666663" lon="114.02625166666667"><ele>-8.7</ele><time>2025-11-15T07:36:36Z</time></trkpt><trkpt lat="22.211984999999995" lon="114.02627833333332"><ele>-8.5</ele><time>2025-11-15T07:36:39Z</time></trkpt><trkpt lat="22.211993333333332" lon="114.02629999999999"><ele>-8.9</ele><time>2025-11-15T07:36:42Z</time></trkpt><trkpt lat="22.211999999999996" lon="114.02632666666665"><ele>-8.8</ele><time>2025-11-15T07:36:46Z</time></trkpt><trkpt lat="22.212010000000003" lon="114.02635166666666"><ele>-8.8</ele><time>2025-11-15T07:36:48Z</time></trkpt><trkpt lat="22.212016666666667" lon="114.02638166666665"><ele>-8.7</ele><time>2025-11-15T07:36:50Z</time></trkpt><trkpt lat="22.21202" lon="114.02640333333332"><ele>-8.6</ele><time>2025-11-15T07:36:52Z</time></trkpt><trkpt lat="22.212001666666666" lon="114.02641833333334"><ele>-8.1</ele><time>2025-11-15T07:36:55Z</time></trkpt><trkpt lat="22.21199166666667" lon="114.02644666666666"><ele>-7.5</ele><time>2025-11-15T07:36:58Z</time></trkpt><trkpt lat="22.211983333333333" lon="114.02647333333334"><ele>-7.5</ele><time>2025-11-15T07:37:00Z</time></trkpt><trkpt lat="22.211969999999997" lon="114.02649666666666"><ele>-7.5</ele><time>2025-11-15T07:37:02Z</time></trkpt><trkpt lat="22.211954999999996" lon="114.02651666666667"><ele>-7.300000000000001</ele><time>2025-11-15T07:37:04Z</time></trkpt><trkpt lat="22.211941666666668" lon="114.02654333333334"><ele>-5.9</ele><time>2025-11-15T07:37:07Z</time></trkpt><trkpt lat="22.211920000000003" lon="114.02656499999999"><ele>-4.9</ele><time>2025-11-15T07:37:09Z</time></trkpt><trkpt lat="22.211905" lon="114.02658000000001"><ele>-4.1</ele><time>2025-11-15T07:37:10Z</time></trkpt><trkpt lat="22.211885" lon="114.02659666666665"><ele>-3.2</ele><time>2025-11-15T07:37:11Z</time></trkpt><trkpt lat="22.211868333333335" lon="114.02661000000002"><ele>-2.5</ele><time>2025-11-15T07:37:12Z</time></trkpt><trkpt lat="22.211864999999996" lon="114.02663499999998"><ele>-2.0</ele><time>2025-11-15T07:37:17Z</time></trkpt><trkpt lat="22.211848333333332" lon="114.02664833333334"><ele>-2.3</ele><time>2025-11-15T07:37:20Z</time></trkpt><trkpt lat="22.211830000000003" lon="114.026665"><ele>-2.4000000000000004</ele><time>2025-11-15T07:37:23Z</time></trkpt><trkpt lat="22.211808333333337" lon="114.02667500000001"><ele>-2.5</ele><time>2025-11-15T07:37:26Z</time></trkpt><trkpt lat="22.211788333333335" lon="114.02668999999999"><ele>-2.9000000000000004</ele><time>2025-11-15T07:37:29Z</time></trkpt><trkpt lat="22.211765" lon="114.026705"><ele>-3.2</ele><time>2025-11-15T07:37:32Z</time></trkpt><trkpt lat="22.21175" lon="114.02672166666667"><ele>-3.4000000000000004</ele><time>2025-11-15T07:37:34Z</time></trkpt><trkpt lat="22.21173666666667" lon="114.02673833333334"><ele>-3.6</ele><time>2025-11-15T07:37:36Z</time></trkpt><trkpt lat="22.211726666666664" lon="114.02675666666667"><ele>-4.1</ele><time>2025-11-15T07:37:38Z</time></trkpt><trkpt lat="22.21172" lon="114.02677999999999"><ele>-4.6</ele><time>2025-11-15T07:37:40Z</time></trkpt><trkpt lat="22.211711666666663" lon="114.02680333333335"><ele>-5.0</ele><time>2025-11-15T07:37:42Z</time></trkpt><trkpt lat="22.211698333333334" lon="114.02682833333334"><ele>-5.2</ele><time>2025-11-15T07:37:44Z</time></trkpt><trkpt lat="22.211686666666665" lon="114.02684666666667"><ele>-5.2</ele><time>2025-11-15T07:37:46Z</time></trkpt><trkpt lat="22.211675" lon="114.02686833333334"><ele>-5.2</ele><time>2025-11-15T07:37:49Z</time></trkpt><trkpt lat="22.211665" lon="114.02688500000001"><ele>-5.1</ele><time>2025-11-15T07:37:51Z</time></trkpt><trkpt lat="22.211651666666665" lon="114.02689833333334"><ele>-5.300000000000001</ele><time>2025-11-15T07:37:53Z</time></trkpt><trkpt lat="22.211636666666664" lon="114.02691166666666"><ele>-5.4</ele><time>2025-11-15T07:37:55Z</time></trkpt><trkpt lat="22.211626666666668" lon="114.02692833333334"><ele>-5.5</ele><time>2025-11-15T07:37:57Z</time></trkpt><trkpt lat="22.211621666666662" lon="114.02695333333334"><ele>-5.9</ele><time>2025-11-15T07:38:00Z</time></trkpt><trkpt lat="22.21161833333333" lon="114.02697333333332"><ele>-6.4</ele><time>2025-11-15T07:38:02Z</time></trkpt><trkpt lat="22.21163166666667" lon="114.02699499999999"><ele>-8.2</ele><time>2025-11-15T07:38:06Z</time></trkpt><trkpt lat="22.211655000000004" lon="114.02700333333333"><ele>-9.0</ele><time>2025-11-15T07:38:08Z</time></trkpt><trkpt lat="22.211673333333337" lon="114.02701833333334"><ele>-10.0</ele><time>2025-11-15T07:38:10Z</time></trkpt><trkpt lat="22.211688333333335" lon="114.02703166666667"><ele>-11.299999999999999</ele><time>2025-11-15T07:38:12Z</time></trkpt><trkpt lat="22.211701666666666" lon="114.02705499999999"><ele>-11.9</ele><time>2025-11-15T07:38:14Z</time></trkpt><trkpt lat="22.211716666666668" lon="114.02707166666666"><ele>-12.2</ele><time>2025-11-15T07:38:16Z</time></trkpt><trkpt lat="22.211734999999997" lon="114.02708166666667"><ele>-11.9</ele><time>2025-11-15T07:38:18Z</time></trkpt><trkpt lat="22.211755" lon="114.02709666666667"><ele>-11.0</ele><time>2025-11-15T07:38:20Z</time></trkpt><trkpt lat="22.211776666666665" lon="114.02711666666667"><ele>-10.0</ele><time>2025-11-15T07:38:22Z</time></trkpt><trkpt lat="22.211804999999995" lon="114.02712500000001"><ele>-9.0</ele><time>2025-11-15T07:38:24Z</time></trkpt><trkpt lat="22.21182666666667" lon="114.02713333333334"><ele>-8.2</ele><time>2025-11-15T07:38:26Z</time></trkpt><trkpt lat="22.21184" lon="114.02715166666667"><ele>-7.699999999999999</ele><time>2025-11-15T07:38:28Z</time></trkpt><trkpt lat="22.211853333333337" lon="114.027165"><ele>-7.300000000000001</ele><time>2025-11-15T07:38:30Z</time></trkpt><trkpt lat="22.211869999999998" lon="114.027185"><ele>-6.300000000000001</ele><time>2025-11-15T07:38:32Z</time></trkpt><trkpt lat="22.211891666666663" lon="114.02720666666667"><ele>-5.300000000000001</ele><time>2025-11-15T07:38:34Z</time></trkpt><trkpt lat="22.211911666666666" lon="114.02722833333334"><ele>-4.6</ele><time>2025-11-15T07:38:36Z</time></trkpt><trkpt lat="22.211920000000003" lon="114.02725666666666"><ele>-3.9</ele><time>2025-11-15T07:38:38Z</time></trkpt><trkpt lat="22.2119" lon="114.02726333333334"><ele>-4.0</ele><time>2025-11-15T07:38:40Z</time></trkpt><trkpt lat="22.211920000000003" lon="114.02728333333334"><ele>-2.2</ele><time>2025-11-15T07:38:44Z</time></trkpt><trkpt lat="22.211941666666668" lon="114.02730500000001"><ele>-3.0</ele><time>2025-11-15T07:38:46Z</time></trkpt><trkpt lat="22.21195" lon="114.02732499999999"><ele>-3.4000000000000004</ele><time>2025-11-15T07:38:48Z</time></trkpt><trkpt lat="22.211959999999998" lon="114.027345"><ele>-3.6</ele><time>2025-11-15T07:38:50Z</time></trkpt><trkpt lat="22.211981666666663" lon="114.02736333333333"><ele>-4.0</ele><time>2025-11-15T07:38:52Z</time></trkpt><trkpt lat="22.21199166666667" lon="114.02739166666667"><ele>-4.300000000000001</ele><time>2025-11-15T07:38:54Z</time></trkpt><trkpt lat="22.211998333333334" lon="114.02741666666667"><ele>-4.6</ele><time>2025-11-15T07:38:56Z</time></trkpt><trkpt lat="22.212010000000003" lon="114.027435"><ele>-4.9</ele><time>2025-11-15T07:38:58Z</time></trkpt><trkpt lat="22.212028333333333" lon="114.02745166666666"><ele>-5.0</ele><time>2025-11-15T07:39:00Z</time></trkpt><trkpt lat="22.21205166666667" lon="114.02746666666665"><ele>-5.300000000000001</ele><time>2025-11-15T07:39:02Z</time></trkpt><trkpt lat="22.212065" lon="114.02748333333332"><ele>-5.800000000000001</ele><time>2025-11-15T07:39:04Z</time></trkpt><trkpt lat="22.212074999999995" lon="114.02749999999999"><ele>-6.6</ele><time>2025-11-15T07:39:06Z</time></trkpt><trkpt lat="22.21206666666667" lon="114.02752166666666"><ele>-7.300000000000001</ele><time>2025-11-15T07:39:08Z</time></trkpt><trkpt lat="22.212055000000003" lon="114.02754666666667"><ele>-7.5</ele><time>2025-11-15T07:39:10Z</time></trkpt><trkpt lat="22.212046666666666" lon="114.02756666666667"><ele>-7.199999999999999</ele><time>2025-11-15T07:39:12Z</time></trkpt><trkpt lat="22.212058333333335" lon="114.02758333333334"><ele>-6.9</ele><time>2025-11-15T07:39:15Z</time></trkpt><trkpt lat="22.212056666666665" lon="114.02760833333332"><ele>-7.0</ele><time>2025-11-15T07:39:17Z</time></trkpt><trkpt lat="22.212061666666667" lon="114.02763333333333"><ele>-7.4</ele><time>2025-11-15T07:39:19Z</time></trkpt><trkpt lat="22.212071666666663" lon="114.02765666666667"><ele>-8.2</ele><time>2025-11-15T07:39:22Z</time></trkpt><trkpt lat="22.212078333333338" lon="114.02768166666668"><ele>-8.5</ele><time>2025-11-15T07:39:24Z</time></trkpt><trkpt lat="22.212086666666664" lon="114.02770000000001"><ele>-8.5</ele><time>2025-11-15T07:39:26Z</time></trkpt><trkpt lat="22.212101666666666" lon="114.02771833333333"><ele>-8.3</ele><time>2025-11-15T07:39:28Z</time></trkpt><trkpt lat="22.212118333333333" lon="114.02773166666665"><ele>-8.3</ele><time>2025-11-15T07:39:31Z</time></trkpt><trkpt lat="22.212125" lon="114.02775000000001"><ele>-8.3</ele><time>2025-11-15T07:39:33Z</time></trkpt><trkpt lat="22.212123333333338" lon="114.02776999999999"><ele>-8.0</ele><time>2025-11-15T07:39:35Z</time></trkpt><trkpt lat="22.212116666666663" lon="114.02779833333334"><ele>-8.0</ele><time>2025-11-15T07:39:37Z</time></trkpt><trkpt lat="22.21209666666667" lon="114.02782"><ele>-7.9</ele><time>2025-11-15T07:39:39Z</time></trkpt><trkpt lat="22.21206833333333" lon="114.02783666666667"><ele>-7.9</ele><time>2025-11-15T07:39:41Z</time></trkpt><trkpt lat="22.212041666666664" lon="114.02784833333332"><ele>-7.699999999999999</ele><time>2025-11-15T07:39:43Z</time></trkpt><trkpt lat="22.212043333333334" lon="114.02786833333333"><ele>-7.699999999999999</ele><time>2025-11-15T07:39:49Z</time></trkpt><trkpt lat="22.21202166666667" lon="114.02787333333332"><ele>-7.6</ele><time>2025-11-15T07:39:52Z</time></trkpt><trkpt lat="22.212003333333335" lon="114.02788000000001"><ele>-7.4</ele><time>2025-11-15T07:39:54Z</time></trkpt><trkpt lat="22.21197833333333" lon="114.02789"><ele>-7.1</ele><time>2025-11-15T07:39:56Z</time></trkpt><trkpt lat="22.211951666666664" lon="114.02789666666668"><ele>-7.199999999999999</ele><time>2025-11-15T07:39:58Z</time></trkpt><trkpt lat="22.211924999999997" lon="114.02790000000002"><ele>-7.300000000000001</ele><time>2025-11-15T07:40:00Z</time></trkpt><trkpt lat="22.211906666666664" lon="114.027905"><ele>-7.199999999999999</ele><time>2025-11-15T07:40:01Z</time></trkpt><trkpt lat="22.21188833333333" lon="114.02791333333334"><ele>-6.9</ele><time>2025-11-15T07:40:03Z</time></trkpt><trkpt lat="22.211873333333333" lon="114.02793333333332"><ele>-6.800000000000001</ele><time>2025-11-15T07:40:05Z</time></trkpt><trkpt lat="22.211861666666664" lon="114.02795499999999"><ele>-6.4</ele><time>2025-11-15T07:40:07Z</time></trkpt><trkpt lat="22.21184333333333" lon="114.02796000000002"><ele>-6.199999999999999</ele><time>2025-11-15T07:40:09Z</time></trkpt><trkpt lat="22.211818333333333" lon="114.02795499999999"><ele>-6.5</ele><time>2025-11-15T07:40:12Z</time></trkpt><trkpt lat="22.21179833333333" lon="114.02794999999999"><ele>-6.4</ele><time>2025-11-15T07:40:15Z</time></trkpt><trkpt lat="22.211786666666665" lon="114.027975"><ele>-5.800000000000001</ele><time>2025-11-15T07:40:20Z</time></trkpt><trkpt lat="22.211765" lon="114.02798666666668"><ele>-5.6</ele><time>2025-11-15T07:40:23Z</time></trkpt><trkpt lat="22.211744999999997" lon="114.02799000000002"><ele>-5.5</ele><time>2025-11-15T07:40:25Z</time></trkpt><trkpt lat="22.21172166666667" lon="114.02799000000002"><ele>-5.4</ele><time>2025-11-15T07:40:27Z</time></trkpt><trkpt lat="22.211701666666666" lon="114.02799333333333"><ele>-5.5</ele><time>2025-11-15T07:40:29Z</time></trkpt><trkpt lat="22.211698333333334" lon="114.02801333333333"><ele>-6.699999999999999</ele><time>2025-11-15T07:40:36Z</time></trkpt><trkpt lat="22.211666666666662" lon="114.02801"><ele>-6.4</ele><time>2025-11-15T07:40:44Z</time></trkpt><trkpt lat="22.211635" lon="114.02800833333335"><ele>-6.300000000000001</ele><time>2025-11-15T07:40:45Z</time></trkpt><trkpt lat="22.211635" lon="114.02798833333333"><ele>-6.0</ele><time>2025-11-15T07:40:49Z</time></trkpt><trkpt lat="22.21166" lon="114.027995"><ele>-5.9</ele><time>2025-11-15T07:40:51Z</time></trkpt><trkpt lat="22.211681666666664" lon="114.02800333333334"><ele>-5.800000000000001</ele><time>2025-11-15T07:40:53Z</time></trkpt><trkpt lat="22.21166333333333" lon="114.02800666666666"><ele>-4.6</ele><time>2025-11-15T07:41:04Z</time></trkpt><trkpt lat="22.211643333333335" lon="114.02801166666669"><ele>-4.300000000000001</ele><time>2025-11-15T07:41:06Z</time></trkpt><trkpt lat="22.211621666666662" lon="114.02803"><ele>-4.0</ele><time>2025-11-15T07:41:08Z</time></trkpt><trkpt lat="22.211658333333336" lon="114.02808833333332"><ele>14.9</ele><time>2025-11-15T07:42:02Z</time></trkpt><trkpt lat="22.211653333333334" lon="114.02805833333332"><ele>14.700000000000001</ele><time>2025-11-15T07:42:03Z</time></trkpt><trkpt lat="22.211683333333333" lon="114.02802000000001"><ele>14.1</ele><time>2025-11-15T07:42:04Z</time></trkpt><trkpt lat="22.211683333333333" lon="114.02799833333331"><ele>14.1</ele><time>2025-11-15T07:42:06Z</time></trkpt><trkpt lat="22.21164666666667" lon="114.02801166666669"><ele>13.0</ele><time>2025-11-15T07:42:08Z</time></trkpt><trkpt lat="22.21166" lon="114.02799833333331"><ele>13.200000000000001</ele><time>2025-11-15T07:42:11Z</time></trkpt><trkpt lat="22.21162" lon="114.028"><ele>13.6</ele><time>2025-11-15T07:42:16Z</time></trkpt><trkpt lat="22.21163333333333" lon="114.02802500000001"><ele>15.200000000000001</ele><time>2025-11-15T07:42:25Z</time></trkpt><trkpt lat="22.211643333333335" lon="114.02804499999999"><ele>14.200000000000001</ele><time>2025-11-15T07:42:27Z</time></trkpt><trkpt lat="22.21162" lon="114.02802500000001"><ele>12.700000000000001</ele><time>2025-11-15T07:42:31Z</time></trkpt><trkpt lat="22.211616666666668" lon="114.02805000000002"><ele>7.6</ele><time>2025-11-15T07:42:37Z</time></trkpt><trkpt lat="22.211599999999997" lon="114.02806666666666"><ele>6.5</ele><time>2025-11-15T07:42:39Z</time></trkpt><trkpt lat="22.211583333333337" lon="114.02807666666668"><ele>5.4</ele><time>2025-11-15T07:42:44Z</time></trkpt><trkpt lat="22.21157333333333" lon="114.02809666666666"><ele>4.6</ele><time>2025-11-15T07:42:46Z</time></trkpt><trkpt lat="22.211560000000002" lon="114.02811000000001"><ele>3.6</ele><time>2025-11-15T07:42:49Z</time></trkpt><trkpt lat="22.21154" lon="114.02815000000001"><ele>2.6999999999999997</ele><time>2025-11-15T07:42:58Z</time></trkpt><trkpt lat="22.211526666666668" lon="114.02816499999999"><ele>2.9999999999999996</ele><time>2025-11-15T07:43:00Z</time></trkpt><trkpt lat="22.211506666666665" lon="114.02817166666667"><ele>2.6</ele><time>2025-11-15T07:43:03Z</time></trkpt><trkpt lat="22.211490000000005" lon="114.02818166666665"><ele>2.3</ele><time>2025-11-15T07:43:05Z</time></trkpt><trkpt lat="22.211473333333334" lon="114.02819999999998"><ele>1.7999999999999998</ele><time>2025-11-15T07:43:08Z</time></trkpt><trkpt lat="22.211460000000002" lon="114.02822499999999"><ele>1.1999999999999997</ele><time>2025-11-15T07:43:11Z</time></trkpt><trkpt lat="22.21144333333333" lon="114.02823500000001"><ele>0.8999999999999999</ele><time>2025-11-15T07:43:13Z</time></trkpt><trkpt lat="22.211425000000002" lon="114.02824166666666"><ele>1.0</ele><time>2025-11-15T07:43:16Z</time></trkpt><trkpt lat="22.211396666666662" lon="114.028245"><ele>1.2999999999999998</ele><time>2025-11-15T07:43:19Z</time></trkpt><trkpt lat="22.211371666666665" lon="114.02825"><ele>1.6</ele><time>2025-11-15T07:43:21Z</time></trkpt><trkpt lat="22.21134833333333" lon="114.02825333333334"><ele>1.9</ele><time>2025-11-15T07:43:23Z</time></trkpt><trkpt lat="22.211333333333332" lon="114.02827833333335"><ele>1.6</ele><time>2025-11-15T07:43:26Z</time></trkpt><trkpt lat="22.21132" lon="114.02829333333332"><ele>1.1</ele><time>2025-11-15T07:43:29Z</time></trkpt><trkpt lat="22.211311666666667" lon="114.02831166666668"><ele>0.6999999999999997</ele><time>2025-11-15T07:43:32Z</time></trkpt><trkpt lat="22.211288333333332" lon="114.0283"><ele>-0.5</ele><time>2025-11-15T07:43:36Z</time></trkpt><trkpt lat="22.211265000000004" lon="114.02829500000001"><ele>-0.8</ele><time>2025-11-15T07:43:38Z</time></trkpt><trkpt lat="22.21124166666667" lon="114.02829333333332"><ele>-1.0</ele><time>2025-11-15T07:43:40Z</time></trkpt><trkpt lat="22.211221666666667" lon="114.02830166666666"><ele>-1.2000000000000002</ele><time>2025-11-15T07:43:42Z</time></trkpt><trkpt lat="22.211208333333335" lon="114.02831666666667"><ele>-1.3</ele><time>2025-11-15T07:43:44Z</time></trkpt><trkpt lat="22.211185" lon="114.02832166666667"><ele>-1.1</ele><time>2025-11-15T07:43:47Z</time></trkpt><trkpt lat="22.211164999999998" lon="114.02831833333333"><ele>-1.1</ele><time>2025-11-15T07:43:49Z</time></trkpt><trkpt lat="22.21114166666667" lon="114.02831666666667"><ele>-1.1</ele><time>2025-11-15T07:43:51Z</time></trkpt><trkpt lat="22.211121666666667" lon="114.02832333333332"><ele>-1.1</ele><time>2025-11-15T07:43:53Z</time></trkpt><trkpt lat="22.211108333333332" lon="114.02834666666668"><ele>-1.0</ele><time>2025-11-15T07:43:56Z</time></trkpt><trkpt lat="22.21109333333333" lon="114.028365"><ele>-0.5</ele><time>2025-11-15T07:43:59Z</time></trkpt><trkpt lat="22.211086666666667" lon="114.02838333333332"><ele>0.0</ele><time>2025-11-15T07:44:01Z</time></trkpt><trkpt lat="22.211073333333335" lon="114.02840499999999"><ele>0.6000000000000001</ele><time>2025-11-15T07:44:04Z</time></trkpt><trkpt lat="22.211043333333336" lon="114.02841333333332"><ele>1.2999999999999998</ele><time>2025-11-15T07:44:07Z</time></trkpt><trkpt lat="22.211025000000003" lon="114.02843333333334"><ele>1.4</ele><time>2025-11-15T07:44:09Z</time></trkpt><trkpt lat="22.211005" lon="114.028455"><ele>1.1999999999999997</ele><time>2025-11-15T07:44:11Z</time></trkpt><trkpt lat="22.210984999999997" lon="114.02846666666667"><ele>1.4</ele><time>2025-11-15T07:44:13Z</time></trkpt><trkpt lat="22.210956666666668" lon="114.02846999999998"><ele>2.1</ele><time>2025-11-15T07:44:15Z</time></trkpt><trkpt lat="22.21092666666667" lon="114.02847500000001"><ele>2.9</ele><time>2025-11-15T07:44:17Z</time></trkpt><trkpt lat="22.21090333333333" lon="114.02849333333333"><ele>3.6999999999999997</ele><time>2025-11-15T07:44:19Z</time></trkpt><trkpt lat="22.210888333333333" lon="114.02851000000001"><ele>3.9</ele><time>2025-11-15T07:44:22Z</time></trkpt><trkpt lat="22.210894999999997" lon="114.02852833333333"><ele>3.6999999999999997</ele><time>2025-11-15T07:44:24Z</time></trkpt><trkpt lat="22.210893333333335" lon="114.028555"><ele>2.8000000000000003</ele><time>2025-11-15T07:44:27Z</time></trkpt><trkpt lat="22.21088333333333" lon="114.02857333333334"><ele>2.9999999999999996</ele><time>2025-11-15T07:44:30Z</time></trkpt><trkpt lat="22.21085666666667" lon="114.02857333333334"><ele>3.4</ele><time>2025-11-15T07:44:33Z</time></trkpt><trkpt lat="22.210831666666664" lon="114.02857333333334"><ele>3.4</ele><time>2025-11-15T07:44:35Z</time></trkpt><trkpt lat="22.21080833333333" lon="114.02857333333334"><ele>3.1999999999999997</ele><time>2025-11-15T07:44:37Z</time></trkpt><trkpt lat="22.210785" lon="114.02857"><ele>2.9999999999999996</ele><time>2025-11-15T07:44:39Z</time></trkpt><trkpt lat="22.210761666666667" lon="114.02856666666666"><ele>3.1</ele><time>2025-11-15T07:44:41Z</time></trkpt><trkpt lat="22.210741666666664" lon="114.02856333333332"><ele>2.9999999999999996</ele><time>2025-11-15T07:44:43Z</time></trkpt><trkpt lat="22.210725000000004" lon="114.028555"><ele>2.9999999999999996</ele><time>2025-11-15T07:44:45Z</time></trkpt><trkpt lat="22.210705" lon="114.02855166666669"><ele>3.1999999999999997</ele><time>2025-11-15T07:44:48Z</time></trkpt><trkpt lat="22.210686666666668" lon="114.02854666666666"><ele>3.1</ele><time>2025-11-15T07:44:51Z</time></trkpt><trkpt lat="22.21066166666667" lon="114.02855166666669"><ele>2.6</ele><time>2025-11-15T07:44:54Z</time></trkpt><trkpt lat="22.210639999999998" lon="114.02856166666668"><ele>2.4</ele><time>2025-11-15T07:44:56Z</time></trkpt><trkpt lat="22.21061666666667" lon="114.02857333333334"><ele>2.6999999999999997</ele><time>2025-11-15T07:44:58Z</time></trkpt><trkpt lat="22.210596666666667" lon="114.02858499999999"><ele>2.9999999999999996</ele><time>2025-11-15T07:45:00Z</time></trkpt><trkpt lat="22.210576666666665" lon="114.02859500000001"><ele>3.3000000000000003</ele><time>2025-11-15T07:45:02Z</time></trkpt><trkpt lat="22.21055833333333" lon="114.02860333333335"><ele>3.9999999999999996</ele><time>2025-11-15T07:45:05Z</time></trkpt><trkpt lat="22.210534999999997" lon="114.02862333333333"><ele>4.4</ele><time>2025-11-15T07:45:07Z</time></trkpt><trkpt lat="22.210516666666663" lon="114.028635"><ele>4.9</ele><time>2025-11-15T07:45:09Z</time></trkpt><trkpt lat="22.210494999999998" lon="114.028645"><ele>5.300000000000001</ele><time>2025-11-15T07:45:11Z</time></trkpt><trkpt lat="22.210473333333333" lon="114.02865166666668"><ele>5.800000000000001</ele><time>2025-11-15T07:45:13Z</time></trkpt><trkpt lat="22.210451666666668" lon="114.02865333333332"><ele>6.199999999999999</ele><time>2025-11-15T07:45:15Z</time></trkpt><trkpt lat="22.210433333333338" lon="114.02865500000001"><ele>6.700000000000001</ele><time>2025-11-15T07:45:17Z</time></trkpt><trkpt lat="22.210411666666666" lon="114.02865666666666"><ele>7.300000000000001</ele><time>2025-11-15T07:45:19Z</time></trkpt><trkpt lat="22.21039166666667" lon="114.02866166666666"><ele>7.9</ele><time>2025-11-15T07:45:21Z</time></trkpt><trkpt lat="22.210368333333335" lon="114.02867333333333"><ele>8.700000000000001</ele><time>2025-11-15T07:45:24Z</time></trkpt><trkpt lat="22.210351666666664" lon="114.02869166666666"><ele>9.3</ele><time>2025-11-15T07:45:27Z</time></trkpt><trkpt lat="22.21033166666667" lon="114.0287"><ele>9.5</ele><time>2025-11-15T07:45:29Z</time></trkpt><trkpt lat="22.210309999999996" lon="114.02871833333332"><ele>9.6</ele><time>2025-11-15T07:45:31Z</time></trkpt><trkpt lat="22.21028666666667" lon="114.02872833333335"><ele>9.700000000000001</ele><time>2025-11-15T07:45:33Z</time></trkpt><trkpt lat="22.210261666666664" lon="114.02872833333335"><ele>10.1</ele><time>2025-11-15T07:45:36Z</time></trkpt><trkpt lat="22.210236666666667" lon="114.02872666666666"><ele>10.4</ele><time>2025-11-15T07:45:38Z</time></trkpt><trkpt lat="22.210218333333334" lon="114.028735"><ele>10.700000000000001</ele><time>2025-11-15T07:45:40Z</time></trkpt><trkpt lat="22.210193333333336" lon="114.02873666666667"><ele>11.4</ele><time>2025-11-15T07:45:43Z</time></trkpt><trkpt lat="22.210174999999996" lon="114.02873"><ele>11.8</ele><time>2025-11-15T07:45:45Z</time></trkpt><trkpt lat="22.210155" lon="114.02873166666669"><ele>11.9</ele><time>2025-11-15T07:45:48Z</time></trkpt><trkpt lat="22.210136666666667" lon="114.02874166666668"><ele>11.5</ele><time>2025-11-15T07:45:51Z</time></trkpt><trkpt lat="22.210113333333332" lon="114.02874500000001"><ele>11.5</ele><time>2025-11-15T07:45:54Z</time></trkpt><trkpt lat="22.210095000000003" lon="114.02874166666668"><ele>11.4</ele><time>2025-11-15T07:45:56Z</time></trkpt><trkpt lat="22.210073333333337" lon="114.02875166666666"><ele>11.4</ele><time>2025-11-15T07:45:58Z</time></trkpt><trkpt lat="22.210050000000003" lon="114.028755"><ele>11.4</ele><time>2025-11-15T07:46:00Z</time></trkpt><trkpt lat="22.21003166666667" lon="114.02876166666668"><ele>11.4</ele><time>2025-11-15T07:46:02Z</time></trkpt><trkpt lat="22.210005000000002" lon="114.02877833333332"><ele>11.6</ele><time>2025-11-15T07:46:04Z</time></trkpt><trkpt lat="22.209983333333337" lon="114.02878000000001"><ele>11.3</ele><time>2025-11-15T07:46:06Z</time></trkpt><trkpt lat="22.209961666666665" lon="114.02878666666666"><ele>11.5</ele><time>2025-11-15T07:46:10Z</time></trkpt><trkpt lat="22.20994166666667" lon="114.02878166666666"><ele>11.4</ele><time>2025-11-15T07:46:12Z</time></trkpt><trkpt lat="22.209923333333336" lon="114.02878166666666"><ele>10.8</ele><time>2025-11-15T07:46:14Z</time></trkpt><trkpt lat="22.209901666666664" lon="114.02877833333332"><ele>10.9</ele><time>2025-11-15T07:46:17Z</time></trkpt><trkpt lat="22.209886666666662" lon="114.02879166666668"><ele>10.9</ele><time>2025-11-15T07:46:19Z</time></trkpt><trkpt lat="22.209871666666665" lon="114.02880333333333"><ele>10.9</ele><time>2025-11-15T07:46:21Z</time></trkpt><trkpt lat="22.209855" lon="114.02881666666666"><ele>11.4</ele><time>2025-11-15T07:46:23Z</time></trkpt><trkpt lat="22.209830000000004" lon="114.02882333333334"><ele>11.5</ele><time>2025-11-15T07:46:26Z</time></trkpt><trkpt lat="22.209811666666663" lon="114.02883166666668"><ele>11.200000000000001</ele><time>2025-11-15T07:46:28Z</time></trkpt><trkpt lat="22.209791666666668" lon="114.02882666666667"><ele>10.8</ele><time>2025-11-15T07:46:31Z</time></trkpt><trkpt lat="22.209768333333333" lon="114.02883833333333"><ele>11.200000000000001</ele><time>2025-11-15T07:46:34Z</time></trkpt><trkpt lat="22.209755000000005" lon="114.02885999999998"><ele>11.200000000000001</ele><time>2025-11-15T07:46:36Z</time></trkpt><trkpt lat="22.209740000000004" lon="114.02887333333335"><ele>10.9</ele><time>2025-11-15T07:46:38Z</time></trkpt><trkpt lat="22.20971833333333" lon="114.02888499999999"><ele>11.0</ele><time>2025-11-15T07:46:41Z</time></trkpt><trkpt lat="22.209693333333334" lon="114.028875"><ele>11.0</ele><time>2025-11-15T07:46:44Z</time></trkpt><trkpt lat="22.20967333333333" lon="114.02887333333335"><ele>11.0</ele><time>2025-11-15T07:46:46Z</time></trkpt><trkpt lat="22.209650000000003" lon="114.02887166666666"><ele>10.8</ele><time>2025-11-15T07:46:49Z</time></trkpt><trkpt lat="22.20962833333333" lon="114.028875"><ele>10.200000000000001</ele><time>2025-11-15T07:46:51Z</time></trkpt><trkpt lat="22.209609999999998" lon="114.02886500000001"><ele>10.0</ele><time>2025-11-15T07:46:53Z</time></trkpt><trkpt lat="22.209588333333333" lon="114.028875"><ele>9.700000000000001</ele><time>2025-11-15T07:46:56Z</time></trkpt><trkpt lat="22.209564999999998" lon="114.02888333333334"><ele>9.4</ele><time>2025-11-15T07:46:59Z</time></trkpt><trkpt lat="22.209546666666665" lon="114.028895"><ele>8.700000000000001</ele><time>2025-11-15T07:47:03Z</time></trkpt><trkpt lat="22.209521666666667" lon="114.02890000000001"><ele>8.0</ele><time>2025-11-15T07:47:06Z</time></trkpt><trkpt lat="22.209504999999996" lon="114.02890833333335"><ele>7.6</ele><time>2025-11-15T07:47:08Z</time></trkpt><trkpt lat="22.209486666666667" lon="114.028915"><ele>7.4</ele><time>2025-11-15T07:47:10Z</time></trkpt><trkpt lat="22.20946666666667" lon="114.02891666666667"><ele>7.300000000000001</ele><time>2025-11-15T07:47:12Z</time></trkpt><trkpt lat="22.20945" lon="114.02892666666666"><ele>7.4</ele><time>2025-11-15T07:47:14Z</time></trkpt><trkpt lat="22.209431666666667" lon="114.02893333333334"><ele>7.6</ele><time>2025-11-15T07:47:16Z</time></trkpt><trkpt lat="22.209398333333336" lon="114.02892666666666"><ele>7.700000000000001</ele><time>2025-11-15T07:47:18Z</time></trkpt><trkpt lat="22.209368333333334" lon="114.02892500000002"><ele>7.800000000000001</ele><time>2025-11-15T07:47:20Z</time></trkpt><trkpt lat="22.209345" lon="114.02892333333332"><ele>8.3</ele><time>2025-11-15T07:47:22Z</time></trkpt><trkpt lat="22.209326666666666" lon="114.028915"><ele>8.700000000000001</ele><time>2025-11-15T07:47:25Z</time></trkpt><trkpt lat="22.20930166666667" lon="114.02890333333335"><ele>9.4</ele><time>2025-11-15T07:47:28Z</time></trkpt><trkpt lat="22.209278333333334" lon="114.02889333333333"><ele>10.0</ele><time>2025-11-15T07:47:30Z</time></trkpt><trkpt lat="22.209255" lon="114.02888166666668"><ele>10.9</ele><time>2025-11-15T07:47:33Z</time></trkpt><trkpt lat="22.209236666666666" lon="114.02888999999999"><ele>11.200000000000001</ele><time>2025-11-15T07:47:35Z</time></trkpt><trkpt lat="22.209231666666664" lon="114.02891"><ele>11.9</ele><time>2025-11-15T07:47:36Z</time></trkpt><trkpt lat="22.209218333333336" lon="114.02892333333332"><ele>12.200000000000001</ele><time>2025-11-15T07:47:41Z</time></trkpt><trkpt lat="22.209198333333333" lon="114.02893166666667"><ele>12.200000000000001</ele><time>2025-11-15T07:47:44Z</time></trkpt><trkpt lat="22.209193333333328" lon="114.02895333333332"><ele>12.200000000000001</ele><time>2025-11-15T07:47:46Z</time></trkpt><trkpt lat="22.20916666666667" lon="114.02896166666666"><ele>12.5</ele><time>2025-11-15T07:47:50Z</time></trkpt><trkpt lat="22.209148333333328" lon="114.02896166666666"><ele>12.1</ele><time>2025-11-15T07:47:52Z</time></trkpt><trkpt lat="22.209126666666666" lon="114.028965"><ele>11.200000000000001</ele><time>2025-11-15T07:47:55Z</time></trkpt><trkpt lat="22.209099999999996" lon="114.02896166666666"><ele>10.700000000000001</ele><time>2025-11-15T07:47:57Z</time></trkpt><trkpt lat="22.209076666666668" lon="114.02894666666667"><ele>10.0</ele><time>2025-11-15T07:48:00Z</time></trkpt><trkpt lat="22.209051666666664" lon="114.02893666666665"><ele>9.1</ele><time>2025-11-15T07:48:02Z</time></trkpt><trkpt lat="22.209024999999997" lon="114.02893666666665"><ele>8.3</ele><time>2025-11-15T07:48:04Z</time></trkpt><trkpt lat="22.20900166666667" lon="114.028935"><ele>7.300000000000001</ele><time>2025-11-15T07:48:06Z</time></trkpt><trkpt lat="22.208981666666666" lon="114.02892666666666"><ele>6.800000000000001</ele><time>2025-11-15T07:48:08Z</time></trkpt><trkpt lat="22.20895833333333" lon="114.02893166666667"><ele>6.0</ele><time>2025-11-15T07:48:10Z</time></trkpt><trkpt lat="22.20894" lon="114.02893333333334"><ele>5.5</ele><time>2025-11-15T07:48:12Z</time></trkpt><trkpt lat="22.208921666666665" lon="114.02893"><ele>5.6</ele><time>2025-11-15T07:48:14Z</time></trkpt><trkpt lat="22.208903333333335" lon="114.02892333333332"><ele>6.199999999999999</ele><time>2025-11-15T07:48:17Z</time></trkpt><trkpt lat="22.208876666666665" lon="114.02891333333334"><ele>6.9</ele><time>2025-11-15T07:48:20Z</time></trkpt><trkpt lat="22.208856666666666" lon="114.02890333333335"><ele>6.800000000000001</ele><time>2025-11-15T07:48:22Z</time></trkpt><trkpt lat="22.208838333333333" lon="114.02889833333332"><ele>6.800000000000001</ele><time>2025-11-15T07:48:24Z</time></trkpt><trkpt lat="22.208816666666667" lon="114.02889666666667"><ele>7.200000000000001</ele><time>2025-11-15T07:48:26Z</time></trkpt><trkpt lat="22.208798333333334" lon="114.02889666666667"><ele>7.6</ele><time>2025-11-15T07:48:28Z</time></trkpt><trkpt lat="22.20877833333333" lon="114.02889666666667"><ele>7.9</ele><time>2025-11-15T07:48:30Z</time></trkpt><trkpt lat="22.208758333333336" lon="114.028905"><ele>8.1</ele><time>2025-11-15T07:48:32Z</time></trkpt><trkpt lat="22.20873333333333" lon="114.02892333333332"><ele>8.1</ele><time>2025-11-15T07:48:35Z</time></trkpt><trkpt lat="22.208720000000003" lon="114.028945"><ele>7.6</ele><time>2025-11-15T07:48:37Z</time></trkpt><trkpt lat="22.208703333333332" lon="114.02897499999999"><ele>7.200000000000001</ele><time>2025-11-15T07:48:39Z</time></trkpt><trkpt lat="22.208683333333337" lon="114.029"><ele>7.1</ele><time>2025-11-15T07:48:41Z</time></trkpt><trkpt lat="22.208675000000003" lon="114.02901833333333"><ele>7.300000000000001</ele><time>2025-11-15T07:48:42Z</time></trkpt><trkpt lat="22.208668333333335" lon="114.02903666666667"><ele>7.6</ele><time>2025-11-15T07:48:43Z</time></trkpt><trkpt lat="22.208649999999995" lon="114.02905666666666"><ele>7.5</ele><time>2025-11-15T07:48:45Z</time></trkpt><trkpt lat="22.208636666666667" lon="114.029075"><ele>7.0</ele><time>2025-11-15T07:48:47Z</time></trkpt><trkpt lat="22.208623333333335" lon="114.02909166666669"><ele>6.199999999999999</ele><time>2025-11-15T07:48:49Z</time></trkpt><trkpt lat="22.208601666666663" lon="114.02910666666666"><ele>8.700000000000001</ele><time>2025-11-15T07:48:57Z</time></trkpt><trkpt lat="22.208593333333337" lon="114.02912999999998"><ele>9.5</ele><time>2025-11-15T07:48:59Z</time></trkpt><trkpt lat="22.208590000000004" lon="114.02915499999999"><ele>9.8</ele><time>2025-11-15T07:49:01Z</time></trkpt><trkpt lat="22.20858333333333" lon="114.02917666666666"><ele>9.9</ele><time>2025-11-15T07:49:03Z</time></trkpt><trkpt lat="22.208571666666664" lon="114.02919666666666"><ele>9.4</ele><time>2025-11-15T07:49:05Z</time></trkpt><trkpt lat="22.208548333333336" lon="114.02921166666665"><ele>8.700000000000001</ele><time>2025-11-15T07:49:08Z</time></trkpt><trkpt lat="22.208530000000003" lon="114.02921833333333"><ele>7.5</ele><time>2025-11-15T07:49:11Z</time></trkpt><trkpt lat="22.208518333333338" lon="114.029235"><ele>6.800000000000001</ele><time>2025-11-15T07:49:15Z</time></trkpt><trkpt lat="22.208511666666663" lon="114.029255"><ele>6.300000000000001</ele><time>2025-11-15T07:49:17Z</time></trkpt><trkpt lat="22.20852" lon="114.02927333333334"><ele>5.5</ele><time>2025-11-15T07:49:19Z</time></trkpt><trkpt lat="22.208531666666666" lon="114.02929833333334"><ele>4.699999999999999</ele><time>2025-11-15T07:49:21Z</time></trkpt><trkpt lat="22.208536666666667" lon="114.02932166666666"><ele>4.1</ele><time>2025-11-15T07:49:23Z</time></trkpt><trkpt lat="22.208548333333336" lon="114.02934166666667"><ele>3.1</ele><time>2025-11-15T07:49:26Z</time></trkpt><trkpt lat="22.208556666666663" lon="114.02936333333334"><ele>2.4999999999999996</ele><time>2025-11-15T07:49:29Z</time></trkpt><trkpt lat="22.208561666666665" lon="114.02939333333333"><ele>2.3</ele><time>2025-11-15T07:49:32Z</time></trkpt><trkpt lat="22.208565" lon="114.02941833333334"><ele>1.7999999999999998</ele><time>2025-11-15T07:49:35Z</time></trkpt><trkpt lat="22.20855166666667" lon="114.02943166666667"><ele>1.6999999999999997</ele><time>2025-11-15T07:49:39Z</time></trkpt><trkpt lat="22.20855" lon="114.02946333333333"><ele>1.2999999999999998</ele><time>2025-11-15T07:49:43Z</time></trkpt><trkpt lat="22.208531666666666" lon="114.029475"><ele>0.0</ele><time>2025-11-15T07:49:50Z</time></trkpt><trkpt lat="22.208518333333338" lon="114.02950000000001"><ele>-0.6000000000000001</ele><time>2025-11-15T07:49:53Z</time></trkpt><trkpt lat="22.20850833333333" lon="114.02951999999999"><ele>-1.1</ele><time>2025-11-15T07:49:55Z</time></trkpt><trkpt lat="22.208495000000003" lon="114.02954666666668"><ele>-1.7000000000000002</ele><time>2025-11-15T07:49:57Z</time></trkpt><trkpt lat="22.208471666666664" lon="114.02955500000002"><ele>-2.2</ele><time>2025-11-15T07:49:59Z</time></trkpt><trkpt lat="22.20844833333333" lon="114.02955166666668"><ele>-2.5</ele><time>2025-11-15T07:50:01Z</time></trkpt><trkpt lat="22.208423333333332" lon="114.029545"><ele>-2.6</ele><time>2025-11-15T07:50:03Z</time></trkpt><trkpt lat="22.20840333333333" lon="114.02954333333334"><ele>-2.6</ele><time>2025-11-15T07:50:05Z</time></trkpt><trkpt lat="22.208381666666664" lon="114.02954"><ele>-2.3</ele><time>2025-11-15T07:50:07Z</time></trkpt><trkpt lat="22.208353333333335" lon="114.02953833333335"><ele>-2.3</ele><time>2025-11-15T07:50:09Z</time></trkpt><trkpt lat="22.208338333333337" lon="114.02955833333333"><ele>-2.3</ele><time>2025-11-15T07:50:11Z</time></trkpt><trkpt lat="22.208325" lon="114.029575"><ele>-2.5</ele><time>2025-11-15T07:50:14Z</time></trkpt><trkpt lat="22.208305000000003" lon="114.02956833333334"><ele>-2.5</ele><time>2025-11-15T07:50:16Z</time></trkpt><trkpt lat="22.20828333333333" lon="114.02956333333334"><ele>-2.3</ele><time>2025-11-15T07:50:18Z</time></trkpt><trkpt lat="22.208241666666662" lon="114.02955500000002"><ele>-2.1</ele><time>2025-11-15T07:50:20Z</time></trkpt><trkpt lat="22.208219999999997" lon="114.02955166666668"><ele>-1.8</ele><time>2025-11-15T07:50:21Z</time></trkpt><trkpt lat="22.208196666666662" lon="114.02955166666668"><ele>-0.8</ele><time>2025-11-15T07:50:24Z</time></trkpt><trkpt lat="22.208165" lon="114.02955666666666"><ele>0.0</ele><time>2025-11-15T07:50:27Z</time></trkpt><trkpt lat="22.208141666666666" lon="114.02955333333333"><ele>0.2999999999999998</ele><time>2025-11-15T07:50:29Z</time></trkpt><trkpt lat="22.208123333333333" lon="114.029545"><ele>1.9</ele><time>2025-11-15T07:50:32Z</time></trkpt><trkpt lat="22.20810333333333" lon="114.029545"><ele>3.4</ele><time>2025-11-15T07:50:35Z</time></trkpt><trkpt lat="22.208080000000002" lon="114.029545"><ele>5.4</ele><time>2025-11-15T07:50:39Z</time></trkpt><trkpt lat="22.20806" lon="114.02954999999999"><ele>6.4</ele><time>2025-11-15T07:50:41Z</time></trkpt><trkpt lat="22.208035000000002" lon="114.02955166666668"><ele>7.200000000000001</ele><time>2025-11-15T07:50:43Z</time></trkpt><trkpt lat="22.20801666666667" lon="114.02954999999999"><ele>7.700000000000001</ele><time>2025-11-15T07:50:45Z</time></trkpt><trkpt lat="22.207994999999997" lon="114.029545"><ele>9.3</ele><time>2025-11-15T07:50:48Z</time></trkpt><trkpt lat="22.207976666666664" lon="114.02954"><ele>9.700000000000001</ele><time>2025-11-15T07:50:50Z</time></trkpt><trkpt lat="22.20795666666667" lon="114.02954166666665"><ele>10.1</ele><time>2025-11-15T07:50:52Z</time></trkpt><trkpt lat="22.20793" lon="114.02954166666665"><ele>10.1</ele><time>2025-11-15T07:50:54Z</time></trkpt><trkpt lat="22.207906666666666" lon="114.02954"><ele>10.200000000000001</ele><time>2025-11-15T07:50:56Z</time></trkpt><trkpt lat="22.207888333333337" lon="114.02954666666668"><ele>10.8</ele><time>2025-11-15T07:50:58Z</time></trkpt><trkpt lat="22.207870000000003" lon="114.02955333333333"><ele>11.3</ele><time>2025-11-15T07:51:00Z</time></trkpt><trkpt lat="22.207855000000002" lon="114.029565"><ele>11.700000000000001</ele><time>2025-11-15T07:51:02Z</time></trkpt><trkpt lat="22.20783833333333" lon="114.02957666666667"><ele>11.9</ele><time>2025-11-15T07:51:04Z</time></trkpt><trkpt lat="22.207814999999997" lon="114.02959166666666"><ele>11.8</ele><time>2025-11-15T07:51:06Z</time></trkpt><trkpt lat="22.20779166666667" lon="114.02960333333334"><ele>12.200000000000001</ele><time>2025-11-15T07:51:08Z</time></trkpt><trkpt lat="22.207769999999996" lon="114.02961166666667"><ele>12.8</ele><time>2025-11-15T07:51:11Z</time></trkpt><trkpt lat="22.20775666666667" lon="114.02959666666666"><ele>12.6</ele><time>2025-11-15T07:51:13Z</time></trkpt><trkpt lat="22.207755" lon="114.02962000000001"><ele>11.9</ele><time>2025-11-15T07:51:20Z</time></trkpt><trkpt lat="22.20775" lon="114.02964833333333"><ele>12.3</ele><time>2025-11-15T07:51:22Z</time></trkpt><trkpt lat="22.20775" lon="114.02967333333332"><ele>12.6</ele><time>2025-11-15T07:51:24Z</time></trkpt><trkpt lat="22.20774333333333" lon="114.02969333333334"><ele>12.700000000000001</ele><time>2025-11-15T07:51:26Z</time></trkpt><trkpt lat="22.20773" lon="114.02972333333334"><ele>12.5</ele><time>2025-11-15T07:51:29Z</time></trkpt><trkpt lat="22.207721666666664" lon="114.029745"><ele>11.9</ele><time>2025-11-15T07:51:31Z</time></trkpt><trkpt lat="22.207718333333332" lon="114.02976500000001"><ele>11.700000000000001</ele><time>2025-11-15T07:51:33Z</time></trkpt><trkpt lat="22.20771666666667" lon="114.02979666666667"><ele>11.4</ele><time>2025-11-15T07:51:36Z</time></trkpt><trkpt lat="22.207720000000002" lon="114.02981999999999"><ele>10.9</ele><time>2025-11-15T07:51:38Z</time></trkpt><trkpt lat="22.207715" lon="114.02984166666666"><ele>10.1</ele><time>2025-11-15T07:51:40Z</time></trkpt><trkpt lat="22.20771" lon="114.02987333333334"><ele>9.0</ele><time>2025-11-15T07:51:43Z</time></trkpt><trkpt lat="22.207708333333336" lon="114.02989833333335"><ele>8.700000000000001</ele><time>2025-11-15T07:51:45Z</time></trkpt><trkpt lat="22.20770333333333" lon="114.02992333333334"><ele>8.5</ele><time>2025-11-15T07:51:47Z</time></trkpt><trkpt lat="22.207693333333335" lon="114.02993999999998"><ele>8.0</ele><time>2025-11-15T07:51:50Z</time></trkpt><trkpt lat="22.20767166666667" lon="114.02994666666667"><ele>7.5</ele><time>2025-11-15T07:51:53Z</time></trkpt><trkpt lat="22.20765333333333" lon="114.02995166666666"><ele>7.200000000000001</ele><time>2025-11-15T07:51:56Z</time></trkpt><trkpt lat="22.207634999999996" lon="114.029955"><ele>7.1</ele><time>2025-11-15T07:51:58Z</time></trkpt><trkpt lat="22.207616666666663" lon="114.02994166666667"><ele>7.9</ele><time>2025-11-15T07:52:01Z</time></trkpt><trkpt lat="22.20759666666667" lon="114.02994500000001"><ele>8.0</ele><time>2025-11-15T07:52:03Z</time></trkpt><trkpt lat="22.207571666666663" lon="114.02995333333335"><ele>8.3</ele><time>2025-11-15T07:52:06Z</time></trkpt><trkpt lat="22.207556666666665" lon="114.02997500000001"><ele>8.200000000000001</ele><time>2025-11-15T07:52:08Z</time></trkpt><trkpt lat="22.207553333333333" lon="114.02999666666668"><ele>7.700000000000001</ele><time>2025-11-15T07:52:10Z</time></trkpt><trkpt lat="22.20756333333333" lon="114.030025"><ele>7.200000000000001</ele><time>2025-11-15T07:52:12Z</time></trkpt><trkpt lat="22.20757" lon="114.030045"><ele>7.1</ele><time>2025-11-15T07:52:13Z</time></trkpt><trkpt lat="22.207575" lon="114.03006500000001"><ele>6.9</ele><time>2025-11-15T07:52:14Z</time></trkpt><trkpt lat="22.207585" lon="114.03010166666667"><ele>6.9</ele><time>2025-11-15T07:52:16Z</time></trkpt><trkpt lat="22.207593333333328" lon="114.03013000000001"><ele>7.1</ele><time>2025-11-15T07:52:18Z</time></trkpt><trkpt lat="22.20759666666667" lon="114.03016166666666"><ele>7.1</ele><time>2025-11-15T07:52:20Z</time></trkpt><trkpt lat="22.20760833333333" lon="114.03018833333333"><ele>8.0</ele><time>2025-11-15T07:52:22Z</time></trkpt><trkpt lat="22.20758166666667" lon="114.03019666666665"><ele>10.0</ele><time>2025-11-15T07:52:28Z</time></trkpt><trkpt lat="22.20756333333333" lon="114.03020999999998"><ele>10.5</ele><time>2025-11-15T07:52:31Z</time></trkpt><trkpt lat="22.20755166666667" lon="114.03023166666665"><ele>10.5</ele><time>2025-11-15T07:52:33Z</time></trkpt><trkpt lat="22.207535" lon="114.03025166666666"><ele>10.4</ele><time>2025-11-15T07:52:35Z</time></trkpt><trkpt lat="22.207516666666667" lon="114.03027833333333"><ele>10.200000000000001</ele><time>2025-11-15T07:52:37Z</time></trkpt><trkpt lat="22.207501666666666" lon="114.03030500000001"><ele>10.0</ele><time>2025-11-15T07:52:39Z</time></trkpt><trkpt lat="22.20749" lon="114.03033166666667"><ele>9.8</ele><time>2025-11-15T07:52:41Z</time></trkpt><trkpt lat="22.20747666666667" lon="114.03034833333335"><ele>9.700000000000001</ele><time>2025-11-15T07:52:43Z</time></trkpt><trkpt lat="22.207456666666666" lon="114.03036166666668"><ele>10.0</ele><time>2025-11-15T07:52:45Z</time></trkpt><trkpt lat="22.207443333333337" lon="114.03037666666665"><ele>10.6</ele><time>2025-11-15T07:52:47Z</time></trkpt><trkpt lat="22.207435" lon="114.03040000000001"><ele>10.700000000000001</ele><time>2025-11-15T07:52:49Z</time></trkpt><trkpt lat="22.20743" lon="114.03043166666666"><ele>11.1</ele><time>2025-11-15T07:52:51Z</time></trkpt><trkpt lat="22.207418333333333" lon="114.03045833333333"><ele>11.3</ele><time>2025-11-15T07:52:53Z</time></trkpt><trkpt lat="22.207405" lon="114.03047666666667"><ele>11.6</ele><time>2025-11-15T07:52:55Z</time></trkpt><trkpt lat="22.207405" lon="114.03050999999999"><ele>11.5</ele><time>2025-11-15T07:52:57Z</time></trkpt><trkpt lat="22.207408333333333" lon="114.03053999999999"><ele>11.5</ele><time>2025-11-15T07:52:59Z</time></trkpt><trkpt lat="22.2074" lon="114.03056"><ele>10.700000000000001</ele><time>2025-11-15T07:53:01Z</time></trkpt><trkpt lat="22.207373333333333" lon="114.03057166666667"><ele>10.8</ele><time>2025-11-15T07:53:03Z</time></trkpt><trkpt lat="22.207351666666668" lon="114.030565"><ele>11.5</ele><time>2025-11-15T07:53:05Z</time></trkpt><trkpt lat="22.207346666666663" lon="114.03054333333333"><ele>12.6</ele><time>2025-11-15T07:53:08Z</time></trkpt><trkpt lat="22.207328333333333" lon="114.030565"><ele>14.799999999999999</ele><time>2025-11-15T07:53:14Z</time></trkpt><trkpt lat="22.207308333333337" lon="114.03057666666668"><ele>15.299999999999999</ele><time>2025-11-15T07:53:16Z</time></trkpt><trkpt lat="22.207289999999997" lon="114.03058166666666"><ele>15.4</ele><time>2025-11-15T07:53:17Z</time></trkpt><trkpt lat="22.207255" lon="114.03059666666668"><ele>15.9</ele><time>2025-11-15T07:53:19Z</time></trkpt><trkpt lat="22.207225" lon="114.03061333333332"><ele>16.299999999999997</ele><time>2025-11-15T07:53:21Z</time></trkpt><trkpt lat="22.20721" lon="114.03062999999999"><ele>17.0</ele><time>2025-11-15T07:53:23Z</time></trkpt><trkpt lat="22.207186666666665" lon="114.03064"><ele>17.599999999999998</ele><time>2025-11-15T07:53:26Z</time></trkpt><trkpt lat="22.207166666666662" lon="114.030645"><ele>18.099999999999998</ele><time>2025-11-15T07:53:28Z</time></trkpt><trkpt lat="22.20714666666667" lon="114.03064666666666"><ele>18.9</ele><time>2025-11-15T07:53:30Z</time></trkpt><trkpt lat="22.207126666666667" lon="114.03065166666666"><ele>19.599999999999998</ele><time>2025-11-15T07:53:32Z</time></trkpt><trkpt lat="22.207113333333336" lon="114.03066666666668"><ele>19.9</ele><time>2025-11-15T07:53:34Z</time></trkpt><trkpt lat="22.2071" lon="114.03068999999999"><ele>19.799999999999997</ele><time>2025-11-15T07:53:37Z</time></trkpt><trkpt lat="22.207081666666667" lon="114.03070000000001"><ele>19.799999999999997</ele><time>2025-11-15T07:53:39Z</time></trkpt><trkpt lat="22.207069999999998" lon="114.03072333333333"><ele>20.2</ele><time>2025-11-15T07:53:42Z</time></trkpt><trkpt lat="22.20705666666667" lon="114.03074"><ele>20.299999999999997</ele><time>2025-11-15T07:53:44Z</time></trkpt><trkpt lat="22.207045" lon="114.03075833333332"><ele>20.0</ele><time>2025-11-15T07:53:47Z</time></trkpt><trkpt lat="22.207023333333336" lon="114.03077"><ele>19.7</ele><time>2025-11-15T07:53:50Z</time></trkpt><trkpt lat="22.207003333333333" lon="114.03077833333333"><ele>19.4</ele><time>2025-11-15T07:53:52Z</time></trkpt><trkpt lat="22.206985" lon="114.03079000000001"><ele>19.0</ele><time>2025-11-15T07:53:54Z</time></trkpt><trkpt lat="22.206968333333332" lon="114.03079833333335"><ele>18.799999999999997</ele><time>2025-11-15T07:53:56Z</time></trkpt><trkpt lat="22.206948333333337" lon="114.03080833333334"><ele>18.799999999999997</ele><time>2025-11-15T07:53:58Z</time></trkpt><trkpt lat="22.206926666666664" lon="114.03082666666666"><ele>18.9</ele><time>2025-11-15T07:54:00Z</time></trkpt><trkpt lat="22.20691" lon="114.03084666666668"><ele>19.0</ele><time>2025-11-15T07:54:02Z</time></trkpt><trkpt lat="22.206889999999998" lon="114.03085833333334"><ele>19.299999999999997</ele><time>2025-11-15T07:54:04Z</time></trkpt><trkpt lat="22.206871666666665" lon="114.03087166666667"><ele>19.2</ele><time>2025-11-15T07:54:06Z</time></trkpt><trkpt lat="22.20685166666666" lon="114.03087833333332"><ele>19.099999999999998</ele><time>2025-11-15T07:54:08Z</time></trkpt><trkpt lat="22.206835" lon="114.03088666666666"><ele>19.2</ele><time>2025-11-15T07:54:10Z</time></trkpt><trkpt lat="22.206810000000004" lon="114.03089166666665"><ele>18.799999999999997</ele><time>2025-11-15T07:54:14Z</time></trkpt><trkpt lat="22.206791666666664" lon="114.03090166666668"><ele>18.5</ele><time>2025-11-15T07:54:16Z</time></trkpt><trkpt lat="22.206768333333336" lon="114.03091333333332"><ele>18.799999999999997</ele><time>2025-11-15T07:54:19Z</time></trkpt><trkpt lat="22.206745" lon="114.03091833333335"><ele>18.9</ele><time>2025-11-15T07:54:21Z</time></trkpt><trkpt lat="22.206723333333336" lon="114.03092666666667"><ele>18.5</ele><time>2025-11-15T07:54:23Z</time></trkpt><trkpt lat="22.206705000000003" lon="114.03093833333332"><ele>18.599999999999998</ele><time>2025-11-15T07:54:25Z</time></trkpt><trkpt lat="22.206678333333336" lon="114.030945"><ele>19.0</ele><time>2025-11-15T07:54:27Z</time></trkpt><trkpt lat="22.206660000000003" lon="114.03096166666667"><ele>19.299999999999997</ele><time>2025-11-15T07:54:29Z</time></trkpt><trkpt lat="22.206645" lon="114.03097833333335"><ele>18.799999999999997</ele><time>2025-11-15T07:54:31Z</time></trkpt><trkpt lat="22.20662333333333" lon="114.030985"><ele>18.099999999999998</ele><time>2025-11-15T07:54:35Z</time></trkpt><trkpt lat="22.206603333333337" lon="114.03099333333333"><ele>17.799999999999997</ele><time>2025-11-15T07:54:37Z</time></trkpt><trkpt lat="22.20657833333333" lon="114.03101333333333"><ele>17.9</ele><time>2025-11-15T07:54:40Z</time></trkpt><trkpt lat="22.206558333333337" lon="114.03103000000002"><ele>17.7</ele><time>2025-11-15T07:54:42Z</time></trkpt><trkpt lat="22.206540000000004" lon="114.03103833333334"><ele>17.5</ele><time>2025-11-15T07:54:45Z</time></trkpt><trkpt lat="22.20651666666667" lon="114.03104"><ele>17.599999999999998</ele><time>2025-11-15T07:54:48Z</time></trkpt><trkpt lat="22.206495000000004" lon="114.03104499999999"><ele>18.099999999999998</ele><time>2025-11-15T07:54:50Z</time></trkpt><trkpt lat="22.20647166666667" lon="114.03105"><ele>18.5</ele><time>2025-11-15T07:54:52Z</time></trkpt><trkpt lat="22.206450000000004" lon="114.03106166666666"><ele>19.099999999999998</ele><time>2025-11-15T07:54:54Z</time></trkpt><trkpt lat="22.206436666666665" lon="114.031075"><ele>20.799999999999997</ele><time>2025-11-15T07:54:56Z</time></trkpt><trkpt lat="22.206418333333332" lon="114.03108166666668"><ele>23.299999999999997</ele><time>2025-11-15T07:54:59Z</time></trkpt><trkpt lat="22.206394999999997" lon="114.03107999999999"><ele>25.7</ele><time>2025-11-15T07:55:02Z</time></trkpt><trkpt lat="22.206376666666664" lon="114.03108833333333"><ele>27.0</ele><time>2025-11-15T07:55:04Z</time></trkpt><trkpt lat="22.206360000000004" lon="114.03109833333335"><ele>27.4</ele><time>2025-11-15T07:55:06Z</time></trkpt><trkpt lat="22.206348333333334" lon="114.03111333333332"><ele>27.599999999999998</ele><time>2025-11-15T07:55:08Z</time></trkpt><trkpt lat="22.206333333333337" lon="114.03113499999999"><ele>28.0</ele><time>2025-11-15T07:55:11Z</time></trkpt><trkpt lat="22.206319999999998" lon="114.03115000000001"><ele>28.4</ele><time>2025-11-15T07:55:13Z</time></trkpt><trkpt lat="22.20629666666667" lon="114.03116166666665"><ele>29.299999999999997</ele><time>2025-11-15T07:55:16Z</time></trkpt><trkpt lat="22.206286666666664" lon="114.03118"><ele>29.7</ele><time>2025-11-15T07:55:18Z</time></trkpt><trkpt lat="22.206273333333336" lon="114.031195"><ele>29.7</ele><time>2025-11-15T07:55:20Z</time></trkpt><trkpt lat="22.20625166666667" lon="114.03120666666668"><ele>29.7</ele><time>2025-11-15T07:55:22Z</time></trkpt><trkpt lat="22.206228333333335" lon="114.03121000000002"><ele>30.0</ele><time>2025-11-15T07:55:24Z</time></trkpt><trkpt lat="22.206198333333337" lon="114.03122833333333"><ele>30.9</ele><time>2025-11-15T07:55:26Z</time></trkpt><trkpt lat="22.206183333333335" lon="114.03124166666666"><ele>31.5</ele><time>2025-11-15T07:55:27Z</time></trkpt><trkpt lat="22.206166666666665" lon="114.031255"><ele>32.199999999999996</ele><time>2025-11-15T07:55:28Z</time></trkpt><trkpt lat="22.20615" lon="114.03127666666666"><ele>32.699999999999996</ele><time>2025-11-15T07:55:29Z</time></trkpt><trkpt lat="22.20615666666667" lon="114.03125666666668"><ele>33.3</ele><time>2025-11-15T07:55:31Z</time></trkpt><trkpt lat="22.20614666666667" lon="114.03123500000001"><ele>34.5</ele><time>2025-11-15T07:55:34Z</time></trkpt><trkpt lat="22.20614333333333" lon="114.03126166666668"><ele>36.4</ele><time>2025-11-15T07:55:38Z</time></trkpt><trkpt lat="22.206151666666663" lon="114.03128666666667"><ele>37.0</ele><time>2025-11-15T07:55:40Z</time></trkpt><trkpt lat="22.20614666666667" lon="114.03131333333334"><ele>37.3</ele><time>2025-11-15T07:55:42Z</time></trkpt><trkpt lat="22.206151666666663" lon="114.03133333333332"><ele>38.1</ele><time>2025-11-15T07:55:44Z</time></trkpt><trkpt lat="22.20616" lon="114.03135666666667"><ele>38.0</ele><time>2025-11-15T07:55:46Z</time></trkpt><trkpt lat="22.206166666666665" lon="114.03137666666667"><ele>37.8</ele><time>2025-11-15T07:55:48Z</time></trkpt><trkpt lat="22.206168333333334" lon="114.0314"><ele>38.1</ele><time>2025-11-15T07:55:50Z</time></trkpt><trkpt lat="22.206168333333334" lon="114.03142000000001"><ele>38.1</ele><time>2025-11-15T07:55:52Z</time></trkpt><trkpt lat="22.206166666666665" lon="114.03145"><ele>38.4</ele><time>2025-11-15T07:55:54Z</time></trkpt><trkpt lat="22.206155" lon="114.03146666666667"><ele>38.4</ele><time>2025-11-15T07:55:56Z</time></trkpt><trkpt lat="22.20614333333333" lon="114.03149333333334"><ele>37.5</ele><time>2025-11-15T07:55:59Z</time></trkpt><trkpt lat="22.206129999999998" lon="114.03151333333332"><ele>35.9</ele><time>2025-11-15T07:56:01Z</time></trkpt><trkpt lat="22.206123333333334" lon="114.03153166666668"><ele>33.5</ele><time>2025-11-15T07:56:04Z</time></trkpt><trkpt lat="22.20611333333333" lon="114.03155666666667"><ele>31.6</ele><time>2025-11-15T07:56:07Z</time></trkpt><trkpt lat="22.206118333333333" lon="114.03157833333334"><ele>30.2</ele><time>2025-11-15T07:56:11Z</time></trkpt><trkpt lat="22.206120000000002" lon="114.03160000000001"><ele>28.5</ele><time>2025-11-15T07:56:15Z</time></trkpt><trkpt lat="22.206115" lon="114.03162833333333"><ele>26.7</ele><time>2025-11-15T07:56:19Z</time></trkpt><trkpt lat="22.206090000000003" lon="114.03163166666667"><ele>25.7</ele><time>2025-11-15T07:56:21Z</time></trkpt><trkpt lat="22.20607" lon="114.03163500000001"><ele>25.099999999999998</ele><time>2025-11-15T07:56:23Z</time></trkpt><trkpt lat="22.206084999999998" lon="114.03161999999999"><ele>24.7</ele><time>2025-11-15T07:56:33Z</time></trkpt><trkpt lat="22.206105" lon="114.03158"><ele>29.7</ele><time>2025-11-15T07:57:30Z</time></trkpt><trkpt lat="22.206094999999998" lon="114.03160833333335"><ele>29.7</ele><time>2025-11-15T07:57:56Z</time></trkpt><trkpt lat="22.20607166666667" lon="114.03163"><ele>30.2</ele><time>2025-11-15T07:58:00Z</time></trkpt><trkpt lat="22.206055" lon="114.03164"><ele>30.4</ele><time>2025-11-15T07:58:01Z</time></trkpt><trkpt lat="22.20603833333333" lon="114.03165166666668"><ele>30.699999999999996</ele><time>2025-11-15T07:58:02Z</time></trkpt><trkpt lat="22.206049999999998" lon="114.03167333333334"><ele>31.199999999999996</ele><time>2025-11-15T07:58:05Z</time></trkpt><trkpt lat="22.20603833333333" lon="114.0317"><ele>30.9</ele><time>2025-11-15T07:58:08Z</time></trkpt><trkpt lat="22.20604166666667" lon="114.03172"><ele>30.799999999999997</ele><time>2025-11-15T07:58:10Z</time></trkpt><trkpt lat="22.206033333333334" lon="114.03174499999999"><ele>27.799999999999997</ele><time>2025-11-15T07:58:14Z</time></trkpt><trkpt lat="22.20602666666667" lon="114.03177166666667"><ele>27.5</ele><time>2025-11-15T07:58:17Z</time></trkpt><trkpt lat="22.206025" lon="114.031795"><ele>26.7</ele><time>2025-11-15T07:58:20Z</time></trkpt><trkpt lat="22.20601" lon="114.03181000000001"><ele>25.599999999999998</ele><time>2025-11-15T07:58:23Z</time></trkpt><trkpt lat="22.206000000000003" lon="114.03182999999999"><ele>25.4</ele><time>2025-11-15T07:58:25Z</time></trkpt><trkpt lat="22.205989999999996" lon="114.03185"><ele>25.2</ele><time>2025-11-15T07:58:27Z</time></trkpt><trkpt lat="22.205978333333338" lon="114.031875"><ele>25.2</ele><time>2025-11-15T07:58:30Z</time></trkpt><trkpt lat="22.205973333333336" lon="114.03189833333333"><ele>25.599999999999998</ele><time>2025-11-15T07:58:32Z</time></trkpt><trkpt lat="22.205965" lon="114.03192833333333"><ele>26.2</ele><time>2025-11-15T07:58:34Z</time></trkpt><trkpt lat="22.205944999999996" lon="114.03194833333333"><ele>26.299999999999997</ele><time>2025-11-15T07:58:36Z</time></trkpt><trkpt lat="22.20593" lon="114.03196666666666"><ele>26.299999999999997</ele><time>2025-11-15T07:58:38Z</time></trkpt><trkpt lat="22.205914999999997" lon="114.03198499999999"><ele>27.2</ele><time>2025-11-15T07:58:41Z</time></trkpt><trkpt lat="22.205893333333332" lon="114.032"><ele>26.9</ele><time>2025-11-15T07:58:43Z</time></trkpt><trkpt lat="22.205873333333336" lon="114.03200833333334"><ele>25.9</ele><time>2025-11-15T07:58:45Z</time></trkpt><trkpt lat="22.205865000000003" lon="114.03203"><ele>24.2</ele><time>2025-11-15T07:58:47Z</time></trkpt><trkpt lat="22.205859999999998" lon="114.03205333333332"><ele>22.599999999999998</ele><time>2025-11-15T07:58:49Z</time></trkpt><trkpt lat="22.205866666666665" lon="114.03207666666667"><ele>21.599999999999998</ele><time>2025-11-15T07:58:51Z</time></trkpt><trkpt lat="22.205863333333333" lon="114.03210499999999"><ele>21.299999999999997</ele><time>2025-11-15T07:58:53Z</time></trkpt><trkpt lat="22.205863333333333" lon="114.03213166666667"><ele>20.2</ele><time>2025-11-15T07:58:55Z</time></trkpt><trkpt lat="22.205868333333335" lon="114.03217000000001"><ele>19.599999999999998</ele><time>2025-11-15T07:58:57Z</time></trkpt><trkpt lat="22.205873333333336" lon="114.03220333333333"><ele>19.0</ele><time>2025-11-15T07:58:59Z</time></trkpt><trkpt lat="22.20587833333333" lon="114.03222499999998"><ele>18.599999999999998</ele><time>2025-11-15T07:59:01Z</time></trkpt><trkpt lat="22.205883333333336" lon="114.032245"><ele>18.599999999999998</ele><time>2025-11-15T07:59:03Z</time></trkpt><trkpt lat="22.20589" lon="114.03226500000001"><ele>18.799999999999997</ele><time>2025-11-15T07:59:05Z</time></trkpt><trkpt lat="22.205893333333332" lon="114.03228833333333"><ele>18.7</ele><time>2025-11-15T07:59:07Z</time></trkpt><trkpt lat="22.205893333333332" lon="114.03232333333332"><ele>18.5</ele><time>2025-11-15T07:59:09Z</time></trkpt><trkpt lat="22.205888333333338" lon="114.03235833333335"><ele>18.2</ele><time>2025-11-15T07:59:11Z</time></trkpt><trkpt lat="22.20589" lon="114.03237833333333"><ele>17.9</ele><time>2025-11-15T07:59:14Z</time></trkpt><trkpt lat="22.205899999999996" lon="114.03240499999998"><ele>17.5</ele><time>2025-11-15T07:59:18Z</time></trkpt><trkpt lat="22.20589" lon="114.032425"><ele>19.599999999999998</ele><time>2025-11-15T07:59:22Z</time></trkpt><trkpt lat="22.205859999999998" lon="114.03242833333334"><ele>20.4</ele><time>2025-11-15T07:59:24Z</time></trkpt><trkpt lat="22.20583166666667" lon="114.03243833333333"><ele>21.4</ele><time>2025-11-15T07:59:26Z</time></trkpt><trkpt lat="22.205806666666664" lon="114.03244166666667"><ele>22.599999999999998</ele><time>2025-11-15T07:59:29Z</time></trkpt><trkpt lat="22.20578666666667" lon="114.03244666666666"><ele>23.2</ele><time>2025-11-15T07:59:33Z</time></trkpt><trkpt lat="22.205768333333335" lon="114.03244500000001"><ele>23.7</ele><time>2025-11-15T07:59:35Z</time></trkpt><trkpt lat="22.205748333333336" lon="114.03243666666667"><ele>24.299999999999997</ele><time>2025-11-15T07:59:39Z</time></trkpt><trkpt lat="22.205728333333333" lon="114.03245333333334"><ele>23.9</ele><time>2025-11-15T07:59:43Z</time></trkpt><trkpt lat="22.20571166666667" lon="114.03246666666668"><ele>22.599999999999998</ele><time>2025-11-15T07:59:45Z</time></trkpt><trkpt lat="22.205703333333336" lon="114.03248833333333"><ele>21.2</ele><time>2025-11-15T07:59:47Z</time></trkpt><trkpt lat="22.205696666666668" lon="114.03250666666666"><ele>20.4</ele><time>2025-11-15T07:59:49Z</time></trkpt><trkpt lat="22.205695" lon="114.03253333333332"><ele>20.0</ele><time>2025-11-15T07:59:51Z</time></trkpt><trkpt lat="22.205683333333333" lon="114.03255333333333"><ele>18.0</ele><time>2025-11-15T07:59:53Z</time></trkpt><trkpt lat="22.20568166666667" lon="114.03257833333333"><ele>17.0</ele><time>2025-11-15T07:59:55Z</time></trkpt><trkpt lat="22.20568166666667" lon="114.0326"><ele>16.9</ele><time>2025-11-15T07:59:57Z</time></trkpt><trkpt lat="22.205693333333336" lon="114.03263"><ele>16.2</ele><time>2025-11-15T07:59:59Z</time></trkpt><trkpt lat="22.205695" lon="114.03265333333333"><ele>15.9</ele><time>2025-11-15T08:00:04Z</time></trkpt><trkpt lat="22.20571166666667" lon="114.03266833333333"><ele>15.4</ele><time>2025-11-15T08:00:07Z</time></trkpt><trkpt lat="22.205728333333333" lon="114.03267833333332"><ele>15.4</ele><time>2025-11-15T08:00:09Z</time></trkpt><trkpt lat="22.20574333333333" lon="114.03269"><ele>15.6</ele><time>2025-11-15T08:00:13Z</time></trkpt><trkpt lat="22.205724999999997" lon="114.03270833333333"><ele>15.299999999999999</ele><time>2025-11-15T08:00:16Z</time></trkpt><trkpt lat="22.205724999999997" lon="114.03274000000002"><ele>15.299999999999999</ele><time>2025-11-15T08:00:18Z</time></trkpt><trkpt lat="22.205733333333335" lon="114.03276"><ele>15.1</ele><time>2025-11-15T08:00:20Z</time></trkpt><trkpt lat="22.205736666666667" lon="114.03278166666665"><ele>14.799999999999999</ele><time>2025-11-15T08:00:22Z</time></trkpt><trkpt lat="22.205745" lon="114.032815"><ele>15.1</ele><time>2025-11-15T08:00:24Z</time></trkpt><trkpt lat="22.205761666666664" lon="114.03284333333335"><ele>15.9</ele><time>2025-11-15T08:00:26Z</time></trkpt><trkpt lat="22.205779999999997" lon="114.03286166666666"><ele>18.0</ele><time>2025-11-15T08:00:29Z</time></trkpt><trkpt lat="22.205791666666663" lon="114.032885"><ele>19.5</ele><time>2025-11-15T08:00:31Z</time></trkpt><trkpt lat="22.205793333333336" lon="114.03291499999999"><ele>21.099999999999998</ele><time>2025-11-15T08:00:33Z</time></trkpt><trkpt lat="22.20579" lon="114.03294166666667"><ele>22.0</ele><time>2025-11-15T08:00:36Z</time></trkpt><trkpt lat="22.205795" lon="114.03296333333334"><ele>23.299999999999997</ele><time>2025-11-15T08:00:38Z</time></trkpt><trkpt lat="22.205809999999996" lon="114.03298500000001"><ele>26.0</ele><time>2025-11-15T08:00:40Z</time></trkpt><trkpt lat="22.205824999999997" lon="114.03300666666668"><ele>27.799999999999997</ele><time>2025-11-15T08:00:42Z</time></trkpt><trkpt lat="22.205838333333336" lon="114.03303499999998"><ele>28.799999999999997</ele><time>2025-11-15T08:00:44Z</time></trkpt><trkpt lat="22.205845" lon="114.03306166666668"><ele>29.7</ele><time>2025-11-15T08:00:46Z</time></trkpt><trkpt lat="22.205851666666664" lon="114.03308666666665"><ele>30.299999999999997</ele><time>2025-11-15T08:00:48Z</time></trkpt><trkpt lat="22.205868333333335" lon="114.03309666666668"><ele>29.9</ele><time>2025-11-15T08:00:53Z</time></trkpt><trkpt lat="22.205869999999997" lon="114.03312333333334"><ele>29.299999999999997</ele><time>2025-11-15T08:00:55Z</time></trkpt><trkpt lat="22.20585" lon="114.03314"><ele>27.7</ele><time>2025-11-15T08:00:59Z</time></trkpt><trkpt lat="22.205835" lon="114.033155"><ele>26.2</ele><time>2025-11-15T08:01:01Z</time></trkpt><trkpt lat="22.205820000000003" lon="114.03317333333334"><ele>24.799999999999997</ele><time>2025-11-15T08:01:03Z</time></trkpt><trkpt lat="22.205808333333334" lon="114.03319166666667"><ele>23.5</ele><time>2025-11-15T08:01:05Z</time></trkpt><trkpt lat="22.20580166666667" lon="114.03321"><ele>22.599999999999998</ele><time>2025-11-15T08:01:07Z</time></trkpt><trkpt lat="22.2058" lon="114.03323333333334"><ele>22.099999999999998</ele><time>2025-11-15T08:01:09Z</time></trkpt><trkpt lat="22.205798333333338" lon="114.03325666666666"><ele>21.5</ele><time>2025-11-15T08:01:11Z</time></trkpt><trkpt lat="22.20580166666667" lon="114.03327666666668"><ele>21.0</ele><time>2025-11-15T08:01:13Z</time></trkpt><trkpt lat="22.205803333333332" lon="114.03330166666667"><ele>20.5</ele><time>2025-11-15T08:01:15Z</time></trkpt><trkpt lat="22.205806666666664" lon="114.03332833333334"><ele>20.2</ele><time>2025-11-15T08:01:17Z</time></trkpt><trkpt lat="22.205813333333335" lon="114.03335166666666"><ele>19.099999999999998</ele><time>2025-11-15T08:01:19Z</time></trkpt><trkpt lat="22.205818333333333" lon="114.033375"><ele>18.299999999999997</ele><time>2025-11-15T08:01:21Z</time></trkpt><trkpt lat="22.205824999999997" lon="114.033405"><ele>18.299999999999997</ele><time>2025-11-15T08:01:23Z</time></trkpt><trkpt lat="22.205821666666665" lon="114.033425"><ele>17.599999999999998</ele><time>2025-11-15T08:01:25Z</time></trkpt><trkpt lat="22.205818333333333" lon="114.033445"><ele>16.5</ele><time>2025-11-15T08:01:27Z</time></trkpt><trkpt lat="22.205806666666664" lon="114.033465"><ele>15.1</ele><time>2025-11-15T08:01:29Z</time></trkpt><trkpt lat="22.205803333333332" lon="114.03349166666666"><ele>14.4</ele><time>2025-11-15T08:01:31Z</time></trkpt><trkpt lat="22.205785" lon="114.033515"><ele>13.5</ele><time>2025-11-15T08:01:33Z</time></trkpt><trkpt lat="22.205768333333335" lon="114.03353"><ele>12.6</ele><time>2025-11-15T08:01:35Z</time></trkpt><trkpt lat="22.20574333333333" lon="114.03353666666665"><ele>12.0</ele><time>2025-11-15T08:01:37Z</time></trkpt><trkpt lat="22.205733333333335" lon="114.03355333333333"><ele>11.5</ele><time>2025-11-15T08:01:39Z</time></trkpt><trkpt lat="22.205724999999997" lon="114.03357499999998"><ele>10.4</ele><time>2025-11-15T08:01:43Z</time></trkpt><trkpt lat="22.205719999999996" lon="114.033595"><ele>9.3</ele><time>2025-11-15T08:01:45Z</time></trkpt><trkpt lat="22.205705" lon="114.03361666666666"><ele>8.1</ele><time>2025-11-15T08:01:48Z</time></trkpt><trkpt lat="22.205683333333333" lon="114.03363166666668"><ele>7.700000000000001</ele><time>2025-11-15T08:01:50Z</time></trkpt><trkpt lat="22.205683333333333" lon="114.03365666666666"><ele>8.0</ele><time>2025-11-15T08:01:54Z</time></trkpt><trkpt lat="22.205691666666667" lon="114.03367833333331"><ele>8.4</ele><time>2025-11-15T08:01:56Z</time></trkpt><trkpt lat="22.205696666666668" lon="114.03370500000001"><ele>8.700000000000001</ele><time>2025-11-15T08:01:58Z</time></trkpt><trkpt lat="22.205701666666663" lon="114.03372833333333"><ele>9.5</ele><time>2025-11-15T08:02:01Z</time></trkpt><trkpt lat="22.2057" lon="114.03374833333334"><ele>10.0</ele><time>2025-11-15T08:02:03Z</time></trkpt><trkpt lat="22.2057" lon="114.03377833333334"><ele>10.700000000000001</ele><time>2025-11-15T08:02:05Z</time></trkpt><trkpt lat="22.205696666666668" lon="114.03380666666665"><ele>11.4</ele><time>2025-11-15T08:02:07Z</time></trkpt><trkpt lat="22.205695" lon="114.03383166666666"><ele>12.200000000000001</ele><time>2025-11-15T08:02:09Z</time></trkpt><trkpt lat="22.205693333333336" lon="114.03385833333331"><ele>12.9</ele><time>2025-11-15T08:02:11Z</time></trkpt><trkpt lat="22.20569833333333" lon="114.03389166666666"><ele>14.0</ele><time>2025-11-15T08:02:13Z</time></trkpt><trkpt lat="22.20569833333333" lon="114.03392833333334"><ele>15.1</ele><time>2025-11-15T08:02:15Z</time></trkpt><trkpt lat="22.20569833333333" lon="114.03395666666665"><ele>16.099999999999998</ele><time>2025-11-15T08:02:17Z</time></trkpt><trkpt lat="22.205696666666668" lon="114.03398333333334"><ele>17.099999999999998</ele><time>2025-11-15T08:02:19Z</time></trkpt><trkpt lat="22.205703333333336" lon="114.03400166666667"><ele>18.2</ele><time>2025-11-15T08:02:21Z</time></trkpt><trkpt lat="22.205708333333337" lon="114.03403333333333"><ele>19.4</ele><time>2025-11-15T08:02:23Z</time></trkpt><trkpt lat="22.205715" lon="114.03405166666668"><ele>20.2</ele><time>2025-11-15T08:02:25Z</time></trkpt><trkpt lat="22.205724999999997" lon="114.03407333333334"><ele>21.5</ele><time>2025-11-15T08:02:28Z</time></trkpt><trkpt lat="22.205728333333333" lon="114.03409833333332"><ele>22.2</ele><time>2025-11-15T08:02:31Z</time></trkpt><trkpt lat="22.205746666666663" lon="114.034125"><ele>23.2</ele><time>2025-11-15T08:02:33Z</time></trkpt><trkpt lat="22.20574333333333" lon="114.03414833333333"><ele>23.5</ele><time>2025-11-15T08:02:35Z</time></trkpt><trkpt lat="22.20574166666667" lon="114.03416833333334"><ele>23.7</ele><time>2025-11-15T08:02:37Z</time></trkpt><trkpt lat="22.205738333333336" lon="114.03418833333332"><ele>23.4</ele><time>2025-11-15T08:02:39Z</time></trkpt><trkpt lat="22.20574" lon="114.03420833333332"><ele>23.4</ele><time>2025-11-15T08:02:41Z</time></trkpt><trkpt lat="22.205736666666667" lon="114.034235"><ele>23.5</ele><time>2025-11-15T08:02:44Z</time></trkpt><trkpt lat="22.205731666666665" lon="114.03426166666668"><ele>23.4</ele><time>2025-11-15T08:02:46Z</time></trkpt><trkpt lat="22.205731666666665" lon="114.03428333333335"><ele>23.299999999999997</ele><time>2025-11-15T08:02:48Z</time></trkpt><trkpt lat="22.205736666666667" lon="114.03430333333333"><ele>23.599999999999998</ele><time>2025-11-15T08:02:51Z</time></trkpt><trkpt lat="22.205734999999997" lon="114.03432333333333"><ele>23.0</ele><time>2025-11-15T08:02:56Z</time></trkpt><trkpt lat="22.205745" lon="114.03434"><ele>22.0</ele><time>2025-11-15T08:03:11Z</time></trkpt><trkpt lat="22.205761666666664" lon="114.03435499999999"><ele>21.9</ele><time>2025-11-15T08:03:14Z</time></trkpt><trkpt lat="22.205763333333334" lon="114.03438166666668"><ele>21.4</ele><time>2025-11-15T08:03:18Z</time></trkpt><trkpt lat="22.205769999999998" lon="114.03440333333334"><ele>21.2</ele><time>2025-11-15T08:03:20Z</time></trkpt><trkpt lat="22.205779999999997" lon="114.03442333333332"><ele>21.0</ele><time>2025-11-15T08:03:22Z</time></trkpt><trkpt lat="22.20578833333333" lon="114.03444333333333"><ele>20.799999999999997</ele><time>2025-11-15T08:03:24Z</time></trkpt><trkpt lat="22.205793333333336" lon="114.03447333333334"><ele>20.9</ele><time>2025-11-15T08:03:26Z</time></trkpt><trkpt lat="22.205806666666664" lon="114.03449833333335"><ele>21.0</ele><time>2025-11-15T08:03:28Z</time></trkpt><trkpt lat="22.205814999999998" lon="114.03452166666666"><ele>19.7</ele><time>2025-11-15T08:03:31Z</time></trkpt><trkpt lat="22.205826666666667" lon="114.03454500000001"><ele>17.7</ele><time>2025-11-15T08:03:35Z</time></trkpt><trkpt lat="22.205835" lon="114.03456333333334"><ele>16.599999999999998</ele><time>2025-11-15T08:03:37Z</time></trkpt><trkpt lat="22.205845" lon="114.03458833333335"><ele>14.1</ele><time>2025-11-15T08:03:40Z</time></trkpt><trkpt lat="22.205838333333336" lon="114.03461"><ele>13.5</ele><time>2025-11-15T08:03:43Z</time></trkpt><trkpt lat="22.205821666666665" lon="114.03462333333333"><ele>13.4</ele><time>2025-11-15T08:03:45Z</time></trkpt><trkpt lat="22.2058" lon="114.03463833333332"><ele>12.6</ele><time>2025-11-15T08:03:47Z</time></trkpt><trkpt lat="22.205781666666667" lon="114.03464333333335"><ele>12.1</ele><time>2025-11-15T08:03:49Z</time></trkpt><trkpt lat="22.205764999999996" lon="114.03466333333333"><ele>12.4</ele><time>2025-11-15T08:03:56Z</time></trkpt><trkpt lat="22.205746666666663" lon="114.03468166666669"><ele>13.0</ele><time>2025-11-15T08:03:57Z</time></trkpt><trkpt lat="22.205736666666667" lon="114.03470166666666"><ele>13.3</ele><time>2025-11-15T08:03:58Z</time></trkpt><trkpt lat="22.205731666666665" lon="114.03472166666667"><ele>14.200000000000001</ele><time>2025-11-15T08:04:00Z</time></trkpt><trkpt lat="22.205723333333335" lon="114.03474"><ele>14.3</ele><time>2025-11-15T08:04:02Z</time></trkpt><trkpt lat="22.205715" lon="114.03476"><ele>14.700000000000001</ele><time>2025-11-15T08:04:04Z</time></trkpt><trkpt lat="22.205705" lon="114.03478500000001"><ele>14.200000000000001</ele><time>2025-11-15T08:04:07Z</time></trkpt><trkpt lat="22.205673333333333" lon="114.03476"><ele>14.3</ele><time>2025-11-15T08:04:09Z</time></trkpt><trkpt lat="22.205668333333332" lon="114.03479166666666"><ele>14.200000000000001</ele><time>2025-11-15T08:04:12Z</time></trkpt><trkpt lat="22.205673333333333" lon="114.03481166666667"><ele>14.3</ele><time>2025-11-15T08:04:13Z</time></trkpt><trkpt lat="22.205679999999997" lon="114.03483"><ele>14.200000000000001</ele><time>2025-11-15T08:04:14Z</time></trkpt><trkpt lat="22.205695" lon="114.03486"><ele>13.8</ele><time>2025-11-15T08:04:16Z</time></trkpt><trkpt lat="22.205708333333337" lon="114.03487666666666"><ele>13.3</ele><time>2025-11-15T08:04:18Z</time></trkpt><trkpt lat="22.20572666666667" lon="114.03488333333334"><ele>13.4</ele><time>2025-11-15T08:04:21Z</time></trkpt><trkpt lat="22.20574333333333" lon="114.034865"><ele>11.700000000000001</ele><time>2025-11-15T08:04:27Z</time></trkpt><trkpt lat="22.205734999999997" lon="114.03489166666668"><ele>10.9</ele><time>2025-11-15T08:04:30Z</time></trkpt><trkpt lat="22.205731666666665" lon="114.03492"><ele>10.5</ele><time>2025-11-15T08:04:32Z</time></trkpt><trkpt lat="22.205723333333335" lon="114.034955"><ele>10.200000000000001</ele><time>2025-11-15T08:04:34Z</time></trkpt><trkpt lat="22.205733333333335" lon="114.034975"><ele>9.8</ele><time>2025-11-15T08:04:36Z</time></trkpt><trkpt lat="22.205745" lon="114.03499666666667"><ele>9.4</ele><time>2025-11-15T08:04:38Z</time></trkpt><trkpt lat="22.205758333333332" lon="114.03501666666668"><ele>9.0</ele><time>2025-11-15T08:04:40Z</time></trkpt><trkpt lat="22.205776666666665" lon="114.03503833333335"><ele>8.5</ele><time>2025-11-15T08:04:42Z</time></trkpt><trkpt lat="22.205793333333336" lon="114.03506"><ele>7.5</ele><time>2025-11-15T08:04:44Z</time></trkpt><trkpt lat="22.2058" lon="114.03508333333333"><ele>6.1</ele><time>2025-11-15T08:04:46Z</time></trkpt><trkpt lat="22.205809999999996" lon="114.035115"><ele>5.6</ele><time>2025-11-15T08:04:48Z</time></trkpt><trkpt lat="22.205828333333336" lon="114.03513999999998"><ele>6.5</ele><time>2025-11-15T08:04:50Z</time></trkpt><trkpt lat="22.205836666666663" lon="114.03515999999999"><ele>7.0</ele><time>2025-11-15T08:04:52Z</time></trkpt><trkpt lat="22.205858333333335" lon="114.03516833333333"><ele>7.200000000000001</ele><time>2025-11-15T08:04:55Z</time></trkpt><trkpt lat="22.205873333333336" lon="114.03518333333335"><ele>7.5</ele><time>2025-11-15T08:04:58Z</time></trkpt><trkpt lat="22.205881666666663" lon="114.035205"><ele>8.6</ele><time>2025-11-15T08:05:03Z</time></trkpt><trkpt lat="22.20589" lon="114.03523500000001"><ele>9.0</ele><time>2025-11-15T08:05:05Z</time></trkpt><trkpt lat="22.205898333333334" lon="114.03526166666667"><ele>8.9</ele><time>2025-11-15T08:05:08Z</time></trkpt><trkpt lat="22.205916666666667" lon="114.03526333333333"><ele>8.6</ele><time>2025-11-15T08:05:11Z</time></trkpt><trkpt lat="22.205935" lon="114.03525166666668"><ele>8.3</ele><time>2025-11-15T08:05:13Z</time></trkpt><trkpt lat="22.205949999999998" lon="114.03523666666666"><ele>8.6</ele><time>2025-11-15T08:05:16Z</time></trkpt><trkpt lat="22.20596833333333" lon="114.03522833333334"><ele>8.9</ele><time>2025-11-15T08:05:19Z</time></trkpt><trkpt lat="22.205983333333332" lon="114.03521"><ele>9.4</ele><time>2025-11-15T08:05:22Z</time></trkpt><trkpt lat="22.205998333333334" lon="114.03519499999999"><ele>9.6</ele><time>2025-11-15T08:05:24Z</time></trkpt><trkpt lat="22.20601" lon="114.03517500000001"><ele>10.4</ele><time>2025-11-15T08:05:27Z</time></trkpt><trkpt lat="22.206028333333332" lon="114.03518333333335"><ele>11.5</ele><time>2025-11-15T08:05:30Z</time></trkpt><trkpt lat="22.206039999999998" lon="114.03520666666667"><ele>12.700000000000001</ele><time>2025-11-15T08:05:33Z</time></trkpt><trkpt lat="22.20603833333333" lon="114.03522999999998"><ele>13.6</ele><time>2025-11-15T08:05:35Z</time></trkpt><trkpt lat="22.206030000000002" lon="114.03524999999999"><ele>14.4</ele><time>2025-11-15T08:05:37Z</time></trkpt><trkpt lat="22.20602333333333" lon="114.03527000000001"><ele>14.9</ele><time>2025-11-15T08:05:39Z</time></trkpt><trkpt lat="22.20602166666667" lon="114.03529166666667"><ele>15.6</ele><time>2025-11-15T08:05:41Z</time></trkpt><trkpt lat="22.206025" lon="114.03531833333334"><ele>16.0</ele><time>2025-11-15T08:05:43Z</time></trkpt><trkpt lat="22.206034999999996" lon="114.03533833333334"><ele>16.799999999999997</ele><time>2025-11-15T08:05:45Z</time></trkpt><trkpt lat="22.206031666666664" lon="114.03536166666666"><ele>17.7</ele><time>2025-11-15T08:05:48Z</time></trkpt><trkpt lat="22.20602666666667" lon="114.03539"><ele>18.2</ele><time>2025-11-15T08:05:50Z</time></trkpt><trkpt lat="22.206025" lon="114.03540999999998"><ele>18.599999999999998</ele><time>2025-11-15T08:05:51Z</time></trkpt><trkpt lat="22.20602333333333" lon="114.03543333333333"><ele>19.2</ele><time>2025-11-15T08:05:53Z</time></trkpt><trkpt lat="22.206031666666664" lon="114.03545333333335"><ele>20.0</ele><time>2025-11-15T08:05:56Z</time></trkpt><trkpt lat="22.206033333333334" lon="114.035475"><ele>20.0</ele><time>2025-11-15T08:05:58Z</time></trkpt><trkpt lat="22.206043333333334" lon="114.03549666666667"><ele>20.2</ele><time>2025-11-15T08:06:00Z</time></trkpt><trkpt lat="22.206055" lon="114.03551833333334"><ele>20.599999999999998</ele><time>2025-11-15T08:06:03Z</time></trkpt><trkpt lat="22.20607" lon="114.03553833333332"><ele>20.599999999999998</ele><time>2025-11-15T08:06:05Z</time></trkpt><trkpt lat="22.206065" lon="114.03555833333333"><ele>20.599999999999998</ele><time>2025-11-15T08:06:07Z</time></trkpt><trkpt lat="22.206065" lon="114.03557833333335"><ele>20.799999999999997</ele><time>2025-11-15T08:06:09Z</time></trkpt><trkpt lat="22.20607166666667" lon="114.03560166666666"><ele>21.099999999999998</ele><time>2025-11-15T08:06:11Z</time></trkpt><trkpt lat="22.206075000000002" lon="114.03563000000001"><ele>21.4</ele><time>2025-11-15T08:06:13Z</time></trkpt><trkpt lat="22.20607166666667" lon="114.03566500000001"><ele>22.099999999999998</ele><time>2025-11-15T08:06:15Z</time></trkpt><trkpt lat="22.20607166666667" lon="114.03569"><ele>22.9</ele><time>2025-11-15T08:06:17Z</time></trkpt><trkpt lat="22.20608666666667" lon="114.03572000000001"><ele>24.0</ele><time>2025-11-15T08:06:19Z</time></trkpt><trkpt lat="22.206093333333335" lon="114.03574166666667"><ele>25.0</ele><time>2025-11-15T08:06:21Z</time></trkpt><trkpt lat="22.206105" lon="114.03576333333334"><ele>25.799999999999997</ele><time>2025-11-15T08:06:24Z</time></trkpt><trkpt lat="22.20610333333333" lon="114.03578999999999"><ele>26.9</ele><time>2025-11-15T08:06:27Z</time></trkpt><trkpt lat="22.20610166666667" lon="114.03581000000001"><ele>27.599999999999998</ele><time>2025-11-15T08:06:29Z</time></trkpt><trkpt lat="22.206105" lon="114.03584333333335"><ele>27.7</ele><time>2025-11-15T08:06:31Z</time></trkpt><trkpt lat="22.20610333333333" lon="114.03587166666667"><ele>28.099999999999998</ele><time>2025-11-15T08:06:33Z</time></trkpt><trkpt lat="22.206106666666663" lon="114.03589500000001"><ele>28.0</ele><time>2025-11-15T08:06:35Z</time></trkpt><trkpt lat="22.20611666666667" lon="114.03591666666668"><ele>29.0</ele><time>2025-11-15T08:06:39Z</time></trkpt><trkpt lat="22.206126666666666" lon="114.03594"><ele>29.599999999999998</ele><time>2025-11-15T08:06:42Z</time></trkpt><trkpt lat="22.206129999999998" lon="114.03597166666665"><ele>30.4</ele><time>2025-11-15T08:06:45Z</time></trkpt><trkpt lat="22.206124999999997" lon="114.03599333333335"><ele>30.799999999999997</ele><time>2025-11-15T08:06:47Z</time></trkpt><trkpt lat="22.206123333333334" lon="114.03602333333335"><ele>31.0</ele><time>2025-11-15T08:06:50Z</time></trkpt><trkpt lat="22.206124999999997" lon="114.03605"><ele>30.299999999999997</ele><time>2025-11-15T08:06:53Z</time></trkpt><trkpt lat="22.20612833333333" lon="114.03606999999998"><ele>29.7</ele><time>2025-11-15T08:06:57Z</time></trkpt><trkpt lat="22.206126666666666" lon="114.03609833333333"><ele>29.299999999999997</ele><time>2025-11-15T08:07:01Z</time></trkpt><trkpt lat="22.206126666666666" lon="114.03612"><ele>28.599999999999998</ele><time>2025-11-15T08:07:05Z</time></trkpt><trkpt lat="22.206124999999997" lon="114.03614166666667"><ele>28.5</ele><time>2025-11-15T08:07:08Z</time></trkpt><trkpt lat="22.206115" lon="114.03616666666667"><ele>28.2</ele><time>2025-11-15T08:07:11Z</time></trkpt><trkpt lat="22.20611166666667" lon="114.03618833333333"><ele>28.7</ele><time>2025-11-15T08:07:14Z</time></trkpt><trkpt lat="22.2061" lon="114.03621"><ele>28.799999999999997</ele><time>2025-11-15T08:07:16Z</time></trkpt><trkpt lat="22.206096666666667" lon="114.036235"><ele>28.599999999999998</ele><time>2025-11-15T08:07:18Z</time></trkpt><trkpt lat="22.20608333333333" lon="114.03625833333332"><ele>28.5</ele><time>2025-11-15T08:07:20Z</time></trkpt><trkpt lat="22.206076666666664" lon="114.03628166666667"><ele>28.0</ele><time>2025-11-15T08:07:22Z</time></trkpt><trkpt lat="22.20606666666667" lon="114.03630833333334"><ele>27.2</ele><time>2025-11-15T08:07:25Z</time></trkpt><trkpt lat="22.20606833333333" lon="114.03633333333333"><ele>26.7</ele><time>2025-11-15T08:07:28Z</time></trkpt><trkpt lat="22.20606833333333" lon="114.03635666666666"><ele>26.0</ele><time>2025-11-15T08:07:31Z</time></trkpt><trkpt lat="22.20606666666667" lon="114.03637833333332"><ele>25.7</ele><time>2025-11-15T08:07:34Z</time></trkpt><trkpt lat="22.20605833333333" lon="114.03640666666666"><ele>25.9</ele><time>2025-11-15T08:07:37Z</time></trkpt><trkpt lat="22.206048333333335" lon="114.03642833333333"><ele>26.2</ele><time>2025-11-15T08:07:39Z</time></trkpt><trkpt lat="22.206034999999996" lon="114.036445"><ele>26.4</ele><time>2025-11-15T08:07:41Z</time></trkpt><trkpt lat="22.20602333333333" lon="114.03647166666666"><ele>26.5</ele><time>2025-11-15T08:07:44Z</time></trkpt><trkpt lat="22.20602" lon="114.0365"><ele>26.7</ele><time>2025-11-15T08:07:46Z</time></trkpt><trkpt lat="22.20601" lon="114.03653333333332"><ele>26.7</ele><time>2025-11-15T08:07:48Z</time></trkpt><trkpt lat="22.205991666666666" lon="114.03655666666667"><ele>26.799999999999997</ele><time>2025-11-15T08:07:50Z</time></trkpt><trkpt lat="22.205988333333334" lon="114.03657999999999"><ele>26.7</ele><time>2025-11-15T08:07:52Z</time></trkpt><trkpt lat="22.20598166666667" lon="114.03659999999999"><ele>26.2</ele><time>2025-11-15T08:07:56Z</time></trkpt><trkpt lat="22.20596833333333" lon="114.03661500000001"><ele>26.2</ele><time>2025-11-15T08:07:58Z</time></trkpt><trkpt lat="22.205956666666665" lon="114.03663833333333"><ele>26.299999999999997</ele><time>2025-11-15T08:08:01Z</time></trkpt><trkpt lat="22.205941666666664" lon="114.03665333333332"><ele>26.9</ele><time>2025-11-15T08:08:04Z</time></trkpt><trkpt lat="22.205928333333336" lon="114.03666666666668"><ele>27.5</ele><time>2025-11-15T08:08:06Z</time></trkpt><trkpt lat="22.205910000000003" lon="114.03668166666667"><ele>28.1</ele><time>2025-11-15T08:08:08Z</time></trkpt><trkpt lat="22.20589" lon="114.036695"><ele>28.5</ele><time>2025-11-15T08:08:10Z</time></trkpt><trkpt lat="22.205869999999997" lon="114.03671166666666"><ele>29.1</ele><time>2025-11-15T08:08:12Z</time></trkpt><trkpt lat="22.205859999999998" lon="114.03672999999999"><ele>30.0</ele><time>2025-11-15T08:08:14Z</time></trkpt><trkpt lat="22.205843333333338" lon="114.03674666666666"><ele>30.9</ele><time>2025-11-15T08:08:16Z</time></trkpt><trkpt lat="22.205826666666667" lon="114.03676166666668"><ele>31.6</ele><time>2025-11-15T08:08:18Z</time></trkpt><trkpt lat="22.205818333333333" lon="114.03678166666666"><ele>32.1</ele><time>2025-11-15T08:08:20Z</time></trkpt><trkpt lat="22.205803333333332" lon="114.03680000000001"><ele>32.9</ele><time>2025-11-15T08:08:22Z</time></trkpt><trkpt lat="22.205805" lon="114.03682166666667"><ele>33.4</ele><time>2025-11-15T08:08:24Z</time></trkpt><trkpt lat="22.2058" lon="114.036845"><ele>34.2</ele><time>2025-11-15T08:08:26Z</time></trkpt><trkpt lat="22.205785" lon="114.03686333333332"><ele>34.6</ele><time>2025-11-15T08:08:28Z</time></trkpt><trkpt lat="22.205778333333335" lon="114.03688333333334"><ele>34.8</ele><time>2025-11-15T08:08:30Z</time></trkpt><trkpt lat="22.205775000000003" lon="114.03690833333333"><ele>35.0</ele><time>2025-11-15T08:08:32Z</time></trkpt><trkpt lat="22.205778333333335" lon="114.03693166666666"><ele>35.5</ele><time>2025-11-15T08:08:34Z</time></trkpt><trkpt lat="22.205776666666665" lon="114.03695333333332"><ele>36.6</ele><time>2025-11-15T08:08:36Z</time></trkpt><trkpt lat="22.205779999999997" lon="114.03697833333332"><ele>37.8</ele><time>2025-11-15T08:08:38Z</time></trkpt><trkpt lat="22.205776666666665" lon="114.03700500000001"><ele>38.6</ele><time>2025-11-15T08:08:40Z</time></trkpt><trkpt lat="22.205778333333335" lon="114.03702999999999"><ele>39.2</ele><time>2025-11-15T08:08:42Z</time></trkpt><trkpt lat="22.205768333333335" lon="114.03705833333333"><ele>40.3</ele><time>2025-11-15T08:08:45Z</time></trkpt><trkpt lat="22.205751666666668" lon="114.03708"><ele>40.9</ele><time>2025-11-15T08:08:47Z</time></trkpt><trkpt lat="22.205733333333335" lon="114.03709833333332"><ele>41.3</ele><time>2025-11-15T08:08:49Z</time></trkpt><trkpt lat="22.205721666666665" lon="114.03711666666668"><ele>41.7</ele><time>2025-11-15T08:08:51Z</time></trkpt><trkpt lat="22.20571" lon="114.03714333333333"><ele>42.0</ele><time>2025-11-15T08:08:54Z</time></trkpt><trkpt lat="22.205706666666668" lon="114.03716333333332"><ele>42.3</ele><time>2025-11-15T08:08:56Z</time></trkpt><trkpt lat="22.205706666666668" lon="114.03718500000001"><ele>42.9</ele><time>2025-11-15T08:08:58Z</time></trkpt><trkpt lat="22.205708333333337" lon="114.037205"><ele>43.2</ele><time>2025-11-15T08:09:00Z</time></trkpt><trkpt lat="22.205703333333336" lon="114.03722833333335"><ele>44.4</ele><time>2025-11-15T08:09:04Z</time></trkpt><trkpt lat="22.205715" lon="114.03724500000001"><ele>44.8</ele><time>2025-11-15T08:09:06Z</time></trkpt><trkpt lat="22.205731666666665" lon="114.037255"><ele>45.5</ele><time>2025-11-15T08:09:08Z</time></trkpt><trkpt lat="22.205748333333336" lon="114.03726333333334"><ele>46.5</ele><time>2025-11-15T08:09:12Z</time></trkpt><trkpt lat="22.205731666666665" lon="114.03727500000001"><ele>48.9</ele><time>2025-11-15T08:09:19Z</time></trkpt><trkpt lat="22.20575" lon="114.03726499999999"><ele>50.8</ele><time>2025-11-15T08:09:24Z</time></trkpt><trkpt lat="22.20577166666667" lon="114.03726"><ele>51.1</ele><time>2025-11-15T08:09:26Z</time></trkpt><trkpt lat="22.205791666666663" lon="114.03725833333334"><ele>51.3</ele><time>2025-11-15T08:09:28Z</time></trkpt><trkpt lat="22.20581666666667" lon="114.03725333333333"><ele>51.4</ele><time>2025-11-15T08:09:30Z</time></trkpt><trkpt lat="22.20583333333333" lon="114.03724333333334"><ele>51.7</ele><time>2025-11-15T08:09:33Z</time></trkpt><trkpt lat="22.20585" lon="114.03723166666666"><ele>49.7</ele><time>2025-11-15T08:09:41Z</time></trkpt><trkpt lat="22.205866666666665" lon="114.03722333333332"><ele>48.9</ele><time>2025-11-15T08:09:44Z</time></trkpt><trkpt lat="22.20589166666667" lon="114.03721166666668"><ele>49.0</ele><time>2025-11-15T08:09:47Z</time></trkpt><trkpt lat="22.205918333333337" lon="114.03720666666668"><ele>49.2</ele><time>2025-11-15T08:09:49Z</time></trkpt><trkpt lat="22.205938333333332" lon="114.03719833333335"><ele>49.4</ele><time>2025-11-15T08:09:51Z</time></trkpt><trkpt lat="22.205933333333338" lon="114.03721833333333"><ele>48.7</ele><time>2025-11-15T08:09:58Z</time></trkpt><trkpt lat="22.205901666666666" lon="114.03721333333333"><ele>48.7</ele><time>2025-11-15T08:10:00Z</time></trkpt><trkpt lat="22.20587833333333" lon="114.03721500000002"><ele>48.8</ele><time>2025-11-15T08:10:02Z</time></trkpt><trkpt lat="22.205858333333335" lon="114.03721500000002"><ele>48.7</ele><time>2025-11-15T08:10:04Z</time></trkpt><trkpt lat="22.205841666666668" lon="114.03722833333335"><ele>48.6</ele><time>2025-11-15T08:10:07Z</time></trkpt><trkpt lat="22.205824999999997" lon="114.03724166666667"><ele>49.2</ele><time>2025-11-15T08:10:10Z</time></trkpt><trkpt lat="22.205803333333332" lon="114.037255"><ele>49.7</ele><time>2025-11-15T08:10:13Z</time></trkpt><trkpt lat="22.205781666666667" lon="114.03726333333334"><ele>50.2</ele><time>2025-11-15T08:10:15Z</time></trkpt><trkpt lat="22.205766666666666" lon="114.03728166666666"><ele>50.9</ele><time>2025-11-15T08:10:18Z</time></trkpt><trkpt lat="22.205773333333333" lon="114.03729999999999"><ele>52.2</ele><time>2025-11-15T08:10:23Z</time></trkpt><trkpt lat="22.205763333333334" lon="114.03731666666665"><ele>52.6</ele><time>2025-11-15T08:10:26Z</time></trkpt><trkpt lat="22.20575" lon="114.03732999999998"><ele>54.2</ele><time>2025-11-15T08:10:36Z</time></trkpt><trkpt lat="22.205751666666668" lon="114.03731"><ele>55.0</ele><time>2025-11-15T08:10:44Z</time></trkpt><trkpt lat="22.205766666666666" lon="114.03729833333334"><ele>55.2</ele><time>2025-11-15T08:10:48Z</time></trkpt><trkpt lat="22.20578833333333" lon="114.03730166666668"><ele>54.5</ele><time>2025-11-15T08:10:52Z</time></trkpt><trkpt lat="22.205809999999996" lon="114.03731666666665"><ele>54.4</ele><time>2025-11-15T08:10:55Z</time></trkpt><trkpt lat="22.205828333333336" lon="114.03732333333333"><ele>54.3</ele><time>2025-11-15T08:10:58Z</time></trkpt><trkpt lat="22.20584" lon="114.03730666666667"><ele>54.8</ele><time>2025-11-15T08:11:11Z</time></trkpt><trkpt lat="22.205836666666663" lon="114.03728500000001"><ele>54.1</ele><time>2025-11-15T08:11:17Z</time></trkpt><trkpt lat="22.20581666666667" lon="114.03729166666666"><ele>53.2</ele><time>2025-11-15T08:11:21Z</time></trkpt><trkpt lat="22.205796666666668" lon="114.03729999999999"><ele>53.3</ele><time>2025-11-15T08:11:26Z</time></trkpt><trkpt lat="22.205814999999998" lon="114.03730333333333"><ele>51.8</ele><time>2025-11-15T08:11:38Z</time></trkpt><trkpt lat="22.20584" lon="114.037325"><ele>50.7</ele><time>2025-11-15T08:11:41Z</time></trkpt><trkpt lat="22.205859999999998" lon="114.03735666666668"><ele>50.3</ele><time>2025-11-15T08:11:43Z</time></trkpt><trkpt lat="22.20587833333333" lon="114.03737333333332"><ele>49.5</ele><time>2025-11-15T08:11:45Z</time></trkpt><trkpt lat="22.205898333333334" lon="114.03738"><ele>48.4</ele><time>2025-11-15T08:11:47Z</time></trkpt><trkpt lat="22.205916666666667" lon="114.03739666666667"><ele>47.1</ele><time>2025-11-15T08:11:50Z</time></trkpt><trkpt lat="22.205918333333337" lon="114.03741833333333"><ele>46.4</ele><time>2025-11-15T08:11:53Z</time></trkpt><trkpt lat="22.205911666666665" lon="114.03744333333334"><ele>46.3</ele><time>2025-11-15T08:11:56Z</time></trkpt><trkpt lat="22.20589166666667" lon="114.037435"><ele>45.6</ele><time>2025-11-15T08:12:08Z</time></trkpt><trkpt lat="22.205910000000003" lon="114.037435"><ele>46.5</ele><time>2025-11-15T08:12:17Z</time></trkpt><trkpt lat="22.205931666666668" lon="114.03744"><ele>44.5</ele><time>2025-11-15T08:12:27Z</time></trkpt><trkpt lat="22.205949999999998" lon="114.03744"><ele>44.0</ele><time>2025-11-15T08:12:29Z</time></trkpt><trkpt lat="22.205973333333336" lon="114.03743666666666"><ele>43.6</ele><time>2025-11-15T08:12:32Z</time></trkpt><trkpt lat="22.205986666666664" lon="114.03745166666667"><ele>43.6</ele><time>2025-11-15T08:12:34Z</time></trkpt><trkpt lat="22.206004999999998" lon="114.03746333333332"><ele>42.9</ele><time>2025-11-15T08:12:37Z</time></trkpt><trkpt lat="22.20602166666667" lon="114.03747999999999"><ele>42.2</ele><time>2025-11-15T08:12:40Z</time></trkpt><trkpt lat="22.206039999999998" lon="114.03749"><ele>41.5</ele><time>2025-11-15T08:12:43Z</time></trkpt><trkpt lat="22.206061666666663" lon="114.037505"><ele>40.2</ele><time>2025-11-15T08:12:48Z</time></trkpt><trkpt lat="22.206078333333334" lon="114.03751666666668"><ele>39.8</ele><time>2025-11-15T08:12:50Z</time></trkpt><trkpt lat="22.20609833333333" lon="114.03753333333334"><ele>39.0</ele><time>2025-11-15T08:12:53Z</time></trkpt><trkpt lat="22.20611666666667" lon="114.03754833333332"><ele>37.9</ele><time>2025-11-15T08:12:56Z</time></trkpt><trkpt lat="22.206135000000003" lon="114.03756333333334"><ele>37.1</ele><time>2025-11-15T08:12:58Z</time></trkpt><trkpt lat="22.206151666666663" lon="114.03757833333333"><ele>35.3</ele><time>2025-11-15T08:13:02Z</time></trkpt><trkpt lat="22.20616166666667" lon="114.03759999999998"><ele>34.9</ele><time>2025-11-15T08:13:04Z</time></trkpt><trkpt lat="22.206180000000003" lon="114.03761666666666"><ele>34.8</ele><time>2025-11-15T08:13:06Z</time></trkpt><trkpt lat="22.20619166666667" lon="114.03763333333333"><ele>34.6</ele><time>2025-11-15T08:13:08Z</time></trkpt><trkpt lat="22.206208333333333" lon="114.037655"><ele>33.8</ele><time>2025-11-15T08:13:11Z</time></trkpt><trkpt lat="22.206223333333334" lon="114.03767666666666"><ele>33.6</ele><time>2025-11-15T08:13:13Z</time></trkpt><trkpt lat="22.20624" lon="114.03769499999999"><ele>33.4</ele><time>2025-11-15T08:13:15Z</time></trkpt><trkpt lat="22.206256666666665" lon="114.03771166666665"><ele>32.6</ele><time>2025-11-15T08:13:17Z</time></trkpt><trkpt lat="22.20628333333333" lon="114.03771333333334"><ele>31.6</ele><time>2025-11-15T08:13:19Z</time></trkpt><trkpt lat="22.206301666666665" lon="114.03771499999999"><ele>30.1</ele><time>2025-11-15T08:13:21Z</time></trkpt><trkpt lat="22.20632666666667" lon="114.03772"><ele>28.3</ele><time>2025-11-15T08:13:24Z</time></trkpt><trkpt lat="22.206349999999997" lon="114.03772833333332"><ele>27.2</ele><time>2025-11-15T08:13:27Z</time></trkpt><trkpt lat="22.20637" lon="114.03773666666666"><ele>27.1</ele><time>2025-11-15T08:13:30Z</time></trkpt><trkpt lat="22.206385" lon="114.03775333333333"><ele>27.1</ele><time>2025-11-15T08:13:33Z</time></trkpt><trkpt lat="22.206403333333334" lon="114.03776333333332"><ele>27.2</ele><time>2025-11-15T08:13:35Z</time></trkpt><trkpt lat="22.206421666666664" lon="114.03777"><ele>27.4</ele><time>2025-11-15T08:13:37Z</time></trkpt><trkpt lat="22.206445" lon="114.037775"><ele>28.1</ele><time>2025-11-15T08:13:40Z</time></trkpt><trkpt lat="22.206468333333337" lon="114.03777999999998"><ele>28.6</ele><time>2025-11-15T08:13:43Z</time></trkpt><trkpt lat="22.206498333333336" lon="114.03779000000002"><ele>29.2</ele><time>2025-11-15T08:13:46Z</time></trkpt><trkpt lat="22.206529999999997" lon="114.037795"><ele>29.3</ele><time>2025-11-15T08:13:48Z</time></trkpt><trkpt lat="22.20656" lon="114.03781"><ele>29.4</ele><time>2025-11-15T08:13:50Z</time></trkpt><trkpt lat="22.206585000000004" lon="114.03782500000001"><ele>29.6</ele><time>2025-11-15T08:13:52Z</time></trkpt><trkpt lat="22.206605" lon="114.03783166666666"><ele>29.8</ele><time>2025-11-15T08:13:55Z</time></trkpt><trkpt lat="22.20662333333333" lon="114.037835"><ele>30.2</ele><time>2025-11-15T08:13:57Z</time></trkpt><trkpt lat="22.206646666666664" lon="114.03783999999999"><ele>30.4</ele><time>2025-11-15T08:13:59Z</time></trkpt><trkpt lat="22.206664999999997" lon="114.037835"><ele>30.1</ele><time>2025-11-15T08:14:01Z</time></trkpt><trkpt lat="22.206686666666663" lon="114.03783166666666"><ele>30.2</ele><time>2025-11-15T08:14:03Z</time></trkpt><trkpt lat="22.206709999999998" lon="114.03782500000001"><ele>31.299999999999997</ele><time>2025-11-15T08:14:05Z</time></trkpt><trkpt lat="22.206731666666663" lon="114.03782166666666"><ele>32.6</ele><time>2025-11-15T08:14:07Z</time></trkpt><trkpt lat="22.206746666666664" lon="114.03781"><ele>35.4</ele><time>2025-11-15T08:14:10Z</time></trkpt><trkpt lat="22.20672833333333" lon="114.03781"><ele>38.1</ele><time>2025-11-15T08:14:14Z</time></trkpt><trkpt lat="22.206688333333332" lon="114.03781333333333"><ele>39.2</ele><time>2025-11-15T08:14:16Z</time></trkpt><trkpt lat="22.20666833333333" lon="114.03781333333333"><ele>39.6</ele><time>2025-11-15T08:14:17Z</time></trkpt><trkpt lat="22.206645" lon="114.03781166666667"><ele>40.1</ele><time>2025-11-15T08:14:19Z</time></trkpt><trkpt lat="22.206619999999997" lon="114.03781"><ele>40.6</ele><time>2025-11-15T08:14:21Z</time></trkpt><trkpt lat="22.206596666666663" lon="114.03780666666668"><ele>41.2</ele><time>2025-11-15T08:14:23Z</time></trkpt><trkpt lat="22.206571666666665" lon="114.03780333333334"><ele>41.9</ele><time>2025-11-15T08:14:25Z</time></trkpt><trkpt lat="22.20654833333333" lon="114.03779333333333"><ele>42.6</ele><time>2025-11-15T08:14:27Z</time></trkpt><trkpt lat="22.206525000000003" lon="114.03778499999999"><ele>42.3</ele><time>2025-11-15T08:14:29Z</time></trkpt><trkpt lat="22.2065" lon="114.03777999999998"><ele>42.6</ele><time>2025-11-15T08:14:31Z</time></trkpt><trkpt lat="22.20647333333333" lon="114.03777666666669"><ele>43.8</ele><time>2025-11-15T08:14:33Z</time></trkpt><trkpt lat="22.206455" lon="114.03777333333333"><ele>44.3</ele><time>2025-11-15T08:14:35Z</time></trkpt><trkpt lat="22.206436666666665" lon="114.03776333333332"><ele>43.9</ele><time>2025-11-15T08:14:37Z</time></trkpt><trkpt lat="22.20641333333333" lon="114.03776166666667"><ele>44.1</ele><time>2025-11-15T08:14:39Z</time></trkpt><trkpt lat="22.206385" lon="114.03775166666668"><ele>44.5</ele><time>2025-11-15T08:14:41Z</time></trkpt><trkpt lat="22.206360000000004" lon="114.03773833333335"><ele>45.1</ele><time>2025-11-15T08:14:45Z</time></trkpt><trkpt lat="22.20634" lon="114.03772499999998"><ele>45.8</ele><time>2025-11-15T08:14:47Z</time></trkpt><trkpt lat="22.206318333333336" lon="114.03771333333334"><ele>46.8</ele><time>2025-11-15T08:14:49Z</time></trkpt><trkpt lat="22.20629166666667" lon="114.03769166666667"><ele>46.5</ele><time>2025-11-15T08:14:51Z</time></trkpt><trkpt lat="22.206274999999998" lon="114.03767333333332"><ele>46.5</ele><time>2025-11-15T08:14:53Z</time></trkpt><trkpt lat="22.20624833333333" lon="114.03767"><ele>47.9</ele><time>2025-11-15T08:14:56Z</time></trkpt><trkpt lat="22.206225000000003" lon="114.03765666666668"><ele>48.5</ele><time>2025-11-15T08:14:58Z</time></trkpt><trkpt lat="22.20619166666667" lon="114.03764333333332"><ele>48.7</ele><time>2025-11-15T08:15:00Z</time></trkpt><trkpt lat="22.20616166666667" lon="114.03763499999998"><ele>49.6</ele><time>2025-11-15T08:15:02Z</time></trkpt><trkpt lat="22.20614333333333" lon="114.03762333333334"><ele>50.4</ele><time>2025-11-15T08:15:04Z</time></trkpt><trkpt lat="22.206124999999997" lon="114.03761666666666"><ele>51.6</ele><time>2025-11-15T08:15:07Z</time></trkpt><trkpt lat="22.206108333333336" lon="114.03760666666668"><ele>52.3</ele><time>2025-11-15T08:15:09Z</time></trkpt><trkpt lat="22.206090000000003" lon="114.03761000000002"><ele>52.6</ele><time>2025-11-15T08:15:10Z</time></trkpt><trkpt lat="22.206075000000002" lon="114.037585"><ele>52.9</ele><time>2025-11-15T08:15:12Z</time></trkpt><trkpt lat="22.20607" lon="114.03755666666666"><ele>53.1</ele><time>2025-11-15T08:15:14Z</time></trkpt><trkpt lat="22.206049999999998" lon="114.03754499999998"><ele>53.8</ele><time>2025-11-15T08:15:16Z</time></trkpt><trkpt lat="22.206031666666664" lon="114.037525"><ele>54.3</ele><time>2025-11-15T08:15:18Z</time></trkpt><trkpt lat="22.206018333333336" lon="114.03750833333334"><ele>54.8</ele><time>2025-11-15T08:15:20Z</time></trkpt><trkpt lat="22.206000000000003" lon="114.03749166666667"><ele>54.9</ele><time>2025-11-15T08:15:22Z</time></trkpt><trkpt lat="22.20598166666667" lon="114.03747833333334"><ele>55.5</ele><time>2025-11-15T08:15:24Z</time></trkpt><trkpt lat="22.205961666666667" lon="114.03747"><ele>55.6</ele><time>2025-11-15T08:15:26Z</time></trkpt><trkpt lat="22.205938333333332" lon="114.03745166666667"><ele>55.9</ele><time>2025-11-15T08:15:29Z</time></trkpt><trkpt lat="22.205916666666667" lon="114.03744"><ele>55.7</ele><time>2025-11-15T08:15:31Z</time></trkpt><trkpt lat="22.205896666666664" lon="114.03742333333334"><ele>55.3</ele><time>2025-11-15T08:15:33Z</time></trkpt><trkpt lat="22.205873333333336" lon="114.03741166666666"><ele>54.7</ele><time>2025-11-15T08:15:35Z</time></trkpt><trkpt lat="22.205851666666664" lon="114.03739666666667"><ele>54.8</ele><time>2025-11-15T08:15:37Z</time></trkpt><trkpt lat="22.20583333333333" lon="114.03737833333335"><ele>55.0</ele><time>2025-11-15T08:15:39Z</time></trkpt><trkpt lat="22.205813333333335" lon="114.03736833333332"><ele>54.8</ele><time>2025-11-15T08:15:41Z</time></trkpt><trkpt lat="22.205793333333336" lon="114.03735499999999"><ele>54.6</ele><time>2025-11-15T08:15:43Z</time></trkpt><trkpt lat="22.20577166666667" lon="114.03733500000001"><ele>54.8</ele><time>2025-11-15T08:15:45Z</time></trkpt><trkpt lat="22.205763333333334" lon="114.03731666666665"><ele>54.9</ele><time>2025-11-15T08:15:47Z</time></trkpt><trkpt lat="22.20574333333333" lon="114.03730166666668"><ele>55.1</ele><time>2025-11-15T08:15:50Z</time></trkpt><trkpt lat="22.205733333333335" lon="114.03732166666666"><ele>55.0</ele><time>2025-11-15T08:15:54Z</time></trkpt><trkpt lat="22.205734999999997" lon="114.03734166666666"><ele>55.0</ele><time>2025-11-15T08:15:56Z</time></trkpt><trkpt lat="22.205738333333336" lon="114.03736333333333"><ele>55.8</ele><time>2025-11-15T08:15:58Z</time></trkpt><trkpt lat="22.205736666666667" lon="114.03738833333334"><ele>56.3</ele><time>2025-11-15T08:16:00Z</time></trkpt><trkpt lat="22.205730000000003" lon="114.03741166666666"><ele>56.4</ele><time>2025-11-15T08:16:02Z</time></trkpt><trkpt lat="22.205723333333335" lon="114.03743333333333"><ele>56.3</ele><time>2025-11-15T08:16:04Z</time></trkpt><trkpt lat="22.205734999999997" lon="114.03745833333332"><ele>56.6</ele><time>2025-11-15T08:16:06Z</time></trkpt><trkpt lat="22.20574333333333" lon="114.03748500000002"><ele>56.2</ele><time>2025-11-15T08:16:08Z</time></trkpt><trkpt lat="22.205748333333336" lon="114.03750666666669"><ele>55.6</ele><time>2025-11-15T08:16:10Z</time></trkpt><trkpt lat="22.205751666666668" lon="114.03752833333334"><ele>55.8</ele><time>2025-11-15T08:16:12Z</time></trkpt><trkpt lat="22.205751666666668" lon="114.03755500000001"><ele>55.7</ele><time>2025-11-15T08:16:15Z</time></trkpt><trkpt lat="22.205755" lon="114.03757833333333"><ele>55.7</ele><time>2025-11-15T08:16:17Z</time></trkpt><trkpt lat="22.205755" lon="114.03760166666667"><ele>55.8</ele><time>2025-11-15T08:16:19Z</time></trkpt><trkpt lat="22.205751666666668" lon="114.03762833333333"><ele>56.7</ele><time>2025-11-15T08:16:21Z</time></trkpt><trkpt lat="22.205751666666668" lon="114.03765"><ele>57.7</ele><time>2025-11-15T08:16:23Z</time></trkpt><trkpt lat="22.205761666666664" lon="114.03767333333332"><ele>58.1</ele><time>2025-11-15T08:16:25Z</time></trkpt><trkpt lat="22.205778333333335" lon="114.03769333333334"><ele>58.2</ele><time>2025-11-15T08:16:27Z</time></trkpt><trkpt lat="22.205783333333336" lon="114.03772"><ele>57.8</ele><time>2025-11-15T08:16:30Z</time></trkpt><trkpt lat="22.205793333333336" lon="114.03774833333334"><ele>57.6</ele><time>2025-11-15T08:16:33Z</time></trkpt><trkpt lat="22.20580166666667" lon="114.03777"><ele>57.7</ele><time>2025-11-15T08:16:35Z</time></trkpt><trkpt lat="22.205806666666664" lon="114.03779000000002"><ele>57.3</ele><time>2025-11-15T08:16:37Z</time></trkpt><trkpt lat="22.205821666666665" lon="114.03781"><ele>57.0</ele><time>2025-11-15T08:16:39Z</time></trkpt><trkpt lat="22.205836666666663" lon="114.03783"><ele>56.9</ele><time>2025-11-15T08:16:41Z</time></trkpt><trkpt lat="22.205853333333334" lon="114.03784499999999"><ele>56.7</ele><time>2025-11-15T08:16:43Z</time></trkpt><trkpt lat="22.205871666666667" lon="114.03786999999998"><ele>56.4</ele><time>2025-11-15T08:16:45Z</time></trkpt><trkpt lat="22.205886666666668" lon="114.03789333333334"><ele>55.9</ele><time>2025-11-15T08:16:47Z</time></trkpt><trkpt lat="22.205896666666664" lon="114.03791833333335"><ele>55.5</ele><time>2025-11-15T08:16:49Z</time></trkpt><trkpt lat="22.20590666666667" lon="114.03793499999999"><ele>54.8</ele><time>2025-11-15T08:16:51Z</time></trkpt><trkpt lat="22.20592" lon="114.03795999999998"><ele>53.9</ele><time>2025-11-15T08:16:54Z</time></trkpt><trkpt lat="22.205925" lon="114.03798"><ele>53.0</ele><time>2025-11-15T08:16:56Z</time></trkpt><trkpt lat="22.20593666666667" lon="114.03800166666666"><ele>51.9</ele><time>2025-11-15T08:16:58Z</time></trkpt><trkpt lat="22.205948333333335" lon="114.03802666666667"><ele>51.3</ele><time>2025-11-15T08:17:00Z</time></trkpt><trkpt lat="22.205959999999997" lon="114.03804833333334"><ele>50.5</ele><time>2025-11-15T08:17:02Z</time></trkpt><trkpt lat="22.20596666666667" lon="114.03807166666665"><ele>49.7</ele><time>2025-11-15T08:17:04Z</time></trkpt><trkpt lat="22.205971666666663" lon="114.03809666666666"><ele>48.9</ele><time>2025-11-15T08:17:06Z</time></trkpt><trkpt lat="22.205975" lon="114.03812"><ele>48.2</ele><time>2025-11-15T08:17:08Z</time></trkpt><trkpt lat="22.205975" lon="114.03813999999998"><ele>47.1</ele><time>2025-11-15T08:17:10Z</time></trkpt><trkpt lat="22.205961666666667" lon="114.03815833333334"><ele>45.7</ele><time>2025-11-15T08:17:12Z</time></trkpt><trkpt lat="22.205941666666664" lon="114.03817499999998"><ele>44.5</ele><time>2025-11-15T08:17:14Z</time></trkpt><trkpt lat="22.205913333333335" lon="114.038195"><ele>43.4</ele><time>2025-11-15T08:17:16Z</time></trkpt><trkpt lat="22.20589166666667" lon="114.03820666666667"><ele>43.0</ele><time>2025-11-15T08:17:17Z</time></trkpt><trkpt lat="22.205871666666667" lon="114.03822333333333"><ele>42.3</ele><time>2025-11-15T08:17:19Z</time></trkpt><trkpt lat="22.205851666666664" lon="114.03823499999999"><ele>42.1</ele><time>2025-11-15T08:17:21Z</time></trkpt><trkpt lat="22.205824999999997" lon="114.03824666666667"><ele>41.6</ele><time>2025-11-15T08:17:24Z</time></trkpt><trkpt lat="22.2058" lon="114.03826"><ele>41.5</ele><time>2025-11-15T08:17:27Z</time></trkpt><trkpt lat="22.205781666666667" lon="114.03825833333333"><ele>41.8</ele><time>2025-11-15T08:17:29Z</time></trkpt><trkpt lat="22.205758333333332" lon="114.03825166666665"><ele>41.6</ele><time>2025-11-15T08:17:31Z</time></trkpt><trkpt lat="22.205733333333335" lon="114.03825499999999"><ele>41.9</ele><time>2025-11-15T08:17:33Z</time></trkpt><trkpt lat="22.205706666666668" lon="114.03825666666668"><ele>42.7</ele><time>2025-11-15T08:17:35Z</time></trkpt><trkpt lat="22.205679999999997" lon="114.03826166666667"><ele>43.2</ele><time>2025-11-15T08:17:37Z</time></trkpt><trkpt lat="22.205658333333336" lon="114.03825666666668"><ele>43.2</ele><time>2025-11-15T08:17:39Z</time></trkpt><trkpt lat="22.20563666666667" lon="114.03825666666668"><ele>43.5</ele><time>2025-11-15T08:17:41Z</time></trkpt><trkpt lat="22.205613333333336" lon="114.03825499999999"><ele>43.8</ele><time>2025-11-15T08:17:43Z</time></trkpt><trkpt lat="22.20559166666667" lon="114.03826"><ele>44.6</ele><time>2025-11-15T08:17:45Z</time></trkpt><trkpt lat="22.205571666666668" lon="114.03826666666667"><ele>45.1</ele><time>2025-11-15T08:17:48Z</time></trkpt><trkpt lat="22.205544999999997" lon="114.03827833333335"><ele>45.7</ele><time>2025-11-15T08:17:51Z</time></trkpt><trkpt lat="22.205523333333336" lon="114.038285"><ele>46.3</ele><time>2025-11-15T08:17:54Z</time></trkpt><trkpt lat="22.205511666666666" lon="114.03831166666666"><ele>46.9</ele><time>2025-11-15T08:17:57Z</time></trkpt><trkpt lat="22.205506666666665" lon="114.03833833333334"><ele>47.2</ele><time>2025-11-15T08:17:59Z</time></trkpt><trkpt lat="22.205508333333334" lon="114.03836666666666"><ele>47.0</ele><time>2025-11-15T08:18:01Z</time></trkpt><trkpt lat="22.20552" lon="114.03839333333332"><ele>46.8</ele><time>2025-11-15T08:18:03Z</time></trkpt><trkpt lat="22.205524999999998" lon="114.03841499999999"><ele>46.7</ele><time>2025-11-15T08:18:05Z</time></trkpt><trkpt lat="22.205543333333335" lon="114.03842833333334"><ele>46.4</ele><time>2025-11-15T08:18:07Z</time></trkpt><trkpt lat="22.205558333333336" lon="114.03844"><ele>46.0</ele><time>2025-11-15T08:18:09Z</time></trkpt><trkpt lat="22.205571666666668" lon="114.03845500000001"><ele>46.1</ele><time>2025-11-15T08:18:11Z</time></trkpt><trkpt lat="22.205586666666665" lon="114.03847499999999"><ele>46.0</ele><time>2025-11-15T08:18:13Z</time></trkpt><trkpt lat="22.205598333333334" lon="114.03849"><ele>46.1</ele><time>2025-11-15T08:18:15Z</time></trkpt><trkpt lat="22.205606666666668" lon="114.03851166666666"><ele>46.0</ele><time>2025-11-15T08:18:17Z</time></trkpt><trkpt lat="22.205613333333336" lon="114.03853666666667"><ele>45.8</ele><time>2025-11-15T08:18:19Z</time></trkpt><trkpt lat="22.20561" lon="114.03856333333333"><ele>45.7</ele><time>2025-11-15T08:18:21Z</time></trkpt><trkpt lat="22.205616666666668" lon="114.03858666666665"><ele>46.4</ele><time>2025-11-15T08:18:23Z</time></trkpt><trkpt lat="22.205628333333333" lon="114.03861166666665"><ele>47.1</ele><time>2025-11-15T08:18:25Z</time></trkpt><trkpt lat="22.205641666666665" lon="114.03863000000001"><ele>47.4</ele><time>2025-11-15T08:18:27Z</time></trkpt><trkpt lat="22.205651666666668" lon="114.03864833333334"><ele>47.8</ele><time>2025-11-15T08:18:29Z</time></trkpt><trkpt lat="22.205655" lon="114.03866833333335"><ele>48.1</ele><time>2025-11-15T08:18:31Z</time></trkpt><trkpt lat="22.205659999999998" lon="114.038695"><ele>47.8</ele><time>2025-11-15T08:18:34Z</time></trkpt><trkpt lat="22.205665" lon="114.03871833333332"><ele>48.1</ele><time>2025-11-15T08:18:36Z</time></trkpt><trkpt lat="22.205661666666668" lon="114.03874333333333"><ele>48.2</ele><time>2025-11-15T08:18:38Z</time></trkpt><trkpt lat="22.205651666666668" lon="114.03876"><ele>48.6</ele><time>2025-11-15T08:18:40Z</time></trkpt><trkpt lat="22.205631666666665" lon="114.03877666666668"><ele>47.4</ele><time>2025-11-15T08:18:44Z</time></trkpt><trkpt lat="22.205618333333337" lon="114.0388"><ele>46.9</ele><time>2025-11-15T08:18:46Z</time></trkpt><trkpt lat="22.205606666666668" lon="114.03882166666666"><ele>46.7</ele><time>2025-11-15T08:18:48Z</time></trkpt><trkpt lat="22.205593333333333" lon="114.03883666666667"><ele>46.6</ele><time>2025-11-15T08:18:50Z</time></trkpt><trkpt lat="22.20558" lon="114.03885666666665"><ele>46.4</ele><time>2025-11-15T08:18:52Z</time></trkpt><trkpt lat="22.205565" lon="114.03883499999999"><ele>45.4</ele><time>2025-11-15T08:19:06Z</time></trkpt><trkpt lat="22.205544999999997" lon="114.03883333333333"><ele>44.9</ele><time>2025-11-15T08:19:42Z</time></trkpt><trkpt lat="22.205548333333333" lon="114.038855"><ele>43.8</ele><time>2025-11-15T08:19:45Z</time></trkpt><trkpt lat="22.20556333333333" lon="114.03886666666668"><ele>42.8</ele><time>2025-11-15T08:19:47Z</time></trkpt><trkpt lat="22.20557833333333" lon="114.03887833333334"><ele>42.3</ele><time>2025-11-15T08:19:49Z</time></trkpt><trkpt lat="22.205595000000002" lon="114.03888833333333"><ele>42.1</ele><time>2025-11-15T08:19:51Z</time></trkpt><trkpt lat="22.20561" lon="114.03890000000001"><ele>42.0</ele><time>2025-11-15T08:19:53Z</time></trkpt><trkpt lat="22.20562166666667" lon="114.038915"><ele>41.9</ele><time>2025-11-15T08:19:55Z</time></trkpt><trkpt lat="22.205640000000002" lon="114.03893166666667"><ele>41.4</ele><time>2025-11-15T08:19:58Z</time></trkpt><trkpt lat="22.205655" lon="114.03894833333334"><ele>40.9</ele><time>2025-11-15T08:20:01Z</time></trkpt><trkpt lat="22.205665" lon="114.038965"><ele>40.0</ele><time>2025-11-15T08:20:04Z</time></trkpt><trkpt lat="22.205671666666664" lon="114.03898333333333"><ele>39.7</ele><time>2025-11-15T08:20:06Z</time></trkpt><trkpt lat="22.20568166666667" lon="114.03900666666665"><ele>39.0</ele><time>2025-11-15T08:20:09Z</time></trkpt><trkpt lat="22.205693333333336" lon="114.03902500000001"><ele>38.7</ele><time>2025-11-15T08:20:11Z</time></trkpt><trkpt lat="22.205703333333336" lon="114.03904499999999"><ele>38.6</ele><time>2025-11-15T08:20:13Z</time></trkpt><trkpt lat="22.20571166666667" lon="114.03906833333333"><ele>38.4</ele><time>2025-11-15T08:20:15Z</time></trkpt><trkpt lat="22.205718333333333" lon="114.03909"><ele>38.1</ele><time>2025-11-15T08:20:17Z</time></trkpt><trkpt lat="22.205730000000003" lon="114.03911000000001"><ele>37.8</ele><time>2025-11-15T08:20:19Z</time></trkpt><trkpt lat="22.20574166666667" lon="114.03913333333334"><ele>37.9</ele><time>2025-11-15T08:20:21Z</time></trkpt><trkpt lat="22.20575" lon="114.03915666666666"><ele>37.0</ele><time>2025-11-15T08:20:24Z</time></trkpt><trkpt lat="22.205758333333332" lon="114.039185"><ele>37.1</ele><time>2025-11-15T08:20:27Z</time></trkpt><trkpt lat="22.205764999999996" lon="114.03920333333332"><ele>37.7</ele><time>2025-11-15T08:20:28Z</time></trkpt><trkpt lat="22.205773333333333" lon="114.03922499999999"><ele>37.9</ele><time>2025-11-15T08:20:31Z</time></trkpt><trkpt lat="22.205778333333335" lon="114.03924666666666"><ele>37.8</ele><time>2025-11-15T08:20:33Z</time></trkpt><trkpt lat="22.205785" lon="114.03927666666665"><ele>37.5</ele><time>2025-11-15T08:20:35Z</time></trkpt><trkpt lat="22.20578833333333" lon="114.03930999999999"><ele>37.5</ele><time>2025-11-15T08:20:37Z</time></trkpt><trkpt lat="22.20578833333333" lon="114.03933333333335"><ele>37.3</ele><time>2025-11-15T08:20:39Z</time></trkpt><trkpt lat="22.205791666666663" lon="114.03935833333335"><ele>37.1</ele><time>2025-11-15T08:20:41Z</time></trkpt><trkpt lat="22.205793333333336" lon="114.03938333333332"><ele>36.8</ele><time>2025-11-15T08:20:43Z</time></trkpt><trkpt lat="22.205793333333336" lon="114.03940666666668"><ele>36.4</ele><time>2025-11-15T08:20:45Z</time></trkpt><trkpt lat="22.205795" lon="114.03943166666667"><ele>36.1</ele><time>2025-11-15T08:20:47Z</time></trkpt><trkpt lat="22.2058" lon="114.03945666666665"><ele>35.9</ele><time>2025-11-15T08:20:49Z</time></trkpt><trkpt lat="22.205806666666664" lon="114.03947666666666"><ele>35.2</ele><time>2025-11-15T08:20:52Z</time></trkpt><trkpt lat="22.205796666666668" lon="114.03949499999999"><ele>35.4</ele><time>2025-11-15T08:21:05Z</time></trkpt><trkpt lat="22.20578666666667" lon="114.03951333333335"><ele>34.1</ele><time>2025-11-15T08:21:07Z</time></trkpt><trkpt lat="22.205779999999997" lon="114.03953500000001"><ele>32.2</ele><time>2025-11-15T08:21:10Z</time></trkpt><trkpt lat="22.205779999999997" lon="114.03955833333333"><ele>29.9</ele><time>2025-11-15T08:21:13Z</time></trkpt><trkpt lat="22.205778333333335" lon="114.03958333333334"><ele>28.1</ele><time>2025-11-15T08:21:16Z</time></trkpt><trkpt lat="22.205779999999997" lon="114.03961"><ele>27.4</ele><time>2025-11-15T08:21:18Z</time></trkpt><trkpt lat="22.20578833333333" lon="114.03963666666665"><ele>26.9</ele><time>2025-11-15T08:21:20Z</time></trkpt><trkpt lat="22.205793333333336" lon="114.03965833333332"><ele>26.4</ele><time>2025-11-15T08:21:23Z</time></trkpt><trkpt lat="22.2058" lon="114.03968166666667"><ele>26.6</ele><time>2025-11-15T08:21:26Z</time></trkpt><trkpt lat="22.205809999999996" lon="114.03970833333332"><ele>26.7</ele><time>2025-11-15T08:21:29Z</time></trkpt><trkpt lat="22.205805" lon="114.03973166666668"><ele>26.4</ele><time>2025-11-15T08:21:32Z</time></trkpt><trkpt lat="22.205785" lon="114.03973166666668"><ele>27.2</ele><time>2025-11-15T08:21:41Z</time></trkpt><trkpt lat="22.20578833333333" lon="114.03975166666666"><ele>27.3</ele><time>2025-11-15T08:21:44Z</time></trkpt><trkpt lat="22.205776666666665" lon="114.03976833333333"><ele>27.1</ele><time>2025-11-15T08:21:48Z</time></trkpt><trkpt lat="22.20576" lon="114.03977833333332"><ele>27.7</ele><time>2025-11-15T08:21:52Z</time></trkpt><trkpt lat="22.205753333333337" lon="114.03980000000001"><ele>27.9</ele><time>2025-11-15T08:21:54Z</time></trkpt><trkpt lat="22.205746666666663" lon="114.03981999999999"><ele>28.5</ele><time>2025-11-15T08:21:59Z</time></trkpt><trkpt lat="22.205728333333333" lon="114.03983333333332"><ele>28.5</ele><time>2025-11-15T08:22:04Z</time></trkpt><trkpt lat="22.20574" lon="114.03981833333334"><ele>28.9</ele><time>2025-11-15T08:22:11Z</time></trkpt><trkpt lat="22.205768333333335" lon="114.03984166666666"><ele>33.0</ele><time>2025-11-15T08:22:32Z</time></trkpt><trkpt lat="22.205779999999997" lon="114.03981166666667"><ele>33.8</ele><time>2025-11-15T08:23:46Z</time></trkpt><trkpt lat="22.205785" lon="114.03979166666667"><ele>33.6</ele><time>2025-11-15T08:23:47Z</time></trkpt><trkpt lat="22.20578833333333" lon="114.03976166666668"><ele>33.0</ele><time>2025-11-15T08:23:49Z</time></trkpt><trkpt lat="22.205793333333336" lon="114.03973666666667"><ele>32.3</ele><time>2025-11-15T08:23:52Z</time></trkpt><trkpt lat="22.20579" lon="114.03970499999998"><ele>31.9</ele><time>2025-11-15T08:23:54Z</time></trkpt><trkpt lat="22.20578666666667" lon="114.03968000000002"><ele>31.700000000000003</ele><time>2025-11-15T08:23:56Z</time></trkpt><trkpt lat="22.205781666666667" lon="114.03965666666666"><ele>31.799999999999997</ele><time>2025-11-15T08:23:59Z</time></trkpt><trkpt lat="22.205775000000003" lon="114.03963666666665"><ele>32.0</ele><time>2025-11-15T08:24:01Z</time></trkpt><trkpt lat="22.205775000000003" lon="114.03961666666667"><ele>32.0</ele><time>2025-11-15T08:24:03Z</time></trkpt><trkpt lat="22.20577166666667" lon="114.03959166666667"><ele>31.9</ele><time>2025-11-15T08:24:05Z</time></trkpt><trkpt lat="22.205766666666666" lon="114.03956833333335"><ele>31.9</ele><time>2025-11-15T08:24:07Z</time></trkpt><trkpt lat="22.205764999999996" lon="114.03954666666665"><ele>32.0</ele><time>2025-11-15T08:24:09Z</time></trkpt><trkpt lat="22.205766666666666" lon="114.03952666666667"><ele>32.5</ele><time>2025-11-15T08:24:11Z</time></trkpt><trkpt lat="22.205776666666665" lon="114.03950000000002"><ele>33.2</ele><time>2025-11-15T08:24:13Z</time></trkpt><trkpt lat="22.20579" lon="114.03947666666666"><ele>33.7</ele><time>2025-11-15T08:24:15Z</time></trkpt><trkpt lat="22.205809999999996" lon="114.03946666666667"><ele>34.6</ele><time>2025-11-15T08:24:17Z</time></trkpt><trkpt lat="22.205835" lon="114.03945333333334"><ele>35.2</ele><time>2025-11-15T08:24:19Z</time></trkpt><trkpt lat="22.205863333333333" lon="114.03945"><ele>35.8</ele><time>2025-11-15T08:24:22Z</time></trkpt><trkpt lat="22.205881666666663" lon="114.03944333333332"><ele>36.2</ele><time>2025-11-15T08:24:24Z</time></trkpt><trkpt lat="22.205895" lon="114.03942833333333"><ele>36.2</ele><time>2025-11-15T08:24:26Z</time></trkpt><trkpt lat="22.20592" lon="114.03942"><ele>36.1</ele><time>2025-11-15T08:24:28Z</time></trkpt><trkpt lat="22.205940000000002" lon="114.03942"><ele>35.9</ele><time>2025-11-15T08:24:30Z</time></trkpt><trkpt lat="22.205955000000003" lon="114.03943166666667"><ele>35.9</ele><time>2025-11-15T08:24:32Z</time></trkpt><trkpt lat="22.205973333333336" lon="114.03944333333332"><ele>35.9</ele><time>2025-11-15T08:24:35Z</time></trkpt><trkpt lat="22.205989999999996" lon="114.03945666666665"><ele>35.9</ele><time>2025-11-15T08:24:37Z</time></trkpt><trkpt lat="22.20601" lon="114.03947500000001"><ele>35.8</ele><time>2025-11-15T08:24:40Z</time></trkpt><trkpt lat="22.20602666666667" lon="114.039485"><ele>36.0</ele><time>2025-11-15T08:24:43Z</time></trkpt><trkpt lat="22.206033333333334" lon="114.03945833333334"><ele>35.8</ele><time>2025-11-15T08:24:47Z</time></trkpt><trkpt lat="22.206034999999996" lon="114.03943"><ele>34.8</ele><time>2025-11-15T08:24:49Z</time></trkpt><trkpt lat="22.206046666666666" lon="114.03940666666668"><ele>34.6</ele><time>2025-11-15T08:24:51Z</time></trkpt><trkpt lat="22.206065" lon="114.03941166666667"><ele>34.3</ele><time>2025-11-15T08:24:56Z</time></trkpt><trkpt lat="22.20607" lon="114.03943666666667"><ele>33.9</ele><time>2025-11-15T08:24:59Z</time></trkpt><trkpt lat="22.206079999999996" lon="114.03946166666668"><ele>34.3</ele><time>2025-11-15T08:25:02Z</time></trkpt><trkpt lat="22.20608666666667" lon="114.03948"><ele>34.6</ele><time>2025-11-15T08:25:05Z</time></trkpt><trkpt lat="22.206091666666666" lon="114.03950333333333"><ele>34.1</ele><time>2025-11-15T08:25:09Z</time></trkpt><trkpt lat="22.206094999999998" lon="114.03947833333335"><ele>30.799999999999997</ele><time>2025-11-15T08:25:58Z</time></trkpt><trkpt lat="22.206105" lon="114.03945666666665"><ele>30.9</ele><time>2025-11-15T08:26:00Z</time></trkpt><trkpt lat="22.20612833333333" lon="114.03945999999999"><ele>30.6</ele><time>2025-11-15T08:26:03Z</time></trkpt><trkpt lat="22.206145" lon="114.03947666666666"><ele>29.8</ele><time>2025-11-15T08:26:05Z</time></trkpt><trkpt lat="22.206153333333337" lon="114.03949666666668"><ele>29.2</ele><time>2025-11-15T08:26:07Z</time></trkpt><trkpt lat="22.206163333333333" lon="114.03952166666667"><ele>28.7</ele><time>2025-11-15T08:26:09Z</time></trkpt><trkpt lat="22.20617666666667" lon="114.03954333333334"><ele>28.0</ele><time>2025-11-15T08:26:11Z</time></trkpt><trkpt lat="22.206195" lon="114.03954333333334"><ele>27.3</ele><time>2025-11-15T08:26:13Z</time></trkpt><trkpt lat="22.206216666666666" lon="114.03954999999999"><ele>24.9</ele><time>2025-11-15T08:26:20Z</time></trkpt><trkpt lat="22.206235" lon="114.039555"><ele>23.7</ele><time>2025-11-15T08:26:23Z</time></trkpt><trkpt lat="22.206231666666667" lon="114.03953166666666"><ele>21.6</ele><time>2025-11-15T08:26:50Z</time></trkpt><trkpt lat="22.20624" lon="114.03950833333334"><ele>21.5</ele><time>2025-11-15T08:26:52Z</time></trkpt><trkpt lat="22.206241666666664" lon="114.03948666666665"><ele>21.7</ele><time>2025-11-15T08:26:54Z</time></trkpt><trkpt lat="22.20624833333333" lon="114.03945666666665"><ele>22.1</ele><time>2025-11-15T08:26:57Z</time></trkpt><trkpt lat="22.206256666666665" lon="114.03943499999998"><ele>23.8</ele><time>2025-11-15T08:27:03Z</time></trkpt><trkpt lat="22.206271666666666" lon="114.03942"><ele>24.1</ele><time>2025-11-15T08:27:06Z</time></trkpt><trkpt lat="22.20629333333333" lon="114.03941000000002"><ele>24.3</ele><time>2025-11-15T08:27:10Z</time></trkpt><trkpt lat="22.206313333333334" lon="114.03939666666665"><ele>24.6</ele><time>2025-11-15T08:27:13Z</time></trkpt><trkpt lat="22.206318333333336" lon="114.03937666666667"><ele>24.8</ele><time>2025-11-15T08:27:21Z</time></trkpt><trkpt lat="22.206321666666668" lon="114.03935500000001"><ele>24.5</ele><time>2025-11-15T08:27:25Z</time></trkpt><trkpt lat="22.20632333333333" lon="114.03932833333334"><ele>24.2</ele><time>2025-11-15T08:27:28Z</time></trkpt><trkpt lat="22.20632833333333" lon="114.03930666666665"><ele>23.5</ele><time>2025-11-15T08:27:30Z</time></trkpt><trkpt lat="22.20634166666667" lon="114.03929333333332"><ele>22.7</ele><time>2025-11-15T08:27:32Z</time></trkpt><trkpt lat="22.206355" lon="114.03927666666665"><ele>21.2</ele><time>2025-11-15T08:27:35Z</time></trkpt><trkpt lat="22.206366666666668" lon="114.03926000000001"><ele>20.0</ele><time>2025-11-15T08:27:37Z</time></trkpt><trkpt lat="22.206378333333337" lon="114.039245"><ele>19.2</ele><time>2025-11-15T08:27:39Z</time></trkpt><trkpt lat="22.206396666666667" lon="114.03923833333334"><ele>18.9</ele><time>2025-11-15T08:27:41Z</time></trkpt><trkpt lat="22.20638333333333" lon="114.03922499999999"><ele>18.9</ele><time>2025-11-15T08:27:44Z</time></trkpt><trkpt lat="22.206375" lon="114.03920166666667"><ele>18.7</ele><time>2025-11-15T08:27:47Z</time></trkpt><trkpt lat="22.206364999999998" lon="114.03918333333334"><ele>18.4</ele><time>2025-11-15T08:27:49Z</time></trkpt><trkpt lat="22.206385" lon="114.03918333333334"><ele>23.7</ele><time>2025-11-15T08:27:59Z</time></trkpt><trkpt lat="22.20640166666667" lon="114.03919666666667"><ele>25.0</ele><time>2025-11-15T08:28:03Z</time></trkpt><trkpt lat="22.206391666666665" lon="114.03921333333334"><ele>24.0</ele><time>2025-11-15T08:28:09Z</time></trkpt><trkpt lat="22.2064" lon="114.03919499999999"><ele>19.8</ele><time>2025-11-15T08:28:31Z</time></trkpt><trkpt lat="22.206411666666668" lon="114.03918"><ele>19.4</ele><time>2025-11-15T08:28:33Z</time></trkpt><trkpt lat="22.20641666666667" lon="114.03915833333333"><ele>18.4</ele><time>2025-11-15T08:28:36Z</time></trkpt><trkpt lat="22.206436666666665" lon="114.03914666666667"><ele>18.9</ele><time>2025-11-15T08:28:47Z</time></trkpt><trkpt lat="22.20645833333333" lon="114.03912666666665"><ele>18.6</ele><time>2025-11-15T08:28:49Z</time></trkpt><trkpt lat="22.20647333333333" lon="114.03911500000001"><ele>19.1</ele><time>2025-11-15T08:28:51Z</time></trkpt><trkpt lat="22.20648833333333" lon="114.03909333333334"><ele>20.6</ele><time>2025-11-15T08:28:54Z</time></trkpt><trkpt lat="22.20650333333333" lon="114.03907833333332"><ele>21.4</ele><time>2025-11-15T08:28:56Z</time></trkpt><trkpt lat="22.206521666666664" lon="114.03907333333333"><ele>22.1</ele><time>2025-11-15T08:28:58Z</time></trkpt><trkpt lat="22.206528333333335" lon="114.039055"><ele>22.8</ele><time>2025-11-15T08:29:02Z</time></trkpt><trkpt lat="22.206551666666662" lon="114.03904499999999"><ele>23.1</ele><time>2025-11-15T08:29:04Z</time></trkpt><trkpt lat="22.206573333333335" lon="114.03903833333334"><ele>24.2</ele><time>2025-11-15T08:29:09Z</time></trkpt><trkpt lat="22.206595" lon="114.03904833333333"><ele>24.8</ele><time>2025-11-15T08:29:12Z</time></trkpt><trkpt lat="22.206619999999997" lon="114.03905833333334"><ele>25.1</ele><time>2025-11-15T08:29:16Z</time></trkpt><trkpt lat="22.20664" lon="114.039065"><ele>25.2</ele><time>2025-11-15T08:29:18Z</time></trkpt><trkpt lat="22.206661666666665" lon="114.03906"><ele>25.2</ele><time>2025-11-15T08:29:20Z</time></trkpt><trkpt lat="22.206681666666668" lon="114.03906"><ele>25.1</ele><time>2025-11-15T08:29:22Z</time></trkpt><trkpt lat="22.206705000000003" lon="114.03907166666667"><ele>24.4</ele><time>2025-11-15T08:29:25Z</time></trkpt><trkpt lat="22.20672666666667" lon="114.03907833333332"><ele>24.4</ele><time>2025-11-15T08:29:28Z</time></trkpt><trkpt lat="22.20674166666667" lon="114.039095"><ele>24.4</ele><time>2025-11-15T08:29:32Z</time></trkpt><trkpt lat="22.206766666666667" lon="114.03909333333334"><ele>24.6</ele><time>2025-11-15T08:29:35Z</time></trkpt><trkpt lat="22.206785" lon="114.03909333333334"><ele>24.4</ele><time>2025-11-15T08:29:37Z</time></trkpt><trkpt lat="22.20680333333333" lon="114.03909333333334"><ele>24.6</ele><time>2025-11-15T08:29:39Z</time></trkpt><trkpt lat="22.206823333333332" lon="114.03908833333335"><ele>24.2</ele><time>2025-11-15T08:29:41Z</time></trkpt><trkpt lat="22.20684833333333" lon="114.03909333333334"><ele>21.3</ele><time>2025-11-15T08:29:46Z</time></trkpt><trkpt lat="22.206870000000002" lon="114.03909999999999"><ele>20.4</ele><time>2025-11-15T08:29:48Z</time></trkpt><trkpt lat="22.206900000000005" lon="114.03909333333334"><ele>19.6</ele><time>2025-11-15T08:29:50Z</time></trkpt><trkpt lat="22.20692" lon="114.03907499999998"><ele>19.4</ele><time>2025-11-15T08:29:52Z</time></trkpt><trkpt lat="22.206941666666662" lon="114.03906166666665"><ele>19.4</ele><time>2025-11-15T08:29:54Z</time></trkpt><trkpt lat="22.206961666666665" lon="114.03905833333334"><ele>19.6</ele><time>2025-11-15T08:29:56Z</time></trkpt><trkpt lat="22.20698333333333" lon="114.03903999999999"><ele>19.6</ele><time>2025-11-15T08:29:58Z</time></trkpt><trkpt lat="22.206993333333337" lon="114.03901833333333"><ele>19.7</ele><time>2025-11-15T08:30:00Z</time></trkpt><trkpt lat="22.207003333333333" lon="114.03900166666666"><ele>19.9</ele><time>2025-11-15T08:30:02Z</time></trkpt><trkpt lat="22.207020000000004" lon="114.03899000000001"><ele>19.6</ele><time>2025-11-15T08:30:04Z</time></trkpt><trkpt lat="22.20704166666667" lon="114.03899666666666"><ele>19.6</ele><time>2025-11-15T08:30:06Z</time></trkpt><trkpt lat="22.207060000000002" lon="114.03901499999999"><ele>19.4</ele><time>2025-11-15T08:30:08Z</time></trkpt><trkpt lat="22.207083333333337" lon="114.03902000000001"><ele>19.1</ele><time>2025-11-15T08:30:11Z</time></trkpt><trkpt lat="22.207105000000002" lon="114.03902666666666"><ele>19.2</ele><time>2025-11-15T08:30:13Z</time></trkpt><trkpt lat="22.20713" lon="114.03903333333334"><ele>19.7</ele><time>2025-11-15T08:30:15Z</time></trkpt><trkpt lat="22.207154999999997" lon="114.03904166666668"><ele>20.4</ele><time>2025-11-15T08:30:17Z</time></trkpt><trkpt lat="22.20717833333333" lon="114.039055"><ele>20.7</ele><time>2025-11-15T08:30:19Z</time></trkpt><trkpt lat="22.207198333333334" lon="114.03905833333334"><ele>20.9</ele><time>2025-11-15T08:30:21Z</time></trkpt><trkpt lat="22.20722" lon="114.03905833333334"><ele>20.6</ele><time>2025-11-15T08:30:24Z</time></trkpt><trkpt lat="22.207240000000002" lon="114.03906833333333"><ele>20.7</ele><time>2025-11-15T08:30:28Z</time></trkpt><trkpt lat="22.20726833333333" lon="114.039065"><ele>21.3</ele><time>2025-11-15T08:30:30Z</time></trkpt><trkpt lat="22.207286666666665" lon="114.03906666666666"><ele>21.3</ele><time>2025-11-15T08:30:31Z</time></trkpt><trkpt lat="22.207306666666668" lon="114.03906166666665"><ele>21.3</ele><time>2025-11-15T08:30:33Z</time></trkpt><trkpt lat="22.207328333333333" lon="114.03905333333333"><ele>21.5</ele><time>2025-11-15T08:30:35Z</time></trkpt><trkpt lat="22.207349999999998" lon="114.03904166666668"><ele>21.8</ele><time>2025-11-15T08:30:37Z</time></trkpt><trkpt lat="22.20737166666667" lon="114.039035"><ele>22.0</ele><time>2025-11-15T08:30:39Z</time></trkpt><trkpt lat="22.207398333333337" lon="114.03904166666668"><ele>22.5</ele><time>2025-11-15T08:30:42Z</time></trkpt><trkpt lat="22.207423333333335" lon="114.03904666666668"><ele>23.2</ele><time>2025-11-15T08:30:44Z</time></trkpt><trkpt lat="22.207448333333332" lon="114.03904833333333"><ele>23.4</ele><time>2025-11-15T08:30:46Z</time></trkpt><trkpt lat="22.207473333333336" lon="114.03903999999999"><ele>24.0</ele><time>2025-11-15T08:30:48Z</time></trkpt><trkpt lat="22.207493333333332" lon="114.03902666666666"><ele>24.2</ele><time>2025-11-15T08:30:50Z</time></trkpt><trkpt lat="22.207511666666665" lon="114.03901166666668"><ele>24.3</ele><time>2025-11-15T08:30:52Z</time></trkpt><trkpt lat="22.207533333333338" lon="114.03899833333335"><ele>24.4</ele><time>2025-11-15T08:30:54Z</time></trkpt><trkpt lat="22.20755" lon="114.03898833333332"><ele>24.9</ele><time>2025-11-15T08:30:56Z</time></trkpt><trkpt lat="22.20756833333333" lon="114.03898"><ele>25.3</ele><time>2025-11-15T08:30:58Z</time></trkpt><trkpt lat="22.207586666666664" lon="114.03897166666665"><ele>25.4</ele><time>2025-11-15T08:31:00Z</time></trkpt><trkpt lat="22.20761" lon="114.038965"><ele>25.6</ele><time>2025-11-15T08:31:03Z</time></trkpt><trkpt lat="22.20763" lon="114.038965"><ele>26.2</ele><time>2025-11-15T08:31:05Z</time></trkpt><trkpt lat="22.207651666666667" lon="114.03896333333333"><ele>26.7</ele><time>2025-11-15T08:31:07Z</time></trkpt><trkpt lat="22.20767" lon="114.03896333333333"><ele>27.3</ele><time>2025-11-15T08:31:09Z</time></trkpt><trkpt lat="22.207690000000003" lon="114.03896000000002"><ele>28.1</ele><time>2025-11-15T08:31:11Z</time></trkpt><trkpt lat="22.20771333333333" lon="114.03895499999999"><ele>28.9</ele><time>2025-11-15T08:31:13Z</time></trkpt><trkpt lat="22.207736666666666" lon="114.03894833333334"><ele>29.2</ele><time>2025-11-15T08:31:15Z</time></trkpt><trkpt lat="22.20775833333333" lon="114.038945"><ele>29.3</ele><time>2025-11-15T08:31:17Z</time></trkpt><trkpt lat="22.207778333333334" lon="114.03894333333334"><ele>29.5</ele><time>2025-11-15T08:31:19Z</time></trkpt><trkpt lat="22.207796666666663" lon="114.03894666666665"><ele>29.5</ele><time>2025-11-15T08:31:21Z</time></trkpt><trkpt lat="22.207816666666666" lon="114.03894333333334"><ele>29.7</ele><time>2025-11-15T08:31:23Z</time></trkpt><trkpt lat="22.207831666666667" lon="114.03895499999999"><ele>29.2</ele><time>2025-11-15T08:31:27Z</time></trkpt><trkpt lat="22.207835" lon="114.03893333333332"><ele>28.8</ele><time>2025-11-15T08:31:34Z</time></trkpt><trkpt lat="22.207826666666666" lon="114.03890666666666"><ele>28.9</ele><time>2025-11-15T08:31:36Z</time></trkpt><trkpt lat="22.207816666666666" lon="114.03888166666665"><ele>28.0</ele><time>2025-11-15T08:31:38Z</time></trkpt><trkpt lat="22.207825000000003" lon="114.03890166666666"><ele>28.6</ele><time>2025-11-15T08:31:44Z</time></trkpt><trkpt lat="22.207841666666663" lon="114.03889333333333"><ele>24.5</ele><time>2025-11-15T08:31:55Z</time></trkpt><trkpt lat="22.20784833333333" lon="114.03887333333333"><ele>22.8</ele><time>2025-11-15T08:31:58Z</time></trkpt><trkpt lat="22.207865" lon="114.03885666666665"><ele>20.8</ele><time>2025-11-15T08:32:01Z</time></trkpt><trkpt lat="22.20788166666667" lon="114.03883666666667"><ele>19.5</ele><time>2025-11-15T08:32:03Z</time></trkpt><trkpt lat="22.207886666666663" lon="114.03881166666666"><ele>18.1</ele><time>2025-11-15T08:32:05Z</time></trkpt><trkpt lat="22.207886666666663" lon="114.038785"><ele>16.5</ele><time>2025-11-15T08:32:07Z</time></trkpt><trkpt lat="22.20789166666667" lon="114.03876166666666"><ele>14.3</ele><time>2025-11-15T08:32:10Z</time></trkpt><trkpt lat="22.20788333333333" lon="114.038735"><ele>12.3</ele><time>2025-11-15T08:32:13Z</time></trkpt><trkpt lat="22.207876666666667" lon="114.03871"><ele>11.0</ele><time>2025-11-15T08:32:15Z</time></trkpt><trkpt lat="22.20787833333333" lon="114.03869000000002"><ele>9.8</ele><time>2025-11-15T08:32:17Z</time></trkpt><trkpt lat="22.207871666666666" lon="114.03866833333335"><ele>8.3</ele><time>2025-11-15T08:32:20Z</time></trkpt><trkpt lat="22.20785" lon="114.03865333333333"><ele>7.4</ele><time>2025-11-15T08:32:23Z</time></trkpt><trkpt lat="22.207843333333336" lon="114.03863333333332"><ele>7.0</ele><time>2025-11-15T08:32:25Z</time></trkpt><trkpt lat="22.207829999999998" lon="114.03861833333333"><ele>6.2</ele><time>2025-11-15T08:32:27Z</time></trkpt><trkpt lat="22.207816666666666" lon="114.03860166666666"><ele>5.7</ele><time>2025-11-15T08:32:29Z</time></trkpt><trkpt lat="22.207810000000002" lon="114.03858"><ele>5.2</ele><time>2025-11-15T08:32:31Z</time></trkpt><trkpt lat="22.207798333333336" lon="114.03855999999999"><ele>4.8</ele><time>2025-11-15T08:32:33Z</time></trkpt><trkpt lat="22.207783333333335" lon="114.03853833333332"><ele>4.5</ele><time>2025-11-15T08:32:35Z</time></trkpt><trkpt lat="22.20777333333333" lon="114.038515"><ele>4.4</ele><time>2025-11-15T08:32:37Z</time></trkpt><trkpt lat="22.207765000000002" lon="114.038495"><ele>4.2</ele><time>2025-11-15T08:32:39Z</time></trkpt><trkpt lat="22.20775666666667" lon="114.03847333333333"><ele>4.4</ele><time>2025-11-15T08:32:41Z</time></trkpt><trkpt lat="22.207763333333332" lon="114.03844833333332"><ele>4.9</ele><time>2025-11-15T08:32:43Z</time></trkpt><trkpt lat="22.207775" lon="114.03843166666665"><ele>6.0</ele><time>2025-11-15T08:32:45Z</time></trkpt><trkpt lat="22.20778833333333" lon="114.03841666666668"><ele>7.800000000000001</ele><time>2025-11-15T08:32:47Z</time></trkpt><trkpt lat="22.20780166666667" lon="114.03839333333332"><ele>10.6</ele><time>2025-11-15T08:32:51Z</time></trkpt><trkpt lat="22.207811666666665" lon="114.03837333333334"><ele>12.1</ele><time>2025-11-15T08:32:54Z</time></trkpt><trkpt lat="22.20782" lon="114.03835333333333"><ele>13.3</ele><time>2025-11-15T08:32:57Z</time></trkpt><trkpt lat="22.20783333333333" lon="114.03833166666666"><ele>14.3</ele><time>2025-11-15T08:33:00Z</time></trkpt><trkpt lat="22.207841666666663" lon="114.03830666666666"><ele>15.399999999999999</ele><time>2025-11-15T08:33:03Z</time></trkpt><trkpt lat="22.207855000000002" lon="114.03828166666666"><ele>16.1</ele><time>2025-11-15T08:33:06Z</time></trkpt><trkpt lat="22.207871666666666" lon="114.03826166666667"><ele>16.1</ele><time>2025-11-15T08:33:09Z</time></trkpt><trkpt lat="22.20789666666667" lon="114.03824666666667"><ele>16.1</ele><time>2025-11-15T08:33:11Z</time></trkpt><trkpt lat="22.207918333333335" lon="114.03823333333334"><ele>16.3</ele><time>2025-11-15T08:33:13Z</time></trkpt><trkpt lat="22.20794166666667" lon="114.038225"><ele>17.5</ele><time>2025-11-15T08:33:16Z</time></trkpt><trkpt lat="22.20795333333333" lon="114.03820666666667"><ele>18.4</ele><time>2025-11-15T08:33:19Z</time></trkpt><trkpt lat="22.207964999999998" lon="114.03818833333335"><ele>19.2</ele><time>2025-11-15T08:33:21Z</time></trkpt><trkpt lat="22.20798166666667" lon="114.03817"><ele>20.2</ele><time>2025-11-15T08:33:23Z</time></trkpt><trkpt lat="22.208000000000002" lon="114.038155"><ele>22.0</ele><time>2025-11-15T08:33:27Z</time></trkpt><trkpt lat="22.20801666666667" lon="114.03817499999998"><ele>25.3</ele><time>2025-11-15T08:33:35Z</time></trkpt><trkpt lat="22.208023333333337" lon="114.03815666666667"><ele>26.1</ele><time>2025-11-15T08:33:40Z</time></trkpt><trkpt lat="22.208023333333337" lon="114.038135"><ele>26.0</ele><time>2025-11-15T08:33:45Z</time></trkpt><trkpt lat="22.20803" lon="114.038105"><ele>25.8</ele><time>2025-11-15T08:33:48Z</time></trkpt><trkpt lat="22.20802666666667" lon="114.03808333333333"><ele>25.6</ele><time>2025-11-15T08:33:51Z</time></trkpt><trkpt lat="22.208005000000004" lon="114.03807499999999"><ele>25.5</ele><time>2025-11-15T08:33:55Z</time></trkpt><trkpt lat="22.20798666666667" lon="114.03808166666667"><ele>25.4</ele><time>2025-11-15T08:33:58Z</time></trkpt><trkpt lat="22.207964999999998" lon="114.03809833333335"><ele>25.4</ele><time>2025-11-15T08:34:01Z</time></trkpt><trkpt lat="22.20794166666667" lon="114.03809666666666"><ele>25.2</ele><time>2025-11-15T08:34:03Z</time></trkpt><trkpt lat="22.207919999999998" lon="114.03809000000001"><ele>25.1</ele><time>2025-11-15T08:34:06Z</time></trkpt><trkpt lat="22.207898333333333" lon="114.03807833333333"><ele>25.3</ele><time>2025-11-15T08:34:11Z</time></trkpt><trkpt lat="22.20789166666667" lon="114.03806000000002"><ele>25.6</ele><time>2025-11-15T08:34:13Z</time></trkpt><trkpt lat="22.207903333333334" lon="114.03804333333333"><ele>25.5</ele><time>2025-11-15T08:34:16Z</time></trkpt><trkpt lat="22.207898333333333" lon="114.03802166666668"><ele>25.1</ele><time>2025-11-15T08:34:19Z</time></trkpt><trkpt lat="22.207886666666663" lon="114.03800000000001"><ele>25.1</ele><time>2025-11-15T08:34:23Z</time></trkpt><trkpt lat="22.207904999999997" lon="114.03799"><ele>25.1</ele><time>2025-11-15T08:34:27Z</time></trkpt><trkpt lat="22.20792333333333" lon="114.03798"><ele>25.1</ele><time>2025-11-15T08:34:29Z</time></trkpt><trkpt lat="22.207943333333333" lon="114.03796833333332"><ele>25.4</ele><time>2025-11-15T08:34:32Z</time></trkpt><trkpt lat="22.207949999999997" lon="114.03795"><ele>26.0</ele><time>2025-11-15T08:34:35Z</time></trkpt><trkpt lat="22.207958333333334" lon="114.03792999999999"><ele>28.0</ele><time>2025-11-15T08:34:45Z</time></trkpt><trkpt lat="22.20792666666667" lon="114.03790333333333"><ele>33.0</ele><time>2025-11-15T08:34:55Z</time></trkpt><trkpt lat="22.207904999999997" lon="114.03790166666667"><ele>33.6</ele><time>2025-11-15T08:34:57Z</time></trkpt><trkpt lat="22.207886666666663" lon="114.03789833333333"><ele>34.2</ele><time>2025-11-15T08:34:59Z</time></trkpt><trkpt lat="22.207876666666667" lon="114.03788000000002"><ele>34.7</ele><time>2025-11-15T08:35:02Z</time></trkpt><trkpt lat="22.20788" lon="114.03785500000001"><ele>35.3</ele><time>2025-11-15T08:35:07Z</time></trkpt><trkpt lat="22.20788333333333" lon="114.037835"><ele>35.5</ele><time>2025-11-15T08:35:09Z</time></trkpt><trkpt lat="22.20789166666667" lon="114.03781166666667"><ele>35.7</ele><time>2025-11-15T08:35:12Z</time></trkpt><trkpt lat="22.20789666666667" lon="114.03778333333334"><ele>35.4</ele><time>2025-11-15T08:35:15Z</time></trkpt><trkpt lat="22.207903333333334" lon="114.03776"><ele>35.8</ele><time>2025-11-15T08:35:17Z</time></trkpt><trkpt lat="22.20790833333333" lon="114.03773833333335"><ele>35.5</ele><time>2025-11-15T08:35:20Z</time></trkpt><trkpt lat="22.207915000000003" lon="114.03771"><ele>35.6</ele><time>2025-11-15T08:35:23Z</time></trkpt><trkpt lat="22.207915000000003" lon="114.03768333333333"><ele>35.6</ele><time>2025-11-15T08:35:25Z</time></trkpt><trkpt lat="22.20791166666667" lon="114.03765999999999"><ele>35.7</ele><time>2025-11-15T08:35:27Z</time></trkpt><trkpt lat="22.20791166666667" lon="114.03763833333332"><ele>36.0</ele><time>2025-11-15T08:35:29Z</time></trkpt><trkpt lat="22.20791166666667" lon="114.03761666666666"><ele>36.4</ele><time>2025-11-15T08:35:31Z</time></trkpt><trkpt lat="22.207910000000002" lon="114.037595"><ele>37.0</ele><time>2025-11-15T08:35:33Z</time></trkpt><trkpt lat="22.20790833333333" lon="114.03757499999999"><ele>37.1</ele><time>2025-11-15T08:35:35Z</time></trkpt><trkpt lat="22.207921666666667" lon="114.03754833333332"><ele>36.8</ele><time>2025-11-15T08:35:38Z</time></trkpt><trkpt lat="22.207919999999998" lon="114.03752333333333"><ele>36.3</ele><time>2025-11-15T08:35:40Z</time></trkpt><trkpt lat="22.207925" lon="114.03749333333332"><ele>35.7</ele><time>2025-11-15T08:35:43Z</time></trkpt><trkpt lat="22.20792833333333" lon="114.03746666666666"><ele>35.2</ele><time>2025-11-15T08:35:45Z</time></trkpt><trkpt lat="22.207921666666667" lon="114.03744333333334"><ele>35.0</ele><time>2025-11-15T08:35:47Z</time></trkpt><trkpt lat="22.207913333333334" lon="114.03742333333334"><ele>34.7</ele><time>2025-11-15T08:35:50Z</time></trkpt><trkpt lat="22.20790833333333" lon="114.03740333333332"><ele>34.5</ele><time>2025-11-15T08:35:52Z</time></trkpt><trkpt lat="22.20790833333333" lon="114.03737833333335"><ele>34.8</ele><time>2025-11-15T08:35:54Z</time></trkpt><trkpt lat="22.20790833333333" lon="114.03735333333334"><ele>35.199999999999996</ele><time>2025-11-15T08:35:56Z</time></trkpt><trkpt lat="22.20790833333333" lon="114.03733333333334"><ele>35.5</ele><time>2025-11-15T08:35:58Z</time></trkpt><trkpt lat="22.20790833333333" lon="114.03730833333333"><ele>35.9</ele><time>2025-11-15T08:36:00Z</time></trkpt><trkpt lat="22.207900000000002" lon="114.03728666666666"><ele>36.1</ele><time>2025-11-15T08:36:02Z</time></trkpt><trkpt lat="22.207895" lon="114.03726666666668"><ele>36.699999999999996</ele><time>2025-11-15T08:36:04Z</time></trkpt><trkpt lat="22.207886666666663" lon="114.03724333333334"><ele>37.1</ele><time>2025-11-15T08:36:06Z</time></trkpt><trkpt lat="22.207876666666667" lon="114.03721833333333"><ele>37.5</ele><time>2025-11-15T08:36:08Z</time></trkpt><trkpt lat="22.20786333333333" lon="114.0372"><ele>37.6</ele><time>2025-11-15T08:36:10Z</time></trkpt><trkpt lat="22.20785166666667" lon="114.03717499999999"><ele>38.3</ele><time>2025-11-15T08:36:13Z</time></trkpt><trkpt lat="22.207835" lon="114.03715833333332"><ele>38.3</ele><time>2025-11-15T08:36:16Z</time></trkpt><trkpt lat="22.207823333333334" lon="114.03713666666665"><ele>37.8</ele><time>2025-11-15T08:36:19Z</time></trkpt><trkpt lat="22.207810000000002" lon="114.03712333333333"><ele>38.1</ele><time>2025-11-15T08:36:21Z</time></trkpt><trkpt lat="22.20779" lon="114.03711166666666"><ele>37.4</ele><time>2025-11-15T08:36:24Z</time></trkpt><trkpt lat="22.207771666666666" lon="114.03710666666666"><ele>37.199999999999996</ele><time>2025-11-15T08:36:26Z</time></trkpt><trkpt lat="22.207751666666663" lon="114.03710333333332"><ele>37.199999999999996</ele><time>2025-11-15T08:36:29Z</time></trkpt><trkpt lat="22.20773" lon="114.037115"><ele>37.3</ele><time>2025-11-15T08:36:32Z</time></trkpt><trkpt lat="22.207708333333336" lon="114.03711666666668"><ele>36.699999999999996</ele><time>2025-11-15T08:36:39Z</time></trkpt><trkpt lat="22.207688333333333" lon="114.03711666666668"><ele>36.5</ele><time>2025-11-15T08:36:42Z</time></trkpt><trkpt lat="22.207665" lon="114.03711833333334"><ele>36.199999999999996</ele><time>2025-11-15T08:36:45Z</time></trkpt><trkpt lat="22.20764" lon="114.03711833333334"><ele>35.699999999999996</ele><time>2025-11-15T08:36:47Z</time></trkpt><trkpt lat="22.20761" lon="114.03711166666666"><ele>35.699999999999996</ele><time>2025-11-15T08:36:49Z</time></trkpt><trkpt lat="22.207588333333334" lon="114.03710166666666"><ele>36.0</ele><time>2025-11-15T08:36:51Z</time></trkpt><trkpt lat="22.20756666666667" lon="114.03710000000001"><ele>36.199999999999996</ele><time>2025-11-15T08:36:54Z</time></trkpt><trkpt lat="22.207544999999996" lon="114.03709166666667"><ele>36.4</ele><time>2025-11-15T08:36:58Z</time></trkpt><trkpt lat="22.207531666666668" lon="114.037075"><ele>36.6</ele><time>2025-11-15T08:37:01Z</time></trkpt><trkpt lat="22.207498333333334" lon="114.03706666666668"><ele>37.199999999999996</ele><time>2025-11-15T08:37:05Z</time></trkpt><trkpt lat="22.20748" lon="114.03705166666666"><ele>37.699999999999996</ele><time>2025-11-15T08:37:08Z</time></trkpt><trkpt lat="22.207486666666668" lon="114.03702833333334"><ele>38.199999999999996</ele><time>2025-11-15T08:37:10Z</time></trkpt><trkpt lat="22.207488333333337" lon="114.03700333333333"><ele>39.0</ele><time>2025-11-15T08:37:13Z</time></trkpt><trkpt lat="22.20749166666667" lon="114.03698000000001"><ele>39.6</ele><time>2025-11-15T08:37:16Z</time></trkpt><trkpt lat="22.207481666666663" lon="114.03695833333335"><ele>39.8</ele><time>2025-11-15T08:37:18Z</time></trkpt><trkpt lat="22.207471666666667" lon="114.036935"><ele>39.8</ele><time>2025-11-15T08:37:20Z</time></trkpt><trkpt lat="22.207471666666667" lon="114.03691500000001"><ele>39.6</ele><time>2025-11-15T08:37:22Z</time></trkpt><trkpt lat="22.207466666666665" lon="114.03689166666666"><ele>39.4</ele><time>2025-11-15T08:37:24Z</time></trkpt><trkpt lat="22.207473333333336" lon="114.03686833333335"><ele>39.0</ele><time>2025-11-15T08:37:26Z</time></trkpt><trkpt lat="22.20747666666667" lon="114.03684833333334"><ele>38.0</ele><time>2025-11-15T08:37:28Z</time></trkpt><trkpt lat="22.207466666666665" lon="114.03682666666667"><ele>37.199999999999996</ele><time>2025-11-15T08:37:30Z</time></trkpt><trkpt lat="22.207453333333333" lon="114.036805"><ele>36.3</ele><time>2025-11-15T08:37:32Z</time></trkpt><trkpt lat="22.207441666666668" lon="114.03678333333333"><ele>35.1</ele><time>2025-11-15T08:37:35Z</time></trkpt><trkpt lat="22.207424999999997" lon="114.03676833333333"><ele>34.4</ele><time>2025-11-15T08:37:38Z</time></trkpt><trkpt lat="22.207403333333332" lon="114.03676166666668"><ele>33.699999999999996</ele><time>2025-11-15T08:37:41Z</time></trkpt><trkpt lat="22.207378333333335" lon="114.03675166666666"><ele>32.699999999999996</ele><time>2025-11-15T08:37:44Z</time></trkpt><trkpt lat="22.207349999999998" lon="114.03673333333333"><ele>32.3</ele><time>2025-11-15T08:37:46Z</time></trkpt><trkpt lat="22.207328333333333" lon="114.03671833333334"><ele>32.4</ele><time>2025-11-15T08:37:48Z</time></trkpt><trkpt lat="22.20731" lon="114.03670500000001"><ele>32.6</ele><time>2025-11-15T08:37:51Z</time></trkpt><trkpt lat="22.207291666666666" lon="114.03669999999998"><ele>32.3</ele><time>2025-11-15T08:37:54Z</time></trkpt><trkpt lat="22.20727" lon="114.03669166666666"><ele>32.4</ele><time>2025-11-15T08:37:56Z</time></trkpt><trkpt lat="22.207256666666662" lon="114.03667833333333"><ele>32.5</ele><time>2025-11-15T08:37:58Z</time></trkpt><trkpt lat="22.207255" lon="114.03664833333332"><ele>32.3</ele><time>2025-11-15T08:38:01Z</time></trkpt><trkpt lat="22.207258333333336" lon="114.036625"><ele>30.9</ele><time>2025-11-15T08:38:05Z</time></trkpt><trkpt lat="22.207273333333333" lon="114.03660666666669"><ele>30.099999999999998</ele><time>2025-11-15T08:38:07Z</time></trkpt><trkpt lat="22.207295" lon="114.03658833333333"><ele>29.299999999999997</ele><time>2025-11-15T08:38:09Z</time></trkpt><trkpt lat="22.20731166666667" lon="114.03656500000001"><ele>28.7</ele><time>2025-11-15T08:38:11Z</time></trkpt><trkpt lat="22.207325" lon="114.03654"><ele>28.2</ele><time>2025-11-15T08:38:13Z</time></trkpt><trkpt lat="22.207341666666668" lon="114.03652500000001"><ele>28.2</ele><time>2025-11-15T08:38:15Z</time></trkpt><trkpt lat="22.207361666666664" lon="114.036505"><ele>28.799999999999997</ele><time>2025-11-15T08:38:17Z</time></trkpt><trkpt lat="22.207373333333333" lon="114.03647833333335"><ele>29.5</ele><time>2025-11-15T08:38:19Z</time></trkpt><trkpt lat="22.207364999999996" lon="114.03644833333334"><ele>30.299999999999997</ele><time>2025-11-15T08:38:21Z</time></trkpt><trkpt lat="22.207351666666668" lon="114.03641999999999"><ele>31.1</ele><time>2025-11-15T08:38:23Z</time></trkpt><trkpt lat="22.20734333333333" lon="114.03639333333334"><ele>31.9</ele><time>2025-11-15T08:38:25Z</time></trkpt><trkpt lat="22.207333333333334" lon="114.03637333333333"><ele>32.4</ele><time>2025-11-15T08:38:27Z</time></trkpt><trkpt lat="22.207328333333333" lon="114.03635333333335"><ele>33.0</ele><time>2025-11-15T08:38:29Z</time></trkpt><trkpt lat="22.207315" lon="114.03632999999999"><ele>33.8</ele><time>2025-11-15T08:38:31Z</time></trkpt><trkpt lat="22.207303333333336" lon="114.03630666666668"><ele>35.0</ele><time>2025-11-15T08:38:34Z</time></trkpt><trkpt lat="22.207285000000002" lon="114.03628833333332"><ele>35.4</ele><time>2025-11-15T08:38:37Z</time></trkpt><trkpt lat="22.20727" lon="114.03627166666665"><ele>35.5</ele><time>2025-11-15T08:38:40Z</time></trkpt><trkpt lat="22.20725333333333" lon="114.03625333333333"><ele>37.5</ele><time>2025-11-15T08:38:51Z</time></trkpt><trkpt lat="22.207231666666665" lon="114.03626000000001"><ele>37.9</ele><time>2025-11-15T08:39:08Z</time></trkpt><trkpt lat="22.207214999999998" lon="114.03625166666667"><ele>37.5</ele><time>2025-11-15T08:39:10Z</time></trkpt><trkpt lat="22.207203333333336" lon="114.03623333333334"><ele>37.0</ele><time>2025-11-15T08:39:12Z</time></trkpt><trkpt lat="22.20719166666667" lon="114.03621833333334"><ele>36.5</ele><time>2025-11-15T08:39:14Z</time></trkpt><trkpt lat="22.207173333333337" lon="114.03620166666666"><ele>35.8</ele><time>2025-11-15T08:39:17Z</time></trkpt><trkpt lat="22.207153333333334" lon="114.03619166666667"><ele>35.1</ele><time>2025-11-15T08:39:19Z</time></trkpt><trkpt lat="22.207126666666667" lon="114.03618666666668"><ele>34.1</ele><time>2025-11-15T08:39:21Z</time></trkpt><trkpt lat="22.207105000000002" lon="114.036175"><ele>33.3</ele><time>2025-11-15T08:39:23Z</time></trkpt><trkpt lat="22.207079999999998" lon="114.03615833333333"><ele>32.5</ele><time>2025-11-15T08:39:25Z</time></trkpt><trkpt lat="22.207049999999995" lon="114.03615166666665"><ele>32.1</ele><time>2025-11-15T08:39:27Z</time></trkpt><trkpt lat="22.207036666666667" lon="114.03613833333333"><ele>31.799999999999997</ele><time>2025-11-15T08:39:29Z</time></trkpt><trkpt lat="22.207018333333334" lon="114.03611166666666"><ele>30.9</ele><time>2025-11-15T08:39:32Z</time></trkpt><trkpt lat="22.20699833333333" lon="114.03609"><ele>30.799999999999997</ele><time>2025-11-15T08:39:34Z</time></trkpt><trkpt lat="22.206985" lon="114.03606833333333"><ele>30.799999999999997</ele><time>2025-11-15T08:39:36Z</time></trkpt><trkpt lat="22.206971666666664" lon="114.03605"><ele>31.0</ele><time>2025-11-15T08:39:39Z</time></trkpt><trkpt lat="22.206973333333334" lon="114.03602500000001"><ele>30.9</ele><time>2025-11-15T08:39:41Z</time></trkpt><trkpt lat="22.206970000000002" lon="114.03599666666666"><ele>30.6</ele><time>2025-11-15T08:39:43Z</time></trkpt><trkpt lat="22.206973333333334" lon="114.03596999999999"><ele>30.699999999999996</ele><time>2025-11-15T08:39:46Z</time></trkpt><trkpt lat="22.20698333333333" lon="114.035945"><ele>30.6</ele><time>2025-11-15T08:39:49Z</time></trkpt><trkpt lat="22.206986666666662" lon="114.03591833333333"><ele>30.2</ele><time>2025-11-15T08:39:53Z</time></trkpt><trkpt lat="22.20698333333333" lon="114.03589833333332"><ele>29.599999999999998</ele><time>2025-11-15T08:39:56Z</time></trkpt><trkpt lat="22.206981666666668" lon="114.03587833333334"><ele>29.299999999999997</ele><time>2025-11-15T08:39:58Z</time></trkpt><trkpt lat="22.206978333333335" lon="114.03585666666667"><ele>28.9</ele><time>2025-11-15T08:40:01Z</time></trkpt><trkpt lat="22.206981666666668" lon="114.03583333333333"><ele>28.099999999999998</ele><time>2025-11-15T08:40:05Z</time></trkpt><trkpt lat="22.206991666666667" lon="114.03581000000001"><ele>26.9</ele><time>2025-11-15T08:40:07Z</time></trkpt><trkpt lat="22.206991666666667" lon="114.03578666666665"><ele>25.9</ele><time>2025-11-15T08:40:09Z</time></trkpt><trkpt lat="22.206981666666668" lon="114.03580333333333"><ele>24.4</ele><time>2025-11-15T08:40:12Z</time></trkpt><trkpt lat="22.206961666666665" lon="114.03580833333332"><ele>22.299999999999997</ele><time>2025-11-15T08:40:18Z</time></trkpt><trkpt lat="22.20695166666667" lon="114.03579166666665"><ele>21.9</ele><time>2025-11-15T08:40:20Z</time></trkpt><trkpt lat="22.206936666666667" lon="114.035765"><ele>21.599999999999998</ele><time>2025-11-15T08:40:22Z</time></trkpt><trkpt lat="22.206930000000003" lon="114.035745"><ele>21.0</ele><time>2025-11-15T08:40:25Z</time></trkpt><trkpt lat="22.206915000000002" lon="114.03573"><ele>20.0</ele><time>2025-11-15T08:40:28Z</time></trkpt><trkpt lat="22.20690833333333" lon="114.03571166666667"><ele>19.599999999999998</ele><time>2025-11-15T08:40:31Z</time></trkpt><trkpt lat="22.206896666666662" lon="114.03569333333334"><ele>19.0</ele><time>2025-11-15T08:40:33Z</time></trkpt><trkpt lat="22.20688" lon="114.03567999999999"><ele>18.5</ele><time>2025-11-15T08:40:35Z</time></trkpt><trkpt lat="22.206865" lon="114.03566666666666"><ele>17.7</ele><time>2025-11-15T08:40:37Z</time></trkpt><trkpt lat="22.20685" lon="114.03565333333333"><ele>16.599999999999998</ele><time>2025-11-15T08:40:40Z</time></trkpt><trkpt lat="22.206840000000003" lon="114.03562500000001"><ele>16.099999999999998</ele><time>2025-11-15T08:40:43Z</time></trkpt><trkpt lat="22.206835" lon="114.03559666666666"><ele>15.6</ele><time>2025-11-15T08:40:45Z</time></trkpt><trkpt lat="22.206833333333332" lon="114.03557333333335"><ele>14.700000000000001</ele><time>2025-11-15T08:40:47Z</time></trkpt><trkpt lat="22.20683" lon="114.03555"><ele>14.3</ele><time>2025-11-15T08:40:49Z</time></trkpt><trkpt lat="22.206828333333338" lon="114.03551999999999"><ele>14.4</ele><time>2025-11-15T08:40:51Z</time></trkpt><trkpt lat="22.20681833333333" lon="114.03549333333333"><ele>14.3</ele><time>2025-11-15T08:40:53Z</time></trkpt><trkpt lat="22.206805" lon="114.03548"><ele>14.4</ele><time>2025-11-15T08:40:55Z</time></trkpt><trkpt lat="22.206795000000003" lon="114.03546333333334"><ele>15.000000000000002</ele><time>2025-11-15T08:40:57Z</time></trkpt><trkpt lat="22.206788333333332" lon="114.03544333333333"><ele>15.700000000000001</ele><time>2025-11-15T08:40:59Z</time></trkpt><trkpt lat="22.206778333333332" lon="114.03541500000001"><ele>16.099999999999998</ele><time>2025-11-15T08:41:02Z</time></trkpt><trkpt lat="22.206768333333336" lon="114.03539500000001"><ele>16.299999999999997</ele><time>2025-11-15T08:41:04Z</time></trkpt><trkpt lat="22.206748333333334" lon="114.035385"><ele>16.9</ele><time>2025-11-15T08:41:07Z</time></trkpt><trkpt lat="22.206745" lon="114.03535333333333"><ele>16.5</ele><time>2025-11-15T08:41:12Z</time></trkpt><trkpt lat="22.206750000000003" lon="114.03533"><ele>16.2</ele><time>2025-11-15T08:41:14Z</time></trkpt><trkpt lat="22.206753333333335" lon="114.03531"><ele>16.0</ele><time>2025-11-15T08:41:17Z</time></trkpt><trkpt lat="22.206754999999998" lon="114.03528666666668"><ele>15.6</ele><time>2025-11-15T08:41:22Z</time></trkpt><trkpt lat="22.206738333333337" lon="114.03527666666666"><ele>15.1</ele><time>2025-11-15T08:41:25Z</time></trkpt><trkpt lat="22.206718333333335" lon="114.035275"><ele>14.6</ele><time>2025-11-15T08:41:30Z</time></trkpt><trkpt lat="22.206706666666665" lon="114.03525666666668"><ele>13.5</ele><time>2025-11-15T08:41:40Z</time></trkpt><trkpt lat="22.20669666666667" lon="114.03523333333332"><ele>13.6</ele><time>2025-11-15T08:41:44Z</time></trkpt><trkpt lat="22.206688333333332" lon="114.03521500000001"><ele>13.6</ele><time>2025-11-15T08:41:46Z</time></trkpt><trkpt lat="22.206686666666663" lon="114.03519499999999"><ele>13.5</ele><time>2025-11-15T08:41:48Z</time></trkpt><trkpt lat="22.206663333333335" lon="114.03518666666666"><ele>13.0</ele><time>2025-11-15T08:41:51Z</time></trkpt><trkpt lat="22.206633333333336" lon="114.03519666666668"><ele>12.9</ele><time>2025-11-15T08:41:53Z</time></trkpt><trkpt lat="22.206611666666664" lon="114.03519999999999"><ele>12.6</ele><time>2025-11-15T08:41:55Z</time></trkpt><trkpt lat="22.20659333333333" lon="114.035205"><ele>12.4</ele><time>2025-11-15T08:41:57Z</time></trkpt><trkpt lat="22.206574999999997" lon="114.03521333333335"><ele>12.4</ele><time>2025-11-15T08:42:00Z</time></trkpt><trkpt lat="22.206556666666664" lon="114.03523166666668"><ele>12.1</ele><time>2025-11-15T08:42:03Z</time></trkpt><trkpt lat="22.206529999999997" lon="114.03523833333333"><ele>11.8</ele><time>2025-11-15T08:42:05Z</time></trkpt><trkpt lat="22.2065" lon="114.03524166666666"><ele>11.0</ele><time>2025-11-15T08:42:07Z</time></trkpt><trkpt lat="22.206468333333337" lon="114.03523833333333"><ele>10.6</ele><time>2025-11-15T08:42:09Z</time></trkpt><trkpt lat="22.206439999999997" lon="114.03523333333332"><ele>10.5</ele><time>2025-11-15T08:42:11Z</time></trkpt><trkpt lat="22.206423333333337" lon="114.035225"><ele>10.4</ele><time>2025-11-15T08:42:13Z</time></trkpt><trkpt lat="22.206409999999998" lon="114.03520666666667"><ele>10.200000000000001</ele><time>2025-11-15T08:42:16Z</time></trkpt><trkpt lat="22.206403333333334" lon="114.03517833333332"><ele>10.1</ele><time>2025-11-15T08:42:19Z</time></trkpt><trkpt lat="22.206408333333336" lon="114.03515333333334"><ele>9.4</ele><time>2025-11-15T08:42:21Z</time></trkpt><trkpt lat="22.20640166666667" lon="114.03512833333335"><ele>8.8</ele><time>2025-11-15T08:42:23Z</time></trkpt><trkpt lat="22.206394999999997" lon="114.03510833333333"><ele>8.3</ele><time>2025-11-15T08:42:25Z</time></trkpt><trkpt lat="22.206390000000003" lon="114.03507999999998"><ele>8.700000000000001</ele><time>2025-11-15T08:42:28Z</time></trkpt><trkpt lat="22.20638" lon="114.03505833333332"><ele>8.4</ele><time>2025-11-15T08:42:30Z</time></trkpt><trkpt lat="22.206375" lon="114.03503166666665"><ele>8.0</ele><time>2025-11-15T08:42:33Z</time></trkpt><trkpt lat="22.20636833333333" lon="114.03501166666668"><ele>8.0</ele><time>2025-11-15T08:42:35Z</time></trkpt><trkpt lat="22.206360000000004" lon="114.03498999999998"><ele>8.1</ele><time>2025-11-15T08:42:37Z</time></trkpt><trkpt lat="22.206343333333333" lon="114.03496666666666"><ele>8.0</ele><time>2025-11-15T08:42:40Z</time></trkpt><trkpt lat="22.206325" lon="114.03494166666665"><ele>8.3</ele><time>2025-11-15T08:42:42Z</time></trkpt><trkpt lat="22.206325" lon="114.034915"><ele>8.9</ele><time>2025-11-15T08:42:44Z</time></trkpt><trkpt lat="22.20632333333333" lon="114.034885"><ele>9.3</ele><time>2025-11-15T08:42:47Z</time></trkpt><trkpt lat="22.206313333333334" lon="114.03486166666669"><ele>9.4</ele><time>2025-11-15T08:42:49Z</time></trkpt><trkpt lat="22.206303333333334" lon="114.03484166666667"><ele>9.200000000000001</ele><time>2025-11-15T08:42:54Z</time></trkpt><trkpt lat="22.20629666666667" lon="114.03481333333333"><ele>8.6</ele><time>2025-11-15T08:42:57Z</time></trkpt><trkpt lat="22.206288333333337" lon="114.03478833333332"><ele>8.8</ele><time>2025-11-15T08:43:00Z</time></trkpt><trkpt lat="22.20628333333333" lon="114.03476666666666"><ele>8.8</ele><time>2025-11-15T08:43:03Z</time></trkpt><trkpt lat="22.20629166666667" lon="114.03474833333333"><ele>8.9</ele><time>2025-11-15T08:43:06Z</time></trkpt><trkpt lat="22.20629333333333" lon="114.03472333333333"><ele>8.8</ele><time>2025-11-15T08:43:09Z</time></trkpt><trkpt lat="22.20629666666667" lon="114.03469333333332"><ele>9.1</ele><time>2025-11-15T08:43:12Z</time></trkpt><trkpt lat="22.206303333333334" lon="114.03466666666667"><ele>9.3</ele><time>2025-11-15T08:43:15Z</time></trkpt><trkpt lat="22.206300000000002" lon="114.03464666666666"><ele>8.4</ele><time>2025-11-15T08:43:19Z</time></trkpt><trkpt lat="22.206303333333334" lon="114.03461999999999"><ele>9.200000000000001</ele><time>2025-11-15T08:43:33Z</time></trkpt><trkpt lat="22.206319999999998" lon="114.03460833333332"><ele>9.4</ele><time>2025-11-15T08:43:36Z</time></trkpt><trkpt lat="22.20633" lon="114.03458666666666"><ele>9.8</ele><time>2025-11-15T08:43:38Z</time></trkpt><trkpt lat="22.20633666666667" lon="114.03456499999999"><ele>10.5</ele><time>2025-11-15T08:43:40Z</time></trkpt><trkpt lat="22.206345000000002" lon="114.03454500000001"><ele>10.9</ele><time>2025-11-15T08:43:42Z</time></trkpt><trkpt lat="22.206361666666666" lon="114.03452999999999"><ele>11.200000000000001</ele><time>2025-11-15T08:43:44Z</time></trkpt><trkpt lat="22.20638333333333" lon="114.03451500000001"><ele>11.200000000000001</ele><time>2025-11-15T08:43:47Z</time></trkpt><trkpt lat="22.2064" lon="114.0345"><ele>11.9</ele><time>2025-11-15T08:43:50Z</time></trkpt><trkpt lat="22.206418333333332" lon="114.03450666666667"><ele>12.5</ele><time>2025-11-15T08:43:53Z</time></trkpt><trkpt lat="22.20641666666667" lon="114.03453333333333"><ele>13.1</ele><time>2025-11-15T08:43:57Z</time></trkpt><trkpt lat="22.206425" lon="114.03451166666667"><ele>14.0</ele><time>2025-11-15T08:44:02Z</time></trkpt><trkpt lat="22.20644333333333" lon="114.0345"><ele>13.9</ele><time>2025-11-15T08:44:03Z</time></trkpt><trkpt lat="22.20646166666667" lon="114.03448666666667"><ele>14.200000000000001</ele><time>2025-11-15T08:44:07Z</time></trkpt><trkpt lat="22.206478333333333" lon="114.03449833333335"><ele>14.6</ele><time>2025-11-15T08:44:15Z</time></trkpt><trkpt lat="22.206496666666666" lon="114.03450999999998"><ele>14.700000000000001</ele><time>2025-11-15T08:44:18Z</time></trkpt><trkpt lat="22.206521666666664" lon="114.03452833333334"><ele>14.500000000000002</ele><time>2025-11-15T08:44:20Z</time></trkpt><trkpt lat="22.206546666666668" lon="114.03453833333333"><ele>14.200000000000001</ele><time>2025-11-15T08:44:22Z</time></trkpt><trkpt lat="22.206566666666664" lon="114.03453999999998"><ele>13.9</ele><time>2025-11-15T08:44:24Z</time></trkpt><trkpt lat="22.206595" lon="114.03453666666668"><ele>13.6</ele><time>2025-11-15T08:44:26Z</time></trkpt><trkpt lat="22.206619999999997" lon="114.03454333333333"><ele>13.700000000000001</ele><time>2025-11-15T08:44:28Z</time></trkpt><trkpt lat="22.206643333333332" lon="114.03455000000001"><ele>13.3</ele><time>2025-11-15T08:44:30Z</time></trkpt><trkpt lat="22.20666833333333" lon="114.03456499999999"><ele>12.9</ele><time>2025-11-15T08:44:33Z</time></trkpt><trkpt lat="22.206688333333332" lon="114.03456999999999"><ele>13.0</ele><time>2025-11-15T08:44:35Z</time></trkpt><trkpt lat="22.206708333333335" lon="114.03458166666665"><ele>13.5</ele><time>2025-11-15T08:44:37Z</time></trkpt><trkpt lat="22.20673" lon="114.03459"><ele>13.0</ele><time>2025-11-15T08:44:39Z</time></trkpt><trkpt lat="22.206751666666666" lon="114.03459333333333"><ele>11.9</ele><time>2025-11-15T08:44:41Z</time></trkpt><trkpt lat="22.206778333333332" lon="114.03458833333335"><ele>10.700000000000001</ele><time>2025-11-15T08:44:44Z</time></trkpt><trkpt lat="22.206796666666666" lon="114.03458166666665"><ele>9.3</ele><time>2025-11-15T08:44:46Z</time></trkpt><trkpt lat="22.206811666666667" lon="114.03456666666668"><ele>6.6</ele><time>2025-11-15T08:44:49Z</time></trkpt><trkpt lat="22.20681833333333" lon="114.03453499999999"><ele>4.199999999999999</ele><time>2025-11-15T08:44:52Z</time></trkpt><trkpt lat="22.206825000000002" lon="114.03451166666667"><ele>3.1999999999999997</ele><time>2025-11-15T08:44:54Z</time></trkpt><trkpt lat="22.20683" lon="114.03449166666665"><ele>2.4</ele><time>2025-11-15T08:44:56Z</time></trkpt><trkpt lat="22.206843333333335" lon="114.03446666666666"><ele>0.3999999999999999</ele><time>2025-11-15T08:44:59Z</time></trkpt><trkpt lat="22.206855000000004" lon="114.03444333333333"><ele>-0.6000000000000001</ele><time>2025-11-15T08:45:01Z</time></trkpt><trkpt lat="22.206871666666665" lon="114.03442500000001"><ele>-2.2</ele><time>2025-11-15T08:45:04Z</time></trkpt><trkpt lat="22.206895" lon="114.03441166666668"><ele>-2.9000000000000004</ele><time>2025-11-15T08:45:07Z</time></trkpt><trkpt lat="22.206918333333338" lon="114.034405"><ele>-3.4000000000000004</ele><time>2025-11-15T08:45:10Z</time></trkpt><trkpt lat="22.206945000000005" lon="114.03440166666665"><ele>-3.5</ele><time>2025-11-15T08:45:12Z</time></trkpt><trkpt lat="22.20696666666667" lon="114.03439333333333"><ele>-3.7</ele><time>2025-11-15T08:45:14Z</time></trkpt><trkpt lat="22.20698333333333" lon="114.03438499999999"><ele>-3.8000000000000003</ele><time>2025-11-15T08:45:16Z</time></trkpt><trkpt lat="22.207005000000002" lon="114.03438999999999"><ele>-3.9</ele><time>2025-11-15T08:45:19Z</time></trkpt><trkpt lat="22.207023333333336" lon="114.03439833333331"><ele>-4.1</ele><time>2025-11-15T08:45:21Z</time></trkpt><trkpt lat="22.207048333333333" lon="114.03440833333335"><ele>-5.1</ele><time>2025-11-15T08:45:23Z</time></trkpt><trkpt lat="22.207068333333336" lon="114.03441"><ele>-5.699999999999999</ele><time>2025-11-15T08:45:25Z</time></trkpt><trkpt lat="22.20708833333333" lon="114.03441166666668"><ele>-6.4</ele><time>2025-11-15T08:45:27Z</time></trkpt><trkpt lat="22.207106666666665" lon="114.03441333333333"><ele>-6.6</ele><time>2025-11-15T08:45:29Z</time></trkpt><trkpt lat="22.207123333333335" lon="114.03439666666667"><ele>-6.699999999999999</ele><time>2025-11-15T08:45:32Z</time></trkpt><trkpt lat="22.20713333333333" lon="114.034375"><ele>-6.6</ele><time>2025-11-15T08:45:34Z</time></trkpt><trkpt lat="22.207141666666665" lon="114.03435166666668"><ele>-6.699999999999999</ele><time>2025-11-15T08:45:36Z</time></trkpt><trkpt lat="22.207143333333338" lon="114.03433166666667"><ele>-7.0</ele><time>2025-11-15T08:45:38Z</time></trkpt><trkpt lat="22.207154999999997" lon="114.03430333333333"><ele>-7.6</ele><time>2025-11-15T08:45:41Z</time></trkpt><trkpt lat="22.207168333333335" lon="114.034285"><ele>-8.4</ele><time>2025-11-15T08:45:43Z</time></trkpt><trkpt lat="22.20717666666667" lon="114.03425999999999"><ele>-8.7</ele><time>2025-11-15T08:45:45Z</time></trkpt><trkpt lat="22.207183333333333" lon="114.03423333333333"><ele>-9.3</ele><time>2025-11-15T08:45:47Z</time></trkpt><trkpt lat="22.207188333333338" lon="114.03420833333332"><ele>-10.1</ele><time>2025-11-15T08:45:49Z</time></trkpt><trkpt lat="22.207196666666665" lon="114.03418666666667"><ele>-10.9</ele><time>2025-11-15T08:45:51Z</time></trkpt><trkpt lat="22.207205" lon="114.03416833333334"><ele>-11.9</ele><time>2025-11-15T08:45:53Z</time></trkpt><trkpt lat="22.207213333333335" lon="114.03414333333333"><ele>-12.6</ele><time>2025-11-15T08:45:55Z</time></trkpt><trkpt lat="22.207228333333333" lon="114.03412333333333"><ele>-12.6</ele><time>2025-11-15T08:45:57Z</time></trkpt><trkpt lat="22.207244999999997" lon="114.034105"><ele>-12.6</ele><time>2025-11-15T08:45:59Z</time></trkpt><trkpt lat="22.207263333333337" lon="114.03408833333333"><ele>-12.7</ele><time>2025-11-15T08:46:01Z</time></trkpt><trkpt lat="22.20728166666667" lon="114.03407833333334"><ele>-12.799999999999999</ele><time>2025-11-15T08:46:03Z</time></trkpt><trkpt lat="22.207295" lon="114.03406500000001"><ele>-12.799999999999999</ele><time>2025-11-15T08:46:05Z</time></trkpt><trkpt lat="22.207304999999998" lon="114.03404666666665"><ele>-13.299999999999999</ele><time>2025-11-15T08:46:07Z</time></trkpt><trkpt lat="22.207316666666664" lon="114.03402499999999"><ele>-13.7</ele><time>2025-11-15T08:46:09Z</time></trkpt><trkpt lat="22.207328333333333" lon="114.03400166666667"><ele>-13.799999999999999</ele><time>2025-11-15T08:46:11Z</time></trkpt><trkpt lat="22.207334999999997" lon="114.03398166666666"><ele>-13.799999999999999</ele><time>2025-11-15T08:46:13Z</time></trkpt><trkpt lat="22.207338333333336" lon="114.03396"><ele>-13.7</ele><time>2025-11-15T08:46:15Z</time></trkpt><trkpt lat="22.20734333333333" lon="114.03393833333332"><ele>-13.299999999999999</ele><time>2025-11-15T08:46:17Z</time></trkpt><trkpt lat="22.207345" lon="114.03391500000001"><ele>-12.799999999999999</ele><time>2025-11-15T08:46:19Z</time></trkpt><trkpt lat="22.207349999999998" lon="114.03389333333334"><ele>-12.9</ele><time>2025-11-15T08:46:21Z</time></trkpt><trkpt lat="22.20736" lon="114.033875"><ele>-13.4</ele><time>2025-11-15T08:46:23Z</time></trkpt><trkpt lat="22.20737" lon="114.03385833333331"><ele>-13.6</ele><time>2025-11-15T08:46:25Z</time></trkpt><trkpt lat="22.207386666666668" lon="114.03383666666666"><ele>-12.799999999999999</ele><time>2025-11-15T08:46:28Z</time></trkpt><trkpt lat="22.207396666666668" lon="114.03381833333333"><ele>-12.4</ele><time>2025-11-15T08:46:30Z</time></trkpt><trkpt lat="22.207394999999998" lon="114.03379500000001"><ele>-12.5</ele><time>2025-11-15T08:46:33Z</time></trkpt><trkpt lat="22.207383333333336" lon="114.03377833333334"><ele>-13.0</ele><time>2025-11-15T08:46:35Z</time></trkpt><trkpt lat="22.207376666666665" lon="114.03376000000002"><ele>-13.2</ele><time>2025-11-15T08:46:37Z</time></trkpt><trkpt lat="22.207375000000003" lon="114.03373500000001"><ele>-13.5</ele><time>2025-11-15T08:46:39Z</time></trkpt><trkpt lat="22.20737166666667" lon="114.03371333333334"><ele>-13.4</ele><time>2025-11-15T08:46:41Z</time></trkpt><trkpt lat="22.207379999999997" lon="114.033685"><ele>-13.4</ele><time>2025-11-15T08:46:44Z</time></trkpt><trkpt lat="22.207378333333335" lon="114.03366"><ele>-13.2</ele><time>2025-11-15T08:46:47Z</time></trkpt><trkpt lat="22.207378333333335" lon="114.03363666666668"><ele>-13.1</ele><time>2025-11-15T08:46:50Z</time></trkpt><trkpt lat="22.207385" lon="114.03361666666666"><ele>-13.0</ele><time>2025-11-15T08:46:52Z</time></trkpt><trkpt lat="22.207396666666668" lon="114.03359666666665"><ele>-13.0</ele><time>2025-11-15T08:46:54Z</time></trkpt><trkpt lat="22.207409999999996" lon="114.03358000000001"><ele>-12.9</ele><time>2025-11-15T08:46:56Z</time></trkpt><trkpt lat="22.207426666666667" lon="114.03355833333332"><ele>-12.9</ele><time>2025-11-15T08:46:58Z</time></trkpt><trkpt lat="22.207438333333336" lon="114.03353999999999"><ele>-13.1</ele><time>2025-11-15T08:47:00Z</time></trkpt><trkpt lat="22.207445" lon="114.03351666666667"><ele>-13.7</ele><time>2025-11-15T08:47:02Z</time></trkpt><trkpt lat="22.207456666666666" lon="114.03350166666665"><ele>-14.2</ele><time>2025-11-15T08:47:04Z</time></trkpt><trkpt lat="22.207471666666667" lon="114.03348666666668"><ele>-14.2</ele><time>2025-11-15T08:47:07Z</time></trkpt><trkpt lat="22.20749" lon="114.03347833333333"><ele>-13.6</ele><time>2025-11-15T08:47:09Z</time></trkpt><trkpt lat="22.207510000000003" lon="114.03345833333333"><ele>-13.4</ele><time>2025-11-15T08:47:12Z</time></trkpt><trkpt lat="22.20753" lon="114.033445"><ele>-12.9</ele><time>2025-11-15T08:47:14Z</time></trkpt><trkpt lat="22.207553333333333" lon="114.03343833333332"><ele>-12.5</ele><time>2025-11-15T08:47:16Z</time></trkpt><trkpt lat="22.207571666666663" lon="114.03343500000001"><ele>-12.2</ele><time>2025-11-15T08:47:18Z</time></trkpt><trkpt lat="22.207593333333328" lon="114.03342166666668"><ele>-11.7</ele><time>2025-11-15T08:47:20Z</time></trkpt><trkpt lat="22.207615" lon="114.03341166666665"><ele>-11.4</ele><time>2025-11-15T08:47:22Z</time></trkpt><trkpt lat="22.207634999999996" lon="114.03340333333333"><ele>-11.4</ele><time>2025-11-15T08:47:24Z</time></trkpt><trkpt lat="22.20765333333333" lon="114.03339"><ele>-11.299999999999999</ele><time>2025-11-15T08:47:26Z</time></trkpt><trkpt lat="22.207673333333332" lon="114.03338166666666"><ele>-11.299999999999999</ele><time>2025-11-15T08:47:28Z</time></trkpt><trkpt lat="22.207694999999998" lon="114.03337166666667"><ele>-11.4</ele><time>2025-11-15T08:47:31Z</time></trkpt><trkpt lat="22.20771333333333" lon="114.03336833333333"><ele>-10.6</ele><time>2025-11-15T08:47:33Z</time></trkpt><trkpt lat="22.207736666666666" lon="114.033355"><ele>-7.4</ele><time>2025-11-15T08:47:38Z</time></trkpt><trkpt lat="22.20775833333333" lon="114.03335"><ele>-6.300000000000001</ele><time>2025-11-15T08:47:40Z</time></trkpt><trkpt lat="22.207781666666666" lon="114.03336333333333"><ele>-4.2</ele><time>2025-11-15T08:47:42Z</time></trkpt><trkpt lat="22.20779333333333" lon="114.03337833333332"><ele>-4.0</ele><time>2025-11-15T08:47:44Z</time></trkpt><trkpt lat="22.207808333333332" lon="114.03339499999998"><ele>-3.6</ele><time>2025-11-15T08:47:46Z</time></trkpt><trkpt lat="22.20782" lon="114.03341"><ele>-3.3</ele><time>2025-11-15T08:47:48Z</time></trkpt><trkpt lat="22.20784" lon="114.03342333333333"><ele>-3.1</ele><time>2025-11-15T08:47:51Z</time></trkpt><trkpt lat="22.20786333333333" lon="114.03342333333333"><ele>-2.4000000000000004</ele><time>2025-11-15T08:47:56Z</time></trkpt><trkpt lat="22.20787833333333" lon="114.03340333333333"><ele>-2.9000000000000004</ele><time>2025-11-15T08:47:59Z</time></trkpt><trkpt lat="22.20789" lon="114.033385"><ele>-2.8</ele><time>2025-11-15T08:48:01Z</time></trkpt><trkpt lat="22.207901666666665" lon="114.03335833333334"><ele>-2.3</ele><time>2025-11-15T08:48:04Z</time></trkpt><trkpt lat="22.207910000000002" lon="114.03333666666667"><ele>-1.9000000000000001</ele><time>2025-11-15T08:48:06Z</time></trkpt><trkpt lat="22.207918333333335" lon="114.033355"><ele>-2.0</ele><time>2025-11-15T08:48:09Z</time></trkpt><trkpt lat="22.20792333333333" lon="114.03338666666666"><ele>-1.7000000000000002</ele><time>2025-11-15T08:48:11Z</time></trkpt><trkpt lat="22.207925" lon="114.03341833333334"><ele>-1.3</ele><time>2025-11-15T08:48:13Z</time></trkpt><trkpt lat="22.20793833333333" lon="114.03344166666666"><ele>-0.7000000000000001</ele><time>2025-11-15T08:48:16Z</time></trkpt><trkpt lat="22.207963333333335" lon="114.03343333333332"><ele>-0.6000000000000001</ele><time>2025-11-15T08:48:18Z</time></trkpt><trkpt lat="22.20797" lon="114.033415"><ele>0.0</ele><time>2025-11-15T08:48:20Z</time></trkpt><trkpt lat="22.207975" lon="114.03339499999998"><ele>0.3999999999999999</ele><time>2025-11-15T08:48:22Z</time></trkpt><trkpt lat="22.20798166666667" lon="114.033375"><ele>1.5</ele><time>2025-11-15T08:48:24Z</time></trkpt><trkpt lat="22.207985" lon="114.03335"><ele>2.3</ele><time>2025-11-15T08:48:26Z</time></trkpt><trkpt lat="22.20798333333333" lon="114.03332666666665"><ele>2.6999999999999997</ele><time>2025-11-15T08:48:28Z</time></trkpt><trkpt lat="22.20798166666667" lon="114.03330666666668"><ele>1.6</ele><time>2025-11-15T08:48:30Z</time></trkpt><trkpt lat="22.207976666666664" lon="114.03328166666667"><ele>0.0</ele><time>2025-11-15T08:48:33Z</time></trkpt><trkpt lat="22.20797333333333" lon="114.03326166666666"><ele>-1.5</ele><time>2025-11-15T08:48:36Z</time></trkpt><trkpt lat="22.207963333333335" lon="114.03323333333334"><ele>-1.9000000000000001</ele><time>2025-11-15T08:48:38Z</time></trkpt><trkpt lat="22.20795666666667" lon="114.03321499999998"><ele>-2.1</ele><time>2025-11-15T08:48:40Z</time></trkpt><trkpt lat="22.207966666666668" lon="114.03318833333333"><ele>-2.8</ele><time>2025-11-15T08:48:43Z</time></trkpt><trkpt lat="22.20797333333333" lon="114.03316666666666"><ele>-3.2</ele><time>2025-11-15T08:48:45Z</time></trkpt><trkpt lat="22.207975" lon="114.03314"><ele>-3.5</ele><time>2025-11-15T08:48:47Z</time></trkpt><trkpt lat="22.207964999999998" lon="114.03310666666667"><ele>-4.0</ele><time>2025-11-15T08:48:49Z</time></trkpt><trkpt lat="22.20795333333333" lon="114.03307666666666"><ele>-4.9</ele><time>2025-11-15T08:48:51Z</time></trkpt><trkpt lat="22.207946666666665" lon="114.03304666666666"><ele>-5.699999999999999</ele><time>2025-11-15T08:48:53Z</time></trkpt><trkpt lat="22.207949999999997" lon="114.03302000000001"><ele>-6.199999999999999</ele><time>2025-11-15T08:48:55Z</time></trkpt><trkpt lat="22.207958333333334" lon="114.032995"><ele>-6.800000000000001</ele><time>2025-11-15T08:48:57Z</time></trkpt><trkpt lat="22.207960000000003" lon="114.03296999999999"><ele>-7.5</ele><time>2025-11-15T08:48:59Z</time></trkpt><trkpt lat="22.207964999999998" lon="114.03294833333332"><ele>-8.2</ele><time>2025-11-15T08:49:01Z</time></trkpt><trkpt lat="22.20797" lon="114.03292166666667"><ele>-8.4</ele><time>2025-11-15T08:49:04Z</time></trkpt><trkpt lat="22.207976666666664" lon="114.03290166666666"><ele>-8.7</ele><time>2025-11-15T08:49:06Z</time></trkpt><trkpt lat="22.20798666666667" lon="114.03287833333334"><ele>-9.2</ele><time>2025-11-15T08:49:08Z</time></trkpt><trkpt lat="22.207993333333334" lon="114.03285666666667"><ele>-9.5</ele><time>2025-11-15T08:49:10Z</time></trkpt><trkpt lat="22.207991666666665" lon="114.03283666666667"><ele>-9.9</ele><time>2025-11-15T08:49:13Z</time></trkpt><trkpt lat="22.207990000000002" lon="114.03281"><ele>-10.1</ele><time>2025-11-15T08:49:16Z</time></trkpt><trkpt lat="22.207985" lon="114.03278999999999"><ele>-10.1</ele><time>2025-11-15T08:49:18Z</time></trkpt><trkpt lat="22.207985" lon="114.03276666666667"><ele>-10.2</ele><time>2025-11-15T08:49:20Z</time></trkpt><trkpt lat="22.207976666666664" lon="114.03274166666667"><ele>-10.299999999999999</ele><time>2025-11-15T08:49:22Z</time></trkpt><trkpt lat="22.20797166666667" lon="114.03271833333335"><ele>-10.1</ele><time>2025-11-15T08:49:25Z</time></trkpt><trkpt lat="22.207975" lon="114.03269833333334"><ele>-10.2</ele><time>2025-11-15T08:49:42Z</time></trkpt><trkpt lat="22.20798333333333" lon="114.03267166666667"><ele>-10.1</ele><time>2025-11-15T08:49:45Z</time></trkpt><trkpt lat="22.207985" lon="114.03264833333333"><ele>-9.7</ele><time>2025-11-15T08:49:47Z</time></trkpt><trkpt lat="22.20798666666667" lon="114.03261499999999"><ele>-9.2</ele><time>2025-11-15T08:49:49Z</time></trkpt><trkpt lat="22.20798333333333" lon="114.03259000000001"><ele>-8.7</ele><time>2025-11-15T08:49:51Z</time></trkpt><trkpt lat="22.20798166666667" lon="114.03257"><ele>-8.1</ele><time>2025-11-15T08:49:53Z</time></trkpt><trkpt lat="22.207988333333333" lon="114.03254833333334"><ele>-7.699999999999999</ele><time>2025-11-15T08:49:55Z</time></trkpt><trkpt lat="22.208000000000002" lon="114.03252833333333"><ele>-7.5</ele><time>2025-11-15T08:49:57Z</time></trkpt><trkpt lat="22.208008333333336" lon="114.03250833333335"><ele>-7.5</ele><time>2025-11-15T08:49:59Z</time></trkpt><trkpt lat="22.208008333333336" lon="114.03248166666665"><ele>-7.5</ele><time>2025-11-15T08:50:01Z</time></trkpt><trkpt lat="22.208009999999998" lon="114.032455"><ele>-7.300000000000001</ele><time>2025-11-15T08:50:04Z</time></trkpt><trkpt lat="22.20801333333333" lon="114.03243166666668"><ele>-7.0</ele><time>2025-11-15T08:50:06Z</time></trkpt><trkpt lat="22.208009999999998" lon="114.03240833333332"><ele>-6.5</ele><time>2025-11-15T08:50:08Z</time></trkpt><trkpt lat="22.208006666666666" lon="114.03238833333334"><ele>-6.1</ele><time>2025-11-15T08:50:10Z</time></trkpt><trkpt lat="22.208003333333334" lon="114.03236333333334"><ele>-5.9</ele><time>2025-11-15T08:50:12Z</time></trkpt><trkpt lat="22.207993333333334" lon="114.03234166666668"><ele>-5.5</ele><time>2025-11-15T08:50:14Z</time></trkpt><trkpt lat="22.207988333333333" lon="114.03231833333332"><ele>-5.0</ele><time>2025-11-15T08:50:16Z</time></trkpt><trkpt lat="22.207990000000002" lon="114.03229333333333"><ele>-4.4</ele><time>2025-11-15T08:50:18Z</time></trkpt><trkpt lat="22.207990000000002" lon="114.03226166666667"><ele>-3.5</ele><time>2025-11-15T08:50:20Z</time></trkpt><trkpt lat="22.207993333333334" lon="114.03223833333335"><ele>-2.4000000000000004</ele><time>2025-11-15T08:50:22Z</time></trkpt><trkpt lat="22.20799833333333" lon="114.03221333333335"><ele>-1.0</ele><time>2025-11-15T08:50:24Z</time></trkpt><trkpt lat="22.20799833333333" lon="114.03218333333334"><ele>0.5</ele><time>2025-11-15T08:50:26Z</time></trkpt><trkpt lat="22.208000000000002" lon="114.03215666666668"><ele>1.7999999999999998</ele><time>2025-11-15T08:50:28Z</time></trkpt><trkpt lat="22.208008333333336" lon="114.03212666666668"><ele>2.6999999999999997</ele><time>2025-11-15T08:50:30Z</time></trkpt><trkpt lat="22.208009999999998" lon="114.03210666666668"><ele>3.4999999999999996</ele><time>2025-11-15T08:50:32Z</time></trkpt><trkpt lat="22.208011666666668" lon="114.03208500000001"><ele>4.5</ele><time>2025-11-15T08:50:34Z</time></trkpt><trkpt lat="22.207993333333334" lon="114.03207666666667"><ele>9.200000000000001</ele><time>2025-11-15T08:50:41Z</time></trkpt><trkpt lat="22.207993333333334" lon="114.03205666666666"><ele>9.8</ele><time>2025-11-15T08:50:43Z</time></trkpt><trkpt lat="22.208005000000004" lon="114.03203166666665"><ele>10.1</ele><time>2025-11-15T08:50:45Z</time></trkpt><trkpt lat="22.208021666666664" lon="114.03200999999999"><ele>10.4</ele><time>2025-11-15T08:50:47Z</time></trkpt><trkpt lat="22.20803166666667" lon="114.03199000000001"><ele>10.5</ele><time>2025-11-15T08:50:49Z</time></trkpt><trkpt lat="22.208035000000002" lon="114.03197"><ele>11.3</ele><time>2025-11-15T08:50:58Z</time></trkpt><trkpt lat="22.208039999999997" lon="114.03200166666666"><ele>0.6999999999999997</ele><time>2025-11-15T08:58:52Z</time></trkpt><trkpt lat="22.208035000000002" lon="114.03197666666668"><ele>0.3999999999999999</ele><time>2025-11-15T08:58:56Z</time></trkpt><trkpt lat="22.208038333333334" lon="114.03195333333333"><ele>0.5</ele><time>2025-11-15T08:59:00Z</time></trkpt><trkpt lat="22.208048333333334" lon="114.03192166666668"><ele>0.7999999999999998</ele><time>2025-11-15T08:59:03Z</time></trkpt><trkpt lat="22.208051666666666" lon="114.03187833333335"><ele>0.8999999999999999</ele><time>2025-11-15T08:59:05Z</time></trkpt><trkpt lat="22.20806" lon="114.03184833333334"><ele>0.6000000000000001</ele><time>2025-11-15T08:59:07Z</time></trkpt><trkpt lat="22.20807" lon="114.031825"><ele>0.19999999999999996</ele><time>2025-11-15T08:59:09Z</time></trkpt><trkpt lat="22.20807166666667" lon="114.03179999999999"><ele>-0.40000000000000013</ele><time>2025-11-15T08:59:11Z</time></trkpt><trkpt lat="22.208075" lon="114.03177499999998"><ele>-1.0</ele><time>2025-11-15T08:59:13Z</time></trkpt><trkpt lat="22.208084999999997" lon="114.03175166666666"><ele>-1.7000000000000002</ele><time>2025-11-15T08:59:15Z</time></trkpt><trkpt lat="22.208101666666668" lon="114.03172333333332"><ele>-2.5</ele><time>2025-11-15T08:59:17Z</time></trkpt><trkpt lat="22.208126666666665" lon="114.03170333333334"><ele>-3.5</ele><time>2025-11-15T08:59:19Z</time></trkpt><trkpt lat="22.208140000000004" lon="114.03169000000001"><ele>-4.0</ele><time>2025-11-15T08:59:21Z</time></trkpt><trkpt lat="22.208155" lon="114.03166666666667"><ele>-4.1</ele><time>2025-11-15T08:59:23Z</time></trkpt><trkpt lat="22.208171666666665" lon="114.03164333333334"><ele>-4.6</ele><time>2025-11-15T08:59:25Z</time></trkpt><trkpt lat="22.208181666666665" lon="114.03162666666667"><ele>-4.6</ele><time>2025-11-15T08:59:27Z</time></trkpt><trkpt lat="22.208198333333332" lon="114.03161"><ele>-4.7</ele><time>2025-11-15T08:59:29Z</time></trkpt><trkpt lat="22.208215000000003" lon="114.03159499999998"><ele>-4.9</ele><time>2025-11-15T08:59:31Z</time></trkpt><trkpt lat="22.208230000000004" lon="114.03158166666665"><ele>-4.800000000000001</ele><time>2025-11-15T08:59:33Z</time></trkpt><trkpt lat="22.208236666666668" lon="114.03155666666667"><ele>-5.300000000000001</ele><time>2025-11-15T08:59:36Z</time></trkpt><trkpt lat="22.208256666666664" lon="114.03154333333332"><ele>-5.1</ele><time>2025-11-15T08:59:39Z</time></trkpt><trkpt lat="22.20826833333333" lon="114.03152333333334"><ele>-5.1</ele><time>2025-11-15T08:59:41Z</time></trkpt><trkpt lat="22.208288333333332" lon="114.03151166666666"><ele>-4.9</ele><time>2025-11-15T08:59:43Z</time></trkpt><trkpt lat="22.208305000000003" lon="114.0315"><ele>-4.800000000000001</ele><time>2025-11-15T08:59:45Z</time></trkpt><trkpt lat="22.208321666666667" lon="114.03147833333333"><ele>-4.6</ele><time>2025-11-15T08:59:48Z</time></trkpt><trkpt lat="22.208345" lon="114.03146833333334"><ele>-4.300000000000001</ele><time>2025-11-15T08:59:50Z</time></trkpt><trkpt lat="22.208375" lon="114.03147499999999"><ele>-3.9</ele><time>2025-11-15T08:59:52Z</time></trkpt><trkpt lat="22.208401666666667" lon="114.031485"><ele>-3.5</ele><time>2025-11-15T08:59:54Z</time></trkpt><trkpt lat="22.208415" lon="114.03149833333333"><ele>-3.2</ele><time>2025-11-15T08:59:56Z</time></trkpt><trkpt lat="22.20843166666667" lon="114.03148166666666"><ele>-2.7</ele><time>2025-11-15T08:59:59Z</time></trkpt><trkpt lat="22.208435" lon="114.03145"><ele>-2.5</ele><time>2025-11-15T09:00:01Z</time></trkpt><trkpt lat="22.208443333333335" lon="114.03142166666666"><ele>-2.1</ele><time>2025-11-15T09:00:03Z</time></trkpt><trkpt lat="22.20844833333333" lon="114.03139333333333"><ele>-1.6</ele><time>2025-11-15T09:00:05Z</time></trkpt><trkpt lat="22.208441666666666" lon="114.03136333333332"><ele>-1.2000000000000002</ele><time>2025-11-15T09:00:07Z</time></trkpt><trkpt lat="22.208436666666664" lon="114.03133666666666"><ele>-0.8</ele><time>2025-11-15T09:00:09Z</time></trkpt><trkpt lat="22.20843166666667" lon="114.03131666666668"><ele>-0.20000000000000018</ele><time>2025-11-15T09:00:11Z</time></trkpt><trkpt lat="22.20842" lon="114.03130000000002"><ele>0.6000000000000001</ele><time>2025-11-15T09:00:13Z</time></trkpt><trkpt lat="22.20841833333333" lon="114.03127166666667"><ele>0.8999999999999999</ele><time>2025-11-15T09:00:16Z</time></trkpt><trkpt lat="22.208425000000002" lon="114.03124833333335"><ele>0.8999999999999999</ele><time>2025-11-15T09:00:18Z</time></trkpt><trkpt lat="22.20843166666667" lon="114.03123"><ele>1.0</ele><time>2025-11-15T09:00:19Z</time></trkpt><trkpt lat="22.208438333333334" lon="114.03120833333332"><ele>1.2999999999999998</ele><time>2025-11-15T09:00:20Z</time></trkpt><trkpt lat="22.20844833333333" lon="114.03117333333333"><ele>2.0</ele><time>2025-11-15T09:00:22Z</time></trkpt><trkpt lat="22.20846166666667" lon="114.03114833333332"><ele>2.4999999999999996</ele><time>2025-11-15T09:00:24Z</time></trkpt><trkpt lat="22.20848" lon="114.03113333333334"><ele>2.6</ele><time>2025-11-15T09:00:26Z</time></trkpt><trkpt lat="22.208503333333336" lon="114.031125"><ele>1.6999999999999997</ele><time>2025-11-15T09:00:28Z</time></trkpt><trkpt lat="22.208525" lon="114.03111166666667"><ele>1.0</ele><time>2025-11-15T09:00:30Z</time></trkpt><trkpt lat="22.208541666666665" lon="114.03109166666667"><ele>0.2999999999999998</ele><time>2025-11-15T09:00:32Z</time></trkpt><trkpt lat="22.208546666666667" lon="114.03106000000001"><ele>0.19999999999999996</ele><time>2025-11-15T09:00:34Z</time></trkpt><trkpt lat="22.208556666666663" lon="114.03104166666665"><ele>0.2999999999999998</ele><time>2025-11-15T09:00:35Z</time></trkpt><trkpt lat="22.208560000000002" lon="114.03100666666666"><ele>0.3999999999999999</ele><time>2025-11-15T09:00:37Z</time></trkpt><trkpt lat="22.208576666666666" lon="114.03099333333333"><ele>2.3</ele><time>2025-11-15T09:00:39Z</time></trkpt><trkpt lat="22.208595" lon="114.03098166666665"><ele>3.8000000000000003</ele><time>2025-11-15T09:00:41Z</time></trkpt><trkpt lat="22.208615" lon="114.03097000000001"><ele>4.6</ele><time>2025-11-15T09:00:43Z</time></trkpt><trkpt lat="22.208630000000003" lon="114.03094666666667"><ele>5.300000000000001</ele><time>2025-11-15T09:00:45Z</time></trkpt><trkpt lat="22.208648333333333" lon="114.03093166666667"><ele>5.9</ele><time>2025-11-15T09:00:47Z</time></trkpt><trkpt lat="22.208664999999996" lon="114.03091666666666"><ele>6.1</ele><time>2025-11-15T09:00:49Z</time></trkpt><trkpt lat="22.208675000000003" lon="114.03089666666668"><ele>6.700000000000001</ele><time>2025-11-15T09:00:51Z</time></trkpt><trkpt lat="22.208696666666665" lon="114.03088166666666"><ele>6.800000000000001</ele><time>2025-11-15T09:00:53Z</time></trkpt><trkpt lat="22.208709999999996" lon="114.03086333333334"><ele>6.6</ele><time>2025-11-15T09:00:55Z</time></trkpt><trkpt lat="22.20873" lon="114.03085000000002"><ele>6.700000000000001</ele><time>2025-11-15T09:00:57Z</time></trkpt><trkpt lat="22.208748333333332" lon="114.03084666666668"><ele>6.9</ele><time>2025-11-15T09:00:59Z</time></trkpt><trkpt lat="22.208773333333337" lon="114.030835"><ele>6.800000000000001</ele><time>2025-11-15T09:01:02Z</time></trkpt><trkpt lat="22.20879166666667" lon="114.03082833333335"><ele>6.6</ele><time>2025-11-15T09:01:04Z</time></trkpt><trkpt lat="22.208810000000003" lon="114.03081500000002"><ele>6.800000000000001</ele><time>2025-11-15T09:01:06Z</time></trkpt><trkpt lat="22.208831666666665" lon="114.03080166666665"><ele>7.5</ele><time>2025-11-15T09:01:08Z</time></trkpt><trkpt lat="22.208851666666668" lon="114.03078833333332"><ele>8.200000000000001</ele><time>2025-11-15T09:01:10Z</time></trkpt><trkpt lat="22.20886833333333" lon="114.03077166666665"><ele>8.200000000000001</ele><time>2025-11-15T09:01:12Z</time></trkpt><trkpt lat="22.208885000000002" lon="114.03075666666668"><ele>9.1</ele><time>2025-11-15T09:01:14Z</time></trkpt><trkpt lat="22.208895" lon="114.03074"><ele>9.0</ele><time>2025-11-15T09:01:17Z</time></trkpt><trkpt lat="22.20891333333333" lon="114.03073833333335"><ele>8.4</ele><time>2025-11-15T09:01:20Z</time></trkpt><trkpt lat="22.208938333333336" lon="114.03072833333333"><ele>8.0</ele><time>2025-11-15T09:01:23Z</time></trkpt><trkpt lat="22.208938333333336" lon="114.03070000000001"><ele>6.700000000000001</ele><time>2025-11-15T09:01:26Z</time></trkpt><trkpt lat="22.208925" lon="114.03066500000001"><ele>5.9</ele><time>2025-11-15T09:01:28Z</time></trkpt><trkpt lat="22.208918333333333" lon="114.03064666666666"><ele>5.6</ele><time>2025-11-15T09:01:29Z</time></trkpt><trkpt lat="22.20891" lon="114.03062333333334"><ele>5.0</ele><time>2025-11-15T09:01:31Z</time></trkpt><trkpt lat="22.208903333333335" lon="114.03060500000001"><ele>4.6</ele><time>2025-11-15T09:01:34Z</time></trkpt><trkpt lat="22.208891666666666" lon="114.03057833333332"><ele>6.199999999999999</ele><time>2025-11-15T09:01:40Z</time></trkpt><trkpt lat="22.20888166666667" lon="114.03054333333333"><ele>8.0</ele><time>2025-11-15T09:01:42Z</time></trkpt><trkpt lat="22.208878333333338" lon="114.03051666666667"><ele>9.3</ele><time>2025-11-15T09:01:44Z</time></trkpt><trkpt lat="22.20888" lon="114.03048666666668"><ele>10.6</ele><time>2025-11-15T09:01:46Z</time></trkpt><trkpt lat="22.208883333333333" lon="114.03046666666665"><ele>11.8</ele><time>2025-11-15T09:01:48Z</time></trkpt><trkpt lat="22.208874999999995" lon="114.03044666666668"><ele>12.9</ele><time>2025-11-15T09:01:50Z</time></trkpt><trkpt lat="22.208886666666665" lon="114.03042833333332"><ele>15.000000000000002</ele><time>2025-11-15T09:01:54Z</time></trkpt><trkpt lat="22.20886666666667" lon="114.03041666666668"><ele>16.299999999999997</ele><time>2025-11-15T09:02:01Z</time></trkpt><trkpt lat="22.208846666666666" lon="114.03041"><ele>16.7</ele><time>2025-11-15T09:02:03Z</time></trkpt><trkpt lat="22.208831666666665" lon="114.03039666666668"><ele>17.4</ele><time>2025-11-15T09:02:05Z</time></trkpt><trkpt lat="22.208825" lon="114.03036666666667"><ele>17.9</ele><time>2025-11-15T09:02:07Z</time></trkpt><trkpt lat="22.208826666666663" lon="114.03034333333332"><ele>18.2</ele><time>2025-11-15T09:02:08Z</time></trkpt><trkpt lat="22.208829999999995" lon="114.030315"><ele>18.4</ele><time>2025-11-15T09:02:09Z</time></trkpt><trkpt lat="22.208828333333333" lon="114.03029166666666"><ele>18.7</ele><time>2025-11-15T09:02:10Z</time></trkpt><trkpt lat="22.208825" lon="114.03025666666666"><ele>19.0</ele><time>2025-11-15T09:02:12Z</time></trkpt><trkpt lat="22.20882166666667" lon="114.03023499999999"><ele>19.099999999999998</ele><time>2025-11-15T09:02:14Z</time></trkpt><trkpt lat="22.208825" lon="114.030205"><ele>19.799999999999997</ele><time>2025-11-15T09:02:16Z</time></trkpt><trkpt lat="22.208828333333333" lon="114.03017999999999"><ele>19.9</ele><time>2025-11-15T09:02:18Z</time></trkpt><trkpt lat="22.208825" lon="114.03015666666667"><ele>19.7</ele><time>2025-11-15T09:02:20Z</time></trkpt><trkpt lat="22.20882" lon="114.030135"><ele>19.5</ele><time>2025-11-15T09:02:22Z</time></trkpt><trkpt lat="22.208816666666667" lon="114.03011"><ele>19.7</ele><time>2025-11-15T09:02:25Z</time></trkpt><trkpt lat="22.208818333333337" lon="114.03007833333335"><ele>20.299999999999997</ele><time>2025-11-15T09:02:28Z</time></trkpt><trkpt lat="22.208816666666667" lon="114.03005"><ele>20.799999999999997</ele><time>2025-11-15T09:02:30Z</time></trkpt><trkpt lat="22.208801666666666" lon="114.03002"><ele>20.9</ele><time>2025-11-15T09:02:32Z</time></trkpt><trkpt lat="22.208795000000002" lon="114.02998166666666"><ele>20.0</ele><time>2025-11-15T09:02:34Z</time></trkpt><trkpt lat="22.208788333333338" lon="114.029955"><ele>19.4</ele><time>2025-11-15T09:02:36Z</time></trkpt><trkpt lat="22.20878" lon="114.02993166666666"><ele>17.7</ele><time>2025-11-15T09:02:38Z</time></trkpt><trkpt lat="22.208773333333337" lon="114.02990999999999"><ele>15.700000000000001</ele><time>2025-11-15T09:02:41Z</time></trkpt><trkpt lat="22.20878" lon="114.02988500000001"><ele>14.6</ele><time>2025-11-15T09:02:44Z</time></trkpt><trkpt lat="22.208795000000002" lon="114.02984999999998"><ele>14.4</ele><time>2025-11-15T09:02:46Z</time></trkpt><trkpt lat="22.208796666666665" lon="114.02982333333333"><ele>14.3</ele><time>2025-11-15T09:02:48Z</time></trkpt><trkpt lat="22.208784999999995" lon="114.02980166666666"><ele>14.6</ele><time>2025-11-15T09:02:50Z</time></trkpt><trkpt lat="22.208769999999998" lon="114.02978"><ele>14.500000000000002</ele><time>2025-11-15T09:02:52Z</time></trkpt><trkpt lat="22.208754999999996" lon="114.02975666666667"><ele>13.3</ele><time>2025-11-15T09:02:55Z</time></trkpt><trkpt lat="22.208748333333332" lon="114.02973666666666"><ele>12.700000000000001</ele><time>2025-11-15T09:02:57Z</time></trkpt><trkpt lat="22.208738333333333" lon="114.02971166666666"><ele>11.700000000000001</ele><time>2025-11-15T09:03:00Z</time></trkpt><trkpt lat="22.208726666666667" lon="114.02969333333334"><ele>10.700000000000001</ele><time>2025-11-15T09:03:02Z</time></trkpt><trkpt lat="22.20871833333333" lon="114.02967333333332"><ele>9.8</ele><time>2025-11-15T09:03:04Z</time></trkpt><trkpt lat="22.208705000000002" lon="114.02964833333333"><ele>9.9</ele><time>2025-11-15T09:03:06Z</time></trkpt><trkpt lat="22.20869" lon="114.02961833333332"><ele>9.8</ele><time>2025-11-15T09:03:08Z</time></trkpt><trkpt lat="22.20868666666667" lon="114.02958833333332"><ele>10.1</ele><time>2025-11-15T09:03:10Z</time></trkpt><trkpt lat="22.208693333333333" lon="114.02955166666668"><ele>10.700000000000001</ele><time>2025-11-15T09:03:12Z</time></trkpt><trkpt lat="22.2087" lon="114.02952333333333"><ele>11.6</ele><time>2025-11-15T09:03:14Z</time></trkpt><trkpt lat="22.208706666666664" lon="114.02949833333332"><ele>13.200000000000001</ele><time>2025-11-15T09:03:17Z</time></trkpt><trkpt lat="22.208713333333336" lon="114.02947999999999"><ele>13.6</ele><time>2025-11-15T09:03:19Z</time></trkpt><trkpt lat="22.208716666666668" lon="114.02945666666668"><ele>14.500000000000002</ele><time>2025-11-15T09:03:21Z</time></trkpt><trkpt lat="22.208708333333334" lon="114.02942999999999"><ele>14.700000000000001</ele><time>2025-11-15T09:03:23Z</time></trkpt><trkpt lat="22.208703333333332" lon="114.02941000000001"><ele>14.3</ele><time>2025-11-15T09:03:25Z</time></trkpt><trkpt lat="22.208703333333332" lon="114.02938833333334"><ele>14.4</ele><time>2025-11-15T09:03:27Z</time></trkpt><trkpt lat="22.2087" lon="114.02936833333334"><ele>15.700000000000001</ele><time>2025-11-15T09:03:38Z</time></trkpt><trkpt lat="22.20870166666667" lon="114.02934666666667"><ele>15.799999999999999</ele><time>2025-11-15T09:03:40Z</time></trkpt><trkpt lat="22.208694999999995" lon="114.02932666666666"><ele>15.6</ele><time>2025-11-15T09:03:44Z</time></trkpt><trkpt lat="22.20868833333333" lon="114.02930166666665"><ele>15.9</ele><time>2025-11-15T09:03:46Z</time></trkpt><trkpt lat="22.208681666666667" lon="114.02927333333334"><ele>15.799999999999999</ele><time>2025-11-15T09:03:48Z</time></trkpt><trkpt lat="22.208675000000003" lon="114.029235"><ele>15.000000000000002</ele><time>2025-11-15T09:03:50Z</time></trkpt><trkpt lat="22.208668333333335" lon="114.02920833333334"><ele>14.200000000000001</ele><time>2025-11-15T09:03:52Z</time></trkpt><trkpt lat="22.208663333333334" lon="114.029185"><ele>13.1</ele><time>2025-11-15T09:03:54Z</time></trkpt><trkpt lat="22.208651666666665" lon="114.02916666666667"><ele>12.1</ele><time>2025-11-15T09:03:56Z</time></trkpt><trkpt lat="22.208636666666667" lon="114.02914333333335"><ele>11.3</ele><time>2025-11-15T09:03:58Z</time></trkpt><trkpt lat="22.20861" lon="114.02913333333332"><ele>10.3</ele><time>2025-11-15T09:04:00Z</time></trkpt><trkpt lat="22.208585000000003" lon="114.02912333333333"><ele>9.6</ele><time>2025-11-15T09:04:02Z</time></trkpt><trkpt lat="22.208568333333332" lon="114.02910166666668"><ele>8.8</ele><time>2025-11-15T09:04:04Z</time></trkpt><trkpt lat="22.208563333333338" lon="114.02908166666666"><ele>8.200000000000001</ele><time>2025-11-15T09:04:06Z</time></trkpt><trkpt lat="22.208558333333333" lon="114.029055"><ele>7.9</ele><time>2025-11-15T09:04:08Z</time></trkpt><trkpt lat="22.20855" lon="114.02902833333334"><ele>7.6</ele><time>2025-11-15T09:04:11Z</time></trkpt><trkpt lat="22.208541666666665" lon="114.02900999999999"><ele>7.4</ele><time>2025-11-15T09:04:13Z</time></trkpt><trkpt lat="22.208536666666667" lon="114.02898833333332"><ele>6.800000000000001</ele><time>2025-11-15T09:04:15Z</time></trkpt><trkpt lat="22.208530000000003" lon="114.02896000000001"><ele>6.0</ele><time>2025-11-15T09:04:17Z</time></trkpt><trkpt lat="22.208533333333335" lon="114.02892500000002"><ele>5.300000000000001</ele><time>2025-11-15T09:04:19Z</time></trkpt><trkpt lat="22.208534999999998" lon="114.02888999999999"><ele>5.199999999999999</ele><time>2025-11-15T09:04:21Z</time></trkpt><trkpt lat="22.208536666666667" lon="114.02886166666667"><ele>5.6</ele><time>2025-11-15T09:04:23Z</time></trkpt><trkpt lat="22.208545000000004" lon="114.02882999999999"><ele>6.6</ele><time>2025-11-15T09:04:26Z</time></trkpt><trkpt lat="22.20853833333333" lon="114.02880833333332"><ele>7.1</ele><time>2025-11-15T09:04:28Z</time></trkpt><trkpt lat="22.208528333333334" lon="114.02877666666667"><ele>7.9</ele><time>2025-11-15T09:04:30Z</time></trkpt><trkpt lat="22.208515000000002" lon="114.02875333333334"><ele>8.6</ele><time>2025-11-15T09:04:32Z</time></trkpt><trkpt lat="22.20851" lon="114.02872666666666"><ele>9.0</ele><time>2025-11-15T09:04:35Z</time></trkpt><trkpt lat="22.20852166666667" lon="114.02870833333333"><ele>8.700000000000001</ele><time>2025-11-15T09:04:38Z</time></trkpt><trkpt lat="22.208533333333335" lon="114.02868166666667"><ele>9.0</ele><time>2025-11-15T09:04:41Z</time></trkpt><trkpt lat="22.208556666666663" lon="114.02866333333334"><ele>9.200000000000001</ele><time>2025-11-15T09:04:43Z</time></trkpt><trkpt lat="22.208581666666667" lon="114.02864833333334"><ele>9.4</ele><time>2025-11-15T09:04:45Z</time></trkpt><trkpt lat="22.208616666666664" lon="114.02865500000001"><ele>10.200000000000001</ele><time>2025-11-15T09:04:47Z</time></trkpt><trkpt lat="22.208646666666663" lon="114.02866333333334"><ele>10.3</ele><time>2025-11-15T09:04:49Z</time></trkpt><trkpt lat="22.208668333333335" lon="114.02867166666668"><ele>10.3</ele><time>2025-11-15T09:04:51Z</time></trkpt><trkpt lat="22.20868666666667" lon="114.02868333333332"><ele>10.0</ele><time>2025-11-15T09:04:53Z</time></trkpt><trkpt lat="22.20870166666667" lon="114.02869666666666"><ele>9.6</ele><time>2025-11-15T09:04:55Z</time></trkpt><trkpt lat="22.2087" lon="114.02866999999999"><ele>8.8</ele><time>2025-11-15T09:05:03Z</time></trkpt><trkpt lat="22.208681666666667" lon="114.02864666666667"><ele>8.8</ele><time>2025-11-15T09:05:05Z</time></trkpt><trkpt lat="22.208669999999998" lon="114.02863166666666"><ele>8.9</ele><time>2025-11-15T09:05:07Z</time></trkpt><trkpt lat="22.208666666666666" lon="114.02860833333334"><ele>8.700000000000001</ele><time>2025-11-15T09:05:09Z</time></trkpt><trkpt lat="22.208663333333334" lon="114.02858333333333"><ele>8.700000000000001</ele><time>2025-11-15T09:05:12Z</time></trkpt><trkpt lat="22.20865666666667" lon="114.02855166666669"><ele>8.6</ele><time>2025-11-15T09:05:14Z</time></trkpt><trkpt lat="22.208653333333338" lon="114.02852"><ele>8.4</ele><time>2025-11-15T09:05:16Z</time></trkpt><trkpt lat="22.208645" lon="114.02849833333333"><ele>8.0</ele><time>2025-11-15T09:05:17Z</time></trkpt><trkpt lat="22.208636666666667" lon="114.02847833333333"><ele>7.800000000000001</ele><time>2025-11-15T09:05:18Z</time></trkpt><trkpt lat="22.208621666666666" lon="114.028455"><ele>7.4</ele><time>2025-11-15T09:05:20Z</time></trkpt><trkpt lat="22.208619999999996" lon="114.02842833333334"><ele>6.9</ele><time>2025-11-15T09:05:22Z</time></trkpt><trkpt lat="22.208616666666664" lon="114.02839666666665"><ele>6.1</ele><time>2025-11-15T09:05:24Z</time></trkpt><trkpt lat="22.208613333333332" lon="114.02837166666669"><ele>5.800000000000001</ele><time>2025-11-15T09:05:26Z</time></trkpt><trkpt lat="22.20861" lon="114.02835166666667"><ele>5.0</ele><time>2025-11-15T09:05:29Z</time></trkpt><trkpt lat="22.208631666666665" lon="114.02834833333333"><ele>4.699999999999999</ele><time>2025-11-15T09:05:31Z</time></trkpt><trkpt lat="22.208646666666663" lon="114.028335"><ele>3.1999999999999997</ele><time>2025-11-15T09:05:34Z</time></trkpt><trkpt lat="22.20862833333333" lon="114.02833333333335"><ele>1.4</ele><time>2025-11-15T09:05:41Z</time></trkpt><trkpt lat="22.208621666666666" lon="114.02831499999999"><ele>2.1999999999999997</ele><time>2025-11-15T09:05:46Z</time></trkpt><trkpt lat="22.208630000000003" lon="114.02828666666667"><ele>2.6999999999999997</ele><time>2025-11-15T09:05:48Z</time></trkpt><trkpt lat="22.20862833333333" lon="114.028265"><ele>3.3000000000000003</ele><time>2025-11-15T09:05:51Z</time></trkpt><trkpt lat="22.208618333333334" lon="114.02824833333334"><ele>3.1</ele><time>2025-11-15T09:05:54Z</time></trkpt><trkpt lat="22.20861166666667" lon="114.02822833333333"><ele>4.1</ele><time>2025-11-15T09:06:11Z</time></trkpt><trkpt lat="22.208623333333335" lon="114.02821333333334"><ele>4.199999999999999</ele><time>2025-11-15T09:06:12Z</time></trkpt><trkpt lat="22.208631666666665" lon="114.028185"><ele>4.300000000000001</ele><time>2025-11-15T09:06:14Z</time></trkpt><trkpt lat="22.208651666666665" lon="114.02818666666666"><ele>5.4</ele><time>2025-11-15T09:06:21Z</time></trkpt><trkpt lat="22.208624999999998" lon="114.02816499999999"><ele>5.9</ele><time>2025-11-15T09:06:27Z</time></trkpt><trkpt lat="22.208606666666665" lon="114.02815000000001"><ele>5.6</ele><time>2025-11-15T09:06:28Z</time></trkpt><trkpt lat="22.208588333333335" lon="114.02813666666667"><ele>5.300000000000001</ele><time>2025-11-15T09:06:29Z</time></trkpt><trkpt lat="22.208595" lon="114.02815833333334"><ele>1.9</ele><time>2025-11-15T09:06:57Z</time></trkpt><trkpt lat="22.208590000000004" lon="114.02819166666669"><ele>1.6</ele><time>2025-11-15T09:06:59Z</time></trkpt><trkpt lat="22.208601666666663" lon="114.02820833333332"><ele>1.1</ele><time>2025-11-15T09:07:02Z</time></trkpt><trkpt lat="22.208615" lon="114.02822666666667"><ele>0.3999999999999999</ele><time>2025-11-15T09:07:05Z</time></trkpt><trkpt lat="22.20861166666667" lon="114.02819833333334"><ele>-0.20000000000000018</ele><time>2025-11-15T09:07:13Z</time></trkpt><trkpt lat="22.208630000000003" lon="114.02819666666667"><ele>-0.5</ele><time>2025-11-15T09:07:14Z</time></trkpt><trkpt lat="22.208633333333335" lon="114.02817333333333"><ele>-0.30000000000000004</ele><time>2025-11-15T09:07:15Z</time></trkpt><trkpt lat="22.20862833333333" lon="114.02814833333332"><ele>0.0</ele><time>2025-11-15T09:07:17Z</time></trkpt><trkpt lat="22.20861" lon="114.02814666666667"><ele>-0.30000000000000004</ele><time>2025-11-15T09:07:23Z</time></trkpt><trkpt lat="22.208579999999998" lon="114.02813833333333"><ele>-0.6000000000000001</ele><time>2025-11-15T09:07:30Z</time></trkpt><trkpt lat="22.208556666666663" lon="114.02815000000001"><ele>-1.0</ele><time>2025-11-15T09:07:35Z</time></trkpt><trkpt lat="22.208541666666665" lon="114.02813666666667"><ele>-1.6</ele><time>2025-11-15T09:07:40Z</time></trkpt><trkpt lat="22.208563333333338" lon="114.028125"><ele>-2.7</ele><time>2025-11-15T09:07:43Z</time></trkpt><trkpt lat="22.208579999999998" lon="114.02811666666666"><ele>-4.2</ele><time>2025-11-15T09:07:47Z</time></trkpt><trkpt lat="22.20858333333333" lon="114.02809333333335"><ele>-4.4</ele><time>2025-11-15T09:07:49Z</time></trkpt><trkpt lat="22.208576666666666" lon="114.02813499999999"><ele>-5.6</ele><time>2025-11-15T09:08:04Z</time></trkpt><trkpt lat="22.208595" lon="114.02813166666668"><ele>-6.5</ele><time>2025-11-15T09:08:15Z</time></trkpt><trkpt lat="22.208591666666667" lon="114.02810166666669"><ele>-7.699999999999999</ele><time>2025-11-15T09:08:25Z</time></trkpt><trkpt lat="22.208588333333335" lon="114.02806833333334"><ele>-7.9</ele><time>2025-11-15T09:08:27Z</time></trkpt><trkpt lat="22.20859833333333" lon="114.02804833333333"><ele>-8.1</ele><time>2025-11-15T09:08:29Z</time></trkpt><trkpt lat="22.208585000000003" lon="114.02802500000001"><ele>-6.699999999999999</ele><time>2025-11-15T09:08:37Z</time></trkpt><trkpt lat="22.208575000000003" lon="114.02804833333333"><ele>-5.9</ele><time>2025-11-15T09:08:41Z</time></trkpt><trkpt lat="22.208581666666667" lon="114.02806666666666"><ele>-5.6</ele><time>2025-11-15T09:08:44Z</time></trkpt><trkpt lat="22.208575000000003" lon="114.02808833333332"><ele>-4.800000000000001</ele><time>2025-11-15T09:08:49Z</time></trkpt><trkpt lat="22.20855333333333" lon="114.0281"><ele>-4.300000000000001</ele><time>2025-11-15T09:08:53Z</time></trkpt><trkpt lat="22.208534999999998" lon="114.02811000000001"><ele>-3.9</ele><time>2025-11-15T09:08:56Z</time></trkpt><trkpt lat="22.208603333333333" lon="114.02828666666667"><ele>15.000000000000002</ele><time>2025-11-15T09:10:31Z</time></trkpt><trkpt lat="22.208603333333333" lon="114.02826666666667"><ele>15.000000000000002</ele><time>2025-11-15T09:10:33Z</time></trkpt><trkpt lat="22.208585000000003" lon="114.02825333333334"><ele>15.1</ele><time>2025-11-15T09:10:34Z</time></trkpt><trkpt lat="22.208556666666663" lon="114.02821"><ele>14.9</ele><time>2025-11-15T09:10:36Z</time></trkpt><trkpt lat="22.20853833333333" lon="114.02820333333332"><ele>14.700000000000001</ele><time>2025-11-15T09:10:37Z</time></trkpt><trkpt lat="22.20855166666667" lon="114.02822166666668"><ele>14.700000000000001</ele><time>2025-11-15T09:10:38Z</time></trkpt><trkpt lat="22.20852166666667" lon="114.02821166666666"><ele>9.1</ele><time>2025-11-15T09:10:50Z</time></trkpt><trkpt lat="22.20852166666667" lon="114.02819"><ele>9.4</ele><time>2025-11-15T09:11:00Z</time></trkpt><trkpt lat="22.20853833333333" lon="114.02818166666665"><ele>10.3</ele><time>2025-11-15T09:11:05Z</time></trkpt></trkseg></trk></gpx>