<?xml version='1.0' encoding='UTF-8' ?><gpx version="1.1" creator="HikingTrailHK" xsi:schemaLocation="http://www.topografix.com/GPX/1/1 http://www.topografix.com/GPX/1/1/gpx.xsd" xmlns="http://www.topografix.com/GPX/1/1" xmlns:xsi="http://www.w3.org/2001/XMLSchema-instance"><metadata><name>我的轨迹 @ 2022-05-07 13:02:40</name><desc></desc></metadata><trk><trkseg><trkpt lat="22.334756389538484" lon="114.2303595246925"><ele>195.185166885145</ele><time>2022-05-07T05:02:40Z</time></trkpt><trkpt lat="22.33476293046156" lon="114.2303302086238"><ele>196.13723357208073</ele><time>2022-05-07T05:02:46Z</time></trkpt><trkpt lat="22.334767480365958" lon="114.23030303655452"><ele>196.65702460426837</ele><time>2022-05-07T05:02:48Z</time></trkpt><trkpt lat="22.334770725160237" lon="114.23027855440866"><ele>196.4536990877241</ele><time>2022-05-07T05:02:50Z</time></trkpt><trkpt lat="22.334766175286383" lon="114.23025415963905"><ele>196.20708468556404</ele><time>2022-05-07T05:02:52Z</time></trkpt><trkpt lat="22.33475811706101" lon="114.23022597020703"><ele>196.2233879249543</ele><time>2022-05-07T05:02:54Z</time></trkpt><trkpt lat="22.33475240067062" lon="114.23020233293485"><ele>196.72100218292326</ele><time>2022-05-07T05:02:56Z</time></trkpt><trkpt lat="22.33475451493162" lon="114.23017925719456"><ele>196.82128521986306</ele><time>2022-05-07T05:02:58Z</time></trkpt><trkpt lat="22.3347595231265" lon="114.23015928407669"><ele>197.21181225404143</ele><time>2022-05-07T05:03:00Z</time></trkpt><trkpt lat="22.334768644639222" lon="114.23013958859812"><ele>198.0253552654758</ele><time>2022-05-07T05:03:02Z</time></trkpt><trkpt lat="22.33477018215934" lon="114.23010934635946"><ele>201.36764796916395</ele><time>2022-05-07T05:03:04Z</time></trkpt><trkpt lat="22.334770334833106" lon="114.23008242450841"><ele>201.3681402252987</ele><time>2022-05-07T05:03:07Z</time></trkpt><trkpt lat="22.33476597670189" lon="114.230063148692"><ele>201.33793275430799</ele><time>2022-05-07T05:03:09Z</time></trkpt><trkpt lat="22.3347561359106" lon="114.2300422768133"><ele>200.91648755129427</ele><time>2022-05-07T05:03:12Z</time></trkpt><trkpt lat="22.33474948273935" lon="114.23001887254284"><ele>200.16970157437027</ele><time>2022-05-07T05:03:15Z</time></trkpt><trkpt lat="22.334749681107166" lon="114.22999533981785"><ele>199.64386482350528</ele><time>2022-05-07T05:03:17Z</time></trkpt><trkpt lat="22.334750117535098" lon="114.2299551498051"><ele>198.91131344251335</ele><time>2022-05-07T05:03:20Z</time></trkpt><trkpt lat="22.33475155629151" lon="114.22993454693614"><ele>198.663220400922</ele><time>2022-05-07T05:03:22Z</time></trkpt><trkpt lat="22.334752584779633" lon="114.22990947891081"><ele>197.9982326440513</ele><time>2022-05-07T05:03:24Z</time></trkpt><trkpt lat="22.33474993540801" lon="114.22988207134776"><ele>192.46804344431115</ele><time>2022-05-07T05:03:26Z</time></trkpt><trkpt lat="22.334748662400337" lon="114.22985082588188"><ele>191.96208236446867</ele><time>2022-05-07T05:03:28Z</time></trkpt><trkpt lat="22.33474517710822" lon="114.22982311190283"><ele>189.2240725415394</ele><time>2022-05-07T05:03:30Z</time></trkpt><trkpt lat="22.334732766162617" lon="114.22979581690312"><ele>187.8959210746076</ele><time>2022-05-07T05:03:32Z</time></trkpt><trkpt lat="22.334727409612096" lon="114.2297670062107"><ele>188.4216060636675</ele><time>2022-05-07T05:03:34Z</time></trkpt><trkpt lat="22.334706759392798" lon="114.22973702463577"><ele>189.5485241699696</ele><time>2022-05-07T05:03:36Z</time></trkpt><trkpt lat="22.334692769536886" lon="114.22971160691469"><ele>188.7107878923781</ele><time>2022-05-07T05:03:38Z</time></trkpt><trkpt lat="22.334668502789516" lon="114.22968991073618"><ele>188.7604706720039</ele><time>2022-05-07T05:03:40Z</time></trkpt><trkpt lat="22.334662747218157" lon="114.22966629469003"><ele>189.05178551875196</ele><time>2022-05-07T05:03:42Z</time></trkpt><trkpt lat="22.334658224660664" lon="114.22963595095051"><ele>189.13247931029986</ele><time>2022-05-07T05:03:44Z</time></trkpt><trkpt lat="22.334658238786652" lon="114.22960617428078"><ele>188.65473326211062</ele><time>2022-05-07T05:03:46Z</time></trkpt><trkpt lat="22.334661429176624" lon="114.2295773898407"><ele>188.31350825865994</ele><time>2022-05-07T05:03:48Z</time></trkpt><trkpt lat="22.33465716713592" lon="114.22955329834643"><ele>188.63094022881793</ele><time>2022-05-07T05:03:50Z</time></trkpt><trkpt lat="22.334651546253784" lon="114.2295291409917"><ele>189.15922559940972</ele><time>2022-05-07T05:03:52Z</time></trkpt><trkpt lat="22.334646735256037" lon="114.2295082403478"><ele>189.34780513038965</ele><time>2022-05-07T05:03:54Z</time></trkpt><trkpt lat="22.33463405049581" lon="114.2294876094928"><ele>189.24289681150236</ele><time>2022-05-07T05:03:56Z</time></trkpt><trkpt lat="22.334620256017967" lon="114.22946305896784"><ele>188.97315113291035</ele><time>2022-05-07T05:03:58Z</time></trkpt><trkpt lat="22.334607127348175" lon="114.22943737376886"><ele>188.51937794371582</ele><time>2022-05-07T05:04:00Z</time></trkpt><trkpt lat="22.334595658569356" lon="114.22941583347509"><ele>188.17445342356058</ele><time>2022-05-07T05:04:02Z</time></trkpt><trkpt lat="22.334586558168585" lon="114.22938953926439"><ele>187.21854848775268</ele><time>2022-05-07T05:04:07Z</time></trkpt><trkpt lat="22.334575830092547" lon="114.22936798908601"><ele>186.93853973013793</ele><time>2022-05-07T05:04:09Z</time></trkpt><trkpt lat="22.334566892416188" lon="114.22933623881315"><ele>186.51294852733176</ele><time>2022-05-07T05:04:11Z</time></trkpt><trkpt lat="22.33456304675088" lon="114.2293070286654"><ele>186.19763593124674</ele><time>2022-05-07T05:04:13Z</time></trkpt><trkpt lat="22.334554256306294" lon="114.22928015611346"><ele>185.88349164595795</ele><time>2022-05-07T05:04:15Z</time></trkpt><trkpt lat="22.334549943285158" lon="114.22925090996422"><ele>186.35187171153294</ele><time>2022-05-07T05:04:17Z</time></trkpt><trkpt lat="22.334544386663225" lon="114.22922304640757"><ele>186.6017583502431</ele><time>2022-05-07T05:04:19Z</time></trkpt><trkpt lat="22.33452759242555" lon="114.22918680468706"><ele>186.346514680378</ele><time>2022-05-07T05:04:22Z</time></trkpt><trkpt lat="22.334509418303536" lon="114.22916056831008"><ele>186.00699044781214</ele><time>2022-05-07T05:04:24Z</time></trkpt><trkpt lat="22.334497685011666" lon="114.2291370484376"><ele>185.70189585901292</ele><time>2022-05-07T05:04:26Z</time></trkpt><trkpt lat="22.334485830883114" lon="114.22911256236642"><ele>185.24425275772685</ele><time>2022-05-07T05:04:29Z</time></trkpt><trkpt lat="22.33447767452649" lon="114.22908022425044"><ele>184.90078803263103</ele><time>2022-05-07T05:04:31Z</time></trkpt><trkpt lat="22.33446853924872" lon="114.22904890805985"><ele>184.80056222670478</ele><time>2022-05-07T05:04:33Z</time></trkpt><trkpt lat="22.334457155983714" lon="114.22901626785992"><ele>184.82995183877247</ele><time>2022-05-07T05:04:35Z</time></trkpt><trkpt lat="22.334446838313468" lon="114.22898601467257"><ele>184.60220598255876</ele><time>2022-05-07T05:04:37Z</time></trkpt><trkpt lat="22.334440093355322" lon="114.22895557677869"><ele>184.76396253199442</ele><time>2022-05-07T05:04:39Z</time></trkpt><trkpt lat="22.334432625522044" lon="114.22892306303092"><ele>184.9157808453629</ele><time>2022-05-07T05:04:41Z</time></trkpt><trkpt lat="22.334428472824122" lon="114.22889075382376"><ele>184.84327184362277</ele><time>2022-05-07T05:04:43Z</time></trkpt><trkpt lat="22.33442406354655" lon="114.22885835153974"><ele>184.43804843309405</ele><time>2022-05-07T05:04:45Z</time></trkpt><trkpt lat="22.334419969005335" lon="114.22883226916716"><ele>183.93407404663537</ele><time>2022-05-07T05:04:47Z</time></trkpt><trkpt lat="22.334417669387754" lon="114.22880383466719"><ele>183.37108411747428</ele><time>2022-05-07T05:04:49Z</time></trkpt><trkpt lat="22.334415927390438" lon="114.2287777739704"><ele>182.76949489941555</ele><time>2022-05-07T05:04:51Z</time></trkpt><trkpt lat="22.334413463906767" lon="114.22875206095141"><ele>182.14135767027767</ele><time>2022-05-07T05:04:53Z</time></trkpt><trkpt lat="22.334410678919042" lon="114.22872414700598"><ele>181.49896143892707</ele><time>2022-05-07T05:04:55Z</time></trkpt><trkpt lat="22.334404027501567" lon="114.22869306106894"><ele>181.4043233135135</ele><time>2022-05-07T05:04:57Z</time></trkpt><trkpt lat="22.334396363575006" lon="114.2286643404084"><ele>181.59804273078046</ele><time>2022-05-07T05:04:59Z</time></trkpt><trkpt lat="22.33438967783159" lon="114.22863671445121"><ele>181.6539161679344</ele><time>2022-05-07T05:05:01Z</time></trkpt><trkpt lat="22.334390950763904" lon="114.228607122768"><ele>181.98351691359719</ele><time>2022-05-07T05:05:03Z</time></trkpt><trkpt lat="22.3343896362468" lon="114.2285789931539"><ele>182.10696425872766</ele><time>2022-05-07T05:05:05Z</time></trkpt><trkpt lat="22.334387874704007" lon="114.22854848107414"><ele>182.09154934591217</ele><time>2022-05-07T05:05:07Z</time></trkpt><trkpt lat="22.33438521364287" lon="114.22851672148221"><ele>182.14634829655725</ele><time>2022-05-07T05:05:09Z</time></trkpt><trkpt lat="22.334382603116335" lon="114.22848482300849"><ele>181.99482088850476</ele><time>2022-05-07T05:05:11Z</time></trkpt><trkpt lat="22.33438628422616" lon="114.228451340096"><ele>182.49792586087705</ele><time>2022-05-07T05:05:13Z</time></trkpt><trkpt lat="22.334388845702893" lon="114.22841814154347"><ele>182.66425441596974</ele><time>2022-05-07T05:05:15Z</time></trkpt><trkpt lat="22.33438771615189" lon="114.22838931572926"><ele>182.5835009104538</ele><time>2022-05-07T05:05:17Z</time></trkpt><trkpt lat="22.33438698575685" lon="114.22835808059848"><ele>182.57695393112195</ele><time>2022-05-07T05:05:19Z</time></trkpt><trkpt lat="22.334385302273905" lon="114.22832382617436"><ele>182.31614334458462</ele><time>2022-05-07T05:05:21Z</time></trkpt><trkpt lat="22.33438228415143" lon="114.22828966588217"><ele>181.99592734109805</ele><time>2022-05-07T05:05:23Z</time></trkpt><trkpt lat="22.33437989011163" lon="114.2282595300157"><ele>181.69004505870592</ele><time>2022-05-07T05:05:25Z</time></trkpt><trkpt lat="22.334375955492963" lon="114.22823467531994"><ele>181.3326601581588</ele><time>2022-05-07T05:05:27Z</time></trkpt><trkpt lat="22.334368180233447" lon="114.22820953221243"><ele>181.02966965398076</ele><time>2022-05-07T05:05:29Z</time></trkpt><trkpt lat="22.334366851017034" lon="114.22818231291748"><ele>180.35201894678607</ele><time>2022-05-07T05:05:31Z</time></trkpt><trkpt lat="22.33437116047744" lon="114.2281510999249"><ele>179.79977570177263</ele><time>2022-05-07T05:05:33Z</time></trkpt><trkpt lat="22.33437446884218" lon="114.22812007780236"><ele>179.30699574950077</ele><time>2022-05-07T05:05:35Z</time></trkpt><trkpt lat="22.334371883122504" lon="114.228090657854"><ele>179.01983078669795</ele><time>2022-05-07T05:05:37Z</time></trkpt><trkpt lat="22.3343716502855" lon="114.22806105123253"><ele>178.91281980231759</ele><time>2022-05-07T05:05:39Z</time></trkpt><trkpt lat="22.334379445063416" lon="114.22802885528341"><ele>178.7723424245736</ele><time>2022-05-07T05:05:41Z</time></trkpt><trkpt lat="22.33439097811339" lon="114.22799520922895"><ele>178.7922221300191</ele><time>2022-05-07T05:05:43Z</time></trkpt><trkpt lat="22.33439945526882" lon="114.22796316034005"><ele>178.86761556161989</ele><time>2022-05-07T05:05:45Z</time></trkpt><trkpt lat="22.334409720752753" lon="114.22793481529241"><ele>178.99555057278735</ele><time>2022-05-07T05:05:47Z</time></trkpt><trkpt lat="22.33441854378233" lon="114.22790466892393"><ele>179.18129229508503</ele><time>2022-05-07T05:05:49Z</time></trkpt><trkpt lat="22.3344261039797" lon="114.22787835704419"><ele>179.29828887502487</ele><time>2022-05-07T05:05:51Z</time></trkpt><trkpt lat="22.334430947138106" lon="114.22785684756568"><ele>179.50658586623055</ele><time>2022-05-07T05:05:53Z</time></trkpt><trkpt lat="22.334434357319978" lon="114.22783192651718"><ele>179.5417711321782</ele><time>2022-05-07T05:05:55Z</time></trkpt><trkpt lat="22.334434721621278" lon="114.22780673370262"><ele>179.39395116307406</ele><time>2022-05-07T05:05:57Z</time></trkpt><trkpt lat="22.33443211094158" lon="114.22777910045552"><ele>179.27313634783295</ele><time>2022-05-07T05:05:59Z</time></trkpt><trkpt lat="22.334426100768752" lon="114.22774998290126"><ele>179.27295095625453</ele><time>2022-05-07T05:06:01Z</time></trkpt><trkpt lat="22.334421244352065" lon="114.22771997531773"><ele>179.28668742057766</ele><time>2022-05-07T05:06:03Z</time></trkpt><trkpt lat="22.33441748616017" lon="114.22769525570222"><ele>179.45775039381144</ele><time>2022-05-07T05:06:05Z</time></trkpt><trkpt lat="22.334412721011503" lon="114.2276693713927"><ele>179.51686548578394</ele><time>2022-05-07T05:06:07Z</time></trkpt><trkpt lat="22.334410274808373" lon="114.22764285022068"><ele>179.45178295679892</ele><time>2022-05-07T05:06:09Z</time></trkpt><trkpt lat="22.334410392629437" lon="114.22761505472234"><ele>179.6268631953838</ele><time>2022-05-07T05:06:11Z</time></trkpt><trkpt lat="22.334409475952327" lon="114.22758810350881"><ele>179.33068191077822</ele><time>2022-05-07T05:06:13Z</time></trkpt><trkpt lat="22.334406657946317" lon="114.22756205710844"><ele>178.87349057463058</ele><time>2022-05-07T05:06:15Z</time></trkpt><trkpt lat="22.334407644153117" lon="114.22753494383045"><ele>178.82730963504932</ele><time>2022-05-07T05:06:17Z</time></trkpt><trkpt lat="22.334406427725312" lon="114.22750585412967"><ele>178.82874054360494</ele><time>2022-05-07T05:06:19Z</time></trkpt><trkpt lat="22.33440223115524" lon="114.22747398484951"><ele>179.05715857335449</ele><time>2022-05-07T05:06:21Z</time></trkpt><trkpt lat="22.334398286148925" lon="114.2274423534854"><ele>179.54526777313785</ele><time>2022-05-07T05:06:23Z</time></trkpt><trkpt lat="22.33439373848766" lon="114.22740500709767"><ele>180.19619894823134</ele><time>2022-05-07T05:06:25Z</time></trkpt><trkpt lat="22.33439329819699" lon="114.22736872021979"><ele>180.4768127347796</ele><time>2022-05-07T05:06:27Z</time></trkpt><trkpt lat="22.334390845441856" lon="114.22734911372595"><ele>180.6038409593165</ele><time>2022-05-07T05:06:29Z</time></trkpt><trkpt lat="22.334392339875677" lon="114.22732873619091"><ele>180.46205056377178</ele><time>2022-05-07T05:06:31Z</time></trkpt><trkpt lat="22.334404045796994" lon="114.2273070265478"><ele>180.1235657445546</ele><time>2022-05-07T05:06:34Z</time></trkpt><trkpt lat="22.334422104210976" lon="114.2272862048142"><ele>179.8165869169304</ele><time>2022-05-07T05:06:36Z</time></trkpt><trkpt lat="22.33444226678834" lon="114.22727252003244"><ele>179.74596414889555</ele><time>2022-05-07T05:06:37Z</time></trkpt><trkpt lat="22.33445757385046" lon="114.22725055767468"><ele>179.39328104271365</ele><time>2022-05-07T05:06:39Z</time></trkpt><trkpt lat="22.33446874889441" lon="114.22723252094198"><ele>178.98263875074244</ele><time>2022-05-07T05:06:41Z</time></trkpt><trkpt lat="22.3344869683932" lon="114.22723401622395"><ele>178.1056677983698</ele><time>2022-05-07T05:06:47Z</time></trkpt><trkpt lat="22.33452063417132" lon="114.22725514764255"><ele>177.80503547892062</ele><time>2022-05-07T05:06:49Z</time></trkpt><trkpt lat="22.334535778063174" lon="114.22726800834897"><ele>177.8820267494435</ele><time>2022-05-07T05:06:50Z</time></trkpt><trkpt lat="22.334545406509264" lon="114.22728663412202"><ele>177.70137916903755</ele><time>2022-05-07T05:06:52Z</time></trkpt><trkpt lat="22.33457029716473" lon="114.2273074416722"><ele>177.3838326917961</ele><time>2022-05-07T05:06:54Z</time></trkpt><trkpt lat="22.334585846111146" lon="114.22733249171584"><ele>177.37460466264037</ele><time>2022-05-07T05:06:56Z</time></trkpt><trkpt lat="22.33459884625181" lon="114.22735946462467"><ele>177.66265994219643</ele><time>2022-05-07T05:06:58Z</time></trkpt><trkpt lat="22.334625779580872" lon="114.2273751564659"><ele>177.85289820820745</ele><time>2022-05-07T05:07:00Z</time></trkpt><trkpt lat="22.334651765774197" lon="114.22739184553927"><ele>177.96360866859246</ele><time>2022-05-07T05:07:02Z</time></trkpt><trkpt lat="22.334669813033127" lon="114.22740788186275"><ele>177.99830959604532</ele><time>2022-05-07T05:07:04Z</time></trkpt><trkpt lat="22.334683418129575" lon="114.22742835309279"><ele>177.78986612807884</ele><time>2022-05-07T05:07:06Z</time></trkpt><trkpt lat="22.3346928935026" lon="114.22744730174318"><ele>177.9548138841701</ele><time>2022-05-07T05:07:08Z</time></trkpt><trkpt lat="22.334705865200938" lon="114.2274659506259"><ele>178.31491762567137</ele><time>2022-05-07T05:07:10Z</time></trkpt><trkpt lat="22.334715776354884" lon="114.22748482258605"><ele>178.7460179163693</ele><time>2022-05-07T05:07:12Z</time></trkpt><trkpt lat="22.334729618509325" lon="114.22750243963213"><ele>178.88283489041524</ele><time>2022-05-07T05:07:14Z</time></trkpt><trkpt lat="22.334744836096625" lon="114.22751716677443"><ele>178.90992938605712</ele><time>2022-05-07T05:07:16Z</time></trkpt><trkpt lat="22.3347614205673" lon="114.22753080136393"><ele>179.04838402477367</ele><time>2022-05-07T05:07:18Z</time></trkpt><trkpt lat="22.334778798149493" lon="114.22754651051504"><ele>179.73942103795812</ele><time>2022-05-07T05:07:21Z</time></trkpt><trkpt lat="22.33479806309853" lon="114.22755560342081"><ele>180.53557083561452</ele><time>2022-05-07T05:07:24Z</time></trkpt><trkpt lat="22.33481526168702" lon="114.22756720342186"><ele>180.76392690803686</ele><time>2022-05-07T05:07:26Z</time></trkpt><trkpt lat="22.334808888466036" lon="114.22758976368294"><ele>180.13949961720516</ele><time>2022-05-07T05:07:36Z</time></trkpt><trkpt lat="22.334826649416822" lon="114.22759357631371"><ele>179.95631431409598</ele><time>2022-05-07T05:07:45Z</time></trkpt><trkpt lat="22.334839142928455" lon="114.22757810294749"><ele>182.26003790323875</ele><time>2022-05-07T05:07:50Z</time></trkpt><trkpt lat="22.334866221846625" lon="114.22758501136236"><ele>183.75942727880647</ele><time>2022-05-07T05:07:53Z</time></trkpt><trkpt lat="22.33488803536719" lon="114.22759796955638"><ele>183.3714526358274</ele><time>2022-05-07T05:07:57Z</time></trkpt><trkpt lat="22.334908144328395" lon="114.2275996923842"><ele>183.88868782370017</ele><time>2022-05-07T05:08:00Z</time></trkpt><trkpt lat="22.33492163516124" lon="114.22757097957788"><ele>185.3259298681092</ele><time>2022-05-07T05:08:13Z</time></trkpt><trkpt lat="22.334936366641877" lon="114.227550265642"><ele>185.49187933405813</ele><time>2022-05-07T05:08:15Z</time></trkpt><trkpt lat="22.334955912237202" lon="114.22754277561198"><ele>185.4087243656577</ele><time>2022-05-07T05:08:17Z</time></trkpt><trkpt lat="22.33496481982484" lon="114.22752456371549"><ele>185.18711495973827</ele><time>2022-05-07T05:08:21Z</time></trkpt><trkpt lat="22.334987006690174" lon="114.2275181909058"><ele>183.94223517745434</ele><time>2022-05-07T05:08:26Z</time></trkpt><trkpt lat="22.33500873598913" lon="114.22753040758522"><ele>184.4612468777701</ele><time>2022-05-07T05:08:35Z</time></trkpt><trkpt lat="22.335033175475466" lon="114.22752882645304"><ele>184.7507515870807</ele><time>2022-05-07T05:08:37Z</time></trkpt><trkpt lat="22.335053939760332" lon="114.22751179499706"><ele>186.1846869479588</ele><time>2022-05-07T05:08:39Z</time></trkpt><trkpt lat="22.33507341338566" lon="114.22750367764772"><ele>186.65102600940372</ele><time>2022-05-07T05:08:41Z</time></trkpt><trkpt lat="22.335095489454748" lon="114.2275014490061"><ele>190.29640420207204</ele><time>2022-05-07T05:08:46Z</time></trkpt><trkpt lat="22.33509658910611" lon="114.22747121138902"><ele>192.41956420090008</ele><time>2022-05-07T05:08:47Z</time></trkpt><trkpt lat="22.33512538799054" lon="114.22747959994612"><ele>192.97306809008774</ele><time>2022-05-07T05:08:49Z</time></trkpt><trkpt lat="22.335152008640076" lon="114.22749193264774"><ele>193.46179033494371</ele><time>2022-05-07T05:08:51Z</time></trkpt><trkpt lat="22.335175773810363" lon="114.22748563873309"><ele>193.58201837367852</ele><time>2022-05-07T05:08:53Z</time></trkpt><trkpt lat="22.335200940201855" lon="114.22748271850676"><ele>193.208761977892</ele><time>2022-05-07T05:08:55Z</time></trkpt><trkpt lat="22.33522046498357" lon="114.22747836876971"><ele>193.2923337404979</ele><time>2022-05-07T05:08:57Z</time></trkpt><trkpt lat="22.335238058858806" lon="114.22749089375593"><ele>193.76403123176817</ele><time>2022-05-07T05:08:59Z</time></trkpt><trkpt lat="22.335259329065604" lon="114.2274969719015"><ele>193.97332421145802</ele><time>2022-05-07T05:09:02Z</time></trkpt><trkpt lat="22.335277954767918" lon="114.22749736636013"><ele>194.08820709923424</ele><time>2022-05-07T05:09:07Z</time></trkpt><trkpt lat="22.335298037719767" lon="114.22749279279608"><ele>195.17248250872797</ele><time>2022-05-07T05:09:12Z</time></trkpt><trkpt lat="22.33531642305588" lon="114.22748316126331"><ele>196.09847781507153</ele><time>2022-05-07T05:09:15Z</time></trkpt><trkpt lat="22.335342990652443" lon="114.22748041113076"><ele>196.17432479921345</ele><time>2022-05-07T05:09:18Z</time></trkpt><trkpt lat="22.33536624073042" lon="114.22747964394851"><ele>196.3747895495045</ele><time>2022-05-07T05:09:20Z</time></trkpt><trkpt lat="22.335384680152416" lon="114.2274867341013"><ele>196.8158990303773</ele><time>2022-05-07T05:09:22Z</time></trkpt><trkpt lat="22.335407086119687" lon="114.22748534655372"><ele>197.33284734356997</ele><time>2022-05-07T05:09:25Z</time></trkpt><trkpt lat="22.335424275131523" lon="114.22747569232388"><ele>197.6836179804887</ele><time>2022-05-07T05:09:28Z</time></trkpt><trkpt lat="22.335436133945933" lon="114.22745896597793"><ele>200.31004601099013</ele><time>2022-05-07T05:09:34Z</time></trkpt><trkpt lat="22.33545373068781" lon="114.22745441000315"><ele>199.93968657314403</ele><time>2022-05-07T05:09:38Z</time></trkpt><trkpt lat="22.335476644007638" lon="114.2274545651486"><ele>200.67681456416759</ele><time>2022-05-07T05:09:44Z</time></trkpt><trkpt lat="22.33549608488525" lon="114.22744587736065"><ele>200.40307165317182</ele><time>2022-05-07T05:09:49Z</time></trkpt><trkpt lat="22.335506238406612" lon="114.22742931419204"><ele>200.9117970307129</ele><time>2022-05-07T05:09:51Z</time></trkpt><trkpt lat="22.335518962117646" lon="114.22741254414099"><ele>201.48215695257053</ele><time>2022-05-07T05:09:54Z</time></trkpt><trkpt lat="22.33553608273036" lon="114.22740553474344"><ele>201.5690716173523</ele><time>2022-05-07T05:09:56Z</time></trkpt><trkpt lat="22.335557996252216" lon="114.22739407646554"><ele>201.47725226010124</ele><time>2022-05-07T05:09:59Z</time></trkpt><trkpt lat="22.33557383358355" lon="114.22740526396855"><ele>202.19131013998387</ele><time>2022-05-07T05:10:10Z</time></trkpt><trkpt lat="22.335577631998746" lon="114.22742468032635"><ele>203.38500433287936</ele><time>2022-05-07T05:10:13Z</time></trkpt><trkpt lat="22.335579029830015" lon="114.2274441942955"><ele>203.87511132682548</ele><time>2022-05-07T05:10:15Z</time></trkpt><trkpt lat="22.335588911403917" lon="114.22746665666571"><ele>203.54586698775307</ele><time>2022-05-07T05:10:17Z</time></trkpt><trkpt lat="22.33560029411366" lon="114.22745106004233"><ele>207.95659173700506</ele><time>2022-05-07T05:10:26Z</time></trkpt><trkpt lat="22.33560819652175" lon="114.2274314113822"><ele>209.32376774554857</ele><time>2022-05-07T05:10:30Z</time></trkpt><trkpt lat="22.33562045868312" lon="114.22740809606262"><ele>209.55785756989636</ele><time>2022-05-07T05:10:33Z</time></trkpt><trkpt lat="22.33561900371135" lon="114.22738288315082"><ele>210.59116958891283</ele><time>2022-05-07T05:10:49Z</time></trkpt><trkpt lat="22.33563240954479" lon="114.22740616200542"><ele>211.68005762840292</ele><time>2022-05-07T05:10:54Z</time></trkpt><trkpt lat="22.335650516870516" lon="114.2274170175608"><ele>211.89195170256187</ele><time>2022-05-07T05:10:58Z</time></trkpt><trkpt lat="22.335663498484934" lon="114.22744180405618"><ele>212.13701951097576</ele><time>2022-05-07T05:11:00Z</time></trkpt><trkpt lat="22.335689852205405" lon="114.22745585294854"><ele>212.29196284427954</ele><time>2022-05-07T05:11:02Z</time></trkpt><trkpt lat="22.335707817846906" lon="114.22746099613482"><ele>212.6731219265414</ele><time>2022-05-07T05:11:03Z</time></trkpt><trkpt lat="22.33573507074026" lon="114.22747612889675"><ele>213.18985418264745</ele><time>2022-05-07T05:11:05Z</time></trkpt><trkpt lat="22.335748858383283" lon="114.22749505337401"><ele>213.8777356542289</ele><time>2022-05-07T05:11:07Z</time></trkpt><trkpt lat="22.33576267458555" lon="114.22750761796645"><ele>214.06752847268615</ele><time>2022-05-07T05:11:09Z</time></trkpt><trkpt lat="22.335778344733722" lon="114.22752192711572"><ele>215.01091664285752</ele><time>2022-05-07T05:11:12Z</time></trkpt><trkpt lat="22.335788484589003" lon="114.22754273367136"><ele>215.74565249550452</ele><time>2022-05-07T05:11:14Z</time></trkpt><trkpt lat="22.33579320056085" lon="114.22756841636746"><ele>215.9901768124272</ele><time>2022-05-07T05:11:16Z</time></trkpt><trkpt lat="22.3357964295146" lon="114.22759586150049"><ele>216.2136162801811</ele><time>2022-05-07T05:11:18Z</time></trkpt><trkpt lat="22.335802302583158" lon="114.22762330854016"><ele>216.32346828597906</ele><time>2022-05-07T05:11:20Z</time></trkpt><trkpt lat="22.33581407815398" lon="114.22765048500258"><ele>216.66162841113123</ele><time>2022-05-07T05:11:22Z</time></trkpt><trkpt lat="22.335830520865876" lon="114.22767306637033"><ele>217.18883558882243</ele><time>2022-05-07T05:11:24Z</time></trkpt><trkpt lat="22.335844444592972" lon="114.2276954762441"><ele>217.10747719341623</ele><time>2022-05-07T05:11:26Z</time></trkpt><trkpt lat="22.335855582451345" lon="114.22771556628034"><ele>217.00236258185896</ele><time>2022-05-07T05:11:28Z</time></trkpt><trkpt lat="22.335869310482046" lon="114.22773554447508"><ele>217.198789676167</ele><time>2022-05-07T05:11:30Z</time></trkpt><trkpt lat="22.33588173922793" lon="114.22775274600275"><ele>217.06509619823882</ele><time>2022-05-07T05:11:32Z</time></trkpt><trkpt lat="22.33589580191837" lon="114.22776698763704"><ele>217.2466470679173</ele><time>2022-05-07T05:11:34Z</time></trkpt><trkpt lat="22.335911876481084" lon="114.22778624003146"><ele>217.23280328789488</ele><time>2022-05-07T05:11:36Z</time></trkpt><trkpt lat="22.335926046275766" lon="114.22780015922388"><ele>217.49024739169633</ele><time>2022-05-07T05:11:38Z</time></trkpt><trkpt lat="22.335939925281288" lon="114.22781784967046"><ele>217.29399908216087</ele><time>2022-05-07T05:11:40Z</time></trkpt><trkpt lat="22.33595218367607" lon="114.22784009005386"><ele>217.2508119955166</ele><time>2022-05-07T05:11:42Z</time></trkpt><trkpt lat="22.3359609173527" lon="114.22785901379224"><ele>217.4059670767528</ele><time>2022-05-07T05:11:44Z</time></trkpt><trkpt lat="22.335969440926828" lon="114.22787880675466"><ele>217.58468277032776</ele><time>2022-05-07T05:11:46Z</time></trkpt><trkpt lat="22.335974787016884" lon="114.22790364677712"><ele>217.2483210527384</ele><time>2022-05-07T05:11:49Z</time></trkpt><trkpt lat="22.335982181616252" lon="114.22792313341193"><ele>217.271028858233</ele><time>2022-05-07T05:11:51Z</time></trkpt><trkpt lat="22.335991618184643" lon="114.22794951236597"><ele>217.38530983768433</ele><time>2022-05-07T05:11:53Z</time></trkpt><trkpt lat="22.336018686311373" lon="114.2279896674756"><ele>218.60973250453355</ele><time>2022-05-07T05:11:55Z</time></trkpt><trkpt lat="22.33603582094659" lon="114.2280129829024"><ele>219.18947958423237</ele><time>2022-05-07T05:11:57Z</time></trkpt><trkpt lat="22.33605546439989" lon="114.22804426330059"><ele>219.64781756580868</ele><time>2022-05-07T05:11:59Z</time></trkpt><trkpt lat="22.3360756028574" lon="114.2280735315549"><ele>220.18206969478996</ele><time>2022-05-07T05:12:01Z</time></trkpt><trkpt lat="22.33608526115137" lon="114.22809123326876"><ele>220.72118906115537</ele><time>2022-05-07T05:12:03Z</time></trkpt><trkpt lat="22.33609631041419" lon="114.22811547766511"><ele>221.99923769342328</ele><time>2022-05-07T05:12:06Z</time></trkpt><trkpt lat="22.336099227421453" lon="114.22813618679075"><ele>222.7127581905005</ele><time>2022-05-07T05:12:08Z</time></trkpt><trkpt lat="22.336106060634986" lon="114.22815716557531"><ele>223.2529996683605</ele><time>2022-05-07T05:12:10Z</time></trkpt><trkpt lat="22.336113636999986" lon="114.22818123355756"><ele>223.96224914052024</ele><time>2022-05-07T05:12:14Z</time></trkpt><trkpt lat="22.336129983556127" lon="114.22820061746376"><ele>224.40584575620701</ele><time>2022-05-07T05:12:17Z</time></trkpt><trkpt lat="22.33613525664013" lon="114.228226310544"><ele>224.3017404465171</ele><time>2022-05-07T05:12:19Z</time></trkpt><trkpt lat="22.336140513992458" lon="114.22825331325286"><ele>224.01300568724324</ele><time>2022-05-07T05:12:21Z</time></trkpt><trkpt lat="22.33615233439291" lon="114.22827509427195"><ele>224.07926270870774</ele><time>2022-05-07T05:12:23Z</time></trkpt><trkpt lat="22.336167079431508" lon="114.22829093743015"><ele>224.06923516862736</ele><time>2022-05-07T05:12:25Z</time></trkpt><trkpt lat="22.33618059172214" lon="114.22831144188717"><ele>224.20644498324907</ele><time>2022-05-07T05:12:27Z</time></trkpt><trkpt lat="22.336194770548985" lon="114.22832731981211"><ele>225.0719814429406</ele><time>2022-05-07T05:12:29Z</time></trkpt><trkpt lat="22.33621236687425" lon="114.2283489866771"><ele>226.48533891544182</ele><time>2022-05-07T05:12:32Z</time></trkpt><trkpt lat="22.33622608316716" lon="114.22836591954896"><ele>226.85343638959532</ele><time>2022-05-07T05:12:34Z</time></trkpt><trkpt lat="22.33623829585192" lon="114.22838571266188"><ele>227.92951107961028</ele><time>2022-05-07T05:12:36Z</time></trkpt><trkpt lat="22.33624988931435" lon="114.22840417905813"><ele>228.64389728241545</ele><time>2022-05-07T05:12:38Z</time></trkpt><trkpt lat="22.33626302973957" lon="114.22842379158861"><ele>229.1594754173393</ele><time>2022-05-07T05:12:40Z</time></trkpt><trkpt lat="22.336282681002597" lon="114.22844304275915"><ele>229.67881111485022</ele><time>2022-05-07T05:12:43Z</time></trkpt><trkpt lat="22.336293364497664" lon="114.22846015485807"><ele>230.06200626485557</ele><time>2022-05-07T05:12:45Z</time></trkpt><trkpt lat="22.336305722101994" lon="114.22848204028566"><ele>230.086838040443</ele><time>2022-05-07T05:12:47Z</time></trkpt><trkpt lat="22.336321282736677" lon="114.22850582969895"><ele>230.22502041844237</ele><time>2022-05-07T05:12:49Z</time></trkpt><trkpt lat="22.336336162150715" lon="114.2285336186392"><ele>230.31953168317673</ele><time>2022-05-07T05:12:51Z</time></trkpt><trkpt lat="22.336349932891356" lon="114.22855712211111"><ele>230.45067981450316</ele><time>2022-05-07T05:12:53Z</time></trkpt><trkpt lat="22.33636413788137" lon="114.22858140018424"><ele>230.82018901407707</ele><time>2022-05-07T05:12:55Z</time></trkpt><trkpt lat="22.336372979059753" lon="114.22859984737258"><ele>230.96002050728126</ele><time>2022-05-07T05:12:57Z</time></trkpt><trkpt lat="22.336383787557583" lon="114.22862000149841"><ele>230.7768604890795</ele><time>2022-05-07T05:12:59Z</time></trkpt><trkpt lat="22.336394282633336" lon="114.22864536708082"><ele>230.73707191432618</ele><time>2022-05-07T05:13:01Z</time></trkpt><trkpt lat="22.33640435509658" lon="114.22867154597421"><ele>230.16766942333848</ele><time>2022-05-07T05:13:03Z</time></trkpt><trkpt lat="22.336414826983983" lon="114.22870000532393"><ele>229.78694107506115</ele><time>2022-05-07T05:13:05Z</time></trkpt><trkpt lat="22.336428140982523" lon="114.22872328136943"><ele>229.62798389091782</ele><time>2022-05-07T05:13:07Z</time></trkpt><trkpt lat="22.336443674074342" lon="114.22873979422414"><ele>229.36400811000712</ele><time>2022-05-07T05:13:09Z</time></trkpt><trkpt lat="22.33645346463433" lon="114.22875892185894"><ele>228.8112788214718</ele><time>2022-05-07T05:13:11Z</time></trkpt><trkpt lat="22.336465310900003" lon="114.22877833914802"><ele>228.58441334069744</ele><time>2022-05-07T05:13:13Z</time></trkpt><trkpt lat="22.336480745762948" lon="114.2287956384141"><ele>228.48020416741934</ele><time>2022-05-07T05:13:15Z</time></trkpt><trkpt lat="22.336499719809005" lon="114.22881086792198"><ele>228.6212646061517</ele><time>2022-05-07T05:13:17Z</time></trkpt><trkpt lat="22.336511778799157" lon="114.22882648685396"><ele>228.5612084195462</ele><time>2022-05-07T05:13:19Z</time></trkpt><trkpt lat="22.336521681733313" lon="114.22884361585125"><ele>228.74523941926614</ele><time>2022-05-07T05:13:21Z</time></trkpt><trkpt lat="22.33653899678858" lon="114.22886727905073"><ele>229.7623725672174</ele><time>2022-05-07T05:13:23Z</time></trkpt><trkpt lat="22.336549673110405" lon="114.2288891632655"><ele>229.60235589668076</ele><time>2022-05-07T05:13:25Z</time></trkpt><trkpt lat="22.336566053049314" lon="114.22891113880564"><ele>229.5830974749104</ele><time>2022-05-07T05:13:27Z</time></trkpt><trkpt lat="22.336588191385257" lon="114.22892929664849"><ele>229.2299198441175</ele><time>2022-05-07T05:13:29Z</time></trkpt><trkpt lat="22.336612086494323" lon="114.2289445548101"><ele>229.0904699429808</ele><time>2022-05-07T05:13:31Z</time></trkpt><trkpt lat="22.33663562828744" lon="114.22895943112418"><ele>228.81230374451147</ele><time>2022-05-07T05:13:33Z</time></trkpt><trkpt lat="22.33665616456557" lon="114.22897369915896"><ele>228.75595604098294</ele><time>2022-05-07T05:13:35Z</time></trkpt><trkpt lat="22.33668133081229" lon="114.22899085300038"><ele>228.95587254713087</ele><time>2022-05-07T05:13:37Z</time></trkpt><trkpt lat="22.33670422199579" lon="114.2290025791317"><ele>229.16750594640334</ele><time>2022-05-07T05:13:39Z</time></trkpt><trkpt lat="22.336701837413738" lon="114.22902695070967"><ele>229.17970198483184</ele><time>2022-05-07T05:13:42Z</time></trkpt><trkpt lat="22.336715327888047" lon="114.22904624296423"><ele>229.22990539091074</ele><time>2022-05-07T05:13:44Z</time></trkpt><trkpt lat="22.336724745945553" lon="114.22907167705324"><ele>229.66649529312687</ele><time>2022-05-07T05:13:46Z</time></trkpt><trkpt lat="22.33672927895129" lon="114.22909055792215"><ele>229.71795742498858</ele><time>2022-05-07T05:13:47Z</time></trkpt><trkpt lat="22.33674063361325" lon="114.22911487194688"><ele>229.83816164349997</ele><time>2022-05-07T05:13:49Z</time></trkpt><trkpt lat="22.336757644742704" lon="114.22912309513983"><ele>229.47802268814675</ele><time>2022-05-07T05:13:52Z</time></trkpt><trkpt lat="22.33677732426843" lon="114.2291414835906"><ele>229.2441907483857</ele><time>2022-05-07T05:13:56Z</time></trkpt><trkpt lat="22.336789469561875" lon="114.2291578401703"><ele>228.9169524981361</ele><time>2022-05-07T05:13:58Z</time></trkpt><trkpt lat="22.336805651042873" lon="114.22917619612025"><ele>228.65108575829169</ele><time>2022-05-07T05:14:02Z</time></trkpt><trkpt lat="22.3368100769467" lon="114.22920106246826"><ele>228.93853778015185</ele><time>2022-05-07T05:14:04Z</time></trkpt><trkpt lat="22.336826242070465" lon="114.22921965231083"><ele>229.41244696689316</ele><time>2022-05-07T05:14:07Z</time></trkpt><trkpt lat="22.336848658866604" lon="114.22924170643806"><ele>229.86637419780396</ele><time>2022-05-07T05:14:09Z</time></trkpt><trkpt lat="22.336870747889375" lon="114.2292567309079"><ele>230.1919877053873</ele><time>2022-05-07T05:14:11Z</time></trkpt><trkpt lat="22.336891091358623" lon="114.22927449728009"><ele>230.60713907831646</ele><time>2022-05-07T05:14:13Z</time></trkpt><trkpt lat="22.336911334400288" lon="114.22928143002626"><ele>231.01719356708284</ele><time>2022-05-07T05:14:15Z</time></trkpt><trkpt lat="22.336929729698006" lon="114.2292948847565"><ele>230.93650957600332</ele><time>2022-05-07T05:14:17Z</time></trkpt><trkpt lat="22.336952238120546" lon="114.22930879180241"><ele>231.48148629774695</ele><time>2022-05-07T05:14:20Z</time></trkpt><trkpt lat="22.336967061398955" lon="114.2293217388508"><ele>231.62217880096017</ele><time>2022-05-07T05:14:22Z</time></trkpt><trkpt lat="22.33698803726479" lon="114.22932919756646"><ele>232.02407257477185</ele><time>2022-05-07T05:14:24Z</time></trkpt><trkpt lat="22.337008524233436" lon="114.22934120546465"><ele>232.4265915034067</ele><time>2022-05-07T05:14:26Z</time></trkpt><trkpt lat="22.33702761643324" lon="114.22935588633857"><ele>232.9450523747552</ele><time>2022-05-07T05:14:28Z</time></trkpt><trkpt lat="22.337051134389455" lon="114.22937626371825"><ele>233.1582688599038</ele><time>2022-05-07T05:14:30Z</time></trkpt><trkpt lat="22.3370749839625" lon="114.22938880932138"><ele>234.2224131019107</ele><time>2022-05-07T05:14:32Z</time></trkpt><trkpt lat="22.33709712577407" lon="114.2294021504076"><ele>235.35437992932086</ele><time>2022-05-07T05:14:34Z</time></trkpt><trkpt lat="22.33711528485561" lon="114.2294163333297"><ele>236.11720870435994</ele><time>2022-05-07T05:14:36Z</time></trkpt><trkpt lat="22.337131666922573" lon="114.22942839492316"><ele>237.12150249124576</ele><time>2022-05-07T05:14:38Z</time></trkpt><trkpt lat="22.337154533739643" lon="114.22943797409337"><ele>238.06597558189068</ele><time>2022-05-07T05:14:40Z</time></trkpt><trkpt lat="22.337176364821254" lon="114.22944143297022"><ele>238.34152836911605</ele><time>2022-05-07T05:14:42Z</time></trkpt><trkpt lat="22.337204562082462" lon="114.22945299970341"><ele>239.2148121353618</ele><time>2022-05-07T05:14:44Z</time></trkpt><trkpt lat="22.337229926955068" lon="114.22947426390563"><ele>239.87448912646482</ele><time>2022-05-07T05:14:46Z</time></trkpt><trkpt lat="22.337249502198066" lon="114.22949794833347"><ele>240.6037499759137</ele><time>2022-05-07T05:14:48Z</time></trkpt><trkpt lat="22.33726916508677" lon="114.2295225926386"><ele>241.1192762933119</ele><time>2022-05-07T05:14:50Z</time></trkpt><trkpt lat="22.337285629482558" lon="114.22953568365607"><ele>241.51079284600178</ele><time>2022-05-07T05:14:52Z</time></trkpt><trkpt lat="22.33730658883767" lon="114.22954257963852"><ele>241.7242597933281</ele><time>2022-05-07T05:14:54Z</time></trkpt><trkpt lat="22.337331928586487" lon="114.22955190327386"><ele>242.19892179174798</ele><time>2022-05-07T05:14:56Z</time></trkpt><trkpt lat="22.337357198275424" lon="114.22956187796628"><ele>242.35860530778243</ele><time>2022-05-07T05:14:58Z</time></trkpt><trkpt lat="22.337379862172448" lon="114.2295774457422"><ele>242.606930186703</ele><time>2022-05-07T05:15:00Z</time></trkpt><trkpt lat="22.337406826993668" lon="114.22958586069875"><ele>242.6421101039641</ele><time>2022-05-07T05:15:02Z</time></trkpt><trkpt lat="22.337434575998206" lon="114.22958786331343"><ele>242.69688527916222</ele><time>2022-05-07T05:15:04Z</time></trkpt><trkpt lat="22.337462487899543" lon="114.22958757752728"><ele>242.88668239598672</ele><time>2022-05-07T05:15:06Z</time></trkpt><trkpt lat="22.33748791010308" lon="114.22958500405375"><ele>243.02986336322866</ele><time>2022-05-07T05:15:08Z</time></trkpt><trkpt lat="22.33751004335121" lon="114.22958067328403"><ele>243.39363078477822</ele><time>2022-05-07T05:15:10Z</time></trkpt><trkpt lat="22.33753161159397" lon="114.22957609945617"><ele>243.5945591271987</ele><time>2022-05-07T05:15:12Z</time></trkpt><trkpt lat="22.337549610395254" lon="114.22957342401266"><ele>243.8339979011388</ele><time>2022-05-07T05:15:14Z</time></trkpt><trkpt lat="22.337574282990648" lon="114.22956971199143"><ele>244.1823080842306</ele><time>2022-05-07T05:15:17Z</time></trkpt><trkpt lat="22.337596739217055" lon="114.22956554084602"><ele>244.43692497540002</ele><time>2022-05-07T05:15:19Z</time></trkpt><trkpt lat="22.337621667501868" lon="114.2295539001759"><ele>244.71593533002414</ele><time>2022-05-07T05:15:21Z</time></trkpt><trkpt lat="22.337646621613953" lon="114.22954188473437"><ele>245.0487103090749</ele><time>2022-05-07T05:15:23Z</time></trkpt><trkpt lat="22.337669683907674" lon="114.22953423545378"><ele>245.28966779386687</ele><time>2022-05-07T05:15:25Z</time></trkpt><trkpt lat="22.33769196141251" lon="114.22953015606144"><ele>245.41922010732307</ele><time>2022-05-07T05:15:27Z</time></trkpt><trkpt lat="22.33771724234533" lon="114.22952253855887"><ele>245.51403714465573</ele><time>2022-05-07T05:15:29Z</time></trkpt><trkpt lat="22.337743094198732" lon="114.2295135000386"><ele>245.72336824193894</ele><time>2022-05-07T05:15:31Z</time></trkpt><trkpt lat="22.337768911667478" lon="114.22950111399913"><ele>245.96797544324738</ele><time>2022-05-07T05:15:33Z</time></trkpt><trkpt lat="22.337790018702105" lon="114.22948912352025"><ele>246.0382250236865</ele><time>2022-05-07T05:15:35Z</time></trkpt><trkpt lat="22.337811088268634" lon="114.2294773733062"><ele>245.88572299560389</ele><time>2022-05-07T05:15:37Z</time></trkpt><trkpt lat="22.337831718610115" lon="114.22946271138187"><ele>246.00063110164655</ele><time>2022-05-07T05:15:39Z</time></trkpt><trkpt lat="22.337849123010738" lon="114.22944636470069"><ele>246.0889396879652</ele><time>2022-05-07T05:15:41Z</time></trkpt><trkpt lat="22.337867729763573" lon="114.22943198998814"><ele>246.1371680839495</ele><time>2022-05-07T05:15:43Z</time></trkpt><trkpt lat="22.337882112162752" lon="114.22941827504671"><ele>246.22877191690483</ele><time>2022-05-07T05:15:45Z</time></trkpt><trkpt lat="22.337900102370373" lon="114.22940344112551"><ele>246.48380517098872</ele><time>2022-05-07T05:15:47Z</time></trkpt><trkpt lat="22.337923517788784" lon="114.22939133049799"><ele>246.75078470363158</ele><time>2022-05-07T05:15:49Z</time></trkpt><trkpt lat="22.337943427802966" lon="114.22937672538612"><ele>247.26464845308197</ele><time>2022-05-07T05:15:51Z</time></trkpt><trkpt lat="22.337958674089823" lon="114.22936482555133"><ele>247.63441733407353</ele><time>2022-05-07T05:15:53Z</time></trkpt><trkpt lat="22.33797205505341" lon="114.22935103401893"><ele>248.04970835641458</ele><time>2022-05-07T05:15:55Z</time></trkpt><trkpt lat="22.337993600440303" lon="114.22934206420766"><ele>248.47843015987056</ele><time>2022-05-07T05:15:57Z</time></trkpt><trkpt lat="22.33801587170831" lon="114.22933229012614"><ele>248.57094306469</ele><time>2022-05-07T05:15:59Z</time></trkpt><trkpt lat="22.33803727504801" lon="114.22932933287063"><ele>248.9712289532884</ele><time>2022-05-07T05:16:01Z</time></trkpt><trkpt lat="22.33806090332557" lon="114.22935714465122"><ele>251.70032651525298</ele><time>2022-05-07T05:16:03Z</time></trkpt><trkpt lat="22.338078199623226" lon="114.22936336141227"><ele>253.45273241685425</ele><time>2022-05-07T05:16:05Z</time></trkpt><trkpt lat="22.338101744382502" lon="114.22936605501863"><ele>254.35072453570154</ele><time>2022-05-07T05:16:07Z</time></trkpt><trkpt lat="22.338125984161042" lon="114.22936295895876"><ele>254.48683598617333</ele><time>2022-05-07T05:16:09Z</time></trkpt><trkpt lat="22.33814948447915" lon="114.2293594181019"><ele>254.6975648943594</ele><time>2022-05-07T05:16:11Z</time></trkpt><trkpt lat="22.33817375843622" lon="114.22935673748832"><ele>255.2321108096516</ele><time>2022-05-07T05:16:14Z</time></trkpt><trkpt lat="22.338193389493874" lon="114.2293478231568"><ele>255.81626113819482</ele><time>2022-05-07T05:16:16Z</time></trkpt><trkpt lat="22.338211551340112" lon="114.2293480286812"><ele>256.2571039342843</ele><time>2022-05-07T05:16:18Z</time></trkpt><trkpt lat="22.338233360974957" lon="114.22934564529264"><ele>256.10005923264157</ele><time>2022-05-07T05:16:20Z</time></trkpt><trkpt lat="22.33825609305055" lon="114.22936572414476"><ele>255.61889221807218</ele><time>2022-05-07T05:16:23Z</time></trkpt><trkpt lat="22.338263828037054" lon="114.22940154656828"><ele>255.51838679128818</ele><time>2022-05-07T05:16:25Z</time></trkpt><trkpt lat="22.338283971619646" lon="114.22942986582953"><ele>255.5516361520676</ele><time>2022-05-07T05:16:27Z</time></trkpt><trkpt lat="22.338305157790934" lon="114.22945127554348"><ele>255.14826317983704</ele><time>2022-05-07T05:16:29Z</time></trkpt><trkpt lat="22.338318585730537" lon="114.22947657605265"><ele>255.27483660212144</ele><time>2022-05-07T05:16:31Z</time></trkpt><trkpt lat="22.338341010181658" lon="114.22949871901744"><ele>255.19223132763082</ele><time>2022-05-07T05:16:33Z</time></trkpt><trkpt lat="22.33836673309061" lon="114.22951196980907"><ele>254.9103032546081</ele><time>2022-05-07T05:16:35Z</time></trkpt><trkpt lat="22.338391600555614" lon="114.22953063740115"><ele>256.5203364964564</ele><time>2022-05-07T05:16:37Z</time></trkpt><trkpt lat="22.338410249466918" lon="114.22954107144594"><ele>256.9562555715654</ele><time>2022-05-07T05:16:39Z</time></trkpt><trkpt lat="22.338422491392375" lon="114.22955861793602"><ele>257.75708183921313</ele><time>2022-05-07T05:16:41Z</time></trkpt><trkpt lat="22.338434868986052" lon="114.22957633249705"><ele>258.6729610346208</ele><time>2022-05-07T05:16:43Z</time></trkpt><trkpt lat="22.33845852787577" lon="114.22959193227715"><ele>260.363474255358</ele><time>2022-05-07T05:16:45Z</time></trkpt><trkpt lat="22.338471518119643" lon="114.2296106695984"><ele>260.5120142647955</ele><time>2022-05-07T05:16:47Z</time></trkpt><trkpt lat="22.338483198034723" lon="114.22962903744339"><ele>260.49593737422026</ele><time>2022-05-07T05:16:49Z</time></trkpt><trkpt lat="22.33849194389369" lon="114.22964695205836"><ele>260.5164120338229</ele><time>2022-05-07T05:16:51Z</time></trkpt><trkpt lat="22.33850350180157" lon="114.22967687368698"><ele>259.6250939897915</ele><time>2022-05-07T05:16:52Z</time></trkpt><trkpt lat="22.33850685853175" lon="114.2297024906336"><ele>259.4806309185571</ele><time>2022-05-07T05:16:54Z</time></trkpt><trkpt lat="22.33850634185426" lon="114.22972520399198"><ele>259.23031477484153</ele><time>2022-05-07T05:16:56Z</time></trkpt><trkpt lat="22.33851092493362" lon="114.22975158703441"><ele>258.71726089267156</ele><time>2022-05-07T05:16:58Z</time></trkpt><trkpt lat="22.338522015595505" lon="114.22977423692396"><ele>258.5556983457465</ele><time>2022-05-07T05:17:00Z</time></trkpt><trkpt lat="22.338530856465457" lon="114.22979583541132"><ele>258.55345714055255</ele><time>2022-05-07T05:17:02Z</time></trkpt><trkpt lat="22.33853427710124" lon="114.22982493596052"><ele>259.6024190871436</ele><time>2022-05-07T05:17:05Z</time></trkpt><trkpt lat="22.338539917006006" lon="114.22984684464613"><ele>260.7052381577746</ele><time>2022-05-07T05:17:07Z</time></trkpt><trkpt lat="22.338547478445548" lon="114.2298678012854"><ele>261.610679988425</ele><time>2022-05-07T05:17:09Z</time></trkpt><trkpt lat="22.338558622191123" lon="114.22988828162214"><ele>262.2920045473248</ele><time>2022-05-07T05:17:11Z</time></trkpt><trkpt lat="22.33856985356451" lon="114.22991012859822"><ele>262.5532925559241</ele><time>2022-05-07T05:17:13Z</time></trkpt><trkpt lat="22.338580949337306" lon="114.22993195850859"><ele>262.5465737863539</ele><time>2022-05-07T05:17:15Z</time></trkpt><trkpt lat="22.33859209633824" lon="114.22994968079999"><ele>262.4455162057834</ele><time>2022-05-07T05:17:17Z</time></trkpt><trkpt lat="22.33860702932453" lon="114.22996181217836"><ele>262.6397685986667</ele><time>2022-05-07T05:17:19Z</time></trkpt><trkpt lat="22.338622657419396" lon="114.22998427967892"><ele>263.5203893665633</ele><time>2022-05-07T05:17:22Z</time></trkpt><trkpt lat="22.338635983542193" lon="114.23000102472199"><ele>263.67902048785214</ele><time>2022-05-07T05:17:24Z</time></trkpt><trkpt lat="22.338644690641882" lon="114.23002079341663"><ele>263.4077075464836</ele><time>2022-05-07T05:17:26Z</time></trkpt><trkpt lat="22.33865361668748" lon="114.23004086191459"><ele>263.3549625177306</ele><time>2022-05-07T05:17:28Z</time></trkpt><trkpt lat="22.33866761918356" lon="114.2300575093627"><ele>263.74793717026955</ele><time>2022-05-07T05:17:30Z</time></trkpt><trkpt lat="22.338685717901832" lon="114.23007326211906"><ele>264.24886974476084</ele><time>2022-05-07T05:17:32Z</time></trkpt><trkpt lat="22.338703251317472" lon="114.23009240973781"><ele>264.6246553292739</ele><time>2022-05-07T05:17:34Z</time></trkpt><trkpt lat="22.338718212925436" lon="114.23011183088269"><ele>265.0955017943235</ele><time>2022-05-07T05:17:36Z</time></trkpt><trkpt lat="22.33873534830354" lon="114.23013118510524"><ele>265.16611024539435</ele><time>2022-05-07T05:17:38Z</time></trkpt><trkpt lat="22.33875544236924" lon="114.23014241786937"><ele>265.2765051787082</ele><time>2022-05-07T05:17:40Z</time></trkpt><trkpt lat="22.338774420623306" lon="114.23015107101558"><ele>265.1519871600412</ele><time>2022-05-07T05:17:42Z</time></trkpt><trkpt lat="22.33879704777708" lon="114.23015470406322"><ele>264.7529755885953</ele><time>2022-05-07T05:17:45Z</time></trkpt><trkpt lat="22.33882338229438" lon="114.23014916588262"><ele>265.40340560778924</ele><time>2022-05-07T05:17:48Z</time></trkpt><trkpt lat="22.33884557240989" lon="114.23014610450461"><ele>266.5261226280515</ele><time>2022-05-07T05:17:51Z</time></trkpt><trkpt lat="22.338864954565448" lon="114.2301450034403"><ele>267.25205773464603</ele><time>2022-05-07T05:17:54Z</time></trkpt><trkpt lat="22.338890986084643" lon="114.23013723198527"><ele>267.41401824024314</ele><time>2022-05-07T05:17:57Z</time></trkpt><trkpt lat="22.33891108208312" lon="114.2301388466797"><ele>267.47493119679405</ele><time>2022-05-07T05:18:04Z</time></trkpt><trkpt lat="22.33893729056252" lon="114.23014464295889"><ele>266.91860108909356</ele><time>2022-05-07T05:18:06Z</time></trkpt><trkpt lat="22.338967708979332" lon="114.23014294334713"><ele>267.28734426287</ele><time>2022-05-07T05:18:08Z</time></trkpt><trkpt lat="22.338991352296286" lon="114.23013561274739"><ele>267.4864161804504</ele><time>2022-05-07T05:18:10Z</time></trkpt><trkpt lat="22.339012055494265" lon="114.23012815546468"><ele>267.47550674955</ele><time>2022-05-07T05:18:11Z</time></trkpt><trkpt lat="22.33903257992771" lon="114.23011353323763"><ele>267.34685488027117</ele><time>2022-05-07T05:18:13Z</time></trkpt><trkpt lat="22.339054052726578" lon="114.2301057482753"><ele>267.7642960494793</ele><time>2022-05-07T05:18:15Z</time></trkpt><trkpt lat="22.339076634465094" lon="114.23008852439331"><ele>268.06614545676155</ele><time>2022-05-07T05:18:17Z</time></trkpt><trkpt lat="22.339092300436604" lon="114.23006916401778"><ele>268.13700779533116</ele><time>2022-05-07T05:18:20Z</time></trkpt><trkpt lat="22.339101011445408" lon="114.23005092975926"><ele>268.5090543926869</ele><time>2022-05-07T05:18:22Z</time></trkpt><trkpt lat="22.33911185363183" lon="114.23003397508734"><ele>268.84006382378413</ele><time>2022-05-07T05:18:25Z</time></trkpt><trkpt lat="22.339132357278796" lon="114.23002880883855"><ele>268.09236753746075</ele><time>2022-05-07T05:18:29Z</time></trkpt><trkpt lat="22.33915389984607" lon="114.23002596083022"><ele>267.73385301076917</ele><time>2022-05-07T05:18:31Z</time></trkpt><trkpt lat="22.33917434068762" lon="114.23002756400385"><ele>267.2909514871097</ele><time>2022-05-07T05:18:33Z</time></trkpt><trkpt lat="22.33919632071663" lon="114.23002775328524"><ele>266.8614449221483</ele><time>2022-05-07T05:18:35Z</time></trkpt><trkpt lat="22.339215449548153" lon="114.23003736678909"><ele>266.46279577985337</ele><time>2022-05-07T05:18:37Z</time></trkpt><trkpt lat="22.339233825053604" lon="114.23003318425395"><ele>266.46728549807847</ele><time>2022-05-07T05:18:39Z</time></trkpt><trkpt lat="22.339253713269144" lon="114.230029630782"><ele>266.78741827741817</ele><time>2022-05-07T05:18:41Z</time></trkpt><trkpt lat="22.33928004413087" lon="114.23002398584558"><ele>267.0779073102389</ele><time>2022-05-07T05:18:43Z</time></trkpt><trkpt lat="22.33930224337819" lon="114.23002009349445"><ele>267.5160220583726</ele><time>2022-05-07T05:18:45Z</time></trkpt><trkpt lat="22.33932487657565" lon="114.23002447885412"><ele>268.31590076297044</ele><time>2022-05-07T05:18:47Z</time></trkpt><trkpt lat="22.33934721699173" lon="114.23002681015095"><ele>269.0382515428648</ele><time>2022-05-07T05:18:49Z</time></trkpt><trkpt lat="22.339371931679082" lon="114.23002698605018"><ele>269.32196685403073</ele><time>2022-05-07T05:18:51Z</time></trkpt><trkpt lat="22.339393378238764" lon="114.23002813946016"><ele>269.26713034179716</ele><time>2022-05-07T05:18:53Z</time></trkpt><trkpt lat="22.33941470433656" lon="114.23002032736107"><ele>269.0602074160293</ele><time>2022-05-07T05:18:55Z</time></trkpt><trkpt lat="22.339439931163607" lon="114.23001591238153"><ele>269.0760650234957</ele><time>2022-05-07T05:18:57Z</time></trkpt><trkpt lat="22.339466913605435" lon="114.230009390806"><ele>269.3687666557816</ele><time>2022-05-07T05:18:59Z</time></trkpt><trkpt lat="22.339488358297462" lon="114.22999763226659"><ele>269.2894937809705</ele><time>2022-05-07T05:19:01Z</time></trkpt><trkpt lat="22.339512822388038" lon="114.2299830169461"><ele>269.0986281714117</ele><time>2022-05-07T05:19:03Z</time></trkpt><trkpt lat="22.33953466903006" lon="114.22996900704085"><ele>269.0385427039115</ele><time>2022-05-07T05:19:05Z</time></trkpt><trkpt lat="22.339554647270706" lon="114.22996182235588"><ele>268.97699361938334</ele><time>2022-05-07T05:19:07Z</time></trkpt><trkpt lat="22.339579401961906" lon="114.22995680751346"><ele>269.140863123053</ele><time>2022-05-07T05:19:09Z</time></trkpt><trkpt lat="22.3396019753331" lon="114.22995206247296"><ele>268.9542820549828</ele><time>2022-05-07T05:19:11Z</time></trkpt><trkpt lat="22.339624174899097" lon="114.22994638670654"><ele>269.11045868704275</ele><time>2022-05-07T05:19:13Z</time></trkpt><trkpt lat="22.339660072771895" lon="114.22994159490544"><ele>271.7502500544533</ele><time>2022-05-07T05:19:14Z</time></trkpt><trkpt lat="22.339683796033167" lon="114.22993428545588"><ele>271.6754560649512</ele><time>2022-05-07T05:19:16Z</time></trkpt><trkpt lat="22.339702876661082" lon="114.22993109266507"><ele>271.43806866215107</ele><time>2022-05-07T05:19:18Z</time></trkpt><trkpt lat="22.339727646331447" lon="114.22991970941088"><ele>271.601457496943</ele><time>2022-05-07T05:19:21Z</time></trkpt><trkpt lat="22.33974347038645" lon="114.22990807482468"><ele>271.7963523549614</ele><time>2022-05-07T05:19:23Z</time></trkpt><trkpt lat="22.339759331582094" lon="114.2298871905343"><ele>272.1204364845025</ele><time>2022-05-07T05:19:26Z</time></trkpt><trkpt lat="22.339768191291334" lon="114.22986605897509"><ele>272.55546509433947</ele><time>2022-05-07T05:19:28Z</time></trkpt><trkpt lat="22.33977247060291" lon="114.22984572065273"><ele>272.86512832180466</ele><time>2022-05-07T05:19:30Z</time></trkpt><trkpt lat="22.339771451358338" lon="114.22982189015814"><ele>272.9863974606009</ele><time>2022-05-07T05:19:32Z</time></trkpt><trkpt lat="22.33976549763202" lon="114.22979537748097"><ele>272.9813918098078</ele><time>2022-05-07T05:19:34Z</time></trkpt><trkpt lat="22.339753563243594" lon="114.22977023676917"><ele>273.06125452956786</ele><time>2022-05-07T05:19:36Z</time></trkpt><trkpt lat="22.339741545367733" lon="114.22975361280174"><ele>273.26314173506216</ele><time>2022-05-07T05:19:38Z</time></trkpt><trkpt lat="22.339728401213428" lon="114.22973883401808"><ele>273.6750220656561</ele><time>2022-05-07T05:19:40Z</time></trkpt><trkpt lat="22.33971319539346" lon="114.22972143180297"><ele>274.03344728778836</ele><time>2022-05-07T05:19:42Z</time></trkpt><trkpt lat="22.339690728360484" lon="114.22970463420181"><ele>274.69580187944024</ele><time>2022-05-07T05:19:44Z</time></trkpt><trkpt lat="22.33967031740703" lon="114.22969181275411"><ele>274.92376955410623</ele><time>2022-05-07T05:19:46Z</time></trkpt><trkpt lat="22.33965093275425" lon="114.22967643441945"><ele>275.2414205979572</ele><time>2022-05-07T05:19:48Z</time></trkpt><trkpt lat="22.339634154613403" lon="114.22965878747347"><ele>275.7006169029578</ele><time>2022-05-07T05:19:50Z</time></trkpt><trkpt lat="22.339619776660765" lon="114.22964232198314"><ele>276.10759067246244</ele><time>2022-05-07T05:19:52Z</time></trkpt><trkpt lat="22.339608428584782" lon="114.2296264912298"><ele>276.33468235716146</ele><time>2022-05-07T05:19:54Z</time></trkpt><trkpt lat="22.33959596647477" lon="114.22961041767739"><ele>276.2456778956893</ele><time>2022-05-07T05:19:56Z</time></trkpt><trkpt lat="22.33958020771502" lon="114.22958910096246"><ele>276.4837420081069</ele><time>2022-05-07T05:19:59Z</time></trkpt><trkpt lat="22.339567521397672" lon="114.22957388462137"><ele>276.94644033195004</ele><time>2022-05-07T05:20:01Z</time></trkpt><trkpt lat="22.339560121106583" lon="114.22955570875142"><ele>277.66660276458913</ele><time>2022-05-07T05:20:03Z</time></trkpt><trkpt lat="22.339559700263553" lon="114.2295347066603"><ele>278.26505852470547</ele><time>2022-05-07T05:20:05Z</time></trkpt><trkpt lat="22.339562004803426" lon="114.22951064870549"><ele>278.7714172945593</ele><time>2022-05-07T05:20:07Z</time></trkpt><trkpt lat="22.339564847474513" lon="114.22948432108512"><ele>279.37467316217226</ele><time>2022-05-07T05:20:10Z</time></trkpt><trkpt lat="22.33957139796557" lon="114.22946515385493"><ele>279.7205498020986</ele><time>2022-05-07T05:20:13Z</time></trkpt><trkpt lat="22.339583329731134" lon="114.22944943229793"><ele>280.18825563679667</ele><time>2022-05-07T05:20:15Z</time></trkpt><trkpt lat="22.339589203461795" lon="114.2294298389728"><ele>280.6119394567751</ele><time>2022-05-07T05:20:17Z</time></trkpt><trkpt lat="22.339600435450873" lon="114.22941433462327"><ele>281.26179443748606</ele><time>2022-05-07T05:20:19Z</time></trkpt><trkpt lat="22.339619030777662" lon="114.22939777521404"><ele>281.61395206421076</ele><time>2022-05-07T05:20:21Z</time></trkpt><trkpt lat="22.33963778085761" lon="114.2293736328463"><ele>282.2810331754141</ele><time>2022-05-07T05:20:23Z</time></trkpt><trkpt lat="22.339660263481896" lon="114.22935232757139"><ele>282.79285257308754</ele><time>2022-05-07T05:20:25Z</time></trkpt><trkpt lat="22.339677178795238" lon="114.22933897723125"><ele>283.27718665279644</ele><time>2022-05-07T05:20:27Z</time></trkpt><trkpt lat="22.339691533971706" lon="114.22932485602097"><ele>283.31909770624316</ele><time>2022-05-07T05:20:29Z</time></trkpt><trkpt lat="22.3397096678203" lon="114.22930913985239"><ele>283.3827112371289</ele><time>2022-05-07T05:20:31Z</time></trkpt><trkpt lat="22.33973192934231" lon="114.2292884978631"><ele>283.64223714758714</ele><time>2022-05-07T05:20:33Z</time></trkpt><trkpt lat="22.339756058769048" lon="114.22926970950357"><ele>283.9253271953722</ele><time>2022-05-07T05:20:35Z</time></trkpt><trkpt lat="22.339780025512468" lon="114.22925312334995"><ele>284.493207198462</ele><time>2022-05-07T05:20:37Z</time></trkpt><trkpt lat="22.339798795231474" lon="114.22924716859764"><ele>284.71390170983744</ele><time>2022-05-07T05:20:39Z</time></trkpt><trkpt lat="22.33981877796362" lon="114.22924185701045"><ele>284.9646991110973</ele><time>2022-05-07T05:20:41Z</time></trkpt><trkpt lat="22.339839429496372" lon="114.22923639438399"><ele>285.3726670952873</ele><time>2022-05-07T05:20:43Z</time></trkpt><trkpt lat="22.339862196259087" lon="114.22922712167903"><ele>286.135208070782</ele><time>2022-05-07T05:20:45Z</time></trkpt><trkpt lat="22.339887058525395" lon="114.22921748647418"><ele>286.4585778192718</ele><time>2022-05-07T05:20:47Z</time></trkpt><trkpt lat="22.339910644141472" lon="114.22920448725787"><ele>286.4922840116149</ele><time>2022-05-07T05:20:49Z</time></trkpt><trkpt lat="22.33993007869327" lon="114.22919000595613"><ele>286.9980889771659</ele><time>2022-05-07T05:20:51Z</time></trkpt><trkpt lat="22.339950562517082" lon="114.229177011402"><ele>287.05974584367755</ele><time>2022-05-07T05:20:53Z</time></trkpt><trkpt lat="22.33997068721547" lon="114.22916952221449"><ele>286.8781579226707</ele><time>2022-05-07T05:20:55Z</time></trkpt><trkpt lat="22.33999147200543" lon="114.22916467495374"><ele>286.8709251203568</ele><time>2022-05-07T05:20:57Z</time></trkpt><trkpt lat="22.34001128560695" lon="114.2291586713679"><ele>286.7306501497065</ele><time>2022-05-07T05:20:59Z</time></trkpt><trkpt lat="22.340033905030232" lon="114.22915003061007"><ele>286.6487542802857</ele><time>2022-05-07T05:21:01Z</time></trkpt><trkpt lat="22.34005302174922" lon="114.22914334832743"><ele>286.5668705057656</ele><time>2022-05-07T05:21:03Z</time></trkpt><trkpt lat="22.340076970854007" lon="114.229137290472"><ele>286.36912723124567</ele><time>2022-05-07T05:21:05Z</time></trkpt><trkpt lat="22.340102615112322" lon="114.22913780918117"><ele>286.344829503196</ele><time>2022-05-07T05:21:07Z</time></trkpt><trkpt lat="22.340126601298056" lon="114.22913946344562"><ele>286.5030957801623</ele><time>2022-05-07T05:21:09Z</time></trkpt><trkpt lat="22.340150041491025" lon="114.2291422316419"><ele>286.55213386344315</ele><time>2022-05-07T05:21:11Z</time></trkpt><trkpt lat="22.340167899899445" lon="114.22913566366789"><ele>286.43291754686976</ele><time>2022-05-07T05:21:13Z</time></trkpt><trkpt lat="22.340184456787522" lon="114.22912724200651"><ele>286.994004656782</ele><time>2022-05-07T05:21:30Z</time></trkpt><trkpt lat="22.340210996837452" lon="114.22911554996476"><ele>286.6858487488058</ele><time>2022-05-07T05:21:32Z</time></trkpt><trkpt lat="22.340230245427854" lon="114.2291046091286"><ele>286.1702643348996</ele><time>2022-05-07T05:21:34Z</time></trkpt><trkpt lat="22.34025015896868" lon="114.22909085801402"><ele>285.5733822359195</ele><time>2022-05-07T05:21:37Z</time></trkpt><trkpt lat="22.340280237734138" lon="114.2290941022361"><ele>285.6325879270405</ele><time>2022-05-07T05:21:40Z</time></trkpt><trkpt lat="22.340308842299166" lon="114.22908793557517"><ele>285.514346906017</ele><time>2022-05-07T05:21:42Z</time></trkpt><trkpt lat="22.340332999098564" lon="114.22907625510177"><ele>285.49932959712197</ele><time>2022-05-07T05:21:44Z</time></trkpt><trkpt lat="22.340352615463978" lon="114.22907122806643"><ele>285.5258332214641</ele><time>2022-05-07T05:21:46Z</time></trkpt><trkpt lat="22.340370845711888" lon="114.22906028219225"><ele>285.5073291613754</ele><time>2022-05-07T05:21:48Z</time></trkpt><trkpt lat="22.340394062630754" lon="114.22904746283075"><ele>285.19295629550555</ele><time>2022-05-07T05:21:50Z</time></trkpt><trkpt lat="22.3404162574942" lon="114.22902919304474"><ele>285.09758547078275</ele><time>2022-05-07T05:21:52Z</time></trkpt><trkpt lat="22.340433937845592" lon="114.22901341043331"><ele>285.1637310965712</ele><time>2022-05-07T05:21:54Z</time></trkpt><trkpt lat="22.34045232069641" lon="114.22899630985611"><ele>285.01126805586466</ele><time>2022-05-07T05:21:56Z</time></trkpt><trkpt lat="22.340469551765892" lon="114.22898178072232"><ele>285.73901039489493</ele><time>2022-05-07T05:21:58Z</time></trkpt><trkpt lat="22.340489079216802" lon="114.22896502636722"><ele>286.22221504576606</ele><time>2022-05-07T05:22:00Z</time></trkpt><trkpt lat="22.34050774731064" lon="114.22895147577992"><ele>286.41797500574904</ele><time>2022-05-07T05:22:02Z</time></trkpt><trkpt lat="22.340524144871083" lon="114.22894113083657"><ele>286.73626063077154</ele><time>2022-05-07T05:22:04Z</time></trkpt><trkpt lat="22.34054305265451" lon="114.22893058595922"><ele>286.9100409214216</ele><time>2022-05-07T05:22:06Z</time></trkpt><trkpt lat="22.340565486622335" lon="114.22891641575556"><ele>287.29444846374093</ele><time>2022-05-07T05:22:08Z</time></trkpt><trkpt lat="22.34058587368625" lon="114.2289050090253"><ele>287.3950224952656</ele><time>2022-05-07T05:22:10Z</time></trkpt><trkpt lat="22.340604742701824" lon="114.22889551369379"><ele>287.5247998570849</ele><time>2022-05-07T05:22:12Z</time></trkpt><trkpt lat="22.3406187424762" lon="114.22888183328256"><ele>287.4859461295846</ele><time>2022-05-07T05:22:14Z</time></trkpt><trkpt lat="22.340637404501187" lon="114.228866683123"><ele>286.80727439411373</ele><time>2022-05-07T05:22:16Z</time></trkpt><trkpt lat="22.340659380480744" lon="114.22885373218976"><ele>286.17477367040044</ele><time>2022-05-07T05:22:18Z</time></trkpt><trkpt lat="22.340681821148074" lon="114.22884102013724"><ele>285.5825282841617</ele><time>2022-05-07T05:22:20Z</time></trkpt><trkpt lat="22.340705500931914" lon="114.22883134689603"><ele>285.3109001860644</ele><time>2022-05-07T05:22:22Z</time></trkpt><trkpt lat="22.34072656144558" lon="114.22882084075778"><ele>285.6104572060826</ele><time>2022-05-07T05:22:24Z</time></trkpt><trkpt lat="22.340749150178222" lon="114.22880724503585"><ele>285.98836343057104</ele><time>2022-05-07T05:22:26Z</time></trkpt><trkpt lat="22.34076728349291" lon="114.22878752532685"><ele>286.2645501800931</ele><time>2022-05-07T05:22:28Z</time></trkpt><trkpt lat="22.340783495764537" lon="114.22876804408398"><ele>286.2696515992789</ele><time>2022-05-07T05:22:30Z</time></trkpt><trkpt lat="22.340798177689674" lon="114.22875384960376"><ele>286.37258310264605</ele><time>2022-05-07T05:22:32Z</time></trkpt><trkpt lat="22.34081847704897" lon="114.22874268369333"><ele>286.493447537639</ele><time>2022-05-07T05:22:34Z</time></trkpt><trkpt lat="22.34083737344633" lon="114.2287326993386"><ele>286.89362701111355</ele><time>2022-05-07T05:22:36Z</time></trkpt><trkpt lat="22.340855331857174" lon="114.22872254727977"><ele>286.81344636815817</ele><time>2022-05-07T05:22:38Z</time></trkpt><trkpt lat="22.340870348642838" lon="114.22871024445521"><ele>287.13245926994796</ele><time>2022-05-07T05:22:40Z</time></trkpt><trkpt lat="22.34088160900286" lon="114.22869411152506"><ele>287.14658263072585</ele><time>2022-05-07T05:22:42Z</time></trkpt><trkpt lat="22.340893662801626" lon="114.22867545177824"><ele>287.2763538886143</ele><time>2022-05-07T05:22:44Z</time></trkpt><trkpt lat="22.340908096572793" lon="114.22865962727275"><ele>287.27897053621837</ele><time>2022-05-07T05:22:47Z</time></trkpt><trkpt lat="22.34092161632018" lon="114.22864396915344"><ele>287.6417297664109</ele><time>2022-05-07T05:22:50Z</time></trkpt><trkpt lat="22.340935093067404" lon="114.22862230615965"><ele>288.01379766795475</ele><time>2022-05-07T05:22:53Z</time></trkpt><trkpt lat="22.34093946335842" lon="114.22860169375706"><ele>288.2049008705237</ele><time>2022-05-07T05:22:55Z</time></trkpt><trkpt lat="22.34094722942932" lon="114.22858342215503"><ele>288.1241862342827</ele><time>2022-05-07T05:22:57Z</time></trkpt><trkpt lat="22.340960997214424" lon="114.22856765978423"><ele>288.43553003928383</ele><time>2022-05-07T05:22:59Z</time></trkpt><trkpt lat="22.340974255265834" lon="114.22855069235884"><ele>288.8967331789551</ele><time>2022-05-07T05:23:01Z</time></trkpt><trkpt lat="22.340987369991826" lon="114.22852883278513"><ele>288.89454669984224</ele><time>2022-05-07T05:23:03Z</time></trkpt><trkpt lat="22.341000184120507" lon="114.22850709778366"><ele>288.64453746265826</ele><time>2022-05-07T05:23:05Z</time></trkpt><trkpt lat="22.341020758958617" lon="114.2284876978439"><ele>288.35467032988197</ele><time>2022-05-07T05:23:08Z</time></trkpt><trkpt lat="22.34102950193082" lon="114.22846569719412"><ele>288.2416183230501</ele><time>2022-05-07T05:23:10Z</time></trkpt><trkpt lat="22.34103616154267" lon="114.22844361155241"><ele>288.436731789141</ele><time>2022-05-07T05:23:13Z</time></trkpt><trkpt lat="22.34104581732591" lon="114.22841939654981"><ele>289.326296387177</ele><time>2022-05-07T05:23:16Z</time></trkpt><trkpt lat="22.341053587047185" lon="114.22839768248394"><ele>290.2633690207909</ele><time>2022-05-07T05:23:18Z</time></trkpt><trkpt lat="22.341056110244384" lon="114.22837558568655"><ele>290.92752217929996</ele><time>2022-05-07T05:23:20Z</time></trkpt><trkpt lat="22.34106319495596" lon="114.22835455409519"><ele>291.0910930173019</ele><time>2022-05-07T05:23:22Z</time></trkpt><trkpt lat="22.341065293512838" lon="114.22832867711635"><ele>290.4617775013337</ele><time>2022-05-07T05:23:24Z</time></trkpt><trkpt lat="22.341071650253436" lon="114.22830265937662"><ele>289.8049136473572</ele><time>2022-05-07T05:23:26Z</time></trkpt><trkpt lat="22.341080600595742" lon="114.2282823743562"><ele>289.5500184810454</ele><time>2022-05-07T05:23:28Z</time></trkpt><trkpt lat="22.34109120352295" lon="114.22826329957572"><ele>289.6953942597495</ele><time>2022-05-07T05:23:30Z</time></trkpt><trkpt lat="22.34110097750483" lon="114.22824276895614"><ele>290.3423992397967</ele><time>2022-05-07T05:23:32Z</time></trkpt><trkpt lat="22.341109738544457" lon="114.2282236185565"><ele>290.64590142809743</ele><time>2022-05-07T05:23:34Z</time></trkpt><trkpt lat="22.3411236043678" lon="114.22820105409798"><ele>291.3068000556202</ele><time>2022-05-07T05:23:36Z</time></trkpt><trkpt lat="22.341139827715832" lon="114.2281837317462"><ele>292.48899815167294</ele><time>2022-05-07T05:23:38Z</time></trkpt><trkpt lat="22.3411574319971" lon="114.22816242476961"><ele>293.07360177573577</ele><time>2022-05-07T05:23:40Z</time></trkpt><trkpt lat="22.34117025896591" lon="114.22814432995422"><ele>293.1158847755934</ele><time>2022-05-07T05:23:42Z</time></trkpt><trkpt lat="22.34118283099972" lon="114.22812066062421"><ele>293.2851436174392</ele><time>2022-05-07T05:23:44Z</time></trkpt><trkpt lat="22.34119989076126" lon="114.22809577853081"><ele>293.64747159413065</ele><time>2022-05-07T05:23:47Z</time></trkpt><trkpt lat="22.341215918498637" lon="114.22807489638487"><ele>294.4276129120229</ele><time>2022-05-07T05:23:49Z</time></trkpt><trkpt lat="22.341233876116487" lon="114.22805222207967"><ele>295.6828586945983</ele><time>2022-05-07T05:23:51Z</time></trkpt><trkpt lat="22.34124860015639" lon="114.22803391703461"><ele>297.0102357561103</ele><time>2022-05-07T05:23:53Z</time></trkpt><trkpt lat="22.341269945821292" lon="114.22801759749585"><ele>298.4084282529232</ele><time>2022-05-07T05:23:55Z</time></trkpt><trkpt lat="22.341286712644234" lon="114.22800171846806"><ele>299.043381106223</ele><time>2022-05-07T05:23:57Z</time></trkpt><trkpt lat="22.341301473215182" lon="114.22798917593794"><ele>299.34705455776134</ele><time>2022-05-07T05:23:59Z</time></trkpt><trkpt lat="22.34132388913153" lon="114.22798049386289"><ele>300.0727635961809</ele><time>2022-05-07T05:24:02Z</time></trkpt><trkpt lat="22.34134242892765" lon="114.22797963172007"><ele>300.72406159635136</ele><time>2022-05-07T05:24:04Z</time></trkpt><trkpt lat="22.34136045964184" lon="114.22797504548382"><ele>302.0373911396437</ele><time>2022-05-07T05:24:07Z</time></trkpt><trkpt lat="22.34137768186672" lon="114.22796615901794"><ele>302.5289116552462</ele><time>2022-05-07T05:24:09Z</time></trkpt><trkpt lat="22.341396831218855" lon="114.22796041157656"><ele>302.65755457649846</ele><time>2022-05-07T05:24:11Z</time></trkpt><trkpt lat="22.341412572573272" lon="114.22795020802445"><ele>302.77130689366663</ele><time>2022-05-07T05:24:13Z</time></trkpt><trkpt lat="22.34143148855212" lon="114.22795179990594"><ele>303.2739096912797</ele><time>2022-05-07T05:24:15Z</time></trkpt><trkpt lat="22.341461854534035" lon="114.2279480705506"><ele>303.38058054139213</ele><time>2022-05-07T05:24:17Z</time></trkpt><trkpt lat="22.341484749695752" lon="114.22795423686212"><ele>303.5395391560956</ele><time>2022-05-07T05:24:19Z</time></trkpt><trkpt lat="22.341511565397024" lon="114.22795574511494"><ele>303.5603618873029</ele><time>2022-05-07T05:24:22Z</time></trkpt><trkpt lat="22.34153160037247" lon="114.22795662484238"><ele>304.0257286535227</ele><time>2022-05-07T05:24:24Z</time></trkpt><trkpt lat="22.34155646492335" lon="114.22796082111437"><ele>303.63989584880756</ele><time>2022-05-07T05:24:27Z</time></trkpt><trkpt lat="22.34157765509014" lon="114.22796564020456"><ele>303.9781474271017</ele><time>2022-05-07T05:24:30Z</time></trkpt><trkpt lat="22.34160159360173" lon="114.22797026568631"><ele>304.4328080717855</ele><time>2022-05-07T05:24:34Z</time></trkpt><trkpt lat="22.341628359777445" lon="114.22796403930423"><ele>305.1910362448251</ele><time>2022-05-07T05:24:37Z</time></trkpt><trkpt lat="22.341649177534773" lon="114.22796811619422"><ele>305.81280465904894</ele><time>2022-05-07T05:24:39Z</time></trkpt><trkpt lat="22.34167101824303" lon="114.22796693261272"><ele>305.61596239501466</ele><time>2022-05-07T05:24:41Z</time></trkpt><trkpt lat="22.34169555249257" lon="114.22796996532895"><ele>305.8692244325824</ele><time>2022-05-07T05:24:43Z</time></trkpt><trkpt lat="22.341721402198676" lon="114.2279680493047"><ele>305.87440135382224</ele><time>2022-05-07T05:24:45Z</time></trkpt><trkpt lat="22.341747430954964" lon="114.22796062927996"><ele>305.874258652317</ele><time>2022-05-07T05:24:47Z</time></trkpt><trkpt lat="22.34177035326904" lon="114.22795588449088"><ele>306.05396154078346</ele><time>2022-05-07T05:24:49Z</time></trkpt><trkpt lat="22.34179274475156" lon="114.22794448508292"><ele>306.5585486507439</ele><time>2022-05-07T05:24:52Z</time></trkpt><trkpt lat="22.341815065204194" lon="114.22793581965206"><ele>306.9283751415314</ele><time>2022-05-07T05:24:55Z</time></trkpt><trkpt lat="22.341833977412694" lon="114.22792735109596"><ele>307.1052363388253</ele><time>2022-05-07T05:24:57Z</time></trkpt><trkpt lat="22.341858529786336" lon="114.22792073020354"><ele>307.8961380415563</ele><time>2022-05-07T05:25:00Z</time></trkpt><trkpt lat="22.341877865915567" lon="114.227914857286"><ele>308.43526604319726</ele><time>2022-05-07T05:25:02Z</time></trkpt><trkpt lat="22.341896286045436" lon="114.22790970830839"><ele>308.8890579317157</ele><time>2022-05-07T05:25:04Z</time></trkpt><trkpt lat="22.341918803339976" lon="114.22790074591116"><ele>308.93795142096826</ele><time>2022-05-07T05:25:07Z</time></trkpt><trkpt lat="22.341939098536102" lon="114.22789086059689"><ele>309.03309470527853</ele><time>2022-05-07T05:25:11Z</time></trkpt><trkpt lat="22.341959275218304" lon="114.227883215236"><ele>308.68710634156065</ele><time>2022-05-07T05:25:14Z</time></trkpt><trkpt lat="22.341982651460796" lon="114.22787033714256"><ele>308.8623379234501</ele><time>2022-05-07T05:25:17Z</time></trkpt><trkpt lat="22.34200953429041" lon="114.22786689763788"><ele>309.5157301959338</ele><time>2022-05-07T05:25:19Z</time></trkpt><trkpt lat="22.34203018286193" lon="114.22785941948288"><ele>310.0370513683542</ele><time>2022-05-07T05:25:21Z</time></trkpt><trkpt lat="22.34204859827754" lon="114.22784536409536"><ele>310.41753662438606</ele><time>2022-05-07T05:25:23Z</time></trkpt><trkpt lat="22.3420642079398" lon="114.22783457984126"><ele>311.1294566805917</ele><time>2022-05-07T05:25:25Z</time></trkpt><trkpt lat="22.34208519485801" lon="114.22782270388359"><ele>311.4905470513227</ele><time>2022-05-07T05:25:27Z</time></trkpt><trkpt lat="22.34210877174249" lon="114.2278113713794"><ele>312.0705263860664</ele><time>2022-05-07T05:25:29Z</time></trkpt><trkpt lat="22.342131106776357" lon="114.22780233206026"><ele>312.4747475883736</ele><time>2022-05-07T05:25:31Z</time></trkpt><trkpt lat="22.34214936112169" lon="114.22779602803244"><ele>312.89138319591757</ele><time>2022-05-07T05:25:33Z</time></trkpt><trkpt lat="22.342171907274437" lon="114.22779005588677"><ele>313.4255503399053</ele><time>2022-05-07T05:25:35Z</time></trkpt><trkpt lat="22.342192511472444" lon="114.22778973057174"><ele>313.9172536601586</ele><time>2022-05-07T05:25:37Z</time></trkpt><trkpt lat="22.342212365737183" lon="114.22779094349316"><ele>314.33788104545397</ele><time>2022-05-07T05:25:39Z</time></trkpt><trkpt lat="22.34223616211635" lon="114.22779170137304"><ele>314.61285098574336</ele><time>2022-05-07T05:25:41Z</time></trkpt><trkpt lat="22.342260289615755" lon="114.22779577664137"><ele>315.1823098333717</ele><time>2022-05-07T05:25:43Z</time></trkpt><trkpt lat="22.342283744894228" lon="114.22780341127597"><ele>315.5496020370818</ele><time>2022-05-07T05:25:45Z</time></trkpt><trkpt lat="22.342304260913476" lon="114.22781181013644"><ele>316.137654918347</ele><time>2022-05-07T05:25:47Z</time></trkpt><trkpt lat="22.34232457529279" lon="114.22781388113903"><ele>316.5822637999541</ele><time>2022-05-07T05:25:49Z</time></trkpt><trkpt lat="22.34234460466381" lon="114.22782055032071"><ele>316.97675094125617</ele><time>2022-05-07T05:25:51Z</time></trkpt><trkpt lat="22.342358768464006" lon="114.22783353218064"><ele>317.9818981082518</ele><time>2022-05-07T05:25:53Z</time></trkpt><trkpt lat="22.342371793611164" lon="114.22785194075975"><ele>318.2915223414972</ele><time>2022-05-07T05:25:56Z</time></trkpt><trkpt lat="22.342384826519446" lon="114.22786817504492"><ele>318.1663759130876</ele><time>2022-05-07T05:25:58Z</time></trkpt><trkpt lat="22.34240043885487" lon="114.22788144983316"><ele>318.3300063021406</ele><time>2022-05-07T05:26:00Z</time></trkpt><trkpt lat="22.342417257550117" lon="114.22789657702751"><ele>318.4510661308358</ele><time>2022-05-07T05:26:03Z</time></trkpt><trkpt lat="22.342430102746253" lon="114.22792210957866"><ele>318.8850994850661</ele><time>2022-05-07T05:26:07Z</time></trkpt><trkpt lat="22.34244932148049" lon="114.22794038908522"><ele>319.12235184487344</ele><time>2022-05-07T05:26:10Z</time></trkpt><trkpt lat="22.342463150873577" lon="114.2279600081667"><ele>319.3078417352746</ele><time>2022-05-07T05:26:12Z</time></trkpt><trkpt lat="22.342480091353007" lon="114.22797036917355"><ele>320.2460199311561</ele><time>2022-05-07T05:26:15Z</time></trkpt><trkpt lat="22.342491458942746" lon="114.22799138990949"><ele>320.234890055561</ele><time>2022-05-07T05:26:21Z</time></trkpt><trkpt lat="22.342501095908535" lon="114.22800848367164"><ele>320.4199286634027</ele><time>2022-05-07T05:26:23Z</time></trkpt><trkpt lat="22.342518093547" lon="114.22802872034062"><ele>320.23111415810024</ele><time>2022-05-07T05:26:26Z</time></trkpt><trkpt lat="22.34253873422737" lon="114.22803682980616"><ele>320.3754963056784</ele><time>2022-05-07T05:26:29Z</time></trkpt><trkpt lat="22.342553848179932" lon="114.22805336841866"><ele>320.5909275133056</ele><time>2022-05-07T05:26:32Z</time></trkpt><trkpt lat="22.342581201895527" lon="114.22805181368686"><ele>320.5676790893076</ele><time>2022-05-07T05:26:34Z</time></trkpt><trkpt lat="22.342599553378097" lon="114.22806712272441"><ele>320.1925288402286</ele><time>2022-05-07T05:26:36Z</time></trkpt><trkpt lat="22.342618210559316" lon="114.22808211285687"><ele>319.61783431950295</ele><time>2022-05-07T05:26:38Z</time></trkpt><trkpt lat="22.342632720430426" lon="114.22810479013455"><ele>319.9159315150993</ele><time>2022-05-07T05:26:40Z</time></trkpt><trkpt lat="22.34264985483934" lon="114.22812905797848"><ele>320.39689668948756</ele><time>2022-05-07T05:26:42Z</time></trkpt><trkpt lat="22.34267115878754" lon="114.22814333016578"><ele>320.9222729024725</ele><time>2022-05-07T05:26:44Z</time></trkpt><trkpt lat="22.34269459606778" lon="114.22814981092792"><ele>321.0631339125267</ele><time>2022-05-07T05:26:46Z</time></trkpt><trkpt lat="22.342712690203662" lon="114.22815401689589"><ele>320.7285470635244</ele><time>2022-05-07T05:26:47Z</time></trkpt><trkpt lat="22.34273878871642" lon="114.22815725900064"><ele>320.45446203759826</ele><time>2022-05-07T05:26:49Z</time></trkpt><trkpt lat="22.342765159183077" lon="114.22815688882683"><ele>320.17335131292094</ele><time>2022-05-07T05:26:51Z</time></trkpt><trkpt lat="22.342794320293738" lon="114.22815511460644"><ele>320.560977164445</ele><time>2022-05-07T05:26:53Z</time></trkpt><trkpt lat="22.34281334853778" lon="114.22815187800506"><ele>320.9126814733584</ele><time>2022-05-07T05:26:55Z</time></trkpt><trkpt lat="22.342834750755593" lon="114.2281457120974"><ele>321.37911164753973</ele><time>2022-05-07T05:26:57Z</time></trkpt><trkpt lat="22.342856039791613" lon="114.22813666280801"><ele>321.82671621050883</ele><time>2022-05-07T05:26:59Z</time></trkpt><trkpt lat="22.342879291732" lon="114.22813328242687"><ele>322.49675680985837</ele><time>2022-05-07T05:27:02Z</time></trkpt><trkpt lat="22.342900484450915" lon="114.22812963496266"><ele>322.6530463000229</ele><time>2022-05-07T05:27:05Z</time></trkpt><trkpt lat="22.34292183784051" lon="114.2281241018367"><ele>323.36814850252057</ele><time>2022-05-07T05:27:09Z</time></trkpt><trkpt lat="22.342943677010748" lon="114.22811529054691"><ele>324.0114476707348</ele><time>2022-05-07T05:27:12Z</time></trkpt><trkpt lat="22.34296441281625" lon="114.22811276460187"><ele>324.2701944178664</ele><time>2022-05-07T05:27:14Z</time></trkpt><trkpt lat="22.342982157900177" lon="114.22810788330068"><ele>324.60905768240957</ele><time>2022-05-07T05:27:16Z</time></trkpt><trkpt lat="22.34300321244367" lon="114.22809445838925"><ele>325.11533205878743</ele><time>2022-05-07T05:27:19Z</time></trkpt><trkpt lat="22.343020692735767" lon="114.22808272970472"><ele>325.51508116688865</ele><time>2022-05-07T05:27:21Z</time></trkpt><trkpt lat="22.34303916683034" lon="114.22807297096536"><ele>325.6616654251688</ele><time>2022-05-07T05:27:23Z</time></trkpt><trkpt lat="22.34305631442273" lon="114.22806396687245"><ele>326.46463665753106</ele><time>2022-05-07T05:27:25Z</time></trkpt><trkpt lat="22.343081633981953" lon="114.22805226407132"><ele>327.03646892478207</ele><time>2022-05-07T05:27:28Z</time></trkpt><trkpt lat="22.3430913144453" lon="114.22803316252251"><ele>326.9625169681715</ele><time>2022-05-07T05:27:30Z</time></trkpt><trkpt lat="22.3431058805536" lon="114.2280192380125"><ele>326.78900742714575</ele><time>2022-05-07T05:27:32Z</time></trkpt><trkpt lat="22.343131626329136" lon="114.22800945723314"><ele>326.2806028470289</ele><time>2022-05-07T05:27:35Z</time></trkpt><trkpt lat="22.34316081350838" lon="114.22799271933512"><ele>325.9651465743379</ele><time>2022-05-07T05:27:37Z</time></trkpt><trkpt lat="22.34318215094538" lon="114.2279880810691"><ele>326.04916875031415</ele><time>2022-05-07T05:27:39Z</time></trkpt><trkpt lat="22.343200690844686" lon="114.22797195709349"><ele>326.8521454463246</ele><time>2022-05-07T05:27:42Z</time></trkpt><trkpt lat="22.343219246916618" lon="114.22796353544034"><ele>327.31469756232747</ele><time>2022-05-07T05:27:44Z</time></trkpt><trkpt lat="22.34323656840056" lon="114.22795658834647"><ele>327.8179389456875</ele><time>2022-05-07T05:27:46Z</time></trkpt><trkpt lat="22.343257765772297" lon="114.22794287759606"><ele>328.27755111759797</ele><time>2022-05-07T05:27:48Z</time></trkpt><trkpt lat="22.34328196620372" lon="114.22793262283743"><ele>328.7475116789201</ele><time>2022-05-07T05:27:50Z</time></trkpt><trkpt lat="22.343302304611786" lon="114.22791789231725"><ele>328.7518357165833</ele><time>2022-05-07T05:27:52Z</time></trkpt><trkpt lat="22.343320321222116" lon="114.22790343224337"><ele>328.8618495496796</ele><time>2022-05-07T05:27:54Z</time></trkpt><trkpt lat="22.343337654501486" lon="114.22789178249171"><ele>329.1654853182088</ele><time>2022-05-07T05:27:56Z</time></trkpt><trkpt lat="22.34335612528787" lon="114.22788115419038"><ele>329.59259008561423</ele><time>2022-05-07T05:27:58Z</time></trkpt><trkpt lat="22.34337870339888" lon="114.22787260542098"><ele>329.92825320865927</ele><time>2022-05-07T05:28:01Z</time></trkpt><trkpt lat="22.34339617101869" lon="114.22786330964888"><ele>329.9689676934855</ele><time>2022-05-07T05:28:03Z</time></trkpt><trkpt lat="22.343424623809117" lon="114.22785864158179"><ele>329.7775565266984</ele><time>2022-05-07T05:28:06Z</time></trkpt><trkpt lat="22.343448248836783" lon="114.22785987361817"><ele>329.6386680510338</ele><time>2022-05-07T05:28:08Z</time></trkpt><trkpt lat="22.343471425438512" lon="114.22786280040556"><ele>329.54068007832416</ele><time>2022-05-07T05:28:10Z</time></trkpt><trkpt lat="22.343492448514624" lon="114.22786523922709"><ele>329.473498915123</ele><time>2022-05-07T05:28:12Z</time></trkpt><trkpt lat="22.343514936445874" lon="114.22787119886922"><ele>329.42224591385127</ele><time>2022-05-07T05:28:14Z</time></trkpt><trkpt lat="22.343536215592877" lon="114.22787925266567"><ele>329.40067360871643</ele><time>2022-05-07T05:28:16Z</time></trkpt><trkpt lat="22.34355772472833" lon="114.22788756723281"><ele>329.5363661671073</ele><time>2022-05-07T05:28:18Z</time></trkpt><trkpt lat="22.3435812638026" lon="114.22789176639978"><ele>329.8414393818035</ele><time>2022-05-07T05:28:20Z</time></trkpt><trkpt lat="22.343608464905543" lon="114.22789239523733"><ele>329.83802485592645</ele><time>2022-05-07T05:28:22Z</time></trkpt><trkpt lat="22.343631158477148" lon="114.22789346074029"><ele>330.19599691511445</ele><time>2022-05-07T05:28:24Z</time></trkpt><trkpt lat="22.34365057356632" lon="114.22789013101861"><ele>330.29811876625837</ele><time>2022-05-07T05:28:26Z</time></trkpt><trkpt lat="22.343673175786712" lon="114.22788350209547"><ele>330.89842022776514</ele><time>2022-05-07T05:28:29Z</time></trkpt><trkpt lat="22.34369395218815" lon="114.22787567321161"><ele>331.49607936808195</ele><time>2022-05-07T05:28:32Z</time></trkpt><trkpt lat="22.343711085801857" lon="114.22786628230469"><ele>332.187082656222</ele><time>2022-05-07T05:28:34Z</time></trkpt><trkpt lat="22.343728428532064" lon="114.22785320555467"><ele>333.2913138100879</ele><time>2022-05-07T05:28:37Z</time></trkpt><trkpt lat="22.343746658681447" lon="114.22784690155113"><ele>334.4207882796099</ele><time>2022-05-07T05:28:40Z</time></trkpt><trkpt lat="22.343766303497528" lon="114.22784778017837"><ele>335.7289937736917</ele><time>2022-05-07T05:28:42Z</time></trkpt><trkpt lat="22.34378609892797" lon="114.2278510532755"><ele>336.3047262495284</ele><time>2022-05-07T05:28:44Z</time></trkpt><trkpt lat="22.34380888436562" lon="114.22784219543313"><ele>336.8813148625738</ele><time>2022-05-07T05:28:46Z</time></trkpt><trkpt lat="22.343827441663045" lon="114.22782389802549"><ele>337.735265437636</ele><time>2022-05-07T05:28:48Z</time></trkpt><trkpt lat="22.34384540024106" lon="114.22781692762173"><ele>338.34342054849805</ele><time>2022-05-07T05:28:51Z</time></trkpt><trkpt lat="22.343866365200707" lon="114.22779791901387"><ele>339.4967688830734</ele><time>2022-05-07T05:28:54Z</time></trkpt><trkpt lat="22.343883356365914" lon="114.22777656334446"><ele>340.3972858700769</ele><time>2022-05-07T05:28:57Z</time></trkpt><trkpt lat="22.34389275936463" lon="114.22775482296872"><ele>340.39930204245786</ele><time>2022-05-07T05:29:00Z</time></trkpt><trkpt lat="22.34389833413542" lon="114.22772936768368"><ele>340.1112019850556</ele><time>2022-05-07T05:29:03Z</time></trkpt><trkpt lat="22.34390599286688" lon="114.22770856013503"><ele>339.48931594089686</ele><time>2022-05-07T05:29:05Z</time></trkpt><trkpt lat="22.343911666629452" lon="114.22767415419385"><ele>338.6757558466108</ele><time>2022-05-07T05:29:08Z</time></trkpt><trkpt lat="22.343921380862557" lon="114.22765242497945"><ele>337.73645834477077</ele><time>2022-05-07T05:29:12Z</time></trkpt><trkpt lat="22.3439472913953" lon="114.22764273430029"><ele>337.32532186677935</ele><time>2022-05-07T05:30:19Z</time></trkpt><trkpt lat="22.343962417140645" lon="114.22761434548465"><ele>337.2753498846099</ele><time>2022-05-07T05:30:21Z</time></trkpt><trkpt lat="22.343964620087196" lon="114.22758935195472"><ele>337.1034871407474</ele><time>2022-05-07T05:30:22Z</time></trkpt><trkpt lat="22.343975847770395" lon="114.22756324211102"><ele>337.1722238031007</ele><time>2022-05-07T05:30:23Z</time></trkpt><trkpt lat="22.343982062201665" lon="114.22754313064952"><ele>337.20741643510775</ele><time>2022-05-07T05:30:24Z</time></trkpt><trkpt lat="22.343982585366827" lon="114.22751573625479"><ele>336.89012279494807</ele><time>2022-05-07T05:30:26Z</time></trkpt><trkpt lat="22.343979347473596" lon="114.2274897705745"><ele>337.27125076167493</ele><time>2022-05-07T05:30:28Z</time></trkpt><trkpt lat="22.34398261749078" lon="114.22746498430719"><ele>336.9994430040763</ele><time>2022-05-07T05:30:30Z</time></trkpt><trkpt lat="22.343979316378814" lon="114.22743498503915"><ele>336.73637003842003</ele><time>2022-05-07T05:30:32Z</time></trkpt><trkpt lat="22.34397716859185" lon="114.22740230306252"><ele>336.6266533270201</ele><time>2022-05-07T05:30:34Z</time></trkpt><trkpt lat="22.343977254157647" lon="114.22737614309186"><ele>336.7911915328776</ele><time>2022-05-07T05:30:36Z</time></trkpt><trkpt lat="22.343979846243393" lon="114.22734475440917"><ele>336.7840780911724</ele><time>2022-05-07T05:30:39Z</time></trkpt><trkpt lat="22.34398363895205" lon="114.22732341866987"><ele>336.6356800101562</ele><time>2022-05-07T05:30:41Z</time></trkpt><trkpt lat="22.343978742067257" lon="114.22730178640337"><ele>336.73834995494394</ele><time>2022-05-07T05:30:43Z</time></trkpt><trkpt lat="22.3439667924441" lon="114.22727499615792"><ele>336.923532726758</ele><time>2022-05-07T05:30:45Z</time></trkpt><trkpt lat="22.343952925660492" lon="114.2272586038905"><ele>337.142683026962</ele><time>2022-05-07T05:30:47Z</time></trkpt><trkpt lat="22.343942403221355" lon="114.22723662618"><ele>337.26389350747957</ele><time>2022-05-07T05:30:49Z</time></trkpt><trkpt lat="22.3439350902866" lon="114.22721558642628"><ele>337.76689561189204</ele><time>2022-05-07T05:30:51Z</time></trkpt><trkpt lat="22.343928178039373" lon="114.22719522997399"><ele>337.91461262360684</ele><time>2022-05-07T05:30:53Z</time></trkpt><trkpt lat="22.34391949966945" lon="114.22717633675857"><ele>338.04474157449704</ele><time>2022-05-07T05:30:55Z</time></trkpt><trkpt lat="22.343904537104986" lon="114.22715433790533"><ele>338.1899845203483</ele><time>2022-05-07T05:30:57Z</time></trkpt><trkpt lat="22.343893683977907" lon="114.22713455925638"><ele>338.2000953435479</ele><time>2022-05-07T05:30:59Z</time></trkpt><trkpt lat="22.343882907719284" lon="114.22710712334607"><ele>338.2670220803117</ele><time>2022-05-07T05:31:01Z</time></trkpt><trkpt lat="22.343868067570387" lon="114.22707923768007"><ele>338.0118603797786</ele><time>2022-05-07T05:31:03Z</time></trkpt><trkpt lat="22.343851410455727" lon="114.22705129593723"><ele>337.8866941212765</ele><time>2022-05-07T05:31:05Z</time></trkpt><trkpt lat="22.343841545752078" lon="114.22702389069661"><ele>338.20770617865315</ele><time>2022-05-07T05:31:07Z</time></trkpt><trkpt lat="22.343836921000463" lon="114.22699587350377"><ele>338.68019938307435</ele><time>2022-05-07T05:31:09Z</time></trkpt><trkpt lat="22.34383133816669" lon="114.22696631996085"><ele>339.05529005424654</ele><time>2022-05-07T05:31:11Z</time></trkpt><trkpt lat="22.343835056380982" lon="114.22694591912447"><ele>338.9084594635357</ele><time>2022-05-07T05:31:13Z</time></trkpt><trkpt lat="22.34383678220133" lon="114.22692223379362"><ele>338.6366151441739</ele><time>2022-05-07T05:31:15Z</time></trkpt><trkpt lat="22.3438335936313" lon="114.22689806558759"><ele>338.40300557509727</ele><time>2022-05-07T05:31:17Z</time></trkpt><trkpt lat="22.34383062855423" lon="114.22687732728726"><ele>338.77555936395515</ele><time>2022-05-07T05:31:19Z</time></trkpt><trkpt lat="22.343831077957866" lon="114.22685243255331"><ele>340.3904052544242</ele><time>2022-05-07T05:31:22Z</time></trkpt><trkpt lat="22.343818179978555" lon="114.22683444285381"><ele>339.98575870493556</ele><time>2022-05-07T05:31:27Z</time></trkpt><trkpt lat="22.34380507564581" lon="114.22681751178446"><ele>338.88967957779107</ele><time>2022-05-07T05:31:30Z</time></trkpt><trkpt lat="22.34379783902687" lon="114.22679729491027"><ele>338.9363343998158</ele><time>2022-05-07T05:31:33Z</time></trkpt><trkpt lat="22.34381078679321" lon="114.22677689345969"><ele>339.84577842944776</ele><time>2022-05-07T05:31:37Z</time></trkpt><trkpt lat="22.343822312266006" lon="114.2267616195785"><ele>339.66910936384886</ele><time>2022-05-07T05:31:40Z</time></trkpt><trkpt lat="22.343816353231677" lon="114.22673849768071"><ele>339.449969947156</ele><time>2022-05-07T05:31:43Z</time></trkpt><trkpt lat="22.343798532859708" lon="114.2267293622014"><ele>340.597611716174</ele><time>2022-05-07T05:31:57Z</time></trkpt><trkpt lat="22.343774960711304" lon="114.22671813226894"><ele>340.64704616088653</ele><time>2022-05-07T05:32:12Z</time></trkpt><trkpt lat="22.343758585980723" lon="114.22670734145876"><ele>341.0375461031529</ele><time>2022-05-07T05:32:15Z</time></trkpt><trkpt lat="22.343740553562906" lon="114.226681914258"><ele>341.55065829733616</ele><time>2022-05-07T05:32:23Z</time></trkpt><trkpt lat="22.343721743673814" lon="114.22667414672615"><ele>342.8229267815675</ele><time>2022-05-07T05:32:30Z</time></trkpt><trkpt lat="22.343720882040042" lon="114.22664520075492"><ele>342.9965434322479</ele><time>2022-05-07T05:32:39Z</time></trkpt><trkpt lat="22.34370739936267" lon="114.22662292265734"><ele>343.10310159420527</ele><time>2022-05-07T05:32:42Z</time></trkpt><trkpt lat="22.343698258860965" lon="114.22660481209118"><ele>343.1864885197722</ele><time>2022-05-07T05:32:43Z</time></trkpt><trkpt lat="22.34369575687948" lon="114.22658401608074"><ele>343.79453095815535</ele><time>2022-05-07T05:32:46Z</time></trkpt><trkpt lat="22.343686223004173" lon="114.22656077327586"><ele>343.90260054959924</ele><time>2022-05-07T05:32:49Z</time></trkpt><trkpt lat="22.343676506979993" lon="114.22654160199173"><ele>343.82127781502015</ele><time>2022-05-07T05:32:51Z</time></trkpt><trkpt lat="22.343649828216584" lon="114.22652690260685"><ele>344.1138152015574</ele><time>2022-05-07T05:33:03Z</time></trkpt><trkpt lat="22.343627494065494" lon="114.22651158282251"><ele>344.13159807146553</ele><time>2022-05-07T05:33:06Z</time></trkpt><trkpt lat="22.343613615593345" lon="114.22649011673442"><ele>344.1882069144197</ele><time>2022-05-07T05:33:08Z</time></trkpt><trkpt lat="22.343600251644308" lon="114.22647657516906"><ele>344.02153411583606</ele><time>2022-05-07T05:33:14Z</time></trkpt><trkpt lat="22.3435750415152" lon="114.22646261778988"><ele>345.7086927834943</ele><time>2022-05-07T05:33:30Z</time></trkpt><trkpt lat="22.34355213202944" lon="114.22644003130542"><ele>347.6450606753269</ele><time>2022-05-07T05:33:39Z</time></trkpt><trkpt lat="22.343537582246974" lon="114.22641773759543"><ele>348.13520423024283</ele><time>2022-05-07T05:33:45Z</time></trkpt><trkpt lat="22.34351635691738" lon="114.22641565519058"><ele>348.0705482256157</ele><time>2022-05-07T05:33:47Z</time></trkpt><trkpt lat="22.343503434724106" lon="114.22639680764667"><ele>347.7596766690521</ele><time>2022-05-07T05:33:49Z</time></trkpt><trkpt lat="22.34349500818793" lon="114.22637912786278"><ele>349.3277003504749</ele><time>2022-05-07T05:34:01Z</time></trkpt><trkpt lat="22.343483750581854" lon="114.2263469168913"><ele>351.32686577560827</ele><time>2022-05-07T05:34:09Z</time></trkpt><trkpt lat="22.343478478636406" lon="114.2263274661048"><ele>352.0100488133515</ele><time>2022-05-07T05:34:10Z</time></trkpt><trkpt lat="22.343471239103177" lon="114.22630872902735"><ele>352.9244220719073</ele><time>2022-05-07T05:34:12Z</time></trkpt><trkpt lat="22.34345300890057" lon="114.22629423094324"><ele>353.9092511512249</ele><time>2022-05-07T05:34:16Z</time></trkpt><trkpt lat="22.343430012697503" lon="114.22628340182"><ele>354.2698319035203</ele><time>2022-05-07T05:34:21Z</time></trkpt><trkpt lat="22.34341193719952" lon="114.22629022243925"><ele>354.31287633839315</ele><time>2022-05-07T05:34:25Z</time></trkpt><trkpt lat="22.343396366251483" lon="114.22627581371123"><ele>355.72742262604663</ele><time>2022-05-07T05:34:36Z</time></trkpt><trkpt lat="22.343395840726597" lon="114.22625602075244"><ele>357.29397447875107</ele><time>2022-05-07T05:34:49Z</time></trkpt><trkpt lat="22.343385173916708" lon="114.22623325244635"><ele>357.0681314101372</ele><time>2022-05-07T05:35:11Z</time></trkpt><trkpt lat="22.343366686971063" lon="114.22623069845939"><ele>357.3860062190106</ele><time>2022-05-07T05:35:16Z</time></trkpt><trkpt lat="22.34334712508324" lon="114.22621440738897"><ele>357.15859268581244</ele><time>2022-05-07T05:35:17Z</time></trkpt><trkpt lat="22.343334401668216" lon="114.22618637629981"><ele>357.21386588664495</ele><time>2022-05-07T05:35:29Z</time></trkpt><trkpt lat="22.34332246944878" lon="114.22616701462157"><ele>357.5609241890456</ele><time>2022-05-07T05:35:31Z</time></trkpt><trkpt lat="22.34331074528189" lon="114.22614944447685"><ele>358.13715716641207</ele><time>2022-05-07T05:35:33Z</time></trkpt><trkpt lat="22.34330089107298" lon="114.22612306212162"><ele>360.18894983304244</ele><time>2022-05-07T05:35:41Z</time></trkpt><trkpt lat="22.34329629939995" lon="114.22610243685743"><ele>361.1025344819284</ele><time>2022-05-07T05:35:44Z</time></trkpt><trkpt lat="22.343287366611076" lon="114.22607741692939"><ele>361.95537146154174</ele><time>2022-05-07T05:35:55Z</time></trkpt><trkpt lat="22.343273515517456" lon="114.2260551496104"><ele>362.8432434071798</ele><time>2022-05-07T05:35:57Z</time></trkpt><trkpt lat="22.343266953035098" lon="114.22603177737236"><ele>363.5237290015488</ele><time>2022-05-07T05:36:00Z</time></trkpt><trkpt lat="22.343249718748947" lon="114.22602254949499"><ele>364.6435739348039</ele><time>2022-05-07T05:36:23Z</time></trkpt><trkpt lat="22.343237539458567" lon="114.22599813987466"><ele>366.4748095533929</ele><time>2022-05-07T05:36:45Z</time></trkpt><trkpt lat="22.34323364258531" lon="114.2259729889938"><ele>366.7575562452347</ele><time>2022-05-07T05:36:47Z</time></trkpt><trkpt lat="22.343255348509768" lon="114.22594479802238"><ele>368.1036470252323</ele><time>2022-05-07T05:36:52Z</time></trkpt><trkpt lat="22.343246783745098" lon="114.22592346868153"><ele>368.2313074853896</ele><time>2022-05-07T05:36:56Z</time></trkpt><trkpt lat="22.343234567766885" lon="114.22589725863858"><ele>368.31781515658207</ele><time>2022-05-07T05:37:03Z</time></trkpt><trkpt lat="22.343224949075548" lon="114.22587782094729"><ele>368.4499293308939</ele><time>2022-05-07T05:37:05Z</time></trkpt><trkpt lat="22.343217569874085" lon="114.22585374525505"><ele>368.7361185976086</ele><time>2022-05-07T05:37:08Z</time></trkpt><trkpt lat="22.34319810837767" lon="114.22585156096497"><ele>368.96915433124695</ele><time>2022-05-07T05:37:18Z</time></trkpt><trkpt lat="22.3431773965763" lon="114.22584065568547"><ele>368.76241208588635</ele><time>2022-05-07T05:37:21Z</time></trkpt><trkpt lat="22.343160950529743" lon="114.22583275151"><ele>369.0658722931948</ele><time>2022-05-07T05:37:22Z</time></trkpt><trkpt lat="22.343147732684034" lon="114.22580677124495"><ele>369.548869503806</ele><time>2022-05-07T05:37:24Z</time></trkpt><trkpt lat="22.343140005526944" lon="114.22578385174722"><ele>370.20122839248285</ele><time>2022-05-07T05:37:26Z</time></trkpt><trkpt lat="22.343142222168197" lon="114.22576119277616"><ele>370.85174687291567</ele><time>2022-05-07T05:37:29Z</time></trkpt><trkpt lat="22.343124140308475" lon="114.22575343395371"><ele>371.5343059502594</ele><time>2022-05-07T05:37:43Z</time></trkpt><trkpt lat="22.343109677766776" lon="114.22573593266257"><ele>372.10298571227526</ele><time>2022-05-07T05:37:53Z</time></trkpt><trkpt lat="22.3430950954685" lon="114.2257236640895"><ele>373.09054777031264</ele><time>2022-05-07T05:37:55Z</time></trkpt><trkpt lat="22.34307824278392" lon="114.22573158607075"><ele>377.60128962185763</ele><time>2022-05-07T05:38:21Z</time></trkpt><trkpt lat="22.34306273127257" lon="114.22571737257475"><ele>381.4412002176934</ele><time>2022-05-07T05:38:33Z</time></trkpt><trkpt lat="22.34305354292638" lon="114.22569262165386"><ele>381.95299605857633</ele><time>2022-05-07T05:38:36Z</time></trkpt><trkpt lat="22.343032515327568" lon="114.22566866923931"><ele>385.464430685146</ele><time>2022-05-07T05:38:46Z</time></trkpt><trkpt lat="22.343014358174095" lon="114.22565372338333"><ele>386.7572536949336</ele><time>2022-05-07T05:38:48Z</time></trkpt><trkpt lat="22.342993871735356" lon="114.22564329687539"><ele>387.4245698986584</ele><time>2022-05-07T05:38:50Z</time></trkpt><trkpt lat="22.34297590700509" lon="114.22563227876643"><ele>388.3949699331343</ele><time>2022-05-07T05:38:52Z</time></trkpt><trkpt lat="22.342960786726536" lon="114.22561636925424"><ele>388.2893324728444</ele><time>2022-05-07T05:38:57Z</time></trkpt><trkpt lat="22.342942868021517" lon="114.22561037960436"><ele>388.522469280762</ele><time>2022-05-07T05:39:00Z</time></trkpt><trkpt lat="22.342928056383236" lon="114.22559008424851"><ele>388.69452059834776</ele><time>2022-05-07T05:39:16Z</time></trkpt><trkpt lat="22.34291904256639" lon="114.22557146367286"><ele>388.6761375158971</ele><time>2022-05-07T05:39:18Z</time></trkpt><trkpt lat="22.342896893583873" lon="114.22556695000105"><ele>388.77169041367756</ele><time>2022-05-07T05:39:20Z</time></trkpt><trkpt lat="22.34289402018727" lon="114.22553450600537"><ele>389.8835716687499</ele><time>2022-05-07T05:39:40Z</time></trkpt><trkpt lat="22.34288868038093" lon="114.22550813647001"><ele>390.27731597309383</ele><time>2022-05-07T05:39:42Z</time></trkpt><trkpt lat="22.34289326509212" lon="114.22547682693725"><ele>390.85016427535345</ele><time>2022-05-07T05:39:44Z</time></trkpt><trkpt lat="22.342912949396997" lon="114.22547101306019"><ele>392.5683099831132</ele><time>2022-05-07T05:39:46Z</time></trkpt><trkpt lat="22.342904476482843" lon="114.2254510381556"><ele>394.32969814212396</ele><time>2022-05-07T05:39:51Z</time></trkpt><trkpt lat="22.34289314266879" lon="114.22543378884151"><ele>394.07977802935886</ele><time>2022-05-07T05:39:59Z</time></trkpt><trkpt lat="22.34287204300264" lon="114.22542272768023"><ele>393.61697844533387</ele><time>2022-05-07T05:40:02Z</time></trkpt><trkpt lat="22.34285309657002" lon="114.22541605960407"><ele>393.7289440137106</ele><time>2022-05-07T05:40:07Z</time></trkpt><trkpt lat="22.342833661190518" lon="114.22540562987675"><ele>395.7431242180896</ele><time>2022-05-07T05:40:16Z</time></trkpt><trkpt lat="22.34282043667883" lon="114.22538961175937"><ele>396.2540445683452</ele><time>2022-05-07T05:40:19Z</time></trkpt><trkpt lat="22.34278717278725" lon="114.2253613937338"><ele>407.1546606256334</ele><time>2022-05-07T05:40:56Z</time></trkpt><trkpt lat="22.342764030768176" lon="114.22534636825964"><ele>406.9108115805618</ele><time>2022-05-07T05:40:57Z</time></trkpt><trkpt lat="22.342744208890807" lon="114.22533231292971"><ele>404.8910612117105</ele><time>2022-05-07T05:40:59Z</time></trkpt><trkpt lat="22.342730997444896" lon="114.22534912426063"><ele>404.1107771793331</ele><time>2022-05-07T05:41:00Z</time></trkpt><trkpt lat="22.342712403750266" lon="114.22535767038335"><ele>404.0859735911386</ele><time>2022-05-07T05:41:01Z</time></trkpt><trkpt lat="22.34271832852538" lon="114.22533785796912"><ele>403.66855030583486</ele><time>2022-05-07T05:41:13Z</time></trkpt><trkpt lat="22.342737650803045" lon="114.22534189522966"><ele>404.4726490562203</ele><time>2022-05-07T05:41:36Z</time></trkpt><trkpt lat="22.342743901206653" lon="114.22532178474195"><ele>402.96698440092007</ele><time>2022-05-07T05:41:57Z</time></trkpt><trkpt lat="22.342744158524045" lon="114.22535567731349"><ele>402.39285875849885</ele><time>2022-05-07T05:42:01Z</time></trkpt><trkpt lat="22.34272625059075" lon="114.22536955071519"><ele>403.54243377001444</ele><time>2022-05-07T05:42:05Z</time></trkpt><trkpt lat="22.342706918606215" lon="114.22536247055278"><ele>402.7989194075073</ele><time>2022-05-07T05:42:10Z</time></trkpt><trkpt lat="22.342686936643524" lon="114.22536036867326"><ele>402.9354082013302</ele><time>2022-05-07T05:42:14Z</time></trkpt><trkpt lat="22.34267134579141" lon="114.22532915572548"><ele>402.95492913112344</ele><time>2022-05-07T05:42:37Z</time></trkpt><trkpt lat="22.342664371583655" lon="114.22529972191445"><ele>402.9611816692246</ele><time>2022-05-07T05:42:39Z</time></trkpt><trkpt lat="22.342659458942276" lon="114.22527899659485"><ele>403.0005378788694</ele><time>2022-05-07T05:42:41Z</time></trkpt><trkpt lat="22.34265376562709" lon="114.22525158541158"><ele>402.69228943223163</ele><time>2022-05-07T05:42:48Z</time></trkpt><trkpt lat="22.34265164689539" lon="114.22522431771058"><ele>401.9040760204439</ele><time>2022-05-07T05:42:51Z</time></trkpt><trkpt lat="22.342634527408915" lon="114.2252116984214"><ele>402.66804059719516</ele><time>2022-05-07T05:42:54Z</time></trkpt><trkpt lat="22.34263251697004" lon="114.22518271809805"><ele>403.73459709954886</ele><time>2022-05-07T05:42:58Z</time></trkpt><trkpt lat="22.34261374118747" lon="114.22517203421411"><ele>402.3174468470972</ele><time>2022-05-07T05:43:01Z</time></trkpt><trkpt lat="22.342600144576984" lon="114.22515420402588"><ele>402.11742766563304</ele><time>2022-05-07T05:43:10Z</time></trkpt><trkpt lat="22.342601083008372" lon="114.22512744558895"><ele>401.7191027946614</ele><time>2022-05-07T05:43:27Z</time></trkpt><trkpt lat="22.342596903865985" lon="114.2250665548527"><ele>403.92265162278744</ele><time>2022-05-07T05:43:28Z</time></trkpt><trkpt lat="22.34262364326792" lon="114.22505374943852"><ele>406.41081834999966</ele><time>2022-05-07T05:43:32Z</time></trkpt><trkpt lat="22.342609128322522" lon="114.22508086065282"><ele>405.31398353011696</ele><time>2022-05-07T05:43:42Z</time></trkpt><trkpt lat="22.342592198951863" lon="114.2250911330485"><ele>406.3529372405226</ele><time>2022-05-07T05:44:17Z</time></trkpt><trkpt lat="22.34257352490004" lon="114.22508799642463"><ele>406.4093278820704</ele><time>2022-05-07T05:44:20Z</time></trkpt><trkpt lat="22.342543349015138" lon="114.22511399759935"><ele>405.76111657219155</ele><time>2022-05-07T05:44:23Z</time></trkpt><trkpt lat="22.34251640315132" lon="114.2251538854778"><ele>406.0763811829586</ele><time>2022-05-07T05:44:24Z</time></trkpt><trkpt lat="22.342502469203" lon="114.22513326081994"><ele>406.9642079286011</ele><time>2022-05-07T05:44:31Z</time></trkpt><trkpt lat="22.34250305638462" lon="114.22511259393437"><ele>406.93534509563335</ele><time>2022-05-07T05:44:32Z</time></trkpt><trkpt lat="22.342492733889383" lon="114.22508080879237"><ele>407.2903760299938</ele><time>2022-05-07T05:44:35Z</time></trkpt><trkpt lat="22.34249340578877" lon="114.22505768293523"><ele>406.8702879138519</ele><time>2022-05-07T05:44:36Z</time></trkpt><trkpt lat="22.34247197962694" lon="114.22506234170388"><ele>408.56504770537384</ele><time>2022-05-07T05:44:43Z</time></trkpt><trkpt lat="22.34243941852708" lon="114.22505507613218"><ele>411.31838902733034</ele><time>2022-05-07T05:44:50Z</time></trkpt><trkpt lat="22.342436694111182" lon="114.22507655688752"><ele>413.7783723546612</ele><time>2022-05-07T05:44:55Z</time></trkpt><trkpt lat="22.342417048372173" lon="114.22509195654001"><ele>415.8331642523302</ele><time>2022-05-07T05:45:09Z</time></trkpt><trkpt lat="22.342413376465753" lon="114.2250716034403"><ele>416.72672095121624</ele><time>2022-05-07T05:45:32Z</time></trkpt><trkpt lat="22.342413256290072" lon="114.22504699957803"><ele>418.58637954108417</ele><time>2022-05-07T05:47:39Z</time></trkpt><trkpt lat="22.342422561238035" lon="114.22502471613494"><ele>419.6873147850856</ele><time>2022-05-07T05:47:45Z</time></trkpt><trkpt lat="22.342439353478312" lon="114.22501124235997"><ele>420.88245200458914</ele><time>2022-05-07T05:47:47Z</time></trkpt><trkpt lat="22.3424352879637" lon="114.2249903749132"><ele>421.6483952421695</ele><time>2022-05-07T05:47:49Z</time></trkpt><trkpt lat="22.34242561596217" lon="114.22496439167237"><ele>423.00934568978846</ele><time>2022-05-07T05:48:09Z</time></trkpt><trkpt lat="22.342410622875175" lon="114.22494855554032"><ele>423.00934568978846</ele><time>2022-05-07T05:48:23Z</time></trkpt><trkpt lat="22.342392035543106" lon="114.22494739921466"><ele>423.00934568978846</ele><time>2022-05-07T05:48:26Z</time></trkpt><trkpt lat="22.342371408226615" lon="114.22492017162942"><ele>423.00934568978846</ele><time>2022-05-07T05:48:43Z</time></trkpt><trkpt lat="22.342361491402823" lon="114.22490148427104"><ele>423.00934568978846</ele><time>2022-05-07T05:48:51Z</time></trkpt><trkpt lat="22.342379340703793" lon="114.22488774578545"><ele>423.00934568978846</ele><time>2022-05-07T05:49:09Z</time></trkpt><trkpt lat="22.34236372355485" lon="114.22486628818139"><ele>423.00934568978846</ele><time>2022-05-07T05:49:11Z</time></trkpt><trkpt lat="22.3423548296243" lon="114.22484470792331"><ele>423.00934568978846</ele><time>2022-05-07T05:49:15Z</time></trkpt><trkpt lat="22.3423543068822" lon="114.22481335430943"><ele>423.00934568978846</ele><time>2022-05-07T05:49:18Z</time></trkpt><trkpt lat="22.342350066154022" lon="114.22479232374346"><ele>423.00934568978846</ele><time>2022-05-07T05:49:21Z</time></trkpt><trkpt lat="22.342347037180538" lon="114.22477098745762"><ele>423.00934568978846</ele><time>2022-05-07T05:49:27Z</time></trkpt><trkpt lat="22.34235839313517" lon="114.22475206281473"><ele>424.45842955303686</ele><time>2022-05-07T05:49:29Z</time></trkpt><trkpt lat="22.342370922096855" lon="114.22473667229349"><ele>425.4109266463151</ele><time>2022-05-07T05:49:31Z</time></trkpt><trkpt lat="22.34239551016992" lon="114.2247264767661"><ele>426.2243949730686</ele><time>2022-05-07T05:49:34Z</time></trkpt><trkpt lat="22.342415375055495" lon="114.22471816494217"><ele>427.25667363706583</ele><time>2022-05-07T05:49:36Z</time></trkpt><trkpt lat="22.342423308275315" lon="114.224700219496"><ele>428.4599912824489</ele><time>2022-05-07T05:49:39Z</time></trkpt><trkpt lat="22.342446484664872" lon="114.22468658632516"><ele>431.5252544188026</ele><time>2022-05-07T05:49:50Z</time></trkpt><trkpt lat="22.342466512335438" lon="114.2246804005145"><ele>432.31106213900034</ele><time>2022-05-07T05:49:52Z</time></trkpt><trkpt lat="22.34246372425175" lon="114.22465694325574"><ele>432.9807197604874</ele><time>2022-05-07T05:49:54Z</time></trkpt><trkpt lat="22.342476167185023" lon="114.2246366102239"><ele>433.56179320178313</ele><time>2022-05-07T05:49:57Z</time></trkpt><trkpt lat="22.342463672079784" lon="114.22462225083082"><ele>434.1489247810234</ele><time>2022-05-07T05:50:15Z</time></trkpt><trkpt lat="22.34246682990691" lon="114.22459134531428"><ele>434.0388883180313</ele><time>2022-05-07T05:50:31Z</time></trkpt><trkpt lat="22.342457394324306" lon="114.22454771897004"><ele>434.2490744802148</ele><time>2022-05-07T05:50:33Z</time></trkpt><trkpt lat="22.3424411210081" lon="114.2245336942949"><ele>448.53972208776656</ele><time>2022-05-07T05:51:03Z</time></trkpt><trkpt lat="22.342408301686913" lon="114.22452680146297"><ele>454.98681051501165</ele><time>2022-05-07T05:51:50Z</time></trkpt><trkpt lat="22.342388997324093" lon="114.22451347282147"><ele>457.4841892316306</ele><time>2022-05-07T05:52:13Z</time></trkpt><trkpt lat="22.34236914039015" lon="114.22449798829925"><ele>458.1035167690901</ele><time>2022-05-07T05:52:15Z</time></trkpt><trkpt lat="22.342353320225875" lon="114.22448489710963"><ele>457.920666429694</ele><time>2022-05-07T05:52:33Z</time></trkpt><trkpt lat="22.34234366676232" lon="114.22446282059407"><ele>458.34734318298086</ele><time>2022-05-07T05:52:46Z</time></trkpt><trkpt lat="22.342312858042618" lon="114.22446529038578"><ele>459.30993899831935</ele><time>2022-05-07T05:52:55Z</time></trkpt><trkpt lat="22.342293095996293" lon="114.22445505882972"><ele>459.94668604790013</ele><time>2022-05-07T05:52:56Z</time></trkpt><trkpt lat="22.34226522198041" lon="114.22444442190117"><ele>460.7374358117924</ele><time>2022-05-07T05:53:00Z</time></trkpt><trkpt lat="22.342252699978935" lon="114.22442604863147"><ele>460.81177516426436</ele><time>2022-05-07T05:54:02Z</time></trkpt><trkpt lat="22.342237130076363" lon="114.22440831089727"><ele>461.2745280282087</ele><time>2022-05-07T05:54:04Z</time></trkpt><trkpt lat="22.34222283384643" lon="114.22439528322288"><ele>461.48193293656414</ele><time>2022-05-07T05:54:06Z</time></trkpt><trkpt lat="22.342207292759916" lon="114.2243712055131"><ele>461.7803357878679</ele><time>2022-05-07T05:54:13Z</time></trkpt><trkpt lat="22.342196070505562" lon="114.22435347111782"><ele>462.222905853418</ele><time>2022-05-07T05:54:22Z</time></trkpt><trkpt lat="22.342178675373184" lon="114.22433975219806"><ele>463.3636060884896</ele><time>2022-05-07T05:54:49Z</time></trkpt><trkpt lat="22.34216210387673" lon="114.22432377974707"><ele>467.0205284869767</ele><time>2022-05-07T05:55:07Z</time></trkpt><trkpt lat="22.34215530041684" lon="114.22430415547372"><ele>467.768725544072</ele><time>2022-05-07T05:55:12Z</time></trkpt><trkpt lat="22.34213729882237" lon="114.22430084602529"><ele>467.6617322153278</ele><time>2022-05-07T05:55:26Z</time></trkpt><trkpt lat="22.342135650767137" lon="114.22426668484009"><ele>469.05811641942915</ele><time>2022-05-07T05:56:27Z</time></trkpt><trkpt lat="22.34211639224225" lon="114.22426966776656"><ele>469.90301321101856</ele><time>2022-05-07T05:56:37Z</time></trkpt><trkpt lat="22.34209809727983" lon="114.22423691354298"><ele>471.015792777792</ele><time>2022-05-07T05:56:53Z</time></trkpt><trkpt lat="22.342094243562297" lon="114.22421552557651"><ele>469.4003767218893</ele><time>2022-05-07T05:56:55Z</time></trkpt><trkpt lat="22.342072894544206" lon="114.22421091209971"><ele>470.73851250568924</ele><time>2022-05-07T05:57:06Z</time></trkpt><trkpt lat="22.34208620069457" lon="114.22419748834733"><ele>472.54280038462815</ele><time>2022-05-07T05:57:34Z</time></trkpt><trkpt lat="22.342094693686327" lon="114.22417413451734"><ele>475.43754300186566</ele><time>2022-05-07T05:57:54Z</time></trkpt><trkpt lat="22.342099647759937" lon="114.22414593036352"><ele>482.8301798511944</ele><time>2022-05-07T05:58:20Z</time></trkpt><trkpt lat="22.342101889579563" lon="114.22412377433106"><ele>482.8159770654453</ele><time>2022-05-07T05:58:22Z</time></trkpt><trkpt lat="22.34209907365123" lon="114.22409982469529"><ele>483.4195719135398</ele><time>2022-05-07T05:58:28Z</time></trkpt><trkpt lat="22.34208607350463" lon="114.22408563410418"><ele>484.0193745632483</ele><time>2022-05-07T05:58:30Z</time></trkpt><trkpt lat="22.34207093639666" lon="114.22406122967323"><ele>486.1774831891094</ele><time>2022-05-07T05:58:34Z</time></trkpt><trkpt lat="22.342090342755125" lon="114.22405333277267"><ele>493.45586839381366</ele><time>2022-05-07T05:58:47Z</time></trkpt><trkpt lat="22.342075173949908" lon="114.22403590611682"><ele>494.5910515439085</ele><time>2022-05-07T05:59:21Z</time></trkpt><trkpt lat="22.342069110826777" lon="114.22401197724183"><ele>494.82114360618465</ele><time>2022-05-07T05:59:27Z</time></trkpt><trkpt lat="22.3420615909067" lon="114.22398747371905"><ele>496.5890712894673</ele><time>2022-05-07T05:59:51Z</time></trkpt><trkpt lat="22.342069431256277" lon="114.22396774242232"><ele>497.9778680075352</ele><time>2022-05-07T05:59:55Z</time></trkpt><trkpt lat="22.34206045214829" lon="114.22394266186474"><ele>500.33868722360677</ele><time>2022-05-07T06:00:05Z</time></trkpt><trkpt lat="22.34204349864542" lon="114.22393533025301"><ele>500.43082995453204</ele><time>2022-05-07T06:00:08Z</time></trkpt><trkpt lat="22.342034868089108" lon="114.22391155741613"><ele>500.4696345536146</ele><time>2022-05-07T06:00:11Z</time></trkpt><trkpt lat="22.342044519186345" lon="114.22388956398065"><ele>502.66094456625973</ele><time>2022-05-07T06:00:36Z</time></trkpt><trkpt lat="22.342038563781863" lon="114.22387079236044"><ele>504.8787862501556</ele><time>2022-05-07T06:00:40Z</time></trkpt><trkpt lat="22.342036628887623" lon="114.22383401461376"><ele>504.97404154669357</ele><time>2022-05-07T06:00:43Z</time></trkpt><trkpt lat="22.342034288077972" lon="114.2238123321678"><ele>505.1758531165524</ele><time>2022-05-07T06:00:45Z</time></trkpt><trkpt lat="22.342028056649728" lon="114.22379184143321"><ele>505.4503452584159</ele><time>2022-05-07T06:00:50Z</time></trkpt><trkpt lat="22.342035766409357" lon="114.22377314134717"><ele>507.1460807036594</ele><time>2022-05-07T06:03:17Z</time></trkpt><trkpt lat="22.342038821777912" lon="114.22375363580305"><ele>506.95922734454257</ele><time>2022-05-07T06:03:28Z</time></trkpt><trkpt lat="22.34202721510513" lon="114.22373414999883"><ele>507.0245065791287</ele><time>2022-05-07T06:03:30Z</time></trkpt><trkpt lat="22.34202005962972" lon="114.22371254152358"><ele>507.3873049076434</ele><time>2022-05-07T06:03:44Z</time></trkpt><trkpt lat="22.342018344548563" lon="114.22369164875741"><ele>507.60546416539466</ele><time>2022-05-07T06:03:50Z</time></trkpt><trkpt lat="22.342021709257708" lon="114.22366874907893"><ele>507.94171664294504</ele><time>2022-05-07T06:03:53Z</time></trkpt><trkpt lat="22.342018382835604" lon="114.22364870085148"><ele>508.7548497285795</ele><time>2022-05-07T06:03:58Z</time></trkpt><trkpt lat="22.342007817984587" lon="114.22361799569859"><ele>509.9435958690709</ele><time>2022-05-07T06:04:02Z</time></trkpt><trkpt lat="22.342022357674054" lon="114.22360530686052"><ele>512.1328934274328</ele><time>2022-05-07T06:04:15Z</time></trkpt><trkpt lat="22.342034790208682" lon="114.2235876916804"><ele>512.7922246600527</ele><time>2022-05-07T06:04:18Z</time></trkpt><trkpt lat="22.342049882699172" lon="114.22356775061236"><ele>514.8590399011964</ele><time>2022-05-07T06:04:23Z</time></trkpt><trkpt lat="22.342068143060217" lon="114.22354511629561"><ele>515.8589503029337</ele><time>2022-05-07T06:04:26Z</time></trkpt><trkpt lat="22.342066270436444" lon="114.22352156197037"><ele>516.3862209860318</ele><time>2022-05-07T06:04:29Z</time></trkpt><trkpt lat="22.34206468084746" lon="114.22349494867011"><ele>518.6416432125166</ele><time>2022-05-07T06:04:47Z</time></trkpt><trkpt lat="22.342051553357717" lon="114.22347015831616"><ele>518.9220326352508</ele><time>2022-05-07T06:04:49Z</time></trkpt><trkpt lat="22.342049739874223" lon="114.22344363059285"><ele>519.1332474939808</ele><time>2022-05-07T06:04:55Z</time></trkpt><trkpt lat="22.342054749831238" lon="114.22342032335766"><ele>519.8789433582158</ele><time>2022-05-07T06:05:00Z</time></trkpt><trkpt lat="22.34206022570747" lon="114.22339684683077"><ele>520.673069743136</ele><time>2022-05-07T06:05:04Z</time></trkpt><trkpt lat="22.342049064070974" lon="114.2233767496916"><ele>521.0855511265235</ele><time>2022-05-07T06:05:07Z</time></trkpt><trkpt lat="22.342046053613487" lon="114.22335700943957"><ele>522.5138031134136</ele><time>2022-05-07T06:05:15Z</time></trkpt><trkpt lat="22.342044299826505" lon="114.22333625669722"><ele>523.2091120282334</ele><time>2022-05-07T06:05:21Z</time></trkpt><trkpt lat="22.34202151025759" lon="114.22333638719964"><ele>523.0106828750457</ele><time>2022-05-07T06:05:25Z</time></trkpt><trkpt lat="22.34201090091196" lon="114.22331980001283"><ele>522.7696848157269</ele><time>2022-05-07T06:05:29Z</time></trkpt><trkpt lat="22.342007948949174" lon="114.22330023070221"><ele>522.9880082006841</ele><time>2022-05-07T06:05:32Z</time></trkpt><trkpt lat="22.341988475691508" lon="114.22329410309827"><ele>522.5747269602298</ele><time>2022-05-07T06:05:37Z</time></trkpt><trkpt lat="22.341968957338842" lon="114.22329417306497"><ele>522.6215187422846</ele><time>2022-05-07T06:05:50Z</time></trkpt><trkpt lat="22.341956657280083" lon="114.2232788777555"><ele>523.733307213648</ele><time>2022-05-07T06:06:02Z</time></trkpt><trkpt lat="22.34195846221697" lon="114.22325608317426"><ele>525.2768561463562</ele><time>2022-05-07T06:06:23Z</time></trkpt><trkpt lat="22.341961077473073" lon="114.22322886186318"><ele>525.6741456648008</ele><time>2022-05-07T06:06:26Z</time></trkpt><trkpt lat="22.34195698428631" lon="114.22319836106678"><ele>526.1442037740389</ele><time>2022-05-07T06:06:28Z</time></trkpt><trkpt lat="22.341952558342406" lon="114.22317558937326"><ele>526.4036105410586</ele><time>2022-05-07T06:06:31Z</time></trkpt><trkpt lat="22.34193342152806" lon="114.2231642667261"><ele>526.2168466490285</ele><time>2022-05-07T06:06:35Z</time></trkpt><trkpt lat="22.341917733660157" lon="114.22315378421865"><ele>528.2832266279238</ele><time>2022-05-07T06:06:44Z</time></trkpt><trkpt lat="22.341899886201677" lon="114.22314514834176"><ele>531.446004184094</ele><time>2022-05-07T06:06:52Z</time></trkpt><trkpt lat="22.34189155669307" lon="114.22312585820592"><ele>532.5529935535948</ele><time>2022-05-07T06:06:59Z</time></trkpt><trkpt lat="22.34187900545649" lon="114.22311130530345"><ele>533.3982391024614</ele><time>2022-05-07T06:07:06Z</time></trkpt><trkpt lat="22.341872926667698" lon="114.22309036376774"><ele>534.3281239095119</ele><time>2022-05-07T06:07:12Z</time></trkpt><trkpt lat="22.341870154748882" lon="114.22306968033213"><ele>535.5952529318062</ele><time>2022-05-07T06:07:44Z</time></trkpt><trkpt lat="22.341852119801615" lon="114.22305352434262"><ele>536.2891803600296</ele><time>2022-05-07T06:07:51Z</time></trkpt><trkpt lat="22.341834418967156" lon="114.22304019463562"><ele>536.2270080478628</ele><time>2022-05-07T06:07:54Z</time></trkpt><trkpt lat="22.341823180219528" lon="114.2230125629142"><ele>536.9910982419135</ele><time>2022-05-07T06:07:59Z</time></trkpt><trkpt lat="22.341816678236356" lon="114.22298872554204"><ele>537.6834578212969</ele><time>2022-05-07T06:08:02Z</time></trkpt><trkpt lat="22.34181851738723" lon="114.22296583845022"><ele>537.7675467761266</ele><time>2022-05-07T06:08:05Z</time></trkpt><trkpt lat="22.341801608284243" lon="114.2229522849823"><ele>537.6475472733398</ele><time>2022-05-07T06:08:08Z</time></trkpt><trkpt lat="22.341804864571774" lon="114.2229176688221"><ele>539.8462696012333</ele><time>2022-05-07T06:08:18Z</time></trkpt><trkpt lat="22.341796962439698" lon="114.22289540140075"><ele>541.4266180483077</ele><time>2022-05-07T06:08:29Z</time></trkpt><trkpt lat="22.34178761073602" lon="114.22287605662221"><ele>543.246243197568</ele><time>2022-05-07T06:08:39Z</time></trkpt><trkpt lat="22.34177403062816" lon="114.22285945327255"><ele>543.2962616234616</ele><time>2022-05-07T06:08:42Z</time></trkpt><trkpt lat="22.341754073343274" lon="114.22284202510949"><ele>544.5950196699071</ele><time>2022-05-07T06:08:53Z</time></trkpt><trkpt lat="22.34173036679649" lon="114.22282853823216"><ele>544.9926931375198</ele><time>2022-05-07T06:08:56Z</time></trkpt><trkpt lat="22.341715370168323" lon="114.22279835451342"><ele>546.7570193209609</ele><time>2022-05-07T06:08:58Z</time></trkpt><trkpt lat="22.34171868993303" lon="114.22277846816408"><ele>548.4729932003854</ele><time>2022-05-07T06:09:00Z</time></trkpt><trkpt lat="22.341715467815618" lon="114.22275592978693"><ele>547.8643824761749</ele><time>2022-05-07T06:09:06Z</time></trkpt><trkpt lat="22.341693079132323" lon="114.2227944160602"><ele>550.9993607922707</ele><time>2022-05-07T06:09:08Z</time></trkpt><trkpt lat="22.341679843788516" lon="114.22277282601495"><ele>551.3997328774141</ele><time>2022-05-07T06:09:12Z</time></trkpt><trkpt lat="22.34167425073114" lon="114.22275040993733"><ele>551.6841679799725</ele><time>2022-05-07T06:09:16Z</time></trkpt><trkpt lat="22.341656558200135" lon="114.22272421778872"><ele>553.1585063999329</ele><time>2022-05-07T06:09:36Z</time></trkpt><trkpt lat="22.341635940846704" lon="114.22270394265838"><ele>552.1525418313452</ele><time>2022-05-07T06:09:39Z</time></trkpt><trkpt lat="22.341614485991027" lon="114.22271481424946"><ele>550.5879550976227</ele><time>2022-05-07T06:09:43Z</time></trkpt><trkpt lat="22.341617637471263" lon="114.22274171631375"><ele>553.8632988835101</ele><time>2022-05-07T06:10:38Z</time></trkpt><trkpt lat="22.341607857067544" lon="114.22276271354002"><ele>554.4815645834419</ele><time>2022-05-07T06:10:41Z</time></trkpt><trkpt lat="22.341594589310933" lon="114.2227788693897"><ele>555.4655278926077</ele><time>2022-05-07T06:10:46Z</time></trkpt><trkpt lat="22.341585118627986" lon="114.22280561285586"><ele>558.3320335566688</ele><time>2022-05-07T06:10:49Z</time></trkpt><trkpt lat="22.34157474871886" lon="114.22282170848747"><ele>559.8036066595622</ele><time>2022-05-07T06:10:50Z</time></trkpt><trkpt lat="22.341565928624654" lon="114.22284508804385"><ele>560.2711640004601</ele><time>2022-05-07T06:10:54Z</time></trkpt><trkpt lat="22.34155367564735" lon="114.22285983326637"><ele>560.8879753269639</ele><time>2022-05-07T06:10:57Z</time></trkpt><trkpt lat="22.341535809499653" lon="114.22286604646871"><ele>561.8305291082553</ele><time>2022-05-07T06:11:02Z</time></trkpt><trkpt lat="22.341521126898023" lon="114.22284527328095"><ele>563.0778576774403</ele><time>2022-05-07T06:11:06Z</time></trkpt><trkpt lat="22.341504155261845" lon="114.22285874304949"><ele>563.4785000823952</ele><time>2022-05-07T06:11:08Z</time></trkpt><trkpt lat="22.341487505287223" lon="114.2228735462593"><ele>565.5578198536846</ele><time>2022-05-07T06:12:01Z</time></trkpt><trkpt lat="22.341463198499717" lon="114.22287235854748"><ele>566.3972044345733</ele><time>2022-05-07T06:12:05Z</time></trkpt><trkpt lat="22.341440605872133" lon="114.22285749665902"><ele>566.9168342261955</ele><time>2022-05-07T06:12:10Z</time></trkpt><trkpt lat="22.341414800453162" lon="114.22285748433902"><ele>567.0106049639672</ele><time>2022-05-07T06:12:13Z</time></trkpt><trkpt lat="22.3413937280706" lon="114.22286987566217"><ele>567.0097212782574</ele><time>2022-05-07T06:12:16Z</time></trkpt><trkpt lat="22.341374871544932" lon="114.22287459607203"><ele>567.282112227148</ele><time>2022-05-07T06:12:18Z</time></trkpt><trkpt lat="22.341355909475915" lon="114.22286725015539"><ele>569.110955597516</ele><time>2022-05-07T06:12:21Z</time></trkpt><trkpt lat="22.34133660853484" lon="114.22285200867708"><ele>568.1655621477629</ele><time>2022-05-07T06:12:22Z</time></trkpt><trkpt lat="22.341316339032012" lon="114.2228546011199"><ele>567.8058529152988</ele><time>2022-05-07T06:12:24Z</time></trkpt><trkpt lat="22.34129992804377" lon="114.22287028767151"><ele>569.7317969283739</ele><time>2022-05-07T06:12:25Z</time></trkpt><trkpt lat="22.341281635646713" lon="114.22288322799953"><ele>570.9017204924858</ele><time>2022-05-07T06:12:41Z</time></trkpt><trkpt lat="22.34125889772734" lon="114.22288931750464"><ele>570.4674768804791</ele><time>2022-05-07T06:12:44Z</time></trkpt><trkpt lat="22.34123912439361" lon="114.22289587870475"><ele>570.1384622228871</ele><time>2022-05-07T06:12:47Z</time></trkpt><trkpt lat="22.34121257699651" lon="114.22290092831277"><ele>571.1629855540509</ele><time>2022-05-07T06:12:49Z</time></trkpt><trkpt lat="22.3411942589103" lon="114.22292224752937"><ele>575.1592039286538</ele><time>2022-05-07T06:12:54Z</time></trkpt><trkpt lat="22.3411720171399" lon="114.22292774505556"><ele>575.0233367710441</ele><time>2022-05-07T06:12:57Z</time></trkpt><trkpt lat="22.34115339332779" lon="114.22293337879591"><ele>575.2113056111507</ele><time>2022-05-07T06:13:00Z</time></trkpt><trkpt lat="22.341129250078193" lon="114.22293844447778"><ele>575.1304435648848</ele><time>2022-05-07T06:13:04Z</time></trkpt><trkpt lat="22.34111018519713" lon="114.2229428109234"><ele>575.4189332415422</ele><time>2022-05-07T06:13:08Z</time></trkpt><trkpt lat="22.341102965047305" lon="114.22296319587983"><ele>580.3799543436617</ele><time>2022-05-07T06:14:59Z</time></trkpt><trkpt lat="22.341097692635138" lon="114.2230002354139"><ele>586.9522331246199</ele><time>2022-05-07T06:15:25Z</time></trkpt><trkpt lat="22.341088273452044" lon="114.22303892794287"><ele>588.5094410654106</ele><time>2022-05-07T06:15:57Z</time></trkpt><trkpt lat="22.341091407764328" lon="114.22307208254492"><ele>589.4387617278294</ele><time>2022-05-07T06:15:58Z</time></trkpt><trkpt lat="22.34108852236187" lon="114.22309277639674"><ele>589.3161665785402</ele><time>2022-05-07T06:16:01Z</time></trkpt><trkpt lat="22.341082352489956" lon="114.22311556762168"><ele>589.6308135476273</ele><time>2022-05-07T06:16:04Z</time></trkpt><trkpt lat="22.34106573849497" lon="114.22312697053218"><ele>589.4905045282467</ele><time>2022-05-07T06:16:06Z</time></trkpt><trkpt lat="22.341060955340993" lon="114.2231459417035"><ele>590.1639487265955</ele><time>2022-05-07T06:16:14Z</time></trkpt><trkpt lat="22.341049454764253" lon="114.22316136530772"><ele>589.9585652505557</ele><time>2022-05-07T06:16:19Z</time></trkpt><trkpt lat="22.341051240299205" lon="114.22318457773305"><ele>590.3559528825415</ele><time>2022-05-07T06:16:23Z</time></trkpt><trkpt lat="22.34103698014043" lon="114.22319859762888"><ele>590.9817280560819</ele><time>2022-05-07T06:16:27Z</time></trkpt><trkpt lat="22.3410136023235" lon="114.22319577308481"><ele>591.5945337106119</ele><time>2022-05-07T06:16:29Z</time></trkpt><trkpt lat="22.340991208488617" lon="114.22317693845119"><ele>591.9852973687968</ele><time>2022-05-07T06:16:31Z</time></trkpt><trkpt lat="22.34097485089695" lon="114.22316130586557"><ele>592.229955255921</ele><time>2022-05-07T06:16:33Z</time></trkpt><trkpt lat="22.340956641583134" lon="114.22315620554662"><ele>592.0491832073307</ele><time>2022-05-07T06:16:36Z</time></trkpt><trkpt lat="22.340981013108316" lon="114.22317638701445"><ele>592.6160035943831</ele><time>2022-05-07T06:16:57Z</time></trkpt><trkpt lat="22.341010655235635" lon="114.22318777649562"><ele>592.5164958122418</ele><time>2022-05-07T06:16:59Z</time></trkpt><trkpt lat="22.341034233149376" lon="114.22319848407902"><ele>592.255525078818</ele><time>2022-05-07T06:17:01Z</time></trkpt><trkpt lat="22.341054657893967" lon="114.22320468624476"><ele>592.1697836732817</ele><time>2022-05-07T06:17:03Z</time></trkpt><trkpt lat="22.341078189028924" lon="114.22321411923181"><ele>592.1873755742531</ele><time>2022-05-07T06:17:05Z</time></trkpt><trkpt lat="22.34109774264148" lon="114.22321896116306"><ele>592.0503999986291</ele><time>2022-05-07T06:17:07Z</time></trkpt><trkpt lat="22.341079742449388" lon="114.22322573483977"><ele>592.2018149208028</ele><time>2022-05-07T06:17:50Z</time></trkpt><trkpt lat="22.341060242812393" lon="114.22321922165514"><ele>592.1015086529086</ele><time>2022-05-07T06:17:52Z</time></trkpt><trkpt lat="22.341040430474848" lon="114.22321192568255"><ele>592.2470862513862</ele><time>2022-05-07T06:17:54Z</time></trkpt><trkpt lat="22.341020862426454" lon="114.22320078004778"><ele>592.7431115710766</ele><time>2022-05-07T06:17:56Z</time></trkpt><trkpt lat="22.341000367833782" lon="114.22319421470479"><ele>592.9428508253884</ele><time>2022-05-07T06:17:59Z</time></trkpt><trkpt lat="22.340977020291167" lon="114.22319987752017"><ele>593.5847815775148</ele><time>2022-05-07T06:18:02Z</time></trkpt><trkpt lat="22.340957895448707" lon="114.22320731820443"><ele>594.1362455828005</ele><time>2022-05-07T06:18:05Z</time></trkpt><trkpt lat="22.34093290279822" lon="114.22320733740557"><ele>594.5027723622575</ele><time>2022-05-07T06:18:09Z</time></trkpt><trkpt lat="22.34091117356476" lon="114.22321290677915"><ele>594.5954403749656</ele><time>2022-05-07T06:18:11Z</time></trkpt><trkpt lat="22.34089116456377" lon="114.22321814443343"><ele>594.7552657072251</ele><time>2022-05-07T06:18:13Z</time></trkpt><trkpt lat="22.34087601349253" lon="114.2232334702483"><ele>595.1820271356398</ele><time>2022-05-07T06:18:15Z</time></trkpt><trkpt lat="22.340864216900304" lon="114.22325051620798"><ele>595.1451534148474</ele><time>2022-05-07T06:18:18Z</time></trkpt><trkpt lat="22.340864017027474" lon="114.22327686420428"><ele>596.0957639122098</ele><time>2022-05-07T06:18:25Z</time></trkpt><trkpt lat="22.340845235693443" lon="114.22329148626332"><ele>596.9011567662455</ele><time>2022-05-07T06:18:28Z</time></trkpt><trkpt lat="22.34083840865617" lon="114.22331560217758"><ele>598.6074279137715</ele><time>2022-05-07T06:18:32Z</time></trkpt><trkpt lat="22.340821829151555" lon="114.22333153006076"><ele>600.5429020351322</ele><time>2022-05-07T06:18:38Z</time></trkpt><trkpt lat="22.340806907847256" lon="114.22334300882379"><ele>602.1361248078613</ele><time>2022-05-07T06:18:43Z</time></trkpt><trkpt lat="22.340785019461585" lon="114.22335403143711"><ele>602.3679352692958</ele><time>2022-05-07T06:18:47Z</time></trkpt><trkpt lat="22.340763636242013" lon="114.2233617945191"><ele>601.9576799169372</ele><time>2022-05-07T06:18:50Z</time></trkpt><trkpt lat="22.340745500948284" lon="114.22335455642504"><ele>602.250450482812</ele><time>2022-05-07T06:19:07Z</time></trkpt><trkpt lat="22.340718389102843" lon="114.22334274125889"><ele>601.9816735494329</ele><time>2022-05-07T06:19:16Z</time></trkpt><trkpt lat="22.340694438698584" lon="114.22333976707334"><ele>602.1390313020605</ele><time>2022-05-07T06:19:18Z</time></trkpt><trkpt lat="22.34067160858829" lon="114.22334025679007"><ele>602.7028018200697</ele><time>2022-05-07T06:19:20Z</time></trkpt><trkpt lat="22.340651557588128" lon="114.22333522511047"><ele>604.3700531625644</ele><time>2022-05-07T06:19:52Z</time></trkpt><trkpt lat="22.340671520634487" lon="114.22333677511958"><ele>604.7017098029523</ele><time>2022-05-07T06:20:14Z</time></trkpt><trkpt lat="22.340687934189546" lon="114.22332734815596"><ele>603.674908413167</ele><time>2022-05-07T06:21:26Z</time></trkpt><trkpt lat="22.34070605357362" lon="114.22332630175939"><ele>603.582340192666</ele><time>2022-05-07T06:22:28Z</time></trkpt><trkpt lat="22.340724163856137" lon="114.22331585091949"><ele>603.5494890600905</ele><time>2022-05-07T06:22:30Z</time></trkpt><trkpt lat="22.34075256823342" lon="114.22330474496023"><ele>602.4283536596372</ele><time>2022-05-07T06:22:34Z</time></trkpt><trkpt lat="22.34077160866788" lon="114.22330022570964"><ele>601.855045357189</ele><time>2022-05-07T06:22:36Z</time></trkpt><trkpt lat="22.34079925273169" lon="114.2232867829461"><ele>601.277559199238</ele><time>2022-05-07T06:22:39Z</time></trkpt><trkpt lat="22.340813250433737" lon="114.22327049630289"><ele>600.6436830982503</ele><time>2022-05-07T06:22:41Z</time></trkpt><trkpt lat="22.340831994395508" lon="114.22326492189582"><ele>600.4732455282925</ele><time>2022-05-07T06:22:43Z</time></trkpt><trkpt lat="22.340849714938265" lon="114.2232543100885"><ele>600.8447285275606</ele><time>2022-05-07T06:22:48Z</time></trkpt><trkpt lat="22.34085031720386" lon="114.22322026791541"><ele>601.8650148572009</ele><time>2022-05-07T06:22:51Z</time></trkpt><trkpt lat="22.340861316415637" lon="114.22319819480232"><ele>602.0497583068645</ele><time>2022-05-07T06:22:53Z</time></trkpt><trkpt lat="22.34087238705025" lon="114.22317284217651"><ele>602.0473431330579</ele><time>2022-05-07T06:22:55Z</time></trkpt><trkpt lat="22.34089136974044" lon="114.22315078770713"><ele>601.8938218883899</ele><time>2022-05-07T06:22:57Z</time></trkpt><trkpt lat="22.340915078031305" lon="114.2231467297139"><ele>601.9690892022317</ele><time>2022-05-07T06:23:00Z</time></trkpt><trkpt lat="22.340934483532784" lon="114.22316056312167"><ele>600.6242167217343</ele><time>2022-05-07T06:23:16Z</time></trkpt><trkpt lat="22.34096339768737" lon="114.22316951144748"><ele>599.400939706565</ele><time>2022-05-07T06:23:19Z</time></trkpt><trkpt lat="22.340982890853894" lon="114.22316187052316"><ele>597.865640090288</ele><time>2022-05-07T06:23:27Z</time></trkpt><trkpt lat="22.341006944217558" lon="114.22315411083612"><ele>596.9354810596658</ele><time>2022-05-07T06:23:29Z</time></trkpt><trkpt lat="22.341000143105866" lon="114.2231191831457"><ele>595.2000912072934</ele><time>2022-05-07T06:23:34Z</time></trkpt><trkpt lat="22.341008473831653" lon="114.22309351447875"><ele>593.9711833884029</ele><time>2022-05-07T06:23:37Z</time></trkpt><trkpt lat="22.341010121906063" lon="114.22307367474552"><ele>593.1228566752034</ele><time>2022-05-07T06:23:40Z</time></trkpt><trkpt lat="22.341012291485203" lon="114.22305249067415"><ele>592.1370160292867</ele><time>2022-05-07T06:23:46Z</time></trkpt><trkpt lat="22.34102350139024" lon="114.22303478206325"><ele>591.9105851429395</ele><time>2022-05-07T06:23:48Z</time></trkpt><trkpt lat="22.341044930406767" lon="114.22302129548589"><ele>591.7687357423633</ele><time>2022-05-07T06:23:50Z</time></trkpt><trkpt lat="22.341067497433958" lon="114.22301140999173"><ele>591.2984744509846</ele><time>2022-05-07T06:23:53Z</time></trkpt><trkpt lat="22.341084559766763" lon="114.2229992523603"><ele>590.7112320586369</ele><time>2022-05-07T06:23:57Z</time></trkpt><trkpt lat="22.341079702102714" lon="114.22297262879296"><ele>590.1099010179048</ele><time>2022-05-07T06:24:00Z</time></trkpt><trkpt lat="22.341070390714297" lon="114.22295543119105"><ele>589.035247731221</ele><time>2022-05-07T06:24:04Z</time></trkpt><trkpt lat="22.3410573447465" lon="114.22297372203546"><ele>587.5613963947721</ele><time>2022-05-07T06:24:29Z</time></trkpt><trkpt lat="22.341077917731575" lon="114.22297029405878"><ele>588.4757248078239</ele><time>2022-05-07T06:24:34Z</time></trkpt><trkpt lat="22.34110630925565" lon="114.22296926150796"><ele>587.9626750515484</ele><time>2022-05-07T06:24:37Z</time></trkpt><trkpt lat="22.34112606345369" lon="114.22296193208041"><ele>587.3701188611855</ele><time>2022-05-07T06:24:43Z</time></trkpt><trkpt lat="22.341144895313793" lon="114.22295947030096"><ele>587.2730015069461</ele><time>2022-05-07T06:24:48Z</time></trkpt><trkpt lat="22.341167217562713" lon="114.22294969987638"><ele>586.6612704570039</ele><time>2022-05-07T06:24:51Z</time></trkpt><trkpt lat="22.341192327367104" lon="114.22294343496826"><ele>585.8727474674079</ele><time>2022-05-07T06:24:54Z</time></trkpt><trkpt lat="22.341206473907985" lon="114.22292125727633"><ele>585.3890261409983</ele><time>2022-05-07T06:24:57Z</time></trkpt><trkpt lat="22.341219274766456" lon="114.22290543425872"><ele>585.052264647647</ele><time>2022-05-07T06:24:59Z</time></trkpt><trkpt lat="22.341234981136164" lon="114.22289078046747"><ele>582.8019364193137</ele><time>2022-05-07T06:25:06Z</time></trkpt><trkpt lat="22.34125465981679" lon="114.22289132625063"><ele>581.6939969634471</ele><time>2022-05-07T06:25:08Z</time></trkpt><trkpt lat="22.34128072416511" lon="114.222891337393"><ele>580.8717019075988</ele><time>2022-05-07T06:25:10Z</time></trkpt><trkpt lat="22.341305041753365" lon="114.22289475662883"><ele>580.4887880293037</ele><time>2022-05-07T06:25:12Z</time></trkpt><trkpt lat="22.341331273176415" lon="114.22290250366613"><ele>580.140022763334</ele><time>2022-05-07T06:25:15Z</time></trkpt><trkpt lat="22.34134944992601" lon="114.2229028154492"><ele>579.666064651604</ele><time>2022-05-07T06:25:20Z</time></trkpt><trkpt lat="22.341366599503306" lon="114.22292159492797"><ele>579.4980207290536</ele><time>2022-05-07T06:25:57Z</time></trkpt><trkpt lat="22.341387205083837" lon="114.22291926689269"><ele>579.3703607777065</ele><time>2022-05-07T06:27:34Z</time></trkpt><trkpt lat="22.341397419805908" lon="114.22289449834659"><ele>579.7991670798509</ele><time>2022-05-07T06:27:39Z</time></trkpt><trkpt lat="22.341411802508958" lon="114.22288072475159"><ele>579.6837513306637</ele><time>2022-05-07T06:28:02Z</time></trkpt><trkpt lat="22.341431502733755" lon="114.22289064262311"><ele>579.2815249097213</ele><time>2022-05-07T06:28:13Z</time></trkpt><trkpt lat="22.341450405207137" lon="114.22288661676508"><ele>579.1250149290527</ele><time>2022-05-07T06:28:15Z</time></trkpt><trkpt lat="22.341469454566848" lon="114.22287971580586"><ele>578.7511154681607</ele><time>2022-05-07T06:28:18Z</time></trkpt><trkpt lat="22.341477112327574" lon="114.22286023486522"><ele>576.2866085221234</ele><time>2022-05-07T06:28:28Z</time></trkpt><trkpt lat="22.341489780149512" lon="114.22284613466361"><ele>572.1866964720313</ele><time>2022-05-07T06:28:59Z</time></trkpt><trkpt lat="22.341512180476272" lon="114.22284645780817"><ele>572.0368382111025</ele><time>2022-05-07T06:29:34Z</time></trkpt><trkpt lat="22.341527353529564" lon="114.22282341536969"><ele>571.0424299982175</ele><time>2022-05-07T06:29:35Z</time></trkpt><trkpt lat="22.341542453174576" lon="114.22281115688095"><ele>570.9397858860093</ele><time>2022-05-07T06:29:38Z</time></trkpt><trkpt lat="22.34155055917536" lon="114.22279004534546"><ele>571.3062482254032</ele><time>2022-05-07T06:29:41Z</time></trkpt><trkpt lat="22.341558043597768" lon="114.22277207252249"><ele>571.3602302450525</ele><time>2022-05-07T06:29:43Z</time></trkpt><trkpt lat="22.341580563413874" lon="114.22277654277386"><ele>568.5809665451251</ele><time>2022-05-07T06:29:51Z</time></trkpt><trkpt lat="22.341599466826437" lon="114.2227667212632"><ele>567.9898049454248</ele><time>2022-05-07T06:29:54Z</time></trkpt><trkpt lat="22.341601176402957" lon="114.22274238128657"><ele>567.9205387412004</ele><time>2022-05-07T06:29:57Z</time></trkpt><trkpt lat="22.34161719305317" lon="114.22275484960186"><ele>567.3727822293005</ele><time>2022-05-07T06:30:11Z</time></trkpt><trkpt lat="22.34163113147746" lon="114.22276872574582"><ele>567.023239176902</ele><time>2022-05-07T06:30:13Z</time></trkpt><trkpt lat="22.34165006427418" lon="114.2227696377254"><ele>566.832750711267</ele><time>2022-05-07T06:30:14Z</time></trkpt><trkpt lat="22.341670413378083" lon="114.22277999609832"><ele>566.2531725896711</ele><time>2022-05-07T06:30:16Z</time></trkpt><trkpt lat="22.341691177604982" lon="114.22278802371724"><ele>565.8511374353901</ele><time>2022-05-07T06:30:19Z</time></trkpt><trkpt lat="22.341710629762176" lon="114.22279029732708"><ele>565.4483233875663</ele><time>2022-05-07T06:30:22Z</time></trkpt><trkpt lat="22.34173495908175" lon="114.22278125723926"><ele>564.7357026117353</ele><time>2022-05-07T06:30:25Z</time></trkpt><trkpt lat="22.341761815242197" lon="114.22277388001552"><ele>563.5364237708859</ele><time>2022-05-07T06:30:40Z</time></trkpt><trkpt lat="22.34177997375236" lon="114.22277108128749"><ele>563.3214062909351</ele><time>2022-05-07T06:30:42Z</time></trkpt><trkpt lat="22.341805547106347" lon="114.22277988452987"><ele>561.6504141411191</ele><time>2022-05-07T06:31:03Z</time></trkpt><trkpt lat="22.34181734344704" lon="114.22280350136948"><ele>560.984706610666</ele><time>2022-05-07T06:31:09Z</time></trkpt><trkpt lat="22.341836027730196" lon="114.22280758641736"><ele>558.8217920134839</ele><time>2022-05-07T06:31:28Z</time></trkpt><trkpt lat="22.341855409102205" lon="114.22279271201462"><ele>558.444254238706</ele><time>2022-05-07T06:31:31Z</time></trkpt><trkpt lat="22.341886068091366" lon="114.2227967927063"><ele>558.3230962844032</ele><time>2022-05-07T06:31:35Z</time></trkpt><trkpt lat="22.34190469183094" lon="114.22278942433645"><ele>558.3623287237127</ele><time>2022-05-07T06:31:37Z</time></trkpt><trkpt lat="22.341927270534182" lon="114.22279807654213"><ele>557.9253033581791</ele><time>2022-05-07T06:31:42Z</time></trkpt><trkpt lat="22.34194036242645" lon="114.22281440674713"><ele>557.8462015702635</ele><time>2022-05-07T06:31:45Z</time></trkpt><trkpt lat="22.34196067028373" lon="114.22281912016182"><ele>557.683460015354</ele><time>2022-05-07T06:31:48Z</time></trkpt><trkpt lat="22.341981980628887" lon="114.22281652959113"><ele>557.6737020779887</ele><time>2022-05-07T06:31:51Z</time></trkpt><trkpt lat="22.342011022824785" lon="114.22281695284265"><ele>556.9979340212496</ele><time>2022-05-07T06:31:54Z</time></trkpt><trkpt lat="22.342029770795065" lon="114.22281701930842"><ele>556.8010110817619</ele><time>2022-05-07T06:31:56Z</time></trkpt><trkpt lat="22.34205409923184" lon="114.22282717013292"><ele>555.7004932644443</ele><time>2022-05-07T06:32:13Z</time></trkpt><trkpt lat="22.342071954202616" lon="114.222823796474"><ele>555.3244594301774</ele><time>2022-05-07T06:32:15Z</time></trkpt><trkpt lat="22.34209582694547" lon="114.22281672256732"><ele>554.9862958586123</ele><time>2022-05-07T06:32:17Z</time></trkpt><trkpt lat="22.34211192480652" lon="114.22282898780453"><ele>554.604645270061</ele><time>2022-05-07T06:32:22Z</time></trkpt><trkpt lat="22.34213194810105" lon="114.22282320634567"><ele>554.931717701209</ele><time>2022-05-07T06:32:43Z</time></trkpt><trkpt lat="22.342151245495245" lon="114.2228197583636"><ele>554.7119438397846</ele><time>2022-05-07T06:32:45Z</time></trkpt><trkpt lat="22.342182964601623" lon="114.22283115504128"><ele>554.1790676734631</ele><time>2022-05-07T06:32:47Z</time></trkpt><trkpt lat="22.342211529673648" lon="114.22283330733748"><ele>553.9796563048965</ele><time>2022-05-07T06:32:49Z</time></trkpt><trkpt lat="22.342229441761646" lon="114.22282284258928"><ele>553.6221137287932</ele><time>2022-05-07T06:32:52Z</time></trkpt><trkpt lat="22.342245510144924" lon="114.22281197284153"><ele>553.5486544646584</ele><time>2022-05-07T06:32:56Z</time></trkpt><trkpt lat="22.342267972332987" lon="114.22280823382326"><ele>553.1951336012895</ele><time>2022-05-07T06:33:00Z</time></trkpt><trkpt lat="22.342287046706037" lon="114.22281394863388"><ele>553.1990692533363</ele><time>2022-05-07T06:33:03Z</time></trkpt><trkpt lat="22.342305288704857" lon="114.22280994196318"><ele>553.4915266343124</ele><time>2022-05-07T06:33:06Z</time></trkpt><trkpt lat="22.342325523992574" lon="114.22279640409492"><ele>553.2387742060434</ele><time>2022-05-07T06:33:09Z</time></trkpt><trkpt lat="22.342348431069844" lon="114.2227873215753"><ele>553.2796200010614</ele><time>2022-05-07T06:33:11Z</time></trkpt><trkpt lat="22.34236965747264" lon="114.22278195374524"><ele>553.333746820406</ele><time>2022-05-07T06:33:14Z</time></trkpt><trkpt lat="22.342392885465898" lon="114.22277672592831"><ele>553.6979683235503</ele><time>2022-05-07T06:33:17Z</time></trkpt><trkpt lat="22.34241024778168" lon="114.22276678832017"><ele>553.5181611877669</ele><time>2022-05-07T06:33:19Z</time></trkpt><trkpt lat="22.342432026901466" lon="114.22276090662588"><ele>553.1065798044776</ele><time>2022-05-07T06:33:22Z</time></trkpt><trkpt lat="22.342454396018255" lon="114.22275923220943"><ele>553.8429358355988</ele><time>2022-05-07T06:33:48Z</time></trkpt><trkpt lat="22.342471086851425" lon="114.22276744256109"><ele>553.9495257521583</ele><time>2022-05-07T06:33:49Z</time></trkpt><trkpt lat="22.342491857930913" lon="114.22278605502464"><ele>554.3277919540194</ele><time>2022-05-07T06:33:51Z</time></trkpt><trkpt lat="22.342511622041346" lon="114.22278874822452"><ele>554.3584904994924</ele><time>2022-05-07T06:33:53Z</time></trkpt><trkpt lat="22.342527334602913" lon="114.22277718546594"><ele>554.1874484396703</ele><time>2022-05-07T06:34:00Z</time></trkpt><trkpt lat="22.34253868260474" lon="114.22275379390489"><ele>552.5630461314247</ele><time>2022-05-07T06:34:05Z</time></trkpt><trkpt lat="22.34256271192483" lon="114.22275329124771"><ele>551.6448127538391</ele><time>2022-05-07T06:34:07Z</time></trkpt><trkpt lat="22.342581223219117" lon="114.22274847551832"><ele>550.9547547980225</ele><time>2022-05-07T06:34:09Z</time></trkpt><trkpt lat="22.34260008069165" lon="114.22273859270541"><ele>550.5177672458641</ele><time>2022-05-07T06:34:11Z</time></trkpt><trkpt lat="22.342621819932106" lon="114.22274823391729"><ele>550.2597828031745</ele><time>2022-05-07T06:34:13Z</time></trkpt><trkpt lat="22.342641410821678" lon="114.22275983582053"><ele>549.9456310105018</ele><time>2022-05-07T06:34:16Z</time></trkpt><trkpt lat="22.342664268544244" lon="114.22276172307197"><ele>549.6866735266759</ele><time>2022-05-07T06:34:20Z</time></trkpt><trkpt lat="22.3426836812189" lon="114.2227694905628"><ele>549.315984229621</ele><time>2022-05-07T06:34:24Z</time></trkpt><trkpt lat="22.34270525011027" lon="114.22275410631"><ele>549.6379948464726</ele><time>2022-05-07T06:34:39Z</time></trkpt><trkpt lat="22.342725907163178" lon="114.222741078203"><ele>549.4114117470475</ele><time>2022-05-07T06:34:41Z</time></trkpt><trkpt lat="22.342748244409446" lon="114.2227324105201"><ele>549.3563389721716</ele><time>2022-05-07T06:34:43Z</time></trkpt><trkpt lat="22.342768051208036" lon="114.22273022151063"><ele>549.3391177766397</ele><time>2022-05-07T06:34:45Z</time></trkpt><trkpt lat="22.34278703076744" lon="114.22272393565272"><ele>549.4993511524017</ele><time>2022-05-07T06:34:48Z</time></trkpt><trkpt lat="22.342803596147892" lon="114.2227370098928"><ele>549.1411640372014</ele><time>2022-05-07T06:34:58Z</time></trkpt><trkpt lat="22.342823091783306" lon="114.22274645020327"><ele>548.5818698965128</ele><time>2022-05-07T06:35:01Z</time></trkpt><trkpt lat="22.3428418244456" lon="114.2227446706041"><ele>548.1849053835173</ele><time>2022-05-07T06:35:05Z</time></trkpt><trkpt lat="22.34285572033656" lon="114.22273003472004"><ele>547.9263868945408</ele><time>2022-05-07T06:35:08Z</time></trkpt><trkpt lat="22.342871010296992" lon="114.22274687165888"><ele>547.8150320902773</ele><time>2022-05-07T06:35:31Z</time></trkpt><trkpt lat="22.342885465919885" lon="114.22276702137489"><ele>547.7504354040071</ele><time>2022-05-07T06:35:34Z</time></trkpt><trkpt lat="22.342911666748886" lon="114.22277521004835"><ele>547.299197425698</ele><time>2022-05-07T06:35:36Z</time></trkpt><trkpt lat="22.342930417322883" lon="114.2227593099799"><ele>545.478353556422</ele><time>2022-05-07T06:35:44Z</time></trkpt><trkpt lat="22.342951387895546" lon="114.22275628438202"><ele>545.3118927787732</ele><time>2022-05-07T06:35:58Z</time></trkpt><trkpt lat="22.342970486628197" lon="114.22277551287272"><ele>544.2805406398643</ele><time>2022-05-07T06:36:08Z</time></trkpt><trkpt lat="22.34297686056668" lon="114.22279430772782"><ele>543.1122425240098</ele><time>2022-05-07T06:36:17Z</time></trkpt><trkpt lat="22.342997102814746" lon="114.22279000989941"><ele>541.8975061534195</ele><time>2022-05-07T06:36:20Z</time></trkpt><trkpt lat="22.343018194138583" lon="114.22279147158088"><ele>541.8972752632747</ele><time>2022-05-07T06:36:24Z</time></trkpt><trkpt lat="22.34303410800192" lon="114.2227815769079"><ele>541.8991431031537</ele><time>2022-05-07T06:36:28Z</time></trkpt><trkpt lat="22.34305149304222" lon="114.22279063156847"><ele>540.9874486223364</ele><time>2022-05-07T06:36:35Z</time></trkpt><trkpt lat="22.34306964406209" lon="114.22278205873634"><ele>541.0022252582849</ele><time>2022-05-07T06:36:38Z</time></trkpt><trkpt lat="22.343081269681278" lon="114.22276462431506"><ele>540.7448594112168</ele><time>2022-05-07T06:36:41Z</time></trkpt><trkpt lat="22.34309912388498" lon="114.22274846798207"><ele>541.1399899671843</ele><time>2022-05-07T06:37:06Z</time></trkpt><trkpt lat="22.343118310371672" lon="114.2227444018848"><ele>541.0930081104392</ele><time>2022-05-07T06:37:07Z</time></trkpt><trkpt lat="22.343133682073" lon="114.22275890140345"><ele>541.2200643438724</ele><time>2022-05-07T06:37:09Z</time></trkpt><trkpt lat="22.343150438317288" lon="114.22276647429526"><ele>540.6534422977392</ele><time>2022-05-07T06:37:14Z</time></trkpt><trkpt lat="22.343168168654042" lon="114.22275193914805"><ele>540.358264702012</ele><time>2022-05-07T06:37:16Z</time></trkpt><trkpt lat="22.34318324800205" lon="114.22273816365188"><ele>540.3274718220576</ele><time>2022-05-07T06:37:19Z</time></trkpt><trkpt lat="22.343208473848613" lon="114.22273041458352"><ele>539.8363784559152</ele><time>2022-05-07T06:37:23Z</time></trkpt><trkpt lat="22.343225228255253" lon="114.22271589676284"><ele>539.0434412614392</ele><time>2022-05-07T06:37:30Z</time></trkpt><trkpt lat="22.34323887312612" lon="114.22270191801076"><ele>537.2562359419514</ele><time>2022-05-07T06:37:37Z</time></trkpt><trkpt lat="22.343245552437363" lon="114.222682169748"><ele>537.1231162063323</ele><time>2022-05-07T06:37:46Z</time></trkpt><trkpt lat="22.343264947496277" lon="114.22266988082383"><ele>535.9875383347176</ele><time>2022-05-07T06:37:51Z</time></trkpt><trkpt lat="22.343288587240515" lon="114.2226629166275"><ele>535.741539072108</ele><time>2022-05-07T06:37:54Z</time></trkpt><trkpt lat="22.343306203935867" lon="114.22265674831688"><ele>535.1917785457747</ele><time>2022-05-07T06:37:56Z</time></trkpt><trkpt lat="22.34332492051355" lon="114.22266061799807"><ele>534.2547805104003</ele><time>2022-05-07T06:37:58Z</time></trkpt><trkpt lat="22.34334184205087" lon="114.22264863298065"><ele>534.1963926293296</ele><time>2022-05-07T06:38:02Z</time></trkpt><trkpt lat="22.343357140508704" lon="114.22263468593675"><ele>533.7521280561621</ele><time>2022-05-07T06:38:06Z</time></trkpt><trkpt lat="22.34336822874152" lon="114.22261231964988"><ele>533.265423796937</ele><time>2022-05-07T06:38:08Z</time></trkpt><trkpt lat="22.343387170765713" lon="114.22261056570667"><ele>532.5038969937407</ele><time>2022-05-07T06:38:11Z</time></trkpt><trkpt lat="22.343418784692062" lon="114.22261525027088"><ele>531.8980232748281</ele><time>2022-05-07T06:38:13Z</time></trkpt><trkpt lat="22.343440483774014" lon="114.22260326279377"><ele>531.5239773367862</ele><time>2022-05-07T06:38:16Z</time></trkpt><trkpt lat="22.34345861553246" lon="114.22258712502699"><ele>531.2652441846701</ele><time>2022-05-07T06:38:18Z</time></trkpt><trkpt lat="22.343472351044735" lon="114.22256928676525"><ele>531.0661571997267</ele><time>2022-05-07T06:38:20Z</time></trkpt><trkpt lat="22.343491422130427" lon="114.22254960046888"><ele>531.3011923127093</ele><time>2022-05-07T06:38:23Z</time></trkpt><trkpt lat="22.343512323703774" lon="114.22255061782515"><ele>530.9957182268165</ele><time>2022-05-07T06:38:25Z</time></trkpt><trkpt lat="22.343533228237046" lon="114.22255097927415"><ele>530.5481088833399</ele><time>2022-05-07T06:38:27Z</time></trkpt><trkpt lat="22.343554632018293" lon="114.222551958156"><ele>530.0726145842748</ele><time>2022-05-07T06:38:30Z</time></trkpt><trkpt lat="22.343577589787255" lon="114.2225480403237"><ele>529.790871611746</ele><time>2022-05-07T06:38:33Z</time></trkpt><trkpt lat="22.34359707083156" lon="114.22253903703222"><ele>528.9807426853632</ele><time>2022-05-07T06:38:37Z</time></trkpt><trkpt lat="22.343612349159926" lon="114.22252246827489"><ele>529.114389702474</ele><time>2022-05-07T06:38:41Z</time></trkpt><trkpt lat="22.343631056876053" lon="114.22251069966248"><ele>529.2918328942768</ele><time>2022-05-07T06:38:44Z</time></trkpt><trkpt lat="22.34364919786235" lon="114.22250462284438"><ele>529.1606687757616</ele><time>2022-05-07T06:38:46Z</time></trkpt><trkpt lat="22.343667924444127" lon="114.22250626969164"><ele>528.8631538376098</ele><time>2022-05-07T06:38:49Z</time></trkpt><trkpt lat="22.34368355353211" lon="114.22251724576068"><ele>528.5708876055558</ele><time>2022-05-07T06:38:53Z</time></trkpt><trkpt lat="22.34370373663742" lon="114.22252413951858"><ele>527.6523599955208</ele><time>2022-05-07T06:39:04Z</time></trkpt><trkpt lat="22.343713287427835" lon="114.22254715502206"><ele>527.0338928063301</ele><time>2022-05-07T06:39:07Z</time></trkpt><trkpt lat="22.343731670322384" lon="114.22255314889073"><ele>526.2321112757353</ele><time>2022-05-07T06:39:14Z</time></trkpt><trkpt lat="22.34375091365243" lon="114.22254121480609"><ele>526.3434101389562</ele><time>2022-05-07T06:39:16Z</time></trkpt><trkpt lat="22.3437686613014" lon="114.2225305737637"><ele>526.3259505530492</ele><time>2022-05-07T06:39:20Z</time></trkpt><trkpt lat="22.343796266970294" lon="114.22252386392452"><ele>525.779214709585</ele><time>2022-05-07T06:39:23Z</time></trkpt><trkpt lat="22.343814403441677" lon="114.22251582913324"><ele>524.9212789184918</ele><time>2022-05-07T06:39:26Z</time></trkpt><trkpt lat="22.343834806607966" lon="114.22251570437963"><ele>523.3008769798383</ele><time>2022-05-07T06:39:32Z</time></trkpt><trkpt lat="22.343848636570613" lon="114.22250214245967"><ele>523.0318274616801</ele><time>2022-05-07T06:39:36Z</time></trkpt><trkpt lat="22.34386887649499" lon="114.22249850940084"><ele>522.7564818035631</ele><time>2022-05-07T06:39:40Z</time></trkpt><trkpt lat="22.343888916543566" lon="114.22249792318446"><ele>522.9240553804282</ele><time>2022-05-07T06:39:43Z</time></trkpt><trkpt lat="22.343906338879876" lon="114.2224881641657"><ele>522.8517774689852</ele><time>2022-05-07T06:39:46Z</time></trkpt><trkpt lat="22.343920608641834" lon="114.22247554655247"><ele>522.4261048612697</ele><time>2022-05-07T06:39:48Z</time></trkpt><trkpt lat="22.34393008342498" lon="114.22245620291336"><ele>521.4651811845545</ele><time>2022-05-07T06:39:52Z</time></trkpt><trkpt lat="22.343951371931713" lon="114.22245714691682"><ele>521.628064928674</ele><time>2022-05-07T06:39:55Z</time></trkpt><trkpt lat="22.343972851046733" lon="114.22245185117939"><ele>522.0557324401805</ele><time>2022-05-07T06:39:58Z</time></trkpt><trkpt lat="22.34398240885112" lon="114.22243307495314"><ele>522.7762199232353</ele><time>2022-05-07T06:40:00Z</time></trkpt><trkpt lat="22.344003355002435" lon="114.22242468841569"><ele>522.993229941438</ele><time>2022-05-07T06:40:02Z</time></trkpt><trkpt lat="22.344022375729836" lon="114.22242878519866"><ele>522.9631651994116</ele><time>2022-05-07T06:40:04Z</time></trkpt><trkpt lat="22.34404810824453" lon="114.22243626018184"><ele>523.2547919173822</ele><time>2022-05-07T06:40:07Z</time></trkpt><trkpt lat="22.344069931494147" lon="114.22244016738381"><ele>523.7611687645851</ele><time>2022-05-07T06:40:10Z</time></trkpt><trkpt lat="22.34409233076829" lon="114.22243346625525"><ele>523.8255191623796</ele><time>2022-05-07T06:40:12Z</time></trkpt><trkpt lat="22.34411151828692" lon="114.22243041936424"><ele>523.2710381695666</ele><time>2022-05-07T06:40:15Z</time></trkpt><trkpt lat="22.344132990292554" lon="114.22242205517078"><ele>522.8129962374838</ele><time>2022-05-07T06:40:19Z</time></trkpt><trkpt lat="22.34415548775545" lon="114.22241568667006"><ele>522.9002689779728</ele><time>2022-05-07T06:40:21Z</time></trkpt><trkpt lat="22.34417238113424" lon="114.2224250441271"><ele>522.9889162450559</ele><time>2022-05-07T06:40:24Z</time></trkpt><trkpt lat="22.34419921175175" lon="114.22244566983802"><ele>523.7383354269796</ele><time>2022-05-07T06:40:41Z</time></trkpt><trkpt lat="22.34419052137847" lon="114.22242653464646"><ele>523.3957917267795</ele><time>2022-05-07T06:41:11Z</time></trkpt><trkpt lat="22.344212573927457" lon="114.2224192793692"><ele>523.1853054391613</ele><time>2022-05-07T06:41:16Z</time></trkpt><trkpt lat="22.34423131509091" lon="114.22242665208817"><ele>523.5086344702804</ele><time>2022-05-07T06:41:23Z</time></trkpt><trkpt lat="22.34424781808724" lon="114.22241652704346"><ele>523.523257625598</ele><time>2022-05-07T06:41:36Z</time></trkpt><trkpt lat="22.344265760217137" lon="114.22241154936624"><ele>523.2013591578423</ele><time>2022-05-07T06:41:38Z</time></trkpt><trkpt lat="22.344284119599873" lon="114.22239720428357"><ele>522.9513270886176</ele><time>2022-05-07T06:41:42Z</time></trkpt><trkpt lat="22.344302080412376" lon="114.22239105360269"><ele>522.7314428417453</ele><time>2022-05-07T06:41:47Z</time></trkpt><trkpt lat="22.344321915584345" lon="114.22237835626046"><ele>521.8766469381573</ele><time>2022-05-07T06:41:50Z</time></trkpt><trkpt lat="22.344338883749028" lon="114.222363023057"><ele>521.7162048017966</ele><time>2022-05-07T06:41:53Z</time></trkpt><trkpt lat="22.344360581575778" lon="114.222357990919"><ele>521.8568625837391</ele><time>2022-05-07T06:41:56Z</time></trkpt><trkpt lat="22.34438201149569" lon="114.22235241628952"><ele>521.4571348918703</ele><time>2022-05-07T06:41:58Z</time></trkpt><trkpt lat="22.344401997919906" lon="114.22234641424356"><ele>521.1773146371647</ele><time>2022-05-07T06:42:00Z</time></trkpt><trkpt lat="22.34442741976769" lon="114.2223400582989"><ele>520.4714476382964</ele><time>2022-05-07T06:42:03Z</time></trkpt><trkpt lat="22.344446344788714" lon="114.2223457963124"><ele>519.5040778799003</ele><time>2022-05-07T06:42:06Z</time></trkpt><trkpt lat="22.344472228630604" lon="114.22233090853398"><ele>518.6392661006681</ele><time>2022-05-07T06:42:09Z</time></trkpt><trkpt lat="22.344486766209577" lon="114.2223111988946"><ele>518.3328915032461</ele><time>2022-05-07T06:42:11Z</time></trkpt><trkpt lat="22.344499857477363" lon="114.22229071638647"><ele>517.7605116382505</ele><time>2022-05-07T06:42:13Z</time></trkpt><trkpt lat="22.34452617251639" lon="114.22229084874492"><ele>517.6227767918442</ele><time>2022-05-07T06:42:16Z</time></trkpt><trkpt lat="22.344544764553106" lon="114.22230542753626"><ele>517.3631756760201</ele><time>2022-05-07T06:42:18Z</time></trkpt><trkpt lat="22.34456292754425" lon="114.22231418782485"><ele>517.462500385684</ele><time>2022-05-07T06:42:21Z</time></trkpt><trkpt lat="22.344573463814783" lon="114.22229051178547"><ele>517.4293497078836</ele><time>2022-05-07T06:42:24Z</time></trkpt><trkpt lat="22.344588604249907" lon="114.22227219608064"><ele>516.847603501795</ele><time>2022-05-07T06:42:27Z</time></trkpt><trkpt lat="22.34460884979883" lon="114.22225543127226"><ele>515.9466273360991</ele><time>2022-05-07T06:42:31Z</time></trkpt><trkpt lat="22.344629338139043" lon="114.2222425546606"><ele>515.805639494713</ele><time>2022-05-07T06:42:33Z</time></trkpt><trkpt lat="22.34464439832269" lon="114.22222909998423"><ele>516.5803453547917</ele><time>2022-05-07T06:42:37Z</time></trkpt><trkpt lat="22.344657727621403" lon="114.22221435791955"><ele>517.9239994311324</ele><time>2022-05-07T06:42:41Z</time></trkpt><trkpt lat="22.34465933232077" lon="114.22219407443187"><ele>518.5933744994354</ele><time>2022-05-07T06:42:46Z</time></trkpt><trkpt lat="22.344673709161103" lon="114.22217985706745"><ele>519.3202464437852</ele><time>2022-05-07T06:42:49Z</time></trkpt><trkpt lat="22.34469287259084" lon="114.22217417366488"><ele>519.8651123681549</ele><time>2022-05-07T06:42:52Z</time></trkpt><trkpt lat="22.34471543120427" lon="114.22218269635216"><ele>519.8971196526567</ele><time>2022-05-07T06:42:56Z</time></trkpt><trkpt lat="22.344733485510353" lon="114.2221808616427"><ele>520.0700995344639</ele><time>2022-05-07T06:42:59Z</time></trkpt><trkpt lat="22.34475487121857" lon="114.22217072919625"><ele>520.2108355136264</ele><time>2022-05-07T06:43:02Z</time></trkpt><trkpt lat="22.344772944423667" lon="114.22217294849682"><ele>520.7955582951109</ele><time>2022-05-07T06:43:05Z</time></trkpt><trkpt lat="22.34478484627712" lon="114.22215019780374"><ele>521.4685861143581</ele><time>2022-05-07T06:43:10Z</time></trkpt><trkpt lat="22.344780222843962" lon="114.22212793845485"><ele>521.9252018582426</ele><time>2022-05-07T06:43:12Z</time></trkpt><trkpt lat="22.344779716002698" lon="114.22210442087557"><ele>522.0227446426591</ele><time>2022-05-07T06:43:14Z</time></trkpt><trkpt lat="22.344793866677538" lon="114.22212750503284"><ele>522.9226207281465</ele><time>2022-05-07T06:43:22Z</time></trkpt><trkpt lat="22.344808182087938" lon="114.22214175174679"><ele>523.8392710403331</ele><time>2022-05-07T06:43:25Z</time></trkpt><trkpt lat="22.3448288352935" lon="114.22215192539225"><ele>523.8436168212015</ele><time>2022-05-07T06:43:28Z</time></trkpt><trkpt lat="22.34484828906097" lon="114.2221620472103"><ele>524.9521352393336</ele><time>2022-05-07T06:43:38Z</time></trkpt><trkpt lat="22.344870501709824" lon="114.22217142840373"><ele>525.2644229202452</ele><time>2022-05-07T06:43:41Z</time></trkpt><trkpt lat="22.344886104914575" lon="114.22219220469412"><ele>524.8218276338476</ele><time>2022-05-07T06:43:43Z</time></trkpt><trkpt lat="22.344892980019424" lon="114.22221075086281"><ele>524.2521603130006</ele><time>2022-05-07T06:43:45Z</time></trkpt><trkpt lat="22.34490675215714" lon="114.2222279146308"><ele>523.9848229842705</ele><time>2022-05-07T06:43:47Z</time></trkpt><trkpt lat="22.34492701691029" lon="114.22223409027237"><ele>523.9746776202701</ele><time>2022-05-07T06:43:49Z</time></trkpt><trkpt lat="22.344946806472716" lon="114.22223756180823"><ele>524.3750765351091</ele><time>2022-05-07T06:43:53Z</time></trkpt><trkpt lat="22.344974136086964" lon="114.22223483797569"><ele>524.0256938396388</ele><time>2022-05-07T06:43:55Z</time></trkpt><trkpt lat="22.3449994567914" lon="114.22224055813798"><ele>523.5654310573659</ele><time>2022-05-07T06:43:57Z</time></trkpt><trkpt lat="22.34501908576152" lon="114.2222494205615"><ele>523.9983591753435</ele><time>2022-05-07T06:43:59Z</time></trkpt><trkpt lat="22.345038194787783" lon="114.22225071219079"><ele>524.4625905476535</ele><time>2022-05-07T06:44:01Z</time></trkpt><trkpt lat="22.345058695418615" lon="114.22224681031285"><ele>525.13294992557</ele><time>2022-05-07T06:44:04Z</time></trkpt><trkpt lat="22.34508684929724" lon="114.22225397858064"><ele>525.704809641664</ele><time>2022-05-07T06:44:07Z</time></trkpt><trkpt lat="22.345102104912375" lon="114.22226679255657"><ele>526.2493063932828</ele><time>2022-05-07T06:44:11Z</time></trkpt><trkpt lat="22.345124111447284" lon="114.22226870161681"><ele>526.0942336831253</ele><time>2022-05-07T06:44:15Z</time></trkpt><trkpt lat="22.345145356934008" lon="114.22226929438094"><ele>527.1394052082333</ele><time>2022-05-07T06:44:23Z</time></trkpt><trkpt lat="22.345160916243145" lon="114.22224995824128"><ele>527.7951626400792</ele><time>2022-05-07T06:44:32Z</time></trkpt><trkpt lat="22.34518036863136" lon="114.22224568853042"><ele>528.882990799816</ele><time>2022-05-07T06:44:49Z</time></trkpt><trkpt lat="22.345200109922107" lon="114.22224071660575"><ele>529.0598799107197</ele><time>2022-05-07T06:44:52Z</time></trkpt><trkpt lat="22.3452219383822" lon="114.22224241704396"><ele>528.9188621022682</ele><time>2022-05-07T06:44:54Z</time></trkpt><trkpt lat="22.345247046836572" lon="114.22223812718262"><ele>529.1228858284558</ele><time>2022-05-07T06:44:57Z</time></trkpt><trkpt lat="22.345264662708733" lon="114.22223154227277"><ele>529.657432425092</ele><time>2022-05-07T06:45:00Z</time></trkpt><trkpt lat="22.345287023733654" lon="114.2222252838825"><ele>531.432051044924</ele><time>2022-05-07T06:45:08Z</time></trkpt><trkpt lat="22.34531611763061" lon="114.22223079886452"><ele>532.5787808207086</ele><time>2022-05-07T06:45:23Z</time></trkpt><trkpt lat="22.345335689884788" lon="114.22221962631478"><ele>527.9293431955425</ele><time>2022-05-07T06:45:27Z</time></trkpt><trkpt lat="22.345339796906288" lon="114.22220017039048"><ele>528.1727505156096</ele><time>2022-05-07T06:45:30Z</time></trkpt><trkpt lat="22.345364885619084" lon="114.22221294936845"><ele>530.9387448467202</ele><time>2022-05-07T06:45:51Z</time></trkpt><trkpt lat="22.345385943972563" lon="114.22221697238453"><ele>533.8618779124023</ele><time>2022-05-07T06:45:55Z</time></trkpt><trkpt lat="22.345415717110125" lon="114.2222116499457"><ele>535.3224044490659</ele><time>2022-05-07T06:45:58Z</time></trkpt><trkpt lat="22.345434149655883" lon="114.22221121455638"><ele>535.7203784755093</ele><time>2022-05-07T06:45:59Z</time></trkpt><trkpt lat="22.34545352370722" lon="114.2222031132695"><ele>536.6502811074619</ele><time>2022-05-07T06:46:02Z</time></trkpt><trkpt lat="22.34547970594704" lon="114.22219741815788"><ele>537.6014049215423</ele><time>2022-05-07T06:46:05Z</time></trkpt><trkpt lat="22.345500103073554" lon="114.2222001739558"><ele>541.1841791897915</ele><time>2022-05-07T06:46:15Z</time></trkpt><trkpt lat="22.345519571039198" lon="114.22220397871175"><ele>542.1912800718437</ele><time>2022-05-07T06:46:18Z</time></trkpt><trkpt lat="22.345546972435795" lon="114.22220625480782"><ele>543.7168068844426</ele><time>2022-05-07T06:46:24Z</time></trkpt><trkpt lat="22.345578552106115" lon="114.2221987453256"><ele>543.6043968890699</ele><time>2022-05-07T06:46:28Z</time></trkpt><trkpt lat="22.3455984871679" lon="114.22219002975193"><ele>543.919292175332</ele><time>2022-05-07T06:46:31Z</time></trkpt><trkpt lat="22.34561889489012" lon="114.22218320599846"><ele>545.7696206244274</ele><time>2022-05-07T06:47:33Z</time></trkpt><trkpt lat="22.345637691832195" lon="114.22219484999957"><ele>546.5367219422512</ele><time>2022-05-07T06:47:41Z</time></trkpt><trkpt lat="22.345654644211884" lon="114.22218553015294"><ele>545.3230171325148</ele><time>2022-05-07T06:47:46Z</time></trkpt><trkpt lat="22.345679514050893" lon="114.22216815798839"><ele>544.7350198333132</ele><time>2022-05-07T06:47:49Z</time></trkpt><trkpt lat="22.3457009981115" lon="114.22215926570823"><ele>544.4950039553262</ele><time>2022-05-07T06:47:51Z</time></trkpt><trkpt lat="22.345719046200436" lon="114.22216193357113"><ele>544.8447746743582</ele><time>2022-05-07T06:47:58Z</time></trkpt><trkpt lat="22.3457360118121" lon="114.22217129313469"><ele>544.9195688528046</ele><time>2022-05-07T06:48:00Z</time></trkpt><trkpt lat="22.34576284520169" lon="114.22216633201975"><ele>544.9957533031428</ele><time>2022-05-07T06:48:03Z</time></trkpt><trkpt lat="22.34578672160665" lon="114.22216593719702"><ele>545.0002122725699</ele><time>2022-05-07T06:48:05Z</time></trkpt><trkpt lat="22.34580897379585" lon="114.22216636474951"><ele>544.9713410549781</ele><time>2022-05-07T06:48:07Z</time></trkpt><trkpt lat="22.34582858650011" lon="114.22215803539062"><ele>544.9399223049355</ele><time>2022-05-07T06:48:09Z</time></trkpt><trkpt lat="22.345848889697148" lon="114.2221581813144"><ele>545.0698482484235</ele><time>2022-05-07T06:48:11Z</time></trkpt><trkpt lat="22.345869231910264" lon="114.22215835132407"><ele>545.3873414886067</ele><time>2022-05-07T06:48:14Z</time></trkpt><trkpt lat="22.3458876062118" lon="114.22215228502448"><ele>545.4764622109058</ele><time>2022-05-07T06:48:17Z</time></trkpt><trkpt lat="22.345904788171847" lon="114.22214471364366"><ele>546.4256860917877</ele><time>2022-05-07T06:48:21Z</time></trkpt><trkpt lat="22.345923503253992" lon="114.2221485922986"><ele>547.1875082545181</ele><time>2022-05-07T06:48:25Z</time></trkpt><trkpt lat="22.345942426256602" lon="114.22214705125381"><ele>547.5805520943658</ele><time>2022-05-07T06:48:27Z</time></trkpt><trkpt lat="22.345960900405732" lon="114.22214567337411"><ele>547.9606018612276</ele><time>2022-05-07T06:48:32Z</time></trkpt><trkpt lat="22.345974596627777" lon="114.22213302204976"><ele>549.1657920761141</ele><time>2022-05-07T06:48:42Z</time></trkpt><trkpt lat="22.34599483531149" lon="114.22212926238672"><ele>550.1163165707295</ele><time>2022-05-07T06:48:49Z</time></trkpt><trkpt lat="22.346011085951183" lon="114.22211571730466"><ele>551.7329384785305</ele><time>2022-05-07T06:48:56Z</time></trkpt><trkpt lat="22.346029626433207" lon="114.22211140909118"><ele>552.9653614339986</ele><time>2022-05-07T06:49:00Z</time></trkpt><trkpt lat="22.34605289037519" lon="114.22211211708662"><ele>553.7245186473308</ele><time>2022-05-07T06:49:05Z</time></trkpt><trkpt lat="22.34607272797944" lon="114.22210737783014"><ele>554.7862044698684</ele><time>2022-05-07T06:49:31Z</time></trkpt><trkpt lat="22.346088504290403" lon="114.22211965376745"><ele>556.0753010983804</ele><time>2022-05-07T06:49:34Z</time></trkpt><trkpt lat="22.34610716707191" lon="114.22212515295304"><ele>557.8088813442612</ele><time>2022-05-07T06:49:39Z</time></trkpt><trkpt lat="22.346128639054918" lon="114.22212114318033"><ele>561.2657042643369</ele><time>2022-05-07T06:49:59Z</time></trkpt><trkpt lat="22.34614836943618" lon="114.22211804233811"><ele>561.6025678593514</ele><time>2022-05-07T06:50:16Z</time></trkpt><trkpt lat="22.34617073762813" lon="114.22212131936445"><ele>561.7768700976583</ele><time>2022-05-07T06:50:18Z</time></trkpt><trkpt lat="22.346191577547586" lon="114.22212703163278"><ele>562.2413953069341</ele><time>2022-05-07T06:50:20Z</time></trkpt><trkpt lat="22.346211389961134" lon="114.2221270823666"><ele>562.9216796001988</ele><time>2022-05-07T06:50:23Z</time></trkpt><trkpt lat="22.34623358867342" lon="114.22212277287048"><ele>563.7050957542418</ele><time>2022-05-07T06:50:27Z</time></trkpt><trkpt lat="22.346249936362323" lon="114.22213335415522"><ele>564.027370168215</ele><time>2022-05-07T06:50:31Z</time></trkpt><trkpt lat="22.346267000010297" lon="114.22212414440419"><ele>564.6540577150286</ele><time>2022-05-07T06:50:35Z</time></trkpt><trkpt lat="22.346291381538176" lon="114.22212178495691"><ele>567.2045079013468</ele><time>2022-05-07T06:50:43Z</time></trkpt><trkpt lat="22.346309908027564" lon="114.22211360165502"><ele>567.6057768590997</ele><time>2022-05-07T06:50:45Z</time></trkpt><trkpt lat="22.34631176384229" lon="114.22213581650385"><ele>570.0401377580016</ele><time>2022-05-07T06:51:11Z</time></trkpt><trkpt lat="22.34634499675481" lon="114.2221354398079"><ele>569.992188118195</ele><time>2022-05-07T06:51:13Z</time></trkpt><trkpt lat="22.346359422909583" lon="114.22214968760518"><ele>570.1188995752918</ele><time>2022-05-07T06:51:15Z</time></trkpt><trkpt lat="22.34638439660182" lon="114.22215971843225"><ele>570.0168109460599</ele><time>2022-05-07T06:51:17Z</time></trkpt><trkpt lat="22.34640385179724" lon="114.22216457041563"><ele>570.209850559256</ele><time>2022-05-07T06:51:19Z</time></trkpt><trkpt lat="22.34642674631853" lon="114.22216638904035"><ele>570.3218179953095</ele><time>2022-05-07T06:51:22Z</time></trkpt><trkpt lat="22.34640770198913" lon="114.22215892516813"><ele>570.4314108278749</ele><time>2022-05-07T06:52:13Z</time></trkpt><trkpt lat="22.346385114597094" lon="114.22216766411309"><ele>570.8036865234142</ele><time>2022-05-07T06:52:16Z</time></trkpt><trkpt lat="22.3463629145598" lon="114.22216140056847"><ele>570.7761720847305</ele><time>2022-05-07T06:52:18Z</time></trkpt><trkpt lat="22.34633798864463" lon="114.22216642855726"><ele>571.0431382766772</ele><time>2022-05-07T06:52:28Z</time></trkpt><trkpt lat="22.346309764997276" lon="114.22215892943242"><ele>571.7502367226325</ele><time>2022-05-07T06:52:30Z</time></trkpt><trkpt lat="22.34629380046136" lon="114.22213297236429"><ele>571.8471057943918</ele><time>2022-05-07T06:52:32Z</time></trkpt><trkpt lat="22.346301496281036" lon="114.22211423243607"><ele>571.7119893331021</ele><time>2022-05-07T06:52:33Z</time></trkpt><trkpt lat="22.346303071485856" lon="114.22209057457559"><ele>571.5204864304045</ele><time>2022-05-07T06:52:39Z</time></trkpt><trkpt lat="22.346303374541346" lon="114.22207054842757"><ele>571.1289599118827</ele><time>2022-05-07T06:52:55Z</time></trkpt><trkpt lat="22.34629982157543" lon="114.22204120788294"><ele>570.4112084724526</ele><time>2022-05-07T06:52:58Z</time></trkpt><trkpt lat="22.346299969781672" lon="114.22201978449766"><ele>570.0112187974518</ele><time>2022-05-07T06:53:01Z</time></trkpt><trkpt lat="22.34630172925794" lon="114.22199809948876"><ele>568.1195749846362</ele><time>2022-05-07T06:53:13Z</time></trkpt><trkpt lat="22.346303254645132" lon="114.22196046750663"><ele>566.7601247993139</ele><time>2022-05-07T06:54:10Z</time></trkpt><trkpt lat="22.34629745667151" lon="114.22194124332317"><ele>566.3584424081424</ele><time>2022-05-07T06:54:15Z</time></trkpt><trkpt lat="22.346292002594378" lon="114.22191977766572"><ele>566.8276777369389</ele><time>2022-05-07T06:54:56Z</time></trkpt><trkpt lat="22.346290448828366" lon="114.22189551068097"><ele>566.0430175402099</ele><time>2022-05-07T06:55:03Z</time></trkpt><trkpt lat="22.346283786256073" lon="114.22187462893048"><ele>565.8255945748356</ele><time>2022-05-07T06:55:05Z</time></trkpt><trkpt lat="22.346275406990614" lon="114.22184587109388"><ele>563.8877786889034</ele><time>2022-05-07T06:55:42Z</time></trkpt><trkpt lat="22.346261850390363" lon="114.22181622551052"><ele>563.1529433869052</ele><time>2022-05-07T06:55:44Z</time></trkpt><trkpt lat="22.346256065746836" lon="114.22179562559899"><ele>562.7652738749484</ele><time>2022-05-07T06:55:46Z</time></trkpt><trkpt lat="22.346244778371435" lon="114.22177713468169"><ele>561.8293124080291</ele><time>2022-05-07T06:56:00Z</time></trkpt><trkpt lat="22.34623348258536" lon="114.22175128251202"><ele>561.4071299590098</ele><time>2022-05-07T06:56:02Z</time></trkpt><trkpt lat="22.34622237983223" lon="114.22172338817438"><ele>561.171643966661</ele><time>2022-05-07T06:56:04Z</time></trkpt><trkpt lat="22.346228538596854" lon="114.22169974252172"><ele>560.3489134956828</ele><time>2022-05-07T06:56:06Z</time></trkpt><trkpt lat="22.34623679142648" lon="114.22168100610787"><ele>559.4146252526627</ele><time>2022-05-07T06:56:08Z</time></trkpt><trkpt lat="22.34623449357497" lon="114.22165950240765"><ele>558.4046754781606</ele><time>2022-05-07T06:56:11Z</time></trkpt><trkpt lat="22.346225475952448" lon="114.22163125715265"><ele>558.3512528702316</ele><time>2022-05-07T06:56:17Z</time></trkpt><trkpt lat="22.34622685958589" lon="114.22161171565811"><ele>558.4575553503785</ele><time>2022-05-07T06:56:19Z</time></trkpt><trkpt lat="22.346214590572384" lon="114.22158447362555"><ele>557.9344196326765</ele><time>2022-05-07T06:56:22Z</time></trkpt><trkpt lat="22.346203695416794" lon="114.22156563143038"><ele>557.988749461942</ele><time>2022-05-07T06:56:24Z</time></trkpt><trkpt lat="22.34619176415274" lon="114.22154899858444"><ele>558.4854713658498</ele><time>2022-05-07T06:56:26Z</time></trkpt><trkpt lat="22.346203878277244" lon="114.2215343335357"><ele>558.3461808442145</ele><time>2022-05-07T06:56:29Z</time></trkpt><trkpt lat="22.346227159036154" lon="114.22153026983072"><ele>557.0728510463832</ele><time>2022-05-07T06:56:36Z</time></trkpt><trkpt lat="22.34623943769572" lon="114.2215093817028"><ele>556.9498886058705</ele><time>2022-05-07T06:56:41Z</time></trkpt><trkpt lat="22.346253634050377" lon="114.22149296042005"><ele>557.0587135967019</ele><time>2022-05-07T06:56:44Z</time></trkpt><trkpt lat="22.34626145021901" lon="114.22147155850635"><ele>557.0440000256577</ele><time>2022-05-07T06:56:47Z</time></trkpt><trkpt lat="22.34626480688818" lon="114.22145035489824"><ele>556.592185028309</ele><time>2022-05-07T06:56:50Z</time></trkpt><trkpt lat="22.34627189031172" lon="114.22143086293825"><ele>555.5391884905405</ele><time>2022-05-07T06:56:53Z</time></trkpt><trkpt lat="22.346284106517718" lon="114.22141643344555"><ele>555.1306512514241</ele><time>2022-05-07T06:57:01Z</time></trkpt><trkpt lat="22.346301400323625" lon="114.22139847628307"><ele>554.9847359969177</ele><time>2022-05-07T06:57:05Z</time></trkpt><trkpt lat="22.34630255855577" lon="114.22137620954072"><ele>554.5374522399062</ele><time>2022-05-07T06:57:12Z</time></trkpt><trkpt lat="22.346295891806008" lon="114.22135658984547"><ele>554.11530621223</ele><time>2022-05-07T06:57:15Z</time></trkpt><trkpt lat="22.346303952192425" lon="114.22133686212157"><ele>553.8412316449891</ele><time>2022-05-07T06:57:30Z</time></trkpt><trkpt lat="22.346322010150686" lon="114.22132204248335"><ele>554.3731075232112</ele><time>2022-05-07T06:57:35Z</time></trkpt><trkpt lat="22.346334849553436" lon="114.22130059719632"><ele>554.9742891330993</ele><time>2022-05-07T06:57:39Z</time></trkpt><trkpt lat="22.34633412385674" lon="114.22127939277723"><ele>555.0136804790388</ele><time>2022-05-07T06:57:54Z</time></trkpt><trkpt lat="22.346359843764912" lon="114.22126978443374"><ele>555.1396188620843</ele><time>2022-05-07T06:58:16Z</time></trkpt><trkpt lat="22.346377177189137" lon="114.22127525167825"><ele>555.0999719395419</ele><time>2022-05-07T06:58:17Z</time></trkpt><trkpt lat="22.34638775403201" lon="114.22125822820179"><ele>554.1582990699085</ele><time>2022-05-07T06:58:20Z</time></trkpt><trkpt lat="22.34639084324996" lon="114.22123845045734"><ele>552.8169637877357</ele><time>2022-05-07T06:58:23Z</time></trkpt><trkpt lat="22.34639823993992" lon="114.22122069895079"><ele>551.703776628776</ele><time>2022-05-07T06:58:27Z</time></trkpt><trkpt lat="22.346413418208595" lon="114.22120220569789"><ele>551.7762488415851</ele><time>2022-05-07T06:58:43Z</time></trkpt><trkpt lat="22.346431056653746" lon="114.22118952299893"><ele>551.5905697766783</ele><time>2022-05-07T06:58:58Z</time></trkpt><trkpt lat="22.346440024362515" lon="114.22117172936137"><ele>552.48006847996</ele><time>2022-05-07T06:59:07Z</time></trkpt><trkpt lat="22.346461947420938" lon="114.2211718296449"><ele>552.4774128048939</ele><time>2022-05-07T06:59:10Z</time></trkpt><trkpt lat="22.346472586268625" lon="114.22115574556263"><ele>549.7226909274151</ele><time>2022-05-07T06:59:16Z</time></trkpt><trkpt lat="22.346478846209028" lon="114.22113585813653"><ele>551.318238098768</ele><time>2022-05-07T06:59:31Z</time></trkpt><trkpt lat="22.346487832931007" lon="114.22111890448714"><ele>550.9980867728765</ele><time>2022-05-07T06:59:46Z</time></trkpt><trkpt lat="22.346503068675005" lon="114.22110645765063"><ele>549.4018373182469</ele><time>2022-05-07T07:00:04Z</time></trkpt><trkpt lat="22.346516806770072" lon="114.2210931107832"><ele>547.859710001241</ele><time>2022-05-07T07:00:09Z</time></trkpt><trkpt lat="22.34653767196138" lon="114.22108453858246"><ele>544.4729232519815</ele><time>2022-05-07T07:00:34Z</time></trkpt><trkpt lat="22.346551181365427" lon="114.22106881822687"><ele>544.3361107462111</ele><time>2022-05-07T07:00:36Z</time></trkpt><trkpt lat="22.346572114804708" lon="114.22105937235769"><ele>543.417175098208</ele><time>2022-05-07T07:00:39Z</time></trkpt><trkpt lat="22.346589542938784" lon="114.22104565425884"><ele>541.7881574824684</ele><time>2022-05-07T07:00:44Z</time></trkpt><trkpt lat="22.346607870440433" lon="114.22102925015776"><ele>541.6356877943407</ele><time>2022-05-07T07:00:50Z</time></trkpt><trkpt lat="22.346626579714275" lon="114.22102434723249"><ele>540.7348597463414</ele><time>2022-05-07T07:00:56Z</time></trkpt><trkpt lat="22.34663034430026" lon="114.22099292030028"><ele>536.7694765675616</ele><time>2022-05-07T07:01:19Z</time></trkpt><trkpt lat="22.34662946145304" lon="114.22097237348234"><ele>535.0883543340545</ele><time>2022-05-07T07:01:36Z</time></trkpt><trkpt lat="22.346636471719123" lon="114.22094692148977"><ele>534.2367308266614</ele><time>2022-05-07T07:02:01Z</time></trkpt><trkpt lat="22.346660051350938" lon="114.22092209718166"><ele>530.8789728641716</ele><time>2022-05-07T07:02:56Z</time></trkpt><trkpt lat="22.34667149494543" lon="114.22090256795354"><ele>529.9447343513391</ele><time>2022-05-07T07:03:00Z</time></trkpt><trkpt lat="22.34667797006755" lon="114.22087462314904"><ele>529.4005725446876</ele><time>2022-05-07T07:03:03Z</time></trkpt><trkpt lat="22.346690252872076" lon="114.22085616964381"><ele>528.7401321986753</ele><time>2022-05-07T07:03:09Z</time></trkpt><trkpt lat="22.346706466720434" lon="114.2208412376878"><ele>528.0432366580978</ele><time>2022-05-07T07:03:11Z</time></trkpt><trkpt lat="22.346714733685094" lon="114.22082270250979"><ele>527.0032894296461</ele><time>2022-05-07T07:03:13Z</time></trkpt><trkpt lat="22.346735195185186" lon="114.22080638611654"><ele>525.1755711199435</ele><time>2022-05-07T07:03:17Z</time></trkpt><trkpt lat="22.34674111420658" lon="114.22078652036232"><ele>524.3228695315913</ele><time>2022-05-07T07:03:23Z</time></trkpt><trkpt lat="22.34675099494233" lon="114.22076825810556"><ele>523.4795296856356</ele><time>2022-05-07T07:03:27Z</time></trkpt><trkpt lat="22.346765789747057" lon="114.22075379278822"><ele>520.6273434259405</ele><time>2022-05-07T07:03:34Z</time></trkpt><trkpt lat="22.346774330466648" lon="114.22073640375552"><ele>520.2764078076899</ele><time>2022-05-07T07:03:44Z</time></trkpt><trkpt lat="22.346780516372622" lon="114.22071187306791"><ele>518.1589165835045</ele><time>2022-05-07T07:03:56Z</time></trkpt><trkpt lat="22.346771637502133" lon="114.22068313133165"><ele>516.7822833621735</ele><time>2022-05-07T07:04:13Z</time></trkpt><trkpt lat="22.346775716867402" lon="114.2206636129381"><ele>516.726255219369</ele><time>2022-05-07T07:04:16Z</time></trkpt><trkpt lat="22.346791755624263" lon="114.22064684156267"><ele>514.707588769011</ele><time>2022-05-07T07:04:44Z</time></trkpt><trkpt lat="22.346811209240666" lon="114.22064433945488"><ele>512.9360248268889</ele><time>2022-05-07T07:05:14Z</time></trkpt><trkpt lat="22.346822070991372" lon="114.22061399223543"><ele>512.3534543149059</ele><time>2022-05-07T07:05:17Z</time></trkpt><trkpt lat="22.34683525966314" lon="114.22058732887993"><ele>511.69836977851236</ele><time>2022-05-07T07:05:28Z</time></trkpt><trkpt lat="22.346855586735934" lon="114.22056892828391"><ele>510.73840871251593</ele><time>2022-05-07T07:05:30Z</time></trkpt><trkpt lat="22.346870847295698" lon="114.22054428093456"><ele>509.10423398715943</ele><time>2022-05-07T07:05:33Z</time></trkpt><trkpt lat="22.346883407815056" lon="114.22051946796688"><ele>508.43475570865235</ele><time>2022-05-07T07:05:36Z</time></trkpt><trkpt lat="22.34690195236072" lon="114.22050618914658"><ele>507.2574361826423</ele><time>2022-05-07T07:05:39Z</time></trkpt><trkpt lat="22.346919278728553" lon="114.22049467155797"><ele>506.85818548164605</ele><time>2022-05-07T07:05:42Z</time></trkpt><trkpt lat="22.346933172803098" lon="114.22047747916277"><ele>506.0974174643645</ele><time>2022-05-07T07:05:46Z</time></trkpt><trkpt lat="22.346949632680797" lon="114.22046012144041"><ele>504.7528452421459</ele><time>2022-05-07T07:05:54Z</time></trkpt><trkpt lat="22.34697308245982" lon="114.22046425500751"><ele>504.97986488974607</ele><time>2022-05-07T07:06:07Z</time></trkpt><trkpt lat="22.346996332456225" lon="114.22047082120861"><ele>504.54708460974285</ele><time>2022-05-07T07:06:12Z</time></trkpt><trkpt lat="22.34701774695527" lon="114.22047369200483"><ele>504.06628115199544</ele><time>2022-05-07T07:06:15Z</time></trkpt><trkpt lat="22.347036245787503" lon="114.2204659803557"><ele>503.6849073168915</ele><time>2022-05-07T07:06:20Z</time></trkpt><trkpt lat="22.347053451204385" lon="114.22045599230121"><ele>503.2115059961414</ele><time>2022-05-07T07:06:40Z</time></trkpt><trkpt lat="22.347066139505557" lon="114.22044111900375"><ele>502.49045350027336</ele><time>2022-05-07T07:07:03Z</time></trkpt><trkpt lat="22.34708810547088" lon="114.22041498612813"><ele>500.29031685685356</ele><time>2022-05-07T07:07:15Z</time></trkpt><trkpt lat="22.34709697953722" lon="114.2203961693281"><ele>499.2794381378824</ele><time>2022-05-07T07:07:18Z</time></trkpt><trkpt lat="22.34711329661244" lon="114.22038256217408"><ele>498.82824860161116</ele><time>2022-05-07T07:07:24Z</time></trkpt><trkpt lat="22.34713151748594" lon="114.22035411984373"><ele>496.52256909463927</ele><time>2022-05-07T07:07:49Z</time></trkpt><trkpt lat="22.34715188421314" lon="114.2203372003619"><ele>496.3039266496841</ele><time>2022-05-07T07:08:09Z</time></trkpt><trkpt lat="22.3471738094335" lon="114.22032427655823"><ele>495.744192226785</ele><time>2022-05-07T07:08:15Z</time></trkpt><trkpt lat="22.347186181645878" lon="114.22030327533496"><ele>490.30269433603434</ele><time>2022-05-07T07:08:29Z</time></trkpt><trkpt lat="22.347202349702396" lon="114.22027778838383"><ele>488.33339580050705</ele><time>2022-05-07T07:08:32Z</time></trkpt><trkpt lat="22.347223384399992" lon="114.22026728696231"><ele>489.1556561638191</ele><time>2022-05-07T07:08:36Z</time></trkpt><trkpt lat="22.347240185169763" lon="114.22025403179741"><ele>489.15416893386106</ele><time>2022-05-07T07:08:47Z</time></trkpt><trkpt lat="22.347252932920764" lon="114.22023447435221"><ele>488.2070359132233</ele><time>2022-05-07T07:08:58Z</time></trkpt><trkpt lat="22.347269083575796" lon="114.22021688376672"><ele>487.9756861900037</ele><time>2022-05-07T07:09:00Z</time></trkpt><trkpt lat="22.347281575690285" lon="114.22020078101663"><ele>487.3768577821252</ele><time>2022-05-07T07:09:08Z</time></trkpt><trkpt lat="22.34729741572154" lon="114.22018895163087"><ele>486.2556189376075</ele><time>2022-05-07T07:09:12Z</time></trkpt><trkpt lat="22.347310067559942" lon="114.2201718471546"><ele>485.88879692701846</ele><time>2022-05-07T07:09:34Z</time></trkpt><trkpt lat="22.34732874944783" lon="114.22016949630915"><ele>485.5476731286773</ele><time>2022-05-07T07:09:37Z</time></trkpt><trkpt lat="22.34734533532359" lon="114.22016165413442"><ele>484.8583658933782</ele><time>2022-05-07T07:09:59Z</time></trkpt><trkpt lat="22.34735875466612" lon="114.22013796405928"><ele>483.99188536024366</ele><time>2022-05-07T07:10:16Z</time></trkpt><trkpt lat="22.347374997536118" lon="114.22012017295646"><ele>480.7551996134361</ele><time>2022-05-07T07:10:29Z</time></trkpt><trkpt lat="22.347383100957458" lon="114.22010094358266"><ele>479.72630244285233</ele><time>2022-05-07T07:10:41Z</time></trkpt><trkpt lat="22.347389508612995" lon="114.22007174743469"><ele>478.78736645407224</ele><time>2022-05-07T07:10:49Z</time></trkpt><trkpt lat="22.34739415805704" lon="114.2200502336487"><ele>479.049732700421</ele><time>2022-05-07T07:10:51Z</time></trkpt><trkpt lat="22.34740124342002" lon="114.22003093798155"><ele>479.292569404714</ele><time>2022-05-07T07:10:53Z</time></trkpt><trkpt lat="22.34741156757073" lon="114.22001161039478"><ele>478.87757195703296</ele><time>2022-05-07T07:10:56Z</time></trkpt><trkpt lat="22.347431262985747" lon="114.21998893388543"><ele>477.60722085130647</ele><time>2022-05-07T07:11:02Z</time></trkpt><trkpt lat="22.347448758229508" lon="114.21997494850466"><ele>476.09452155822476</ele><time>2022-05-07T07:11:20Z</time></trkpt><trkpt lat="22.347451391356195" lon="114.21995090860601"><ele>474.4723079972327</ele><time>2022-05-07T07:11:29Z</time></trkpt><trkpt lat="22.34745961502031" lon="114.2199237193565"><ele>472.4146431439979</ele><time>2022-05-07T07:12:31Z</time></trkpt><trkpt lat="22.34747557526583" lon="114.21985100548117"><ele>470.69887223082054</ele><time>2022-05-07T07:12:46Z</time></trkpt><trkpt lat="22.347493534259304" lon="114.21983244459256"><ele>469.6062214004071</ele><time>2022-05-07T07:12:51Z</time></trkpt><trkpt lat="22.347516778298562" lon="114.2198131423427"><ele>468.7117175646742</ele><time>2022-05-07T07:12:55Z</time></trkpt><trkpt lat="22.34754249393849" lon="114.2198082665359"><ele>467.8129292117586</ele><time>2022-05-07T07:12:57Z</time></trkpt><trkpt lat="22.347561934999586" lon="114.21979752550102"><ele>464.05355839420633</ele><time>2022-05-07T07:12:59Z</time></trkpt><trkpt lat="22.347565559678273" lon="114.21977414379151"><ele>463.9734487480104</ele><time>2022-05-07T07:13:16Z</time></trkpt><trkpt lat="22.3475714119135" lon="114.21975152799465"><ele>463.8304869746015</ele><time>2022-05-07T07:13:23Z</time></trkpt><trkpt lat="22.347572382921253" lon="114.21972604772259"><ele>463.32928165261944</ele><time>2022-05-07T07:13:25Z</time></trkpt><trkpt lat="22.347591701157288" lon="114.2197186739277"><ele>461.3676050156148</ele><time>2022-05-07T07:13:33Z</time></trkpt><trkpt lat="22.34759548736395" lon="114.21969909194317"><ele>458.89590160848655</ele><time>2022-05-07T07:13:40Z</time></trkpt><trkpt lat="22.347600140597553" lon="114.21966860952958"><ele>458.28720802790286</ele><time>2022-05-07T07:13:45Z</time></trkpt><trkpt lat="22.347604827944075" lon="114.21964850843446"><ele>457.86165552295927</ele><time>2022-05-07T07:13:51Z</time></trkpt><trkpt lat="22.347613952360987" lon="114.21962979742679"><ele>457.2964206570778</ele><time>2022-05-07T07:13:57Z</time></trkpt><trkpt lat="22.347623677679454" lon="114.21961167489684"><ele>456.511765511084</ele><time>2022-05-07T07:14:03Z</time></trkpt><trkpt lat="22.347639587557858" lon="114.21959107747742"><ele>456.1686640158324</ele><time>2022-05-07T07:14:07Z</time></trkpt><trkpt lat="22.347653183123484" lon="114.21956717034115"><ele>441.504616710381</ele><time>2022-05-07T07:15:22Z</time></trkpt><trkpt lat="22.34767479774145" lon="114.21954993749307"><ele>440.8398258261781</ele><time>2022-05-07T07:15:23Z</time></trkpt><trkpt lat="22.34768997401222" lon="114.21953577084732"><ele>440.0646762060806</ele><time>2022-05-07T07:15:24Z</time></trkpt><trkpt lat="22.347717630611363" lon="114.2195160084456"><ele>438.763851430158</ele><time>2022-05-07T07:15:28Z</time></trkpt><trkpt lat="22.347726565160745" lon="114.21949219211474"><ele>434.34370173158334</ele><time>2022-05-07T07:15:40Z</time></trkpt><trkpt lat="22.347737719630345" lon="114.21946963965438"><ele>433.4359933864913</ele><time>2022-05-07T07:15:46Z</time></trkpt><trkpt lat="22.347747339240833" lon="114.21944089088952"><ele>432.7212997041818</ele><time>2022-05-07T07:15:48Z</time></trkpt><trkpt lat="22.34775158402806" lon="114.21941885700001"><ele>432.0933148307913</ele><time>2022-05-07T07:15:50Z</time></trkpt><trkpt lat="22.347760142872545" lon="114.2194008768258"><ele>431.70691244514654</ele><time>2022-05-07T07:15:57Z</time></trkpt><trkpt lat="22.347771677231623" lon="114.21937953352196"><ele>430.49221799890836</ele><time>2022-05-07T07:16:01Z</time></trkpt><trkpt lat="22.347786525548038" lon="114.21936827665486"><ele>429.3199477167343</ele><time>2022-05-07T07:16:06Z</time></trkpt><trkpt lat="22.34780627185349" lon="114.21935373469975"><ele>428.5028779131502</ele><time>2022-05-07T07:16:10Z</time></trkpt><trkpt lat="22.347808356325718" lon="114.21933206842083"><ele>427.5830433958097</ele><time>2022-05-07T07:16:15Z</time></trkpt><trkpt lat="22.34779711856126" lon="114.21930984049227"><ele>426.9747669281513</ele><time>2022-05-07T07:16:18Z</time></trkpt><trkpt lat="22.347789447040803" lon="114.21928016652608"><ele>426.1032199340879</ele><time>2022-05-07T07:16:21Z</time></trkpt><trkpt lat="22.34779337584434" lon="114.21923468750971"><ele>424.1118959239312</ele><time>2022-05-07T07:16:23Z</time></trkpt><trkpt lat="22.347783807385774" lon="114.21921060241118"><ele>424.4439126178655</ele><time>2022-05-07T07:17:08Z</time></trkpt><trkpt lat="22.34777900003673" lon="114.21917757890758"><ele>422.4084158412962</ele><time>2022-05-07T07:18:41Z</time></trkpt><trkpt lat="22.347776161716244" lon="114.21915604057584"><ele>422.1014007932782</ele><time>2022-05-07T07:18:42Z</time></trkpt><trkpt lat="22.34777806613438" lon="114.21908505095527"><ele>420.8641187745483</ele><time>2022-05-07T07:19:40Z</time></trkpt><trkpt lat="22.34777891689535" lon="114.2190482161768"><ele>419.71577924354017</ele><time>2022-05-07T07:19:46Z</time></trkpt><trkpt lat="22.347794207759563" lon="114.2190224211242"><ele>417.6049148967768</ele><time>2022-05-07T07:19:52Z</time></trkpt><trkpt lat="22.34779757077476" lon="114.21899931614723"><ele>416.8529770817751</ele><time>2022-05-07T07:20:04Z</time></trkpt><trkpt lat="22.34779211237242" lon="114.21897197675955"><ele>418.03992556033023</ele><time>2022-05-07T07:20:16Z</time></trkpt><trkpt lat="22.347785172115863" lon="114.21894819540039"><ele>416.91956228980814</ele><time>2022-05-07T07:20:25Z</time></trkpt><trkpt lat="22.3477934611247" lon="114.21890489612849"><ele>413.1035704980238</ele><time>2022-05-07T07:20:48Z</time></trkpt><trkpt lat="22.3478044387662" lon="114.21887786153181"><ele>412.89617665090447</ele><time>2022-05-07T07:20:53Z</time></trkpt><trkpt lat="22.34781927872157" lon="114.21885457754178"><ele>412.5630169825957</ele><time>2022-05-07T07:20:56Z</time></trkpt><trkpt lat="22.34781036398857" lon="114.21883286819521"><ele>409.89498420809207</ele><time>2022-05-07T07:21:34Z</time></trkpt><trkpt lat="22.347795531879882" lon="114.21879477339628"><ele>407.77294322811656</ele><time>2022-05-07T07:22:17Z</time></trkpt><trkpt lat="22.34780825420346" lon="114.21877851592775"><ele>405.2117922639146</ele><time>2022-05-07T07:22:30Z</time></trkpt><trkpt lat="22.347792777288998" lon="114.21872138678566"><ele>397.84039529860723</ele><time>2022-05-07T07:23:37Z</time></trkpt><trkpt lat="22.347800700123024" lon="114.21869366444113"><ele>397.3925623786223</ele><time>2022-05-07T07:24:31Z</time></trkpt><trkpt lat="22.34779367509123" lon="114.2186682323253"><ele>393.872793639445</ele><time>2022-05-07T07:25:13Z</time></trkpt><trkpt lat="22.34780948053828" lon="114.21862386803079"><ele>392.5449641875827</ele><time>2022-05-07T07:25:26Z</time></trkpt><trkpt lat="22.34783236760008" lon="114.21856827063506"><ele>390.4541087134651</ele><time>2022-05-07T07:25:31Z</time></trkpt><trkpt lat="22.347832800358297" lon="114.21854820166078"><ele>389.4892576686179</ele><time>2022-05-07T07:25:33Z</time></trkpt><trkpt lat="22.347833603507482" lon="114.21851236099712"><ele>387.43111977578695</ele><time>2022-05-07T07:25:43Z</time></trkpt><trkpt lat="22.347853580877185" lon="114.21850239675749"><ele>386.61550166150323</ele><time>2022-05-07T07:26:15Z</time></trkpt><trkpt lat="22.34786731789897" lon="114.21847944609375"><ele>386.17205676942484</ele><time>2022-05-07T07:26:31Z</time></trkpt><trkpt lat="22.34788615657395" lon="114.2184293815411"><ele>385.5741346826138</ele><time>2022-05-07T07:27:02Z</time></trkpt><trkpt lat="22.34789985874716" lon="114.21839702580586"><ele>385.15014153194005</ele><time>2022-05-07T07:27:10Z</time></trkpt><trkpt lat="22.347891755571986" lon="114.21836362344078"><ele>385.1796764985118</ele><time>2022-05-07T07:27:17Z</time></trkpt><trkpt lat="22.347884462482003" lon="114.21833690738612"><ele>383.3398969103369</ele><time>2022-05-07T07:28:10Z</time></trkpt><trkpt lat="22.34788691176987" lon="114.21831491083462"><ele>383.0757171102399</ele><time>2022-05-07T07:28:12Z</time></trkpt><trkpt lat="22.347895054728827" lon="114.2182941711725"><ele>382.889434778783</ele><time>2022-05-07T07:28:14Z</time></trkpt><trkpt lat="22.347915813547953" lon="114.21826997141216"><ele>382.44776170648197</ele><time>2022-05-07T07:28:17Z</time></trkpt><trkpt lat="22.347920548270388" lon="114.21824634282201"><ele>382.5459064226396</ele><time>2022-05-07T07:28:25Z</time></trkpt><trkpt lat="22.347928043687425" lon="114.21822547365971"><ele>375.3857442784953</ele><time>2022-05-07T07:28:33Z</time></trkpt><trkpt lat="22.347937655483967" lon="114.21820023790406"><ele>373.5022890960276</ele><time>2022-05-07T07:28:55Z</time></trkpt><trkpt lat="22.347943917616238" lon="114.21817269059987"><ele>372.49696576688183</ele><time>2022-05-07T07:29:08Z</time></trkpt><trkpt lat="22.3479371927402" lon="114.21812274573303"><ele>367.6808569323358</ele><time>2022-05-07T07:29:13Z</time></trkpt><trkpt lat="22.347954150044135" lon="114.21811477774713"><ele>367.26834550808957</ele><time>2022-05-07T07:29:34Z</time></trkpt><trkpt lat="22.34796078107222" lon="114.21809470667715"><ele>366.70943844663014</ele><time>2022-05-07T07:29:47Z</time></trkpt><trkpt lat="22.347977482516377" lon="114.2180734507729"><ele>366.0675110064667</ele><time>2022-05-07T07:29:54Z</time></trkpt><trkpt lat="22.34798538767933" lon="114.21805382346297"><ele>366.5961731007806</ele><time>2022-05-07T07:29:56Z</time></trkpt><trkpt lat="22.347994381750095" lon="114.21803543619001"><ele>366.3698079836216</ele><time>2022-05-07T07:30:06Z</time></trkpt><trkpt lat="22.34800835018503" lon="114.21801590490017"><ele>365.5155323198265</ele><time>2022-05-07T07:30:09Z</time></trkpt><trkpt lat="22.348025741249284" lon="114.2180021458202"><ele>365.5259742675151</ele><time>2022-05-07T07:30:13Z</time></trkpt><trkpt lat="22.348039733969287" lon="114.21798636096071"><ele>368.2891961404851</ele><time>2022-05-07T07:30:16Z</time></trkpt><trkpt lat="22.348043310786835" lon="114.21795729620072"><ele>367.2116870582788</ele><time>2022-05-07T07:30:18Z</time></trkpt><trkpt lat="22.348036798801168" lon="114.21793836424351"><ele>363.70778936164345</ele><time>2022-05-07T07:30:34Z</time></trkpt><trkpt lat="22.34802638625639" lon="114.21790980349685"><ele>359.0076114826273</ele><time>2022-05-07T07:30:46Z</time></trkpt><trkpt lat="22.34801059680112" lon="114.21789256617026"><ele>358.34985225738706</ele><time>2022-05-07T07:31:02Z</time></trkpt><trkpt lat="22.3480012950443" lon="114.21787016674693"><ele>357.48390056853066</ele><time>2022-05-07T07:31:13Z</time></trkpt><trkpt lat="22.348001225718782" lon="114.21785018976576"><ele>356.74525690002</ele><time>2022-05-07T07:31:22Z</time></trkpt><trkpt lat="22.34799978499503" lon="114.21780711579133"><ele>358.6817213644741</ele><time>2022-05-07T07:31:25Z</time></trkpt><trkpt lat="22.34799259878395" lon="114.21778493429304"><ele>360.39211065149465</ele><time>2022-05-07T07:31:26Z</time></trkpt><trkpt lat="22.347984228528432" lon="114.2177668234618"><ele>361.1960419606231</ele><time>2022-05-07T07:31:29Z</time></trkpt><trkpt lat="22.347995899265857" lon="114.21774741556152"><ele>359.7946587680134</ele><time>2022-05-07T07:31:41Z</time></trkpt><trkpt lat="22.3480053692387" lon="114.21773056046298"><ele>358.4870653117035</ele><time>2022-05-07T07:31:46Z</time></trkpt><trkpt lat="22.3479959574062" lon="114.21770732534694"><ele>355.4702150753794</ele><time>2022-05-07T07:32:02Z</time></trkpt><trkpt lat="22.34800657125391" lon="114.21768750557484"><ele>353.81965404405264</ele><time>2022-05-07T07:32:19Z</time></trkpt><trkpt lat="22.348015680913768" lon="114.21766436051418"><ele>353.012147211169</ele><time>2022-05-07T07:32:29Z</time></trkpt><trkpt lat="22.34801829175798" lon="114.21764318655305"><ele>352.13908731245175</ele><time>2022-05-07T07:32:45Z</time></trkpt><trkpt lat="22.34802443600911" lon="114.21762480826975"><ele>349.6732651846305</ele><time>2022-05-07T07:33:30Z</time></trkpt><trkpt lat="22.348031021775" lon="114.21760624736837"><ele>349.27016793974116</ele><time>2022-05-07T07:33:33Z</time></trkpt><trkpt lat="22.348041118697804" lon="114.21758759621513"><ele>348.6144535794101</ele><time>2022-05-07T07:33:38Z</time></trkpt><trkpt lat="22.3480464060076" lon="114.21756710908609"><ele>347.7600926512685</ele><time>2022-05-07T07:33:45Z</time></trkpt><trkpt lat="22.34805607019893" lon="114.21754765439714"><ele>342.1182580617532</ele><time>2022-05-07T07:33:52Z</time></trkpt><trkpt lat="22.34806746635247" lon="114.21752091667992"><ele>339.29684500253023</ele><time>2022-05-07T07:33:54Z</time></trkpt><trkpt lat="22.34807518189695" lon="114.21750174185345"><ele>338.34912392079144</ele><time>2022-05-07T07:34:22Z</time></trkpt><trkpt lat="22.34805668919456" lon="114.21749564692377"><ele>337.57451797118773</ele><time>2022-05-07T07:34:41Z</time></trkpt><trkpt lat="22.348053728896208" lon="114.2174598515968"><ele>336.64274420790554</ele><time>2022-05-07T07:34:45Z</time></trkpt><trkpt lat="22.3480494915869" lon="114.21743357316073"><ele>333.14263390331615</ele><time>2022-05-07T07:36:18Z</time></trkpt><trkpt lat="22.348035705340124" lon="114.21740161175923"><ele>332.8394598144235</ele><time>2022-05-07T07:36:20Z</time></trkpt><trkpt lat="22.348025124738395" lon="114.21737280458328"><ele>332.6243937484368</ele><time>2022-05-07T07:36:25Z</time></trkpt><trkpt lat="22.348029646779477" lon="114.21735316778515"><ele>331.69752268538815</ele><time>2022-05-07T07:36:46Z</time></trkpt><trkpt lat="22.347990271267406" lon="114.217274684883"><ele>327.71141640235334</ele><time>2022-05-07T07:37:21Z</time></trkpt><trkpt lat="22.347980736599062" lon="114.21723353879328"><ele>327.6276123468813</ele><time>2022-05-07T07:37:38Z</time></trkpt><trkpt lat="22.34797062035757" lon="114.21721239424225"><ele>327.1925269932053</ele><time>2022-05-07T07:37:42Z</time></trkpt><trkpt lat="22.34796630966006" lon="114.21723616889246"><ele>325.72224160979994</ele><time>2022-05-07T07:37:46Z</time></trkpt><trkpt lat="22.347982551769466" lon="114.21722069661794"><ele>325.235225087212</ele><time>2022-05-07T07:38:14Z</time></trkpt><trkpt lat="22.347985502586738" lon="114.21719728027375"><ele>321.28062664338836</ele><time>2022-05-07T07:38:27Z</time></trkpt><trkpt lat="22.34798673995445" lon="114.21717450529106"><ele>321.0350597656498</ele><time>2022-05-07T07:39:12Z</time></trkpt><trkpt lat="22.347973662996875" lon="114.217158191753"><ele>319.21079149608175</ele><time>2022-05-07T07:39:41Z</time></trkpt><trkpt lat="22.347979000228964" lon="114.2171252939196"><ele>318.164043063471</ele><time>2022-05-07T07:40:41Z</time></trkpt><trkpt lat="22.347965513486983" lon="114.21709943918283"><ele>318.10610009665623</ele><time>2022-05-07T07:40:43Z</time></trkpt><trkpt lat="22.347940563028374" lon="114.21707707151785"><ele>318.2728003297749</ele><time>2022-05-07T07:40:45Z</time></trkpt><trkpt lat="22.347910274631005" lon="114.2170655367592"><ele>318.03074839773745</ele><time>2022-05-07T07:40:47Z</time></trkpt><trkpt lat="22.347892018566796" lon="114.21706040954524"><ele>317.9074743789405</ele><time>2022-05-07T07:40:48Z</time></trkpt><trkpt lat="22.34787368867047" lon="114.21705779030971"><ele>317.9533701247764</ele><time>2022-05-07T07:40:49Z</time></trkpt><trkpt lat="22.347844555920044" lon="114.21705651363531"><ele>318.3335596355504</ele><time>2022-05-07T07:40:51Z</time></trkpt><trkpt lat="22.347820487378158" lon="114.21706404301659"><ele>318.48815356442026</ele><time>2022-05-07T07:40:53Z</time></trkpt><trkpt lat="22.347792173710374" lon="114.217075591519"><ele>318.340533762548</ele><time>2022-05-07T07:40:55Z</time></trkpt><trkpt lat="22.347769366946675" lon="114.21707160890288"><ele>318.1987251573362</ele><time>2022-05-07T07:40:56Z</time></trkpt><trkpt lat="22.347749025494238" lon="114.21707473943309"><ele>317.90588006878585</ele><time>2022-05-07T07:40:58Z</time></trkpt><trkpt lat="22.347730788631775" lon="114.21707945191997"><ele>317.3390005080095</ele><time>2022-05-07T07:41:00Z</time></trkpt><trkpt lat="22.347712786791323" lon="114.21707339551178"><ele>316.4574952361439</ele><time>2022-05-07T07:41:02Z</time></trkpt><trkpt lat="22.347694680293703" lon="114.21706117414021"><ele>315.6399970199221</ele><time>2022-05-07T07:41:04Z</time></trkpt><trkpt lat="22.347675955874585" lon="114.21704223277975"><ele>315.3409160435542</ele><time>2022-05-07T07:41:07Z</time></trkpt><trkpt lat="22.347659120854445" lon="114.21703247855383"><ele>314.40935688158004</ele><time>2022-05-07T07:41:09Z</time></trkpt><trkpt lat="22.347637272172772" lon="114.21702209297949"><ele>314.1976199068987</ele><time>2022-05-07T07:41:11Z</time></trkpt><trkpt lat="22.34761856937721" lon="114.21700938573606"><ele>313.27646198787374</ele><time>2022-05-07T07:41:15Z</time></trkpt><trkpt lat="22.347593713104555" lon="114.21699601266558"><ele>312.4316019424064</ele><time>2022-05-07T07:41:18Z</time></trkpt><trkpt lat="22.34757576920967" lon="114.21699137698317"><ele>311.5957300327566</ele><time>2022-05-07T07:41:21Z</time></trkpt><trkpt lat="22.347535654200247" lon="114.2170017410504"><ele>310.8101980178217</ele><time>2022-05-07T07:41:24Z</time></trkpt><trkpt lat="22.34751451962393" lon="114.21700777009379"><ele>310.1206800553331</ele><time>2022-05-07T07:41:27Z</time></trkpt><trkpt lat="22.34749413618511" lon="114.21700164794706"><ele>308.9495791668548</ele><time>2022-05-07T07:41:31Z</time></trkpt><trkpt lat="22.34747542347033" lon="114.21699375420788"><ele>308.3242945108816</ele><time>2022-05-07T07:41:34Z</time></trkpt><trkpt lat="22.347456942970553" lon="114.21698979296461"><ele>307.85649153297874</ele><time>2022-05-07T07:41:36Z</time></trkpt><trkpt lat="22.347436152355343" lon="114.21698736764984"><ele>307.0890919941492</ele><time>2022-05-07T07:41:38Z</time></trkpt><trkpt lat="22.34738405478028" lon="114.21697624986241"><ele>303.42327506341826</ele><time>2022-05-07T07:41:41Z</time></trkpt><trkpt lat="22.347355410883726" lon="114.21697084535991"><ele>302.33410942080394</ele><time>2022-05-07T07:41:42Z</time></trkpt><trkpt lat="22.347329006956066" lon="114.21697370372125"><ele>303.8089418923905</ele><time>2022-05-07T07:41:44Z</time></trkpt><trkpt lat="22.34729758988755" lon="114.21698232758112"><ele>304.49645167989775</ele><time>2022-05-07T07:41:46Z</time></trkpt><trkpt lat="22.347283412679474" lon="114.21699605857073"><ele>303.74852735799203</ele><time>2022-05-07T07:41:48Z</time></trkpt><trkpt lat="22.34726357754152" lon="114.21699300988712"><ele>303.4868773032619</ele><time>2022-05-07T07:41:51Z</time></trkpt><trkpt lat="22.34721142367062" lon="114.2170010656191"><ele>301.9028858818993</ele><time>2022-05-07T07:41:54Z</time></trkpt><trkpt lat="22.347182969019492" lon="114.21700296939225"><ele>301.7072844411316</ele><time>2022-05-07T07:41:56Z</time></trkpt><trkpt lat="22.34715930413392" lon="114.21700760983175"><ele>301.5436960718834</ele><time>2022-05-07T07:41:58Z</time></trkpt><trkpt lat="22.34713337924993" lon="114.2170114245642"><ele>301.4900404600766</ele><time>2022-05-07T07:42:00Z</time></trkpt><trkpt lat="22.347110000939217" lon="114.21701100836212"><ele>300.84730600052205</ele><time>2022-05-07T07:42:02Z</time></trkpt><trkpt lat="22.347087202998082" lon="114.21700465212734"><ele>300.35294651014306</ele><time>2022-05-07T07:42:04Z</time></trkpt><trkpt lat="22.347066286978112" lon="114.21699427676988"><ele>299.47355730382395</ele><time>2022-05-07T07:42:07Z</time></trkpt><trkpt lat="22.34703608397069" lon="114.21700118854868"><ele>299.63150436112966</ele><time>2022-05-07T07:42:15Z</time></trkpt><trkpt lat="22.347015216807943" lon="114.21699543814756"><ele>299.87899387243175</ele><time>2022-05-07T07:42:17Z</time></trkpt><trkpt lat="22.34699538744803" lon="114.21698996489917"><ele>300.4668189238429</ele><time>2022-05-07T07:42:19Z</time></trkpt><trkpt lat="22.346977090445613" lon="114.21697935147206"><ele>301.0897736490594</ele><time>2022-05-07T07:42:21Z</time></trkpt><trkpt lat="22.346955738578238" lon="114.21696890372962"><ele>301.1543797831176</ele><time>2022-05-07T07:42:23Z</time></trkpt><trkpt lat="22.346933939416065" lon="114.21696233615829"><ele>300.68454338178447</ele><time>2022-05-07T07:42:25Z</time></trkpt><trkpt lat="22.346900486777653" lon="114.21695823880958"><ele>300.0935960410188</ele><time>2022-05-07T07:42:26Z</time></trkpt><trkpt lat="22.34686415415197" lon="114.21693963636703"><ele>302.527716004127</ele><time>2022-05-07T07:42:28Z</time></trkpt><trkpt lat="22.346845762712" lon="114.21692335500268"><ele>304.9984443643674</ele><time>2022-05-07T07:42:29Z</time></trkpt><trkpt lat="22.346828414590213" lon="114.21688279155602"><ele>305.30778884405606</ele><time>2022-05-07T07:42:31Z</time></trkpt><trkpt lat="22.346818845707887" lon="114.21686159153147"><ele>305.31682181040594</ele><time>2022-05-07T07:42:32Z</time></trkpt><trkpt lat="22.346811353431676" lon="114.21683836183281"><ele>305.4290769999611</ele><time>2022-05-07T07:42:34Z</time></trkpt><trkpt lat="22.34681101443067" lon="114.2168181630707"><ele>305.33746580577815</ele><time>2022-05-07T07:42:38Z</time></trkpt><trkpt lat="22.346795065716982" lon="114.21680756374784"><ele>305.8989438630507</ele><time>2022-05-07T07:43:19Z</time></trkpt><trkpt lat="22.34679620356416" lon="114.21678423218785"><ele>305.0875739298767</ele><time>2022-05-07T07:43:23Z</time></trkpt><trkpt lat="22.346795545072357" lon="114.2167564942745"><ele>303.76580220571594</ele><time>2022-05-07T07:43:25Z</time></trkpt><trkpt lat="22.346788501019958" lon="114.21673240693237"><ele>302.8139660344506</ele><time>2022-05-07T07:43:27Z</time></trkpt><trkpt lat="22.346777261764363" lon="114.21670734524862"><ele>301.6261259215558</ele><time>2022-05-07T07:43:29Z</time></trkpt><trkpt lat="22.346772351978558" lon="114.2166884997224"><ele>300.94820114865314</ele><time>2022-05-07T07:43:30Z</time></trkpt><trkpt lat="22.34676658657151" lon="114.21666070859258"><ele>299.74109547361184</ele><time>2022-05-07T07:43:32Z</time></trkpt><trkpt lat="22.34675994278025" lon="114.21662979802957"><ele>298.92579433913266</ele><time>2022-05-07T07:43:34Z</time></trkpt><trkpt lat="22.346744761266923" lon="114.21660858854929"><ele>298.4439776080713</ele><time>2022-05-07T07:43:36Z</time></trkpt><trkpt lat="22.346729751382405" lon="114.21658068976977"><ele>298.3692458476674</ele><time>2022-05-07T07:43:38Z</time></trkpt><trkpt lat="22.34671395623554" lon="114.21655283818316"><ele>298.40408285164204</ele><time>2022-05-07T07:43:40Z</time></trkpt><trkpt lat="22.346701221666816" lon="114.2165282076955"><ele>298.5471836025532</ele><time>2022-05-07T07:43:42Z</time></trkpt><trkpt lat="22.346692884708368" lon="114.21650638743999"><ele>298.69345604751095</ele><time>2022-05-07T07:43:44Z</time></trkpt><trkpt lat="22.346677387813575" lon="114.21648510131814"><ele>298.58391422348717</ele><time>2022-05-07T07:43:46Z</time></trkpt><trkpt lat="22.346659366139388" lon="114.21646211866548"><ele>298.1598672018524</ele><time>2022-05-07T07:43:48Z</time></trkpt><trkpt lat="22.346648166781613" lon="114.21644492308324"><ele>297.48296344329333</ele><time>2022-05-07T07:43:50Z</time></trkpt><trkpt lat="22.346643574884748" lon="114.2164167708335"><ele>297.4249667269156</ele><time>2022-05-07T07:43:53Z</time></trkpt><trkpt lat="22.346641225264513" lon="114.21638653099382"><ele>296.8596451605845</ele><time>2022-05-07T07:43:56Z</time></trkpt><trkpt lat="22.346640067282966" lon="114.21635738002846"><ele>295.69016886104953</ele><time>2022-05-07T07:43:59Z</time></trkpt><trkpt lat="22.346632339857738" lon="114.2163317207158"><ele>294.6907241223505</ele><time>2022-05-07T07:44:01Z</time></trkpt><trkpt lat="22.34663088169689" lon="114.21629929502528"><ele>293.9160540815151</ele><time>2022-05-07T07:44:03Z</time></trkpt><trkpt lat="22.346627891716466" lon="114.21626868535907"><ele>293.74839617223193</ele><time>2022-05-07T07:44:05Z</time></trkpt><trkpt lat="22.34662079050915" lon="114.21624087796462"><ele>293.6236789254545</ele><time>2022-05-07T07:44:07Z</time></trkpt><trkpt lat="22.346611736079293" lon="114.21621571241859"><ele>293.1576029351787</ele><time>2022-05-07T07:44:09Z</time></trkpt><trkpt lat="22.346608539428594" lon="114.21619457322228"><ele>292.6412150392937</ele><time>2022-05-07T07:44:11Z</time></trkpt><trkpt lat="22.346603574930402" lon="114.21616936502315"><ele>291.9101690045619</ele><time>2022-05-07T07:44:13Z</time></trkpt><trkpt lat="22.346600405335305" lon="114.2161411228709"><ele>291.4164438579042</ele><time>2022-05-07T07:44:15Z</time></trkpt><trkpt lat="22.346592105632574" lon="114.21611770285695"><ele>290.59395764663856</ele><time>2022-05-07T07:44:17Z</time></trkpt><trkpt lat="22.346587429393953" lon="114.21609473315743"><ele>289.66999753788957</ele><time>2022-05-07T07:44:19Z</time></trkpt><trkpt lat="22.34656065979592" lon="114.21607057467688"><ele>288.7487341104869</ele><time>2022-05-07T07:44:21Z</time></trkpt><trkpt lat="22.346542595161992" lon="114.21606188196068"><ele>288.89677211542784</ele><time>2022-05-07T07:44:22Z</time></trkpt><trkpt lat="22.346529070684813" lon="114.21603771737783"><ele>289.64848593057013</ele><time>2022-05-07T07:44:23Z</time></trkpt><trkpt lat="22.3465175559397" lon="114.2160173726749"><ele>289.164814481747</ele><time>2022-05-07T07:44:24Z</time></trkpt><trkpt lat="22.346506550947662" lon="114.21599198101448"><ele>289.3442841990999</ele><time>2022-05-07T07:44:25Z</time></trkpt><trkpt lat="22.346505761936868" lon="114.21595585884293"><ele>289.98029977903195</ele><time>2022-05-07T07:44:27Z</time></trkpt><trkpt lat="22.34650536374311" lon="114.21593266876395"><ele>291.21753241219653</ele><time>2022-05-07T07:44:28Z</time></trkpt><trkpt lat="22.346493834686076" lon="114.21590263257748"><ele>293.14292319278616</ele><time>2022-05-07T07:44:30Z</time></trkpt><trkpt lat="22.346486415832636" lon="114.21588136278201"><ele>293.77949351561307</ele><time>2022-05-07T07:44:32Z</time></trkpt><trkpt lat="22.3464807269503" lon="114.21585534643589"><ele>293.6332888930742</ele><time>2022-05-07T07:44:35Z</time></trkpt><trkpt lat="22.34647761782328" lon="114.21583553622247"><ele>293.51014298815716</ele><time>2022-05-07T07:44:37Z</time></trkpt><trkpt lat="22.346472298339396" lon="114.21581225785607"><ele>293.09273493831756</ele><time>2022-05-07T07:44:39Z</time></trkpt><trkpt lat="22.346467532088116" lon="114.21578577912484"><ele>292.8001008366869</ele><time>2022-05-07T07:44:41Z</time></trkpt><trkpt lat="22.346471507193765" lon="114.21576477521056"><ele>292.3088059632017</ele><time>2022-05-07T07:44:43Z</time></trkpt><trkpt lat="22.3464726654302" lon="114.21574015502921"><ele>291.65750920045457</ele><time>2022-05-07T07:44:45Z</time></trkpt><trkpt lat="22.346472499152153" lon="114.21570839012848"><ele>290.8313367112719</ele><time>2022-05-07T07:44:47Z</time></trkpt><trkpt lat="22.346471130777697" lon="114.21567540360132"><ele>290.13192074117813</ele><time>2022-05-07T07:44:49Z</time></trkpt><trkpt lat="22.346464159082437" lon="114.2156436306802"><ele>289.4022996962512</ele><time>2022-05-07T07:44:51Z</time></trkpt><trkpt lat="22.346455634716907" lon="114.21561946022184"><ele>288.4155789107453</ele><time>2022-05-07T07:44:53Z</time></trkpt><trkpt lat="22.34644960672556" lon="114.21559569460247"><ele>287.8096247191707</ele><time>2022-05-07T07:44:55Z</time></trkpt><trkpt lat="22.346433003848848" lon="114.21557910716419"><ele>286.5237568975337</ele><time>2022-05-07T07:44:57Z</time></trkpt><trkpt lat="22.346412039759127" lon="114.21556624294209"><ele>285.2191036021711</ele><time>2022-05-07T07:44:59Z</time></trkpt><trkpt lat="22.346392505160157" lon="114.21555454632377"><ele>283.9426959126661</ele><time>2022-05-07T07:45:01Z</time></trkpt><trkpt lat="22.346378073750156" lon="114.21553978508369"><ele>283.4462980475121</ele><time>2022-05-07T07:45:03Z</time></trkpt><trkpt lat="22.346359240944164" lon="114.21552378849803"><ele>282.88361314799545</ele><time>2022-05-07T07:45:05Z</time></trkpt><trkpt lat="22.346336976217575" lon="114.21551072609222"><ele>282.77575623294535</ele><time>2022-05-07T07:45:07Z</time></trkpt><trkpt lat="22.346316552868164" lon="114.21549866885316"><ele>282.4612183719865</ele><time>2022-05-07T07:45:09Z</time></trkpt><trkpt lat="22.346295203217142" lon="114.2154852293059"><ele>282.07476435428333</ele><time>2022-05-07T07:45:11Z</time></trkpt><trkpt lat="22.346274607987564" lon="114.21546769317715"><ele>282.1124706053969</ele><time>2022-05-07T07:45:14Z</time></trkpt><trkpt lat="22.34625689939343" lon="114.21545669948146"><ele>281.560723405685</ele><time>2022-05-07T07:45:16Z</time></trkpt><trkpt lat="22.346234910110912" lon="114.21544535977006"><ele>281.06546516992165</ele><time>2022-05-07T07:45:18Z</time></trkpt><trkpt lat="22.34621212369179" lon="114.21543555331132"><ele>280.57974104858295</ele><time>2022-05-07T07:45:20Z</time></trkpt><trkpt lat="22.34619039008859" lon="114.21541566078612"><ele>279.5751272954911</ele><time>2022-05-07T07:45:22Z</time></trkpt><trkpt lat="22.34617171169859" lon="114.21539542760046"><ele>278.7481470179005</ele><time>2022-05-07T07:45:24Z</time></trkpt><trkpt lat="22.34615257192984" lon="114.21537750970928"><ele>278.199276578288</ele><time>2022-05-07T07:45:26Z</time></trkpt><trkpt lat="22.3461320306152" lon="114.21535964119768"><ele>277.7688417675785</ele><time>2022-05-07T07:45:28Z</time></trkpt><trkpt lat="22.34611109518778" lon="114.21534642695555"><ele>277.45062563329714</ele><time>2022-05-07T07:45:30Z</time></trkpt><trkpt lat="22.34609348949805" lon="114.21533746264785"><ele>277.46424537947786</ele><time>2022-05-07T07:45:32Z</time></trkpt><trkpt lat="22.346074657689424" lon="114.2153248621303"><ele>277.3693020856235</ele><time>2022-05-07T07:45:34Z</time></trkpt><trkpt lat="22.346054034089025" lon="114.2153093276108"><ele>277.1476053650904</ele><time>2022-05-07T07:45:37Z</time></trkpt><trkpt lat="22.34603589328916" lon="114.21529504026014"><ele>276.94932979501414</ele><time>2022-05-07T07:45:39Z</time></trkpt><trkpt lat="22.346018236351735" lon="114.2152857275908"><ele>276.8017068878719</ele><time>2022-05-07T07:45:41Z</time></trkpt><trkpt lat="22.345999488151296" lon="114.21527799883532"><ele>276.78956180165545</ele><time>2022-05-07T07:45:43Z</time></trkpt><trkpt lat="22.345979832403952" lon="114.21527291636812"><ele>276.6413596169271</ele><time>2022-05-07T07:45:45Z</time></trkpt><trkpt lat="22.345959823834633" lon="114.21527223771267"><ele>276.3358884444698</ele><time>2022-05-07T07:45:47Z</time></trkpt><trkpt lat="22.345940337685157" lon="114.2152631242344"><ele>275.57627330195976</ele><time>2022-05-07T07:45:49Z</time></trkpt><trkpt lat="22.345919875500254" lon="114.21524239049891"><ele>274.8614910269194</ele><time>2022-05-07T07:45:51Z</time></trkpt><trkpt lat="22.345900596554504" lon="114.21522619242828"><ele>274.66717757556046</ele><time>2022-05-07T07:45:53Z</time></trkpt><trkpt lat="22.345878795702408" lon="114.21520892034702"><ele>274.0915687154317</ele><time>2022-05-07T07:45:55Z</time></trkpt><trkpt lat="22.34585873640389" lon="114.21519769186133"><ele>273.2052405807471</ele><time>2022-05-07T07:45:57Z</time></trkpt><trkpt lat="22.345840922889828" lon="114.2151907335627"><ele>272.3541462529961</ele><time>2022-05-07T07:45:59Z</time></trkpt><trkpt lat="22.345822318211454" lon="114.21518258062125"><ele>271.6792317132078</ele><time>2022-05-07T07:46:01Z</time></trkpt><trkpt lat="22.34580069622897" lon="114.215169314687"><ele>271.38873820387266</ele><time>2022-05-07T07:46:03Z</time></trkpt><trkpt lat="22.345779037281993" lon="114.21515910271084"><ele>270.93968386374706</ele><time>2022-05-07T07:46:05Z</time></trkpt><trkpt lat="22.34575875277906" lon="114.21515468172248"><ele>270.77391037628047</ele><time>2022-05-07T07:46:07Z</time></trkpt><trkpt lat="22.345738148827817" lon="114.21515550674636"><ele>270.27802225159894</ele><time>2022-05-07T07:46:09Z</time></trkpt><trkpt lat="22.345719377776707" lon="114.21515884725147"><ele>269.61265989252723</ele><time>2022-05-07T07:46:11Z</time></trkpt><trkpt lat="22.34569797972007" lon="114.2151622970703"><ele>269.0109791859608</ele><time>2022-05-07T07:46:13Z</time></trkpt><trkpt lat="22.345677978255036" lon="114.21516349395387"><ele>268.08283954380903</ele><time>2022-05-07T07:46:15Z</time></trkpt><trkpt lat="22.34565952836412" lon="114.2151569363498"><ele>267.5722200069703</ele><time>2022-05-07T07:46:17Z</time></trkpt><trkpt lat="22.345641138793756" lon="114.21515279145098"><ele>267.2888134195078</ele><time>2022-05-07T07:46:19Z</time></trkpt><trkpt lat="22.34561687629645" lon="114.2151525716493"><ele>267.2915220236836</ele><time>2022-05-07T07:46:22Z</time></trkpt><trkpt lat="22.345596013028754" lon="114.215167821279"><ele>266.31379383230933</ele><time>2022-05-07T07:46:47Z</time></trkpt><trkpt lat="22.345581184527564" lon="114.21518066108766"><ele>265.85378739457485</ele><time>2022-05-07T07:46:49Z</time></trkpt><trkpt lat="22.34556130682897" lon="114.21519361591344"><ele>266.09557817667445</ele><time>2022-05-07T07:46:51Z</time></trkpt><trkpt lat="22.34553752270732" lon="114.21520544324814"><ele>266.145924384191</ele><time>2022-05-07T07:46:53Z</time></trkpt><trkpt lat="22.345515365586294" lon="114.21521700004206"><ele>266.12149990169416</ele><time>2022-05-07T07:46:55Z</time></trkpt><trkpt lat="22.345490438292693" lon="114.21522601630241"><ele>266.1115755928135</ele><time>2022-05-07T07:46:57Z</time></trkpt><trkpt lat="22.34547160572773" lon="114.2152390712413"><ele>266.78820741392644</ele><time>2022-05-07T07:46:59Z</time></trkpt><trkpt lat="22.34545815496447" lon="114.21525234314248"><ele>267.30337618490796</ele><time>2022-05-07T07:47:01Z</time></trkpt><trkpt lat="22.345447550857862" lon="114.21527460223427"><ele>267.58059246459914</ele><time>2022-05-07T07:47:03Z</time></trkpt><trkpt lat="22.345434803042455" lon="114.21530029061496"><ele>267.4281501802184</ele><time>2022-05-07T07:47:05Z</time></trkpt><trkpt lat="22.345422876252005" lon="114.21532054805938"><ele>266.8108771173411</ele><time>2022-05-07T07:47:07Z</time></trkpt><trkpt lat="22.345411506444" lon="114.21533830771943"><ele>266.14251188308134</ele><time>2022-05-07T07:47:09Z</time></trkpt><trkpt lat="22.34539634608889" lon="114.21535787938576"><ele>265.47012335534555</ele><time>2022-05-07T07:47:11Z</time></trkpt><trkpt lat="22.34538208864279" lon="114.21537528837817"><ele>265.21233200791414</ele><time>2022-05-07T07:47:13Z</time></trkpt><trkpt lat="22.34536847554117" lon="114.21539184838515"><ele>264.54664888923895</ele><time>2022-05-07T07:47:15Z</time></trkpt><trkpt lat="22.345356559679434" lon="114.21541060530947"><ele>264.3197221186628</ele><time>2022-05-07T07:47:17Z</time></trkpt><trkpt lat="22.34534821631328" lon="114.21544158458774"><ele>263.86842137337555</ele><time>2022-05-07T07:47:19Z</time></trkpt><trkpt lat="22.3453421268096" lon="114.2154704210013"><ele>263.65568451071374</ele><time>2022-05-07T07:47:21Z</time></trkpt><trkpt lat="22.34533834115507" lon="114.21549749028698"><ele>263.61056360641874</ele><time>2022-05-07T07:47:23Z</time></trkpt><trkpt lat="22.345336655977267" lon="114.21552147603924"><ele>263.37839097362365</ele><time>2022-05-07T07:47:25Z</time></trkpt><trkpt lat="22.345337870224665" lon="114.21554561754182"><ele>263.3167031990163</ele><time>2022-05-07T07:47:27Z</time></trkpt><trkpt lat="22.345337153361253" lon="114.21556991662287"><ele>263.26793026346326</ele><time>2022-05-07T07:47:29Z</time></trkpt><trkpt lat="22.345334043909578" lon="114.21559350215144"><ele>263.0969673880745</ele><time>2022-05-07T07:47:31Z</time></trkpt><trkpt lat="22.345329123351767" lon="114.21562147466757"><ele>262.9212852371055</ele><time>2022-05-07T07:47:33Z</time></trkpt><trkpt lat="22.345322679377002" lon="114.21564827961733"><ele>262.8443356839099</ele><time>2022-05-07T07:47:35Z</time></trkpt><trkpt lat="22.34531680743499" lon="114.21567216012346"><ele>262.7695822458573</ele><time>2022-05-07T07:47:37Z</time></trkpt><trkpt lat="22.34531336395858" lon="114.2156939125068"><ele>262.83872962620796</ele><time>2022-05-07T07:47:39Z</time></trkpt><trkpt lat="22.345313886236177" lon="114.21571839008624"><ele>263.13316874868764</ele><time>2022-05-07T07:47:41Z</time></trkpt><trkpt lat="22.345316773369824" lon="114.21574399692665"><ele>262.84496945552166</ele><time>2022-05-07T07:47:43Z</time></trkpt><trkpt lat="22.34531676353822" lon="114.21576525296378"><ele>262.65260133615425</ele><time>2022-05-07T07:47:45Z</time></trkpt><trkpt lat="22.345308694517712" lon="114.21578602436792"><ele>262.5258490093548</ele><time>2022-05-07T07:47:47Z</time></trkpt><trkpt lat="22.345297847600293" lon="114.21580718732916"><ele>262.38593956755074</ele><time>2022-05-07T07:47:49Z</time></trkpt><trkpt lat="22.34529032339848" lon="114.21583499668436"><ele>262.128032357485</ele><time>2022-05-07T07:47:52Z</time></trkpt><trkpt lat="22.345284873629257" lon="114.21585612739113"><ele>261.3574014002361</ele><time>2022-05-07T07:47:55Z</time></trkpt><trkpt lat="22.345271136805483" lon="114.21587460070903"><ele>260.79959306540184</ele><time>2022-05-07T07:47:57Z</time></trkpt><trkpt lat="22.3452537109486" lon="114.21589830620086"><ele>259.6558727752721</ele><time>2022-05-07T07:47:59Z</time></trkpt><trkpt lat="22.34523655235742" lon="114.2159190403066"><ele>259.30633032499986</ele><time>2022-05-07T07:48:01Z</time></trkpt><trkpt lat="22.345221238642054" lon="114.21593473861562"><ele>258.9244391960269</ele><time>2022-05-07T07:48:03Z</time></trkpt><trkpt lat="22.345206172662273" lon="114.21595238319883"><ele>258.9544584236842</ele><time>2022-05-07T07:48:05Z</time></trkpt><trkpt lat="22.345189767487724" lon="114.21596474326077"><ele>259.40832303455267</ele><time>2022-05-07T07:48:07Z</time></trkpt><trkpt lat="22.345173060200615" lon="114.21597425751891"><ele>259.2346785218304</ele><time>2022-05-07T07:48:09Z</time></trkpt><trkpt lat="22.34515043140119" lon="114.2159891996381"><ele>258.4110831367271</ele><time>2022-05-07T07:48:11Z</time></trkpt><trkpt lat="22.345126480005952" lon="114.21600752742573"><ele>258.06293918503263</ele><time>2022-05-07T07:48:13Z</time></trkpt><trkpt lat="22.345099571705024" lon="114.21601720325577"><ele>258.04401563820653</ele><time>2022-05-07T07:48:15Z</time></trkpt><trkpt lat="22.345073318535828" lon="114.21603158922335"><ele>258.93623100815785</ele><time>2022-05-07T07:48:16Z</time></trkpt><trkpt lat="22.34505186225869" lon="114.21604082226845"><ele>259.1001414876254</ele><time>2022-05-07T07:48:18Z</time></trkpt><trkpt lat="22.34503046722631" lon="114.21603752802937"><ele>259.27137917639595</ele><time>2022-05-07T07:48:20Z</time></trkpt><trkpt lat="22.34500875131265" lon="114.21603277217369"><ele>258.9439634225366</ele><time>2022-05-07T07:48:22Z</time></trkpt><trkpt lat="22.344980591817375" lon="114.21602986578364"><ele>258.17156984907143</ele><time>2022-05-07T07:48:24Z</time></trkpt><trkpt lat="22.344954254649416" lon="114.21603343664844"><ele>257.78541955190633</ele><time>2022-05-07T07:48:26Z</time></trkpt><trkpt lat="22.344926652486002" lon="114.21604017675406"><ele>257.6887444555143</ele><time>2022-05-07T07:48:28Z</time></trkpt><trkpt lat="22.344897754185236" lon="114.21604775452244"><ele>257.7121024256267</ele><time>2022-05-07T07:48:30Z</time></trkpt><trkpt lat="22.344870399818692" lon="114.2160512811047"><ele>257.17942242257413</ele><time>2022-05-07T07:48:32Z</time></trkpt><trkpt lat="22.344843470140134" lon="114.21605338962115"><ele>257.2414797170969</ele><time>2022-05-07T07:48:34Z</time></trkpt><trkpt lat="22.344825934040884" lon="114.2160583731745"><ele>257.0075774886687</ele><time>2022-05-07T07:48:36Z</time></trkpt><trkpt lat="22.344807769896743" lon="114.21606647670171"><ele>256.66212102930996</ele><time>2022-05-07T07:48:38Z</time></trkpt><trkpt lat="22.344782752558945" lon="114.21607432267531"><ele>256.3760539127411</ele><time>2022-05-07T07:48:40Z</time></trkpt><trkpt lat="22.34475064161443" lon="114.21607469332969"><ele>255.81908704289876</ele><time>2022-05-07T07:48:42Z</time></trkpt><trkpt lat="22.344724556555988" lon="114.21606714430803"><ele>255.38777169263074</ele><time>2022-05-07T07:48:44Z</time></trkpt><trkpt lat="22.344705235269462" lon="114.21607243525821"><ele>253.78056114991662</ele><time>2022-05-07T07:48:46Z</time></trkpt><trkpt lat="22.344680111539486" lon="114.2160752350308"><ele>252.72773235261474</ele><time>2022-05-07T07:48:49Z</time></trkpt><trkpt lat="22.344651879942244" lon="114.21606556315928"><ele>252.4616845939373</ele><time>2022-05-07T07:48:52Z</time></trkpt><trkpt lat="22.344632135552484" lon="114.21605733171685"><ele>252.56744353839892</ele><time>2022-05-07T07:48:54Z</time></trkpt><trkpt lat="22.34461096482892" lon="114.21604506156775"><ele>252.46563558741374</ele><time>2022-05-07T07:48:56Z</time></trkpt><trkpt lat="22.344586201515977" lon="114.21603678760845"><ele>252.1180623815628</ele><time>2022-05-07T07:48:58Z</time></trkpt><trkpt lat="22.344556228738387" lon="114.21603219208822"><ele>251.7855818649309</ele><time>2022-05-07T07:49:00Z</time></trkpt><trkpt lat="22.34452481943755" lon="114.21603000699996"><ele>251.85871726822577</ele><time>2022-05-07T07:49:02Z</time></trkpt><trkpt lat="22.344495454650414" lon="114.21602348707187"><ele>251.80236340078693</ele><time>2022-05-07T07:49:04Z</time></trkpt><trkpt lat="22.344467028817963" lon="114.2160121065242"><ele>251.85620836782394</ele><time>2022-05-07T07:49:06Z</time></trkpt><trkpt lat="22.344439101874638" lon="114.21600064180433"><ele>251.95241666792452</ele><time>2022-05-07T07:49:08Z</time></trkpt><trkpt lat="22.34441267196495" lon="114.21598687319725"><ele>252.23713946488866</ele><time>2022-05-07T07:49:10Z</time></trkpt><trkpt lat="22.344389567059828" lon="114.21598065155675"><ele>252.33208276541214</ele><time>2022-05-07T07:49:12Z</time></trkpt><trkpt lat="22.344366756377255" lon="114.2159814853321"><ele>252.29345511973872</ele><time>2022-05-07T07:49:14Z</time></trkpt><trkpt lat="22.34434250986968" lon="114.21598301092686"><ele>252.18691978955604</ele><time>2022-05-07T07:49:16Z</time></trkpt><trkpt lat="22.344317890027966" lon="114.21598535904097"><ele>251.82636475550626</ele><time>2022-05-07T07:49:18Z</time></trkpt><trkpt lat="22.344293309161227" lon="114.21598682357353"><ele>251.61897011599342</ele><time>2022-05-07T07:49:20Z</time></trkpt><trkpt lat="22.344272723574832" lon="114.21598559797489"><ele>250.96097658726214</ele><time>2022-05-07T07:49:22Z</time></trkpt><trkpt lat="22.34425084129264" lon="114.21599083592149"><ele>250.49039625688025</ele><time>2022-05-07T07:49:24Z</time></trkpt><trkpt lat="22.344230132085684" lon="114.21599660810249"><ele>249.817960661641</ele><time>2022-05-07T07:49:26Z</time></trkpt><trkpt lat="22.344208379270835" lon="114.21600088408982"><ele>249.1737845640267</ele><time>2022-05-07T07:49:28Z</time></trkpt><trkpt lat="22.344185350554586" lon="114.21600254053233"><ele>248.46966735557277</ele><time>2022-05-07T07:49:30Z</time></trkpt><trkpt lat="22.344163694477647" lon="114.21600961311933"><ele>247.7063658403021</ele><time>2022-05-07T07:49:32Z</time></trkpt><trkpt lat="22.344143701097437" lon="114.21601928580814"><ele>247.1635900767651</ele><time>2022-05-07T07:49:34Z</time></trkpt><trkpt lat="22.34412423151146" lon="114.21603150673133"><ele>246.57510589075267</ele><time>2022-05-07T07:49:36Z</time></trkpt><trkpt lat="22.344103359399124" lon="114.21604279618576"><ele>246.00308766032725</ele><time>2022-05-07T07:49:38Z</time></trkpt><trkpt lat="22.344083375816442" lon="114.21605156973447"><ele>245.98916880175818</ele><time>2022-05-07T07:49:40Z</time></trkpt><trkpt lat="22.344063399871956" lon="114.2160599728778"><ele>246.05765586757846</ele><time>2022-05-07T07:49:42Z</time></trkpt><trkpt lat="22.34404013490928" lon="114.21606713960975"><ele>246.35457118479616</ele><time>2022-05-07T07:49:44Z</time></trkpt><trkpt lat="22.344013769836458" lon="114.21606966184794"><ele>246.325992866521</ele><time>2022-05-07T07:49:46Z</time></trkpt><trkpt lat="22.343991261437576" lon="114.2160673136295"><ele>246.15922823605078</ele><time>2022-05-07T07:49:48Z</time></trkpt><trkpt lat="22.343965785210223" lon="114.21607096720702"><ele>245.6926558600355</ele><time>2022-05-07T07:49:50Z</time></trkpt><trkpt lat="22.343929143881155" lon="114.21608647027843"><ele>243.87943314687828</ele><time>2022-05-07T07:49:52Z</time></trkpt><trkpt lat="22.34390903337118" lon="114.21608761690617"><ele>243.73629190054007</ele><time>2022-05-07T07:49:54Z</time></trkpt><trkpt lat="22.343888216950223" lon="114.21608370878623"><ele>243.73862679384118</ele><time>2022-05-07T07:49:56Z</time></trkpt><trkpt lat="22.343869260576852" lon="114.21607962050506"><ele>243.65255789652113</ele><time>2022-05-07T07:49:58Z</time></trkpt><trkpt lat="22.343845882138467" lon="114.2160781213775"><ele>243.8074663472124</ele><time>2022-05-07T07:50:00Z</time></trkpt><trkpt lat="22.34382030859158" lon="114.2160806513855"><ele>243.99593858559155</ele><time>2022-05-07T07:50:03Z</time></trkpt><trkpt lat="22.343794565778403" lon="114.21608004112906"><ele>243.71994979945782</ele><time>2022-05-07T07:50:06Z</time></trkpt><trkpt lat="22.34377458991007" lon="114.21607587562221"><ele>243.1497303822524</ele><time>2022-05-07T07:50:08Z</time></trkpt><trkpt lat="22.34374354791576" lon="114.21606758253081"><ele>242.69139588939825</ele><time>2022-05-07T07:50:10Z</time></trkpt><trkpt lat="22.343719898997183" lon="114.2160648989005"><ele>242.42783763233376</ele><time>2022-05-07T07:50:12Z</time></trkpt><trkpt lat="22.34369519796657" lon="114.21605904109421"><ele>242.08689841067843</ele><time>2022-05-07T07:50:14Z</time></trkpt><trkpt lat="22.34367335694729" lon="114.21605674092477"><ele>241.34554376494563</ele><time>2022-05-07T07:50:16Z</time></trkpt><trkpt lat="22.343649771784403" lon="114.21605604839525"><ele>240.7115139535912</ele><time>2022-05-07T07:50:18Z</time></trkpt><trkpt lat="22.343620803038483" lon="114.2160473121097"><ele>240.29340753084705</ele><time>2022-05-07T07:50:20Z</time></trkpt><trkpt lat="22.343566930702462" lon="114.21603388971342"><ele>240.54710197956905</ele><time>2022-05-07T07:50:22Z</time></trkpt><trkpt lat="22.3435472008773" lon="114.21602604299753"><ele>240.38717530725253</ele><time>2022-05-07T07:50:24Z</time></trkpt><trkpt lat="22.343523194786197" lon="114.2160217564667"><ele>239.74852652391766</ele><time>2022-05-07T07:50:27Z</time></trkpt><trkpt lat="22.343504699083876" lon="114.21602521339366"><ele>239.62728151522896</ele><time>2022-05-07T07:50:29Z</time></trkpt><trkpt lat="22.34346202780251" lon="114.21602435597777"><ele>239.5669766517167</ele><time>2022-05-07T07:50:31Z</time></trkpt><trkpt lat="22.34344372448428" lon="114.21602542705276"><ele>239.65097884872816</ele><time>2022-05-07T07:50:33Z</time></trkpt><trkpt lat="22.343416072149235" lon="114.21602145200822"><ele>239.32914820246285</ele><time>2022-05-07T07:50:36Z</time></trkpt><trkpt lat="22.343396870624336" lon="114.21602228576337"><ele>238.35663534211773</ele><time>2022-05-07T07:50:39Z</time></trkpt><trkpt lat="22.343370731977846" lon="114.21603207089103"><ele>238.81605123425047</ele><time>2022-05-07T07:50:45Z</time></trkpt><trkpt lat="22.343348738232596" lon="114.21604174503024"><ele>238.58929485546565</ele><time>2022-05-07T07:50:47Z</time></trkpt><trkpt lat="22.343327710153595" lon="114.21604812695097"><ele>238.6214839953974</ele><time>2022-05-07T07:50:49Z</time></trkpt><trkpt lat="22.34330533262811" lon="114.21605627092082"><ele>238.98154754950016</ele><time>2022-05-07T07:50:52Z</time></trkpt><trkpt lat="22.343287885742495" lon="114.21607385947317"><ele>239.46672427202355</ele><time>2022-05-07T07:50:55Z</time></trkpt><trkpt lat="22.34326671947637" lon="114.21608921801459"><ele>239.5695617039152</ele><time>2022-05-07T07:50:58Z</time></trkpt><trkpt lat="22.343245784189456" lon="114.21610437334914"><ele>239.58783962811833</ele><time>2022-05-07T07:51:01Z</time></trkpt><trkpt lat="22.34322916864882" lon="114.21611897977627"><ele>239.98336383024332</ele><time>2022-05-07T07:51:03Z</time></trkpt><trkpt lat="22.343217446294606" lon="114.21613478839674"><ele>240.3277373653508</ele><time>2022-05-07T07:51:05Z</time></trkpt><trkpt lat="22.343202746824094" lon="114.21615088424726"><ele>240.0095688108385</ele><time>2022-05-07T07:51:07Z</time></trkpt><trkpt lat="22.3431909026309" lon="114.21617292936594"><ele>239.9866306814225</ele><time>2022-05-07T07:51:09Z</time></trkpt><trkpt lat="22.343185224026413" lon="114.2161915326227"><ele>240.18320994237217</ele><time>2022-05-07T07:51:11Z</time></trkpt><trkpt lat="22.343174637609454" lon="114.21620859682828"><ele>239.96686386255655</ele><time>2022-05-07T07:51:13Z</time></trkpt><trkpt lat="22.343161595258447" lon="114.21622879702151"><ele>240.10237350507745</ele><time>2022-05-07T07:51:16Z</time></trkpt><trkpt lat="22.343141697604487" lon="114.21624186640695"><ele>239.84971742385343</ele><time>2022-05-07T07:51:20Z</time></trkpt><trkpt lat="22.343124616210158" lon="114.216248749212"><ele>239.41663676883772</ele><time>2022-05-07T07:51:22Z</time></trkpt><trkpt lat="22.343107909058418" lon="114.2162701887783"><ele>239.176057461787</ele><time>2022-05-07T07:51:25Z</time></trkpt><trkpt lat="22.34309568482993" lon="114.21628615479415"><ele>239.12524692470993</ele><time>2022-05-07T07:51:29Z</time></trkpt><trkpt lat="22.34307200829656" lon="114.21628975597288"><ele>238.82579275685617</ele><time>2022-05-07T07:51:32Z</time></trkpt><trkpt lat="22.343054095724856" lon="114.21630677401204"><ele>238.70690601009295</ele><time>2022-05-07T07:51:35Z</time></trkpt><trkpt lat="22.34303749224438" lon="114.21631982612764"><ele>238.13915101549318</ele><time>2022-05-07T07:51:37Z</time></trkpt><trkpt lat="22.343019571228428" lon="114.21633464242015"><ele>237.65829897854218</ele><time>2022-05-07T07:51:39Z</time></trkpt><trkpt lat="22.34299788346941" lon="114.21634790516026"><ele>237.3172358963008</ele><time>2022-05-07T07:51:42Z</time></trkpt><trkpt lat="22.3429802682255" lon="114.2163655879226"><ele>237.02885103045068</ele><time>2022-05-07T07:51:45Z</time></trkpt><trkpt lat="22.342954402280885" lon="114.21637843186869"><ele>237.23076260404522</ele><time>2022-05-07T07:51:48Z</time></trkpt><trkpt lat="22.342928758764206" lon="114.21638395870369"><ele>237.41399765454605</ele><time>2022-05-07T07:51:50Z</time></trkpt><trkpt lat="22.34291134284539" lon="114.21639156119741"><ele>237.32950546512134</ele><time>2022-05-07T07:51:52Z</time></trkpt><trkpt lat="22.342889151622074" lon="114.2164003485181"><ele>237.21338332493423</ele><time>2022-05-07T07:51:55Z</time></trkpt><trkpt lat="22.342869980820822" lon="114.21640744051335"><ele>237.56005394621786</ele><time>2022-05-07T07:51:57Z</time></trkpt><trkpt lat="22.34285021224823" lon="114.21641179780825"><ele>237.7309862713916</ele><time>2022-05-07T07:52:00Z</time></trkpt><trkpt lat="22.342827894219422" lon="114.21641418690733"><ele>237.4170769278557</ele><time>2022-05-07T07:52:03Z</time></trkpt><trkpt lat="22.342808711935813" lon="114.21641562553224"><ele>236.8001648465074</ele><time>2022-05-07T07:52:05Z</time></trkpt><trkpt lat="22.34279045160909" lon="114.21641423162666"><ele>236.7649633838902</ele><time>2022-05-07T07:52:07Z</time></trkpt><trkpt lat="22.34277104826462" lon="114.21641591288098"><ele>236.09746853975943</ele><time>2022-05-07T07:52:09Z</time></trkpt><trkpt lat="22.342747847863663" lon="114.21642365682095"><ele>235.7065330364168</ele><time>2022-05-07T07:52:12Z</time></trkpt><trkpt lat="22.342723387542932" lon="114.21642361424423"><ele>235.75180052267385</ele><time>2022-05-07T07:52:15Z</time></trkpt><trkpt lat="22.342704086160808" lon="114.21642646055363"><ele>235.58103249753157</ele><time>2022-05-07T07:52:17Z</time></trkpt><trkpt lat="22.342684490250978" lon="114.216430130634"><ele>235.2253575748949</ele><time>2022-05-07T07:52:19Z</time></trkpt><trkpt lat="22.342665135456134" lon="114.2164291130175"><ele>235.1009093947234</ele><time>2022-05-07T07:52:21Z</time></trkpt><trkpt lat="22.342646386308765" lon="114.21642922518431"><ele>234.76419349775736</ele><time>2022-05-07T07:52:23Z</time></trkpt><trkpt lat="22.342622944931122" lon="114.21643057941394"><ele>234.33307099613506</ele><time>2022-05-07T07:52:26Z</time></trkpt><trkpt lat="22.3425966636465" lon="114.21643451729038"><ele>233.74208312318606</ele><time>2022-05-07T07:52:29Z</time></trkpt><trkpt lat="22.34257870498586" lon="114.21643935363696"><ele>233.17154583123767</ele><time>2022-05-07T07:52:31Z</time></trkpt><trkpt lat="22.3425561015478" lon="114.2164396523568"><ele>232.7148935609719</ele><time>2022-05-07T07:52:33Z</time></trkpt><trkpt lat="22.342532704276746" lon="114.21643814145278"><ele>232.3404432665971</ele><time>2022-05-07T07:52:35Z</time></trkpt><trkpt lat="22.34251248227485" lon="114.2164393251374"><ele>231.61894761801025</ele><time>2022-05-07T07:52:37Z</time></trkpt><trkpt lat="22.342491110085092" lon="114.21643479849011"><ele>230.7862603699152</ele><time>2022-05-07T07:52:39Z</time></trkpt><trkpt lat="22.342471568957652" lon="114.21642780556913"><ele>230.40523972865788</ele><time>2022-05-07T07:52:41Z</time></trkpt><trkpt lat="22.342450926603767" lon="114.21642862292995"><ele>229.69958188304867</ele><time>2022-05-07T07:52:44Z</time></trkpt><trkpt lat="22.342422794965227" lon="114.21643857517637"><ele>230.58208595623083</ele><time>2022-05-07T07:52:46Z</time></trkpt><trkpt lat="22.342393235061532" lon="114.21642810483051"><ele>232.43576680729788</ele><time>2022-05-07T07:52:48Z</time></trkpt><trkpt lat="22.342371829470896" lon="114.21641614585113"><ele>232.65343991861434</ele><time>2022-05-07T07:52:50Z</time></trkpt><trkpt lat="22.342351410268456" lon="114.21641660614624"><ele>232.45198963400532</ele><time>2022-05-07T07:52:53Z</time></trkpt><trkpt lat="22.34233147629157" lon="114.21642372202575"><ele>232.0885680008708</ele><time>2022-05-07T07:52:56Z</time></trkpt><trkpt lat="22.342311839304465" lon="114.21642836981285"><ele>231.59623493446173</ele><time>2022-05-07T07:52:59Z</time></trkpt><trkpt lat="22.342287867039204" lon="114.21643345367664"><ele>231.12289496619283</ele><time>2022-05-07T07:53:01Z</time></trkpt><trkpt lat="22.342267511092743" lon="114.21643608655322"><ele>230.9660983711134</ele><time>2022-05-07T07:53:03Z</time></trkpt><trkpt lat="22.342248190098683" lon="114.21644070026788"><ele>230.9309138816521</ele><time>2022-05-07T07:53:05Z</time></trkpt><trkpt lat="22.34222835558936" lon="114.21644961661794"><ele>230.79605811428812</ele><time>2022-05-07T07:53:08Z</time></trkpt><trkpt lat="22.342202898633683" lon="114.2164499172078"><ele>230.70459280723583</ele><time>2022-05-07T07:53:11Z</time></trkpt><trkpt lat="22.342183280580578" lon="114.2164468949147"><ele>230.94105095988016</ele><time>2022-05-07T07:53:13Z</time></trkpt><trkpt lat="22.34215804038489" lon="114.21644167593685"><ele>231.42648695715138</ele><time>2022-05-07T07:53:14Z</time></trkpt><trkpt lat="22.342134691507574" lon="114.21644748105435"><ele>231.66814037370858</ele><time>2022-05-07T07:53:16Z</time></trkpt><trkpt lat="22.34211408719021" lon="114.21644274545399"><ele>230.89129384117405</ele><time>2022-05-07T07:53:18Z</time></trkpt><trkpt lat="22.342095678213465" lon="114.21644186440611"><ele>229.8076476005337</ele><time>2022-05-07T07:53:19Z</time></trkpt><trkpt lat="22.34206887052261" lon="114.21643418932283"><ele>228.77517444162993</ele><time>2022-05-07T07:53:21Z</time></trkpt><trkpt lat="22.34205449411895" lon="114.21641717230706"><ele>227.734968726194</ele><time>2022-05-07T07:53:23Z</time></trkpt><trkpt lat="22.342041767094443" lon="114.21639721131946"><ele>227.58745699067413</ele><time>2022-05-07T07:53:25Z</time></trkpt><trkpt lat="22.34202603241024" lon="114.2163792054112"><ele>227.50421554357823</ele><time>2022-05-07T07:53:27Z</time></trkpt><trkpt lat="22.34201510562365" lon="114.21635981233759"><ele>227.5981988433993</ele><time>2022-05-07T07:53:30Z</time></trkpt><trkpt lat="22.342005861685315" lon="114.21633070142126"><ele>227.2584882078452</ele><time>2022-05-07T07:53:33Z</time></trkpt><trkpt lat="22.341998566145463" lon="114.21631064370037"><ele>226.9587648817134</ele><time>2022-05-07T07:53:35Z</time></trkpt><trkpt lat="22.34198978941658" lon="114.21629177405796"><ele>226.88978807241426</ele><time>2022-05-07T07:53:37Z</time></trkpt><trkpt lat="22.34198437123574" lon="114.21627031510815"><ele>226.82553457533086</ele><time>2022-05-07T07:53:39Z</time></trkpt><trkpt lat="22.341978473355066" lon="114.21624544721334"><ele>226.60827187004327</ele><time>2022-05-07T07:53:41Z</time></trkpt><trkpt lat="22.341971180523256" lon="114.21622173042063"><ele>226.54824728384287</ele><time>2022-05-07T07:53:43Z</time></trkpt><trkpt lat="22.34196337600731" lon="114.21619632062067"><ele>226.5854761384922</ele><time>2022-05-07T07:53:45Z</time></trkpt><trkpt lat="22.34195599774599" lon="114.21616960198564"><ele>226.61091390048446</ele><time>2022-05-07T07:53:48Z</time></trkpt><trkpt lat="22.34195985281676" lon="114.21614532753557"><ele>226.639859658124</ele><time>2022-05-07T07:53:50Z</time></trkpt><trkpt lat="22.34195947079795" lon="114.21612525407991"><ele>226.63185920672458</ele><time>2022-05-07T07:53:51Z</time></trkpt><trkpt lat="22.34195247347312" lon="114.21609445735486"><ele>226.7799632929676</ele><time>2022-05-07T07:53:53Z</time></trkpt><trkpt lat="22.341945144482153" lon="114.21607156580134"><ele>226.6431469238807</ele><time>2022-05-07T07:53:54Z</time></trkpt><trkpt lat="22.341938470275235" lon="114.21604263706264"><ele>226.44715316761466</ele><time>2022-05-07T07:53:56Z</time></trkpt><trkpt lat="22.3419327737251" lon="114.21602117900161"><ele>225.96035141948752</ele><time>2022-05-07T07:53:58Z</time></trkpt><trkpt lat="22.341923825349923" lon="114.21599906902553"><ele>225.45804652297522</ele><time>2022-05-07T07:54:00Z</time></trkpt><trkpt lat="22.341914667950984" lon="114.21598091228859"><ele>225.35663370288293</ele><time>2022-05-07T07:54:02Z</time></trkpt><trkpt lat="22.34190794845996" lon="114.2159602658747"><ele>224.88060848573943</ele><time>2022-05-07T07:54:04Z</time></trkpt><trkpt lat="22.34189997207371" lon="114.21593253164049"><ele>223.84527346218727</ele><time>2022-05-07T07:54:06Z</time></trkpt><trkpt lat="22.34189005530928" lon="114.21591230168342"><ele>223.41018698740348</ele><time>2022-05-07T07:54:08Z</time></trkpt><trkpt lat="22.341887089283514" lon="114.21589161369437"><ele>223.40506821779758</ele><time>2022-05-07T07:54:10Z</time></trkpt><trkpt lat="22.34188716900471" lon="114.21586820162682"><ele>223.20339839158478</ele><time>2022-05-07T07:54:12Z</time></trkpt><trkpt lat="22.34188031904142" lon="114.21584431529357"><ele>222.69533982948408</ele><time>2022-05-07T07:54:14Z</time></trkpt><trkpt lat="22.341878211849824" lon="114.21582273568399"><ele>222.19355567082172</ele><time>2022-05-07T07:54:16Z</time></trkpt><trkpt lat="22.341876533771824" lon="114.21580293464635"><ele>221.7485513855284</ele><time>2022-05-07T07:54:18Z</time></trkpt><trkpt lat="22.341870643192063" lon="114.2157823091586"><ele>221.46589554645686</ele><time>2022-05-07T07:54:20Z</time></trkpt><trkpt lat="22.341866216144382" lon="114.21576021464759"><ele>221.48005828921671</ele><time>2022-05-07T07:54:22Z</time></trkpt><trkpt lat="22.341859500037813" lon="114.21573821903134"><ele>221.15644220950895</ele><time>2022-05-07T07:54:24Z</time></trkpt><trkpt lat="22.34185317512084" lon="114.21571468636903"><ele>220.7690029276097</ele><time>2022-05-07T07:54:26Z</time></trkpt><trkpt lat="22.34184677480915" lon="114.21568733016578"><ele>220.74926641988387</ele><time>2022-05-07T07:54:28Z</time></trkpt><trkpt lat="22.341843805108976" lon="114.21566220633679"><ele>220.8532458020466</ele><time>2022-05-07T07:54:30Z</time></trkpt><trkpt lat="22.34183965504686" lon="114.21563866684028"><ele>220.1490889766493</ele><time>2022-05-07T07:54:32Z</time></trkpt><trkpt lat="22.341836561822223" lon="114.21561248204237"><ele>219.85254355504605</ele><time>2022-05-07T07:54:34Z</time></trkpt><trkpt lat="22.341831425557707" lon="114.2155885964046"><ele>219.63011895070758</ele><time>2022-05-07T07:54:36Z</time></trkpt><trkpt lat="22.341823616610398" lon="114.21556511722821"><ele>219.06828174679404</ele><time>2022-05-07T07:54:38Z</time></trkpt><trkpt lat="22.341816338041433" lon="114.21554101310598"><ele>218.8454760477552</ele><time>2022-05-07T07:54:40Z</time></trkpt><trkpt lat="22.341805134958726" lon="114.21551394777686"><ele>218.6307234990219</ele><time>2022-05-07T07:54:42Z</time></trkpt><trkpt lat="22.341792270818875" lon="114.21548917105189"><ele>218.33016773509</ele><time>2022-05-07T07:54:44Z</time></trkpt><trkpt lat="22.34177564957412" lon="114.21547053373959"><ele>217.77288352254578</ele><time>2022-05-07T07:54:46Z</time></trkpt><trkpt lat="22.341761689960997" lon="114.2154565292662"><ele>216.75867535112366</ele><time>2022-05-07T07:54:48Z</time></trkpt><trkpt lat="22.341744593653708" lon="114.21543910504246"><ele>216.05365614507488</ele><time>2022-05-07T07:54:50Z</time></trkpt><trkpt lat="22.341725293837868" lon="114.21542150062072"><ele>214.96738936360308</ele><time>2022-05-07T07:54:53Z</time></trkpt><trkpt lat="22.34170996923351" lon="114.21540250324988"><ele>213.75294278140737</ele><time>2022-05-07T07:54:56Z</time></trkpt></trkseg></trk></gpx>