<?xml version='1.0' encoding='UTF-8' ?><gpx version="1.1" creator="HikingTrailHK" xsi:schemaLocation="http://www.topografix.com/GPX/1/1 http://www.topografix.com/GPX/1/1/gpx.xsd" xmlns="http://www.topografix.com/GPX/1/1" xmlns:xsi="http://www.w3.org/2001/XMLSchema-instance"><metadata><name>我的轨迹 @ 2023-02-25 12:42:01</name><desc></desc></metadata><trk><trkseg><trkpt lat="22.310872558083524" lon="114.23840657292132"><ele>111.67264717444777</ele><time>2023-02-25T04:42:01.195Z</time></trkpt><trkpt lat="22.310841440694098" lon="114.23842823101869"><ele>114.89491824246943</ele><time>2023-02-25T04:42:04Z</time></trkpt><trkpt lat="22.31082273256206" lon="114.23843682206584"><ele>115.36857448983938</ele><time>2023-02-25T04:42:06Z</time></trkpt><trkpt lat="22.31080741777552" lon="114.23844947280813"><ele>115.30018501542509</ele><time>2023-02-25T04:42:08Z</time></trkpt><trkpt lat="22.310787769498077" lon="114.238453267061"><ele>116.51891427859664</ele><time>2023-02-25T04:42:10Z</time></trkpt><trkpt lat="22.310753536002643" lon="114.23845939136234"><ele>115.60567935463041</ele><time>2023-02-25T04:42:14Z</time></trkpt><trkpt lat="22.310734403171693" lon="114.23847519263718"><ele>114.86813363432884</ele><time>2023-02-25T04:42:16Z</time></trkpt><trkpt lat="22.310718371260958" lon="114.23848486180009"><ele>114.29502081871033</ele><time>2023-02-25T04:42:18Z</time></trkpt><trkpt lat="22.310689472257703" lon="114.23850524971965"><ele>114.62625455949455</ele><time>2023-02-25T04:42:22Z</time></trkpt><trkpt lat="22.31066710425749" lon="114.23851953035077"><ele>114.33625398669392</ele><time>2023-02-25T04:42:26Z</time></trkpt><trkpt lat="22.31064828206559" lon="114.23852677683118"><ele>115.11536401417106</ele><time>2023-02-25T04:42:28Z</time></trkpt><trkpt lat="22.3106363367427" lon="114.23856430643856"><ele>116.25971803255379</ele><time>2023-02-25T04:42:32Z</time></trkpt><trkpt lat="22.310639287808115" lon="114.23859834134448"><ele>118.50207805261016</ele><time>2023-02-25T04:43:04Z</time></trkpt><trkpt lat="22.310636851483096" lon="114.23862231070689"><ele>118.44237968556283</ele><time>2023-02-25T04:43:06Z</time></trkpt><trkpt lat="22.31063140151288" lon="114.2386485647847"><ele>114.57444722010784</ele><time>2023-02-25T04:43:08Z</time></trkpt><trkpt lat="22.310641192504946" lon="114.23868324442353"><ele>115.501050310504</ele><time>2023-02-25T04:43:10Z</time></trkpt><trkpt lat="22.310646226361378" lon="114.23871603252553"><ele>116.47961037762681</ele><time>2023-02-25T04:43:12Z</time></trkpt><trkpt lat="22.310635943033574" lon="114.23874827765917"><ele>117.035374662191</ele><time>2023-02-25T04:43:14Z</time></trkpt><trkpt lat="22.310644946786265" lon="114.23876919097928"><ele>117.98708156245172</ele><time>2023-02-25T04:43:16Z</time></trkpt><trkpt lat="22.31065495825591" lon="114.23879142189264"><ele>118.29687890187712</ele><time>2023-02-25T04:43:18Z</time></trkpt><trkpt lat="22.310654786507214" lon="114.23882477405176"><ele>118.59697897527984</ele><time>2023-02-25T04:43:20Z</time></trkpt><trkpt lat="22.310659960928593" lon="114.23885832954771"><ele>119.20500294937986</ele><time>2023-02-25T04:43:22Z</time></trkpt><trkpt lat="22.31065409083089" lon="114.23888463541414"><ele>119.95001832738743</ele><time>2023-02-25T04:43:24Z</time></trkpt><trkpt lat="22.310637027688603" lon="114.23891848144932"><ele>120.16908317668232</ele><time>2023-02-25T04:43:26Z</time></trkpt><trkpt lat="22.310622209744615" lon="114.23895042852375"><ele>119.57929227921503</ele><time>2023-02-25T04:43:28Z</time></trkpt><trkpt lat="22.310629086591625" lon="114.23898564338168"><ele>119.83731714841666</ele><time>2023-02-25T04:43:30Z</time></trkpt><trkpt lat="22.310623428079197" lon="114.23901508784193"><ele>119.50676411916236</ele><time>2023-02-25T04:43:32Z</time></trkpt><trkpt lat="22.310617117787483" lon="114.2390584796031"><ele>119.00028111605563</ele><time>2023-02-25T04:43:36Z</time></trkpt><trkpt lat="22.31061324623157" lon="114.23908451315687"><ele>118.67310030595313</ele><time>2023-02-25T04:43:38Z</time></trkpt><trkpt lat="22.31059879700104" lon="114.23911685085659"><ele>118.89270352929735</ele><time>2023-02-25T04:43:42Z</time></trkpt><trkpt lat="22.31058765105554" lon="114.23913316314504"><ele>119.25357499500718</ele><time>2023-02-25T04:43:44Z</time></trkpt><trkpt lat="22.310582772644413" lon="114.23915604942246"><ele>119.21719332404628</ele><time>2023-02-25T04:43:46Z</time></trkpt><trkpt lat="22.31058924059452" lon="114.23917661464397"><ele>119.47966866055417</ele><time>2023-02-25T04:43:48Z</time></trkpt><trkpt lat="22.310593662267603" lon="114.23920201431228"><ele>120.0087143420791</ele><time>2023-02-25T04:43:50Z</time></trkpt><trkpt lat="22.31060091054479" lon="114.2392271667474"><ele>120.29707054346699</ele><time>2023-02-25T04:43:52Z</time></trkpt><trkpt lat="22.31060594977169" lon="114.23926059330137"><ele>120.1488065312814</ele><time>2023-02-25T04:43:54Z</time></trkpt><trkpt lat="22.310621942117226" lon="114.2392854888229"><ele>120.24436994590694</ele><time>2023-02-25T04:43:56Z</time></trkpt><trkpt lat="22.310638490014313" lon="114.23930853281523"><ele>120.94869501580871</ele><time>2023-02-25T04:43:58Z</time></trkpt><trkpt lat="22.31065429565137" lon="114.23933515013722"><ele>120.86719336512778</ele><time>2023-02-25T04:44:00Z</time></trkpt><trkpt lat="22.310654961149318" lon="114.23936745297331"><ele>120.66456701666091</ele><time>2023-02-25T04:44:02Z</time></trkpt><trkpt lat="22.31066597137152" lon="114.23939201417498"><ele>120.529918036981</ele><time>2023-02-25T04:44:04Z</time></trkpt><trkpt lat="22.310676383540628" lon="114.23941293121341"><ele>120.90531177341971</ele><time>2023-02-25T04:44:08Z</time></trkpt><trkpt lat="22.31067300329672" lon="114.23943899297146"><ele>120.67891048312516</ele><time>2023-02-25T04:44:10Z</time></trkpt><trkpt lat="22.310671662652847" lon="114.23946358535099"><ele>120.43603336898661</ele><time>2023-02-25T04:44:12Z</time></trkpt><trkpt lat="22.310659789813993" lon="114.23949490148554"><ele>120.12704798852488</ele><time>2023-02-25T04:44:14Z</time></trkpt><trkpt lat="22.31065677586224" lon="114.23952406879688"><ele>119.86950999214228</ele><time>2023-02-25T04:44:16Z</time></trkpt><trkpt lat="22.310659299885526" lon="114.23954549661076"><ele>119.37451943550909</ele><time>2023-02-25T04:44:18Z</time></trkpt><trkpt lat="22.310659465860194" lon="114.23957204478535"><ele>119.32434349529028</ele><time>2023-02-25T04:44:20Z</time></trkpt><trkpt lat="22.310669655765217" lon="114.23959414284244"><ele>119.23990650988694</ele><time>2023-02-25T04:44:22Z</time></trkpt><trkpt lat="22.31069420657081" lon="114.23960011877044"><ele>119.4008074823386</ele><time>2023-02-25T04:44:26Z</time></trkpt><trkpt lat="22.310707439239238" lon="114.23961348972985"><ele>118.73709769956238</ele><time>2023-02-25T04:45:00Z</time></trkpt><trkpt lat="22.31073266371512" lon="114.23964383027501"><ele>119.27718265744207</ele><time>2023-02-25T04:45:04Z</time></trkpt><trkpt lat="22.310751445947137" lon="114.23966020080034"><ele>119.58161587359704</ele><time>2023-02-25T04:45:06Z</time></trkpt><trkpt lat="22.310773629478806" lon="114.23967493839817"><ele>120.09226690851052</ele><time>2023-02-25T04:45:08Z</time></trkpt><trkpt lat="22.31079486938357" lon="114.2396985739251"><ele>119.85612476453186</ele><time>2023-02-25T04:45:10Z</time></trkpt><trkpt lat="22.310806954506464" lon="114.23971954319649"><ele>119.57177380647882</ele><time>2023-02-25T04:45:12Z</time></trkpt><trkpt lat="22.31082003999006" lon="114.23973296181724"><ele>119.83721357762234</ele><time>2023-02-25T04:45:14Z</time></trkpt><trkpt lat="22.310834045727837" lon="114.23974842979673"><ele>119.96202198104227</ele><time>2023-02-25T04:45:16Z</time></trkpt><trkpt lat="22.310832722735842" lon="114.2397741072764"><ele>120.23381466869165</ele><time>2023-02-25T04:45:18Z</time></trkpt><trkpt lat="22.31081878195099" lon="114.23980415867146"><ele>120.23563494875194</ele><time>2023-02-25T04:45:20Z</time></trkpt><trkpt lat="22.310801944482293" lon="114.23982611464835"><ele>120.30062406924333</ele><time>2023-02-25T04:45:22Z</time></trkpt><trkpt lat="22.31078875279279" lon="114.239847231072"><ele>119.8646486521674</ele><time>2023-02-25T04:45:24Z</time></trkpt><trkpt lat="22.310738577116865" lon="114.23986364583284"><ele>120.33386249901639</ele><time>2023-02-25T04:45:28Z</time></trkpt><trkpt lat="22.31070319432509" lon="114.23985726456567"><ele>120.52818147622891</ele><time>2023-02-25T04:45:30Z</time></trkpt><trkpt lat="22.31067750774017" lon="114.23984892333304"><ele>120.92523146703014</ele><time>2023-02-25T04:45:32Z</time></trkpt><trkpt lat="22.310643745805834" lon="114.23982984241084"><ele>122.24351490311716</ele><time>2023-02-25T04:45:36Z</time></trkpt><trkpt lat="22.310618281236398" lon="114.23982329939813"><ele>122.71371170916828</ele><time>2023-02-25T04:45:38Z</time></trkpt><trkpt lat="22.31060085881482" lon="114.23980802666674"><ele>123.81155173750928</ele><time>2023-02-25T04:45:40Z</time></trkpt><trkpt lat="22.310586763733333" lon="114.23979354773677"><ele>124.24007428784553</ele><time>2023-02-25T04:45:42Z</time></trkpt><trkpt lat="22.310569266885572" lon="114.23977597636282"><ele>124.65358206552303</ele><time>2023-02-25T04:45:44Z</time></trkpt><trkpt lat="22.310539217424765" lon="114.23976199559138"><ele>125.9101976103491</ele><time>2023-02-25T04:45:48Z</time></trkpt><trkpt lat="22.31052232618931" lon="114.23975531022056"><ele>126.39679931505889</ele><time>2023-02-25T04:45:50Z</time></trkpt><trkpt lat="22.310504419018997" lon="114.23974302683168"><ele>126.56650253974983</ele><time>2023-02-25T04:45:52Z</time></trkpt><trkpt lat="22.310483263177233" lon="114.23973518758454"><ele>126.70043543537946</ele><time>2023-02-25T04:45:54Z</time></trkpt><trkpt lat="22.310463467100266" lon="114.23973853032926"><ele>127.22074031805306</ele><time>2023-02-25T04:45:56Z</time></trkpt><trkpt lat="22.310440746203074" lon="114.23976113647835"><ele>127.76682002450643</ele><time>2023-02-25T04:46:00Z</time></trkpt><trkpt lat="22.310430868606183" lon="114.2397886693162"><ele>128.90603166607136</ele><time>2023-02-25T04:46:04Z</time></trkpt><trkpt lat="22.31042925949009" lon="114.23981231905864"><ele>129.0949132877906</ele><time>2023-02-25T04:46:06Z</time></trkpt><trkpt lat="22.310433146921238" lon="114.2398396818128"><ele>129.44567675856848</ele><time>2023-02-25T04:46:08Z</time></trkpt><trkpt lat="22.310432962954586" lon="114.23986498387274"><ele>129.66103992807848</ele><time>2023-02-25T04:46:10Z</time></trkpt><trkpt lat="22.31043323089973" lon="114.23988698544606"><ele>130.04552309534563</ele><time>2023-02-25T04:46:12Z</time></trkpt><trkpt lat="22.310421186928764" lon="114.23990756581445"><ele>130.10151185347056</ele><time>2023-02-25T04:46:14Z</time></trkpt><trkpt lat="22.31040687068106" lon="114.23992702915208"><ele>130.08237408121866</ele><time>2023-02-25T04:46:16Z</time></trkpt><trkpt lat="22.310396346909876" lon="114.23995017121474"><ele>129.6476096149003</ele><time>2023-02-25T04:46:18Z</time></trkpt><trkpt lat="22.310397022182045" lon="114.23997063941381"><ele>129.42616854201245</ele><time>2023-02-25T04:46:20Z</time></trkpt><trkpt lat="22.310388985363236" lon="114.23999518150084"><ele>128.92001894025972</ele><time>2023-02-25T04:46:22Z</time></trkpt><trkpt lat="22.310397139764547" lon="114.24002606686786"><ele>128.60843186287147</ele><time>2023-02-25T04:46:26Z</time></trkpt><trkpt lat="22.310405595523683" lon="114.24004530750557"><ele>128.90114880507028</ele><time>2023-02-25T04:46:28Z</time></trkpt><trkpt lat="22.310409390864862" lon="114.24007400669791"><ele>128.97985033021504</ele><time>2023-02-25T04:46:30Z</time></trkpt><trkpt lat="22.31041757442446" lon="114.24009256321698"><ele>129.22106871114397</ele><time>2023-02-25T04:46:32Z</time></trkpt><trkpt lat="22.310427937080338" lon="114.24010910818274"><ele>129.02816122087975</ele><time>2023-02-25T04:46:34Z</time></trkpt><trkpt lat="22.31043548793047" lon="114.24012936027528"><ele>128.42815630336656</ele><time>2023-02-25T04:46:36Z</time></trkpt><trkpt lat="22.310436656473456" lon="114.2401529788772"><ele>128.74816465020695</ele><time>2023-02-25T04:46:38Z</time></trkpt><trkpt lat="22.310434951957333" lon="114.24019197337448"><ele>129.2709001470597</ele><time>2023-02-25T04:46:42Z</time></trkpt><trkpt lat="22.310439084799373" lon="114.24021590707812"><ele>131.15881385702102</ele><time>2023-02-25T04:46:46Z</time></trkpt><trkpt lat="22.310440977415873" lon="114.2402414483643"><ele>131.39477312161674</ele><time>2023-02-25T04:47:10Z</time></trkpt><trkpt lat="22.31045543781642" lon="114.24026238059189"><ele>131.33449781838343</ele><time>2023-02-25T04:47:12Z</time></trkpt><trkpt lat="22.310465821583147" lon="114.24028189612206"><ele>131.52368024419837</ele><time>2023-02-25T04:47:14Z</time></trkpt><trkpt lat="22.31047362438126" lon="114.24030260226591"><ele>131.97754234388972</ele><time>2023-02-25T04:47:16Z</time></trkpt><trkpt lat="22.310483153507658" lon="114.24033164985948"><ele>132.36089963960583</ele><time>2023-02-25T04:47:20Z</time></trkpt><trkpt lat="22.310483124640218" lon="114.24035977782027"><ele>132.46380574055706</ele><time>2023-02-25T04:47:24Z</time></trkpt><trkpt lat="22.310486104032723" lon="114.24038074625224"><ele>133.59644587083406</ele><time>2023-02-25T04:47:28Z</time></trkpt><trkpt lat="22.3104936195955" lon="114.24040450257291"><ele>134.68419621371135</ele><time>2023-02-25T04:47:32Z</time></trkpt><trkpt lat="22.310504813800463" lon="114.24042395632941"><ele>134.95851680204046</ele><time>2023-02-25T04:47:36Z</time></trkpt><trkpt lat="22.31050505715424" lon="114.24044928313907"><ele>135.80245781652408</ele><time>2023-02-25T04:47:40Z</time></trkpt><trkpt lat="22.310494443999545" lon="114.2404669608333"><ele>135.9379911249897</ele><time>2023-02-25T04:47:48Z</time></trkpt><trkpt lat="22.31050236526335" lon="114.24048537176698"><ele>136.75971704974066</ele><time>2023-02-25T04:47:50Z</time></trkpt><trkpt lat="22.310517831375506" lon="114.2405062496268"><ele>137.46358723828436</ele><time>2023-02-25T04:47:52Z</time></trkpt><trkpt lat="22.310536449164687" lon="114.24052553938611"><ele>138.12622871227896</ele><time>2023-02-25T04:47:54Z</time></trkpt><trkpt lat="22.31055023601748" lon="114.24054654967037"><ele>138.47075161710046</ele><time>2023-02-25T04:47:56Z</time></trkpt><trkpt lat="22.31056342674536" lon="114.24056591456534"><ele>138.96146450467907</ele><time>2023-02-25T04:47:58Z</time></trkpt><trkpt lat="22.3105769153134" lon="114.24058288707411"><ele>139.21969654842414</ele><time>2023-02-25T04:48:00Z</time></trkpt><trkpt lat="22.3105906565353" lon="114.24060025462813"><ele>139.78866025795406</ele><time>2023-02-25T04:48:02Z</time></trkpt><trkpt lat="22.310608592308554" lon="114.24062215655142"><ele>140.46041836470775</ele><time>2023-02-25T04:48:04Z</time></trkpt><trkpt lat="22.3106213932197" lon="114.24063849189731"><ele>141.2334276296122</ele><time>2023-02-25T04:48:06Z</time></trkpt><trkpt lat="22.310604502315464" lon="114.2406615917189"><ele>143.3651241973711</ele><time>2023-02-25T04:48:16Z</time></trkpt><trkpt lat="22.310594005492057" lon="114.24068263822618"><ele>143.43589685348675</ele><time>2023-02-25T04:48:18Z</time></trkpt><trkpt lat="22.310578962647295" lon="114.24070946475769"><ele>143.4822069926927</ele><time>2023-02-25T04:48:20Z</time></trkpt><trkpt lat="22.31057036178164" lon="114.24073312318652"><ele>143.34087025920098</ele><time>2023-02-25T04:48:22Z</time></trkpt><trkpt lat="22.31057652457416" lon="114.2407543273526"><ele>143.3751234614904</ele><time>2023-02-25T04:48:24Z</time></trkpt><trkpt lat="22.310572051839202" lon="114.24078206099543"><ele>143.42395822949703</ele><time>2023-02-25T04:48:26Z</time></trkpt><trkpt lat="22.310562481535282" lon="114.24080786861917"><ele>143.3381202222452</ele><time>2023-02-25T04:48:28Z</time></trkpt><trkpt lat="22.310552673249212" lon="114.24084636099212"><ele>144.0326063179216</ele><time>2023-02-25T04:48:32Z</time></trkpt><trkpt lat="22.31055279472154" lon="114.24087514921456"><ele>144.40420514987088</ele><time>2023-02-25T04:48:34Z</time></trkpt><trkpt lat="22.31054605331023" lon="114.24089565631108"><ele>144.9086879045293</ele><time>2023-02-25T04:48:36Z</time></trkpt><trkpt lat="22.31052962012172" lon="114.2409126050046"><ele>145.76199996418387</ele><time>2023-02-25T04:48:38Z</time></trkpt><trkpt lat="22.310510520873105" lon="114.24092753073907"><ele>146.28813842325013</ele><time>2023-02-25T04:48:40Z</time></trkpt><trkpt lat="22.31047994927349" lon="114.24093932526414"><ele>146.72534957627997</ele><time>2023-02-25T04:48:42Z</time></trkpt><trkpt lat="22.310455380092357" lon="114.24095149536826"><ele>147.0217039618538</ele><time>2023-02-25T04:48:44Z</time></trkpt><trkpt lat="22.310436523684125" lon="114.24095527625731"><ele>146.9601824455211</ele><time>2023-02-25T04:48:46Z</time></trkpt><trkpt lat="22.310418524667497" lon="114.24095431790977"><ele>147.07429212233023</ele><time>2023-02-25T04:48:48Z</time></trkpt><trkpt lat="22.31039101323625" lon="114.24096078747924"><ele>147.0321337529264</ele><time>2023-02-25T04:48:50Z</time></trkpt><trkpt lat="22.31036263796357" lon="114.24096355621684"><ele>147.4461534594733</ele><time>2023-02-25T04:48:54Z</time></trkpt><trkpt lat="22.310356559430375" lon="114.24099689539543"><ele>147.40140951944542</ele><time>2023-02-25T04:49:02Z</time></trkpt><trkpt lat="22.31033596383875" lon="114.24101928130004"><ele>147.47940154352864</ele><time>2023-02-25T04:49:04Z</time></trkpt><trkpt lat="22.310321680037728" lon="114.24104102659287"><ele>147.470042189981</ele><time>2023-02-25T04:49:06Z</time></trkpt><trkpt lat="22.310299467410566" lon="114.24106589466511"><ele>147.57597211297855</ele><time>2023-02-25T04:49:08Z</time></trkpt><trkpt lat="22.310275679156625" lon="114.24107603579377"><ele>147.5340671982164</ele><time>2023-02-25T04:49:10Z</time></trkpt><trkpt lat="22.3102885014065" lon="114.24105385096813"><ele>148.56135783623412</ele><time>2023-02-25T04:49:20Z</time></trkpt><trkpt lat="22.31029647124633" lon="114.24103465200326"><ele>148.55896667508927</ele><time>2023-02-25T04:49:22Z</time></trkpt><trkpt lat="22.310303520972877" lon="114.24100978942727"><ele>148.5311623924619</ele><time>2023-02-25T04:49:24Z</time></trkpt><trkpt lat="22.310289077193882" lon="114.24099018554767"><ele>148.56140069492514</ele><time>2023-02-25T04:49:28Z</time></trkpt><trkpt lat="22.3102197460923" lon="114.24088599859785"><ele>149.15612334758043</ele><time>2023-02-25T04:50:23Z</time></trkpt><trkpt lat="22.310290843012517" lon="114.2410163739973"><ele>148.18906018976122</ele><time>2023-02-25T04:50:25Z</time></trkpt><trkpt lat="22.31031780122161" lon="114.24104080903709"><ele>145.37095106440674</ele><time>2023-02-25T04:50:27Z</time></trkpt><trkpt lat="22.310315057951094" lon="114.2411015511363"><ele>141.84444620341012</ele><time>2023-02-25T04:50:29Z</time></trkpt><trkpt lat="22.310300624511235" lon="114.24113969014257"><ele>140.0846644624284</ele><time>2023-02-25T04:50:31Z</time></trkpt><trkpt lat="22.310276070388554" lon="114.24115617638432"><ele>143.1839415766833</ele><time>2023-02-25T04:50:35Z</time></trkpt><trkpt lat="22.31025207785566" lon="114.24114124189117"><ele>148.03313539244888</ele><time>2023-02-25T04:50:39Z</time></trkpt><trkpt lat="22.310237574959977" lon="114.24115526843276"><ele>148.3477661251966</ele><time>2023-02-25T04:50:41Z</time></trkpt><trkpt lat="22.310230566207974" lon="114.24117339257032"><ele>149.79970238387426</ele><time>2023-02-25T04:50:45Z</time></trkpt><trkpt lat="22.310215407637976" lon="114.24118877841069"><ele>152.85773120941053</ele><time>2023-02-25T04:50:51Z</time></trkpt><trkpt lat="22.31019676475783" lon="114.2411928065978"><ele>154.44048223266688</ele><time>2023-02-25T04:50:55Z</time></trkpt><trkpt lat="22.310179444595814" lon="114.24119986174054"><ele>155.49592919124441</ele><time>2023-02-25T04:51:01Z</time></trkpt><trkpt lat="22.31018588371283" lon="114.24122383669282"><ele>156.17377986862056</ele><time>2023-02-25T04:51:05Z</time></trkpt><trkpt lat="22.310187186601972" lon="114.24124762779488"><ele>157.39904536065885</ele><time>2023-02-25T04:51:09Z</time></trkpt><trkpt lat="22.31018277952708" lon="114.24127741865108"><ele>158.85447794495622</ele><time>2023-02-25T04:51:15Z</time></trkpt><trkpt lat="22.3101883141473" lon="114.24129644119117"><ele>159.98468421260728</ele><time>2023-02-25T04:51:17Z</time></trkpt><trkpt lat="22.31018744031944" lon="114.24132712415361"><ele>161.38377838633494</ele><time>2023-02-25T04:51:21Z</time></trkpt><trkpt lat="22.310201588794197" lon="114.24134746365065"><ele>162.2338771586694</ele><time>2023-02-25T04:51:25Z</time></trkpt><trkpt lat="22.310215801281363" lon="114.24136322059678"><ele>162.82065417977682</ele><time>2023-02-25T04:51:31Z</time></trkpt><trkpt lat="22.31022964886548" lon="114.241382770765"><ele>162.14907093369786</ele><time>2023-02-25T04:51:37Z</time></trkpt><trkpt lat="22.310247620102743" lon="114.24138712967593"><ele>162.66420340998738</ele><time>2023-02-25T04:51:45Z</time></trkpt><trkpt lat="22.310267033486213" lon="114.24140459035203"><ele>164.01681022213592</ele><time>2023-02-25T04:51:49Z</time></trkpt><trkpt lat="22.31028441492138" lon="114.24142639399118"><ele>163.22880140880403</ele><time>2023-02-25T04:51:53Z</time></trkpt><trkpt lat="22.310301815138953" lon="114.24144578650173"><ele>163.09241285722814</ele><time>2023-02-25T04:51:57Z</time></trkpt><trkpt lat="22.310319323954335" lon="114.24146195244151"><ele>162.9140211715975</ele><time>2023-02-25T04:52:01Z</time></trkpt><trkpt lat="22.310310759475875" lon="114.24147912475506"><ele>164.82321708368045</ele><time>2023-02-25T04:52:57Z</time></trkpt><trkpt lat="22.31029863384479" lon="114.24150248732147"><ele>165.59104840831742</ele><time>2023-02-25T04:52:59Z</time></trkpt><trkpt lat="22.310267667628107" lon="114.24152434802112"><ele>166.92390239231312</ele><time>2023-02-25T04:53:03Z</time></trkpt><trkpt lat="22.310237764268173" lon="114.24153498709383"><ele>167.4371280044254</ele><time>2023-02-25T04:53:05Z</time></trkpt><trkpt lat="22.31021481610908" lon="114.24153248037905"><ele>167.8467923967419</ele><time>2023-02-25T04:53:07Z</time></trkpt><trkpt lat="22.31018060670899" lon="114.24153885233417"><ele>168.42830346213051</ele><time>2023-02-25T04:53:09Z</time></trkpt><trkpt lat="22.310158997014195" lon="114.24154095285171"><ele>169.0875194803997</ele><time>2023-02-25T04:53:11Z</time></trkpt><trkpt lat="22.310143037163378" lon="114.24155059402372"><ele>169.73407504448494</ele><time>2023-02-25T04:53:13Z</time></trkpt><trkpt lat="22.310123363839754" lon="114.24156476354607"><ele>171.26195725393626</ele><time>2023-02-25T04:53:17Z</time></trkpt><trkpt lat="22.31011347630438" lon="114.24158857276714"><ele>172.7330469436727</ele><time>2023-02-25T04:53:21Z</time></trkpt><trkpt lat="22.310102846385636" lon="114.24161456019095"><ele>174.3087051891303</ele><time>2023-02-25T04:53:25Z</time></trkpt><trkpt lat="22.310085755582616" lon="114.24162965265593"><ele>175.78884350872661</ele><time>2023-02-25T04:53:29Z</time></trkpt><trkpt lat="22.31006765744414" lon="114.2416373377688"><ele>176.10346936620098</ele><time>2023-02-25T04:53:33Z</time></trkpt><trkpt lat="22.31004358885829" lon="114.2416447598753"><ele>177.53969806692265</ele><time>2023-02-25T04:53:37Z</time></trkpt><trkpt lat="22.310021723629944" lon="114.24165756305193"><ele>178.00448023270692</ele><time>2023-02-25T04:53:41Z</time></trkpt><trkpt lat="22.309989409420297" lon="114.2416672873103"><ele>178.19069070103444</ele><time>2023-02-25T04:53:45Z</time></trkpt><trkpt lat="22.309968995171914" lon="114.24168507468545"><ele>179.00209966277393</ele><time>2023-02-25T04:53:49Z</time></trkpt><trkpt lat="22.309952279856326" lon="114.24170826435669"><ele>178.59906834118343</ele><time>2023-02-25T04:53:53Z</time></trkpt><trkpt lat="22.30993806635684" lon="114.2417227723694"><ele>178.02302188956386</ele><time>2023-02-25T04:53:55Z</time></trkpt><trkpt lat="22.309921979107767" lon="114.24173507535362"><ele>177.47395915245835</ele><time>2023-02-25T04:53:57Z</time></trkpt><trkpt lat="22.309896707356327" lon="114.24174598759417"><ele>177.72028588546877</ele><time>2023-02-25T04:54:01Z</time></trkpt><trkpt lat="22.30987898222069" lon="114.24175663260542"><ele>178.61713784119848</ele><time>2023-02-25T04:54:03Z</time></trkpt><trkpt lat="22.309858203261225" lon="114.24176094276824"><ele>179.67627036491172</ele><time>2023-02-25T04:54:05Z</time></trkpt><trkpt lat="22.30983999355775" lon="114.24178017665459"><ele>181.5967000432343</ele><time>2023-02-25T04:54:09Z</time></trkpt><trkpt lat="22.30984206703425" lon="114.24180158918308"><ele>181.93512991369315</ele><time>2023-02-25T04:54:13Z</time></trkpt><trkpt lat="22.309852897635636" lon="114.24182978014949"><ele>183.91715108613457</ele><time>2023-02-25T04:54:19Z</time></trkpt><trkpt lat="22.309860654061723" lon="114.24185300929703"><ele>185.4962582676658</ele><time>2023-02-25T04:54:23Z</time></trkpt><trkpt lat="22.30989665525065" lon="114.2418510561822"><ele>187.7511388104561</ele><time>2023-02-25T04:54:35Z</time></trkpt><trkpt lat="22.309917963815415" lon="114.24183935274675"><ele>188.18911884386424</ele><time>2023-02-25T04:54:37Z</time></trkpt><trkpt lat="22.309934573377387" lon="114.24184754331621"><ele>188.15245145958303</ele><time>2023-02-25T04:54:39Z</time></trkpt><trkpt lat="22.309957272232065" lon="114.24186958133568"><ele>187.8983744454856</ele><time>2023-02-25T04:54:41Z</time></trkpt><trkpt lat="22.309991680757857" lon="114.24187148583316"><ele>187.59902010539273</ele><time>2023-02-25T04:54:43Z</time></trkpt><trkpt lat="22.310010858914485" lon="114.24187713032525"><ele>187.39361605911978</ele><time>2023-02-25T04:54:45Z</time></trkpt><trkpt lat="22.310032508592684" lon="114.24189551456838"><ele>187.00887567886548</ele><time>2023-02-25T04:54:49Z</time></trkpt><trkpt lat="22.310037514620582" lon="114.2419192086888"><ele>189.06557200805727</ele><time>2023-02-25T04:55:25Z</time></trkpt><trkpt lat="22.310072155113335" lon="114.24192875923967"><ele>190.17893862576577</ele><time>2023-02-25T04:55:27Z</time></trkpt><trkpt lat="22.31007267903269" lon="114.24196269028592"><ele>192.18486844620952</ele><time>2023-02-25T04:55:31Z</time></trkpt><trkpt lat="22.310082702575095" lon="114.24199025761621"><ele>193.65168766746064</ele><time>2023-02-25T04:55:35Z</time></trkpt><trkpt lat="22.31009340395316" lon="114.24201277288985"><ele>194.49117018728558</ele><time>2023-02-25T04:55:39Z</time></trkpt><trkpt lat="22.310114357452424" lon="114.24203065283913"><ele>196.14281879642536</ele><time>2023-02-25T04:55:43Z</time></trkpt><trkpt lat="22.310126447960517" lon="114.2420566737117"><ele>196.997030339255</ele><time>2023-02-25T04:55:47Z</time></trkpt><trkpt lat="22.310135358438547" lon="114.24207475460733"><ele>198.488074468362</ele><time>2023-02-25T04:55:51Z</time></trkpt><trkpt lat="22.310143648041084" lon="114.24209452226111"><ele>200.1089602951227</ele><time>2023-02-25T04:55:55Z</time></trkpt><trkpt lat="22.310141597642687" lon="114.24212677493327"><ele>202.95512565980758</ele><time>2023-02-25T04:56:01Z</time></trkpt><trkpt lat="22.310135315429704" lon="114.24215739945181"><ele>202.99651399234534</ele><time>2023-02-25T04:56:05Z</time></trkpt><trkpt lat="22.31013760803737" lon="114.24217756104048"><ele>203.06353316677544</ele><time>2023-02-25T04:56:07Z</time></trkpt><trkpt lat="22.310135865757424" lon="114.24221405083652"><ele>203.95574602769847</ele><time>2023-02-25T04:56:11Z</time></trkpt><trkpt lat="22.31012936978123" lon="114.24223621934031"><ele>205.1008559232155</ele><time>2023-02-25T04:56:21Z</time></trkpt><trkpt lat="22.310094704836033" lon="114.24225578456142"><ele>205.59843948716428</ele><time>2023-02-25T04:56:25Z</time></trkpt><trkpt lat="22.310077162079217" lon="114.24224643538246"><ele>205.60191131600837</ele><time>2023-02-25T04:56:27Z</time></trkpt><trkpt lat="22.31005689441429" lon="114.24224277226426"><ele>206.02988040746484</ele><time>2023-02-25T04:56:29Z</time></trkpt><trkpt lat="22.31003394444883" lon="114.24224263321607"><ele>206.4015073394712</ele><time>2023-02-25T04:56:31Z</time></trkpt><trkpt lat="22.310012840795817" lon="114.24223259118604"><ele>207.0036287779475</ele><time>2023-02-25T04:56:33Z</time></trkpt><trkpt lat="22.309999297894326" lon="114.24221954941595"><ele>207.66060416212002</ele><time>2023-02-25T04:56:35Z</time></trkpt><trkpt lat="22.309979649831362" lon="114.24221190662026"><ele>208.45121548955566</ele><time>2023-02-25T04:56:37Z</time></trkpt><trkpt lat="22.309961715304798" lon="114.242204060402"><ele>208.90074597019944</ele><time>2023-02-25T04:56:39Z</time></trkpt><trkpt lat="22.30992972072105" lon="114.24219905842727"><ele>209.96697057674015</ele><time>2023-02-25T04:56:43Z</time></trkpt><trkpt lat="22.30990438815077" lon="114.2422093068563"><ele>210.45107369684848</ele><time>2023-02-25T04:56:47Z</time></trkpt><trkpt lat="22.30987532878246" lon="114.24221202585038"><ele>210.69763373876648</ele><time>2023-02-25T04:56:49Z</time></trkpt><trkpt lat="22.309853267302774" lon="114.24221254932513"><ele>211.35198025900098</ele><time>2023-02-25T04:56:51Z</time></trkpt><trkpt lat="22.309830513636317" lon="114.24220917787473"><ele>211.64475734836924</ele><time>2023-02-25T04:56:53Z</time></trkpt><trkpt lat="22.30979837421566" lon="114.2422185337044"><ele>211.73360389250675</ele><time>2023-02-25T04:56:57Z</time></trkpt><trkpt lat="22.30977651458686" lon="114.24223363778886"><ele>211.84940150806125</ele><time>2023-02-25T04:57:01Z</time></trkpt><trkpt lat="22.309750093220465" lon="114.2422528962041"><ele>211.34531613234125</ele><time>2023-02-25T04:57:05Z</time></trkpt><trkpt lat="22.30973271350727" lon="114.24225959808317"><ele>211.8080890923548</ele><time>2023-02-25T04:57:07Z</time></trkpt><trkpt lat="22.30970220022859" lon="114.24226795430162"><ele>211.96269545926182</ele><time>2023-02-25T04:57:11Z</time></trkpt><trkpt lat="22.309682679868267" lon="114.24231707658737"><ele>211.98948400694252</ele><time>2023-02-25T04:57:15Z</time></trkpt><trkpt lat="22.309676324424604" lon="114.24234170188161"><ele>212.6652817373896</ele><time>2023-02-25T04:57:17Z</time></trkpt><trkpt lat="22.30967504933117" lon="114.24236837161146"><ele>213.2318707800192</ele><time>2023-02-25T04:57:21Z</time></trkpt><trkpt lat="22.3096557920442" lon="114.24240314137312"><ele>214.7024132587843</ele><time>2023-02-25T04:58:01Z</time></trkpt><trkpt lat="22.30961394760645" lon="114.24240221181925"><ele>215.66795486370467</ele><time>2023-02-25T04:58:07Z</time></trkpt><trkpt lat="22.309587278679516" lon="114.24242122669148"><ele>216.16164814801684</ele><time>2023-02-25T04:58:09Z</time></trkpt><trkpt lat="22.30956946460334" lon="114.24243380807059"><ele>216.0139470361869</ele><time>2023-02-25T04:58:11Z</time></trkpt><trkpt lat="22.30956770983597" lon="114.24245573881836"><ele>216.41437508263047</ele><time>2023-02-25T04:58:13Z</time></trkpt><trkpt lat="22.30954855458955" lon="114.24247303585518"><ele>218.96302860655535</ele><time>2023-02-25T04:58:19Z</time></trkpt><trkpt lat="22.30953174875372" lon="114.24248770563541"><ele>219.7097390882925</ele><time>2023-02-25T04:58:23Z</time></trkpt><trkpt lat="22.309522305367384" lon="114.24250716851265"><ele>219.9167422108904</ele><time>2023-02-25T04:58:27Z</time></trkpt><trkpt lat="22.309499704278156" lon="114.24252098038097"><ele>221.79831929468287</ele><time>2023-02-25T04:58:31Z</time></trkpt><trkpt lat="22.30948641612563" lon="114.24253793943653"><ele>223.02329325665178</ele><time>2023-02-25T04:58:35Z</time></trkpt><trkpt lat="22.309472030423397" lon="114.24255244838584"><ele>223.95331531655208</ele><time>2023-02-25T04:58:39Z</time></trkpt><trkpt lat="22.309456188813673" lon="114.24256482667124"><ele>224.19113192227502</ele><time>2023-02-25T04:58:41Z</time></trkpt><trkpt lat="22.309441814424265" lon="114.24258016671688"><ele>224.5456257341922</ele><time>2023-02-25T04:58:43Z</time></trkpt><trkpt lat="22.309437050167553" lon="114.24260253780561"><ele>225.26663578583359</ele><time>2023-02-25T04:58:45Z</time></trkpt><trkpt lat="22.30943225452451" lon="114.2426331814452"><ele>226.08253334151075</ele><time>2023-02-25T04:58:49Z</time></trkpt><trkpt lat="22.309416973456134" lon="114.24264430592378"><ele>226.9208730175658</ele><time>2023-02-25T04:58:53Z</time></trkpt><trkpt lat="22.309402473029223" lon="114.24266343338542"><ele>227.14685706903015</ele><time>2023-02-25T04:58:57Z</time></trkpt><trkpt lat="22.309383944977608" lon="114.24267038560595"><ele>227.96893783848068</ele><time>2023-02-25T04:59:01Z</time></trkpt><trkpt lat="22.309387381340432" lon="114.24270226651946"><ele>228.6470552384331</ele><time>2023-02-25T04:59:05Z</time></trkpt><trkpt lat="22.309386527306977" lon="114.24272379070602"><ele>228.84314362355397</ele><time>2023-02-25T04:59:07Z</time></trkpt><trkpt lat="22.309366695919604" lon="114.24275902233636"><ele>229.38705619317696</ele><time>2023-02-25T04:59:11Z</time></trkpt><trkpt lat="22.309351273491192" lon="114.2427815793158"><ele>230.06568035975874</ele><time>2023-02-25T04:59:15Z</time></trkpt><trkpt lat="22.309340292288574" lon="114.24280927886802"><ele>231.48724862917695</ele><time>2023-02-25T04:59:19Z</time></trkpt><trkpt lat="22.30933404512816" lon="114.2428298053958"><ele>232.26077181038733</ele><time>2023-02-25T04:59:23Z</time></trkpt><trkpt lat="22.309318474786455" lon="114.24285699294002"><ele>234.13903374132158</ele><time>2023-02-25T04:59:31Z</time></trkpt><trkpt lat="22.309290203117378" lon="114.24286948159344"><ele>235.23782251648683</ele><time>2023-02-25T05:00:03Z</time></trkpt><trkpt lat="22.309273121374286" lon="114.24289107148329"><ele>235.65111306011883</ele><time>2023-02-25T05:00:05Z</time></trkpt><trkpt lat="22.3092628530881" lon="114.24291402407746"><ele>236.0521757200129</ele><time>2023-02-25T05:00:07Z</time></trkpt><trkpt lat="22.30924947405035" lon="114.24294599243603"><ele>236.77608223632777</ele><time>2023-02-25T05:00:09Z</time></trkpt><trkpt lat="22.309241684309246" lon="114.2429663091375"><ele>236.92801729071917</ele><time>2023-02-25T05:00:11Z</time></trkpt><trkpt lat="22.309232249779907" lon="114.24298747669258"><ele>237.41145715710758</ele><time>2023-02-25T05:00:13Z</time></trkpt><trkpt lat="22.30921543421365" lon="114.24300698733029"><ele>238.8083176443815</ele><time>2023-02-25T05:00:17Z</time></trkpt><trkpt lat="22.30918565955871" lon="114.24303863675644"><ele>239.50853211057023</ele><time>2023-02-25T05:00:23Z</time></trkpt><trkpt lat="22.309176104627287" lon="114.24306914820986"><ele>239.74224194336253</ele><time>2023-02-25T05:00:25Z</time></trkpt><trkpt lat="22.30916553998761" lon="114.2430946829043"><ele>240.22024177850753</ele><time>2023-02-25T05:00:27Z</time></trkpt><trkpt lat="22.30915781516034" lon="114.24311876714583"><ele>242.59659968081874</ele><time>2023-02-25T05:00:39Z</time></trkpt><trkpt lat="22.30914010314845" lon="114.24313956869517"><ele>243.95257297035158</ele><time>2023-02-25T05:00:43Z</time></trkpt><trkpt lat="22.30911793643663" lon="114.24316460925046"><ele>244.7531612795327</ele><time>2023-02-25T05:00:47Z</time></trkpt><trkpt lat="22.309097387067194" lon="114.24318030529112"><ele>245.0956767634983</ele><time>2023-02-25T05:00:51Z</time></trkpt><trkpt lat="22.309073237941934" lon="114.24320394548869"><ele>245.65191475194015</ele><time>2023-02-25T05:00:55Z</time></trkpt><trkpt lat="22.309051782652045" lon="114.24320599231595"><ele>246.96890644921677</ele><time>2023-02-25T05:01:01Z</time></trkpt><trkpt lat="22.309051755681267" lon="114.24322666538262"><ele>247.67003799725666</ele><time>2023-02-25T05:01:17Z</time></trkpt><trkpt lat="22.309059234257596" lon="114.24325557570637"><ele>247.72272096033578</ele><time>2023-02-25T05:01:21Z</time></trkpt><trkpt lat="22.309042547575483" lon="114.24327008187862"><ele>249.43250424794874</ele><time>2023-02-25T05:01:27Z</time></trkpt><trkpt lat="22.309020890780737" lon="114.24327886007806"><ele>251.3544851733632</ele><time>2023-02-25T05:01:35Z</time></trkpt><trkpt lat="22.30900418793942" lon="114.24328867082495"><ele>253.48207820610372</ele><time>2023-02-25T05:01:39Z</time></trkpt><trkpt lat="22.30898680982202" lon="114.24330370251045"><ele>254.60282018309275</ele><time>2023-02-25T05:01:45Z</time></trkpt><trkpt lat="22.30898577357287" lon="114.24332689395693"><ele>256.1858659032916</ele><time>2023-02-25T05:01:53Z</time></trkpt><trkpt lat="22.308970497640427" lon="114.24333931898664"><ele>257.5617177517002</ele><time>2023-02-25T05:02:19Z</time></trkpt><trkpt lat="22.308947759636695" lon="114.24334502944343"><ele>258.37649830350995</ele><time>2023-02-25T05:02:21Z</time></trkpt><trkpt lat="22.3089510132018" lon="114.2433646061683"><ele>259.93610485681813</ele><time>2023-02-25T05:02:25Z</time></trkpt><trkpt lat="22.308944443562694" lon="114.24339010891602"><ele>260.5553082297111</ele><time>2023-02-25T05:02:33Z</time></trkpt><trkpt lat="22.308925792460972" lon="114.24340095720456"><ele>261.21163929520424</ele><time>2023-02-25T05:02:37Z</time></trkpt><trkpt lat="22.308907450309906" lon="114.24340366854045"><ele>262.0634264794807</ele><time>2023-02-25T05:02:39Z</time></trkpt><trkpt lat="22.308889620863255" lon="114.24340921464078"><ele>262.9636434920509</ele><time>2023-02-25T05:02:41Z</time></trkpt><trkpt lat="22.308881032604774" lon="114.24343260279578"><ele>264.7621265406964</ele><time>2023-02-25T05:03:07Z</time></trkpt><trkpt lat="22.308867554959583" lon="114.24345094707282"><ele>266.5163114354729</ele><time>2023-02-25T05:03:19Z</time></trkpt><trkpt lat="22.30890528303624" lon="114.24344216964911"><ele>265.73019476010455</ele><time>2023-02-25T05:03:41Z</time></trkpt><trkpt lat="22.3089021647976" lon="114.24346770316451"><ele>264.90249808277383</ele><time>2023-02-25T05:03:43Z</time></trkpt><trkpt lat="22.308864055425595" lon="114.24353711615672"><ele>263.7755918151583</ele><time>2023-02-25T05:03:45Z</time></trkpt><trkpt lat="22.30884351490659" lon="114.24354413306172"><ele>263.0525228659611</ele><time>2023-02-25T05:03:55Z</time></trkpt><trkpt lat="22.308832377041185" lon="114.24356789486538"><ele>263.1489280496829</ele><time>2023-02-25T05:03:59Z</time></trkpt><trkpt lat="22.308813219934027" lon="114.24358209697122"><ele>263.8912103588846</ele><time>2023-02-25T05:04:03Z</time></trkpt><trkpt lat="22.308790195714156" lon="114.24358337445481"><ele>266.0509351401156</ele><time>2023-02-25T05:04:09Z</time></trkpt><trkpt lat="22.30876921316517" lon="114.2435902347512"><ele>268.2377336512043</ele><time>2023-02-25T05:04:13Z</time></trkpt><trkpt lat="22.308747998333246" lon="114.24359906243055"><ele>270.2157994266519</ele><time>2023-02-25T05:04:23Z</time></trkpt><trkpt lat="22.308714275927535" lon="114.24362838860496"><ele>272.80757087442885</ele><time>2023-02-25T05:05:09Z</time></trkpt><trkpt lat="22.308665150474997" lon="114.243661455124"><ele>273.48458537351314</ele><time>2023-02-25T05:05:11Z</time></trkpt><trkpt lat="22.308645676378717" lon="114.24367316319791"><ele>278.53996202007096</ele><time>2023-02-25T05:05:23Z</time></trkpt><trkpt lat="22.308629162384307" lon="114.24369019526307"><ele>278.3713820348367</ele><time>2023-02-25T05:05:25Z</time></trkpt><trkpt lat="22.308618714654934" lon="114.24371675760786"><ele>278.67985685969506</ele><time>2023-02-25T05:05:29Z</time></trkpt><trkpt lat="22.308596258080282" lon="114.24373647844384"><ele>280.93746881859056</ele><time>2023-02-25T05:05:33Z</time></trkpt><trkpt lat="22.30857621857648" lon="114.24373517898647"><ele>281.944826348688</ele><time>2023-02-25T05:05:37Z</time></trkpt><trkpt lat="22.308573818652867" lon="114.24375626229576"><ele>282.6305964680219</ele><time>2023-02-25T05:05:49Z</time></trkpt><trkpt lat="22.308591598134512" lon="114.24377936026704"><ele>283.399370511292</ele><time>2023-02-25T05:05:51Z</time></trkpt><trkpt lat="22.30862831919459" lon="114.24380694047646"><ele>284.31094594465736</ele><time>2023-02-25T05:05:55Z</time></trkpt><trkpt lat="22.308646635485125" lon="114.24382059975052"><ele>284.50422154864793</ele><time>2023-02-25T05:05:57Z</time></trkpt><trkpt lat="22.308659705862134" lon="114.24383510216308"><ele>284.59455107452897</ele><time>2023-02-25T05:05:59Z</time></trkpt><trkpt lat="22.30867441436229" lon="114.24384633081252"><ele>285.42401562994365</ele><time>2023-02-25T05:06:01Z</time></trkpt><trkpt lat="22.3086863371579" lon="114.24386247226424"><ele>286.0296842322233</ele><time>2023-02-25T05:06:03Z</time></trkpt><trkpt lat="22.30869689154956" lon="114.24388567304383"><ele>286.6646181533732</ele><time>2023-02-25T05:06:05Z</time></trkpt><trkpt lat="22.308700080696077" lon="114.24391532590437"><ele>287.32527334557795</ele><time>2023-02-25T05:06:09Z</time></trkpt><trkpt lat="22.308697993385998" lon="114.24394544905692"><ele>287.92608655818924</ele><time>2023-02-25T05:06:11Z</time></trkpt><trkpt lat="22.30872727429563" lon="114.24396487844882"><ele>289.5271657690544</ele><time>2023-02-25T05:06:15Z</time></trkpt><trkpt lat="22.30875354798319" lon="114.24398435922299"><ele>291.22110247658236</ele><time>2023-02-25T05:06:19Z</time></trkpt><trkpt lat="22.30876326289937" lon="114.24400217740273"><ele>291.5919361921406</ele><time>2023-02-25T05:06:21Z</time></trkpt><trkpt lat="22.308781981475303" lon="114.24400797204"><ele>292.036688252387</ele><time>2023-02-25T05:06:23Z</time></trkpt><trkpt lat="22.308799292810857" lon="114.24402527180717"><ele>292.5321775517255</ele><time>2023-02-25T05:06:27Z</time></trkpt><trkpt lat="22.30881041407624" lon="114.24404290904558"><ele>292.8219485329569</ele><time>2023-02-25T05:06:29Z</time></trkpt><trkpt lat="22.308830272448258" lon="114.24406145717248"><ele>292.94655827090753</ele><time>2023-02-25T05:06:33Z</time></trkpt><trkpt lat="22.308854560412005" lon="114.24407930528392"><ele>292.70214507330724</ele><time>2023-02-25T05:06:39Z</time></trkpt><trkpt lat="22.30887951843142" lon="114.24409287974683"><ele>292.8773262272064</ele><time>2023-02-25T05:06:41Z</time></trkpt><trkpt lat="22.308896238025092" lon="114.24410953245582"><ele>293.4159688603059</ele><time>2023-02-25T05:06:43Z</time></trkpt><trkpt lat="22.308912809443836" lon="114.24413112245361"><ele>294.09025489416223</ele><time>2023-02-25T05:06:47Z</time></trkpt><trkpt lat="22.308934537043204" lon="114.24414713587623"><ele>294.82976178587757</ele><time>2023-02-25T05:06:51Z</time></trkpt><trkpt lat="22.308959506580447" lon="114.24415877912217"><ele>296.09934318440474</ele><time>2023-02-25T05:06:55Z</time></trkpt><trkpt lat="22.308961203462534" lon="114.24418146218862"><ele>296.85360270579594</ele><time>2023-02-25T05:06:57Z</time></trkpt><trkpt lat="22.30895288439818" lon="114.24420364317018"><ele>298.0116419036431</ele><time>2023-02-25T05:07:01Z</time></trkpt><trkpt lat="22.308962985585957" lon="114.24422626889029"><ele>297.82819057307177</ele><time>2023-02-25T05:07:05Z</time></trkpt><trkpt lat="22.308963391886543" lon="114.24425142707881"><ele>296.9595460836444</ele><time>2023-02-25T05:07:09Z</time></trkpt><trkpt lat="22.30893851808409" lon="114.2442274773273"><ele>297.3844604785454</ele><time>2023-02-25T05:07:27Z</time></trkpt><trkpt lat="22.30893242077378" lon="114.24420663321821"><ele>297.26064296035133</ele><time>2023-02-25T05:07:29Z</time></trkpt><trkpt lat="22.308917399011804" lon="114.24419545186392"><ele>297.7466807324733</ele><time>2023-02-25T05:07:33Z</time></trkpt><trkpt lat="22.30895229530922" lon="114.24421232060728"><ele>297.9525382331287</ele><time>2023-02-25T05:08:03Z</time></trkpt><trkpt lat="22.30894901090206" lon="114.24423470475777"><ele>299.17485315877434</ele><time>2023-02-25T05:08:07Z</time></trkpt><trkpt lat="22.30892660052935" lon="114.24422914224606"><ele>299.4057992697441</ele><time>2023-02-25T05:08:35Z</time></trkpt><trkpt lat="22.308913691909417" lon="114.24421471104391"><ele>299.90558117019685</ele><time>2023-02-25T05:08:43Z</time></trkpt><trkpt lat="22.30893149400916" lon="114.24420234589894"><ele>299.5294626036885</ele><time>2023-02-25T05:09:35Z</time></trkpt><trkpt lat="22.308938856441195" lon="114.24417075675314"><ele>299.15775055430674</ele><time>2023-02-25T05:09:39Z</time></trkpt><trkpt lat="22.308921133377265" lon="114.24415329516077"><ele>298.50513034738907</ele><time>2023-02-25T05:09:43Z</time></trkpt><trkpt lat="22.30890794218387" lon="114.24413963283008"><ele>297.86851507837787</ele><time>2023-02-25T05:09:45Z</time></trkpt><trkpt lat="22.308891123850493" lon="114.24412304989131"><ele>297.154750882707</ele><time>2023-02-25T05:09:47Z</time></trkpt><trkpt lat="22.308876619147146" lon="114.24410674008108"><ele>296.63698999833707</ele><time>2023-02-25T05:09:49Z</time></trkpt><trkpt lat="22.308854722017323" lon="114.24408697257275"><ele>296.0878706823296</ele><time>2023-02-25T05:09:51Z</time></trkpt><trkpt lat="22.30883802382342" lon="114.24407364565153"><ele>295.47771742421</ele><time>2023-02-25T05:09:53Z</time></trkpt><trkpt lat="22.308821116383545" lon="114.24406058928462"><ele>295.0545666377084</ele><time>2023-02-25T05:09:57Z</time></trkpt><trkpt lat="22.308793085969686" lon="114.24405068070853"><ele>295.3817710554389</ele><time>2023-02-25T05:10:01Z</time></trkpt><trkpt lat="22.308774211676877" lon="114.24402201118463"><ele>291.0871937070042</ele><time>2023-02-25T05:10:09Z</time></trkpt><trkpt lat="22.308750852128238" lon="114.24401041874366"><ele>286.3059037166256</ele><time>2023-02-25T05:10:13Z</time></trkpt><trkpt lat="22.30873064489614" lon="114.24400586707687"><ele>280.89537627024504</ele><time>2023-02-25T05:10:17Z</time></trkpt><trkpt lat="22.30870568056797" lon="114.24398011339186"><ele>278.64272692719635</ele><time>2023-02-25T05:10:21Z</time></trkpt><trkpt lat="22.308687363971515" lon="114.24397517530336"><ele>279.1022252177355</ele><time>2023-02-25T05:10:23Z</time></trkpt><trkpt lat="22.308666076964993" lon="114.24395174157605"><ele>280.25695982884764</ele><time>2023-02-25T05:10:27Z</time></trkpt><trkpt lat="22.30865521767283" lon="114.24392063982866"><ele>280.9477964045933</ele><time>2023-02-25T05:10:31Z</time></trkpt><trkpt lat="22.30865926270722" lon="114.24389220767667"><ele>279.9472792689324</ele><time>2023-02-25T05:10:35Z</time></trkpt><trkpt lat="22.30865357629544" lon="114.2438726645729"><ele>279.986630978041</ele><time>2023-02-25T05:10:37Z</time></trkpt><trkpt lat="22.30864275115452" lon="114.24384895253829"><ele>280.28040075857257</ele><time>2023-02-25T05:10:39Z</time></trkpt><trkpt lat="22.308628644862594" lon="114.24383069815481"><ele>280.0266012073636</ele><time>2023-02-25T05:10:41Z</time></trkpt><trkpt lat="22.30861283532836" lon="114.24381594675535"><ele>279.76652748858197</ele><time>2023-02-25T05:10:43Z</time></trkpt><trkpt lat="22.30859614025871" lon="114.24380584837435"><ele>279.6073868459475</ele><time>2023-02-25T05:10:45Z</time></trkpt><trkpt lat="22.308578917635437" lon="114.24379998671259"><ele>279.43529103141805</ele><time>2023-02-25T05:10:47Z</time></trkpt><trkpt lat="22.308545796375608" lon="114.2437819082235"><ele>279.0152958473438</ele><time>2023-02-25T05:10:51Z</time></trkpt><trkpt lat="22.308529159376626" lon="114.2437675135927"><ele>278.7795186247819</ele><time>2023-02-25T05:10:53Z</time></trkpt><trkpt lat="22.30851492243006" lon="114.24375008028076"><ele>278.49206191039406</ele><time>2023-02-25T05:10:55Z</time></trkpt><trkpt lat="22.308486370899832" lon="114.2437215921037"><ele>278.36293933423804</ele><time>2023-02-25T05:10:59Z</time></trkpt><trkpt lat="22.30847003660252" lon="114.24370072990634"><ele>277.5251368971977</ele><time>2023-02-25T05:11:01Z</time></trkpt><trkpt lat="22.308452857550964" lon="114.24368312705775"><ele>277.18243599129687</ele><time>2023-02-25T05:11:03Z</time></trkpt><trkpt lat="22.308435027931534" lon="114.2436638487281"><ele>276.6979500818755</ele><time>2023-02-25T05:11:05Z</time></trkpt><trkpt lat="22.308419357750118" lon="114.24365272944364"><ele>276.31172808724324</ele><time>2023-02-25T05:11:07Z</time></trkpt><trkpt lat="22.308398290081776" lon="114.2436441831078"><ele>276.13927356283574</ele><time>2023-02-25T05:11:09Z</time></trkpt><trkpt lat="22.308371473496496" lon="114.24364473704267"><ele>276.0250784941486</ele><time>2023-02-25T05:11:13Z</time></trkpt><trkpt lat="22.308337581569635" lon="114.24361912576192"><ele>273.03825139819014</ele><time>2023-02-25T05:11:55Z</time></trkpt><trkpt lat="22.308319238981312" lon="114.24361207007566"><ele>272.6115339364226</ele><time>2023-02-25T05:11:57Z</time></trkpt><trkpt lat="22.308295376481162" lon="114.24359487775006"><ele>272.2102025636779</ele><time>2023-02-25T05:12:01Z</time></trkpt><trkpt lat="22.308277898320625" lon="114.24356184762911"><ele>273.37187862993284</ele><time>2023-02-25T05:12:05Z</time></trkpt><trkpt lat="22.308263794937567" lon="114.24354543509504"><ele>273.92787128201314</ele><time>2023-02-25T05:12:07Z</time></trkpt><trkpt lat="22.308256997404367" lon="114.24352739108261"><ele>274.0789553874314</ele><time>2023-02-25T05:12:09Z</time></trkpt><trkpt lat="22.30823958040147" lon="114.24349771521399"><ele>273.5789996777195</ele><time>2023-02-25T05:12:13Z</time></trkpt><trkpt lat="22.308228407188594" lon="114.24347948200067"><ele>273.04184744708857</ele><time>2023-02-25T05:12:15Z</time></trkpt><trkpt lat="22.308198969687012" lon="114.24345586903014"><ele>272.1416760105797</ele><time>2023-02-25T05:12:19Z</time></trkpt><trkpt lat="22.30817786507111" lon="114.24344352451166"><ele>272.4455306333628</ele><time>2023-02-25T05:12:21Z</time></trkpt><trkpt lat="22.308158145397012" lon="114.24342801869308"><ele>272.837750023546</ele><time>2023-02-25T05:12:23Z</time></trkpt><trkpt lat="22.308143822178423" lon="114.24341369324473"><ele>273.36252913166936</ele><time>2023-02-25T05:12:25Z</time></trkpt><trkpt lat="22.308131451425798" lon="114.24339891407318"><ele>273.5063446099115</ele><time>2023-02-25T05:12:27Z</time></trkpt><trkpt lat="22.3081142289744" lon="114.24337174302067"><ele>273.78091253238074</ele><time>2023-02-25T05:12:31Z</time></trkpt><trkpt lat="22.308106377666906" lon="114.24335359229663"><ele>274.10198129257407</ele><time>2023-02-25T05:12:33Z</time></trkpt><trkpt lat="22.308088986739246" lon="114.24333504584673"><ele>274.7901821486603</ele><time>2023-02-25T05:12:37Z</time></trkpt><trkpt lat="22.308054480253855" lon="114.243331489065"><ele>274.90078191159927</ele><time>2023-02-25T05:12:41Z</time></trkpt><trkpt lat="22.308036909304608" lon="114.24332138618522"><ele>275.47846710653596</ele><time>2023-02-25T05:12:43Z</time></trkpt><trkpt lat="22.308012056233395" lon="114.24331189548171"><ele>275.58967373905045</ele><time>2023-02-25T05:12:45Z</time></trkpt><trkpt lat="22.307974600659534" lon="114.24330475400112"><ele>275.56306709664085</ele><time>2023-02-25T05:12:49Z</time></trkpt><trkpt lat="22.3079554599088" lon="114.24330441537779"><ele>275.3143056259373</ele><time>2023-02-25T05:12:51Z</time></trkpt><trkpt lat="22.307937565449578" lon="114.24331391604417"><ele>275.0612819724415</ele><time>2023-02-25T05:13:37Z</time></trkpt><trkpt lat="22.307910642013592" lon="114.24330444900141"><ele>274.913225299353</ele><time>2023-02-25T05:16:01Z</time></trkpt><trkpt lat="22.307885125460086" lon="114.24328957566726"><ele>274.9194668145866</ele><time>2023-02-25T05:16:05Z</time></trkpt><trkpt lat="22.307901589572264" lon="114.24326909134302"><ele>274.62749490793794</ele><time>2023-02-25T05:16:23Z</time></trkpt><trkpt lat="22.307907912663676" lon="114.2432427956002"><ele>275.5946132140234</ele><time>2023-02-25T05:16:27Z</time></trkpt><trkpt lat="22.307889966577463" lon="114.24323322071166"><ele>275.64461795892566</ele><time>2023-02-25T05:16:29Z</time></trkpt><trkpt lat="22.307870350115277" lon="114.24323287291584"><ele>275.5439848052338</ele><time>2023-02-25T05:16:31Z</time></trkpt><trkpt lat="22.307844463627653" lon="114.24322622140599"><ele>274.82422624342144</ele><time>2023-02-25T05:16:35Z</time></trkpt><trkpt lat="22.307821547343025" lon="114.24322024471611"><ele>274.5175844868645</ele><time>2023-02-25T05:16:39Z</time></trkpt><trkpt lat="22.30779127859298" lon="114.24321049578701"><ele>273.5590698393062</ele><time>2023-02-25T05:16:43Z</time></trkpt><trkpt lat="22.307769421811063" lon="114.2431942122659"><ele>272.77395686134696</ele><time>2023-02-25T05:16:47Z</time></trkpt><trkpt lat="22.307746676337956" lon="114.24317782310197"><ele>271.12675326503813</ele><time>2023-02-25T05:16:51Z</time></trkpt><trkpt lat="22.307728248292005" lon="114.24317499228323"><ele>266.4009116027815</ele><time>2023-02-25T05:16:53Z</time></trkpt><trkpt lat="22.30769832881291" lon="114.2431780204229"><ele>267.2288426051974</ele><time>2023-02-25T05:16:55Z</time></trkpt><trkpt lat="22.307678120136448" lon="114.24317192370958"><ele>268.2376319299897</ele><time>2023-02-25T05:16:57Z</time></trkpt><trkpt lat="22.30764851828571" lon="114.24316260054985"><ele>267.79579645970966</ele><time>2023-02-25T05:17:01Z</time></trkpt><trkpt lat="22.30764106717738" lon="114.2431352078585"><ele>268.81486046830463</ele><time>2023-02-25T05:17:13Z</time></trkpt><trkpt lat="22.30762452962724" lon="114.24312561570956"><ele>268.7985415504457</ele><time>2023-02-25T05:17:15Z</time></trkpt><trkpt lat="22.307607337926722" lon="114.24311238685083"><ele>268.44397243309055</ele><time>2023-02-25T05:17:17Z</time></trkpt><trkpt lat="22.30758554405327" lon="114.24310334656464"><ele>268.2447062167229</ele><time>2023-02-25T05:17:19Z</time></trkpt><trkpt lat="22.307560740067643" lon="114.24308485571501"><ele>267.77623108213703</ele><time>2023-02-25T05:17:23Z</time></trkpt><trkpt lat="22.3075473141684" lon="114.24307104760263"><ele>267.85339994759255</ele><time>2023-02-25T05:17:25Z</time></trkpt><trkpt lat="22.307532259785713" lon="114.24305128833093"><ele>267.5193921379794</ele><time>2023-02-25T05:17:27Z</time></trkpt><trkpt lat="22.307513133799162" lon="114.24303256147819"><ele>266.78669396253616</ele><time>2023-02-25T05:17:29Z</time></trkpt><trkpt lat="22.307499369008163" lon="114.24301767600144"><ele>266.5205174366216</ele><time>2023-02-25T05:17:31Z</time></trkpt><trkpt lat="22.30749218304465" lon="114.24299632547326"><ele>266.1168122325084</ele><time>2023-02-25T05:17:33Z</time></trkpt><trkpt lat="22.307483814017775" lon="114.24297567977322"><ele>265.8400806394552</ele><time>2023-02-25T05:17:35Z</time></trkpt><trkpt lat="22.30747007505999" lon="114.2429578115697"><ele>265.4400996866142</ele><time>2023-02-25T05:17:37Z</time></trkpt><trkpt lat="22.307455840556358" lon="114.24294077342928"><ele>265.4548121046926</ele><time>2023-02-25T05:17:39Z</time></trkpt><trkpt lat="22.30744497686887" lon="114.24292240053462"><ele>265.2417126048507</ele><time>2023-02-25T05:17:41Z</time></trkpt><trkpt lat="22.307434780782227" lon="114.24290413271649"><ele>264.42115421510357</ele><time>2023-02-25T05:17:43Z</time></trkpt><trkpt lat="22.307405576423655" lon="114.24287925787242"><ele>262.7626471280373</ele><time>2023-02-25T05:17:47Z</time></trkpt><trkpt lat="22.30738333430623" lon="114.24285371844643"><ele>261.79611943701104</ele><time>2023-02-25T05:17:51Z</time></trkpt><trkpt lat="22.307354984199343" lon="114.24283214938869"><ele>261.2171340524744</ele><time>2023-02-25T05:17:55Z</time></trkpt><trkpt lat="22.307337554096463" lon="114.24281806404883"><ele>260.71120053553244</ele><time>2023-02-25T05:17:57Z</time></trkpt><trkpt lat="22.30731746185046" lon="114.24280473160299"><ele>260.56074571017353</ele><time>2023-02-25T05:17:59Z</time></trkpt><trkpt lat="22.3072927441456" lon="114.2427932781472"><ele>260.2519924650187</ele><time>2023-02-25T05:18:03Z</time></trkpt><trkpt lat="22.3072733639713" lon="114.24277774694491"><ele>260.00504765044565</ele><time>2023-02-25T05:18:07Z</time></trkpt><trkpt lat="22.307248580336264" lon="114.24276772342078"><ele>259.2866588436309</ele><time>2023-02-25T05:18:11Z</time></trkpt><trkpt lat="22.307224713649635" lon="114.2427569847418"><ele>258.26907516765</ele><time>2023-02-25T05:18:15Z</time></trkpt><trkpt lat="22.307211801274786" lon="114.242729374124"><ele>257.3167380070958</ele><time>2023-02-25T05:18:19Z</time></trkpt><trkpt lat="22.307189982434835" lon="114.24271195640668"><ele>256.31805739277956</ele><time>2023-02-25T05:18:23Z</time></trkpt><trkpt lat="22.307174665063386" lon="114.24269373952436"><ele>255.04643116766874</ele><time>2023-02-25T05:18:27Z</time></trkpt><trkpt lat="22.307159264476063" lon="114.24266941015092"><ele>253.51250277300494</ele><time>2023-02-25T05:18:35Z</time></trkpt><trkpt lat="22.30714198365984" lon="114.24265858303163"><ele>253.0723859645158</ele><time>2023-02-25T05:18:37Z</time></trkpt><trkpt lat="22.30712593749577" lon="114.24264355348062"><ele>252.6254020221849</ele><time>2023-02-25T05:18:41Z</time></trkpt><trkpt lat="22.30712298266732" lon="114.24260474937115"><ele>252.1828235148483</ele><time>2023-02-25T05:18:45Z</time></trkpt><trkpt lat="22.307110651995455" lon="114.24258773469766"><ele>251.93636762788208</ele><time>2023-02-25T05:18:51Z</time></trkpt><trkpt lat="22.307106638807046" lon="114.24256439117781"><ele>251.7636001172526</ele><time>2023-02-25T05:18:55Z</time></trkpt><trkpt lat="22.307088091388334" lon="114.24253149371958"><ele>251.37560828747516</ele><time>2023-02-25T05:18:59Z</time></trkpt><trkpt lat="22.307071939069747" lon="114.24251458799209"><ele>251.15450718831397</ele><time>2023-02-25T05:19:01Z</time></trkpt><trkpt lat="22.307051124261555" lon="114.24249827759175"><ele>250.2137062772951</ele><time>2023-02-25T05:19:05Z</time></trkpt><trkpt lat="22.307026513424553" lon="114.24250431631526"><ele>249.92131122106676</ele><time>2023-02-25T05:19:17Z</time></trkpt><trkpt lat="22.30699871013592" lon="114.24248956513708"><ele>251.21867743270957</ele><time>2023-02-25T05:19:31Z</time></trkpt><trkpt lat="22.306980194288368" lon="114.24247569324993"><ele>251.14225473203024</ele><time>2023-02-25T05:19:35Z</time></trkpt><trkpt lat="22.306981825673954" lon="114.24244246897278"><ele>251.2782942401955</ele><time>2023-02-25T05:19:39Z</time></trkpt><trkpt lat="22.306991533600858" lon="114.24242148083084"><ele>251.66035084098635</ele><time>2023-02-25T05:19:41Z</time></trkpt><trkpt lat="22.30698707886858" lon="114.24240036858976"><ele>251.95643769442498</ele><time>2023-02-25T05:19:43Z</time></trkpt><trkpt lat="22.306975703506094" lon="114.24238357082078"><ele>252.2824413326229</ele><time>2023-02-25T05:19:45Z</time></trkpt><trkpt lat="22.30695695438015" lon="114.24237715567386"><ele>253.11790756885284</ele><time>2023-02-25T05:19:49Z</time></trkpt><trkpt lat="22.306930087553766" lon="114.24237828757673"><ele>253.98560974860797</ele><time>2023-02-25T05:19:55Z</time></trkpt><trkpt lat="22.306910568266037" lon="114.2423798565018"><ele>254.79134224172768</ele><time>2023-02-25T05:20:01Z</time></trkpt><trkpt lat="22.30688211472365" lon="114.24238955301786"><ele>256.833326670644</ele><time>2023-02-25T05:20:11Z</time></trkpt><trkpt lat="22.306858170760027" lon="114.24239560248189"><ele>257.4374543244412</ele><time>2023-02-25T05:20:15Z</time></trkpt><trkpt lat="22.306834638892525" lon="114.24239502992323"><ele>258.05639266438305</ele><time>2023-02-25T05:20:19Z</time></trkpt><trkpt lat="22.306808847986385" lon="114.24238016758613"><ele>259.1564912755078</ele><time>2023-02-25T05:20:25Z</time></trkpt><trkpt lat="22.306787181794306" lon="114.24238612399003"><ele>259.3534652897202</ele><time>2023-02-25T05:20:29Z</time></trkpt><trkpt lat="22.306768675616343" lon="114.24237767330658"><ele>259.1285426882623</ele><time>2023-02-25T05:20:33Z</time></trkpt><trkpt lat="22.30674036240302" lon="114.24236699577308"><ele>260.577320139444</ele><time>2023-02-25T05:20:51Z</time></trkpt><trkpt lat="22.306712766621562" lon="114.24237595392339"><ele>260.6147344164419</ele><time>2023-02-25T05:20:55Z</time></trkpt><trkpt lat="22.306692995879676" lon="114.24237724938675"><ele>261.88649193225234</ele><time>2023-02-25T05:21:05Z</time></trkpt><trkpt lat="22.306682946077935" lon="114.24235835198368"><ele>262.36695042951936</ele><time>2023-02-25T05:21:07Z</time></trkpt><trkpt lat="22.306664593644612" lon="114.24234716868808"><ele>262.850177433448</ele><time>2023-02-25T05:21:09Z</time></trkpt><trkpt lat="22.306644938670406" lon="114.24234250883396"><ele>263.30498207369897</ele><time>2023-02-25T05:21:11Z</time></trkpt><trkpt lat="22.30662112692424" lon="114.24234120235259"><ele>264.1466026706422</ele><time>2023-02-25T05:21:15Z</time></trkpt><trkpt lat="22.30660025034885" lon="114.24233462637677"><ele>264.57789793126426</ele><time>2023-02-25T05:21:19Z</time></trkpt><trkpt lat="22.306590879292063" lon="114.2423126493353"><ele>266.56647752944986</ele><time>2023-02-25T05:21:27Z</time></trkpt><trkpt lat="22.306563503800856" lon="114.24232098173545"><ele>269.0183381517719</ele><time>2023-02-25T05:21:43Z</time></trkpt><trkpt lat="22.306541489286868" lon="114.24232717618133"><ele>269.4913778931205</ele><time>2023-02-25T05:21:47Z</time></trkpt><trkpt lat="22.30651979169657" lon="114.24233316552785"><ele>269.75173082857566</ele><time>2023-02-25T05:21:55Z</time></trkpt><trkpt lat="22.30651061983016" lon="114.24231271256951"><ele>270.4964444290311</ele><time>2023-02-25T05:21:59Z</time></trkpt><trkpt lat="22.306493015756725" lon="114.24230473900363"><ele>270.9258266585826</ele><time>2023-02-25T05:22:01Z</time></trkpt><trkpt lat="22.30646618845434" lon="114.24229157353825"><ele>271.9589911080242</ele><time>2023-02-25T05:22:05Z</time></trkpt><trkpt lat="22.306443774221282" lon="114.2422678839367"><ele>272.67063817972655</ele><time>2023-02-25T05:22:09Z</time></trkpt><trkpt lat="22.306421161825032" lon="114.24226417376701"><ele>272.570696898615</ele><time>2023-02-25T05:22:11Z</time></trkpt><trkpt lat="22.306388222054526" lon="114.2422754618692"><ele>272.47725524114367</ele><time>2023-02-25T05:22:15Z</time></trkpt><trkpt lat="22.30635729287788" lon="114.24227560180101"><ele>273.08157105944304</ele><time>2023-02-25T05:22:19Z</time></trkpt><trkpt lat="22.3063334409734" lon="114.24228226039921"><ele>273.44293144312087</ele><time>2023-02-25T05:22:25Z</time></trkpt><trkpt lat="22.30629820170466" lon="114.24229282426225"><ele>273.3105520404958</ele><time>2023-02-25T05:22:29Z</time></trkpt><trkpt lat="22.30627035238024" lon="114.24228776507418"><ele>272.78005101055317</ele><time>2023-02-25T05:22:33Z</time></trkpt><trkpt lat="22.306263609954396" lon="114.2422645686073"><ele>272.140509276453</ele><time>2023-02-25T05:22:37Z</time></trkpt><trkpt lat="22.306237084331418" lon="114.24226701836501"><ele>271.9915215954972</ele><time>2023-02-25T05:23:11Z</time></trkpt><trkpt lat="22.306267487717157" lon="114.24225359321865"><ele>271.54238599341704</ele><time>2023-02-25T05:23:27Z</time></trkpt><trkpt lat="22.306284104200465" lon="114.24226628857618"><ele>271.4225563084213</ele><time>2023-02-25T05:23:31Z</time></trkpt><trkpt lat="22.30630138902505" lon="114.24224753171424"><ele>270.89462607653013</ele><time>2023-02-25T05:23:35Z</time></trkpt><trkpt lat="22.306278345231494" lon="114.24226463061171"><ele>271.27294083801524</ele><time>2023-02-25T05:23:53Z</time></trkpt><trkpt lat="22.306254659055536" lon="114.24226391511762"><ele>271.0793359086092</ele><time>2023-02-25T05:24:27Z</time></trkpt><trkpt lat="22.306222050346847" lon="114.24227337496629"><ele>272.1442357780771</ele><time>2023-02-25T05:24:31Z</time></trkpt><trkpt lat="22.30620402481017" lon="114.24227195322095"><ele>272.4101161256274</ele><time>2023-02-25T05:24:35Z</time></trkpt><trkpt lat="22.306178225391797" lon="114.24227181509859"><ele>272.7789539299262</ele><time>2023-02-25T05:24:39Z</time></trkpt><trkpt lat="22.30616564565682" lon="114.24228972912567"><ele>272.3435656815626</ele><time>2023-02-25T05:25:15Z</time></trkpt><trkpt lat="22.30616552449644" lon="114.24231863769512"><ele>271.14619819331057</ele><time>2023-02-25T05:25:19Z</time></trkpt><trkpt lat="22.306133655187537" lon="114.24230445048696"><ele>270.0843973459887</ele><time>2023-02-25T05:25:23Z</time></trkpt><trkpt lat="22.30611508525912" lon="114.24230049346431"><ele>269.2683898427517</ele><time>2023-02-25T05:25:27Z</time></trkpt><trkpt lat="22.306094542131692" lon="114.24230754325005"><ele>269.3449636087978</ele><time>2023-02-25T05:25:33Z</time></trkpt><trkpt lat="22.30606837946152" lon="114.24229600875292"><ele>269.3014083407911</ele><time>2023-02-25T05:25:37Z</time></trkpt><trkpt lat="22.30604907231528" lon="114.2422960906849"><ele>269.3096092089869</ele><time>2023-02-25T05:25:39Z</time></trkpt><trkpt lat="22.306027352492567" lon="114.24227887047613"><ele>268.72655818504876</ele><time>2023-02-25T05:25:43Z</time></trkpt><trkpt lat="22.306006442104454" lon="114.24226816465449"><ele>267.61973289950635</ele><time>2023-02-25T05:25:51Z</time></trkpt><trkpt lat="22.306004322147555" lon="114.24224628018746"><ele>267.87638336487083</ele><time>2023-02-25T05:26:21Z</time></trkpt><trkpt lat="22.305991252452927" lon="114.24227629610745"><ele>266.11169020086527</ele><time>2023-02-25T05:27:15Z</time></trkpt><trkpt lat="22.305969049403856" lon="114.24228159621867"><ele>265.9935297574848</ele><time>2023-02-25T05:27:21Z</time></trkpt><trkpt lat="22.30593825816146" lon="114.24227648876386"><ele>265.19607844762504</ele><time>2023-02-25T05:27:25Z</time></trkpt><trkpt lat="22.305919666155912" lon="114.24227293215347"><ele>264.4195374781266</ele><time>2023-02-25T05:27:39Z</time></trkpt><trkpt lat="22.305904571099564" lon="114.24228670288086"><ele>262.41562404762954</ele><time>2023-02-25T05:28:25Z</time></trkpt><trkpt lat="22.305890474869692" lon="114.24231087942074"><ele>262.41562404762954</ele><time>2023-02-25T05:28:29Z</time></trkpt><trkpt lat="22.305871181736972" lon="114.24231364639628"><ele>262.41562404762954</ele><time>2023-02-25T05:28:33Z</time></trkpt><trkpt lat="22.305853125778064" lon="114.24231483781477"><ele>262.41562404762954</ele><time>2023-02-25T05:28:39Z</time></trkpt><trkpt lat="22.305836369869148" lon="114.24232253627204"><ele>262.41562404762954</ele><time>2023-02-25T05:29:03Z</time></trkpt><trkpt lat="22.30580492099673" lon="114.24232728537427"><ele>262.41562404762954</ele><time>2023-02-25T05:29:07Z</time></trkpt><trkpt lat="22.305777955898865" lon="114.242340923673"><ele>261.60760919725567</ele><time>2023-02-25T05:29:11Z</time></trkpt><trkpt lat="22.305753991585963" lon="114.24234998922024"><ele>259.976203564952</ele><time>2023-02-25T05:29:15Z</time></trkpt><trkpt lat="22.305737024302676" lon="114.24235779635995"><ele>258.79079785787553</ele><time>2023-02-25T05:29:19Z</time></trkpt><trkpt lat="22.305724929741604" lon="114.24237653050974"><ele>258.0845785593972</ele><time>2023-02-25T05:29:23Z</time></trkpt><trkpt lat="22.30570873178294" lon="114.24238573634655"><ele>256.9496323760288</ele><time>2023-02-25T05:29:27Z</time></trkpt><trkpt lat="22.305690450707168" lon="114.24240074963787"><ele>256.3019485661578</ele><time>2023-02-25T05:29:29Z</time></trkpt><trkpt lat="22.305670710107194" lon="114.2424020330966"><ele>255.99254691453189</ele><time>2023-02-25T05:29:31Z</time></trkpt><trkpt lat="22.30564600496975" lon="114.2424135751273"><ele>255.29250680168772</ele><time>2023-02-25T05:29:35Z</time></trkpt><trkpt lat="22.305627990986213" lon="114.24241158141801"><ele>254.9028406106742</ele><time>2023-02-25T05:29:39Z</time></trkpt><trkpt lat="22.305607767878225" lon="114.24241269813444"><ele>254.2044097124987</ele><time>2023-02-25T05:29:43Z</time></trkpt><trkpt lat="22.30558454677142" lon="114.2424337641022"><ele>251.86616062752051</ele><time>2023-02-25T05:29:53Z</time></trkpt><trkpt lat="22.305548987949564" lon="114.24244722839893"><ele>250.84542581404273</ele><time>2023-02-25T05:29:57Z</time></trkpt><trkpt lat="22.305519858180677" lon="114.2424546434636"><ele>249.6559984773901</ele><time>2023-02-25T05:30:01Z</time></trkpt><trkpt lat="22.305502318200986" lon="114.24247318283587"><ele>248.30196870498514</ele><time>2023-02-25T05:30:07Z</time></trkpt><trkpt lat="22.3054966057443" lon="114.24249195864658"><ele>248.0720150419255</ele><time>2023-02-25T05:30:09Z</time></trkpt><trkpt lat="22.30547050241587" lon="114.24251097843893"><ele>247.4752915417059</ele><time>2023-02-25T05:30:13Z</time></trkpt><trkpt lat="22.30544762302745" lon="114.24251883399239"><ele>247.29990535007974</ele><time>2023-02-25T05:30:17Z</time></trkpt><trkpt lat="22.30542788546185" lon="114.24252789985782"><ele>245.80480376161634</ele><time>2023-02-25T05:30:23Z</time></trkpt><trkpt lat="22.305411631149436" lon="114.24253818007655"><ele>245.28901414556194</ele><time>2023-02-25T05:30:27Z</time></trkpt><trkpt lat="22.305386517144356" lon="114.24255214746114"><ele>245.0178924952064</ele><time>2023-02-25T05:30:31Z</time></trkpt><trkpt lat="22.305362851529726" lon="114.24257038830729"><ele>244.31299609781595</ele><time>2023-02-25T05:30:35Z</time></trkpt><trkpt lat="22.30533398453455" lon="114.2425890965444"><ele>243.28566142788614</ele><time>2023-02-25T05:30:39Z</time></trkpt><trkpt lat="22.30530967101171" lon="114.24259536493996"><ele>242.98287679015004</ele><time>2023-02-25T05:30:43Z</time></trkpt><trkpt lat="22.30528968421775" lon="114.24260121612042"><ele>242.5461088905541</ele><time>2023-02-25T05:30:53Z</time></trkpt><trkpt lat="22.305269841592512" lon="114.2426032778443"><ele>242.51850842715766</ele><time>2023-02-25T05:30:55Z</time></trkpt><trkpt lat="22.305240808595318" lon="114.2426101979499"><ele>241.9129646891747</ele><time>2023-02-25T05:30:59Z</time></trkpt><trkpt lat="22.305221676857393" lon="114.2426160110047"><ele>240.9275066138406</ele><time>2023-02-25T05:31:03Z</time></trkpt><trkpt lat="22.30520476436338" lon="114.24262966517163"><ele>240.04567067916025</ele><time>2023-02-25T05:31:07Z</time></trkpt><trkpt lat="22.30518506347917" lon="114.24263391055533"><ele>239.31502796634078</ele><time>2023-02-25T05:31:11Z</time></trkpt><trkpt lat="22.305163641603045" lon="114.24264986848594"><ele>238.13894107091838</ele><time>2023-02-25T05:31:15Z</time></trkpt><trkpt lat="22.30513580900611" lon="114.24266802422787"><ele>236.94560170402875</ele><time>2023-02-25T05:31:19Z</time></trkpt><trkpt lat="22.30510616225084" lon="114.24267328067563"><ele>236.09114304339363</ele><time>2023-02-25T05:31:23Z</time></trkpt><trkpt lat="22.305084513418752" lon="114.24267151651252"><ele>235.10074131715209</ele><time>2023-02-25T05:31:27Z</time></trkpt><trkpt lat="22.305064064989725" lon="114.24268519683403"><ele>234.1064301309009</ele><time>2023-02-25T05:31:31Z</time></trkpt><trkpt lat="22.305046010712196" lon="114.24268905118647"><ele>233.58052610851226</ele><time>2023-02-25T05:31:33Z</time></trkpt><trkpt lat="22.305022478410166" lon="114.24268544635616"><ele>232.41377547589647</ele><time>2023-02-25T05:31:39Z</time></trkpt><trkpt lat="22.30499063603127" lon="114.24270873596741"><ele>231.2127406529614</ele><time>2023-02-25T05:31:45Z</time></trkpt><trkpt lat="22.304990298398327" lon="114.24272947235669"><ele>230.89251960927143</ele><time>2023-02-25T05:31:49Z</time></trkpt><trkpt lat="22.304985191063505" lon="114.24269911162109"><ele>230.15319403981755</ele><time>2023-02-25T05:32:09Z</time></trkpt><trkpt lat="22.30494390161362" lon="114.24269093605808"><ele>229.81370877442484</ele><time>2023-02-25T05:32:13Z</time></trkpt><trkpt lat="22.30492556304356" lon="114.24269193938594"><ele>229.65602240796798</ele><time>2023-02-25T05:32:15Z</time></trkpt><trkpt lat="22.304925567696774" lon="114.24271237754739"><ele>229.3983154455754</ele><time>2023-02-25T05:32:19Z</time></trkpt><trkpt lat="22.30493138214461" lon="114.2427321383762"><ele>229.03406681543638</ele><time>2023-02-25T05:32:33Z</time></trkpt><trkpt lat="22.30490644910071" lon="114.24273752488769"><ele>228.75231912001038</ele><time>2023-02-25T05:32:35Z</time></trkpt><trkpt lat="22.30488157591283" lon="114.24273367191834"><ele>228.58020831442647</ele><time>2023-02-25T05:32:37Z</time></trkpt><trkpt lat="22.304848834836093" lon="114.24273626878563"><ele>229.29314987194238</ele><time>2023-02-25T05:32:43Z</time></trkpt><trkpt lat="22.30482333662302" lon="114.2427299831996"><ele>228.41555323715855</ele><time>2023-02-25T05:32:49Z</time></trkpt><trkpt lat="22.304805826014338" lon="114.24273594428115"><ele>227.88886709218374</ele><time>2023-02-25T05:32:51Z</time></trkpt><trkpt lat="22.304785836182987" lon="114.24274218522477"><ele>227.09361750756258</ele><time>2023-02-25T05:32:55Z</time></trkpt><trkpt lat="22.304769107168546" lon="114.24275063671372"><ele>225.43003564872163</ele><time>2023-02-25T05:33:01Z</time></trkpt><trkpt lat="22.30473262775291" lon="114.24275762805762"><ele>224.44210961211218</ele><time>2023-02-25T05:33:05Z</time></trkpt><trkpt lat="22.30470836077002" lon="114.24275795715393"><ele>223.9268040665269</ele><time>2023-02-25T05:33:09Z</time></trkpt><trkpt lat="22.304683371940225" lon="114.24275845174347"><ele>223.15151823904083</ele><time>2023-02-25T05:33:13Z</time></trkpt><trkpt lat="22.304665023074698" lon="114.24275249389792"><ele>221.72420974164976</ele><time>2023-02-25T05:33:23Z</time></trkpt><trkpt lat="22.304650615953783" lon="114.24276564215052"><ele>221.19533093054739</ele><time>2023-02-25T05:33:29Z</time></trkpt><trkpt lat="22.304630535154107" lon="114.24277415450712"><ele>220.47758851170022</ele><time>2023-02-25T05:33:33Z</time></trkpt><trkpt lat="22.304609080949238" lon="114.24279158817622"><ele>219.64198399953384</ele><time>2023-02-25T05:33:37Z</time></trkpt><trkpt lat="22.304590838173144" lon="114.24279358947298"><ele>220.0391305168259</ele><time>2023-02-25T05:33:41Z</time></trkpt><trkpt lat="22.30456262429404" lon="114.24277176296486"><ele>220.81573597993793</ele><time>2023-02-25T05:33:45Z</time></trkpt><trkpt lat="22.30455270577853" lon="114.24275289312668"><ele>221.4747945058042</ele><time>2023-02-25T05:33:47Z</time></trkpt><trkpt lat="22.304536676964776" lon="114.24273515100252"><ele>223.0673115930583</ele><time>2023-02-25T05:33:51Z</time></trkpt><trkpt lat="22.30451524871707" lon="114.24272669508663"><ele>221.69336897735198</ele><time>2023-02-25T05:34:11Z</time></trkpt><trkpt lat="22.30450417293468" lon="114.2427080951482"><ele>221.15778622094604</ele><time>2023-02-25T05:34:17Z</time></trkpt><trkpt lat="22.304483654616572" lon="114.24269038468593"><ele>220.3522416615212</ele><time>2023-02-25T05:34:23Z</time></trkpt><trkpt lat="22.304495223609692" lon="114.24265799183449"><ele>219.17684178764148</ele><time>2023-02-25T05:34:31Z</time></trkpt><trkpt lat="22.304487302304178" lon="114.24264045408898"><ele>217.34454532321172</ele><time>2023-02-25T05:34:39Z</time></trkpt><trkpt lat="22.304480773561693" lon="114.24262135030088"><ele>213.85491721057033</ele><time>2023-02-25T05:34:53Z</time></trkpt><trkpt lat="22.304486208821544" lon="114.24258369991391"><ele>213.30778856493163</ele><time>2023-02-25T05:34:57Z</time></trkpt><trkpt lat="22.30449032774831" lon="114.24256443880043"><ele>213.33621145508036</ele><time>2023-02-25T05:34:59Z</time></trkpt><trkpt lat="22.304485863766732" lon="114.24254361827256"><ele>213.14371466824127</ele><time>2023-02-25T05:35:03Z</time></trkpt><trkpt lat="22.304495312170214" lon="114.24251542627904"><ele>212.49518463981866</ele><time>2023-02-25T05:35:07Z</time></trkpt><trkpt lat="22.304512159068956" lon="114.24249470940326"><ele>212.2151658088505</ele><time>2023-02-25T05:35:09Z</time></trkpt><trkpt lat="22.304524077200263" lon="114.24247857203362"><ele>211.9661587523774</ele><time>2023-02-25T05:35:11Z</time></trkpt><trkpt lat="22.304511796327418" lon="114.24246233661633"><ele>210.66252154120903</ele><time>2023-02-25T05:35:29Z</time></trkpt><trkpt lat="22.304490852648026" lon="114.24246038005217"><ele>209.67002571152935</ele><time>2023-02-25T05:35:35Z</time></trkpt><trkpt lat="22.30449155067221" lon="114.24242932698823"><ele>208.38353116036498</ele><time>2023-02-25T05:35:49Z</time></trkpt><trkpt lat="22.30449434408041" lon="114.24239414622153"><ele>208.3885065058654</ele><time>2023-02-25T05:35:51Z</time></trkpt><trkpt lat="22.304481089869157" lon="114.24237313697348"><ele>208.41707143582423</ele><time>2023-02-25T05:35:53Z</time></trkpt><trkpt lat="22.304482451999895" lon="114.2423371732077"><ele>205.6378555087119</ele><time>2023-02-25T05:36:05Z</time></trkpt><trkpt lat="22.304495032761157" lon="114.2423087486307"><ele>205.17985119864818</ele><time>2023-02-25T05:36:09Z</time></trkpt><trkpt lat="22.30448927199012" lon="114.24227346099586"><ele>204.55735015664237</ele><time>2023-02-25T05:36:13Z</time></trkpt><trkpt lat="22.304492443291682" lon="114.24224740164425"><ele>203.5353687508626</ele><time>2023-02-25T05:36:17Z</time></trkpt><trkpt lat="22.304462072054935" lon="114.24225630963136"><ele>201.29702664763622</ele><time>2023-02-25T05:36:47Z</time></trkpt><trkpt lat="22.304472102890912" lon="114.24222339842173"><ele>201.1252140731934</ele><time>2023-02-25T05:36:55Z</time></trkpt><trkpt lat="22.30445408745019" lon="114.24219774692361"><ele>200.51715937701712</ele><time>2023-02-25T05:37:01Z</time></trkpt><trkpt lat="22.304434141089843" lon="114.24219838178857"><ele>198.41059062094388</ele><time>2023-02-25T05:37:19Z</time></trkpt><trkpt lat="22.304411608510794" lon="114.2421940997026"><ele>195.78883779059376</ele><time>2023-02-25T05:37:25Z</time></trkpt><trkpt lat="22.304409346771763" lon="114.2421706068831"><ele>195.42280727492263</ele><time>2023-02-25T05:37:29Z</time></trkpt><trkpt lat="22.30440156918188" lon="114.24214095860239"><ele>195.537033943712</ele><time>2023-02-25T05:37:33Z</time></trkpt><trkpt lat="22.304388607362743" lon="114.24212415392574"><ele>196.10408197230115</ele><time>2023-02-25T05:37:37Z</time></trkpt><trkpt lat="22.30436958240985" lon="114.24210159462386"><ele>194.51961846546595</ele><time>2023-02-25T05:37:47Z</time></trkpt><trkpt lat="22.304352222622015" lon="114.2420923976437"><ele>193.8395476051501</ele><time>2023-02-25T05:37:51Z</time></trkpt><trkpt lat="22.304333791803938" lon="114.24208584447754"><ele>193.4081583704855</ele><time>2023-02-25T05:37:53Z</time></trkpt><trkpt lat="22.30430848910813" lon="114.24209713347234"><ele>192.2384161815155</ele><time>2023-02-25T05:37:57Z</time></trkpt><trkpt lat="22.304294930398818" lon="114.24211135354072"><ele>191.01094576245757</ele><time>2023-02-25T05:38:01Z</time></trkpt><trkpt lat="22.304270692789636" lon="114.24212215546592"><ele>189.76574565890937</ele><time>2023-02-25T05:38:05Z</time></trkpt><trkpt lat="22.30424642785242" lon="114.24211625490936"><ele>189.3337854176002</ele><time>2023-02-25T05:38:27Z</time></trkpt><trkpt lat="22.30422831600063" lon="114.24211998031635"><ele>189.0355654825727</ele><time>2023-02-25T05:38:33Z</time></trkpt><trkpt lat="22.304207218436925" lon="114.2421316002059"><ele>188.3785669792682</ele><time>2023-02-25T05:38:37Z</time></trkpt><trkpt lat="22.304192591513686" lon="114.2421160065593"><ele>185.43243294269587</ele><time>2023-02-25T05:38:49Z</time></trkpt><trkpt lat="22.30417732904389" lon="114.24208522396592"><ele>185.13434794196692</ele><time>2023-02-25T05:39:09Z</time></trkpt><trkpt lat="22.304159597098145" lon="114.24206581184689"><ele>184.0231586200458</ele><time>2023-02-25T05:39:13Z</time></trkpt><trkpt lat="22.30415211048391" lon="114.24204607305118"><ele>183.3268000436615</ele><time>2023-02-25T05:39:17Z</time></trkpt><trkpt lat="22.304131727922258" lon="114.2420507417721"><ele>182.37031986709474</ele><time>2023-02-25T05:39:31Z</time></trkpt><trkpt lat="22.3041132623576" lon="114.24205103157693"><ele>181.1878185658592</ele><time>2023-02-25T05:39:37Z</time></trkpt><trkpt lat="22.30409293350182" lon="114.24205742397329"><ele>179.37276784436028</ele><time>2023-02-25T05:39:43Z</time></trkpt><trkpt lat="22.304073605156372" lon="114.24205869496755"><ele>178.42396178672718</ele><time>2023-02-25T05:39:49Z</time></trkpt><trkpt lat="22.304054230147" lon="114.2420552958378"><ele>178.29004847865298</ele><time>2023-02-25T05:39:55Z</time></trkpt><trkpt lat="22.304034990761664" lon="114.24207557528182"><ele>178.07706003033698</ele><time>2023-02-25T05:39:59Z</time></trkpt><trkpt lat="22.304027244770598" lon="114.24204462230608"><ele>175.20563552149426</ele><time>2023-02-25T05:40:07Z</time></trkpt><trkpt lat="22.304001275347808" lon="114.24203980656522"><ele>174.6087107724858</ele><time>2023-02-25T05:40:13Z</time></trkpt><trkpt lat="22.303985694816088" lon="114.24202802792267"><ele>174.05255809459976</ele><time>2023-02-25T05:40:19Z</time></trkpt><trkpt lat="22.30396723246629" lon="114.24202920830346"><ele>173.274741589341</ele><time>2023-02-25T05:40:27Z</time></trkpt><trkpt lat="22.30398309576908" lon="114.24200752833437"><ele>172.29640847153524</ele><time>2023-02-25T05:40:35Z</time></trkpt><trkpt lat="22.303958009840912" lon="114.24199666101805"><ele>172.0677700305844</ele><time>2023-02-25T05:40:57Z</time></trkpt><trkpt lat="22.303953215043908" lon="114.2419745024429"><ele>170.7707086487056</ele><time>2023-02-25T05:41:11Z</time></trkpt><trkpt lat="22.303938489301473" lon="114.2419588921167"><ele>170.246481212888</ele><time>2023-02-25T05:41:29Z</time></trkpt><trkpt lat="22.303922591132082" lon="114.2419460161805"><ele>167.89454596517598</ele><time>2023-02-25T05:41:39Z</time></trkpt><trkpt lat="22.30390127997429" lon="114.24196257753688"><ele>165.82297409336155</ele><time>2023-02-25T05:41:45Z</time></trkpt><trkpt lat="22.30387799338982" lon="114.24198068225684"><ele>165.1576931954879</ele><time>2023-02-25T05:41:49Z</time></trkpt><trkpt lat="22.303870844418597" lon="114.24199873475008"><ele>165.3328299763657</ele><time>2023-02-25T05:41:53Z</time></trkpt><trkpt lat="22.303851870687005" lon="114.24200718368621"><ele>166.7307015045687</ele><time>2023-02-25T05:42:03Z</time></trkpt><trkpt lat="22.303857548452452" lon="114.24198032897789"><ele>166.77499355932923</ele><time>2023-02-25T05:42:09Z</time></trkpt><trkpt lat="22.303843363993206" lon="114.24195824461238"><ele>166.76883214555988</ele><time>2023-02-25T05:42:35Z</time></trkpt><trkpt lat="22.303827987649843" lon="114.24193840311494"><ele>165.71985274800682</ele><time>2023-02-25T05:42:41Z</time></trkpt><trkpt lat="22.30380283947175" lon="114.24193071573687"><ele>164.99602003397519</ele><time>2023-02-25T05:42:45Z</time></trkpt><trkpt lat="22.303787574791407" lon="114.24190914596066"><ele>164.11773292883262</ele><time>2023-02-25T05:42:49Z</time></trkpt><trkpt lat="22.30377838026865" lon="114.2418910616569"><ele>162.32114392598172</ele><time>2023-02-25T05:42:53Z</time></trkpt><trkpt lat="22.303759965438456" lon="114.24188191212288"><ele>161.19747277165345</ele><time>2023-02-25T05:42:57Z</time></trkpt><trkpt lat="22.30373083361725" lon="114.24187639517065"><ele>160.57183396340568</ele><time>2023-02-25T05:43:03Z</time></trkpt><trkpt lat="22.303711275060675" lon="114.24188007577635"><ele>160.41589040560137</ele><time>2023-02-25T05:43:07Z</time></trkpt><trkpt lat="22.30369639135222" lon="114.24185899425805"><ele>160.3984348128891</ele><time>2023-02-25T05:43:21Z</time></trkpt><trkpt lat="22.303682917066514" lon="114.24184082219195"><ele>158.79783800296102</ele><time>2023-02-25T05:43:27Z</time></trkpt><trkpt lat="22.303675990878894" lon="114.24182271355178"><ele>157.2064514897667</ele><time>2023-02-25T05:43:31Z</time></trkpt><trkpt lat="22.303667025796024" lon="114.24180315255397"><ele>155.43243666216713</ele><time>2023-02-25T05:43:35Z</time></trkpt><trkpt lat="22.30365083734677" lon="114.24178211701765"><ele>153.16493894609567</ele><time>2023-02-25T05:43:41Z</time></trkpt><trkpt lat="22.30362875300563" lon="114.24176733234765"><ele>151.98860455421257</ele><time>2023-02-25T05:43:45Z</time></trkpt><trkpt lat="22.303610601078862" lon="114.24174194874091"><ele>151.65521448006047</ele><time>2023-02-25T05:43:49Z</time></trkpt><trkpt lat="22.303572801654433" lon="114.241751360466"><ele>150.8026694326799</ele><time>2023-02-25T05:43:53Z</time></trkpt><trkpt lat="22.30355916156639" lon="114.24176436819059"><ele>150.69083765205767</ele><time>2023-02-25T05:43:55Z</time></trkpt><trkpt lat="22.3035479904679" lon="114.24178033857893"><ele>150.3235287483185</ele><time>2023-02-25T05:43:57Z</time></trkpt><trkpt lat="22.30352673064365" lon="114.24181564279857"><ele>148.73516299117645</ele><time>2023-02-25T05:44:01Z</time></trkpt><trkpt lat="22.303513483550898" lon="114.2418375774531"><ele>148.1750774862108</ele><time>2023-02-25T05:44:03Z</time></trkpt><trkpt lat="22.303500263696314" lon="114.24186072361636"><ele>147.70559141298386</ele><time>2023-02-25T05:44:05Z</time></trkpt><trkpt lat="22.303481671419433" lon="114.24188492678637"><ele>147.59602099872006</ele><time>2023-02-25T05:44:07Z</time></trkpt><trkpt lat="22.303467455219558" lon="114.24190150492366"><ele>147.44166874208963</ele><time>2023-02-25T05:44:09Z</time></trkpt><trkpt lat="22.303448899837512" lon="114.24191965348258"><ele>147.24503997996928</ele><time>2023-02-25T05:44:11Z</time></trkpt><trkpt lat="22.30341949172356" lon="114.24191946135961"><ele>147.06348035971405</ele><time>2023-02-25T05:44:13Z</time></trkpt><trkpt lat="22.303398281375184" lon="114.24192651957097"><ele>146.92269893828868</ele><time>2023-02-25T05:44:15Z</time></trkpt><trkpt lat="22.303381139321626" lon="114.24193337258558"><ele>146.73339598678982</ele><time>2023-02-25T05:44:17Z</time></trkpt><trkpt lat="22.303367423328172" lon="114.24194643044126"><ele>146.59467879279723</ele><time>2023-02-25T05:44:19Z</time></trkpt><trkpt lat="22.303353525473337" lon="114.24196195420981"><ele>146.37556686476566</ele><time>2023-02-25T05:44:21Z</time></trkpt><trkpt lat="22.303347111246918" lon="114.2419959882225"><ele>145.70664949598367</ele><time>2023-02-25T05:44:25Z</time></trkpt><trkpt lat="22.30335496289321" lon="114.24203558368252"><ele>145.63530805069928</ele><time>2023-02-25T05:44:29Z</time></trkpt><trkpt lat="22.303357253573772" lon="114.24206647996232"><ele>145.56034634820793</ele><time>2023-02-25T05:44:31Z</time></trkpt><trkpt lat="22.30335841104533" lon="114.2420900057676"><ele>145.52990665240318</ele><time>2023-02-25T05:44:33Z</time></trkpt><trkpt lat="22.30335667071793" lon="114.24211540347835"><ele>145.37000362684705</ele><time>2023-02-25T05:44:35Z</time></trkpt><trkpt lat="22.30335445156668" lon="114.24213680589015"><ele>145.0502073507959</ele><time>2023-02-25T05:44:37Z</time></trkpt><trkpt lat="22.30333953461354" lon="114.24216782012302"><ele>144.52060109612512</ele><time>2023-02-25T05:44:41Z</time></trkpt><trkpt lat="22.303314584247435" lon="114.24220197283671"><ele>143.8387431334741</ele><time>2023-02-25T05:44:45Z</time></trkpt><trkpt lat="22.303299783443606" lon="114.2422132903142"><ele>143.45508166974165</ele><time>2023-02-25T05:44:47Z</time></trkpt><trkpt lat="22.303276814746607" lon="114.24222172190319"><ele>143.33784378060895</ele><time>2023-02-25T05:44:49Z</time></trkpt><trkpt lat="22.303257194638142" lon="114.24221546743772"><ele>143.5183524565029</ele><time>2023-02-25T05:44:51Z</time></trkpt><trkpt lat="22.303237101980837" lon="114.2422095860717"><ele>143.42699178879857</ele><time>2023-02-25T05:44:53Z</time></trkpt><trkpt lat="22.303217191461183" lon="114.24220332224603"><ele>143.4037952070116</ele><time>2023-02-25T05:44:55Z</time></trkpt><trkpt lat="22.303191586574524" lon="114.24220184775015"><ele>143.27986851008527</ele><time>2023-02-25T05:44:57Z</time></trkpt><trkpt lat="22.3031655707808" lon="114.24218725816228"><ele>143.48364045692585</ele><time>2023-02-25T05:45:01Z</time></trkpt><trkpt lat="22.303146668541917" lon="114.24218249291617"><ele>143.0984894321529</ele><time>2023-02-25T05:45:03Z</time></trkpt><trkpt lat="22.30312566018821" lon="114.24217473902297"><ele>143.15111999509605</ele><time>2023-02-25T05:45:05Z</time></trkpt><trkpt lat="22.30310363766399" lon="114.24216577776062"><ele>143.1211730201416</ele><time>2023-02-25T05:45:07Z</time></trkpt><trkpt lat="22.30307921737345" lon="114.24216306954887"><ele>142.89533007203292</ele><time>2023-02-25T05:45:09Z</time></trkpt><trkpt lat="22.303057451755503" lon="114.24216006820942"><ele>142.51329279178358</ele><time>2023-02-25T05:45:11Z</time></trkpt><trkpt lat="22.303032285095714" lon="114.24215891013951"><ele>141.96671501286835</ele><time>2023-02-25T05:45:13Z</time></trkpt><trkpt lat="22.30301081484344" lon="114.2421604595261"><ele>141.33990290171405</ele><time>2023-02-25T05:45:15Z</time></trkpt><trkpt lat="22.302972032331407" lon="114.24216938696523"><ele>140.58688313987906</ele><time>2023-02-25T05:45:19Z</time></trkpt><trkpt lat="22.302951458992002" lon="114.24217214783879"><ele>139.7377553414423</ele><time>2023-02-25T05:45:21Z</time></trkpt><trkpt lat="22.30293193631972" lon="114.24217351184512"><ele>139.3933903573608</ele><time>2023-02-25T05:45:23Z</time></trkpt><trkpt lat="22.302906472119687" lon="114.24218692910296"><ele>138.04562718721803</ele><time>2023-02-25T05:45:27Z</time></trkpt><trkpt lat="22.30289014868186" lon="114.24219521888463"><ele>138.71026738842306</ele><time>2023-02-25T05:45:35Z</time></trkpt><trkpt lat="22.30287063424104" lon="114.24219491461723"><ele>138.84195697364834</ele><time>2023-02-25T05:45:43Z</time></trkpt><trkpt lat="22.302842191942172" lon="114.24217964860973"><ele>138.382003920748</ele><time>2023-02-25T05:45:49Z</time></trkpt><trkpt lat="22.302820051822337" lon="114.24217457819317"><ele>137.46427679133117</ele><time>2023-02-25T05:45:53Z</time></trkpt><trkpt lat="22.302796192523914" lon="114.24216985333574"><ele>135.4177386612135</ele><time>2023-02-25T05:46:01Z</time></trkpt><trkpt lat="22.302768415162436" lon="114.24216825375707"><ele>133.46151472438936</ele><time>2023-02-25T05:46:07Z</time></trkpt><trkpt lat="22.30274771001904" lon="114.24216364324367"><ele>132.14331980334615</ele><time>2023-02-25T05:46:11Z</time></trkpt><trkpt lat="22.302725839341104" lon="114.24216046567727"><ele>130.30440714165562</ele><time>2023-02-25T05:46:17Z</time></trkpt><trkpt lat="22.302700223007033" lon="114.24216536174184"><ele>128.06784104892847</ele><time>2023-02-25T05:46:23Z</time></trkpt><trkpt lat="22.302667261976136" lon="114.24216792186074"><ele>126.46743980654544</ele><time>2023-02-25T05:46:27Z</time></trkpt><trkpt lat="22.302642164559096" lon="114.24216670978072"><ele>125.48248450917913</ele><time>2023-02-25T05:46:33Z</time></trkpt><trkpt lat="22.302623901380063" lon="114.24215979531864"><ele>124.15386221398263</ele><time>2023-02-25T05:46:39Z</time></trkpt><trkpt lat="22.30259528551334" lon="114.24215377713493"><ele>123.8231430014243</ele><time>2023-02-25T05:46:43Z</time></trkpt><trkpt lat="22.302573761676335" lon="114.24214609799844"><ele>123.53465252308285</ele><time>2023-02-25T05:46:47Z</time></trkpt><trkpt lat="22.302554553844644" lon="114.24214108145567"><ele>123.01934869936571</ele><time>2023-02-25T05:46:51Z</time></trkpt><trkpt lat="22.302530183878922" lon="114.2421313285031"><ele>121.93493806311648</ele><time>2023-02-25T05:46:55Z</time></trkpt><trkpt lat="22.30250532964329" lon="114.24212295761602"><ele>121.45255722671247</ele><time>2023-02-25T05:46:59Z</time></trkpt><trkpt lat="22.3024937735787" lon="114.24209835325685"><ele>121.28870817209453</ele><time>2023-02-25T05:47:03Z</time></trkpt><trkpt lat="22.302469709547843" lon="114.24207143257892"><ele>119.30149102355587</ele><time>2023-02-25T05:48:01Z</time></trkpt><trkpt lat="22.302457601642374" lon="114.24204787277746"><ele>119.07568245194743</ele><time>2023-02-25T05:48:03Z</time></trkpt><trkpt lat="22.30243839957122" lon="114.2420328165795"><ele>118.4823554264109</ele><time>2023-02-25T05:48:05Z</time></trkpt><trkpt lat="22.302416183664782" lon="114.2420338134009"><ele>117.88397274379051</ele><time>2023-02-25T05:48:07Z</time></trkpt><trkpt lat="22.302389332464525" lon="114.24203840997724"><ele>117.69154055040038</ele><time>2023-02-25T05:48:09Z</time></trkpt><trkpt lat="22.302364633961815" lon="114.24204686246752"><ele>117.72561952835437</ele><time>2023-02-25T05:48:11Z</time></trkpt><trkpt lat="22.302335189675343" lon="114.24205088084071"><ele>117.30629385093745</ele><time>2023-02-25T05:48:15Z</time></trkpt><trkpt lat="22.302319300888993" lon="114.24204134608793"><ele>116.63791235509782</ele><time>2023-02-25T05:48:19Z</time></trkpt><trkpt lat="22.302300895738295" lon="114.24203478397544"><ele>115.75998931826501</ele><time>2023-02-25T05:48:23Z</time></trkpt><trkpt lat="22.302267358080005" lon="114.24203351532623"><ele>114.62295571951303</ele><time>2023-02-25T05:48:27Z</time></trkpt><trkpt lat="22.30224912439416" lon="114.24205480014668"><ele>112.05277987430091</ele><time>2023-02-25T05:48:33Z</time></trkpt><trkpt lat="22.302250976067064" lon="114.24208313433068"><ele>111.21038683442583</ele><time>2023-02-25T05:48:39Z</time></trkpt><trkpt lat="22.302240684206183" lon="114.24213814335948"><ele>111.28626420052831</ele><time>2023-02-25T05:50:31Z</time></trkpt><trkpt lat="22.30222746234881" lon="114.24215981117071"><ele>111.04369852637784</ele><time>2023-02-25T05:50:35Z</time></trkpt><trkpt lat="22.302216363313594" lon="114.24217530492591"><ele>111.0905253204788</ele><time>2023-02-25T05:50:37Z</time></trkpt><trkpt lat="22.30220790299891" lon="114.24219465762131"><ele>111.37545489131061</ele><time>2023-02-25T05:50:39Z</time></trkpt><trkpt lat="22.302229813335536" lon="114.24223016142453"><ele>110.43532395440731</ele><time>2023-02-25T05:51:07Z</time></trkpt><trkpt lat="22.302244929846484" lon="114.24224203015892"><ele>110.31984881271092</ele><time>2023-02-25T05:51:09Z</time></trkpt><trkpt lat="22.302268351063955" lon="114.24225423815021"><ele>110.11998052892493</ele><time>2023-02-25T05:51:11Z</time></trkpt><trkpt lat="22.302284790160137" lon="114.2422708025512"><ele>109.98187564072627</ele><time>2023-02-25T05:51:13Z</time></trkpt><trkpt lat="22.302303979373544" lon="114.2422851028605"><ele>109.97500144277996</ele><time>2023-02-25T05:51:15Z</time></trkpt><trkpt lat="22.302318238776554" lon="114.24230709012527"><ele>109.85578762065562</ele><time>2023-02-25T05:51:17Z</time></trkpt><trkpt lat="22.302328658624216" lon="114.2423254002823"><ele>109.52953400322275</ele><time>2023-02-25T05:51:19Z</time></trkpt><trkpt lat="22.3023371549763" lon="114.24234329709525"><ele>108.76697788822919</ele><time>2023-02-25T05:51:23Z</time></trkpt><trkpt lat="22.30236059166573" lon="114.2423666651224"><ele>109.38749293095098</ele><time>2023-02-25T05:51:41Z</time></trkpt><trkpt lat="22.302372612721143" lon="114.242385689735"><ele>109.93384566676592</ele><time>2023-02-25T05:51:43Z</time></trkpt><trkpt lat="22.302395925681054" lon="114.24241390815244"><ele>109.54082792851966</ele><time>2023-02-25T05:51:47Z</time></trkpt><trkpt lat="22.302410026749158" lon="114.24243080366466"><ele>109.08882460851504</ele><time>2023-02-25T05:51:49Z</time></trkpt><trkpt lat="22.302422646855877" lon="114.2424537060242"><ele>108.15619239503948</ele><time>2023-02-25T05:51:51Z</time></trkpt><trkpt lat="22.30243399175537" lon="114.24247318572974"><ele>107.8112812627894</ele><time>2023-02-25T05:51:53Z</time></trkpt><trkpt lat="22.30244553538172" lon="114.24249442323747"><ele>107.31968648684808</ele><time>2023-02-25T05:51:55Z</time></trkpt><trkpt lat="22.302451597569735" lon="114.24251930007966"><ele>106.21583785809584</ele><time>2023-02-25T05:51:57Z</time></trkpt><trkpt lat="22.30245353354074" lon="114.24254277337911"><ele>106.46606122090684</ele><time>2023-02-25T05:51:59Z</time></trkpt><trkpt lat="22.30246112029936" lon="114.2425768159544"><ele>105.85737276806734</ele><time>2023-02-25T05:52:01Z</time></trkpt><trkpt lat="22.302464096911393" lon="114.2426016805979"><ele>105.85573146232706</ele><time>2023-02-25T05:52:03Z</time></trkpt><trkpt lat="22.30246219733047" lon="114.24262370378217"><ele>105.97337132277605</ele><time>2023-02-25T05:52:05Z</time></trkpt><trkpt lat="22.302463778973987" lon="114.2426613009822"><ele>105.72921352544839</ele><time>2023-02-25T05:52:09Z</time></trkpt><trkpt lat="22.30246265806403" lon="114.2426889988878"><ele>105.71167142461705</ele><time>2023-02-25T05:52:11Z</time></trkpt><trkpt lat="22.302458904170862" lon="114.24271658665143"><ele>105.58760297714635</ele><time>2023-02-25T05:52:13Z</time></trkpt><trkpt lat="22.30245457892093" lon="114.24274188710768"><ele>105.55115023079006</ele><time>2023-02-25T05:52:15Z</time></trkpt><trkpt lat="22.302445846409523" lon="114.24276891639653"><ele>105.49318625267122</ele><time>2023-02-25T05:52:17Z</time></trkpt><trkpt lat="22.302439648718828" lon="114.24279455738943"><ele>105.55136166342332</ele><time>2023-02-25T05:52:19Z</time></trkpt><trkpt lat="22.302435919752757" lon="114.24281518031412"><ele>105.5109014501824</ele><time>2023-02-25T05:52:21Z</time></trkpt><trkpt lat="22.302430105205993" lon="114.24283511294598"><ele>105.28172926606119</ele><time>2023-02-25T05:52:23Z</time></trkpt><trkpt lat="22.302414375781936" lon="114.24287186520742"><ele>105.30976675109198</ele><time>2023-02-25T05:52:27Z</time></trkpt><trkpt lat="22.302403906506655" lon="114.24289301836069"><ele>105.1910347723311</ele><time>2023-02-25T05:52:29Z</time></trkpt><trkpt lat="22.302392714960586" lon="114.24291740479599"><ele>105.12012665233098</ele><time>2023-02-25T05:52:31Z</time></trkpt><trkpt lat="22.30238128256056" lon="114.24294071196383"><ele>105.32688136764779</ele><time>2023-02-25T05:52:33Z</time></trkpt><trkpt lat="22.302371217334407" lon="114.24296653828405"><ele>104.99267473336998</ele><time>2023-02-25T05:52:35Z</time></trkpt><trkpt lat="22.302352814714283" lon="114.24298526890247"><ele>104.83973033492039</ele><time>2023-02-25T05:52:37Z</time></trkpt><trkpt lat="22.302331692370466" lon="114.24301178246586"><ele>104.72916342841204</ele><time>2023-02-25T05:52:39Z</time></trkpt><trkpt lat="22.302313775206237" lon="114.24303894279875"><ele>104.58324875826182</ele><time>2023-02-25T05:52:41Z</time></trkpt><trkpt lat="22.302298141083668" lon="114.24306253648625"><ele>104.16285571998029</ele><time>2023-02-25T05:52:43Z</time></trkpt><trkpt lat="22.302281575556947" lon="114.24308437263083"><ele>104.0774802576854</ele><time>2023-02-25T05:52:45Z</time></trkpt><trkpt lat="22.302268727872896" lon="114.24310255896474"><ele>103.98314594891663</ele><time>2023-02-25T05:52:47Z</time></trkpt><trkpt lat="22.30225478546725" lon="114.24312271385446"><ele>104.24137281546899</ele><time>2023-02-25T05:52:49Z</time></trkpt><trkpt lat="22.30223915183858" lon="114.2431399960755"><ele>104.35338728589208</ele><time>2023-02-25T05:52:51Z</time></trkpt><trkpt lat="22.302223868801295" lon="114.24315307730703"><ele>104.77530644663022</ele><time>2023-02-25T05:52:53Z</time></trkpt><trkpt lat="22.30220921132984" lon="114.24316867177488"><ele>105.30531949728007</ele><time>2023-02-25T05:52:55Z</time></trkpt><trkpt lat="22.30219027094634" lon="114.24318693094558"><ele>105.39425967014516</ele><time>2023-02-25T05:52:57Z</time></trkpt><trkpt lat="22.302172133399225" lon="114.24319915259501"><ele>105.40445954546531</ele><time>2023-02-25T05:52:59Z</time></trkpt><trkpt lat="22.302152912123486" lon="114.24321322116562"><ele>105.54551286444926</ele><time>2023-02-25T05:53:01Z</time></trkpt><trkpt lat="22.30213868721174" lon="114.24322623174776"><ele>105.81218441995296</ele><time>2023-02-25T05:53:03Z</time></trkpt><trkpt lat="22.302126074896027" lon="114.24325218499018"><ele>105.21871338280224</ele><time>2023-02-25T05:53:05Z</time></trkpt><trkpt lat="22.3021155742782" lon="114.24327408857107"><ele>105.07566900365273</ele><time>2023-02-25T05:53:07Z</time></trkpt><trkpt lat="22.30210615724478" lon="114.24329245410969"><ele>105.27739482894825</ele><time>2023-02-25T05:53:09Z</time></trkpt><trkpt lat="22.302094177772542" lon="114.24331161793344"><ele>105.56549435765847</ele><time>2023-02-25T05:53:11Z</time></trkpt><trkpt lat="22.302085537398447" lon="114.2433311132444"><ele>105.41057772163417</ele><time>2023-02-25T05:53:13Z</time></trkpt><trkpt lat="22.302075037847846" lon="114.2433485539786"><ele>105.71759882058535</ele><time>2023-02-25T05:53:15Z</time></trkpt><trkpt lat="22.302062859188812" lon="114.2433645490163"><ele>106.5796780879301</ele><time>2023-02-25T05:53:17Z</time></trkpt><trkpt lat="22.302024382982967" lon="114.24338971392828"><ele>108.05855346694507</ele><time>2023-02-25T05:53:21Z</time></trkpt><trkpt lat="22.302002968044803" lon="114.24340531826374"><ele>108.96537090215492</ele><time>2023-02-25T05:53:23Z</time></trkpt><trkpt lat="22.3019849435741" lon="114.24342056629838"><ele>109.91153368777535</ele><time>2023-02-25T05:53:25Z</time></trkpt><trkpt lat="22.30196362926396" lon="114.24343159945748"><ele>110.53128402413559</ele><time>2023-02-25T05:53:27Z</time></trkpt><trkpt lat="22.301947042750726" lon="114.24344332126817"><ele>110.96757450512202</ele><time>2023-02-25T05:53:29Z</time></trkpt><trkpt lat="22.301934458077145" lon="114.24345938148662"><ele>111.65060683537875</ele><time>2023-02-25T05:53:31Z</time></trkpt><trkpt lat="22.301906136904897" lon="114.24348696320112"><ele>112.01916278518297</ele><time>2023-02-25T05:53:35Z</time></trkpt><trkpt lat="22.301891331793488" lon="114.2435025813456"><ele>112.33917369893925</ele><time>2023-02-25T05:53:37Z</time></trkpt><trkpt lat="22.301877131417804" lon="114.24352790279852"><ele>112.42631682885394</ele><time>2023-02-25T05:53:39Z</time></trkpt><trkpt lat="22.301853672344286" lon="114.24354784735996"><ele>113.46989926254778</ele><time>2023-02-25T05:53:43Z</time></trkpt><trkpt lat="22.30183874880998" lon="114.24356005234868"><ele>114.21098841598409</ele><time>2023-02-25T05:53:45Z</time></trkpt><trkpt lat="22.301822182837707" lon="114.24357981087113"><ele>115.04282938872403</ele><time>2023-02-25T05:53:47Z</time></trkpt><trkpt lat="22.301801588150454" lon="114.24360256652228"><ele>115.88255885720461</ele><time>2023-02-25T05:53:49Z</time></trkpt><trkpt lat="22.30177547266459" lon="114.24361622308902"><ele>116.39370645640939</ele><time>2023-02-25T05:53:51Z</time></trkpt><trkpt lat="22.301751891029642" lon="114.24361045498442"><ele>116.09347682405604</ele><time>2023-02-25T05:53:53Z</time></trkpt><trkpt lat="22.301730229371824" lon="114.24359876905038"><ele>115.91251542090039</ele><time>2023-02-25T05:53:55Z</time></trkpt><trkpt lat="22.301711078999524" lon="114.24358453223667"><ele>115.66921217351022</ele><time>2023-02-25T05:53:57Z</time></trkpt><trkpt lat="22.301687775275852" lon="114.2435897538311"><ele>115.59496610828346</ele><time>2023-02-25T05:53:59Z</time></trkpt><trkpt lat="22.301669732051007" lon="114.24359864589849"><ele>115.25231130633932</ele><time>2023-02-25T05:54:01Z</time></trkpt><trkpt lat="22.301649877880696" lon="114.24362003403867"><ele>115.27982936666749</ele><time>2023-02-25T05:54:03Z</time></trkpt><trkpt lat="22.30163333196182" lon="114.24363489698518"><ele>115.1655732485334</ele><time>2023-02-25T05:54:05Z</time></trkpt><trkpt lat="22.30161505243132" lon="114.24364063162908"><ele>115.09538146526522</ele><time>2023-02-25T05:54:07Z</time></trkpt><trkpt lat="22.301595600258928" lon="114.2436627105399"><ele>115.33277228729021</ele><time>2023-02-25T05:54:11Z</time></trkpt><trkpt lat="22.30158883966698" lon="114.2436809062844"><ele>115.45173251397902</ele><time>2023-02-25T05:54:13Z</time></trkpt><trkpt lat="22.301588633795532" lon="114.2437015667785"><ele>115.36578216718276</ele><time>2023-02-25T05:54:15Z</time></trkpt><trkpt lat="22.30156882199589" lon="114.24371615977624"><ele>115.44473095189416</ele><time>2023-02-25T05:54:19Z</time></trkpt><trkpt lat="22.30154937186869" lon="114.24370867918245"><ele>115.199297679309</ele><time>2023-02-25T05:54:21Z</time></trkpt><trkpt lat="22.301526373655804" lon="114.24369836827792"><ele>117.29492671725026</ele><time>2023-02-25T05:54:25Z</time></trkpt><trkpt lat="22.30150045427725" lon="114.24368558345569"><ele>118.04694067197276</ele><time>2023-02-25T05:54:29Z</time></trkpt><trkpt lat="22.301478573455434" lon="114.2436711527124"><ele>118.3785680433676</ele><time>2023-02-25T05:54:31Z</time></trkpt><trkpt lat="22.301454179095472" lon="114.24366816906829"><ele>120.02212677740376</ele><time>2023-02-25T05:54:49Z</time></trkpt><trkpt lat="22.301425063937156" lon="114.24364749565927"><ele>121.30062190912555</ele><time>2023-02-25T05:54:53Z</time></trkpt><trkpt lat="22.301400687831922" lon="114.24362911654946"><ele>121.98302029464949</ele><time>2023-02-25T05:54:57Z</time></trkpt><trkpt lat="22.301382465462478" lon="114.24361495800599"><ele>121.88732671391747</ele><time>2023-02-25T05:54:59Z</time></trkpt><trkpt lat="22.301362175412997" lon="114.24360430067378"><ele>121.38285538075593</ele><time>2023-02-25T05:55:01Z</time></trkpt><trkpt lat="22.30133381297214" lon="114.24361454681056"><ele>121.03584250878826</ele><time>2023-02-25T05:55:05Z</time></trkpt><trkpt lat="22.301323258111353" lon="114.2436505410005"><ele>120.65056362531647</ele><time>2023-02-25T05:55:09Z</time></trkpt><trkpt lat="22.301313878482905" lon="114.2436671409969"><ele>120.60902215383152</ele><time>2023-02-25T05:55:11Z</time></trkpt><trkpt lat="22.30130773645492" lon="114.24369772670646"><ele>120.46143198119523</ele><time>2023-02-25T05:55:15Z</time></trkpt><trkpt lat="22.301294953708528" lon="114.24371647469191"><ele>119.9858381033209</ele><time>2023-02-25T05:55:29Z</time></trkpt><trkpt lat="22.30128317750037" lon="114.24373134008971"><ele>120.05355107418728</ele><time>2023-02-25T05:55:31Z</time></trkpt><trkpt lat="22.301263129317977" lon="114.2437729272268"><ele>121.09238012581348</ele><time>2023-02-25T05:55:35Z</time></trkpt><trkpt lat="22.301256357633893" lon="114.24379293608163"><ele>121.66549461933764</ele><time>2023-02-25T05:55:37Z</time></trkpt><trkpt lat="22.30123988490343" lon="114.24381714434492"><ele>121.73611354143613</ele><time>2023-02-25T05:55:41Z</time></trkpt><trkpt lat="22.30122625586295" lon="114.2438327851952"><ele>123.41840462869862</ele><time>2023-02-25T05:55:59Z</time></trkpt><trkpt lat="22.301219484153826" lon="114.24385854449919"><ele>125.56579178074574</ele><time>2023-02-25T05:56:03Z</time></trkpt><trkpt lat="22.30122134702085" lon="114.24387810154448"><ele>125.99459102927325</ele><time>2023-02-25T05:56:07Z</time></trkpt><trkpt lat="22.30122819668317" lon="114.24390414761339"><ele>126.43471524067625</ele><time>2023-02-25T05:56:09Z</time></trkpt><trkpt lat="22.301252604549937" lon="114.24391991286672"><ele>126.89477273196513</ele><time>2023-02-25T05:56:13Z</time></trkpt><trkpt lat="22.301256697651393" lon="114.24395348331534"><ele>127.0619885156514</ele><time>2023-02-25T05:56:17Z</time></trkpt><trkpt lat="22.301250851469092" lon="114.24397334305175"><ele>128.05059115830687</ele><time>2023-02-25T05:56:21Z</time></trkpt><trkpt lat="22.301240414296366" lon="114.24399106575574"><ele>129.5658782550825</ele><time>2023-02-25T05:56:25Z</time></trkpt><trkpt lat="22.30122723999993" lon="114.24401158939305"><ele>130.48758622102255</ele><time>2023-02-25T05:56:29Z</time></trkpt><trkpt lat="22.301211506300167" lon="114.24402345063191"><ele>132.87591902278163</ele><time>2023-02-25T05:56:35Z</time></trkpt><trkpt lat="22.301190690925214" lon="114.24401387545066"><ele>134.18007637738881</ele><time>2023-02-25T05:56:41Z</time></trkpt><trkpt lat="22.30116524191295" lon="114.2440259379045"><ele>134.41178823612435</ele><time>2023-02-25T05:56:45Z</time></trkpt><trkpt lat="22.301150739769053" lon="114.24404123209571"><ele>135.09709899801936</ele><time>2023-02-25T05:56:49Z</time></trkpt><trkpt lat="22.301126591480195" lon="114.24403332151381"><ele>136.8874623695599</ele><time>2023-02-25T05:57:01Z</time></trkpt><trkpt lat="22.301108905752198" lon="114.24402397642992"><ele>137.63605177030345</ele><time>2023-02-25T05:57:03Z</time></trkpt><trkpt lat="22.30108867583011" lon="114.2440160930276"><ele>138.7100605507245</ele><time>2023-02-25T05:57:05Z</time></trkpt><trkpt lat="22.30107318933285" lon="114.24399556173917"><ele>139.35788246164446</ele><time>2023-02-25T05:57:07Z</time></trkpt><trkpt lat="22.301058326532583" lon="114.24397873734522"><ele>139.90890653055393</ele><time>2023-02-25T05:57:09Z</time></trkpt><trkpt lat="22.30104189112861" lon="114.24396183983792"><ele>140.28254356350317</ele><time>2023-02-25T05:57:11Z</time></trkpt><trkpt lat="22.30102721373131" lon="114.24395025472373"><ele>140.904763922268</ele><time>2023-02-25T05:57:13Z</time></trkpt><trkpt lat="22.301004735879282" lon="114.24393497385712"><ele>141.08672438607394</ele><time>2023-02-25T05:57:15Z</time></trkpt><trkpt lat="22.30098230660594" lon="114.24392185512119"><ele>141.36537706658115</ele><time>2023-02-25T05:57:17Z</time></trkpt><trkpt lat="22.300963822347313" lon="114.2439112435443"><ele>141.9261669947633</ele><time>2023-02-25T05:57:19Z</time></trkpt><trkpt lat="22.300942882405796" lon="114.24390354043808"><ele>142.34979015556772</ele><time>2023-02-25T05:57:21Z</time></trkpt><trkpt lat="22.300923825407747" lon="114.24388885392273"><ele>142.64859076787022</ele><time>2023-02-25T05:57:23Z</time></trkpt><trkpt lat="22.300906284152415" lon="114.24387630083343"><ele>143.06152521539784</ele><time>2023-02-25T05:57:25Z</time></trkpt><trkpt lat="22.300883884063126" lon="114.2438614805301"><ele>142.80505252658213</ele><time>2023-02-25T05:57:29Z</time></trkpt><trkpt lat="22.30087634517335" lon="114.24384039511918"><ele>142.20304627139754</ele><time>2023-02-25T05:57:37Z</time></trkpt><trkpt lat="22.30085650094093" lon="114.24382252094307"><ele>142.26283298591832</ele><time>2023-02-25T05:57:39Z</time></trkpt><trkpt lat="22.300834781031092" lon="114.2438009356337"><ele>142.41342189203604</ele><time>2023-02-25T05:57:41Z</time></trkpt><trkpt lat="22.300820222870165" lon="114.24377915623774"><ele>142.52185281132404</ele><time>2023-02-25T05:57:43Z</time></trkpt><trkpt lat="22.3008025019241" lon="114.24375956911076"><ele>142.75699250461415</ele><time>2023-02-25T05:57:45Z</time></trkpt><trkpt lat="22.30078506037089" lon="114.24374546812881"><ele>143.15248296850172</ele><time>2023-02-25T05:57:47Z</time></trkpt><trkpt lat="22.300764980121198" lon="114.24373220715977"><ele>143.3360832191396</ele><time>2023-02-25T05:57:49Z</time></trkpt><trkpt lat="22.300746761065" lon="114.2437263045852"><ele>143.53654832919003</ele><time>2023-02-25T05:57:51Z</time></trkpt><trkpt lat="22.30071762343629" lon="114.24372032626313"><ele>143.19958489016318</ele><time>2023-02-25T05:57:55Z</time></trkpt><trkpt lat="22.300699654457485" lon="114.24371683942846"><ele>143.11909136157954</ele><time>2023-02-25T05:57:57Z</time></trkpt><trkpt lat="22.300667659803576" lon="114.24371485831564"><ele>142.4624390941966</ele><time>2023-02-25T05:58:01Z</time></trkpt><trkpt lat="22.300648786487546" lon="114.24371089808784"><ele>141.99161816556395</ele><time>2023-02-25T05:58:03Z</time></trkpt><trkpt lat="22.300627170904704" lon="114.24370329923394"><ele>141.52238750496116</ele><time>2023-02-25T05:58:05Z</time></trkpt><trkpt lat="22.300602563469994" lon="114.2436967244253"><ele>141.2580845988932</ele><time>2023-02-25T05:58:07Z</time></trkpt><trkpt lat="22.300579437065966" lon="114.24369336439702"><ele>141.29711957573784</ele><time>2023-02-25T05:58:09Z</time></trkpt><trkpt lat="22.300553726417476" lon="114.24369122344882"><ele>141.38893694953862</ele><time>2023-02-25T05:58:11Z</time></trkpt><trkpt lat="22.300531317979203" lon="114.24369012236097"><ele>141.53039189619412</ele><time>2023-02-25T05:58:13Z</time></trkpt><trkpt lat="22.300497864028376" lon="114.24369906127781"><ele>141.1511558876835</ele><time>2023-02-25T05:58:17Z</time></trkpt><trkpt lat="22.300460878534192" lon="114.24370647140428"><ele>140.4518966966059</ele><time>2023-02-25T05:58:21Z</time></trkpt><trkpt lat="22.30043984709604" lon="114.24370858133891"><ele>140.61516999081306</ele><time>2023-02-25T05:58:25Z</time></trkpt><trkpt lat="22.3004005414294" lon="114.24371113601602"><ele>140.3566107342444</ele><time>2023-02-25T05:58:29Z</time></trkpt><trkpt lat="22.300374705337195" lon="114.24371216710658"><ele>140.5793153953768</ele><time>2023-02-25T05:58:31Z</time></trkpt><trkpt lat="22.300347041893257" lon="114.24370773826317"><ele>140.6999045827111</ele><time>2023-02-25T05:58:33Z</time></trkpt><trkpt lat="22.30031879707233" lon="114.24369541560442"><ele>140.58258801425598</ele><time>2023-02-25T05:58:35Z</time></trkpt><trkpt lat="22.300300601497746" lon="114.24369024503096"><ele>140.4711975803239</ele><time>2023-02-25T05:58:37Z</time></trkpt><trkpt lat="22.30027720959049" lon="114.24369147999221"><ele>140.07341135796707</ele><time>2023-02-25T05:58:39Z</time></trkpt><trkpt lat="22.30025458344991" lon="114.24369071139904"><ele>139.9572328631773</ele><time>2023-02-25T05:58:41Z</time></trkpt><trkpt lat="22.30022564105273" lon="114.24371678022241"><ele>139.76896672450624</ele><time>2023-02-25T05:58:45Z</time></trkpt><trkpt lat="22.30021453747552" lon="114.24373914418572"><ele>139.3836316783454</ele><time>2023-02-25T05:58:47Z</time></trkpt><trkpt lat="22.30021003886976" lon="114.2437583050237"><ele>139.37849230439258</ele><time>2023-02-25T05:58:49Z</time></trkpt><trkpt lat="22.300202714190863" lon="114.24378276608547"><ele>139.2850981376747</ele><time>2023-02-25T05:58:51Z</time></trkpt><trkpt lat="22.30019527731689" lon="114.24380578014743"><ele>139.23001664138218</ele><time>2023-02-25T05:58:53Z</time></trkpt><trkpt lat="22.30018765060765" lon="114.24383346945834"><ele>138.8318980145005</ele><time>2023-02-25T05:58:55Z</time></trkpt><trkpt lat="22.30017384225289" lon="114.2438487710528"><ele>138.48082732280008</ele><time>2023-02-25T05:58:57Z</time></trkpt><trkpt lat="22.300159801044398" lon="114.24386814025544"><ele>138.16053163646632</ele><time>2023-02-25T05:58:59Z</time></trkpt><trkpt lat="22.300151518887326" lon="114.24388975023511"><ele>137.6897805118832</ele><time>2023-02-25T05:59:01Z</time></trkpt><trkpt lat="22.300139561207406" lon="114.2439067822657"><ele>137.436024797957</ele><time>2023-02-25T05:59:03Z</time></trkpt><trkpt lat="22.30012272202237" lon="114.2439324541963"><ele>136.86369341237366</ele><time>2023-02-25T05:59:07Z</time></trkpt><trkpt lat="22.30010699624226" lon="114.24394264285374"><ele>136.8518333741424</ele><time>2023-02-25T05:59:09Z</time></trkpt><trkpt lat="22.30007914309501" lon="114.24397198685497"><ele>136.75094276678774</ele><time>2023-02-25T05:59:13Z</time></trkpt><trkpt lat="22.300069882044173" lon="114.24399572179041"><ele>136.6549379270243</ele><time>2023-02-25T05:59:15Z</time></trkpt><trkpt lat="22.30005702040392" lon="114.2440161560716"><ele>136.7695346407781</ele><time>2023-02-25T05:59:17Z</time></trkpt><trkpt lat="22.30004092098523" lon="114.2440287952065"><ele>136.91638908617946</ele><time>2023-02-25T05:59:19Z</time></trkpt><trkpt lat="22.300020733375163" lon="114.24403504485558"><ele>136.81810279959853</ele><time>2023-02-25T05:59:21Z</time></trkpt><trkpt lat="22.30000150070007" lon="114.24404118538422"><ele>136.89281788395752</ele><time>2023-02-25T05:59:23Z</time></trkpt><trkpt lat="22.29998126916673" lon="114.24405679826435"><ele>136.9212167192124</ele><time>2023-02-25T05:59:25Z</time></trkpt><trkpt lat="22.29996274617985" lon="114.24407645831624"><ele>137.22828472822027</ele><time>2023-02-25T05:59:27Z</time></trkpt><trkpt lat="22.29994518536941" lon="114.24409444371094"><ele>137.17871622368838</ele><time>2023-02-25T05:59:29Z</time></trkpt><trkpt lat="22.29992723253874" lon="114.24411245444423"><ele>137.03448179842474</ele><time>2023-02-25T05:59:31Z</time></trkpt><trkpt lat="22.29991205457099" lon="114.24413237457688"><ele>136.77453461269707</ele><time>2023-02-25T05:59:33Z</time></trkpt><trkpt lat="22.29989545278924" lon="114.24415584689572"><ele>136.6051016483426</ele><time>2023-02-25T05:59:35Z</time></trkpt><trkpt lat="22.299877343671433" lon="114.24417338917995"><ele>136.2598341612159</ele><time>2023-02-25T05:59:37Z</time></trkpt><trkpt lat="22.29985939340697" lon="114.24417832734682"><ele>136.09005090329237</ele><time>2023-02-25T05:59:39Z</time></trkpt><trkpt lat="22.29982364739938" lon="114.24418074361559"><ele>135.57456215035415</ele><time>2023-02-25T05:59:43Z</time></trkpt><trkpt lat="22.29979982210619" lon="114.24419039399295"><ele>135.88591862351663</ele><time>2023-02-25T05:59:45Z</time></trkpt><trkpt lat="22.299777598371435" lon="114.24420806091219"><ele>136.31382002981698</ele><time>2023-02-25T05:59:47Z</time></trkpt><trkpt lat="22.299763145884945" lon="114.24423503710325"><ele>136.33694994054142</ele><time>2023-02-25T05:59:49Z</time></trkpt><trkpt lat="22.29976133983807" lon="114.24426227407535"><ele>136.52053327877576</ele><time>2023-02-25T05:59:51Z</time></trkpt><trkpt lat="22.299760638932817" lon="114.24429065292608"><ele>136.3585967187142</ele><time>2023-02-25T05:59:53Z</time></trkpt><trkpt lat="22.29975846326002" lon="114.24431836293775"><ele>136.81522787824585</ele><time>2023-02-25T05:59:55Z</time></trkpt><trkpt lat="22.29975271341283" lon="114.24434399980811"><ele>137.3559694768463</ele><time>2023-02-25T05:59:57Z</time></trkpt><trkpt lat="22.299745636509872" lon="114.24436428262149"><ele>138.02940009559342</ele><time>2023-02-25T05:59:59Z</time></trkpt><trkpt lat="22.29974168775417" lon="114.24438507845811"><ele>138.41153236564185</ele><time>2023-02-25T06:00:01Z</time></trkpt><trkpt lat="22.299733366712534" lon="114.24440702604022"><ele>138.67133530817753</ele><time>2023-02-25T06:00:03Z</time></trkpt><trkpt lat="22.29971441171325" lon="114.24442716979489"><ele>139.00724265585382</ele><time>2023-02-25T06:00:05Z</time></trkpt><trkpt lat="22.299695568572975" lon="114.24443383803099"><ele>139.0005092705586</ele><time>2023-02-25T06:00:07Z</time></trkpt><trkpt lat="22.29967046792464" lon="114.24443001015929"><ele>138.64176986562947</ele><time>2023-02-25T06:00:09Z</time></trkpt><trkpt lat="22.299647329526074" lon="114.2444239168594"><ele>138.3896282687946</ele><time>2023-02-25T06:00:11Z</time></trkpt><trkpt lat="22.2996247170959" lon="114.24441746024881"><ele>138.0848244394667</ele><time>2023-02-25T06:00:13Z</time></trkpt><trkpt lat="22.299605854620168" lon="114.24440488646458"><ele>137.61524511106813</ele><time>2023-02-25T06:00:15Z</time></trkpt><trkpt lat="22.299588872528616" lon="114.2443918108692"><ele>137.27863708088992</ele><time>2023-02-25T06:00:17Z</time></trkpt><trkpt lat="22.299568893174968" lon="114.24439018237985"><ele>137.12525425873784</ele><time>2023-02-25T06:00:19Z</time></trkpt><trkpt lat="22.299549079109354" lon="114.24439435256343"><ele>137.98225053919566</ele><time>2023-02-25T06:00:27Z</time></trkpt><trkpt lat="22.299517986144647" lon="114.24437542617795"><ele>138.4363941001231</ele><time>2023-02-25T06:00:29Z</time></trkpt><trkpt lat="22.299486899437394" lon="114.24435133878428"><ele>138.81853270063763</ele><time>2023-02-25T06:00:31Z</time></trkpt><trkpt lat="22.299458729171022" lon="114.24433850074435"><ele>139.01924043086234</ele><time>2023-02-25T06:00:33Z</time></trkpt><trkpt lat="22.29943615479602" lon="114.24433495779269"><ele>139.02632603757425</ele><time>2023-02-25T06:00:35Z</time></trkpt><trkpt lat="22.299415945421675" lon="114.24433000219973"><ele>139.11318916169955</ele><time>2023-02-25T06:00:37Z</time></trkpt><trkpt lat="22.29939501722866" lon="114.24432691165556"><ele>139.1773862901611</ele><time>2023-02-25T06:00:39Z</time></trkpt><trkpt lat="22.29936194876931" lon="114.24432572337301"><ele>138.84746869296782</ele><time>2023-02-25T06:00:43Z</time></trkpt><trkpt lat="22.299341155838327" lon="114.24433297231775"><ele>138.5954711360368</ele><time>2023-02-25T06:00:45Z</time></trkpt><trkpt lat="22.299320473252678" lon="114.244341593852"><ele>138.27245865165403</ele><time>2023-02-25T06:00:47Z</time></trkpt><trkpt lat="22.299298790441004" lon="114.24435189093302"><ele>138.04914554954604</ele><time>2023-02-25T06:00:49Z</time></trkpt><trkpt lat="22.29927975471603" lon="114.24436018276185"><ele>137.85444331129798</ele><time>2023-02-25T06:00:51Z</time></trkpt><trkpt lat="22.29925585186408" lon="114.24437074796677"><ele>137.55381579913984</ele><time>2023-02-25T06:00:53Z</time></trkpt><trkpt lat="22.299231886753862" lon="114.24438360914218"><ele>137.66249641548282</ele><time>2023-02-25T06:00:55Z</time></trkpt><trkpt lat="22.29920944881391" lon="114.24439089283663"><ele>137.81473440364877</ele><time>2023-02-25T06:00:57Z</time></trkpt><trkpt lat="22.299187409461172" lon="114.24440316832799"><ele>137.67649077592915</ele><time>2023-02-25T06:00:59Z</time></trkpt><trkpt lat="22.299169576051042" lon="114.24441213292054"><ele>137.59245775540276</ele><time>2023-02-25T06:01:01Z</time></trkpt><trkpt lat="22.29914916434322" lon="114.24442062259978"><ele>137.38592744320812</ele><time>2023-02-25T06:01:03Z</time></trkpt><trkpt lat="22.29912886161445" lon="114.24442268533147"><ele>137.37533595170484</ele><time>2023-02-25T06:01:05Z</time></trkpt><trkpt lat="22.29910859118536" lon="114.24442059466006"><ele>137.3523304676677</ele><time>2023-02-25T06:01:07Z</time></trkpt><trkpt lat="22.29908801316063" lon="114.24441970281781"><ele>137.43890273455114</ele><time>2023-02-25T06:01:09Z</time></trkpt><trkpt lat="22.29906607816078" lon="114.24441802606239"><ele>137.4742055610279</ele><time>2023-02-25T06:01:11Z</time></trkpt><trkpt lat="22.299045367868327" lon="114.24442234698444"><ele>137.1908586797016</ele><time>2023-02-25T06:01:13Z</time></trkpt><trkpt lat="22.299023620207482" lon="114.2444289734102"><ele>136.79315924895255</ele><time>2023-02-25T06:01:15Z</time></trkpt><trkpt lat="22.29899799613323" lon="114.24444642042273"><ele>136.8504749331455</ele><time>2023-02-25T06:01:17Z</time></trkpt><trkpt lat="22.29897365808148" lon="114.24445853414487"><ele>136.92028875641674</ele><time>2023-02-25T06:01:19Z</time></trkpt><trkpt lat="22.29894826797557" lon="114.24446866982517"><ele>136.9548184090333</ele><time>2023-02-25T06:01:21Z</time></trkpt><trkpt lat="22.298921697206737" lon="114.2444781174231"><ele>137.25292668150894</ele><time>2023-02-25T06:01:23Z</time></trkpt><trkpt lat="22.29889590030257" lon="114.24449038047932"><ele>137.2318645891237</ele><time>2023-02-25T06:01:25Z</time></trkpt><trkpt lat="22.298872655356387" lon="114.24449890595733"><ele>137.48588889058263</ele><time>2023-02-25T06:01:27Z</time></trkpt><trkpt lat="22.29885436815371" lon="114.24450843714556"><ele>137.76019749202032</ele><time>2023-02-25T06:01:29Z</time></trkpt><trkpt lat="22.298836267587692" lon="114.24452647276662"><ele>138.33231561832744</ele><time>2023-02-25T06:01:31Z</time></trkpt><trkpt lat="22.298823769275334" lon="114.2445423699717"><ele>138.51763941392974</ele><time>2023-02-25T06:01:33Z</time></trkpt><trkpt lat="22.29879990720303" lon="114.24457407528382"><ele>138.74304498321632</ele><time>2023-02-25T06:01:37Z</time></trkpt><trkpt lat="22.298782113168468" lon="114.24459164676551"><ele>138.90513887060035</ele><time>2023-02-25T06:01:39Z</time></trkpt><trkpt lat="22.298761968578333" lon="114.24460541537155"><ele>139.4059765456589</ele><time>2023-02-25T06:01:41Z</time></trkpt><trkpt lat="22.298737162464278" lon="114.24461435274544"><ele>140.0453787061036</ele><time>2023-02-25T06:01:43Z</time></trkpt><trkpt lat="22.298709132261965" lon="114.24461993318275"><ele>140.67904888757892</ele><time>2023-02-25T06:01:45Z</time></trkpt><trkpt lat="22.298684540663636" lon="114.24462047923386"><ele>140.926728874353</ele><time>2023-02-25T06:01:47Z</time></trkpt><trkpt lat="22.298666765610733" lon="114.24462485954288"><ele>141.0521170148058</ele><time>2023-02-25T06:01:49Z</time></trkpt><trkpt lat="22.29863643227596" lon="114.24463152826226"><ele>140.5582970469858</ele><time>2023-02-25T06:01:53Z</time></trkpt><trkpt lat="22.298615339724297" lon="114.24465144792629"><ele>140.0927444581881</ele><time>2023-02-25T06:01:55Z</time></trkpt><trkpt lat="22.29859444779314" lon="114.24466940076968"><ele>139.86735546044136</ele><time>2023-02-25T06:01:57Z</time></trkpt><trkpt lat="22.298560750833587" lon="114.2446966932901"><ele>139.9725801253231</ele><time>2023-02-25T06:02:01Z</time></trkpt><trkpt lat="22.298542217263595" lon="114.24471585552449"><ele>139.79416763358674</ele><time>2023-02-25T06:02:03Z</time></trkpt><trkpt lat="22.298525419984728" lon="114.24473137947491"><ele>139.73939285829672</ele><time>2023-02-25T06:02:05Z</time></trkpt><trkpt lat="22.298513381543273" lon="114.24474713716423"><ele>140.0982369560723</ele><time>2023-02-25T06:02:07Z</time></trkpt><trkpt lat="22.29850472001418" lon="114.2447650509455"><ele>140.33244286665675</ele><time>2023-02-25T06:02:09Z</time></trkpt><trkpt lat="22.298494849065733" lon="114.24478170426417"><ele>140.54342758545457</ele><time>2023-02-25T06:02:11Z</time></trkpt><trkpt lat="22.298480649089203" lon="114.24480045959457"><ele>140.54874201517532</ele><time>2023-02-25T06:02:13Z</time></trkpt><trkpt lat="22.298455325813286" lon="114.24481797659844"><ele>140.70868526097624</ele><time>2023-02-25T06:02:15Z</time></trkpt><trkpt lat="22.298426794342415" lon="114.24481903841058"><ele>140.99126347887722</ele><time>2023-02-25T06:02:17Z</time></trkpt><trkpt lat="22.298401417295896" lon="114.24480270598899"><ele>141.0500372891565</ele><time>2023-02-25T06:02:19Z</time></trkpt><trkpt lat="22.298382974023074" lon="114.24478524122415"><ele>141.51410526513695</ele><time>2023-02-25T06:02:21Z</time></trkpt><trkpt lat="22.29836726663391" lon="114.24476654939163"><ele>142.023309502417</ele><time>2023-02-25T06:02:23Z</time></trkpt><trkpt lat="22.298352886227143" lon="114.24474726540244"><ele>142.2354671234061</ele><time>2023-02-25T06:02:25Z</time></trkpt><trkpt lat="22.29833704143279" lon="114.24473040458987"><ele>142.50444919785156</ele><time>2023-02-25T06:02:27Z</time></trkpt><trkpt lat="22.298324727491032" lon="114.24471036027263"><ele>142.5456992997368</ele><time>2023-02-25T06:02:29Z</time></trkpt><trkpt lat="22.298309944857657" lon="114.24469204736647"><ele>142.53679581942814</ele><time>2023-02-25T06:02:31Z</time></trkpt><trkpt lat="22.298290209183772" lon="114.24467877855487"><ele>143.04312371615808</ele><time>2023-02-25T06:02:33Z</time></trkpt><trkpt lat="22.298268063381137" lon="114.24467559880073"><ele>143.1657179420472</ele><time>2023-02-25T06:02:35Z</time></trkpt><trkpt lat="22.298246588253644" lon="114.24467389563553"><ele>143.30439765862</ele><time>2023-02-25T06:02:37Z</time></trkpt><trkpt lat="22.298226794335644" lon="114.24467559802635"><ele>143.11569405315805</ele><time>2023-02-25T06:02:39Z</time></trkpt><trkpt lat="22.298208176162223" lon="114.2446880515248"><ele>142.70712521879412</ele><time>2023-02-25T06:02:41Z</time></trkpt><trkpt lat="22.298191158338682" lon="114.24469972169179"><ele>142.56881078163946</ele><time>2023-02-25T06:02:43Z</time></trkpt><trkpt lat="22.29816818868102" lon="114.24471472463392"><ele>142.7590417126717</ele><time>2023-02-25T06:02:45Z</time></trkpt><trkpt lat="22.298146549319377" lon="114.24473165874707"><ele>143.00924462590712</ele><time>2023-02-25T06:02:47Z</time></trkpt><trkpt lat="22.298128925437954" lon="114.244747688559"><ele>143.26671219721823</ele><time>2023-02-25T06:02:49Z</time></trkpt><trkpt lat="22.298113126203123" lon="114.24475900036302"><ele>143.72974067331012</ele><time>2023-02-25T06:02:51Z</time></trkpt><trkpt lat="22.29808277125563" lon="114.24478011552866"><ele>144.43137400179066</ele><time>2023-02-25T06:02:55Z</time></trkpt><trkpt lat="22.29807276946534" lon="114.24480216917364"><ele>144.75648998586823</ele><time>2023-02-25T06:02:57Z</time></trkpt><trkpt lat="22.298058746713814" lon="114.24482896201549"><ele>146.32172700967533</ele><time>2023-02-25T06:03:01Z</time></trkpt><trkpt lat="22.298047281771588" lon="114.24485492046998"><ele>147.0962758369574</ele><time>2023-02-25T06:03:03Z</time></trkpt><trkpt lat="22.29804058006193" lon="114.24487300369391"><ele>147.2833807488053</ele><time>2023-02-25T06:03:05Z</time></trkpt><trkpt lat="22.29804433062225" lon="114.244907986447"><ele>147.5412352993425</ele><time>2023-02-25T06:03:09Z</time></trkpt><trkpt lat="22.298035594963615" lon="114.24494766820159"><ele>148.11455051912682</ele><time>2023-02-25T06:03:13Z</time></trkpt><trkpt lat="22.298023391605003" lon="114.24497323662925"><ele>148.2484500638765</ele><time>2023-02-25T06:03:15Z</time></trkpt><trkpt lat="22.29801782786545" lon="114.24501014661844"><ele>148.39435777101127</ele><time>2023-02-25T06:03:17Z</time></trkpt><trkpt lat="22.29801814199284" lon="114.24503793994867"><ele>148.25222651774362</ele><time>2023-02-25T06:03:19Z</time></trkpt><trkpt lat="22.298004642728348" lon="114.24507480285511"><ele>147.99921705048138</ele><time>2023-02-25T06:03:23Z</time></trkpt><trkpt lat="22.29798901245832" lon="114.24509315642376"><ele>148.2336010952993</ele><time>2023-02-25T06:03:25Z</time></trkpt><trkpt lat="22.29796689865013" lon="114.24511447627928"><ele>148.43673597512355</ele><time>2023-02-25T06:03:27Z</time></trkpt><trkpt lat="22.29794837117294" lon="114.24512805274207"><ele>148.6508611547926</ele><time>2023-02-25T06:03:29Z</time></trkpt><trkpt lat="22.297931278935362" lon="114.24513629348444"><ele>149.03379406784148</ele><time>2023-02-25T06:03:31Z</time></trkpt><trkpt lat="22.297910532462616" lon="114.2451408301303"><ele>149.3586812301938</ele><time>2023-02-25T06:03:33Z</time></trkpt><trkpt lat="22.297888980927926" lon="114.24514810142932"><ele>149.52831173385</ele><time>2023-02-25T06:03:35Z</time></trkpt><trkpt lat="22.297851326062922" lon="114.24516498753086"><ele>150.0626147612272</ele><time>2023-02-25T06:03:39Z</time></trkpt><trkpt lat="22.297831063874643" lon="114.24516827670179"><ele>150.29251222773524</ele><time>2023-02-25T06:03:41Z</time></trkpt><trkpt lat="22.297810818041434" lon="114.24516755177471"><ele>150.56573958348847</ele><time>2023-02-25T06:03:43Z</time></trkpt><trkpt lat="22.297788122271257" lon="114.24516866660943"><ele>150.94227937389954</ele><time>2023-02-25T06:03:45Z</time></trkpt><trkpt lat="22.297761913575002" lon="114.24517851842488"><ele>151.28901250644913</ele><time>2023-02-25T06:03:47Z</time></trkpt><trkpt lat="22.297736859981242" lon="114.24518235885645"><ele>151.268334769886</ele><time>2023-02-25T06:03:49Z</time></trkpt><trkpt lat="22.297716267480983" lon="114.24518796744698"><ele>151.2931839971971</ele><time>2023-02-25T06:03:51Z</time></trkpt><trkpt lat="22.29769800228767" lon="114.24519500435922"><ele>151.39999018224856</ele><time>2023-02-25T06:03:53Z</time></trkpt><trkpt lat="22.297675193919865" lon="114.24520357845385"><ele>151.38715067340615</ele><time>2023-02-25T06:03:55Z</time></trkpt><trkpt lat="22.297655970355507" lon="114.2452077764791"><ele>151.29536266984456</ele><time>2023-02-25T06:03:57Z</time></trkpt><trkpt lat="22.297638233865246" lon="114.24521439195719"><ele>151.2573937757137</ele><time>2023-02-25T06:03:59Z</time></trkpt><trkpt lat="22.297619198827814" lon="114.24522505173574"><ele>151.14050403376572</ele><time>2023-02-25T06:04:01Z</time></trkpt><trkpt lat="22.29760212844194" lon="114.24523780581754"><ele>151.28002369460765</ele><time>2023-02-25T06:04:03Z</time></trkpt><trkpt lat="22.297581466346514" lon="114.24524983984466"><ele>151.43775254087856</ele><time>2023-02-25T06:04:05Z</time></trkpt><trkpt lat="22.29755580580199" lon="114.24525940654974"><ele>151.67502900516</ele><time>2023-02-25T06:04:07Z</time></trkpt><trkpt lat="22.29753011799344" lon="114.24526713011798"><ele>151.85005451514533</ele><time>2023-02-25T06:04:09Z</time></trkpt><trkpt lat="22.29750793800905" lon="114.24527030624652"><ele>151.9465213738761</ele><time>2023-02-25T06:04:11Z</time></trkpt><trkpt lat="22.29748803101434" lon="114.24526772690457"><ele>151.8450050920252</ele><time>2023-02-25T06:04:13Z</time></trkpt><trkpt lat="22.297469735316998" lon="114.24526742480603"><ele>151.51679952885524</ele><time>2023-02-25T06:04:15Z</time></trkpt><trkpt lat="22.29745042730172" lon="114.24527086564889"><ele>151.10430045316943</ele><time>2023-02-25T06:04:17Z</time></trkpt><trkpt lat="22.297430062405294" lon="114.24528064751472"><ele>150.73896958957891</ele><time>2023-02-25T06:04:19Z</time></trkpt><trkpt lat="22.297406901780697" lon="114.24529450038541"><ele>150.28089821575537</ele><time>2023-02-25T06:04:21Z</time></trkpt><trkpt lat="22.29737784609677" lon="114.24531541551576"><ele>149.92523340219122</ele><time>2023-02-25T06:04:23Z</time></trkpt><trkpt lat="22.2973508000355" lon="114.24533173465873"><ele>149.96969452626865</ele><time>2023-02-25T06:04:25Z</time></trkpt><trkpt lat="22.297326079842282" lon="114.2453435125406"><ele>149.98005529804738</ele><time>2023-02-25T06:04:27Z</time></trkpt><trkpt lat="22.297302762177598" lon="114.24535643375589"><ele>149.87168884300908</ele><time>2023-02-25T06:04:29Z</time></trkpt><trkpt lat="22.297282147659935" lon="114.24536616467111"><ele>149.62967519822095</ele><time>2023-02-25T06:04:31Z</time></trkpt><trkpt lat="22.297261230880764" lon="114.24537288540652"><ele>149.46566526468013</ele><time>2023-02-25T06:04:33Z</time></trkpt><trkpt lat="22.297240405681016" lon="114.24537699153308"><ele>149.41559096310806</ele><time>2023-02-25T06:04:35Z</time></trkpt><trkpt lat="22.297217571848925" lon="114.24538209463002"><ele>149.3760826813224</ele><time>2023-02-25T06:04:37Z</time></trkpt><trkpt lat="22.297194665708684" lon="114.24539024089252"><ele>149.20180062761142</ele><time>2023-02-25T06:04:39Z</time></trkpt><trkpt lat="22.29717226569374" lon="114.24539535848662"><ele>149.13353042476524</ele><time>2023-02-25T06:04:41Z</time></trkpt><trkpt lat="22.297151103356306" lon="114.24539988310976"><ele>149.18953386859621</ele><time>2023-02-25T06:04:43Z</time></trkpt><trkpt lat="22.29711002353962" lon="114.24540972180381"><ele>149.14428630505444</ele><time>2023-02-25T06:04:47Z</time></trkpt><trkpt lat="22.297090088596793" lon="114.24541751998999"><ele>148.96257211896986</ele><time>2023-02-25T06:04:49Z</time></trkpt><trkpt lat="22.297066002863808" lon="114.24543016565103"><ele>148.71179817420676</ele><time>2023-02-25T06:04:51Z</time></trkpt><trkpt lat="22.297043395419816" lon="114.24544231074982"><ele>148.74217675417944</ele><time>2023-02-25T06:04:53Z</time></trkpt><trkpt lat="22.297023125737784" lon="114.24545083246315"><ele>148.87216211605525</ele><time>2023-02-25T06:04:55Z</time></trkpt><trkpt lat="22.297002888715323" lon="114.24545447149177"><ele>149.21863599525017</ele><time>2023-02-25T06:04:57Z</time></trkpt><trkpt lat="22.296984309468677" lon="114.24545396102768"><ele>149.31116619667313</ele><time>2023-02-25T06:04:59Z</time></trkpt><trkpt lat="22.296963482529804" lon="114.24545222053432"><ele>149.18310118044988</ele><time>2023-02-25T06:05:01Z</time></trkpt><trkpt lat="22.29694168743791" lon="114.24544802318012"><ele>149.0464264703505</ele><time>2023-02-25T06:05:03Z</time></trkpt><trkpt lat="22.296922958673196" lon="114.2454445766664"><ele>148.7282145378011</ele><time>2023-02-25T06:05:05Z</time></trkpt><trkpt lat="22.29689958852022" lon="114.24543662951677"><ele>148.64972496568558</ele><time>2023-02-25T06:05:07Z</time></trkpt><trkpt lat="22.296874204937566" lon="114.24542803056777"><ele>148.70826765824333</ele><time>2023-02-25T06:05:09Z</time></trkpt><trkpt lat="22.29684985517522" lon="114.24542919051855"><ele>148.71677025151342</ele><time>2023-02-25T06:05:11Z</time></trkpt><trkpt lat="22.2968259616607" lon="114.24543657939722"><ele>148.4778941159253</ele><time>2023-02-25T06:05:13Z</time></trkpt><trkpt lat="22.29680051792443" lon="114.2454414993622"><ele>148.38469284214943</ele><time>2023-02-25T06:05:15Z</time></trkpt><trkpt lat="22.296778349521567" lon="114.2454504946098"><ele>148.64831885293327</ele><time>2023-02-25T06:05:17Z</time></trkpt><trkpt lat="22.296759901459893" lon="114.24545998857324"><ele>148.74985028516843</ele><time>2023-02-25T06:05:19Z</time></trkpt><trkpt lat="22.296742685131857" lon="114.24547050688312"><ele>148.3968587144224</ele><time>2023-02-25T06:05:21Z</time></trkpt><trkpt lat="22.296720226291676" lon="114.24548078958982"><ele>148.32006252023498</ele><time>2023-02-25T06:05:23Z</time></trkpt><trkpt lat="22.29669663362629" lon="114.24548622758151"><ele>148.24679166394876</ele><time>2023-02-25T06:05:25Z</time></trkpt><trkpt lat="22.296671700513272" lon="114.24548844629257"><ele>148.5013920442387</ele><time>2023-02-25T06:05:27Z</time></trkpt><trkpt lat="22.29665251823632" lon="114.24549004904681"><ele>148.58517829962992</ele><time>2023-02-25T06:05:29Z</time></trkpt><trkpt lat="22.296633454577293" lon="114.245492856856"><ele>148.97481709623352</ele><time>2023-02-25T06:05:31Z</time></trkpt><trkpt lat="22.296615905181266" lon="114.24549859744889"><ele>149.36876896129658</ele><time>2023-02-25T06:05:33Z</time></trkpt><trkpt lat="22.29659738960816" lon="114.24550451384209"><ele>149.87382768038856</ele><time>2023-02-25T06:05:35Z</time></trkpt><trkpt lat="22.296578873158303" lon="114.24550675149828"><ele>150.2510786637079</ele><time>2023-02-25T06:05:37Z</time></trkpt><trkpt lat="22.296559657560362" lon="114.24549865459255"><ele>150.54024906937948</ele><time>2023-02-25T06:05:39Z</time></trkpt><trkpt lat="22.296542199270213" lon="114.24548486513078"><ele>150.90810253063526</ele><time>2023-02-25T06:05:41Z</time></trkpt><trkpt lat="22.296525825632354" lon="114.24546800712392"><ele>151.3696395239684</ele><time>2023-02-25T06:05:43Z</time></trkpt><trkpt lat="22.296508011303438" lon="114.24545545419882"><ele>151.63586079952069</ele><time>2023-02-25T06:05:45Z</time></trkpt><trkpt lat="22.29648629732231" lon="114.24544706193903"><ele>151.58008502110803</ele><time>2023-02-25T06:05:47Z</time></trkpt><trkpt lat="22.296460897448583" lon="114.24544369369897"><ele>151.6357361193674</ele><time>2023-02-25T06:05:49Z</time></trkpt><trkpt lat="22.296434458202164" lon="114.24543706454388"><ele>151.46279417187657</ele><time>2023-02-25T06:05:51Z</time></trkpt><trkpt lat="22.296416088106163" lon="114.2454259338669"><ele>151.6803159440162</ele><time>2023-02-25T06:05:53Z</time></trkpt><trkpt lat="22.296398671916748" lon="114.24541934164853"><ele>151.8727714517878</ele><time>2023-02-25T06:05:55Z</time></trkpt><trkpt lat="22.29637743892636" lon="114.24541477888506"><ele>151.75498119446297</ele><time>2023-02-25T06:05:57Z</time></trkpt><trkpt lat="22.29635574988048" lon="114.24540634022799"><ele>151.7585788096965</ele><time>2023-02-25T06:05:59Z</time></trkpt><trkpt lat="22.29633769361629" lon="114.24539334612645"><ele>151.945765181192</ele><time>2023-02-25T06:06:01Z</time></trkpt><trkpt lat="22.296329473888907" lon="114.24536933039758"><ele>151.92678717592392</ele><time>2023-02-25T06:06:03Z</time></trkpt><trkpt lat="22.2963280539979" lon="114.24534540642564"><ele>152.13670293985882</ele><time>2023-02-25T06:06:05Z</time></trkpt><trkpt lat="22.296326829411807" lon="114.24532006811876"><ele>152.43849569994967</ele><time>2023-02-25T06:06:07Z</time></trkpt><trkpt lat="22.296327697353373" lon="114.24528878490787"><ele>152.98259145745212</ele><time>2023-02-25T06:06:09Z</time></trkpt><trkpt lat="22.29632777727228" lon="114.24525999699365"><ele>153.11667064019252</ele><time>2023-02-25T06:06:11Z</time></trkpt><trkpt lat="22.296331949380587" lon="114.24523208757562"><ele>153.2640865515773</ele><time>2023-02-25T06:06:13Z</time></trkpt><trkpt lat="22.29633202229192" lon="114.24520529657349"><ele>153.57948756305075</ele><time>2023-02-25T06:06:15Z</time></trkpt><trkpt lat="22.29632657448459" lon="114.24518030435752"><ele>153.8239201597335</ele><time>2023-02-25T06:06:17Z</time></trkpt><trkpt lat="22.296315968873447" lon="114.24515556605937"><ele>153.7561934918537</ele><time>2023-02-25T06:06:19Z</time></trkpt><trkpt lat="22.296298499731673" lon="114.24513555665665"><ele>153.32623098219838</ele><time>2023-02-25T06:06:21Z</time></trkpt><trkpt lat="22.296281838745205" lon="114.24511581725307"><ele>153.11488899392896</ele><time>2023-02-25T06:06:23Z</time></trkpt><trkpt lat="22.29626641677215" lon="114.24509451562481"><ele>152.83858785844305</ele><time>2023-02-25T06:06:25Z</time></trkpt><trkpt lat="22.296250669069615" lon="114.24507439595656"><ele>152.74651887583198</ele><time>2023-02-25T06:06:27Z</time></trkpt><trkpt lat="22.296237117461835" lon="114.24505191781476"><ele>152.64699635297958</ele><time>2023-02-25T06:06:29Z</time></trkpt><trkpt lat="22.29622833839167" lon="114.24502988176381"><ele>152.46957829104966</ele><time>2023-02-25T06:06:31Z</time></trkpt><trkpt lat="22.29621782745046" lon="114.24500626369088"><ele>152.30967924862378</ele><time>2023-02-25T06:06:33Z</time></trkpt><trkpt lat="22.29620508763332" lon="114.24498477422804"><ele>152.02227858566553</ele><time>2023-02-25T06:06:35Z</time></trkpt><trkpt lat="22.296190826313513" lon="114.24496520694683"><ele>151.72679690693263</ele><time>2023-02-25T06:06:37Z</time></trkpt><trkpt lat="22.296172580329824" lon="114.24494941241021"><ele>151.71256692838244</ele><time>2023-02-25T06:06:39Z</time></trkpt><trkpt lat="22.296154561079636" lon="114.24493894576783"><ele>151.5950095431766</ele><time>2023-02-25T06:06:41Z</time></trkpt><trkpt lat="22.296136159118088" lon="114.24492883746841"><ele>151.411582796148</ele><time>2023-02-25T06:06:43Z</time></trkpt><trkpt lat="22.29611560504125" lon="114.24491968008077"><ele>150.920069051245</ele><time>2023-02-25T06:06:45Z</time></trkpt><trkpt lat="22.296090777066755" lon="114.24491035938705"><ele>150.65997154359252</ele><time>2023-02-25T06:06:47Z</time></trkpt><trkpt lat="22.29606768879317" lon="114.2449027382181"><ele>150.3167547870547</ele><time>2023-02-25T06:06:49Z</time></trkpt><trkpt lat="22.296048116652642" lon="114.24489227319071"><ele>149.87450678327292</ele><time>2023-02-25T06:06:51Z</time></trkpt><trkpt lat="22.296030127332088" lon="114.24488655466668"><ele>149.57046538887684</ele><time>2023-02-25T06:06:53Z</time></trkpt><trkpt lat="22.29599923406889" lon="114.24486846195776"><ele>148.58388617858742</ele><time>2023-02-25T06:06:57Z</time></trkpt><trkpt lat="22.295979454422447" lon="114.24485986482094"><ele>148.03399270026395</ele><time>2023-02-25T06:06:59Z</time></trkpt><trkpt lat="22.295970296956927" lon="114.24489275650966"><ele>145.20733633516943</ele><time>2023-02-25T06:07:05Z</time></trkpt><trkpt lat="22.295953727257448" lon="114.24491223210673"><ele>145.40771132066087</ele><time>2023-02-25T06:07:07Z</time></trkpt><trkpt lat="22.29593104602825" lon="114.24492675926763"><ele>145.75494805766385</ele><time>2023-02-25T06:07:09Z</time></trkpt><trkpt lat="22.29591459153663" lon="114.2449389330546"><ele>146.14843676722109</ele><time>2023-02-25T06:07:11Z</time></trkpt><trkpt lat="22.295893626012084" lon="114.24495377458486"><ele>146.61672762220445</ele><time>2023-02-25T06:07:13Z</time></trkpt><trkpt lat="22.29587554241587" lon="114.24497388734294"><ele>147.2911788515328</ele><time>2023-02-25T06:07:15Z</time></trkpt><trkpt lat="22.295859526921596" lon="114.24499165651031"><ele>147.29271958636195</ele><time>2023-02-25T06:07:17Z</time></trkpt><trkpt lat="22.295850046599856" lon="114.24501121351014"><ele>147.58041449555165</ele><time>2023-02-25T06:07:19Z</time></trkpt><trkpt lat="22.29584554848939" lon="114.24503525893378"><ele>147.882989970913</ele><time>2023-02-25T06:07:21Z</time></trkpt><trkpt lat="22.29584402248663" lon="114.24505599299034"><ele>147.98429949450508</ele><time>2023-02-25T06:07:23Z</time></trkpt><trkpt lat="22.29583931527104" lon="114.2450868989639"><ele>148.31598011814359</ele><time>2023-02-25T06:07:27Z</time></trkpt><trkpt lat="22.295829089866093" lon="114.24512803210378"><ele>148.85668826386686</ele><time>2023-02-25T06:07:31Z</time></trkpt><trkpt lat="22.295811269399998" lon="114.24513816054443"><ele>148.87902288046283</ele><time>2023-02-25T06:07:33Z</time></trkpt><trkpt lat="22.295788380704327" lon="114.2451417032649"><ele>148.70629225870326</ele><time>2023-02-25T06:07:35Z</time></trkpt><trkpt lat="22.295763203811912" lon="114.24514221266055"><ele>148.72380967724445</ele><time>2023-02-25T06:07:37Z</time></trkpt><trkpt lat="22.295741127614363" lon="114.24514242378586"><ele>148.7640201796368</ele><time>2023-02-25T06:07:39Z</time></trkpt><trkpt lat="22.295714836238925" lon="114.24514891650767"><ele>148.73211123561614</ele><time>2023-02-25T06:07:41Z</time></trkpt><trkpt lat="22.295690187243455" lon="114.24515105987956"><ele>149.0299468126845</ele><time>2023-02-25T06:07:43Z</time></trkpt><trkpt lat="22.295667828192208" lon="114.24514441831637"><ele>149.27492398159214</ele><time>2023-02-25T06:07:45Z</time></trkpt><trkpt lat="22.29564057218206" lon="114.24514146796534"><ele>149.31544719093554</ele><time>2023-02-25T06:07:47Z</time></trkpt><trkpt lat="22.295615629262958" lon="114.245143854239"><ele>149.53612446012127</ele><time>2023-02-25T06:07:49Z</time></trkpt><trkpt lat="22.29559437536761" lon="114.2451501268438"><ele>149.470269799081</ele><time>2023-02-25T06:07:51Z</time></trkpt><trkpt lat="22.295573515899104" lon="114.24515945776437"><ele>149.8380685986381</ele><time>2023-02-25T06:07:53Z</time></trkpt><trkpt lat="22.29555305060307" lon="114.24516447527527"><ele>150.2418745807345</ele><time>2023-02-25T06:07:55Z</time></trkpt><trkpt lat="22.295534696914377" lon="114.2451734012998"><ele>150.45851579087577</ele><time>2023-02-25T06:07:57Z</time></trkpt><trkpt lat="22.295516822480323" lon="114.24518914873457"><ele>150.75236081866308</ele><time>2023-02-25T06:07:59Z</time></trkpt><trkpt lat="22.295501073363738" lon="114.24520291584366"><ele>150.82026399266445</ele><time>2023-02-25T06:08:01Z</time></trkpt><trkpt lat="22.29548756158988" lon="114.24522179130601"><ele>151.23788597837068</ele><time>2023-02-25T06:08:03Z</time></trkpt><trkpt lat="22.29547302757394" lon="114.24524234219086"><ele>151.83482438785785</ele><time>2023-02-25T06:08:05Z</time></trkpt><trkpt lat="22.295458574020287" lon="114.24525984755024"><ele>152.71498262675522</ele><time>2023-02-25T06:08:07Z</time></trkpt><trkpt lat="22.295441818804843" lon="114.24529171757476"><ele>153.00704857840745</ele><time>2023-02-25T06:08:11Z</time></trkpt><trkpt lat="22.295431226782537" lon="114.24532133024833"><ele>153.44638001299197</ele><time>2023-02-25T06:08:13Z</time></trkpt><trkpt lat="22.295420674343262" lon="114.24535403650783"><ele>153.98773114603586</ele><time>2023-02-25T06:08:15Z</time></trkpt><trkpt lat="22.295411500685763" lon="114.24538124063572"><ele>154.21774571091356</ele><time>2023-02-25T06:08:17Z</time></trkpt><trkpt lat="22.295399434595897" lon="114.24540142939976"><ele>154.6456857073892</ele><time>2023-02-25T06:08:19Z</time></trkpt><trkpt lat="22.295377632146245" lon="114.24541547924635"><ele>155.2520607036838</ele><time>2023-02-25T06:08:21Z</time></trkpt><trkpt lat="22.29535508692122" lon="114.24541957383876"><ele>155.43883931045747</ele><time>2023-02-25T06:08:23Z</time></trkpt><trkpt lat="22.29533405845481" lon="114.24541795744707"><ele>155.51453224648526</ele><time>2023-02-25T06:08:25Z</time></trkpt><trkpt lat="22.295303463886068" lon="114.24543158843751"><ele>155.46610073223727</ele><time>2023-02-25T06:08:29Z</time></trkpt><trkpt lat="22.29529124282673" lon="114.24545699129159"><ele>155.61236842035808</ele><time>2023-02-25T06:08:31Z</time></trkpt><trkpt lat="22.295287663424457" lon="114.24548416108077"><ele>155.51561416729686</ele><time>2023-02-25T06:08:33Z</time></trkpt><trkpt lat="22.29528468573387" lon="114.24550762326649"><ele>155.4801753154871</ele><time>2023-02-25T06:08:35Z</time></trkpt><trkpt lat="22.295281395068805" lon="114.24553474879957"><ele>154.55798567189294</ele><time>2023-02-25T06:08:39Z</time></trkpt><trkpt lat="22.29526810833008" lon="114.2455526210568"><ele>154.53061920465157</ele><time>2023-02-25T06:09:13Z</time></trkpt><trkpt lat="22.295266821106104" lon="114.24552548731373"><ele>154.15891942816884</ele><time>2023-02-25T06:09:15Z</time></trkpt><trkpt lat="22.29527113535241" lon="114.24549478069429"><ele>153.42406544305368</ele><time>2023-02-25T06:09:17Z</time></trkpt><trkpt lat="22.29527455229463" lon="114.24546433949644"><ele>152.50687333519025</ele><time>2023-02-25T06:09:19Z</time></trkpt><trkpt lat="22.29527039791" lon="114.24544297180151"><ele>151.98550105776698</ele><time>2023-02-25T06:09:21Z</time></trkpt><trkpt lat="22.295258048965945" lon="114.2454283056947"><ele>151.4899580345111</ele><time>2023-02-25T06:09:23Z</time></trkpt><trkpt lat="22.29523412317793" lon="114.24542236570558"><ele>151.31847912982698</ele><time>2023-02-25T06:09:25Z</time></trkpt><trkpt lat="22.29520372268255" lon="114.24542654323432"><ele>150.9734170326404</ele><time>2023-02-25T06:09:27Z</time></trkpt><trkpt lat="22.295179350393163" lon="114.2454373998879"><ele>151.18958774487945</ele><time>2023-02-25T06:09:29Z</time></trkpt><trkpt lat="22.295160554555455" lon="114.24543624501517"><ele>151.0833409289162</ele><time>2023-02-25T06:09:31Z</time></trkpt><trkpt lat="22.295140157686408" lon="114.24543557172971"><ele>150.60177951900783</ele><time>2023-02-25T06:09:33Z</time></trkpt><trkpt lat="22.295120548679776" lon="114.24544045202288"><ele>150.1501710133909</ele><time>2023-02-25T06:09:35Z</time></trkpt><trkpt lat="22.295098758905294" lon="114.24544484102552"><ele>149.68251209486013</ele><time>2023-02-25T06:09:37Z</time></trkpt><trkpt lat="22.295074741296002" lon="114.24545105488275"><ele>149.57158361585525</ele><time>2023-02-25T06:09:39Z</time></trkpt><trkpt lat="22.29505664850768" lon="114.24545657908608"><ele>149.25391562376373</ele><time>2023-02-25T06:09:41Z</time></trkpt><trkpt lat="22.295036983661777" lon="114.24546272242841"><ele>148.8097703573517</ele><time>2023-02-25T06:09:43Z</time></trkpt><trkpt lat="22.295015544378145" lon="114.24546522051929"><ele>148.17771529874534</ele><time>2023-02-25T06:09:45Z</time></trkpt><trkpt lat="22.2949956675991" lon="114.2454657770096"><ele>148.13671863723044</ele><time>2023-02-25T06:09:47Z</time></trkpt><trkpt lat="22.29495823279777" lon="114.24546857359076"><ele>148.18204598015194</ele><time>2023-02-25T06:09:51Z</time></trkpt><trkpt lat="22.29494447795015" lon="114.24548428016203"><ele>148.3394257557608</ele><time>2023-02-25T06:09:57Z</time></trkpt><trkpt lat="22.29492039669386" lon="114.24550992366358"><ele>148.80103874624774</ele><time>2023-02-25T06:10:01Z</time></trkpt><trkpt lat="22.29490091925433" lon="114.24550415056814"><ele>148.64599276572864</ele><time>2023-02-25T06:10:07Z</time></trkpt><trkpt lat="22.29486847254128" lon="114.24549072732454"><ele>148.70101758238656</ele><time>2023-02-25T06:10:11Z</time></trkpt><trkpt lat="22.294837334229285" lon="114.24548390571749"><ele>148.01251994943442</ele><time>2023-02-25T06:10:15Z</time></trkpt><trkpt lat="22.2948164348058" lon="114.24547755852846"><ele>147.594405123391</ele><time>2023-02-25T06:10:17Z</time></trkpt><trkpt lat="22.294792518827517" lon="114.24546788157178"><ele>147.4717100254428</ele><time>2023-02-25T06:10:19Z</time></trkpt><trkpt lat="22.294771228623052" lon="114.24545741789612"><ele>147.5959897850824</ele><time>2023-02-25T06:10:21Z</time></trkpt><trkpt lat="22.294754424990806" lon="114.24544781108578"><ele>147.90564773370292</ele><time>2023-02-25T06:10:23Z</time></trkpt><trkpt lat="22.294736406090845" lon="114.24543389946501"><ele>147.89006627056742</ele><time>2023-02-25T06:10:25Z</time></trkpt><trkpt lat="22.29471914567496" lon="114.24542581654853"><ele>148.4302938890401</ele><time>2023-02-25T06:10:27Z</time></trkpt><trkpt lat="22.294702261075948" lon="114.2454166147846"><ele>148.55831054113892</ele><time>2023-02-25T06:10:29Z</time></trkpt><trkpt lat="22.294684718830904" lon="114.24540032947594"><ele>148.42761439356826</ele><time>2023-02-25T06:10:31Z</time></trkpt><trkpt lat="22.294670766096445" lon="114.24538753251478"><ele>148.40359401612932</ele><time>2023-02-25T06:10:33Z</time></trkpt><trkpt lat="22.29463752461205" lon="114.24536830449193"><ele>148.8138116723797</ele><time>2023-02-25T06:10:37Z</time></trkpt><trkpt lat="22.294617306934477" lon="114.24535340068543"><ele>148.73502821407692</ele><time>2023-02-25T06:10:39Z</time></trkpt><trkpt lat="22.294599763375682" lon="114.24533293101851"><ele>148.3175740028937</ele><time>2023-02-25T06:10:41Z</time></trkpt><trkpt lat="22.29458698271056" lon="114.24531483209137"><ele>148.05900362011732</ele><time>2023-02-25T06:10:43Z</time></trkpt><trkpt lat="22.29457748982553" lon="114.2452974343911"><ele>148.25471492979955</ele><time>2023-02-25T06:10:45Z</time></trkpt><trkpt lat="22.294557942770457" lon="114.24526877541584"><ele>148.2908668547551</ele><time>2023-02-25T06:10:49Z</time></trkpt><trkpt lat="22.294548613076067" lon="114.24523307938013"><ele>148.1468678889699</ele><time>2023-02-25T06:10:53Z</time></trkpt><trkpt lat="22.294531760559842" lon="114.24520823364716"><ele>148.30931215214176</ele><time>2023-02-25T06:10:57Z</time></trkpt><trkpt lat="22.29451954563206" lon="114.24519043360928"><ele>148.17879790242353</ele><time>2023-02-25T06:11:01Z</time></trkpt><trkpt lat="22.29451228805325" lon="114.24517226574463"><ele>148.1555671273358</ele><time>2023-02-25T06:11:05Z</time></trkpt><trkpt lat="22.294496948858257" lon="114.24514918020999"><ele>148.42651154753696</ele><time>2023-02-25T06:11:09Z</time></trkpt><trkpt lat="22.29447108213192" lon="114.245125154445"><ele>149.43685318550598</ele><time>2023-02-25T06:11:17Z</time></trkpt><trkpt lat="22.294455647652967" lon="114.24510669560442"><ele>149.8123308107611</ele><time>2023-02-25T06:11:21Z</time></trkpt><trkpt lat="22.29444724620337" lon="114.24508725057467"><ele>150.73293878873366</ele><time>2023-02-25T06:11:23Z</time></trkpt><trkpt lat="22.29444031647358" lon="114.24505700444827"><ele>152.7021309223943</ele><time>2023-02-25T06:11:27Z</time></trkpt><trkpt lat="22.294422556056503" lon="114.24503715319587"><ele>152.74571927525523</ele><time>2023-02-25T06:11:33Z</time></trkpt><trkpt lat="22.29444716383436" lon="114.24501595387022"><ele>151.5700408478786</ele><time>2023-02-25T06:11:37Z</time></trkpt><trkpt lat="22.294470515562566" lon="114.24500843404874"><ele>146.72770984035108</ele><time>2023-02-25T06:11:39Z</time></trkpt><trkpt lat="22.294420327007494" lon="114.24498994571465"><ele>144.53239415384158</ele><time>2023-02-25T06:11:41Z</time></trkpt><trkpt lat="22.29438963696572" lon="114.2449791819298"><ele>145.51736820069107</ele><time>2023-02-25T06:11:43Z</time></trkpt><trkpt lat="22.29436899575029" lon="114.24497364923666"><ele>146.5889207880957</ele><time>2023-02-25T06:11:45Z</time></trkpt><trkpt lat="22.294349642404402" lon="114.24494582800891"><ele>147.84161076492475</ele><time>2023-02-25T06:11:49Z</time></trkpt><trkpt lat="22.294328201139074" lon="114.24491812124565"><ele>149.78713960034108</ele><time>2023-02-25T06:11:53Z</time></trkpt><trkpt lat="22.294304504849986" lon="114.244904085894"><ele>151.59865424960938</ele><time>2023-02-25T06:11:57Z</time></trkpt><trkpt lat="22.294267841849756" lon="114.24489986970497"><ele>154.96872273369806</ele><time>2023-02-25T06:12:07Z</time></trkpt><trkpt lat="22.29425163971771" lon="114.24491182015238"><ele>155.82023775013994</ele><time>2023-02-25T06:12:09Z</time></trkpt><trkpt lat="22.294229647460973" lon="114.24491303443394"><ele>156.58526622392029</ele><time>2023-02-25T06:12:11Z</time></trkpt><trkpt lat="22.29424945847028" lon="114.24491253148709"><ele>157.25985790465387</ele><time>2023-02-25T06:12:15Z</time></trkpt><trkpt lat="22.29428026003063" lon="114.24490608775965"><ele>156.9761102152951</ele><time>2023-02-25T06:12:21Z</time></trkpt><trkpt lat="22.294307687365926" lon="114.24489875981128"><ele>156.87189761227904</ele><time>2023-02-25T06:12:25Z</time></trkpt><trkpt lat="22.294310613376286" lon="114.24487480551161"><ele>157.18354052768186</ele><time>2023-02-25T06:12:31Z</time></trkpt><trkpt lat="22.29432814637703" lon="114.24485195324351"><ele>158.956837397621</ele><time>2023-02-25T06:12:37Z</time></trkpt><trkpt lat="22.29431383636797" lon="114.24483953794257"><ele>160.6475572143647</ele><time>2023-02-25T06:12:55Z</time></trkpt><trkpt lat="22.294292700201954" lon="114.24482190698136"><ele>160.9686378462742</ele><time>2023-02-25T06:12:59Z</time></trkpt><trkpt lat="22.29426657127168" lon="114.2448176664636"><ele>162.46145120095477</ele><time>2023-02-25T06:13:07Z</time></trkpt><trkpt lat="22.29423980575169" lon="114.24481353054321"><ele>163.38859802209197</ele><time>2023-02-25T06:13:13Z</time></trkpt><trkpt lat="22.294234323710132" lon="114.24478522884071"><ele>164.59022400803414</ele><time>2023-02-25T06:13:19Z</time></trkpt><trkpt lat="22.29422441812071" lon="114.2447638676119"><ele>166.60048804128664</ele><time>2023-02-25T06:13:23Z</time></trkpt><trkpt lat="22.294206899931712" lon="114.2447467650556"><ele>168.10726604070243</ele><time>2023-02-25T06:13:37Z</time></trkpt><trkpt lat="22.294210571350042" lon="114.24472683710869"><ele>168.2449563445117</ele><time>2023-02-25T06:13:41Z</time></trkpt><trkpt lat="22.29421522783139" lon="114.24469645861409"><ele>169.13361809154313</ele><time>2023-02-25T06:13:53Z</time></trkpt><trkpt lat="22.29420242978825" lon="114.2446749160745"><ele>169.27549623529308</ele><time>2023-02-25T06:13:55Z</time></trkpt><trkpt lat="22.294193932888124" lon="114.24465750924197"><ele>171.91648832871644</ele><time>2023-02-25T06:14:05Z</time></trkpt><trkpt lat="22.294182396909154" lon="114.24463827340955"><ele>171.57303240724292</ele><time>2023-02-25T06:14:11Z</time></trkpt><trkpt lat="22.29417405285629" lon="114.24461564905037"><ele>172.94746591908705</ele><time>2023-02-25T06:14:17Z</time></trkpt><trkpt lat="22.294187037337984" lon="114.24458938874328"><ele>174.2539821860818</ele><time>2023-02-25T06:14:21Z</time></trkpt><trkpt lat="22.29419265773265" lon="114.24457017840186"><ele>174.57123418683284</ele><time>2023-02-25T06:14:23Z</time></trkpt><trkpt lat="22.2941810887972" lon="114.24454027763774"><ele>175.5816986146614</ele><time>2023-02-25T06:14:27Z</time></trkpt><trkpt lat="22.29417888066681" lon="114.24450903370216"><ele>176.7483804038179</ele><time>2023-02-25T06:14:31Z</time></trkpt><trkpt lat="22.29414857085049" lon="114.24449580485232"><ele>178.21826452869837</ele><time>2023-02-25T06:14:45Z</time></trkpt><trkpt lat="22.294113443854968" lon="114.24449220829158"><ele>178.46797717430832</ele><time>2023-02-25T06:14:49Z</time></trkpt><trkpt lat="22.2940900203651" lon="114.24449383895724"><ele>179.2668110126611</ele><time>2023-02-25T06:14:57Z</time></trkpt><trkpt lat="22.29408655911027" lon="114.24446786211416"><ele>179.56249437409338</ele><time>2023-02-25T06:15:01Z</time></trkpt><trkpt lat="22.2940830935114" lon="114.24443971475789"><ele>180.0212650301582</ele><time>2023-02-25T06:15:03Z</time></trkpt><trkpt lat="22.29408279551174" lon="114.24441364641355"><ele>180.54440594261237</ele><time>2023-02-25T06:15:05Z</time></trkpt><trkpt lat="22.294072837196058" lon="114.24439198822667"><ele>182.30941132288407</ele><time>2023-02-25T06:15:27Z</time></trkpt><trkpt lat="22.29406883229639" lon="114.24437141781706"><ele>182.7615184681646</ele><time>2023-02-25T06:15:29Z</time></trkpt><trkpt lat="22.29405049604224" lon="114.24435726795265"><ele>184.0472426903036</ele><time>2023-02-25T06:15:33Z</time></trkpt><trkpt lat="22.29402408826799" lon="114.2443438045377"><ele>186.0663547134669</ele><time>2023-02-25T06:15:41Z</time></trkpt><trkpt lat="22.294002284587442" lon="114.24432882236103"><ele>186.71401444452928</ele><time>2023-02-25T06:15:45Z</time></trkpt><trkpt lat="22.293994839579316" lon="114.24431107642802"><ele>187.1117705613936</ele><time>2023-02-25T06:15:47Z</time></trkpt><trkpt lat="22.293968920049153" lon="114.24429593775383"><ele>188.02583925507105</ele><time>2023-02-25T06:15:51Z</time></trkpt><trkpt lat="22.29395514631157" lon="114.24427322785999"><ele>190.84572659446582</ele><time>2023-02-25T06:15:59Z</time></trkpt><trkpt lat="22.293950144544976" lon="114.24424897415778"><ele>192.32518659010063</ele><time>2023-02-25T06:16:05Z</time></trkpt><trkpt lat="22.2939282631767" lon="114.2442416998054"><ele>193.24894866309987</ele><time>2023-02-25T06:16:07Z</time></trkpt><trkpt lat="22.293910781547517" lon="114.24423533065492"><ele>193.35181818970952</ele><time>2023-02-25T06:16:09Z</time></trkpt><trkpt lat="22.29388769950488" lon="114.24422938777809"><ele>194.40914023871804</ele><time>2023-02-25T06:16:15Z</time></trkpt><trkpt lat="22.293887919408927" lon="114.24420431657573"><ele>196.0675673059208</ele><time>2023-02-25T06:16:41Z</time></trkpt><trkpt lat="22.293912588160715" lon="114.24418108894022"><ele>196.2510432797476</ele><time>2023-02-25T06:16:49Z</time></trkpt><trkpt lat="22.29393007302101" lon="114.2441911954098"><ele>196.50281378186693</ele><time>2023-02-25T06:16:53Z</time></trkpt><trkpt lat="22.29395087658771" lon="114.24417955029607"><ele>196.3030174422559</ele><time>2023-02-25T06:16:57Z</time></trkpt><trkpt lat="22.29395670561954" lon="114.24415257132233"><ele>195.84527675205987</ele><time>2023-02-25T06:17:01Z</time></trkpt><trkpt lat="22.29394256956419" lon="114.24413393580402"><ele>195.78869010057727</ele><time>2023-02-25T06:17:03Z</time></trkpt><trkpt lat="22.29392985151277" lon="114.24411488061837"><ele>195.78745710344612</ele><time>2023-02-25T06:17:05Z</time></trkpt><trkpt lat="22.293923162993185" lon="114.2440908964864"><ele>195.7865826479403</ele><time>2023-02-25T06:17:07Z</time></trkpt><trkpt lat="22.29392728166686" lon="114.24406848068956"><ele>196.02061677071643</ele><time>2023-02-25T06:17:09Z</time></trkpt><trkpt lat="22.293944824270927" lon="114.24404960766162"><ele>196.80126512351632</ele><time>2023-02-25T06:17:13Z</time></trkpt><trkpt lat="22.29396347294703" lon="114.24406961639356"><ele>197.5033903140884</ele><time>2023-02-25T06:17:17Z</time></trkpt><trkpt lat="22.293979771030795" lon="114.24407800238755"><ele>198.19633374992495</ele><time>2023-02-25T06:17:21Z</time></trkpt><trkpt lat="22.293958017343535" lon="114.24408394308732"><ele>198.47751420315194</ele><time>2023-02-25T06:17:31Z</time></trkpt><trkpt lat="22.293936974091807" lon="114.24407631902584"><ele>198.50522295976387</ele><time>2023-02-25T06:17:33Z</time></trkpt><trkpt lat="22.2939270504634" lon="114.24403609095823"><ele>198.88777575759764</ele><time>2023-02-25T06:17:37Z</time></trkpt><trkpt lat="22.293920316723298" lon="114.24400867882188"><ele>199.37127362228776</ele><time>2023-02-25T06:17:39Z</time></trkpt><trkpt lat="22.29391346288372" lon="114.24398491728624"><ele>199.2581398459042</ele><time>2023-02-25T06:17:41Z</time></trkpt><trkpt lat="22.29390956583158" lon="114.24396339882867"><ele>199.58403957631876</ele><time>2023-02-25T06:17:45Z</time></trkpt><trkpt lat="22.293902816067344" lon="114.2439427313055"><ele>200.1248958947486</ele><time>2023-02-25T06:17:47Z</time></trkpt><trkpt lat="22.293897224943084" lon="114.24391719421848"><ele>200.73385652207088</ele><time>2023-02-25T06:17:49Z</time></trkpt><trkpt lat="22.29391330290248" lon="114.24393447580213"><ele>202.96292583086296</ele><time>2023-02-25T06:18:23Z</time></trkpt><trkpt lat="22.293890790934363" lon="114.24396024088516"><ele>203.34240061814202</ele><time>2023-02-25T06:18:27Z</time></trkpt><trkpt lat="22.2938626182055" lon="114.2439787266801"><ele>203.2668624678926</ele><time>2023-02-25T06:18:31Z</time></trkpt><trkpt lat="22.293841282812235" lon="114.24399730307096"><ele>202.9309254497466</ele><time>2023-02-25T06:18:35Z</time></trkpt><trkpt lat="22.293830429305647" lon="114.24401339999126"><ele>202.58290485772778</ele><time>2023-02-25T06:18:37Z</time></trkpt><trkpt lat="22.293814594369234" lon="114.24402928377094"><ele>202.4344506326647</ele><time>2023-02-25T06:18:39Z</time></trkpt><trkpt lat="22.293780575478817" lon="114.2440316741978"><ele>202.44152511853113</ele><time>2023-02-25T06:18:43Z</time></trkpt><trkpt lat="22.293754676844152" lon="114.24402468084196"><ele>202.39093843593446</ele><time>2023-02-25T06:18:47Z</time></trkpt><trkpt lat="22.293775781971267" lon="114.24402711216808"><ele>202.7760443336495</ele><time>2023-02-25T06:19:13Z</time></trkpt><trkpt lat="22.293757299202852" lon="114.24402936942943"><ele>202.85622727209184</ele><time>2023-02-25T06:19:19Z</time></trkpt><trkpt lat="22.293789335721275" lon="114.2440275156824"><ele>203.9771814243868</ele><time>2023-02-25T06:22:07Z</time></trkpt><trkpt lat="22.293813618409562" lon="114.24401715336903"><ele>207.04691435190227</ele><time>2023-02-25T06:22:09Z</time></trkpt><trkpt lat="22.293829259778388" lon="114.24400560460185"><ele>205.80161506417954</ele><time>2023-02-25T06:22:11Z</time></trkpt><trkpt lat="22.293845119771813" lon="114.24399286513273"><ele>205.2315809723976</ele><time>2023-02-25T06:22:13Z</time></trkpt><trkpt lat="22.29387059952495" lon="114.24399666413724"><ele>204.7690224112218</ele><time>2023-02-25T06:22:17Z</time></trkpt><trkpt lat="22.293891019401528" lon="114.24401506267643"><ele>205.3216299942271</ele><time>2023-02-25T06:22:21Z</time></trkpt><trkpt lat="22.2938898345663" lon="114.24404553171892"><ele>204.86885154415404</ele><time>2023-02-25T06:22:25Z</time></trkpt><trkpt lat="22.29390821887349" lon="114.24404691279344"><ele>205.65445990543196</ele><time>2023-02-25T06:22:31Z</time></trkpt><trkpt lat="22.293935426163937" lon="114.24407600338955"><ele>204.84866378372402</ele><time>2023-02-25T06:22:35Z</time></trkpt><trkpt lat="22.29394593639884" lon="114.24410377925105"><ele>204.39078217726885</ele><time>2023-02-25T06:22:37Z</time></trkpt><trkpt lat="22.29395048721144" lon="114.24413056471187"><ele>204.0784971198658</ele><time>2023-02-25T06:22:39Z</time></trkpt><trkpt lat="22.29395862307198" lon="114.24415986417323"><ele>203.66246681647968</ele><time>2023-02-25T06:22:43Z</time></trkpt><trkpt lat="22.293944241374344" lon="114.24417426598997"><ele>203.44784000145938</ele><time>2023-02-25T06:22:47Z</time></trkpt><trkpt lat="22.29391711460956" lon="114.24417171541555"><ele>202.6183145111819</ele><time>2023-02-25T06:22:51Z</time></trkpt><trkpt lat="22.29389735766136" lon="114.24416383806147"><ele>201.63640846901703</ele><time>2023-02-25T06:22:55Z</time></trkpt><trkpt lat="22.293880653250845" lon="114.24419412131505"><ele>201.24755017609212</ele><time>2023-02-25T06:22:59Z</time></trkpt><trkpt lat="22.29388125766825" lon="114.24421492944832"><ele>201.38981278575918</ele><time>2023-02-25T06:23:03Z</time></trkpt><trkpt lat="22.29389974159327" lon="114.24422331853106"><ele>200.8978717434626</ele><time>2023-02-25T06:23:33Z</time></trkpt><trkpt lat="22.293867803428387" lon="114.24420565533148"><ele>199.9373646786913</ele><time>2023-02-25T06:23:51Z</time></trkpt><trkpt lat="22.293851514786418" lon="114.24418564794597"><ele>199.71358671881106</ele><time>2023-02-25T06:24:13Z</time></trkpt><trkpt lat="22.29383337905472" lon="114.24417458243302"><ele>199.66321819016517</ele><time>2023-02-25T06:24:15Z</time></trkpt><trkpt lat="22.293817460432297" lon="114.24413763433311"><ele>201.09512767102666</ele><time>2023-02-25T06:24:25Z</time></trkpt><trkpt lat="22.293796779176656" lon="114.24413159125555"><ele>201.10343835905468</ele><time>2023-02-25T06:24:27Z</time></trkpt><trkpt lat="22.293815269396887" lon="114.2441346615492"><ele>200.76143158140036</ele><time>2023-02-25T06:24:33Z</time></trkpt><trkpt lat="22.293840449448115" lon="114.24413610609304"><ele>200.07416074085023</ele><time>2023-02-25T06:24:39Z</time></trkpt><trkpt lat="22.293861364937037" lon="114.24414190389065"><ele>199.43594297818387</ele><time>2023-02-25T06:24:41Z</time></trkpt><trkpt lat="22.293873822994723" lon="114.244160376927"><ele>199.07359215377383</ele><time>2023-02-25T06:24:43Z</time></trkpt><trkpt lat="22.293860104176748" lon="114.24418086177886"><ele>198.6631678882171</ele><time>2023-02-25T06:24:45Z</time></trkpt><trkpt lat="22.293875476031268" lon="114.24419872339531"><ele>199.35540801523564</ele><time>2023-02-25T06:25:03Z</time></trkpt><trkpt lat="22.29388516116521" lon="114.24421717912928"><ele>199.4027240437153</ele><time>2023-02-25T06:25:05Z</time></trkpt><trkpt lat="22.293876114080653" lon="114.24419778542533"><ele>199.45820498972384</ele><time>2023-02-25T06:25:19Z</time></trkpt><trkpt lat="22.293874097484156" lon="114.24417449789573"><ele>200.6397328689613</ele><time>2023-02-25T06:25:35Z</time></trkpt><trkpt lat="22.293897846736066" lon="114.24416960427932"><ele>200.41337689912743</ele><time>2023-02-25T06:25:39Z</time></trkpt><trkpt lat="22.293919515338324" lon="114.24417121582339"><ele>200.20033979924858</ele><time>2023-02-25T06:25:41Z</time></trkpt><trkpt lat="22.29394238412655" lon="114.24414837486684"><ele>200.30395670423707</ele><time>2023-02-25T06:25:45Z</time></trkpt><trkpt lat="22.293930854882216" lon="114.24410998986748"><ele>200.36771992453512</ele><time>2023-02-25T06:25:49Z</time></trkpt><trkpt lat="22.293923448855104" lon="114.24409181887694"><ele>200.4429607374597</ele><time>2023-02-25T06:25:51Z</time></trkpt><trkpt lat="22.29388792109722" lon="114.24407886259121"><ele>201.09330524693596</ele><time>2023-02-25T06:25:55Z</time></trkpt><trkpt lat="22.293856741715295" lon="114.24407333533009"><ele>201.61683990824557</ele><time>2023-02-25T06:25:59Z</time></trkpt><trkpt lat="22.293834087523926" lon="114.24406987219231"><ele>201.5306563691415</ele><time>2023-02-25T06:26:03Z</time></trkpt><trkpt lat="22.293827174411764" lon="114.24404431224607"><ele>201.72719705716978</ele><time>2023-02-25T06:26:09Z</time></trkpt><trkpt lat="22.2938167808328" lon="114.24402448079769"><ele>202.19415159981048</ele><time>2023-02-25T06:26:11Z</time></trkpt><trkpt lat="22.29379423495386" lon="114.24401746035377"><ele>202.7163262115236</ele><time>2023-02-25T06:26:13Z</time></trkpt><trkpt lat="22.293765462647478" lon="114.24402368569599"><ele>203.03409683417829</ele><time>2023-02-25T06:26:15Z</time></trkpt><trkpt lat="22.293740643674127" lon="114.24402811146129"><ele>203.40055951157424</ele><time>2023-02-25T06:26:19Z</time></trkpt><trkpt lat="22.29376805900723" lon="114.24402719936641"><ele>204.70249008016708</ele><time>2023-02-25T06:26:39Z</time></trkpt><trkpt lat="22.293796525175388" lon="114.24401645559922"><ele>205.05288156252024</ele><time>2023-02-25T06:26:43Z</time></trkpt><trkpt lat="22.293808625539587" lon="114.24398923938503"><ele>205.5651775949786</ele><time>2023-02-25T06:26:47Z</time></trkpt><trkpt lat="22.293806991283247" lon="114.24395445143485"><ele>206.38278462099294</ele><time>2023-02-25T06:26:53Z</time></trkpt><trkpt lat="22.293800014051488" lon="114.24392725936337"><ele>206.60395231625736</ele><time>2023-02-25T06:26:55Z</time></trkpt><trkpt lat="22.29379344663275" lon="114.24390404926031"><ele>206.93242402751164</ele><time>2023-02-25T06:26:57Z</time></trkpt><trkpt lat="22.293791899115174" lon="114.24387167324036"><ele>206.77193991050038</ele><time>2023-02-25T06:27:01Z</time></trkpt><trkpt lat="22.293781155699413" lon="114.24384974085844"><ele>207.5084496888486</ele><time>2023-02-25T06:27:15Z</time></trkpt><trkpt lat="22.293765935318685" lon="114.24383692981318"><ele>208.2710528751567</ele><time>2023-02-25T06:27:19Z</time></trkpt><trkpt lat="22.293768841210905" lon="114.24381402681823"><ele>208.24167426113775</ele><time>2023-02-25T06:27:31Z</time></trkpt><trkpt lat="22.293751242780836" lon="114.24379528985453"><ele>207.9478326643819</ele><time>2023-02-25T06:27:33Z</time></trkpt><trkpt lat="22.293730124201563" lon="114.24378392085032"><ele>207.78911172251517</ele><time>2023-02-25T06:27:35Z</time></trkpt><trkpt lat="22.293698646211496" lon="114.24377637741497"><ele>207.5125138512374</ele><time>2023-02-25T06:27:37Z</time></trkpt><trkpt lat="22.2936792598067" lon="114.2437685678804"><ele>207.15028768635193</ele><time>2023-02-25T06:27:41Z</time></trkpt><trkpt lat="22.293669168333764" lon="114.24374790475076"><ele>206.6549561433241</ele><time>2023-02-25T06:27:47Z</time></trkpt><trkpt lat="22.293650116447722" lon="114.2437400998368"><ele>206.7231419620346</ele><time>2023-02-25T06:27:49Z</time></trkpt><trkpt lat="22.293627255406157" lon="114.2437236253003"><ele>206.8393604665669</ele><time>2023-02-25T06:27:51Z</time></trkpt><trkpt lat="22.29361751198731" lon="114.24370525201067"><ele>207.1712628550181</ele><time>2023-02-25T06:27:53Z</time></trkpt><trkpt lat="22.29358831255161" lon="114.24370710567955"><ele>207.09640356984195</ele><time>2023-02-25T06:28:01Z</time></trkpt><trkpt lat="22.293561659669997" lon="114.24369613140047"><ele>206.97854202150597</ele><time>2023-02-25T06:28:29Z</time></trkpt><trkpt lat="22.293545148623537" lon="114.24368187580463"><ele>207.1507013640562</ele><time>2023-02-25T06:28:31Z</time></trkpt><trkpt lat="22.29352394824068" lon="114.24367644488605"><ele>207.13235605977306</ele><time>2023-02-25T06:28:33Z</time></trkpt><trkpt lat="22.29350240850719" lon="114.24367366031011"><ele>206.6803139715305</ele><time>2023-02-25T06:28:35Z</time></trkpt><trkpt lat="22.293479021189885" lon="114.24366499501758"><ele>206.23598432517335</ele><time>2023-02-25T06:28:37Z</time></trkpt><trkpt lat="22.29345854484325" lon="114.24365106972856"><ele>205.94423981058793</ele><time>2023-02-25T06:28:39Z</time></trkpt><trkpt lat="22.29344429299519" lon="114.24363675829258"><ele>205.39862493310542</ele><time>2023-02-25T06:28:41Z</time></trkpt><trkpt lat="22.293418081893577" lon="114.24361761593627"><ele>204.568893964014</ele><time>2023-02-25T06:28:45Z</time></trkpt><trkpt lat="22.29339283239838" lon="114.24360985293389"><ele>202.91206200599203</ele><time>2023-02-25T06:28:49Z</time></trkpt><trkpt lat="22.29336828003538" lon="114.2436005752601"><ele>202.11095838133735</ele><time>2023-02-25T06:28:53Z</time></trkpt><trkpt lat="22.293340200634884" lon="114.24358607080633"><ele>200.671919284696</ele><time>2023-02-25T06:28:57Z</time></trkpt><trkpt lat="22.293305150316794" lon="114.24356703929318"><ele>198.78475135733657</ele><time>2023-02-25T06:29:01Z</time></trkpt><trkpt lat="22.293285264224917" lon="114.24355357337346"><ele>198.0466901324905</ele><time>2023-02-25T06:29:03Z</time></trkpt><trkpt lat="22.29326255143593" lon="114.24353471232762"><ele>197.08742815791166</ele><time>2023-02-25T06:29:05Z</time></trkpt><trkpt lat="22.29324189189441" lon="114.24351525862747"><ele>196.18661716278925</ele><time>2023-02-25T06:29:07Z</time></trkpt><trkpt lat="22.2932207953513" lon="114.24349978763672"><ele>194.25923113867663</ele><time>2023-02-25T06:29:19Z</time></trkpt><trkpt lat="22.293196383926357" lon="114.24348103368061"><ele>193.56238713790964</ele><time>2023-02-25T06:29:29Z</time></trkpt><trkpt lat="22.293221858312545" lon="114.24345999348361"><ele>193.1258852033019</ele><time>2023-02-25T06:29:35Z</time></trkpt><trkpt lat="22.293244808017356" lon="114.24345525489245"><ele>192.86426727754304</ele><time>2023-02-25T06:29:37Z</time></trkpt><trkpt lat="22.293275435193443" lon="114.24345090762864"><ele>191.76651785898312</ele><time>2023-02-25T06:29:41Z</time></trkpt><trkpt lat="22.293304008085542" lon="114.24344792158377"><ele>189.91988153490456</ele><time>2023-02-25T06:29:45Z</time></trkpt><trkpt lat="22.29330868367155" lon="114.24342574045913"><ele>188.77934356352486</ele><time>2023-02-25T06:29:49Z</time></trkpt><trkpt lat="22.293279567892707" lon="114.24338741671396"><ele>188.55583309491925</ele><time>2023-02-25T06:29:53Z</time></trkpt><trkpt lat="22.29326682112805" lon="114.2433670843644"><ele>188.07683692582808</ele><time>2023-02-25T06:29:55Z</time></trkpt><trkpt lat="22.293247664831778" lon="114.24333530152396"><ele>186.21454576590642</ele><time>2023-02-25T06:29:59Z</time></trkpt><trkpt lat="22.293243344226855" lon="114.24331588071193"><ele>185.76867966284874</ele><time>2023-02-25T06:30:01Z</time></trkpt><trkpt lat="22.29323645491333" lon="114.24328688027494"><ele>185.5566244709877</ele><time>2023-02-25T06:30:05Z</time></trkpt><trkpt lat="22.293228668009434" lon="114.24326658636953"><ele>185.33152429969564</ele><time>2023-02-25T06:30:07Z</time></trkpt><trkpt lat="22.293220310606532" lon="114.2432493106924"><ele>185.16599186165124</ele><time>2023-02-25T06:30:09Z</time></trkpt><trkpt lat="22.293211445294183" lon="114.24323172630916"><ele>184.978991724914</ele><time>2023-02-25T06:30:11Z</time></trkpt><trkpt lat="22.29320410561167" lon="114.24320904457338"><ele>184.61537238830573</ele><time>2023-02-25T06:30:13Z</time></trkpt><trkpt lat="22.29319548246597" lon="114.24319000913445"><ele>184.2025099051541</ele><time>2023-02-25T06:30:15Z</time></trkpt><trkpt lat="22.293183004645392" lon="114.24317317900389"><ele>183.6927615081141</ele><time>2023-02-25T06:30:19Z</time></trkpt><trkpt lat="22.293174838658526" lon="114.24314792899207"><ele>183.48938462153004</ele><time>2023-02-25T06:30:49Z</time></trkpt><trkpt lat="22.29315708931737" lon="114.24311857810156"><ele>183.2044502221651</ele><time>2023-02-25T06:30:53Z</time></trkpt><trkpt lat="22.293134543440292" lon="114.24310108699787"><ele>182.95973038533577</ele><time>2023-02-25T06:30:55Z</time></trkpt><trkpt lat="22.29311123210359" lon="114.24309393308329"><ele>182.55584587625174</ele><time>2023-02-25T06:30:57Z</time></trkpt><trkpt lat="22.29308902027055" lon="114.24309434786771"><ele>181.9925901132238</ele><time>2023-02-25T06:30:59Z</time></trkpt><trkpt lat="22.29305730745677" lon="114.24310780859471"><ele>181.39822085004005</ele><time>2023-02-25T06:31:03Z</time></trkpt><trkpt lat="22.293021257609873" lon="114.24309859251937"><ele>181.9769890701196</ele><time>2023-02-25T06:31:07Z</time></trkpt><trkpt lat="22.293000457247782" lon="114.24309924811854"><ele>181.85787706730375</ele><time>2023-02-25T06:31:09Z</time></trkpt><trkpt lat="22.292977189153675" lon="114.24310822303019"><ele>181.88817421517888</ele><time>2023-02-25T06:31:11Z</time></trkpt><trkpt lat="22.292958067950877" lon="114.2431171671046"><ele>181.89137925857096</ele><time>2023-02-25T06:31:13Z</time></trkpt><trkpt lat="22.29294063118577" lon="114.24312616579495"><ele>182.39736855488616</ele><time>2023-02-25T06:31:15Z</time></trkpt><trkpt lat="22.292921208421628" lon="114.24313081268443"><ele>182.62290878771068</ele><time>2023-02-25T06:31:19Z</time></trkpt><trkpt lat="22.292885967433357" lon="114.24314621048202"><ele>182.1535389069275</ele><time>2023-02-25T06:31:27Z</time></trkpt><trkpt lat="22.292871281842256" lon="114.24315961623404"><ele>182.1809684860413</ele><time>2023-02-25T06:31:29Z</time></trkpt><trkpt lat="22.29286325465334" lon="114.24317786569742"><ele>182.17933864862812</ele><time>2023-02-25T06:31:31Z</time></trkpt><trkpt lat="22.292861838995098" lon="114.24319833268119"><ele>181.84174269893893</ele><time>2023-02-25T06:31:35Z</time></trkpt><trkpt lat="22.292843789665543" lon="114.24320685480127"><ele>182.32698208545781</ele><time>2023-02-25T06:31:49Z</time></trkpt><trkpt lat="22.292821262807927" lon="114.2432030801998"><ele>182.04849914840082</ele><time>2023-02-25T06:31:53Z</time></trkpt><trkpt lat="22.292805801334463" lon="114.24319102215496"><ele>181.4694636230944</ele><time>2023-02-25T06:32:01Z</time></trkpt><trkpt lat="22.292792811371623" lon="114.24317619330927"><ele>180.92960131752756</ele><time>2023-02-25T06:32:07Z</time></trkpt><trkpt lat="22.292772012997727" lon="114.24316471925124"><ele>179.72946609868492</ele><time>2023-02-25T06:32:11Z</time></trkpt><trkpt lat="22.292794445711426" lon="114.24316840871401"><ele>177.87435085624804</ele><time>2023-02-25T06:32:37Z</time></trkpt><trkpt lat="22.292814367477497" lon="114.24317407246086"><ele>177.8434079608744</ele><time>2023-02-25T06:32:39Z</time></trkpt><trkpt lat="22.292832197151625" lon="114.24318525845672"><ele>178.0362811204322</ele><time>2023-02-25T06:32:43Z</time></trkpt><trkpt lat="22.29285227070502" lon="114.24319863894252"><ele>178.45951022112212</ele><time>2023-02-25T06:32:47Z</time></trkpt><trkpt lat="22.29287209166871" lon="114.24321124149706"><ele>178.43755456412566</ele><time>2023-02-25T06:32:51Z</time></trkpt><trkpt lat="22.29287623489763" lon="114.24319229346303"><ele>178.25917964250502</ele><time>2023-02-25T06:32:53Z</time></trkpt><trkpt lat="22.292880766455834" lon="114.24316976896705"><ele>178.07803930836045</ele><time>2023-02-25T06:32:55Z</time></trkpt><trkpt lat="22.292888409459984" lon="114.24314730894397"><ele>177.93224523631244</ele><time>2023-02-25T06:32:57Z</time></trkpt><trkpt lat="22.292905456662382" lon="114.24313172436737"><ele>177.74101913026274</ele><time>2023-02-25T06:32:59Z</time></trkpt><trkpt lat="22.292922283257298" lon="114.24311975999466"><ele>177.55791883668132</ele><time>2023-02-25T06:33:01Z</time></trkpt><trkpt lat="22.292942424924835" lon="114.24311282406074"><ele>177.58907695096917</ele><time>2023-02-25T06:33:03Z</time></trkpt><trkpt lat="22.292964657055446" lon="114.24311026147113"><ele>177.57561132464772</ele><time>2023-02-25T06:33:05Z</time></trkpt><trkpt lat="22.29299276759628" lon="114.24311107022878"><ele>177.3375474414554</ele><time>2023-02-25T06:33:07Z</time></trkpt><trkpt lat="22.293017138807976" lon="114.2431137761798"><ele>177.08852357036668</ele><time>2023-02-25T06:33:09Z</time></trkpt><trkpt lat="22.293039745342547" lon="114.24311833608668"><ele>176.8155430635709</ele><time>2023-02-25T06:33:11Z</time></trkpt><trkpt lat="22.293067186494504" lon="114.2431159604397"><ele>176.57870261476984</ele><time>2023-02-25T06:33:13Z</time></trkpt><trkpt lat="22.2930930848956" lon="114.24311693568809"><ele>176.48424221178246</ele><time>2023-02-25T06:33:15Z</time></trkpt><trkpt lat="22.293114997931372" lon="114.24312648667572"><ele>176.01541010195783</ele><time>2023-02-25T06:33:17Z</time></trkpt><trkpt lat="22.293135160046816" lon="114.24314304503044"><ele>175.27882033448645</ele><time>2023-02-25T06:33:19Z</time></trkpt><trkpt lat="22.2931476767862" lon="114.2431617243417"><ele>174.96204540736738</ele><time>2023-02-25T06:33:21Z</time></trkpt><trkpt lat="22.293158435517142" lon="114.24317762199655"><ele>174.65200195204324</ele><time>2023-02-25T06:33:23Z</time></trkpt><trkpt lat="22.29317720841947" lon="114.24315722398279"><ele>174.30535516136678</ele><time>2023-02-25T06:33:27Z</time></trkpt><trkpt lat="22.293178737111486" lon="114.24311929272231"><ele>174.2646453207032</ele><time>2023-02-25T06:33:29Z</time></trkpt><trkpt lat="22.293167046908824" lon="114.24308583680727"><ele>174.53747502109542</ele><time>2023-02-25T06:33:31Z</time></trkpt><trkpt lat="22.29315171496506" lon="114.24306014458487"><ele>174.43047284754823</ele><time>2023-02-25T06:33:33Z</time></trkpt><trkpt lat="22.293137118098812" lon="114.2430436166269"><ele>174.14773535240025</ele><time>2023-02-25T06:33:35Z</time></trkpt><trkpt lat="22.293120085140803" lon="114.24302975363933"><ele>173.70829967580988</ele><time>2023-02-25T06:33:37Z</time></trkpt><trkpt lat="22.293098739958307" lon="114.2430218131739"><ele>173.25421054580852</ele><time>2023-02-25T06:33:39Z</time></trkpt><trkpt lat="22.293080829498052" lon="114.24301451371524"><ele>173.0314015003543</ele><time>2023-02-25T06:33:41Z</time></trkpt><trkpt lat="22.293060155899415" lon="114.24300541758004"><ele>172.76676117983</ele><time>2023-02-25T06:33:43Z</time></trkpt><trkpt lat="22.29304355827101" lon="114.2429974806244"><ele>172.84779392814076</ele><time>2023-02-25T06:33:45Z</time></trkpt><trkpt lat="22.293015130870863" lon="114.24297059951907"><ele>172.6362890739995</ele><time>2023-02-25T06:33:49Z</time></trkpt><trkpt lat="22.292999534406288" lon="114.24295703510455"><ele>172.39017305458063</ele><time>2023-02-25T06:33:51Z</time></trkpt><trkpt lat="22.292979497535637" lon="114.2429478100492"><ele>171.87565991949023</ele><time>2023-02-25T06:33:53Z</time></trkpt><trkpt lat="22.292960829280194" lon="114.242944134458"><ele>172.081069145821</ele><time>2023-02-25T06:33:55Z</time></trkpt><trkpt lat="22.29293837407754" lon="114.24293837003273"><ele>171.50704254418312</ele><time>2023-02-25T06:33:57Z</time></trkpt><trkpt lat="22.292911584747944" lon="114.24293723331854"><ele>171.06445767763634</ele><time>2023-02-25T06:33:59Z</time></trkpt><trkpt lat="22.29288703616628" lon="114.24293844747554"><ele>170.66371386274128</ele><time>2023-02-25T06:34:01Z</time></trkpt><trkpt lat="22.29286612504667" lon="114.24294198049861"><ele>170.3500103420256</ele><time>2023-02-25T06:34:03Z</time></trkpt><trkpt lat="22.29284209880235" lon="114.24294221009266"><ele>170.22216067380668</ele><time>2023-02-25T06:34:05Z</time></trkpt><trkpt lat="22.292813188790625" lon="114.24294047262764"><ele>170.01355004321508</ele><time>2023-02-25T06:34:07Z</time></trkpt><trkpt lat="22.292786026746437" lon="114.24293818849601"><ele>170.17314218971552</ele><time>2023-02-25T06:34:09Z</time></trkpt><trkpt lat="22.292758274996427" lon="114.24293738110603"><ele>169.9622651821297</ele><time>2023-02-25T06:34:11Z</time></trkpt><trkpt lat="22.292734631552406" lon="114.24293354659815"><ele>169.63414589773433</ele><time>2023-02-25T06:34:13Z</time></trkpt><trkpt lat="22.292713187001382" lon="114.24292835039408"><ele>168.91273327948397</ele><time>2023-02-25T06:34:15Z</time></trkpt><trkpt lat="22.292686738687443" lon="114.24293502863306"><ele>167.59437279823493</ele><time>2023-02-25T06:34:19Z</time></trkpt><trkpt lat="22.29267172200285" lon="114.24290985588931"><ele>167.87250082523798</ele><time>2023-02-25T06:34:23Z</time></trkpt><trkpt lat="22.29269937678005" lon="114.24291861216382"><ele>167.21131130524228</ele><time>2023-02-25T06:34:37Z</time></trkpt><trkpt lat="22.292725375115918" lon="114.24291566620482"><ele>167.05641410035463</ele><time>2023-02-25T06:34:39Z</time></trkpt><trkpt lat="22.292748372049736" lon="114.24291133294616"><ele>166.89618287529282</ele><time>2023-02-25T06:34:41Z</time></trkpt><trkpt lat="22.292769100442328" lon="114.24289918710839"><ele>166.6010983196733</ele><time>2023-02-25T06:34:43Z</time></trkpt><trkpt lat="22.292788360959573" lon="114.24288820251641"><ele>166.555787216884</ele><time>2023-02-25T06:34:45Z</time></trkpt><trkpt lat="22.29280663108043" lon="114.24287420653118"><ele>166.47901183482912</ele><time>2023-02-25T06:34:47Z</time></trkpt><trkpt lat="22.292830931103847" lon="114.24286793831415"><ele>166.2167838970777</ele><time>2023-02-25T06:34:49Z</time></trkpt><trkpt lat="22.29278827577784" lon="114.24285018677992"><ele>164.53998038308154</ele><time>2023-02-25T06:34:55Z</time></trkpt><trkpt lat="22.292760452999286" lon="114.24284533002451"><ele>164.00441304117606</ele><time>2023-02-25T06:34:57Z</time></trkpt><trkpt lat="22.29273901259865" lon="114.2428366441655"><ele>163.43581357731495</ele><time>2023-02-25T06:34:59Z</time></trkpt><trkpt lat="22.292710715015133" lon="114.24281086046994"><ele>161.74140433393404</ele><time>2023-02-25T06:35:03Z</time></trkpt><trkpt lat="22.292695052120504" lon="114.24279036821342"><ele>161.13923618819692</ele><time>2023-02-25T06:35:05Z</time></trkpt><trkpt lat="22.29268084699994" lon="114.24277109069057"><ele>160.65723403394256</ele><time>2023-02-25T06:35:07Z</time></trkpt><trkpt lat="22.29266628225222" lon="114.24275226141916"><ele>160.3610539910782</ele><time>2023-02-25T06:35:09Z</time></trkpt><trkpt lat="22.292652991801337" lon="114.24273585165628"><ele>159.94273758946366</ele><time>2023-02-25T06:35:11Z</time></trkpt><trkpt lat="22.292638283325743" lon="114.24272307984842"><ele>159.41634350518504</ele><time>2023-02-25T06:35:13Z</time></trkpt><trkpt lat="22.292620201115803" lon="114.24271409433702"><ele>158.81158106487445</ele><time>2023-02-25T06:35:15Z</time></trkpt><trkpt lat="22.29259992131089" lon="114.24270380454485"><ele>158.47923993375036</ele><time>2023-02-25T06:35:17Z</time></trkpt><trkpt lat="22.29257854529226" lon="114.24267922813493"><ele>157.66694936345712</ele><time>2023-02-25T06:35:19Z</time></trkpt><trkpt lat="22.292561804014326" lon="114.24265891522454"><ele>157.21345464852612</ele><time>2023-02-25T06:35:21Z</time></trkpt><trkpt lat="22.292545713533805" lon="114.24261214046442"><ele>156.36429716213948</ele><time>2023-02-25T06:35:25Z</time></trkpt><trkpt lat="22.29253306639077" lon="114.24259113562694"><ele>155.9133294612148</ele><time>2023-02-25T06:35:27Z</time></trkpt><trkpt lat="22.292512076428384" lon="114.24257171653238"><ele>155.28142631238967</ele><time>2023-02-25T06:35:29Z</time></trkpt><trkpt lat="22.292484848749115" lon="114.24255947034744"><ele>154.6598479973219</ele><time>2023-02-25T06:35:31Z</time></trkpt><trkpt lat="22.292458105914587" lon="114.24254727163809"><ele>154.3996605034775</ele><time>2023-02-25T06:35:33Z</time></trkpt><trkpt lat="22.292429753141125" lon="114.24254253501823"><ele>154.01534246538466</ele><time>2023-02-25T06:35:35Z</time></trkpt><trkpt lat="22.292404414778147" lon="114.24254070436398"><ele>153.75047992059265</ele><time>2023-02-25T06:35:37Z</time></trkpt><trkpt lat="22.29238358064603" lon="114.24253371590507"><ele>153.44169658925935</ele><time>2023-02-25T06:35:39Z</time></trkpt><trkpt lat="22.29235872356516" lon="114.24252392662126"><ele>152.87410755074038</ele><time>2023-02-25T06:35:41Z</time></trkpt><trkpt lat="22.292335625524125" lon="114.24251361234121"><ele>152.44827987967966</ele><time>2023-02-25T06:35:43Z</time></trkpt><trkpt lat="22.292304268119203" lon="114.24250203798516"><ele>152.5706924123071</ele><time>2023-02-25T06:35:45Z</time></trkpt><trkpt lat="22.29227848630378" lon="114.24250388902178"><ele>152.0351164901873</ele><time>2023-02-25T06:35:47Z</time></trkpt><trkpt lat="22.292256747155882" lon="114.24250331757261"><ele>151.75006105053905</ele><time>2023-02-25T06:35:49Z</time></trkpt><trkpt lat="22.292238187599768" lon="114.2425024964762"><ele>151.23915048448185</ele><time>2023-02-25T06:35:51Z</time></trkpt><trkpt lat="22.29221532354809" lon="114.24247663378726"><ele>150.07697809790267</ele><time>2023-02-25T06:35:55Z</time></trkpt><trkpt lat="22.29221609952315" lon="114.2424530288739"><ele>149.68463644669245</ele><time>2023-02-25T06:35:57Z</time></trkpt><trkpt lat="22.29222128223336" lon="114.24242939695094"><ele>148.66800360464555</ele><time>2023-02-25T06:35:59Z</time></trkpt><trkpt lat="22.292226013627733" lon="114.24240892845403"><ele>148.3461154037459</ele><time>2023-02-25T06:36:01Z</time></trkpt><trkpt lat="22.292236230560814" lon="114.24238531869693"><ele>148.27942142560852</ele><time>2023-02-25T06:36:03Z</time></trkpt><trkpt lat="22.292248618171516" lon="114.24236377951371"><ele>148.40858598927306</ele><time>2023-02-25T06:36:05Z</time></trkpt><trkpt lat="22.292263075550526" lon="114.24234588404384"><ele>148.23768354619654</ele><time>2023-02-25T06:36:07Z</time></trkpt><trkpt lat="22.29227847267704" lon="114.24232460144869"><ele>147.93849236962703</ele><time>2023-02-25T06:36:09Z</time></trkpt><trkpt lat="22.292288705843113" lon="114.24230334340669"><ele>147.87962239479668</ele><time>2023-02-25T06:36:11Z</time></trkpt><trkpt lat="22.292295317587005" lon="114.24228230310295"><ele>147.41986900416416</ele><time>2023-02-25T06:36:13Z</time></trkpt><trkpt lat="22.29230610426352" lon="114.24225980592696"><ele>147.1950385436746</ele><time>2023-02-25T06:36:15Z</time></trkpt><trkpt lat="22.2923202729187" lon="114.24223978370938"><ele>147.41383804824017</ele><time>2023-02-25T06:36:17Z</time></trkpt><trkpt lat="22.292300333675325" lon="114.24222886755186"><ele>147.1893435718013</ele><time>2023-02-25T06:36:35Z</time></trkpt><trkpt lat="22.292282788773363" lon="114.24220263491644"><ele>146.4641242532441</ele><time>2023-02-25T06:36:37Z</time></trkpt><trkpt lat="22.29226588144523" lon="114.24217547664261"><ele>145.91896444372526</ele><time>2023-02-25T06:36:39Z</time></trkpt><trkpt lat="22.292247706218298" lon="114.24215870771253"><ele>145.41109819611972</ele><time>2023-02-25T06:36:41Z</time></trkpt><trkpt lat="22.29222976754906" lon="114.24214270043866"><ele>145.11605646646913</ele><time>2023-02-25T06:36:43Z</time></trkpt><trkpt lat="22.292213347807596" lon="114.24212423314353"><ele>144.60912282791097</ele><time>2023-02-25T06:36:45Z</time></trkpt><trkpt lat="22.292195210585394" lon="114.24210592616414"><ele>144.29175016733004</ele><time>2023-02-25T06:36:47Z</time></trkpt><trkpt lat="22.292171005869303" lon="114.24209394751264"><ele>144.16919210334385</ele><time>2023-02-25T06:36:49Z</time></trkpt><trkpt lat="22.29214740360593" lon="114.24208363828421"><ele>144.12205656096938</ele><time>2023-02-25T06:36:51Z</time></trkpt><trkpt lat="22.29212649885682" lon="114.24207280798414"><ele>143.85730246048382</ele><time>2023-02-25T06:36:53Z</time></trkpt><trkpt lat="22.292109774240284" lon="114.24206024714212"><ele>143.71311064599337</ele><time>2023-02-25T06:36:55Z</time></trkpt><trkpt lat="22.292092523549204" lon="114.24204939001662"><ele>143.6210539519286</ele><time>2023-02-25T06:36:57Z</time></trkpt><trkpt lat="22.292072617166546" lon="114.24204131468179"><ele>143.39247456593768</ele><time>2023-02-25T06:36:59Z</time></trkpt><trkpt lat="22.2920531220794" lon="114.24203760245948"><ele>143.17249864571167</ele><time>2023-02-25T06:37:01Z</time></trkpt><trkpt lat="22.29202780426527" lon="114.24203898414481"><ele>142.76315732874517</ele><time>2023-02-25T06:37:03Z</time></trkpt><trkpt lat="22.29200279998298" lon="114.24204510769232"><ele>142.42031726236635</ele><time>2023-02-25T06:37:05Z</time></trkpt><trkpt lat="22.291977391093724" lon="114.24205467881545"><ele>142.08795061655837</ele><time>2023-02-25T06:37:07Z</time></trkpt><trkpt lat="22.2919560468111" lon="114.24205496228122"><ele>142.11804363296395</ele><time>2023-02-25T06:37:09Z</time></trkpt><trkpt lat="22.291937380353023" lon="114.24204386320127"><ele>142.3004306442252</ele><time>2023-02-25T06:37:11Z</time></trkpt><trkpt lat="22.291919879611715" lon="114.24202711324745"><ele>142.2337735358812</ele><time>2023-02-25T06:37:13Z</time></trkpt><trkpt lat="22.29191099506707" lon="114.24200166656443"><ele>141.61494247667082</ele><time>2023-02-25T06:37:15Z</time></trkpt><trkpt lat="22.291903666570327" lon="114.2419753649495"><ele>141.5633073703611</ele><time>2023-02-25T06:37:17Z</time></trkpt><trkpt lat="22.291899693342778" lon="114.24194721792821"><ele>141.33243648772225</ele><time>2023-02-25T06:37:19Z</time></trkpt><trkpt lat="22.291894489952796" lon="114.24191738416367"><ele>140.9701987129592</ele><time>2023-02-25T06:37:21Z</time></trkpt><trkpt lat="22.291886739544083" lon="114.2418992907608"><ele>140.31422526679347</ele><time>2023-02-25T06:37:23Z</time></trkpt><trkpt lat="22.291889547852666" lon="114.24187063914262"><ele>139.9393060550456</ele><time>2023-02-25T06:37:27Z</time></trkpt><trkpt lat="22.291885321750932" lon="114.2418408884517"><ele>139.49913474548904</ele><time>2023-02-25T06:37:29Z</time></trkpt><trkpt lat="22.291885854189633" lon="114.2418171228972"><ele>138.88375988915914</ele><time>2023-02-25T06:37:31Z</time></trkpt><trkpt lat="22.291888674999573" lon="114.24179042358958"><ele>138.4680936238128</ele><time>2023-02-25T06:37:33Z</time></trkpt><trkpt lat="22.29187206437003" lon="114.24175273003067"><ele>137.6883829416203</ele><time>2023-02-25T06:37:37Z</time></trkpt><trkpt lat="22.291858951876947" lon="114.24173270411447"><ele>137.54563328990864</ele><time>2023-02-25T06:37:39Z</time></trkpt><trkpt lat="22.29184837975413" lon="114.24171306193806"><ele>137.31174601909458</ele><time>2023-02-25T06:37:41Z</time></trkpt><trkpt lat="22.291831392843" lon="114.24169852448874"><ele>136.99578805300655</ele><time>2023-02-25T06:37:43Z</time></trkpt><trkpt lat="22.291811645948158" lon="114.24168602914577"><ele>137.05076898491797</ele><time>2023-02-25T06:37:45Z</time></trkpt><trkpt lat="22.29179133336114" lon="114.24168133282487"><ele>136.77676410925756</ele><time>2023-02-25T06:37:47Z</time></trkpt><trkpt lat="22.291767030996496" lon="114.24167307284227"><ele>135.91971238452797</ele><time>2023-02-25T06:37:49Z</time></trkpt><trkpt lat="22.29174732249097" lon="114.24166590362344"><ele>135.06562379640238</ele><time>2023-02-25T06:37:51Z</time></trkpt><trkpt lat="22.29172581414181" lon="114.24166536116343"><ele>133.93543190863468</ele><time>2023-02-25T06:37:55Z</time></trkpt><trkpt lat="22.29170536983032" lon="114.24165728075386"><ele>133.3458390240041</ele><time>2023-02-25T06:37:57Z</time></trkpt><trkpt lat="22.291681761495536" lon="114.241652564026"><ele>132.77536652435452</ele><time>2023-02-25T06:37:59Z</time></trkpt><trkpt lat="22.291656549829057" lon="114.24165123499048"><ele>132.44412245998095</ele><time>2023-02-25T06:38:01Z</time></trkpt><trkpt lat="22.291634754803553" lon="114.24164568035216"><ele>131.99241337917937</ele><time>2023-02-25T06:38:03Z</time></trkpt><trkpt lat="22.29161802740779" lon="114.24163585229849"><ele>131.6182554061862</ele><time>2023-02-25T06:38:05Z</time></trkpt><trkpt lat="22.29159815376409" lon="114.24162894736389"><ele>131.14336872878218</ele><time>2023-02-25T06:38:07Z</time></trkpt><trkpt lat="22.29157772067889" lon="114.24162552378534"><ele>130.79779958588125</ele><time>2023-02-25T06:38:09Z</time></trkpt><trkpt lat="22.291558803372276" lon="114.2416197671277"><ele>130.65296792951335</ele><time>2023-02-25T06:38:11Z</time></trkpt><trkpt lat="22.291539429501697" lon="114.24161041063948"><ele>130.43112545839563</ele><time>2023-02-25T06:38:13Z</time></trkpt><trkpt lat="22.29151826049718" lon="114.24160406508194"><ele>129.8549028233038</ele><time>2023-02-25T06:38:15Z</time></trkpt><trkpt lat="22.29149788591069" lon="114.24159917330452"><ele>129.5385791759352</ele><time>2023-02-25T06:38:17Z</time></trkpt><trkpt lat="22.291474641546962" lon="114.24159465197584"><ele>129.21086492117587</ele><time>2023-02-25T06:38:19Z</time></trkpt><trkpt lat="22.291451479401527" lon="114.24158991359428"><ele>128.77049512452174</ele><time>2023-02-25T06:38:21Z</time></trkpt><trkpt lat="22.291425667204535" lon="114.24158690548197"><ele>128.11531441870062</ele><time>2023-02-25T06:38:23Z</time></trkpt><trkpt lat="22.29140081639225" lon="114.24158205806869"><ele>127.33505781939746</ele><time>2023-02-25T06:38:25Z</time></trkpt><trkpt lat="22.29137320305019" lon="114.24158282198486"><ele>126.7618218580189</ele><time>2023-02-25T06:38:27Z</time></trkpt><trkpt lat="22.291342521069883" lon="114.2415893020917"><ele>126.2119601987764</ele><time>2023-02-25T06:38:29Z</time></trkpt><trkpt lat="22.29132145759816" lon="114.24160001662753"><ele>126.0800521692342</ele><time>2023-02-25T06:38:31Z</time></trkpt><trkpt lat="22.29130246023742" lon="114.24161205533308"><ele>125.71261035616699</ele><time>2023-02-25T06:38:33Z</time></trkpt><trkpt lat="22.291287643485926" lon="114.24162465038336"><ele>125.48150697241906</ele><time>2023-02-25T06:38:35Z</time></trkpt><trkpt lat="22.291265139862688" lon="114.24163376483591"><ele>125.38250539038381</ele><time>2023-02-25T06:38:37Z</time></trkpt><trkpt lat="22.29124606240205" lon="114.24164485019517"><ele>125.63363370794445</ele><time>2023-02-25T06:38:39Z</time></trkpt><trkpt lat="22.29122399734771" lon="114.24164867847931"><ele>125.8543572535178</ele><time>2023-02-25T06:38:41Z</time></trkpt><trkpt lat="22.291201830211957" lon="114.2416533094503"><ele>126.17050336926829</ele><time>2023-02-25T06:38:43Z</time></trkpt><trkpt lat="22.291179331972568" lon="114.2416497922983"><ele>126.70581158131702</ele><time>2023-02-25T06:38:45Z</time></trkpt><trkpt lat="22.29114499115926" lon="114.24164488763644"><ele>127.49755059807022</ele><time>2023-02-25T06:38:49Z</time></trkpt><trkpt lat="22.29113110249768" lon="114.24163142279306"><ele>127.66305389949079</ele><time>2023-02-25T06:38:51Z</time></trkpt><trkpt lat="22.291115630368935" lon="114.24161203065829"><ele>127.56773371645626</ele><time>2023-02-25T06:38:53Z</time></trkpt><trkpt lat="22.291096709381847" lon="114.2415920195314"><ele>127.12167443167237</ele><time>2023-02-25T06:38:55Z</time></trkpt><trkpt lat="22.291074255942707" lon="114.24158067044331"><ele>126.20903133501113</ele><time>2023-02-25T06:38:57Z</time></trkpt><trkpt lat="22.291053656019795" lon="114.24157155201783"><ele>125.56949880525252</ele><time>2023-02-25T06:38:59Z</time></trkpt><trkpt lat="22.291031647237418" lon="114.24156710305215"><ele>125.1078605058195</ele><time>2023-02-25T06:39:01Z</time></trkpt><trkpt lat="22.291012171376092" lon="114.24156857243368"><ele>124.84030358182453</ele><time>2023-02-25T06:39:03Z</time></trkpt><trkpt lat="22.290989509662857" lon="114.24156526757503"><ele>124.67946805140514</ele><time>2023-02-25T06:39:05Z</time></trkpt><trkpt lat="22.290970690687764" lon="114.24155474841022"><ele>123.98133257592387</ele><time>2023-02-25T06:39:07Z</time></trkpt><trkpt lat="22.290948026279274" lon="114.24154203316277"><ele>123.64832902217923</ele><time>2023-02-25T06:39:09Z</time></trkpt><trkpt lat="22.290923273446523" lon="114.2415303467223"><ele>123.1542839366001</ele><time>2023-02-25T06:39:11Z</time></trkpt><trkpt lat="22.29089488414398" lon="114.24152337745458"><ele>122.40742878492937</ele><time>2023-02-25T06:39:13Z</time></trkpt><trkpt lat="22.290868495452724" lon="114.24151799717788"><ele>122.03989551901789</ele><time>2023-02-25T06:39:15Z</time></trkpt><trkpt lat="22.290843263960213" lon="114.24151090463985"><ele>121.66185469021244</ele><time>2023-02-25T06:39:17Z</time></trkpt><trkpt lat="22.29081728312691" lon="114.24150007049445"><ele>121.07857466847419</ele><time>2023-02-25T06:39:19Z</time></trkpt><trkpt lat="22.29079303446795" lon="114.24149043617128"><ele>120.37102864267145</ele><time>2023-02-25T06:39:21Z</time></trkpt><trkpt lat="22.290774176632844" lon="114.24148130257198"><ele>119.84176796161256</ele><time>2023-02-25T06:39:23Z</time></trkpt><trkpt lat="22.29075559117067" lon="114.24147290445565"><ele>119.09474400659877</ele><time>2023-02-25T06:39:25Z</time></trkpt><trkpt lat="22.290736283615836" lon="114.24146513702432"><ele>118.82367130914477</ele><time>2023-02-25T06:39:27Z</time></trkpt><trkpt lat="22.290700642799028" lon="114.24145679799311"><ele>118.54003083230418</ele><time>2023-02-25T06:39:31Z</time></trkpt><trkpt lat="22.29068107417469" lon="114.2414519044611"><ele>118.02049798131087</ele><time>2023-02-25T06:39:33Z</time></trkpt><trkpt lat="22.29066764510589" lon="114.24143884027416"><ele>117.36541357221563</ele><time>2023-02-25T06:39:35Z</time></trkpt><trkpt lat="22.29065851733707" lon="114.24141032631516"><ele>116.9393513352657</ele><time>2023-02-25T06:39:39Z</time></trkpt><trkpt lat="22.29065608369464" lon="114.24138637251819"><ele>115.68214793112826</ele><time>2023-02-25T06:39:43Z</time></trkpt><trkpt lat="22.29064576681774" lon="114.24136984534371"><ele>114.60268554777782</ele><time>2023-02-25T06:39:47Z</time></trkpt><trkpt lat="22.290633948965166" lon="114.2413522578931"><ele>113.86465404830221</ele><time>2023-02-25T06:39:59Z</time></trkpt><trkpt lat="22.290618602620093" lon="114.24132193835017"><ele>112.58844203768344</ele><time>2023-02-25T06:40:03Z</time></trkpt><trkpt lat="22.290608637116534" lon="114.24129533683472"><ele>112.30335536835176</ele><time>2023-02-25T06:40:05Z</time></trkpt><trkpt lat="22.29059491066137" lon="114.24127346116613"><ele>112.04561134241082</ele><time>2023-02-25T06:40:07Z</time></trkpt><trkpt lat="22.290581069621453" lon="114.24125869207917"><ele>110.55266238957397</ele><time>2023-02-25T06:40:11Z</time></trkpt><trkpt lat="22.29056465885603" lon="114.24127534194865"><ele>109.61863819582109</ele><time>2023-02-25T06:40:29Z</time></trkpt><trkpt lat="22.29054678608607" lon="114.24129765547877"><ele>109.96761644542352</ele><time>2023-02-25T06:40:33Z</time></trkpt><trkpt lat="22.2905400066923" lon="114.24132188089003"><ele>109.45619458259388</ele><time>2023-02-25T06:40:35Z</time></trkpt><trkpt lat="22.290531818367548" lon="114.24134123419405"><ele>108.93345738627514</ele><time>2023-02-25T06:40:37Z</time></trkpt><trkpt lat="22.290502814650836" lon="114.24136329807608"><ele>107.75752149875285</ele><time>2023-02-25T06:40:41Z</time></trkpt><trkpt lat="22.290485122282707" lon="114.24136929019645"><ele>107.21061030120593</ele><time>2023-02-25T06:40:43Z</time></trkpt><trkpt lat="22.2904683579564" lon="114.24138275659182"><ele>106.90446445400649</ele><time>2023-02-25T06:40:45Z</time></trkpt><trkpt lat="22.290451685386834" lon="114.24140294995544"><ele>106.85669165362029</ele><time>2023-02-25T06:40:47Z</time></trkpt><trkpt lat="22.290426341862297" lon="114.24141774078099"><ele>106.90324362568752</ele><time>2023-02-25T06:40:49Z</time></trkpt><trkpt lat="22.290406704244734" lon="114.24143608570951"><ele>106.48384992524501</ele><time>2023-02-25T06:40:51Z</time></trkpt><trkpt lat="22.29038743333474" lon="114.24145200927663"><ele>106.0918454247241</ele><time>2023-02-25T06:40:53Z</time></trkpt><trkpt lat="22.290366795472828" lon="114.24146993949661"><ele>105.84679035262101</ele><time>2023-02-25T06:40:55Z</time></trkpt><trkpt lat="22.29034647305056" lon="114.24148027753114"><ele>105.55278121581529</ele><time>2023-02-25T06:40:57Z</time></trkpt><trkpt lat="22.290331161041635" lon="114.24149183985017"><ele>105.28846442109493</ele><time>2023-02-25T06:40:59Z</time></trkpt><trkpt lat="22.29031362333895" lon="114.24150791208726"><ele>105.07674430356693</ele><time>2023-02-25T06:41:01Z</time></trkpt><trkpt lat="22.290286247285223" lon="114.24152579665838"><ele>105.5225190974166</ele><time>2023-02-25T06:41:03Z</time></trkpt><trkpt lat="22.29025803268641" lon="114.24153388471385"><ele>106.1549845980306</ele><time>2023-02-25T06:41:05Z</time></trkpt><trkpt lat="22.290221195676462" lon="114.24153495089705"><ele>106.69467667727793</ele><time>2023-02-25T06:41:07Z</time></trkpt><trkpt lat="22.290195407124326" lon="114.24152462651767"><ele>107.61958963776696</ele><time>2023-02-25T06:41:09Z</time></trkpt><trkpt lat="22.290169642126926" lon="114.24151795195667"><ele>108.0796936145366</ele><time>2023-02-25T06:41:11Z</time></trkpt><trkpt lat="22.29014260226899" lon="114.2415132576668"><ele>108.76481082371272</ele><time>2023-02-25T06:41:13Z</time></trkpt><trkpt lat="22.290115808104538" lon="114.24150740263856"><ele>108.96471250138528</ele><time>2023-02-25T06:41:15Z</time></trkpt><trkpt lat="22.29009134808598" lon="114.24150538050097"><ele>109.02207208166736</ele><time>2023-02-25T06:41:17Z</time></trkpt><trkpt lat="22.290065213862952" lon="114.24150316340936"><ele>108.80186763788922</ele><time>2023-02-25T06:41:19Z</time></trkpt><trkpt lat="22.29003967907607" lon="114.2414918646942"><ele>108.62592795314488</ele><time>2023-02-25T06:41:21Z</time></trkpt><trkpt lat="22.290018103453306" lon="114.24148283915262"><ele>108.94296300641429</ele><time>2023-02-25T06:41:23Z</time></trkpt><trkpt lat="22.289995380434085" lon="114.24147328762461"><ele>109.409055421484</ele><time>2023-02-25T06:41:25Z</time></trkpt><trkpt lat="22.289974272769875" lon="114.24146052845876"><ele>109.3713767063437</ele><time>2023-02-25T06:41:27Z</time></trkpt><trkpt lat="22.289954910425205" lon="114.24144921913098"><ele>109.10312469040599</ele><time>2023-02-25T06:41:29Z</time></trkpt><trkpt lat="22.28992950746073" lon="114.24144049285795"><ele>108.53877992309367</ele><time>2023-02-25T06:41:31Z</time></trkpt><trkpt lat="22.28990595620138" lon="114.24142839753802"><ele>108.21931363994403</ele><time>2023-02-25T06:41:33Z</time></trkpt><trkpt lat="22.289882912102904" lon="114.2414168155681"><ele>107.93858626412838</ele><time>2023-02-25T06:41:35Z</time></trkpt><trkpt lat="22.28986706924145" lon="114.24140252395812"><ele>107.99466534246699</ele><time>2023-02-25T06:41:37Z</time></trkpt><trkpt lat="22.28984934228127" lon="114.24138881262445"><ele>108.27329747106258</ele><time>2023-02-25T06:41:39Z</time></trkpt><trkpt lat="22.289831399733835" lon="114.24137440154675"><ele>108.4643304391518</ele><time>2023-02-25T06:41:41Z</time></trkpt><trkpt lat="22.289816152560753" lon="114.24136298781504"><ele>108.56126080085365</ele><time>2023-02-25T06:41:43Z</time></trkpt><trkpt lat="22.289801559910845" lon="114.24135058980225"><ele>108.63078273532292</ele><time>2023-02-25T06:41:45Z</time></trkpt><trkpt lat="22.289782830816574" lon="114.24134595730004"><ele>109.00291259217919</ele><time>2023-02-25T06:41:47Z</time></trkpt><trkpt lat="22.28976486534677" lon="114.24134444999063"><ele>109.17442456902587</ele><time>2023-02-25T06:41:49Z</time></trkpt><trkpt lat="22.289731576974823" lon="114.24135212437011"><ele>109.03626759587468</ele><time>2023-02-25T06:41:53Z</time></trkpt><trkpt lat="22.28970871582094" lon="114.24136006747288"><ele>108.7197701533203</ele><time>2023-02-25T06:41:55Z</time></trkpt><trkpt lat="22.289683623161714" lon="114.24136444817618"><ele>109.07907413618067</ele><time>2023-02-25T06:41:57Z</time></trkpt><trkpt lat="22.28966187693374" lon="114.24136203955526"><ele>109.64474663966232</ele><time>2023-02-25T06:41:59Z</time></trkpt><trkpt lat="22.28964106274285" lon="114.24136025618252"><ele>110.22496691561336</ele><time>2023-02-25T06:42:01Z</time></trkpt><trkpt lat="22.289620445910213" lon="114.24135766050972"><ele>110.89076138396737</ele><time>2023-02-25T06:42:03Z</time></trkpt><trkpt lat="22.28958681822536" lon="114.24135864137327"><ele>110.65167548465868</ele><time>2023-02-25T06:42:07Z</time></trkpt><trkpt lat="22.289560035093583" lon="114.24136876048301"><ele>109.95323198390838</ele><time>2023-02-25T06:42:09Z</time></trkpt><trkpt lat="22.28953625300077" lon="114.2413739451919"><ele>109.45368387465687</ele><time>2023-02-25T06:42:11Z</time></trkpt><trkpt lat="22.289508040791667" lon="114.24138106702132"><ele>109.0224164905236</ele><time>2023-02-25T06:42:13Z</time></trkpt><trkpt lat="22.289481406006345" lon="114.24138759007512"><ele>108.55288720148219</ele><time>2023-02-25T06:42:15Z</time></trkpt><trkpt lat="22.289460026261555" lon="114.24140880861678"><ele>108.12516367405254</ele><time>2023-02-25T06:42:17Z</time></trkpt><trkpt lat="22.28944031241366" lon="114.24143389093716"><ele>107.88583008077103</ele><time>2023-02-25T06:42:19Z</time></trkpt><trkpt lat="22.289419463231965" lon="114.24145313591258"><ele>107.34660882422439</ele><time>2023-02-25T06:42:21Z</time></trkpt><trkpt lat="22.28940167088018" lon="114.24146392149292"><ele>106.81391751130693</ele><time>2023-02-25T06:42:23Z</time></trkpt><trkpt lat="22.289374113976255" lon="114.24147469382287"><ele>105.92042297822852</ele><time>2023-02-25T06:42:27Z</time></trkpt><trkpt lat="22.289361093457842" lon="114.24148874445318"><ele>105.72210596532985</ele><time>2023-02-25T06:42:29Z</time></trkpt><trkpt lat="22.28934119254653" lon="114.2415099381648"><ele>105.55260615026859</ele><time>2023-02-25T06:42:33Z</time></trkpt><trkpt lat="22.289328193869864" lon="114.24152507799334"><ele>105.45961567983792</ele><time>2023-02-25T06:42:35Z</time></trkpt><trkpt lat="22.289315227464755" lon="114.2415406496962"><ele>105.13771527769251</ele><time>2023-02-25T06:42:37Z</time></trkpt><trkpt lat="22.2893040769605" lon="114.24156835829443"><ele>104.65816996793744</ele><time>2023-02-25T06:42:39Z</time></trkpt><trkpt lat="22.289293936946656" lon="114.24159294266587"><ele>104.37798066822135</ele><time>2023-02-25T06:42:41Z</time></trkpt><trkpt lat="22.28928035263305" lon="114.2416137310083"><ele>104.28058928644768</ele><time>2023-02-25T06:42:43Z</time></trkpt><trkpt lat="22.28926990758465" lon="114.2416360489871"><ele>103.56084841160049</ele><time>2023-02-25T06:42:45Z</time></trkpt><trkpt lat="22.289258738055" lon="114.24166274113465"><ele>102.9502136214051</ele><time>2023-02-25T06:42:47Z</time></trkpt><trkpt lat="22.289246554788697" lon="114.24168968876208"><ele>102.53711690223115</ele><time>2023-02-25T06:42:49Z</time></trkpt><trkpt lat="22.289231829778945" lon="114.24171477811788"><ele>102.25491548765525</ele><time>2023-02-25T06:42:51Z</time></trkpt><trkpt lat="22.289216159435874" lon="114.24173598061049"><ele>102.32748828843171</ele><time>2023-02-25T06:42:53Z</time></trkpt><trkpt lat="22.28920286651426" lon="114.24175631117633"><ele>102.72897364253015</ele><time>2023-02-25T06:42:55Z</time></trkpt><trkpt lat="22.289187674807323" lon="114.24177835998104"><ele>103.01158677425451</ele><time>2023-02-25T06:42:57Z</time></trkpt><trkpt lat="22.289168075311203" lon="114.24180277633351"><ele>103.03962947640169</ele><time>2023-02-25T06:42:59Z</time></trkpt><trkpt lat="22.289151375718706" lon="114.24182755786126"><ele>102.82937244550286</ele><time>2023-02-25T06:43:01Z</time></trkpt><trkpt lat="22.28914561981871" lon="114.24185026946802"><ele>102.40117244028423</ele><time>2023-02-25T06:43:03Z</time></trkpt><trkpt lat="22.2891425999795" lon="114.24187093819936"><ele>102.1078663836554</ele><time>2023-02-25T06:43:05Z</time></trkpt><trkpt lat="22.289127380242054" lon="114.24190022148007"><ele>100.73017695700143</ele><time>2023-02-25T06:43:09Z</time></trkpt><trkpt lat="22.28912024266616" lon="114.24192418236663"><ele>100.57464897716729</ele><time>2023-02-25T06:43:11Z</time></trkpt><trkpt lat="22.289104261864875" lon="114.24194226815857"><ele>100.94443644403947</ele><time>2023-02-25T06:43:13Z</time></trkpt><trkpt lat="22.289086020794475" lon="114.24194931190924"><ele>100.95965928416558</ele><time>2023-02-25T06:43:15Z</time></trkpt><trkpt lat="22.289067250365083" lon="114.2419548058243"><ele>100.51324835896511</ele><time>2023-02-25T06:43:17Z</time></trkpt><trkpt lat="22.289039161036364" lon="114.24194151112859"><ele>100.27492594069699</ele><time>2023-02-25T06:43:19Z</time></trkpt><trkpt lat="22.288998348784325" lon="114.2419433322172"><ele>99.88663517013202</ele><time>2023-02-25T06:43:21Z</time></trkpt><trkpt lat="22.288968709736913" lon="114.24196843556784"><ele>99.74688535707733</ele><time>2023-02-25T06:43:23Z</time></trkpt><trkpt lat="22.28894419060607" lon="114.24198480798968"><ele>99.55762018240236</ele><time>2023-02-25T06:43:25Z</time></trkpt><trkpt lat="22.28892214020691" lon="114.24199293182485"><ele>99.4440068301306</ele><time>2023-02-25T06:43:27Z</time></trkpt><trkpt lat="22.28889863110476" lon="114.24200658611004"><ele>99.10177766275767</ele><time>2023-02-25T06:43:29Z</time></trkpt><trkpt lat="22.288877248464324" lon="114.24201950542344"><ele>98.82780084817158</ele><time>2023-02-25T06:43:31Z</time></trkpt><trkpt lat="22.288857868301704" lon="114.24203921534641"><ele>97.97387185768375</ele><time>2023-02-25T06:43:33Z</time></trkpt><trkpt lat="22.288836145260053" lon="114.24204927149394"><ele>96.95413126097077</ele><time>2023-02-25T06:43:35Z</time></trkpt><trkpt lat="22.288814735752204" lon="114.24205686114614"><ele>96.07063195279365</ele><time>2023-02-25T06:43:37Z</time></trkpt><trkpt lat="22.288793291070427" lon="114.24206536330166"><ele>95.40519904888079</ele><time>2023-02-25T06:43:39Z</time></trkpt><trkpt lat="22.288774747365117" lon="114.24207185242736"><ele>94.92649462523538</ele><time>2023-02-25T06:43:41Z</time></trkpt><trkpt lat="22.28873848766022" lon="114.24206914977577"><ele>93.56769733701044</ele><time>2023-02-25T06:43:45Z</time></trkpt><trkpt lat="22.288720103174864" lon="114.24206239315727"><ele>92.89080424660034</ele><time>2023-02-25T06:43:47Z</time></trkpt><trkpt lat="22.28869792640537" lon="114.2420625643443"><ele>92.13943224905549</ele><time>2023-02-25T06:43:49Z</time></trkpt><trkpt lat="22.28867742088402" lon="114.24206554066717"><ele>91.31394478771075</ele><time>2023-02-25T06:43:51Z</time></trkpt><trkpt lat="22.288653990734204" lon="114.24206687779701"><ele>90.64256758905354</ele><time>2023-02-25T06:43:53Z</time></trkpt><trkpt lat="22.288631949311174" lon="114.24205623510127"><ele>90.26072036740007</ele><time>2023-02-25T06:43:55Z</time></trkpt><trkpt lat="22.2886107852512" lon="114.24203046865273"><ele>88.79410991684982</ele><time>2023-02-25T06:43:59Z</time></trkpt><trkpt lat="22.28858444096573" lon="114.24200087554736"><ele>88.16570055872513</ele><time>2023-02-25T06:44:03Z</time></trkpt><trkpt lat="22.28856381887072" lon="114.24198773919076"><ele>88.56789245626119</ele><time>2023-02-25T06:44:05Z</time></trkpt><trkpt lat="22.28854701357317" lon="114.24197340660406"><ele>88.95131630842387</ele><time>2023-02-25T06:44:07Z</time></trkpt><trkpt lat="22.288530295220117" lon="114.24196082104491"><ele>88.96577082849049</ele><time>2023-02-25T06:44:09Z</time></trkpt><trkpt lat="22.288513304863606" lon="114.24194985990405"><ele>88.52171702498124</ele><time>2023-02-25T06:44:11Z</time></trkpt><trkpt lat="22.288481913416238" lon="114.24193314483354"><ele>87.21687606915745</ele><time>2023-02-25T06:44:15Z</time></trkpt><trkpt lat="22.28846507298799" lon="114.24192569263991"><ele>86.74831910972084</ele><time>2023-02-25T06:44:17Z</time></trkpt><trkpt lat="22.288435369903826" lon="114.24190227606546"><ele>85.89914272153092</ele><time>2023-02-25T06:44:21Z</time></trkpt><trkpt lat="22.288423483533343" lon="114.24188295282664"><ele>85.7198811182187</ele><time>2023-02-25T06:44:23Z</time></trkpt><trkpt lat="22.288426705468908" lon="114.24186275715152"><ele>85.84559716517307</ele><time>2023-02-25T06:44:25Z</time></trkpt><trkpt lat="22.28844290440455" lon="114.24182239008728"><ele>86.15829446261657</ele><time>2023-02-25T06:44:29Z</time></trkpt><trkpt lat="22.288456824355674" lon="114.24179969955237"><ele>85.72933573947368</ele><time>2023-02-25T06:44:31Z</time></trkpt><trkpt lat="22.288468739279903" lon="114.24177368556614"><ele>85.1493352437994</ele><time>2023-02-25T06:44:33Z</time></trkpt><trkpt lat="22.28847790597914" lon="114.24175542373463"><ele>84.92050872443015</ele><time>2023-02-25T06:44:35Z</time></trkpt><trkpt lat="22.28848724069532" lon="114.24173095308133"><ele>84.2268220876181</ele><time>2023-02-25T06:44:37Z</time></trkpt><trkpt lat="22.28849517282684" lon="114.2417128651917"><ele>83.89731801142729</ele><time>2023-02-25T06:44:39Z</time></trkpt><trkpt lat="22.288505955566777" lon="114.24167143525752"><ele>83.61416351972525</ele><time>2023-02-25T06:44:43Z</time></trkpt><trkpt lat="22.288508809790674" lon="114.24165176108616"><ele>83.5124315749942</ele><time>2023-02-25T06:44:45Z</time></trkpt><trkpt lat="22.28853046992668" lon="114.24162685547725"><ele>83.28455765248604</ele><time>2023-02-25T06:44:49Z</time></trkpt><trkpt lat="22.28854266193152" lon="114.24160660598083"><ele>82.26065259628679</ele><time>2023-02-25T06:44:51Z</time></trkpt><trkpt lat="22.28854835414864" lon="114.24158657734607"><ele>81.83508539651616</ele><time>2023-02-25T06:44:53Z</time></trkpt><trkpt lat="22.288551326808737" lon="114.24156535267988"><ele>81.49526555534914</ele><time>2023-02-25T06:44:55Z</time></trkpt><trkpt lat="22.288554543177625" lon="114.24153848411083"><ele>81.26328341223636</ele><time>2023-02-25T06:44:57Z</time></trkpt><trkpt lat="22.288564410542453" lon="114.24150801773403"><ele>81.02417072323172</ele><time>2023-02-25T06:44:59Z</time></trkpt><trkpt lat="22.288564876753767" lon="114.24147492531145"><ele>80.59836965567825</ele><time>2023-02-25T06:45:01Z</time></trkpt><trkpt lat="22.2885645204222" lon="114.24144934171947"><ele>80.24508391837142</ele><time>2023-02-25T06:45:03Z</time></trkpt><trkpt lat="22.288566362340593" lon="114.24142078545367"><ele>80.37831269043437</ele><time>2023-02-25T06:45:05Z</time></trkpt><trkpt lat="22.28856880363948" lon="114.24139916426097"><ele>80.84552380207163</ele><time>2023-02-25T06:45:07Z</time></trkpt><trkpt lat="22.288564822373544" lon="114.2413780897918"><ele>80.96795764406139</ele><time>2023-02-25T06:45:09Z</time></trkpt><trkpt lat="22.288557216003884" lon="114.24135719299532"><ele>81.22417494355643</ele><time>2023-02-25T06:45:11Z</time></trkpt><trkpt lat="22.288547804254" lon="114.24132987396439"><ele>80.1047475264485</ele><time>2023-02-25T06:45:15Z</time></trkpt><trkpt lat="22.288524147639208" lon="114.2413133279992"><ele>79.18970161214976</ele><time>2023-02-25T06:45:19Z</time></trkpt><trkpt lat="22.288496152385118" lon="114.24129376966279"><ele>79.52091257581668</ele><time>2023-02-25T06:45:23Z</time></trkpt><trkpt lat="22.288480024325327" lon="114.24128234831272"><ele>79.98460282997677</ele><time>2023-02-25T06:45:25Z</time></trkpt><trkpt lat="22.28845627026364" lon="114.24126241202896"><ele>79.89099036713954</ele><time>2023-02-25T06:45:29Z</time></trkpt><trkpt lat="22.288437289854077" lon="114.24124489233166"><ele>78.97022999329346</ele><time>2023-02-25T06:45:33Z</time></trkpt><trkpt lat="22.288416146959094" lon="114.24122431888374"><ele>78.24226098865441</ele><time>2023-02-25T06:45:37Z</time></trkpt><trkpt lat="22.288396173831266" lon="114.24120175942292"><ele>78.31917944283346</ele><time>2023-02-25T06:45:41Z</time></trkpt><trkpt lat="22.288383916816656" lon="114.24118740799375"><ele>78.31209394096024</ele><time>2023-02-25T06:45:43Z</time></trkpt><trkpt lat="22.28836706674023" lon="114.2411525762468"><ele>77.88922353272702</ele><time>2023-02-25T06:45:47Z</time></trkpt><trkpt lat="22.288359706282485" lon="114.24111859771934"><ele>76.9868681772618</ele><time>2023-02-25T06:45:51Z</time></trkpt><trkpt lat="22.28835251642029" lon="114.24109981817473"><ele>76.7516123723411</ele><time>2023-02-25T06:45:53Z</time></trkpt><trkpt lat="22.28834818804089" lon="114.24107401791028"><ele>76.12835172211813</ele><time>2023-02-25T06:45:57Z</time></trkpt><trkpt lat="22.28833805443264" lon="114.24104972538294"><ele>75.60244416692022</ele><time>2023-02-25T06:46:01Z</time></trkpt><trkpt lat="22.28832478446694" lon="114.24102078363615"><ele>75.76394981399275</ele><time>2023-02-25T06:46:05Z</time></trkpt><trkpt lat="22.288310698317996" lon="114.24099707294877"><ele>75.77264439566534</ele><time>2023-02-25T06:46:09Z</time></trkpt><trkpt lat="22.288285258305944" lon="114.24097691085198"><ele>75.29130015143022</ele><time>2023-02-25T06:46:13Z</time></trkpt><trkpt lat="22.288272152882634" lon="114.24096210108108"><ele>74.8082961174677</ele><time>2023-02-25T06:46:15Z</time></trkpt><trkpt lat="22.28826829895486" lon="114.24093246736722"><ele>73.27006159759092</ele><time>2023-02-25T06:46:19Z</time></trkpt><trkpt lat="22.288262236605025" lon="114.24090018715319"><ele>72.22390434005138</ele><time>2023-02-25T06:46:23Z</time></trkpt><trkpt lat="22.28826061074547" lon="114.24086612030241"><ele>71.60281038618514</ele><time>2023-02-25T06:46:27Z</time></trkpt><trkpt lat="22.288260057381954" lon="114.24084533337432"><ele>71.04438053411555</ele><time>2023-02-25T06:46:29Z</time></trkpt><trkpt lat="22.28825829020847" lon="114.24082550493607"><ele>70.86240531308826</ele><time>2023-02-25T06:46:31Z</time></trkpt><trkpt lat="22.288258102308962" lon="114.24080506790581"><ele>70.89309713888947</ele><time>2023-02-25T06:46:33Z</time></trkpt><trkpt lat="22.288259023375485" lon="114.24078515270205"><ele>70.761015035941</ele><time>2023-02-25T06:46:35Z</time></trkpt><trkpt lat="22.288252786642936" lon="114.24075393058367"><ele>70.47651912106699</ele><time>2023-02-25T06:46:39Z</time></trkpt><trkpt lat="22.288237516526156" lon="114.2407215137048"><ele>70.0084653615561</ele><time>2023-02-25T06:46:43Z</time></trkpt><trkpt lat="22.288230114717166" lon="114.24070361243639"><ele>69.68753687513745</ele><time>2023-02-25T06:46:45Z</time></trkpt><trkpt lat="22.28820764412416" lon="114.24068299497762"><ele>68.20116914713603</ele><time>2023-02-25T06:46:49Z</time></trkpt><trkpt lat="22.288201717664798" lon="114.24065743502877"><ele>67.2887145908136</ele><time>2023-02-25T06:46:53Z</time></trkpt><trkpt lat="22.288175983269507" lon="114.24063478774123"><ele>66.53346276145729</ele><time>2023-02-25T06:46:57Z</time></trkpt><trkpt lat="22.288141715622597" lon="114.24064037921325"><ele>65.47725112612602</ele><time>2023-02-25T06:47:01Z</time></trkpt><trkpt lat="22.28812143129932" lon="114.2406444739002"><ele>64.88163893852938</ele><time>2023-02-25T06:47:05Z</time></trkpt><trkpt lat="22.288090582432794" lon="114.24065323193605"><ele>64.30502849965904</ele><time>2023-02-25T06:47:09Z</time></trkpt><trkpt lat="22.28806958291547" lon="114.2406571634756"><ele>64.00236321782826</ele><time>2023-02-25T06:47:11Z</time></trkpt><trkpt lat="22.288051478683492" lon="114.24066154756822"><ele>63.32321071899964</ele><time>2023-02-25T06:47:13Z</time></trkpt><trkpt lat="22.28802759391692" lon="114.24067685645818"><ele>61.53030980068399</ele><time>2023-02-25T06:47:17Z</time></trkpt><trkpt lat="22.28800585254492" lon="114.24068105777694"><ele>60.5710688357353</ele><time>2023-02-25T06:47:19Z</time></trkpt><trkpt lat="22.287976857618055" lon="114.24068962477543"><ele>60.089210141805545</ele><time>2023-02-25T06:47:21Z</time></trkpt><trkpt lat="22.287953088895005" lon="114.24067784626008"><ele>59.38575720427738</ele><time>2023-02-25T06:47:25Z</time></trkpt><trkpt lat="22.287933342206347" lon="114.2406566445334"><ele>58.269638077424</ele><time>2023-02-25T06:47:29Z</time></trkpt><trkpt lat="22.287921309385336" lon="114.24064197213542"><ele>57.77446684446701</ele><time>2023-02-25T06:47:31Z</time></trkpt><trkpt lat="22.287901809705268" lon="114.24062346535341"><ele>56.89667783751027</ele><time>2023-02-25T06:47:33Z</time></trkpt><trkpt lat="22.287880269172078" lon="114.24060845074087"><ele>56.0756808714588</ele><time>2023-02-25T06:47:35Z</time></trkpt><trkpt lat="22.287862341583057" lon="114.24059744437369"><ele>55.54210853005122</ele><time>2023-02-25T06:47:37Z</time></trkpt><trkpt lat="22.287848761955008" lon="114.24058348825463"><ele>54.9851188262961</ele><time>2023-02-25T06:47:39Z</time></trkpt><trkpt lat="22.28784510315467" lon="114.24054578587216"><ele>54.379165120365826</ele><time>2023-02-25T06:47:43Z</time></trkpt><trkpt lat="22.28784835573696" lon="114.24052412298565"><ele>54.1144382514659</ele><time>2023-02-25T06:47:45Z</time></trkpt><trkpt lat="22.287856613755263" lon="114.24050608329992"><ele>54.102053869173936</ele><time>2023-02-25T06:47:47Z</time></trkpt><trkpt lat="22.287869647261875" lon="114.24049211450557"><ele>54.229335201746075</ele><time>2023-02-25T06:47:49Z</time></trkpt><trkpt lat="22.287875641409258" lon="114.24045792319407"><ele>54.16499967261163</ele><time>2023-02-25T06:47:53Z</time></trkpt><trkpt lat="22.287868360315745" lon="114.24043622233982"><ele>54.151169186934816</ele><time>2023-02-25T06:47:57Z</time></trkpt><trkpt lat="22.287852767189264" lon="114.24041639247305"><ele>53.35034242072671</ele><time>2023-02-25T06:48:09Z</time></trkpt><trkpt lat="22.2878516475872" lon="114.2403940019471"><ele>53.27658375905968</ele><time>2023-02-25T06:48:11Z</time></trkpt><trkpt lat="22.287844479383008" lon="114.24034420638841"><ele>53.083785075998534</ele><time>2023-02-25T06:48:15Z</time></trkpt><trkpt lat="22.287850684280457" lon="114.24031579782839"><ele>52.99593984414186</ele><time>2023-02-25T06:48:17Z</time></trkpt><trkpt lat="22.287859671148205" lon="114.24029770266802"><ele>52.99454821145118</ele><time>2023-02-25T06:48:19Z</time></trkpt><trkpt lat="22.287872140683486" lon="114.2402834030344"><ele>52.83044967791834</ele><time>2023-02-25T06:48:21Z</time></trkpt><trkpt lat="22.287893909635855" lon="114.24027081674775"><ele>52.305375316411634</ele><time>2023-02-25T06:48:23Z</time></trkpt><trkpt lat="22.28792111707343" lon="114.2402742688797"><ele>51.106881093783244</ele><time>2023-02-25T06:48:25Z</time></trkpt><trkpt lat="22.287947859151014" lon="114.24028360957102"><ele>50.044102153117564</ele><time>2023-02-25T06:48:27Z</time></trkpt><trkpt lat="22.28796745145367" lon="114.24028644477423"><ele>49.29319194567179</ele><time>2023-02-25T06:48:29Z</time></trkpt><trkpt lat="22.287988111513773" lon="114.2402938594526"><ele>48.3197451016224</ele><time>2023-02-25T06:48:33Z</time></trkpt><trkpt lat="22.28798538840764" lon="114.24026129999186"><ele>47.74351221619067</ele><time>2023-02-25T06:48:37Z</time></trkpt><trkpt lat="22.287982837311326" lon="114.24022874703658"><ele>46.86869132136157</ele><time>2023-02-25T06:48:41Z</time></trkpt><trkpt lat="22.287986387570825" lon="114.24019827444141"><ele>46.38727728661606</ele><time>2023-02-25T06:48:45Z</time></trkpt><trkpt lat="22.28799655281471" lon="114.24018122705554"><ele>45.65203723787716</ele><time>2023-02-25T06:48:49Z</time></trkpt><trkpt lat="22.288016562021447" lon="114.24015940621075"><ele>44.451333850007</ele><time>2023-02-25T06:48:55Z</time></trkpt><trkpt lat="22.28803645934224" lon="114.24015961144099"><ele>44.14808767777726</ele><time>2023-02-25T06:48:57Z</time></trkpt><trkpt lat="22.288055677306566" lon="114.24016679125518"><ele>44.48006656901955</ele><time>2023-02-25T06:48:59Z</time></trkpt><trkpt lat="22.28808232358799" lon="114.24016595157316"><ele>44.934329705301934</ele><time>2023-02-25T06:49:03Z</time></trkpt><trkpt lat="22.288079116225628" lon="114.24014398227284"><ele>44.75718424131446</ele><time>2023-02-25T06:49:05Z</time></trkpt><trkpt lat="22.28807304427643" lon="114.24012471200966"><ele>44.336295682012874</ele><time>2023-02-25T06:49:07Z</time></trkpt><trkpt lat="22.288058947643197" lon="114.24009813805533"><ele>43.16098298516485</ele><time>2023-02-25T06:49:11Z</time></trkpt><trkpt lat="22.2880425357416" lon="114.24006630385584"><ele>42.039090320259966</ele><time>2023-02-25T06:49:15Z</time></trkpt><trkpt lat="22.288041362159515" lon="114.24004671824584"><ele>41.46152763125004</ele><time>2023-02-25T06:49:17Z</time></trkpt><trkpt lat="22.28804178839624" lon="114.2400129398348"><ele>40.121407384662945</ele><time>2023-02-25T06:49:21Z</time></trkpt><trkpt lat="22.28801336286435" lon="114.24001276949903"><ele>39.36247820885182</ele><time>2023-02-25T06:49:25Z</time></trkpt><trkpt lat="22.28799370049454" lon="114.24001346372025"><ele>38.972613452878385</ele><time>2023-02-25T06:49:27Z</time></trkpt><trkpt lat="22.287961785886743" lon="114.24000514052214"><ele>38.963267215337986</ele><time>2023-02-25T06:49:31Z</time></trkpt><trkpt lat="22.28793666629252" lon="114.24000331620371"><ele>39.09285098314051</ele><time>2023-02-25T06:49:35Z</time></trkpt><trkpt lat="22.287907489073024" lon="114.24000045119459"><ele>38.8164350996863</ele><time>2023-02-25T06:49:39Z</time></trkpt><trkpt lat="22.287874641193746" lon="114.24000002171859"><ele>38.537654941042064</ele><time>2023-02-25T06:49:43Z</time></trkpt><trkpt lat="22.287841686815348" lon="114.24000442016583"><ele>38.42634499112018</ele><time>2023-02-25T06:49:47Z</time></trkpt><trkpt lat="22.28782222773636" lon="114.24000564801462"><ele>38.105958595564</ele><time>2023-02-25T06:49:49Z</time></trkpt><trkpt lat="22.287786448905297" lon="114.24000627308271"><ele>37.02006343546124</ele><time>2023-02-25T06:49:53Z</time></trkpt><trkpt lat="22.287765777287778" lon="114.2399987435996"><ele>35.777649652326204</ele><time>2023-02-25T06:50:03Z</time></trkpt><trkpt lat="22.28772389987819" lon="114.23999917350507"><ele>35.741868628434545</ele><time>2023-02-25T06:50:05Z</time></trkpt><trkpt lat="22.28769951076463" lon="114.24000571065083"><ele>35.31535571815574</ele><time>2023-02-25T06:50:07Z</time></trkpt><trkpt lat="22.28767559567403" lon="114.24000089642318"><ele>34.26495356552554</ele><time>2023-02-25T06:50:11Z</time></trkpt><trkpt lat="22.287657854123395" lon="114.23999753852529"><ele>33.36076730573566</ele><time>2023-02-25T06:50:13Z</time></trkpt><trkpt lat="22.287638014085015" lon="114.23999425974542"><ele>32.58978797315714</ele><time>2023-02-25T06:50:15Z</time></trkpt><trkpt lat="22.28761838420487" lon="114.23998985745301"><ele>32.06331412184045</ele><time>2023-02-25T06:50:17Z</time></trkpt><trkpt lat="22.28759861007001" lon="114.23998502699034"><ele>31.667367368764683</ele><time>2023-02-25T06:50:19Z</time></trkpt><trkpt lat="22.287580194303366" lon="114.23997720078152"><ele>31.317889330597918</ele><time>2023-02-25T06:50:21Z</time></trkpt><trkpt lat="22.287547500035842" lon="114.23998245773535"><ele>30.865803115082258</ele><time>2023-02-25T06:50:25Z</time></trkpt><trkpt lat="22.287527760803073" lon="114.23999046266697"><ele>30.511724356562112</ele><time>2023-02-25T06:50:27Z</time></trkpt><trkpt lat="22.287508005603026" lon="114.23998020296968"><ele>28.917532617796205</ele><time>2023-02-25T06:50:33Z</time></trkpt><trkpt lat="22.287511088418174" lon="114.2399447285241"><ele>28.029316985353432</ele><time>2023-02-25T06:50:37Z</time></trkpt><trkpt lat="22.28751307320861" lon="114.23990491394791"><ele>26.86848019267882</ele><time>2023-02-25T06:50:41Z</time></trkpt><trkpt lat="22.28750381819007" lon="114.23988643326382"><ele>26.446778072929966</ele><time>2023-02-25T06:50:43Z</time></trkpt><trkpt lat="22.287486815875702" lon="114.23987422195769"><ele>25.740481235360118</ele><time>2023-02-25T06:50:49Z</time></trkpt><trkpt lat="22.287475752990677" lon="114.23984775010756"><ele>26.12087366437162</ele><time>2023-02-25T06:50:55Z</time></trkpt><trkpt lat="22.287461310703204" lon="114.2398301641208"><ele>25.96308979135502</ele><time>2023-02-25T06:50:59Z</time></trkpt><trkpt lat="22.287445858939325" lon="114.2398074379703"><ele>25.70203402580941</ele><time>2023-02-25T06:51:03Z</time></trkpt><trkpt lat="22.287433862161468" lon="114.23977583088742"><ele>25.146934305355146</ele><time>2023-02-25T06:51:07Z</time></trkpt><trkpt lat="22.287438096544303" lon="114.23975040378616"><ele>24.649370179539385</ele><time>2023-02-25T06:51:11Z</time></trkpt><trkpt lat="22.287433283888305" lon="114.23971898496173"><ele>24.599643251053973</ele><time>2023-02-25T06:51:23Z</time></trkpt><trkpt lat="22.28741339889526" lon="114.23970595119982"><ele>25.5397966439809</ele><time>2023-02-25T06:51:27Z</time></trkpt><trkpt lat="22.287388067710364" lon="114.23969954584442"><ele>24.566629424477576</ele><time>2023-02-25T06:51:31Z</time></trkpt><trkpt lat="22.287364396528805" lon="114.23968310149004"><ele>23.430615916440427</ele><time>2023-02-25T06:51:37Z</time></trkpt><trkpt lat="22.287332439305768" lon="114.23967206811486"><ele>22.392998598452888</ele><time>2023-02-25T06:51:41Z</time></trkpt><trkpt lat="22.287307032672462" lon="114.23967144979027"><ele>21.126305958810946</ele><time>2023-02-25T06:51:45Z</time></trkpt><trkpt lat="22.287276100911857" lon="114.23968436399363"><ele>20.205062712450054</ele><time>2023-02-25T06:51:49Z</time></trkpt><trkpt lat="22.287251962552496" lon="114.23968720896653"><ele>19.10444893502479</ele><time>2023-02-25T06:51:53Z</time></trkpt><trkpt lat="22.287224756136553" lon="114.23967701347944"><ele>18.17219843206834</ele><time>2023-02-25T06:51:57Z</time></trkpt><trkpt lat="22.287202671641136" lon="114.23966575715052"><ele>16.213389956304066</ele><time>2023-02-25T06:52:01Z</time></trkpt><trkpt lat="22.287193963962036" lon="114.23963969782434"><ele>14.795890933439834</ele><time>2023-02-25T06:52:07Z</time></trkpt><trkpt lat="22.2871889777769" lon="114.23961296416263"><ele>13.616078658146302</ele><time>2023-02-25T06:52:11Z</time></trkpt><trkpt lat="22.287192473724225" lon="114.23959053866119"><ele>13.270774007616732</ele><time>2023-02-25T06:52:13Z</time></trkpt><trkpt lat="22.287193842399866" lon="114.23956753302231"><ele>12.78583718768524</ele><time>2023-02-25T06:52:15Z</time></trkpt><trkpt lat="22.287196383115962" lon="114.23952298040082"><ele>11.583299517282937</ele><time>2023-02-25T06:52:19Z</time></trkpt><trkpt lat="22.287175848451376" lon="114.23951329203223"><ele>10.781737382269306</ele><time>2023-02-25T06:52:27Z</time></trkpt><trkpt lat="22.28714233041426" lon="114.23951335167865"><ele>9.804294910755466</ele><time>2023-02-25T06:52:31Z</time></trkpt><trkpt lat="22.287118618012016" lon="114.23950791319594"><ele>9.028597703375622</ele><time>2023-02-25T06:52:33Z</time></trkpt><trkpt lat="22.287099147429174" lon="114.23949242835519"><ele>7.928876351035688</ele><time>2023-02-25T06:52:35Z</time></trkpt><trkpt lat="22.287079464273006" lon="114.2394758836104"><ele>6.700963590410855</ele><time>2023-02-25T06:52:37Z</time></trkpt><trkpt lat="22.287061765751062" lon="114.2394586179019"><ele>5.931919793623105</ele><time>2023-02-25T06:52:39Z</time></trkpt><trkpt lat="22.287045059195265" lon="114.23944172827757"><ele>5.564791091594134</ele><time>2023-02-25T06:52:41Z</time></trkpt><trkpt lat="22.28702660974639" lon="114.239428951156"><ele>5.107330512075162</ele><time>2023-02-25T06:52:43Z</time></trkpt><trkpt lat="22.287005050849192" lon="114.23942670165215"><ele>4.660907227510948</ele><time>2023-02-25T06:52:45Z</time></trkpt><trkpt lat="22.28698475011857" lon="114.23942424613537"><ele>3.6804565149094297</ele><time>2023-02-25T06:52:47Z</time></trkpt><trkpt lat="22.286959064964527" lon="114.23940988051119"><ele>2.600878268058098</ele><time>2023-02-25T06:52:51Z</time></trkpt><trkpt lat="22.28692689142793" lon="114.23940453333302"><ele>0.7562640326630027</ele><time>2023-02-25T06:52:55Z</time></trkpt><trkpt lat="22.286905785109145" lon="114.23940779270362"><ele>0.15263158120698123</ele><time>2023-02-25T06:52:57Z</time></trkpt><trkpt lat="22.286880597805684" lon="114.23941296910124"><ele>-0.39427393993445087</ele><time>2023-02-25T06:52:59Z</time></trkpt><trkpt lat="22.286856271829627" lon="114.23941483336944"><ele>-1.083116557281627</ele><time>2023-02-25T06:53:01Z</time></trkpt><trkpt lat="22.286841291146896" lon="114.23939706084795"><ele>-1.6966031029576671</ele><time>2023-02-25T06:53:03Z</time></trkpt><trkpt lat="22.28682582341844" lon="114.23937617629163"><ele>-2.2488421306606465</ele><time>2023-02-25T06:53:05Z</time></trkpt><trkpt lat="22.28681052142979" lon="114.23936420704504"><ele>-2.630419083997311</ele><time>2023-02-25T06:53:07Z</time></trkpt><trkpt lat="22.286794500160095" lon="114.23935402760313"><ele>-2.9655476280175948</ele><time>2023-02-25T06:53:09Z</time></trkpt><trkpt lat="22.286778438237175" lon="114.23934237345577"><ele>-3.0310869706812174</ele><time>2023-02-25T06:53:11Z</time></trkpt><trkpt lat="22.28676720632403" lon="114.23932608041977"><ele>-2.9815223165585256</ele><time>2023-02-25T06:53:13Z</time></trkpt><trkpt lat="22.28676516819631" lon="114.23930508438845"><ele>-2.534497119482995</ele><time>2023-02-25T06:53:15Z</time></trkpt><trkpt lat="22.28676612896911" lon="114.23926344359197"><ele>-2.299142693707588</ele><time>2023-02-25T06:53:19Z</time></trkpt><trkpt lat="22.286771398771982" lon="114.23924063146885"><ele>-1.9611133287029456</ele><time>2023-02-25T06:53:21Z</time></trkpt><trkpt lat="22.286776724486607" lon="114.23922022025566"><ele>-1.7929830427447344</ele><time>2023-02-25T06:53:23Z</time></trkpt><trkpt lat="22.286798434679408" lon="114.23919314082362"><ele>-2.0565151796390846</ele><time>2023-02-25T06:53:27Z</time></trkpt><trkpt lat="22.286801729658983" lon="114.23917355332067"><ele>-2.859088607267988</ele><time>2023-02-25T06:53:31Z</time></trkpt><trkpt lat="22.286824370635358" lon="114.23916180428719"><ele>-4.109605432714181</ele><time>2023-02-25T06:53:55Z</time></trkpt><trkpt lat="22.286821160122432" lon="114.23913432374852"><ele>-4.880756507543925</ele><time>2023-02-25T06:53:59Z</time></trkpt><trkpt lat="22.286836390204027" lon="114.2391014151382"><ele>-4.529115128725689</ele><time>2023-02-25T06:54:17Z</time></trkpt><trkpt lat="22.28684430520509" lon="114.23907944785938"><ele>-4.668284844422516</ele><time>2023-02-25T06:54:21Z</time></trkpt><trkpt lat="22.286867522214123" lon="114.23904141335557"><ele>-5.015493646237936</ele><time>2023-02-25T06:54:25Z</time></trkpt><trkpt lat="22.28687796751665" lon="114.23902158739212"><ele>-4.633514259217829</ele><time>2023-02-25T06:54:29Z</time></trkpt><trkpt lat="22.286894710562056" lon="114.23898699235139"><ele>-4.703077160933208</ele><time>2023-02-25T06:54:33Z</time></trkpt><trkpt lat="22.286898291013024" lon="114.238965310366"><ele>-4.6600019831185735</ele><time>2023-02-25T06:54:35Z</time></trkpt><trkpt lat="22.286903960126203" lon="114.23894067358277"><ele>-4.365898318754344</ele><time>2023-02-25T06:54:37Z</time></trkpt><trkpt lat="22.286907916483344" lon="114.23891744729384"><ele>-4.211964164111004</ele><time>2023-02-25T06:54:39Z</time></trkpt><trkpt lat="22.286911193285334" lon="114.23889424304956"><ele>-4.059831370767501</ele><time>2023-02-25T06:54:41Z</time></trkpt><trkpt lat="22.28692041052048" lon="114.23887357430536"><ele>-4.032880848286929</ele><time>2023-02-25T06:54:43Z</time></trkpt><trkpt lat="22.286932714347593" lon="114.2388556992099"><ele>-4.103984112526913</ele><time>2023-02-25T06:54:45Z</time></trkpt><trkpt lat="22.286944989126592" lon="114.23883908626519"><ele>-3.9994484832569355</ele><time>2023-02-25T06:54:47Z</time></trkpt><trkpt lat="22.286958462807597" lon="114.23881567447924"><ele>-3.823334841571315</ele><time>2023-02-25T06:54:49Z</time></trkpt><trkpt lat="22.286974938352227" lon="114.23880009256489"><ele>-3.9452137886464396</ele><time>2023-02-25T06:54:51Z</time></trkpt><trkpt lat="22.286986445743928" lon="114.23878443331962"><ele>-3.8848538796887233</ele><time>2023-02-25T06:54:53Z</time></trkpt><trkpt lat="22.28699404692519" lon="114.23876410620358"><ele>-3.996326080641333</ele><time>2023-02-25T06:54:55Z</time></trkpt><trkpt lat="22.28700575803523" lon="114.23874315515883"><ele>-4.522988992863468</ele><time>2023-02-25T06:54:57Z</time></trkpt><trkpt lat="22.287018973785393" lon="114.23872590509899"><ele>-5.336013229573235</ele><time>2023-02-25T06:54:59Z</time></trkpt><trkpt lat="22.287042589924102" lon="114.23871238954027"><ele>-5.74884600838167</ele><time>2023-02-25T06:55:03Z</time></trkpt><trkpt lat="22.287073861786535" lon="114.23870340396626"><ele>-6.51465044520502</ele><time>2023-02-25T06:55:07Z</time></trkpt><trkpt lat="22.287099101873302" lon="114.23867022944528"><ele>-7.630163687632146</ele><time>2023-02-25T06:55:11Z</time></trkpt><trkpt lat="22.28710991255676" lon="114.23864984043334"><ele>-8.160483962899171</ele><time>2023-02-25T06:55:13Z</time></trkpt><trkpt lat="22.287122390870056" lon="114.2386282624462"><ele>-8.25707477378454</ele><time>2023-02-25T06:55:15Z</time></trkpt><trkpt lat="22.287129619618348" lon="114.23860895025234"><ele>-8.402568881620228</ele><time>2023-02-25T06:55:17Z</time></trkpt><trkpt lat="22.28714383229408" lon="114.23859433570868"><ele>-8.579682905097942</ele><time>2023-02-25T06:55:19Z</time></trkpt><trkpt lat="22.28716912119365" lon="114.23856907888893"><ele>-8.472975355890911</ele><time>2023-02-25T06:55:23Z</time></trkpt><trkpt lat="22.287184991014527" lon="114.23855533906301"><ele>-8.354095256073974</ele><time>2023-02-25T06:55:25Z</time></trkpt><trkpt lat="22.28720230767875" lon="114.23854118592851"><ele>-8.64455721594973</ele><time>2023-02-25T06:55:27Z</time></trkpt><trkpt lat="22.287231720850706" lon="114.23852957160747"><ele>-9.351363239707565</ele><time>2023-02-25T06:55:31Z</time></trkpt><trkpt lat="22.287249225909296" lon="114.23851451004738"><ele>-9.483138497111932</ele><time>2023-02-25T06:55:33Z</time></trkpt><trkpt lat="22.287263043944154" lon="114.23849683093707"><ele>-9.49383258110201</ele><time>2023-02-25T06:55:35Z</time></trkpt><trkpt lat="22.287289639740113" lon="114.23847116564416"><ele>-8.646718328591989</ele><time>2023-02-25T06:55:39Z</time></trkpt><trkpt lat="22.287308355098684" lon="114.23845138733574"><ele>-7.485312300726725</ele><time>2023-02-25T06:55:45Z</time></trkpt><trkpt lat="22.287319861450474" lon="114.23843180127584"><ele>-7.232877375522348</ele><time>2023-02-25T06:55:47Z</time></trkpt><trkpt lat="22.287335699779568" lon="114.23840748134917"><ele>-7.092645751129799</ele><time>2023-02-25T06:55:49Z</time></trkpt><trkpt lat="22.287351579273057" lon="114.23839079151969"><ele>-7.090653915490678</ele><time>2023-02-25T06:55:51Z</time></trkpt><trkpt lat="22.287370571418663" lon="114.2383818045576"><ele>-7.320013234505864</ele><time>2023-02-25T06:55:53Z</time></trkpt><trkpt lat="22.28739883007734" lon="114.23836398682771"><ele>-7.9947080403746895</ele><time>2023-02-25T06:55:57Z</time></trkpt><trkpt lat="22.287405736733493" lon="114.23833429348417"><ele>-8.205988194512795</ele><time>2023-02-25T06:55:59Z</time></trkpt><trkpt lat="22.287420695058398" lon="114.2383193099704"><ele>-8.690555077622303</ele><time>2023-02-25T06:56:01Z</time></trkpt><trkpt lat="22.287442925908646" lon="114.23830919605054"><ele>-8.336092428177134</ele><time>2023-02-25T06:56:03Z</time></trkpt><trkpt lat="22.287460351419504" lon="114.23829456636078"><ele>-7.514219509586502</ele><time>2023-02-25T06:56:05Z</time></trkpt><trkpt lat="22.287483956413098" lon="114.23827931897243"><ele>-6.279836410646802</ele><time>2023-02-25T06:56:07Z</time></trkpt><trkpt lat="22.287506124464016" lon="114.2382670746403"><ele>-5.883513081946539</ele><time>2023-02-25T06:56:09Z</time></trkpt><trkpt lat="22.28753799086254" lon="114.23824952844213"><ele>-5.201531937917128</ele><time>2023-02-25T06:56:13Z</time></trkpt><trkpt lat="22.28754709602067" lon="114.23822684144422"><ele>-5.963324901883956</ele><time>2023-02-25T06:56:21Z</time></trkpt><trkpt lat="22.287567026868256" lon="114.23819062068098"><ele>-6.000998764808507</ele><time>2023-02-25T06:56:25Z</time></trkpt><trkpt lat="22.287574882971988" lon="114.23816517351851"><ele>-6.096730848039287</ele><time>2023-02-25T06:56:27Z</time></trkpt><trkpt lat="22.28758676102171" lon="114.23814630765095"><ele>-6.542412113170781</ele><time>2023-02-25T06:56:29Z</time></trkpt><trkpt lat="22.28760430121815" lon="114.23812572958407"><ele>-6.804689662220887</ele><time>2023-02-25T06:56:31Z</time></trkpt><trkpt lat="22.28763093304526" lon="114.23809957368829"><ele>-6.254297050166983</ele><time>2023-02-25T06:56:35Z</time></trkpt><trkpt lat="22.287645854720175" lon="114.23808045555784"><ele>-5.692648022885973</ele><time>2023-02-25T06:56:37Z</time></trkpt><trkpt lat="22.28765835596517" lon="114.23806181520564"><ele>-4.443711445975311</ele><time>2023-02-25T06:56:39Z</time></trkpt><trkpt lat="22.287667978408543" lon="114.23804278203042"><ele>-3.469650265158619</ele><time>2023-02-25T06:56:41Z</time></trkpt><trkpt lat="22.287685142001855" lon="114.23801614748089"><ele>-1.7927543515651092</ele><time>2023-02-25T06:56:45Z</time></trkpt><trkpt lat="22.28769787603867" lon="114.23799129700387"><ele>-1.6936150000497143</ele><time>2023-02-25T06:56:47Z</time></trkpt><trkpt lat="22.28771435353172" lon="114.2379663528246"><ele>-1.9759976079468087</ele><time>2023-02-25T06:56:49Z</time></trkpt><trkpt lat="22.2877324501305" lon="114.2379433984571"><ele>-2.3938119484077838</ele><time>2023-02-25T06:56:51Z</time></trkpt><trkpt lat="22.287751462312233" lon="114.23791811098131"><ele>-2.5831230071774613</ele><time>2023-02-25T06:56:53Z</time></trkpt><trkpt lat="22.287763904348065" lon="114.23789770624057"><ele>-2.7388136671328076</ele><time>2023-02-25T06:56:55Z</time></trkpt><trkpt lat="22.28777710451993" lon="114.23787637984977"><ele>-2.2962442375685264</ele><time>2023-02-25T06:56:57Z</time></trkpt><trkpt lat="22.287782790781375" lon="114.23784830563618"><ele>-2.0766859968178952</ele><time>2023-02-25T06:56:59Z</time></trkpt><trkpt lat="22.287788306793008" lon="114.23782234023693"><ele>-1.8490431285495486</ele><time>2023-02-25T06:57:01Z</time></trkpt><trkpt lat="22.287796618553106" lon="114.23778978051891"><ele>-1.9548193407384076</ele><time>2023-02-25T06:57:05Z</time></trkpt><trkpt lat="22.28780440279396" lon="114.2377714932861"><ele>-2.3775785322341045</ele><time>2023-02-25T06:57:07Z</time></trkpt><trkpt lat="22.287828699528667" lon="114.23774747710479"><ele>-3.0956148156630783</ele><time>2023-02-25T06:57:11Z</time></trkpt><trkpt lat="22.287851353793805" lon="114.23772718487966"><ele>-3.451248527893438</ele><time>2023-02-25T06:57:15Z</time></trkpt><trkpt lat="22.287876858712004" lon="114.23770648950352"><ele>-3.6557219922101196</ele><time>2023-02-25T06:57:19Z</time></trkpt><trkpt lat="22.28790933109033" lon="114.23768011298283"><ele>-4.300503822440133</ele><time>2023-02-25T06:57:23Z</time></trkpt><trkpt lat="22.287927715035458" lon="114.2376648348799"><ele>-4.684275621667516</ele><time>2023-02-25T06:57:25Z</time></trkpt><trkpt lat="22.287944049838163" lon="114.23764839675881"><ele>-4.851831314066686</ele><time>2023-02-25T06:57:27Z</time></trkpt><trkpt lat="22.2879608216477" lon="114.23762953169515"><ele>-4.881500778755298</ele><time>2023-02-25T06:57:29Z</time></trkpt><trkpt lat="22.287974882767994" lon="114.23759756690751"><ele>-5.470293183565526</ele><time>2023-02-25T06:57:31Z</time></trkpt><trkpt lat="22.28798841405707" lon="114.23757025660899"><ele>-5.542427832097546</ele><time>2023-02-25T06:57:33Z</time></trkpt><trkpt lat="22.28800024802871" lon="114.23754913804369"><ele>-5.677720363201314</ele><time>2023-02-25T06:57:35Z</time></trkpt><trkpt lat="22.288018857928165" lon="114.23752892505455"><ele>-5.961317490343423</ele><time>2023-02-25T06:57:37Z</time></trkpt><trkpt lat="22.288040007001918" lon="114.23751621602469"><ele>-6.162931135912349</ele><time>2023-02-25T06:57:39Z</time></trkpt><trkpt lat="22.2880648711279" lon="114.23750013420421"><ele>-5.316578370161809</ele><time>2023-02-25T06:57:41Z</time></trkpt><trkpt lat="22.288086627522087" lon="114.23748692564693"><ele>-4.5141669464662595</ele><time>2023-02-25T06:57:43Z</time></trkpt><trkpt lat="22.28809681999389" lon="114.23747006901633"><ele>-4.131647223200897</ele><time>2023-02-25T06:57:45Z</time></trkpt><trkpt lat="22.288103594638578" lon="114.23744628155085"><ele>-4.033819203223646</ele><time>2023-02-25T06:57:47Z</time></trkpt><trkpt lat="22.288113035603313" lon="114.23742081430511"><ele>-3.982779029062781</ele><time>2023-02-25T06:57:49Z</time></trkpt><trkpt lat="22.288125297424624" lon="114.23740372434409"><ele>-3.9952028709983045</ele><time>2023-02-25T06:57:51Z</time></trkpt><trkpt lat="22.288142042619114" lon="114.23738258065531"><ele>-4.026363414884168</ele><time>2023-02-25T06:57:53Z</time></trkpt><trkpt lat="22.288158212463262" lon="114.23736233226286"><ele>-4.2543663435253976</ele><time>2023-02-25T06:57:55Z</time></trkpt><trkpt lat="22.288176861325013" lon="114.2373455197402"><ele>-4.4495767828249555</ele><time>2023-02-25T06:57:57Z</time></trkpt><trkpt lat="22.288194932761343" lon="114.23733104911227"><ele>-4.273727055306282</ele><time>2023-02-25T06:57:59Z</time></trkpt><trkpt lat="22.28821580389391" lon="114.23731795359775"><ele>-4.226633218624296</ele><time>2023-02-25T06:58:01Z</time></trkpt><trkpt lat="22.28823954857089" lon="114.2373051358965"><ele>-4.033047961377278</ele><time>2023-02-25T06:58:03Z</time></trkpt><trkpt lat="22.288262859595935" lon="114.23728770194948"><ele>-4.262342232187093</ele><time>2023-02-25T06:58:07Z</time></trkpt><trkpt lat="22.288279686668723" lon="114.23727568193043"><ele>-4.208013451738531</ele><time>2023-02-25T06:58:09Z</time></trkpt><trkpt lat="22.288294945478913" lon="114.2372601008274"><ele>-3.9657055899868805</ele><time>2023-02-25T06:58:11Z</time></trkpt><trkpt lat="22.28831178206012" lon="114.23722586182198"><ele>-3.741123332872022</ele><time>2023-02-25T06:58:15Z</time></trkpt><trkpt lat="22.288314262934378" lon="114.23720546134464"><ele>-3.740323798131523</ele><time>2023-02-25T06:58:17Z</time></trkpt><trkpt lat="22.288320007335972" lon="114.23718667304497"><ele>-3.5301663638044225</ele><time>2023-02-25T06:58:19Z</time></trkpt><trkpt lat="22.288335501932806" lon="114.23716422884121"><ele>-3.6848386620838145</ele><time>2023-02-25T06:58:23Z</time></trkpt><trkpt lat="22.28835908707772" lon="114.2371472232641"><ele>-4.229250414970564</ele><time>2023-02-25T06:58:27Z</time></trkpt><trkpt lat="22.288376289375154" lon="114.23713282489474"><ele>-5.32383466050996</ele><time>2023-02-25T06:58:29Z</time></trkpt><trkpt lat="22.288387201887467" lon="114.23710974087713"><ele>-6.40850936232377</ele><time>2023-02-25T06:58:31Z</time></trkpt><trkpt lat="22.288396318553552" lon="114.2370891585175"><ele>-7.012362908107708</ele><time>2023-02-25T06:58:33Z</time></trkpt><trkpt lat="22.288406117208517" lon="114.23706572777756"><ele>-7.012007832725268</ele><time>2023-02-25T06:58:35Z</time></trkpt><trkpt lat="22.2884215367564" lon="114.23705127529031"><ele>-6.915806300171526</ele><time>2023-02-25T06:58:37Z</time></trkpt><trkpt lat="22.28844568806078" lon="114.23702532401839"><ele>-7.732885488436892</ele><time>2023-02-25T06:58:41Z</time></trkpt><trkpt lat="22.288463722426577" lon="114.2370088236725"><ele>-7.8887189530309385</ele><time>2023-02-25T06:58:43Z</time></trkpt><trkpt lat="22.288477748165157" lon="114.23698017269952"><ele>-7.603304489418387</ele><time>2023-02-25T06:58:45Z</time></trkpt><trkpt lat="22.288512230953597" lon="114.23695749263902"><ele>-7.516482534404934</ele><time>2023-02-25T06:58:49Z</time></trkpt><trkpt lat="22.288523561017335" lon="114.23693509732612"><ele>-7.6787127241176885</ele><time>2023-02-25T06:58:53Z</time></trkpt><trkpt lat="22.288556912491828" lon="114.23694158436078"><ele>-8.45121653867875</ele><time>2023-02-25T06:59:01Z</time></trkpt><trkpt lat="22.28857810087721" lon="114.23694816712646"><ele>-8.384596510694706</ele><time>2023-02-25T06:59:03Z</time></trkpt><trkpt lat="22.288598440312626" lon="114.2369512991628"><ele>-8.319371063898265</ele><time>2023-02-25T06:59:05Z</time></trkpt><trkpt lat="22.2886305577477" lon="114.2369538217544"><ele>-7.96846297727854</ele><time>2023-02-25T06:59:09Z</time></trkpt><trkpt lat="22.288657161836575" lon="114.23697389964795"><ele>-7.889093469449641</ele><time>2023-02-25T06:59:13Z</time></trkpt><trkpt lat="22.288680131695042" lon="114.23699293043326"><ele>-8.330802367836856</ele><time>2023-02-25T06:59:17Z</time></trkpt><trkpt lat="22.28869743725943" lon="114.2370024235764"><ele>-8.265699479524663</ele><time>2023-02-25T06:59:19Z</time></trkpt><trkpt lat="22.288720233318426" lon="114.23703048793877"><ele>-8.275968673356168</ele><time>2023-02-25T06:59:23Z</time></trkpt><trkpt lat="22.288729240805143" lon="114.23704903634511"><ele>-8.420240977226094</ele><time>2023-02-25T06:59:25Z</time></trkpt><trkpt lat="22.288748737216263" lon="114.23707989395714"><ele>-8.59598122411282</ele><time>2023-02-25T06:59:29Z</time></trkpt><trkpt lat="22.2887661568007" lon="114.23709305709626"><ele>-8.759842358946758</ele><time>2023-02-25T06:59:31Z</time></trkpt><trkpt lat="22.28878267985907" lon="114.23710102806709"><ele>-9.118677864968774</ele><time>2023-02-25T06:59:33Z</time></trkpt><trkpt lat="22.288805405023652" lon="114.2371089886589"><ele>-9.226084954354207</ele><time>2023-02-25T06:59:35Z</time></trkpt><trkpt lat="22.288835359337348" lon="114.23711409471656"><ele>-9.402500309366273</ele><time>2023-02-25T06:59:37Z</time></trkpt><trkpt lat="22.288860328086066" lon="114.23712427998174"><ele>-9.327936736440908</ele><time>2023-02-25T06:59:39Z</time></trkpt><trkpt lat="22.28887318422012" lon="114.23713971545187"><ele>-8.804752402259743</ele><time>2023-02-25T06:59:41Z</time></trkpt><trkpt lat="22.288883409446008" lon="114.2371579628648"><ele>-8.14395287610148</ele><time>2023-02-25T06:59:43Z</time></trkpt><trkpt lat="22.288907341257158" lon="114.23718422485358"><ele>-7.583817896060362</ele><time>2023-02-25T06:59:47Z</time></trkpt><trkpt lat="22.288923883030037" lon="114.23720004033318"><ele>-6.744560101313846</ele><time>2023-02-25T06:59:49Z</time></trkpt><trkpt lat="22.288940160319545" lon="114.23721971773806"><ele>-5.578750796086336</ele><time>2023-02-25T06:59:51Z</time></trkpt><trkpt lat="22.28896195289909" lon="114.23723705797899"><ele>-4.258619225682342</ele><time>2023-02-25T06:59:55Z</time></trkpt><trkpt lat="22.2889796225897" lon="114.2372626595357"><ele>-4.2830815920652885</ele><time>2023-02-25T06:59:59Z</time></trkpt><trkpt lat="22.2890007439074" lon="114.23727869214844"><ele>-4.7142951696792785</ele><time>2023-02-25T07:00:05Z</time></trkpt><trkpt lat="22.28903306981275" lon="114.23729982313388"><ele>-4.6606972703707</ele><time>2023-02-25T07:00:09Z</time></trkpt><trkpt lat="22.289055870066004" lon="114.23731248136716"><ele>-5.084049405948054</ele><time>2023-02-25T07:00:11Z</time></trkpt><trkpt lat="22.28908195351252" lon="114.23731581267772"><ele>-5.257476129204645</ele><time>2023-02-25T07:00:13Z</time></trkpt><trkpt lat="22.289109423671825" lon="114.23732261452966"><ele>-5.2372058163009765</ele><time>2023-02-25T07:00:15Z</time></trkpt><trkpt lat="22.289137346722107" lon="114.23732981855174"><ele>-5.034654738685152</ele><time>2023-02-25T07:00:17Z</time></trkpt><trkpt lat="22.2891616180057" lon="114.23733194037092"><ele>-4.995596094917866</ele><time>2023-02-25T07:00:19Z</time></trkpt><trkpt lat="22.28918748290008" lon="114.2373338867104"><ele>-5.101340295466929</ele><time>2023-02-25T07:00:21Z</time></trkpt><trkpt lat="22.28920773315536" lon="114.23733619054966"><ele>-5.208544613036685</ele><time>2023-02-25T07:00:23Z</time></trkpt><trkpt lat="22.289242370157808" lon="114.23734036542092"><ele>-4.7235961414308765</ele><time>2023-02-25T07:00:27Z</time></trkpt><trkpt lat="22.289274511920965" lon="114.23736076494654"><ele>-4.870941784827098</ele><time>2023-02-25T07:00:31Z</time></trkpt><trkpt lat="22.28930545581213" lon="114.23737702552413"><ele>-5.196159056835824</ele><time>2023-02-25T07:00:35Z</time></trkpt><trkpt lat="22.289326104219207" lon="114.23738526869948"><ele>-4.537754385801916</ele><time>2023-02-25T07:00:39Z</time></trkpt><trkpt lat="22.289344628144192" lon="114.23739177617125"><ele>-4.240989311212424</ele><time>2023-02-25T07:00:43Z</time></trkpt><trkpt lat="22.289368007438462" lon="114.23739851578111"><ele>-4.507701160888952</ele><time>2023-02-25T07:00:47Z</time></trkpt><trkpt lat="22.289394853587638" lon="114.23741621931912"><ele>-5.69751046644571</ele><time>2023-02-25T07:00:51Z</time></trkpt><trkpt lat="22.289404484623244" lon="114.23744188378119"><ele>-6.580944259400351</ele><time>2023-02-25T07:00:55Z</time></trkpt><trkpt lat="22.289420876523987" lon="114.23745670059189"><ele>-6.9202591875489965</ele><time>2023-02-25T07:00:59Z</time></trkpt><trkpt lat="22.289435479072445" lon="114.23746835844516"><ele>-6.689406097648747</ele><time>2023-02-25T07:01:05Z</time></trkpt><trkpt lat="22.289466250347466" lon="114.23748563190763"><ele>-7.012959803161076</ele><time>2023-02-25T07:01:09Z</time></trkpt><trkpt lat="22.289482636426776" lon="114.23749465970705"><ele>-7.194074545544323</ele><time>2023-02-25T07:01:11Z</time></trkpt><trkpt lat="22.289503682676685" lon="114.23750270215761"><ele>-7.3743460244447965</ele><time>2023-02-25T07:01:13Z</time></trkpt><trkpt lat="22.289533922947633" lon="114.2375181668311"><ele>-7.252062108029668</ele><time>2023-02-25T07:01:15Z</time></trkpt><trkpt lat="22.28956237628491" lon="114.23752975971608"><ele>-7.2158066341906695</ele><time>2023-02-25T07:01:17Z</time></trkpt><trkpt lat="22.289586033192965" lon="114.23754061512247"><ele>-7.2507108059232115</ele><time>2023-02-25T07:01:19Z</time></trkpt><trkpt lat="22.289606668596136" lon="114.23754990374907"><ele>-7.8219514408421125</ele><time>2023-02-25T07:01:21Z</time></trkpt><trkpt lat="22.28963273745296" lon="114.23756403967953"><ele>-8.47589256620231</ele><time>2023-02-25T07:01:23Z</time></trkpt><trkpt lat="22.28965259814793" lon="114.23757050288359"><ele>-8.28205153105341</ele><time>2023-02-25T07:01:25Z</time></trkpt><trkpt lat="22.289670676986805" lon="114.23758112291591"><ele>-7.937935171602748</ele><time>2023-02-25T07:01:29Z</time></trkpt><trkpt lat="22.289689858034123" lon="114.23758832995523"><ele>-8.946608220858476</ele><time>2023-02-25T07:01:35Z</time></trkpt><trkpt lat="22.289713203202975" lon="114.23759746603275"><ele>-8.855314605522516</ele><time>2023-02-25T07:01:39Z</time></trkpt><trkpt lat="22.289731380274034" lon="114.23760467577688"><ele>-7.804698677475602</ele><time>2023-02-25T07:01:41Z</time></trkpt><trkpt lat="22.289750630548635" lon="114.23762323906357"><ele>-6.527869410040649</ele><time>2023-02-25T07:01:45Z</time></trkpt><trkpt lat="22.28976230402262" lon="114.23764898622773"><ele>-7.127531178461072</ele><time>2023-02-25T07:01:49Z</time></trkpt><trkpt lat="22.289773948903246" lon="114.2376727094453"><ele>-6.750386529975623</ele><time>2023-02-25T07:01:51Z</time></trkpt><trkpt lat="22.28978695282549" lon="114.23769042700218"><ele>-6.41033822286384</ele><time>2023-02-25T07:01:53Z</time></trkpt><trkpt lat="22.28980855352372" lon="114.23770061127472"><ele>-6.317730013836517</ele><time>2023-02-25T07:01:59Z</time></trkpt><trkpt lat="22.28986138753474" lon="114.23772461910337"><ele>-6.800309360880306</ele><time>2023-02-25T07:02:03Z</time></trkpt><trkpt lat="22.289892058819863" lon="114.23776465829856"><ele>-5.713454456184144</ele><time>2023-02-25T07:02:05Z</time></trkpt><trkpt lat="22.289915791656828" lon="114.23777609178781"><ele>-5.510884139636153</ele><time>2023-02-25T07:02:07Z</time></trkpt><trkpt lat="22.289934218537542" lon="114.23777871050463"><ele>-5.4423150568840075</ele><time>2023-02-25T07:02:09Z</time></trkpt><trkpt lat="22.289964990157973" lon="114.23779715226635"><ele>-4.979665603902208</ele><time>2023-02-25T07:02:13Z</time></trkpt><trkpt lat="22.289993801350654" lon="114.23781329645287"><ele>-4.780098998611216</ele><time>2023-02-25T07:02:17Z</time></trkpt><trkpt lat="22.290009586704493" lon="114.23782720218853"><ele>-5.184311967589623</ele><time>2023-02-25T07:02:19Z</time></trkpt><trkpt lat="22.29003472218377" lon="114.23785010418396"><ele>-5.630460874774502</ele><time>2023-02-25T07:02:23Z</time></trkpt><trkpt lat="22.290056370619" lon="114.23788010537643"><ele>-3.916683396525913</ele><time>2023-02-25T07:02:27Z</time></trkpt><trkpt lat="22.290067630350645" lon="114.23789999681212"><ele>-0.9185085955666128</ele><time>2023-02-25T07:02:33Z</time></trkpt><trkpt lat="22.290085243916575" lon="114.2379046750564"><ele>-1.732093460015179</ele><time>2023-02-25T07:02:39Z</time></trkpt><trkpt lat="22.290131255062832" lon="114.23793069015694"><ele>-2.2871079941413006</ele><time>2023-02-25T07:02:43Z</time></trkpt><trkpt lat="22.29015752788227" lon="114.23793972247172"><ele>-2.282309667002325</ele><time>2023-02-25T07:02:45Z</time></trkpt><trkpt lat="22.29037834328422" lon="114.23809662225423"><ele>3.9452275559306145</ele><time>2023-02-25T07:03:15Z</time></trkpt><trkpt lat="22.290395864787495" lon="114.2381528793954"><ele>5.386482861824334</ele><time>2023-02-25T07:03:17Z</time></trkpt><trkpt lat="22.290378442622675" lon="114.23816650299644"><ele>-1.7643518848344684</ele><time>2023-02-25T07:03:23Z</time></trkpt><trkpt lat="22.290375885711768" lon="114.23819063182911"><ele>-4.787583091296256</ele><time>2023-02-25T07:03:27Z</time></trkpt><trkpt lat="22.290402083991687" lon="114.23819709348977"><ele>-13.006308001538862</ele><time>2023-02-25T07:03:31Z</time></trkpt><trkpt lat="22.29042113499599" lon="114.23821802924054"><ele>-11.552109656647541</ele><time>2023-02-25T07:03:33Z</time></trkpt><trkpt lat="22.290443132229434" lon="114.23820032277185"><ele>-7.160569477722992</ele><time>2023-02-25T07:03:35Z</time></trkpt><trkpt lat="22.29046064409422" lon="114.23817973696924"><ele>-6.950861226624066</ele><time>2023-02-25T07:03:37Z</time></trkpt><trkpt lat="22.29045679710275" lon="114.23820250938478"><ele>-8.06050708662921</ele><time>2023-02-25T07:03:39Z</time></trkpt><trkpt lat="22.290453228990163" lon="114.23823477833243"><ele>-8.55497092498931</ele><time>2023-02-25T07:03:43Z</time></trkpt><trkpt lat="22.290399650135658" lon="114.23822356162418"><ele>-4.497418207116425</ele><time>2023-02-25T07:03:57Z</time></trkpt><trkpt lat="22.290352751190085" lon="114.23820396894573"><ele>-9.306676985723263</ele><time>2023-02-25T07:03:59Z</time></trkpt><trkpt lat="22.290377064911883" lon="114.23817422581595"><ele>-11.154169387527345</ele><time>2023-02-25T07:04:01Z</time></trkpt><trkpt lat="22.29045130350994" lon="114.23824580335882"><ele>-16.661284741631704</ele><time>2023-02-25T07:04:03Z</time></trkpt><trkpt lat="22.29048355693468" lon="114.23824243817488"><ele>-17.633500394206827</ele><time>2023-02-25T07:04:05Z</time></trkpt><trkpt lat="22.290507690583627" lon="114.23827779433688"><ele>-18.757595205206318</ele><time>2023-02-25T07:04:07Z</time></trkpt><trkpt lat="22.290549521975787" lon="114.23831058341965"><ele>-18.426110717525745</ele><time>2023-02-25T07:04:09Z</time></trkpt><trkpt lat="22.290599921650603" lon="114.2383168316784"><ele>-17.317260125735</ele><time>2023-02-25T07:04:11Z</time></trkpt><trkpt lat="22.290647663161767" lon="114.23829780140342"><ele>-14.257433778310954</ele><time>2023-02-25T07:04:13Z</time></trkpt><trkpt lat="22.290669361323122" lon="114.23829218152747"><ele>-11.468942281733748</ele><time>2023-02-25T07:04:15Z</time></trkpt><trkpt lat="22.290693373672312" lon="114.23830335471645"><ele>-10.735072840545481</ele><time>2023-02-25T07:04:19Z</time></trkpt><trkpt lat="22.29069489238431" lon="114.23833297972995"><ele>-11.0057415012515</ele><time>2023-02-25T07:04:23Z</time></trkpt><trkpt lat="22.290687971466433" lon="114.23835872636653"><ele>-10.967354181401534</ele><time>2023-02-25T07:04:27Z</time></trkpt><trkpt lat="22.290678912725696" lon="114.23838744003288"><ele>-11.098268204566423</ele><time>2023-02-25T07:04:31Z</time></trkpt><trkpt lat="22.290669451283335" lon="114.23841390857112"><ele>-11.07182134104317</ele><time>2023-02-25T07:04:33Z</time></trkpt><trkpt lat="22.290697557085203" lon="114.2384455777629"><ele>-11.424626463091604</ele><time>2023-02-25T07:04:37Z</time></trkpt><trkpt lat="22.290706134031797" lon="114.23848269278187"><ele>-12.922403410968741</ele><time>2023-02-25T07:04:39Z</time></trkpt><trkpt lat="22.290769985844626" lon="114.23848053915171"><ele>-13.444505074054376</ele><time>2023-02-25T07:04:41Z</time></trkpt><trkpt lat="22.290841444366162" lon="114.23847762642117"><ele>-12.372302122856548</ele><time>2023-02-25T07:04:43Z</time></trkpt><trkpt lat="22.290892476300044" lon="114.2384821346891"><ele>-11.541103946369011</ele><time>2023-02-25T07:04:45Z</time></trkpt><trkpt lat="22.29091995412885" lon="114.23847908952557"><ele>-10.439944396936847</ele><time>2023-02-25T07:04:47Z</time></trkpt><trkpt lat="22.290936887316498" lon="114.23849727387332"><ele>-10.465552805046656</ele><time>2023-02-25T07:04:49Z</time></trkpt><trkpt lat="22.29095490899538" lon="114.23849765379236"><ele>-10.494549604770002</ele><time>2023-02-25T07:04:53Z</time></trkpt><trkpt lat="22.29097703750978" lon="114.23849493675999"><ele>-10.739677143369827</ele><time>2023-02-25T07:04:57Z</time></trkpt><trkpt lat="22.291007359560997" lon="114.23850888771423"><ele>-8.53279775377035</ele><time>2023-02-25T07:05:01Z</time></trkpt><trkpt lat="22.29102311427316" lon="114.23853016380062"><ele>-7.934917330358401</ele><time>2023-02-25T07:05:03Z</time></trkpt><trkpt lat="22.291042402018657" lon="114.23854786653017"><ele>-7.238890613759529</ele><time>2023-02-25T07:05:05Z</time></trkpt><trkpt lat="22.29106263965684" lon="114.23855831158876"><ele>-6.239934706029507</ele><time>2023-02-25T07:05:07Z</time></trkpt><trkpt lat="22.29108992055206" lon="114.2385552781017"><ele>-4.558078385926574</ele><time>2023-02-25T07:05:09Z</time></trkpt><trkpt lat="22.291111128411398" lon="114.2385615835273"><ele>-4.044862680921496</ele><time>2023-02-25T07:05:11Z</time></trkpt><trkpt lat="22.291129366353996" lon="114.2385732795755"><ele>-3.6247971477941627</ele><time>2023-02-25T07:05:13Z</time></trkpt><trkpt lat="22.29115121153899" lon="114.23857059657105"><ele>-2.951357941991917</ele><time>2023-02-25T07:05:15Z</time></trkpt><trkpt lat="22.291170489235725" lon="114.23856273526985"><ele>-2.195141940548972</ele><time>2023-02-25T07:05:17Z</time></trkpt><trkpt lat="22.291200409292887" lon="114.2385440210416"><ele>-1.1373284699328097</ele><time>2023-02-25T07:05:21Z</time></trkpt><trkpt lat="22.291223910142797" lon="114.2385504384902"><ele>-0.03142345815562693</ele><time>2023-02-25T07:05:25Z</time></trkpt><trkpt lat="22.291250039385424" lon="114.23857974196078"><ele>-0.08522638392471178</ele><time>2023-02-25T07:05:29Z</time></trkpt><trkpt lat="22.29127091592152" lon="114.23858881602429"><ele>0.22820374939159968</ele><time>2023-02-25T07:05:31Z</time></trkpt><trkpt lat="22.291292124046308" lon="114.23859758725995"><ele>0.6080785476660998</ele><time>2023-02-25T07:05:33Z</time></trkpt><trkpt lat="22.2913149313715" lon="114.2386084055319"><ele>0.6996996419346593</ele><time>2023-02-25T07:05:35Z</time></trkpt><trkpt lat="22.291337641112186" lon="114.2386186956586"><ele>1.2258011892640468</ele><time>2023-02-25T07:05:37Z</time></trkpt><trkpt lat="22.2913586282987" lon="114.23863017359436"><ele>1.7260468369934976</ele><time>2023-02-25T07:05:39Z</time></trkpt><trkpt lat="22.291373061532738" lon="114.2386419246004"><ele>2.1947472881319077</ele><time>2023-02-25T07:05:41Z</time></trkpt><trkpt lat="22.291388951381048" lon="114.23865478384063"><ele>2.693463923201019</ele><time>2023-02-25T07:05:43Z</time></trkpt><trkpt lat="22.291410855076624" lon="114.2386657915182"><ele>4.256594117766858</ele><time>2023-02-25T07:05:47Z</time></trkpt><trkpt lat="22.29141778073952" lon="114.23868378014747"><ele>4.38697875685515</ele><time>2023-02-25T07:05:51Z</time></trkpt><trkpt lat="22.29143987867704" lon="114.23867089878112"><ele>2.056706216671199</ele><time>2023-02-25T07:05:57Z</time></trkpt><trkpt lat="22.291464051707493" lon="114.23866676224091"><ele>1.1929439692725032</ele><time>2023-02-25T07:05:59Z</time></trkpt><trkpt lat="22.29149798305559" lon="114.23866369480716"><ele>0.6050542557276122</ele><time>2023-02-25T07:06:01Z</time></trkpt><trkpt lat="22.291530795343288" lon="114.23865131089084"><ele>1.3987577783557137</ele><time>2023-02-25T07:06:03Z</time></trkpt><trkpt lat="22.291560039362732" lon="114.23863966842598"><ele>2.436724810040639</ele><time>2023-02-25T07:06:05Z</time></trkpt><trkpt lat="22.291588608539662" lon="114.23863540420545"><ele>2.4189112170748888</ele><time>2023-02-25T07:06:07Z</time></trkpt><trkpt lat="22.291613926291955" lon="114.23863764558818"><ele>2.5443975517015898</ele><time>2023-02-25T07:06:09Z</time></trkpt><trkpt lat="22.29163993340796" lon="114.23863845234426"><ele>2.7382431287940587</ele><time>2023-02-25T07:06:11Z</time></trkpt><trkpt lat="22.29166174721728" lon="114.23864310192741"><ele>3.183038833160353</ele><time>2023-02-25T07:06:13Z</time></trkpt><trkpt lat="22.291679297335115" lon="114.23864899634327"><ele>4.065838641897952</ele><time>2023-02-25T07:06:15Z</time></trkpt><trkpt lat="22.29171280252284" lon="114.23865787972333"><ele>4.830998056751159</ele><time>2023-02-25T07:06:19Z</time></trkpt><trkpt lat="22.291731766494916" lon="114.23864983579142"><ele>5.604154704545695</ele><time>2023-02-25T07:06:21Z</time></trkpt><trkpt lat="22.291759303800617" lon="114.23863351646055"><ele>5.363694714149094</ele><time>2023-02-25T07:06:25Z</time></trkpt><trkpt lat="22.291782752562835" lon="114.23861728148833"><ele>5.174189360326848</ele><time>2023-02-25T07:06:29Z</time></trkpt><trkpt lat="22.29179361153998" lon="114.23860101688184"><ele>4.759443676795289</ele><time>2023-02-25T07:06:33Z</time></trkpt><trkpt lat="22.291808001188617" lon="114.23858920603435"><ele>4.63605187292727</ele><time>2023-02-25T07:06:35Z</time></trkpt><trkpt lat="22.291838606964664" lon="114.23856933184028"><ele>3.964294746869296</ele><time>2023-02-25T07:06:39Z</time></trkpt><trkpt lat="22.291855687078492" lon="114.23855740329353"><ele>3.6462998921910326</ele><time>2023-02-25T07:06:41Z</time></trkpt><trkpt lat="22.291875859742674" lon="114.23854569764175"><ele>4.037638749504482</ele><time>2023-02-25T07:06:43Z</time></trkpt><trkpt lat="22.291890492811476" lon="114.23852615470959"><ele>3.8828441205422664</ele><time>2023-02-25T07:06:45Z</time></trkpt><trkpt lat="22.291903613918215" lon="114.23850624599625"><ele>3.65459206499725</ele><time>2023-02-25T07:06:47Z</time></trkpt><trkpt lat="22.29191967412902" lon="114.23848772605542"><ele>3.342066352293219</ele><time>2023-02-25T07:06:49Z</time></trkpt><trkpt lat="22.29193892566459" lon="114.23847333277308"><ele>2.962609802229394</ele><time>2023-02-25T07:06:51Z</time></trkpt><trkpt lat="22.29195860665229" lon="114.23845773135818"><ele>2.809002417311306</ele><time>2023-02-25T07:06:53Z</time></trkpt><trkpt lat="22.29196769603812" lon="114.2384322187253"><ele>2.3714842589479006</ele><time>2023-02-25T07:06:55Z</time></trkpt><trkpt lat="22.291978148253943" lon="114.2384083337152"><ele>1.998977819207393</ele><time>2023-02-25T07:06:57Z</time></trkpt><trkpt lat="22.291988662092887" lon="114.23838503821013"><ele>1.6147632914369403</ele><time>2023-02-25T07:06:59Z</time></trkpt><trkpt lat="22.292005857055745" lon="114.23836399906021"><ele>1.2570645887239151</ele><time>2023-02-25T07:07:03Z</time></trkpt><trkpt lat="22.29201099995374" lon="114.23833312126288"><ele>1.3118891404804067</ele><time>2023-02-25T07:07:07Z</time></trkpt><trkpt lat="22.292016460804923" lon="114.23830887916759"><ele>1.3244367968870077</ele><time>2023-02-25T07:07:15Z</time></trkpt><trkpt lat="22.29203967024475" lon="114.23830735740863"><ele>1.3918053944043487</ele><time>2023-02-25T07:07:17Z</time></trkpt><trkpt lat="22.292062637324722" lon="114.23831239900167"><ele>1.0482985168720924</ele><time>2023-02-25T07:07:19Z</time></trkpt><trkpt lat="22.29208261410924" lon="114.23832932859278"><ele>0.8162859906082478</ele><time>2023-02-25T07:07:23Z</time></trkpt><trkpt lat="22.292111630824056" lon="114.23833306521956"><ele>-0.29915897243224315</ele><time>2023-02-25T07:07:27Z</time></trkpt><trkpt lat="22.292141303285867" lon="114.2383250131828"><ele>-2.628448616489963</ele><time>2023-02-25T07:07:31Z</time></trkpt><trkpt lat="22.2921619751406" lon="114.23832240695114"><ele>-2.999471558147692</ele><time>2023-02-25T07:07:33Z</time></trkpt><trkpt lat="22.292187227263458" lon="114.23832322297561"><ele>-4.24083157720546</ele><time>2023-02-25T07:07:37Z</time></trkpt><trkpt lat="22.292201223390087" lon="114.23829568234478"><ele>-4.100958290670293</ele><time>2023-02-25T07:07:43Z</time></trkpt><trkpt lat="22.292208820529748" lon="114.23825745191672"><ele>-4.364326866239909</ele><time>2023-02-25T07:07:55Z</time></trkpt><trkpt lat="22.292226861485375" lon="114.23823910310809"><ele>-4.793183333298699</ele><time>2023-02-25T07:07:57Z</time></trkpt><trkpt lat="22.292246794637062" lon="114.2382258640128"><ele>-5.174128351685656</ele><time>2023-02-25T07:07:59Z</time></trkpt><trkpt lat="22.29226219520119" lon="114.23821415629202"><ele>-5.413786278978224</ele><time>2023-02-25T07:08:01Z</time></trkpt><trkpt lat="22.292277968726154" lon="114.23820352545961"><ele>-4.876412454436175</ele><time>2023-02-25T07:08:03Z</time></trkpt><trkpt lat="22.292297804436675" lon="114.23818923652881"><ele>-4.801803841134952</ele><time>2023-02-25T07:08:05Z</time></trkpt><trkpt lat="22.292318964941384" lon="114.23817025009127"><ele>-4.755414529916371</ele><time>2023-02-25T07:08:07Z</time></trkpt><trkpt lat="22.292336695938452" lon="114.23814281100678"><ele>-4.451020919712974</ele><time>2023-02-25T07:08:09Z</time></trkpt><trkpt lat="22.292344547611783" lon="114.23811866901589"><ele>-4.339330008076126</ele><time>2023-02-25T07:08:11Z</time></trkpt><trkpt lat="22.292360458099456" lon="114.23810290692569"><ele>-4.559218762789164</ele><time>2023-02-25T07:08:13Z</time></trkpt><trkpt lat="22.292376745179734" lon="114.23809309659721"><ele>-4.586804417890589</ele><time>2023-02-25T07:08:15Z</time></trkpt><trkpt lat="22.292393923865692" lon="114.23808235469868"><ele>-4.494486817366635</ele><time>2023-02-25T07:08:17Z</time></trkpt><trkpt lat="22.292413197278123" lon="114.23807366722187"><ele>-4.065374470649684</ele><time>2023-02-25T07:08:19Z</time></trkpt><trkpt lat="22.292429143175823" lon="114.23806311518635"><ele>-3.4711873953772887</ele><time>2023-02-25T07:08:21Z</time></trkpt><trkpt lat="22.29245680606266" lon="114.23804567599866"><ele>-3.005591638741708</ele><time>2023-02-25T07:08:25Z</time></trkpt><trkpt lat="22.292473977105285" lon="114.23803882344275"><ele>-3.0282167785280953</ele><time>2023-02-25T07:08:27Z</time></trkpt><trkpt lat="22.292489263314675" lon="114.23802691855472"><ele>-3.01461497210843</ele><time>2023-02-25T07:08:29Z</time></trkpt><trkpt lat="22.292514616574316" lon="114.238003908944"><ele>-3.02842655652663</ele><time>2023-02-25T07:08:33Z</time></trkpt><trkpt lat="22.29253620554385" lon="114.23798703687379"><ele>-3.071365092679695</ele><time>2023-02-25T07:08:35Z</time></trkpt><trkpt lat="22.29255125479954" lon="114.2380007976213"><ele>-3.391674518823782</ele><time>2023-02-25T07:08:45Z</time></trkpt><trkpt lat="22.29258096533053" lon="114.23801670646031"><ele>-3.9999200937017805</ele><time>2023-02-25T07:08:47Z</time></trkpt><trkpt lat="22.292609438660282" lon="114.23803132553975"><ele>-4.51815367826551</ele><time>2023-02-25T07:08:49Z</time></trkpt><trkpt lat="22.292632526601597" lon="114.2380517741219"><ele>-4.595626783797013</ele><time>2023-02-25T07:08:51Z</time></trkpt><trkpt lat="22.292666669039825" lon="114.23805566157858"><ele>-4.780343549717515</ele><time>2023-02-25T07:08:53Z</time></trkpt><trkpt lat="22.292693857432393" lon="114.2380606696859"><ele>-4.880830748879346</ele><time>2023-02-25T07:08:55Z</time></trkpt><trkpt lat="22.292722650798893" lon="114.23806255664498"><ele>-5.099197614629268</ele><time>2023-02-25T07:08:57Z</time></trkpt><trkpt lat="22.292750073184294" lon="114.23807490190273"><ele>-5.623063274936795</ele><time>2023-02-25T07:08:59Z</time></trkpt><trkpt lat="22.29277268359824" lon="114.23807359353553"><ele>-6.313469879044508</ele><time>2023-02-25T07:09:01Z</time></trkpt><trkpt lat="22.29280092758369" lon="114.2380764682763"><ele>-5.782609925811105</ele><time>2023-02-25T07:09:05Z</time></trkpt><trkpt lat="22.292827210485985" lon="114.23810125331238"><ele>-4.1037261507960165</ele><time>2023-02-25T07:09:09Z</time></trkpt><trkpt lat="22.292849356404357" lon="114.23812523670874"><ele>-2.1035267096147106</ele><time>2023-02-25T07:09:13Z</time></trkpt><trkpt lat="22.292865315521585" lon="114.23815194831884"><ele>-1.9856969156424495</ele><time>2023-02-25T07:09:15Z</time></trkpt><trkpt lat="22.29289374431008" lon="114.23818206431069"><ele>-2.6247955095793065</ele><time>2023-02-25T07:09:17Z</time></trkpt><trkpt lat="22.29291125687905" lon="114.23821234579788"><ele>-3.2340105329783717</ele><time>2023-02-25T07:09:19Z</time></trkpt><trkpt lat="22.29292584430459" lon="114.23823615912727"><ele>-3.365460502569202</ele><time>2023-02-25T07:09:21Z</time></trkpt><trkpt lat="22.29293848176258" lon="114.23826160044725"><ele>-3.6171755853706484</ele><time>2023-02-25T07:09:23Z</time></trkpt><trkpt lat="22.29294910915073" lon="114.23828707744161"><ele>-3.52850176855728</ele><time>2023-02-25T07:09:25Z</time></trkpt><trkpt lat="22.292963515693614" lon="114.23830872122605"><ele>-3.378097420611239</ele><time>2023-02-25T07:09:27Z</time></trkpt><trkpt lat="22.292981711603932" lon="114.23832356349804"><ele>-3.2883692826888846</ele><time>2023-02-25T07:09:29Z</time></trkpt><trkpt lat="22.292996492366196" lon="114.23834275263313"><ele>-3.018687402191575</ele><time>2023-02-25T07:09:31Z</time></trkpt><trkpt lat="22.293001475728733" lon="114.23837248547655"><ele>-2.9566043804113376</ele><time>2023-02-25T07:09:33Z</time></trkpt><trkpt lat="22.293012304278363" lon="114.23839067979677"><ele>-3.0336348981282883</ele><time>2023-02-25T07:09:35Z</time></trkpt><trkpt lat="22.29302477137543" lon="114.23840762943505"><ele>-3.124644892366141</ele><time>2023-02-25T07:09:37Z</time></trkpt><trkpt lat="22.29305096765154" lon="114.23842900519665"><ele>-3.263232604094481</ele><time>2023-02-25T07:09:41Z</time></trkpt><trkpt lat="22.293085003020675" lon="114.2384429059943"><ele>-2.2821000195420913</ele><time>2023-02-25T07:09:45Z</time></trkpt><trkpt lat="22.29310572077839" lon="114.23844905643149"><ele>-1.8072037007512751</ele><time>2023-02-25T07:09:47Z</time></trkpt><trkpt lat="22.29312813778565" lon="114.23845841218491"><ele>-1.6197379411579655</ele><time>2023-02-25T07:09:49Z</time></trkpt><trkpt lat="22.293145885628064" lon="114.23847284594109"><ele>-1.4575194252721435</ele><time>2023-02-25T07:09:51Z</time></trkpt><trkpt lat="22.29317000265323" lon="114.23848309397073"><ele>-0.9789533911817394</ele><time>2023-02-25T07:09:55Z</time></trkpt><trkpt lat="22.293192365805986" lon="114.23847798432843"><ele>-0.6243123759354527</ele><time>2023-02-25T07:09:59Z</time></trkpt><trkpt lat="22.293210372600008" lon="114.23848254975664"><ele>-0.47270427026962003</ele><time>2023-02-25T07:10:01Z</time></trkpt><trkpt lat="22.29323076695398" lon="114.23848643881358"><ele>-0.4947291677195166</ele><time>2023-02-25T07:10:03Z</time></trkpt><trkpt lat="22.293251909632428" lon="114.23849050107657"><ele>-0.4465016765065214</ele><time>2023-02-25T07:10:05Z</time></trkpt><trkpt lat="22.293272951115224" lon="114.23849193190715"><ele>-0.4063260252788923</ele><time>2023-02-25T07:10:07Z</time></trkpt><trkpt lat="22.293294539986174" lon="114.23848700593955"><ele>-0.5507757194102811</ele><time>2023-02-25T07:10:09Z</time></trkpt><trkpt lat="22.29331325184356" lon="114.23847703034227"><ele>-0.3425048040339149</ele><time>2023-02-25T07:10:11Z</time></trkpt><trkpt lat="22.293328553168944" lon="114.23846291661617"><ele>0.14060788192417822</ele><time>2023-02-25T07:10:13Z</time></trkpt><trkpt lat="22.293355493046803" lon="114.23843672600658"><ele>0.560208382857107</ele><time>2023-02-25T07:10:17Z</time></trkpt><trkpt lat="22.293370662379616" lon="114.23841926691908"><ele>0.5307511367012689</ele><time>2023-02-25T07:10:19Z</time></trkpt><trkpt lat="22.293389738674673" lon="114.23840583029333"><ele>0.8160506819179898</ele><time>2023-02-25T07:10:21Z</time></trkpt><trkpt lat="22.293411983910776" lon="114.23840102420938"><ele>0.9796116119192996</ele><time>2023-02-25T07:10:23Z</time></trkpt><trkpt lat="22.293433157742015" lon="114.23839248401427"><ele>0.7041046248566919</ele><time>2023-02-25T07:10:25Z</time></trkpt><trkpt lat="22.293452042780444" lon="114.23838902560219"><ele>0.051537083625340895</ele><time>2023-02-25T07:10:27Z</time></trkpt><trkpt lat="22.29347287192149" lon="114.2383891757597"><ele>-0.6705255660495211</ele><time>2023-02-25T07:10:29Z</time></trkpt><trkpt lat="22.293493468704824" lon="114.23838315396593"><ele>-2.285915582167949</ele><time>2023-02-25T07:10:31Z</time></trkpt><trkpt lat="22.293512894392766" lon="114.23838271914188"><ele>-3.2832119038604195</ele><time>2023-02-25T07:10:33Z</time></trkpt><trkpt lat="22.2935358797379" lon="114.23838556957409"><ele>-3.8829163313963684</ele><time>2023-02-25T07:10:35Z</time></trkpt><trkpt lat="22.293558835968575" lon="114.23838513423148"><ele>-4.157833463535356</ele><time>2023-02-25T07:10:37Z</time></trkpt><trkpt lat="22.293588380980285" lon="114.23839484244465"><ele>-4.054172491272357</ele><time>2023-02-25T07:10:39Z</time></trkpt><trkpt lat="22.293614690311166" lon="114.23840172768665"><ele>-3.5687345546018268</ele><time>2023-02-25T07:10:41Z</time></trkpt><trkpt lat="22.293638539507622" lon="114.23840125574523"><ele>-3.141704103156194</ele><time>2023-02-25T07:10:43Z</time></trkpt><trkpt lat="22.293662143113963" lon="114.23839538829955"><ele>-2.858647843294649</ele><time>2023-02-25T07:10:45Z</time></trkpt><trkpt lat="22.293693310825613" lon="114.23839685110555"><ele>-2.7320441829444255</ele><time>2023-02-25T07:10:47Z</time></trkpt><trkpt lat="22.293721390636613" lon="114.2383957846568"><ele>-2.7883650681682153</ele><time>2023-02-25T07:10:49Z</time></trkpt><trkpt lat="22.2937467020219" lon="114.23838960387714"><ele>-2.8011230769608413</ele><time>2023-02-25T07:10:51Z</time></trkpt><trkpt lat="22.293769867520375" lon="114.23838645165283"><ele>-2.662551567160159</ele><time>2023-02-25T07:10:53Z</time></trkpt><trkpt lat="22.2937930287877" lon="114.23838249324551"><ele>-2.345770583443659</ele><time>2023-02-25T07:10:55Z</time></trkpt><trkpt lat="22.29381322958683" lon="114.23836073374234"><ele>-1.2674658952175244</ele><time>2023-02-25T07:10:57Z</time></trkpt><trkpt lat="22.293830083295145" lon="114.23833303927891"><ele>0.11368487878970365</ele><time>2023-02-25T07:10:59Z</time></trkpt><trkpt lat="22.293851262152067" lon="114.2382976447759"><ele>1.4585556775189885</ele><time>2023-02-25T07:11:01Z</time></trkpt><trkpt lat="22.293867780701465" lon="114.23827242967099"><ele>2.1748482229508403</ele><time>2023-02-25T07:11:03Z</time></trkpt><trkpt lat="22.293894637882577" lon="114.23825315668864"><ele>3.036674435720238</ele><time>2023-02-25T07:11:07Z</time></trkpt><trkpt lat="22.293893196492004" lon="114.23822538446717"><ele>3.6681220675550357</ele><time>2023-02-25T07:11:09Z</time></trkpt><trkpt lat="22.29389277245911" lon="114.2382026510136"><ele>4.4911619296111995</ele><time>2023-02-25T07:11:11Z</time></trkpt><trkpt lat="22.293904431903442" lon="114.23817950791445"><ele>5.44751083630675</ele><time>2023-02-25T07:11:13Z</time></trkpt><trkpt lat="22.29391602771097" lon="114.23816070683655"><ele>6.468461102409988</ele><time>2023-02-25T07:11:15Z</time></trkpt><trkpt lat="22.293945143939936" lon="114.23814039743579"><ele>6.985864859925087</ele><time>2023-02-25T07:11:19Z</time></trkpt><trkpt lat="22.293964637995405" lon="114.2381284357531"><ele>7.149804264993883</ele><time>2023-02-25T07:11:21Z</time></trkpt><trkpt lat="22.293986899726974" lon="114.2381193236408"><ele>7.497147482314673</ele><time>2023-02-25T07:11:23Z</time></trkpt><trkpt lat="22.294007913027162" lon="114.23810764809122"><ele>7.652983247430428</ele><time>2023-02-25T07:11:25Z</time></trkpt><trkpt lat="22.294028765522338" lon="114.23809209300263"><ele>7.470358712538221</ele><time>2023-02-25T07:11:27Z</time></trkpt><trkpt lat="22.294049906142703" lon="114.23808019315543"><ele>7.172502099139142</ele><time>2023-02-25T07:11:29Z</time></trkpt><trkpt lat="22.294067610044" lon="114.23806941528281"><ele>7.050566760243461</ele><time>2023-02-25T07:11:31Z</time></trkpt><trkpt lat="22.294101061273626" lon="114.23806099505084"><ele>6.736588755196117</ele><time>2023-02-25T07:11:35Z</time></trkpt><trkpt lat="22.29412070005473" lon="114.23805515915514"><ele>6.585794089841607</ele><time>2023-02-25T07:11:37Z</time></trkpt><trkpt lat="22.29414626993685" lon="114.23804933341513"><ele>6.4741000555240085</ele><time>2023-02-25T07:11:39Z</time></trkpt><trkpt lat="22.294166743460707" lon="114.2380481687488"><ele>6.4746666978930705</ele><time>2023-02-25T07:11:41Z</time></trkpt><trkpt lat="22.294183425083755" lon="114.23803961392265"><ele>6.426230606459382</ele><time>2023-02-25T07:11:43Z</time></trkpt><trkpt lat="22.29420204629423" lon="114.23803306493136"><ele>6.350471873116546</ele><time>2023-02-25T07:11:45Z</time></trkpt><trkpt lat="22.2942292779041" lon="114.23803201982396"><ele>6.305969643055595</ele><time>2023-02-25T07:11:47Z</time></trkpt><trkpt lat="22.294253875545788" lon="114.23802886623453"><ele>6.1523029947305385</ele><time>2023-02-25T07:11:49Z</time></trkpt><trkpt lat="22.29427717813247" lon="114.23802042548476"><ele>5.891108192659276</ele><time>2023-02-25T07:11:51Z</time></trkpt><trkpt lat="22.294297769246967" lon="114.23800821842718"><ele>5.8711469753262575</ele><time>2023-02-25T07:11:53Z</time></trkpt><trkpt lat="22.294316018085077" lon="114.23799757751887"><ele>5.786308066034436</ele><time>2023-02-25T07:11:55Z</time></trkpt><trkpt lat="22.29433602100769" lon="114.23798201550028"><ele>5.744925473298479</ele><time>2023-02-25T07:11:57Z</time></trkpt><trkpt lat="22.2943564061616" lon="114.23796639129031"><ele>6.310351785248707</ele><time>2023-02-25T07:11:59Z</time></trkpt><trkpt lat="22.294373563732673" lon="114.23795964946616"><ele>6.74231153769582</ele><time>2023-02-25T07:12:01Z</time></trkpt><trkpt lat="22.29439263940235" lon="114.23795504081802"><ele>7.361715220032455</ele><time>2023-02-25T07:12:03Z</time></trkpt><trkpt lat="22.294414220017995" lon="114.23794639963715"><ele>7.623711593758328</ele><time>2023-02-25T07:12:05Z</time></trkpt><trkpt lat="22.294438554576622" lon="114.23794092844314"><ele>7.927917048233431</ele><time>2023-02-25T07:12:07Z</time></trkpt><trkpt lat="22.294457442951938" lon="114.23794198837089"><ele>8.036396555061058</ele><time>2023-02-25T07:12:09Z</time></trkpt><trkpt lat="22.294474740369058" lon="114.23793543795743"><ele>8.42481122568573</ele><time>2023-02-25T07:12:11Z</time></trkpt><trkpt lat="22.294493625965135" lon="114.23792556371329"><ele>9.65482219894792</ele><time>2023-02-25T07:12:13Z</time></trkpt><trkpt lat="22.294513150192316" lon="114.23791558446136"><ele>10.229749137377189</ele><time>2023-02-25T07:12:15Z</time></trkpt><trkpt lat="22.2945348419387" lon="114.23790882613636"><ele>11.19934676039239</ele><time>2023-02-25T07:12:17Z</time></trkpt><trkpt lat="22.294555562672066" lon="114.23790571083656"><ele>11.534766907566413</ele><time>2023-02-25T07:12:19Z</time></trkpt><trkpt lat="22.29457717529228" lon="114.23791026012591"><ele>11.379772905631931</ele><time>2023-02-25T07:12:21Z</time></trkpt><trkpt lat="22.294597405696816" lon="114.23791265795748"><ele>11.081602412293822</ele><time>2023-02-25T07:12:23Z</time></trkpt><trkpt lat="22.294633902301907" lon="114.23791741185002"><ele>10.955145801484488</ele><time>2023-02-25T07:12:27Z</time></trkpt><trkpt lat="22.29466007535768" lon="114.23791958577826"><ele>10.995012531677373</ele><time>2023-02-25T07:12:29Z</time></trkpt><trkpt lat="22.29468919047497" lon="114.23792151579848"><ele>10.817653780118043</ele><time>2023-02-25T07:12:31Z</time></trkpt><trkpt lat="22.29471555140685" lon="114.23792717597726"><ele>10.336255306695325</ele><time>2023-02-25T07:12:33Z</time></trkpt><trkpt lat="22.294742185429413" lon="114.23793597285378"><ele>9.989462332799175</ele><time>2023-02-25T07:12:35Z</time></trkpt><trkpt lat="22.294770606593172" lon="114.2379417842912"><ele>9.593843148403709</ele><time>2023-02-25T07:12:37Z</time></trkpt><trkpt lat="22.29479465242537" lon="114.23794785863069"><ele>9.782279480464018</ele><time>2023-02-25T07:12:39Z</time></trkpt><trkpt lat="22.29481369168167" lon="114.2379548436109"><ele>9.976357822788069</ele><time>2023-02-25T07:12:41Z</time></trkpt><trkpt lat="22.2948473458595" lon="114.23797208361347"><ele>10.01890800035887</ele><time>2023-02-25T07:12:45Z</time></trkpt><trkpt lat="22.294864847182907" lon="114.2379769288905"><ele>9.822109351073872</ele><time>2023-02-25T07:12:47Z</time></trkpt><trkpt lat="22.294882923583028" lon="114.23798529853731"><ele>9.846584936733924</ele><time>2023-02-25T07:12:49Z</time></trkpt><trkpt lat="22.294903346040478" lon="114.23798907964216"><ele>9.743029725131608</ele><time>2023-02-25T07:12:51Z</time></trkpt><trkpt lat="22.2949264559864" lon="114.23799304645786"><ele>9.8401110967493</ele><time>2023-02-25T07:12:53Z</time></trkpt><trkpt lat="22.29495119474208" lon="114.23800060058112"><ele>10.112361437232472</ele><time>2023-02-25T07:12:55Z</time></trkpt><trkpt lat="22.294976169987194" lon="114.23800483624849"><ele>10.344606032726919</ele><time>2023-02-25T07:12:57Z</time></trkpt><trkpt lat="22.294995020315287" lon="114.23801611036444"><ele>10.170859415391062</ele><time>2023-02-25T07:12:59Z</time></trkpt><trkpt lat="22.295027808796796" lon="114.23803034166365"><ele>10.072328092869135</ele><time>2023-02-25T07:13:03Z</time></trkpt><trkpt lat="22.29504881019657" lon="114.23803621983757"><ele>9.829824972338978</ele><time>2023-02-25T07:13:05Z</time></trkpt><trkpt lat="22.295073562600464" lon="114.23803802864357"><ele>9.79497283137311</ele><time>2023-02-25T07:13:07Z</time></trkpt><trkpt lat="22.295100500206242" lon="114.23804429154401"><ele>9.716394836163017</ele><time>2023-02-25T07:13:09Z</time></trkpt><trkpt lat="22.295125509794833" lon="114.23805663869646"><ele>9.454431857486464</ele><time>2023-02-25T07:13:11Z</time></trkpt><trkpt lat="22.295142494846303" lon="114.23807242941939"><ele>9.411715882175264</ele><time>2023-02-25T07:13:13Z</time></trkpt><trkpt lat="22.29517433798226" lon="114.23808858706"><ele>9.581275834289707</ele><time>2023-02-25T07:13:17Z</time></trkpt><trkpt lat="22.295212398590294" lon="114.23809996264347"><ele>9.62455035495592</ele><time>2023-02-25T07:13:21Z</time></trkpt><trkpt lat="22.29523639216334" lon="114.2381058232452"><ele>9.741286424219927</ele><time>2023-02-25T07:13:23Z</time></trkpt><trkpt lat="22.295259648200833" lon="114.2381143960293"><ele>9.700305353703248</ele><time>2023-02-25T07:13:25Z</time></trkpt><trkpt lat="22.295284585165117" lon="114.23812031895821"><ele>9.910183306044516</ele><time>2023-02-25T07:13:27Z</time></trkpt><trkpt lat="22.29531292752787" lon="114.23812292099596"><ele>10.17849409084948</ele><time>2023-02-25T07:13:29Z</time></trkpt><trkpt lat="22.295341348461665" lon="114.23812209219966"><ele>10.369858724864955</ele><time>2023-02-25T07:13:31Z</time></trkpt><trkpt lat="22.29536810372992" lon="114.23811712303551"><ele>10.325543840166059</ele><time>2023-02-25T07:13:33Z</time></trkpt><trkpt lat="22.29538931340945" lon="114.23811293697857"><ele>9.799122946375949</ele><time>2023-02-25T07:13:35Z</time></trkpt><trkpt lat="22.295409708917038" lon="114.23811210710664"><ele>9.619363877862558</ele><time>2023-02-25T07:13:37Z</time></trkpt><trkpt lat="22.295431939439503" lon="114.23810629484248"><ele>9.603731251794152</ele><time>2023-02-25T07:13:39Z</time></trkpt><trkpt lat="22.295456324205965" lon="114.23809738637617"><ele>9.906347632208918</ele><time>2023-02-25T07:13:41Z</time></trkpt><trkpt lat="22.29548202714791" lon="114.23809825838006"><ele>10.001130148717</ele><time>2023-02-25T07:13:43Z</time></trkpt><trkpt lat="22.29550730597923" lon="114.23810842752303"><ele>10.498221179265864</ele><time>2023-02-25T07:13:45Z</time></trkpt><trkpt lat="22.295530449792924" lon="114.23812706168493"><ele>10.972070005438697</ele><time>2023-02-25T07:13:47Z</time></trkpt><trkpt lat="22.295552322511778" lon="114.23814571245283"><ele>10.923089728272428</ele><time>2023-02-25T07:13:49Z</time></trkpt><trkpt lat="22.29556217583229" lon="114.23816894160191"><ele>11.840557872501007</ele><time>2023-02-25T07:13:53Z</time></trkpt><trkpt lat="22.295558359219616" lon="114.2381946795024"><ele>14.78867591325292</ele><time>2023-02-25T07:15:41Z</time></trkpt><trkpt lat="22.29557663894432" lon="114.23819825147842"><ele>17.027917683073607</ele><time>2023-02-25T07:15:43Z</time></trkpt><trkpt lat="22.29559487586989" lon="114.23820594158177"><ele>18.449479192542825</ele><time>2023-02-25T07:15:45Z</time></trkpt><trkpt lat="22.29562616206118" lon="114.23821000757633"><ele>21.072461449937812</ele><time>2023-02-25T07:15:49Z</time></trkpt><trkpt lat="22.295657850273333" lon="114.23820931759626"><ele>23.654331951503494</ele><time>2023-02-25T07:15:53Z</time></trkpt><trkpt lat="22.295678308627426" lon="114.23821647734255"><ele>23.90251195412079</ele><time>2023-02-25T07:15:55Z</time></trkpt><trkpt lat="22.295698249508796" lon="114.238234480842"><ele>24.03810671214911</ele><time>2023-02-25T07:15:57Z</time></trkpt><trkpt lat="22.295730930295406" lon="114.23821207990486"><ele>24.310472697577797</ele><time>2023-02-25T07:15:59Z</time></trkpt><trkpt lat="22.295744925433834" lon="114.2381853164098"><ele>24.259870614624738</ele><time>2023-02-25T07:16:01Z</time></trkpt><trkpt lat="22.29576017293499" lon="114.23816097795346"><ele>23.838856584234573</ele><time>2023-02-25T07:16:03Z</time></trkpt><trkpt lat="22.29578941852112" lon="114.23814376710678"><ele>23.99177527329035</ele><time>2023-02-25T07:16:05Z</time></trkpt><trkpt lat="22.295810619256923" lon="114.23813329103618"><ele>24.03463024428267</ele><time>2023-02-25T07:16:07Z</time></trkpt><trkpt lat="22.29583210890588" lon="114.23812976000815"><ele>24.00434361690735</ele><time>2023-02-25T07:16:09Z</time></trkpt><trkpt lat="22.295849537573712" lon="114.23812032391827"><ele>23.762172147097854</ele><time>2023-02-25T07:16:11Z</time></trkpt><trkpt lat="22.295869086150187" lon="114.23811589072017"><ele>23.36820845261733</ele><time>2023-02-25T07:16:13Z</time></trkpt><trkpt lat="22.29590913798409" lon="114.23812419052717"><ele>22.5465639390941</ele><time>2023-02-25T07:16:17Z</time></trkpt><trkpt lat="22.295932153742115" lon="114.23812707872901"><ele>22.07003641881665</ele><time>2023-02-25T07:16:19Z</time></trkpt><trkpt lat="22.295953944724573" lon="114.23812242656577"><ele>20.899731111850738</ele><time>2023-02-25T07:16:21Z</time></trkpt><trkpt lat="22.295971556437546" lon="114.23811268599908"><ele>19.378374352070274</ele><time>2023-02-25T07:16:23Z</time></trkpt><trkpt lat="22.296011143231823" lon="114.23810535304152"><ele>17.183606193794315</ele><time>2023-02-25T07:16:27Z</time></trkpt><trkpt lat="22.296033358501518" lon="114.23810520552499"><ele>16.746925159591473</ele><time>2023-02-25T07:16:29Z</time></trkpt><trkpt lat="22.296053212603674" lon="114.23810805034928"><ele>16.590368104335447</ele><time>2023-02-25T07:16:31Z</time></trkpt><trkpt lat="22.296074973150095" lon="114.23811287328003"><ele>16.371385576853122</ele><time>2023-02-25T07:16:33Z</time></trkpt><trkpt lat="22.296093179993957" lon="114.23811496638515"><ele>16.13099496300341</ele><time>2023-02-25T07:16:35Z</time></trkpt><trkpt lat="22.296109522432417" lon="114.2380994312715"><ele>15.972766845188607</ele><time>2023-02-25T07:16:37Z</time></trkpt><trkpt lat="22.296126243427484" lon="114.23808942713174"><ele>15.78322479761147</ele><time>2023-02-25T07:16:39Z</time></trkpt><trkpt lat="22.29614584253598" lon="114.23807902800154"><ele>15.38203737484358</ele><time>2023-02-25T07:16:41Z</time></trkpt><trkpt lat="22.296170794571164" lon="114.23807673150411"><ele>14.40486879936717</ele><time>2023-02-25T07:16:43Z</time></trkpt><trkpt lat="22.29619413534677" lon="114.23805836235218"><ele>13.206668060800316</ele><time>2023-02-25T07:16:45Z</time></trkpt><trkpt lat="22.296213206212602" lon="114.23804322259639"><ele>12.084083763760908</ele><time>2023-02-25T07:16:47Z</time></trkpt><trkpt lat="22.296232833666014" lon="114.2380383849317"><ele>10.711235727383578</ele><time>2023-02-25T07:16:49Z</time></trkpt><trkpt lat="22.296251193729315" lon="114.2380330267683"><ele>9.37818713844305</ele><time>2023-02-25T07:16:51Z</time></trkpt><trkpt lat="22.29626980126943" lon="114.23804008606363"><ele>8.511489522828441</ele><time>2023-02-25T07:16:53Z</time></trkpt><trkpt lat="22.29628544889595" lon="114.2380519682754"><ele>7.933185763643784</ele><time>2023-02-25T07:16:55Z</time></trkpt><trkpt lat="22.296330242389637" lon="114.2380560173026"><ele>6.573874499839647</ele><time>2023-02-25T07:16:59Z</time></trkpt><trkpt lat="22.296355724675216" lon="114.23804713263621"><ele>6.053563522734229</ele><time>2023-02-25T07:17:01Z</time></trkpt><trkpt lat="22.296377116292724" lon="114.23803968163311"><ele>5.816933573307486</ele><time>2023-02-25T07:17:03Z</time></trkpt><trkpt lat="22.29639701481537" lon="114.23802820295076"><ele>5.670166662727319</ele><time>2023-02-25T07:17:05Z</time></trkpt><trkpt lat="22.296413975941125" lon="114.23801365427758"><ele>5.738941971707798</ele><time>2023-02-25T07:17:07Z</time></trkpt><trkpt lat="22.296428635859137" lon="114.23800081817066"><ele>5.721898418861691</ele><time>2023-02-25T07:17:09Z</time></trkpt><trkpt lat="22.296444469607863" lon="114.2379891156393"><ele>5.63459715464101</ele><time>2023-02-25T07:17:11Z</time></trkpt><trkpt lat="22.29646253426214" lon="114.2379768280955"><ele>5.451413313232726</ele><time>2023-02-25T07:17:13Z</time></trkpt><trkpt lat="22.29647622343318" lon="114.23796389223548"><ele>4.927965698477982</ele><time>2023-02-25T07:17:15Z</time></trkpt><trkpt lat="22.29649290716739" lon="114.23794820350776"><ele>4.687766737734521</ele><time>2023-02-25T07:17:17Z</time></trkpt><trkpt lat="22.296509773027196" lon="114.2379368601376"><ele>4.189637320022963</ele><time>2023-02-25T07:17:19Z</time></trkpt><trkpt lat="22.296523337584297" lon="114.23792186355239"><ele>3.951948044815645</ele><time>2023-02-25T07:17:21Z</time></trkpt><trkpt lat="22.296534254286037" lon="114.2379013603745"><ele>3.895513753311608</ele><time>2023-02-25T07:17:23Z</time></trkpt><trkpt lat="22.296545083303407" lon="114.23787886863373"><ele>3.850112518893429</ele><time>2023-02-25T07:17:25Z</time></trkpt><trkpt lat="22.296561172599244" lon="114.23785911463226"><ele>3.9726503164145317</ele><time>2023-02-25T07:17:27Z</time></trkpt><trkpt lat="22.296585404587816" lon="114.2378469572977"><ele>4.171948208352996</ele><time>2023-02-25T07:17:29Z</time></trkpt><trkpt lat="22.296607497732218" lon="114.2378353214597"><ele>4.031466814460624</ele><time>2023-02-25T07:17:31Z</time></trkpt><trkpt lat="22.29662954044836" lon="114.23782067117605"><ele>3.859529147673217</ele><time>2023-02-25T07:17:33Z</time></trkpt><trkpt lat="22.296651089361852" lon="114.23780657376226"><ele>3.613395872659363</ele><time>2023-02-25T07:17:35Z</time></trkpt><trkpt lat="22.29667310675932" lon="114.23778875115805"><ele>3.4068120180599784</ele><time>2023-02-25T07:17:37Z</time></trkpt><trkpt lat="22.29669680581736" lon="114.23776870871258"><ele>3.0922582064573767</ele><time>2023-02-25T07:17:39Z</time></trkpt><trkpt lat="22.29672021981824" lon="114.23774890731848"><ele>3.188862898821038</ele><time>2023-02-25T07:17:41Z</time></trkpt><trkpt lat="22.296740843416032" lon="114.23772939866336"><ele>2.3200714822656865</ele><time>2023-02-25T07:17:43Z</time></trkpt><trkpt lat="22.2967654404604" lon="114.23770471055607"><ele>1.1885754632425123</ele><time>2023-02-25T07:17:47Z</time></trkpt><trkpt lat="22.296781099079666" lon="114.23771753846393"><ele>0.5161571380720553</ele><time>2023-02-25T07:17:51Z</time></trkpt><trkpt lat="22.296807317836173" lon="114.23769984106553"><ele>0.5192376450452231</ele><time>2023-02-25T07:17:55Z</time></trkpt><trkpt lat="22.296821894035027" lon="114.2376772545917"><ele>0.115054871136266</ele><time>2023-02-25T07:18:01Z</time></trkpt><trkpt lat="22.296843618213845" lon="114.23769326344461"><ele>0.03522218506040147</ele><time>2023-02-25T07:18:05Z</time></trkpt><trkpt lat="22.29685796395889" lon="114.23770993109343"><ele>-0.04764501536577944</ele><time>2023-02-25T07:18:07Z</time></trkpt><trkpt lat="22.296876565240137" lon="114.23769972034899"><ele>0.16228122157183145</ele><time>2023-02-25T07:18:13Z</time></trkpt><trkpt lat="22.296889746032793" lon="114.23768359945265"><ele>1.2098083002986404</ele><time>2023-02-25T07:18:21Z</time></trkpt><trkpt lat="22.296904525941095" lon="114.23766491115687"><ele>2.5743195512404373</ele><time>2023-02-25T07:18:25Z</time></trkpt><trkpt lat="22.296925251437013" lon="114.23763462902598"><ele>3.8571196364287954</ele><time>2023-02-25T07:18:33Z</time></trkpt><trkpt lat="22.29693030329747" lon="114.2376116283121"><ele>4.171121158905778</ele><time>2023-02-25T07:18:37Z</time></trkpt><trkpt lat="22.296940145300248" lon="114.23756182611017"><ele>4.619371707423818</ele><time>2023-02-25T07:18:39Z</time></trkpt><trkpt lat="22.29696683079649" lon="114.23754130574332"><ele>4.527427252441208</ele><time>2023-02-25T07:18:41Z</time></trkpt><trkpt lat="22.296995009113136" lon="114.23752911897627"><ele>3.7183049893183777</ele><time>2023-02-25T07:18:43Z</time></trkpt><trkpt lat="22.29704517149674" lon="114.23756099272288"><ele>3.354054685044877</ele><time>2023-02-25T07:18:45Z</time></trkpt><trkpt lat="22.297089759423553" lon="114.23756659652035"><ele>4.414567970222476</ele><time>2023-02-25T07:18:47Z</time></trkpt><trkpt lat="22.297113191878637" lon="114.23756676603988"><ele>5.061567409390586</ele><time>2023-02-25T07:18:49Z</time></trkpt><trkpt lat="22.29713089276555" lon="114.23755185314928"><ele>3.4956615156713737</ele><time>2023-02-25T07:18:53Z</time></trkpt></trkseg></trk></gpx>