<?xml version='1.0' encoding='UTF-8' ?><gpx version="1.1" creator="HikingTrailHK" xsi:schemaLocation="http://www.topografix.com/GPX/1/1 http://www.topografix.com/GPX/1/1/gpx.xsd" xmlns="http://www.topografix.com/GPX/1/1" xmlns:xsi="http://www.w3.org/2001/XMLSchema-instance"><metadata><name>我的轨迹 @ 2022-09-24 10:41:31</name><desc></desc></metadata><trk><trkseg><trkpt lat="22.350583220520274" lon="114.19770972923575"><ele>117.53009434882551</ele><time>2022-09-24T02:41:31Z</time></trkpt><trkpt lat="22.35061011539975" lon="114.19769182367293"><ele>112.59410351794213</ele><time>2022-09-24T02:41:46Z</time></trkpt><trkpt lat="22.350634094524647" lon="114.19768141293892"><ele>111.62983448927913</ele><time>2022-09-24T02:41:48Z</time></trkpt><trkpt lat="22.350658217972406" lon="114.19767200367114"><ele>111.70812478111486</ele><time>2022-09-24T02:41:50Z</time></trkpt><trkpt lat="22.350687238085392" lon="114.19767296468699"><ele>112.02981516519611</ele><time>2022-09-24T02:41:52Z</time></trkpt><trkpt lat="22.350714456204788" lon="114.1976704266966"><ele>112.28638999634369</ele><time>2022-09-24T02:41:54Z</time></trkpt><trkpt lat="22.35073525451378" lon="114.19766780304603"><ele>111.54131549179488</ele><time>2022-09-24T02:41:56Z</time></trkpt><trkpt lat="22.350759233549645" lon="114.19767541752925"><ele>111.70374012358253</ele><time>2022-09-24T02:41:58Z</time></trkpt><trkpt lat="22.35078416919239" lon="114.19768041763103"><ele>111.45295000900838</ele><time>2022-09-24T02:42:00Z</time></trkpt><trkpt lat="22.350808727211664" lon="114.19768974387806"><ele>111.1639283171284</ele><time>2022-09-24T02:42:02Z</time></trkpt><trkpt lat="22.35084091972327" lon="114.19770608667174"><ele>110.06355929080365</ele><time>2022-09-24T02:42:04Z</time></trkpt><trkpt lat="22.35086090083743" lon="114.19771162850239"><ele>111.72270191850191</ele><time>2022-09-24T02:42:06Z</time></trkpt><trkpt lat="22.350878984977737" lon="114.19771444493146"><ele>113.41943376044713</ele><time>2022-09-24T02:42:09Z</time></trkpt><trkpt lat="22.350899713273193" lon="114.19772042966484"><ele>114.33355363821384</ele><time>2022-09-24T02:42:11Z</time></trkpt><trkpt lat="22.350924997765386" lon="114.19774129006012"><ele>114.43612777403906</ele><time>2022-09-24T02:42:13Z</time></trkpt><trkpt lat="22.350944948195387" lon="114.19773819559491"><ele>113.61559056768182</ele><time>2022-09-24T02:42:15Z</time></trkpt><trkpt lat="22.350960632133496" lon="114.19775363383492"><ele>113.25620953322728</ele><time>2022-09-24T02:42:17Z</time></trkpt><trkpt lat="22.350981015653257" lon="114.19776528975973"><ele>112.57853533487746</ele><time>2022-09-24T02:42:19Z</time></trkpt><trkpt lat="22.350996558034794" lon="114.19777864030584"><ele>112.25938327078059</ele><time>2022-09-24T02:42:21Z</time></trkpt><trkpt lat="22.351012714749565" lon="114.1977901687185"><ele>112.18983841812293</ele><time>2022-09-24T02:42:23Z</time></trkpt><trkpt lat="22.351029740788224" lon="114.1978080388996"><ele>112.05585773077026</ele><time>2022-09-24T02:42:26Z</time></trkpt><trkpt lat="22.351055126099602" lon="114.19782759573222"><ele>112.21420113920725</ele><time>2022-09-24T02:42:28Z</time></trkpt><trkpt lat="22.351078958089094" lon="114.19784075093085"><ele>112.16488941963505</ele><time>2022-09-24T02:42:30Z</time></trkpt><trkpt lat="22.351096299689484" lon="114.19783245150434"><ele>111.99656290939302</ele><time>2022-09-24T02:42:32Z</time></trkpt><trkpt lat="22.351117338307915" lon="114.19783513727654"><ele>111.91030165630653</ele><time>2022-09-24T02:42:35Z</time></trkpt><trkpt lat="22.35113849024059" lon="114.19784849834883"><ele>111.76686415537161</ele><time>2022-09-24T02:42:37Z</time></trkpt><trkpt lat="22.35115164097332" lon="114.1978652792034"><ele>111.86427295937811</ele><time>2022-09-24T02:42:39Z</time></trkpt><trkpt lat="22.35117060082515" lon="114.197875171414"><ele>111.7551084974467</ele><time>2022-09-24T02:42:41Z</time></trkpt><trkpt lat="22.351177667568283" lon="114.19790037050164"><ele>112.08419315856099</ele><time>2022-09-24T02:42:43Z</time></trkpt><trkpt lat="22.35117174018596" lon="114.19792010239425"><ele>112.303534205115</ele><time>2022-09-24T02:42:44Z</time></trkpt><trkpt lat="22.351173699150678" lon="114.1979550206343"><ele>112.75977511155968</ele><time>2022-09-24T02:42:46Z</time></trkpt><trkpt lat="22.351180261919378" lon="114.19797833507153"><ele>112.84785492787812</ele><time>2022-09-24T02:42:48Z</time></trkpt><trkpt lat="22.35119531390233" lon="114.19799951848753"><ele>113.50710120342022</ele><time>2022-09-24T02:42:51Z</time></trkpt><trkpt lat="22.35120984751759" lon="114.19801723105344"><ele>114.05152274870387</ele><time>2022-09-24T02:42:54Z</time></trkpt><trkpt lat="22.35122838572877" lon="114.19803425740233"><ele>117.15239149972734</ele><time>2022-09-24T02:42:57Z</time></trkpt><trkpt lat="22.35124944196065" lon="114.19805018034194"><ele>117.30514989050936</ele><time>2022-09-24T02:42:59Z</time></trkpt><trkpt lat="22.3512793840312" lon="114.19805806986813"><ele>117.71546701178455</ele><time>2022-09-24T02:43:01Z</time></trkpt><trkpt lat="22.35130883310508" lon="114.19806779687087"><ele>117.85569514507041</ele><time>2022-09-24T02:43:03Z</time></trkpt><trkpt lat="22.351336869358466" lon="114.19807212478202"><ele>117.73123570857236</ele><time>2022-09-24T02:43:05Z</time></trkpt><trkpt lat="22.351364588457" lon="114.19807342400017"><ele>117.82661833208849</ele><time>2022-09-24T02:43:07Z</time></trkpt><trkpt lat="22.351386665388972" lon="114.198083062162"><ele>117.88121036570297</ele><time>2022-09-24T02:43:09Z</time></trkpt><trkpt lat="22.351404409594107" lon="114.19809370422415"><ele>117.79661628208787</ele><time>2022-09-24T02:43:11Z</time></trkpt><trkpt lat="22.351421885438338" lon="114.19809961084674"><ele>117.66484441477563</ele><time>2022-09-24T02:43:13Z</time></trkpt><trkpt lat="22.35143959559564" lon="114.19811424997172"><ele>117.77757007607362</ele><time>2022-09-24T02:43:15Z</time></trkpt><trkpt lat="22.35145843398525" lon="114.19813064762369"><ele>117.08968503317695</ele><time>2022-09-24T02:43:18Z</time></trkpt><trkpt lat="22.35147266491519" lon="114.198142738668"><ele>117.10213213989094</ele><time>2022-09-24T02:43:20Z</time></trkpt><trkpt lat="22.35148547215212" lon="114.19816169263265"><ele>116.79197894951331</ele><time>2022-09-24T02:43:23Z</time></trkpt><trkpt lat="22.351498891102885" lon="114.19817572178208"><ele>116.3807379759588</ele><time>2022-09-24T02:43:27Z</time></trkpt><trkpt lat="22.351523317115976" lon="114.19819094149409"><ele>116.09492910698161</ele><time>2022-09-24T02:43:30Z</time></trkpt><trkpt lat="22.35154117534713" lon="114.19821113091322"><ele>116.30642253894398</ele><time>2022-09-24T02:43:32Z</time></trkpt><trkpt lat="22.351555443215588" lon="114.19823365117044"><ele>116.07622762182147</ele><time>2022-09-24T02:43:34Z</time></trkpt><trkpt lat="22.351568991173806" lon="114.19824967311206"><ele>115.9382599403502</ele><time>2022-09-24T02:43:36Z</time></trkpt><trkpt lat="22.3515846143036" lon="114.19826474518241"><ele>116.30845272593567</ele><time>2022-09-24T02:43:38Z</time></trkpt><trkpt lat="22.351591202988814" lon="114.19828483771511"><ele>117.281013454525</ele><time>2022-09-24T02:43:40Z</time></trkpt><trkpt lat="22.351600022776783" lon="114.19830334093909"><ele>119.92418305608562</ele><time>2022-09-24T02:43:52Z</time></trkpt><trkpt lat="22.351618600096003" lon="114.19832053145328"><ele>120.52899460257235</ele><time>2022-09-24T02:43:55Z</time></trkpt><trkpt lat="22.35163719485186" lon="114.19833293871397"><ele>121.69829586672904</ele><time>2022-09-24T02:43:58Z</time></trkpt><trkpt lat="22.351654913440385" lon="114.19834325219456"><ele>123.22645225477883</ele><time>2022-09-24T02:44:01Z</time></trkpt><trkpt lat="22.351672965839104" lon="114.19836480208666"><ele>124.42923604748493</ele><time>2022-09-24T02:44:04Z</time></trkpt><trkpt lat="22.35168717308985" lon="114.19838830006186"><ele>124.65989032087154</ele><time>2022-09-24T02:44:07Z</time></trkpt><trkpt lat="22.351699796861915" lon="114.19840491330807"><ele>124.73867564695315</ele><time>2022-09-24T02:44:09Z</time></trkpt><trkpt lat="22.35171703137446" lon="114.19842178172314"><ele>125.21373911598307</ele><time>2022-09-24T02:44:11Z</time></trkpt><trkpt lat="22.35172989494312" lon="114.19844001916155"><ele>125.70182891908699</ele><time>2022-09-24T02:44:13Z</time></trkpt><trkpt lat="22.35174653308879" lon="114.19846090477509"><ele>126.88557875365885</ele><time>2022-09-24T02:44:16Z</time></trkpt><trkpt lat="22.351770251499165" lon="114.19847378534766"><ele>128.1634284225304</ele><time>2022-09-24T02:44:19Z</time></trkpt><trkpt lat="22.35178742679353" lon="114.19848703192609"><ele>128.63121977322072</ele><time>2022-09-24T02:44:21Z</time></trkpt><trkpt lat="22.35180296024637" lon="114.19850597024356"><ele>128.53622580792074</ele><time>2022-09-24T02:44:23Z</time></trkpt><trkpt lat="22.35182266855219" lon="114.19851954112545"><ele>128.82389135433905</ele><time>2022-09-24T02:44:25Z</time></trkpt><trkpt lat="22.351843255815922" lon="114.19853004184706"><ele>129.04775920286502</ele><time>2022-09-24T02:44:27Z</time></trkpt><trkpt lat="22.351861316256507" lon="114.19853589460969"><ele>129.2616204151476</ele><time>2022-09-24T02:44:29Z</time></trkpt><trkpt lat="22.35188503470811" lon="114.19853981602226"><ele>130.00206119364586</ele><time>2022-09-24T02:44:32Z</time></trkpt><trkpt lat="22.351908321509452" lon="114.19854100670953"><ele>130.30033347621932</ele><time>2022-09-24T02:44:35Z</time></trkpt><trkpt lat="22.35192775480742" lon="114.19854305727534"><ele>130.4079163555409</ele><time>2022-09-24T02:44:37Z</time></trkpt><trkpt lat="22.351948684583892" lon="114.19854451430817"><ele>130.68631388493455</ele><time>2022-09-24T02:44:40Z</time></trkpt><trkpt lat="22.35196722224775" lon="114.19855012333903"><ele>131.18686949334568</ele><time>2022-09-24T02:44:43Z</time></trkpt><trkpt lat="22.351985141458364" lon="114.19855290081485"><ele>131.89355402974192</ele><time>2022-09-24T02:44:46Z</time></trkpt><trkpt lat="22.352008756841734" lon="114.19855868114726"><ele>132.51779068754033</ele><time>2022-09-24T02:44:49Z</time></trkpt><trkpt lat="22.352026351460275" lon="114.19855313479457"><ele>132.32304009738107</ele><time>2022-09-24T02:44:51Z</time></trkpt><trkpt lat="22.352048616909066" lon="114.19854805625783"><ele>132.3056938955114</ele><time>2022-09-24T02:44:53Z</time></trkpt><trkpt lat="22.352069065813897" lon="114.19854357870192"><ele>132.68396898890524</ele><time>2022-09-24T02:44:55Z</time></trkpt><trkpt lat="22.352089501246393" lon="114.19854537397741"><ele>132.9587952957275</ele><time>2022-09-24T02:44:57Z</time></trkpt><trkpt lat="22.35210873669066" lon="114.19855534880212"><ele>132.72210691456567</ele><time>2022-09-24T02:45:03Z</time></trkpt><trkpt lat="22.352133825560504" lon="114.1985700506046"><ele>133.11300295887708</ele><time>2022-09-24T02:45:06Z</time></trkpt><trkpt lat="22.35215058169385" lon="114.19858714694755"><ele>133.498323856514</ele><time>2022-09-24T02:45:08Z</time></trkpt><trkpt lat="22.352174492808757" lon="114.19858765776145"><ele>134.53826437923186</ele><time>2022-09-24T02:45:11Z</time></trkpt><trkpt lat="22.352194028588446" lon="114.19858718058298"><ele>135.0936390533537</ele><time>2022-09-24T02:45:13Z</time></trkpt><trkpt lat="22.352212620289095" lon="114.19858667861855"><ele>135.51374442752757</ele><time>2022-09-24T02:45:15Z</time></trkpt><trkpt lat="22.352232466087905" lon="114.19859026631156"><ele>135.83554919063585</ele><time>2022-09-24T02:45:17Z</time></trkpt><trkpt lat="22.352250961211492" lon="114.19859216265553"><ele>135.81568909249455</ele><time>2022-09-24T02:45:20Z</time></trkpt><trkpt lat="22.352275755722836" lon="114.19858271104897"><ele>135.3106426242329</ele><time>2022-09-24T02:45:24Z</time></trkpt><trkpt lat="22.35229281041118" lon="114.19856855787592"><ele>134.6877742703202</ele><time>2022-09-24T02:45:27Z</time></trkpt><trkpt lat="22.35231704997464" lon="114.19856351363599"><ele>133.42518553764674</ele><time>2022-09-24T02:45:35Z</time></trkpt><trkpt lat="22.35233680136321" lon="114.19856625191163"><ele>133.06789097781245</ele><time>2022-09-24T02:45:37Z</time></trkpt><trkpt lat="22.35235888354739" lon="114.19857272694681"><ele>133.32798371880133</ele><time>2022-09-24T02:45:39Z</time></trkpt><trkpt lat="22.352378969752362" lon="114.19858397463351"><ele>134.16900270726038</ele><time>2022-09-24T02:45:41Z</time></trkpt><trkpt lat="22.352401279686575" lon="114.19859542001535"><ele>135.43908752047147</ele><time>2022-09-24T02:45:43Z</time></trkpt><trkpt lat="22.352427434800447" lon="114.19860711000807"><ele>136.44818466104564</ele><time>2022-09-24T02:45:45Z</time></trkpt><trkpt lat="22.35244910736499" lon="114.19862022907546"><ele>136.99232363507437</ele><time>2022-09-24T02:45:47Z</time></trkpt><trkpt lat="22.35246757011613" lon="114.19863493702975"><ele>137.73836460523967</ele><time>2022-09-24T02:45:49Z</time></trkpt><trkpt lat="22.35248490499709" lon="114.19864117157171"><ele>137.89541686846516</ele><time>2022-09-24T02:45:51Z</time></trkpt><trkpt lat="22.352502208682388" lon="114.19864975819344"><ele>138.16969605265285</ele><time>2022-09-24T02:45:53Z</time></trkpt><trkpt lat="22.352520603018746" lon="114.19866009662668"><ele>138.59172882756778</ele><time>2022-09-24T02:45:55Z</time></trkpt><trkpt lat="22.35254249384263" lon="114.19867427845494"><ele>139.97935373140024</ele><time>2022-09-24T02:45:57Z</time></trkpt><trkpt lat="22.352556991679243" lon="114.19868813022015"><ele>140.95231021289672</ele><time>2022-09-24T02:45:59Z</time></trkpt><trkpt lat="22.35257763622062" lon="114.19870429170383"><ele>143.0314696467169</ele><time>2022-09-24T02:46:02Z</time></trkpt><trkpt lat="22.35259743081966" lon="114.19871207534763"><ele>144.03205562515413</ele><time>2022-09-24T02:46:05Z</time></trkpt><trkpt lat="22.35260310531518" lon="114.19873203375123"><ele>146.15186039166514</ele><time>2022-09-24T02:46:08Z</time></trkpt><trkpt lat="22.352622944745267" lon="114.19872130977282"><ele>149.94121278052066</ele><time>2022-09-24T02:46:24Z</time></trkpt><trkpt lat="22.352633972874404" lon="114.19870124013623"><ele>150.8334202626137</ele><time>2022-09-24T02:46:31Z</time></trkpt><trkpt lat="22.35264826962895" lon="114.19868739942702"><ele>150.97025623662825</ele><time>2022-09-24T02:46:35Z</time></trkpt><trkpt lat="22.352655754403017" lon="114.19866616574677"><ele>151.82121516401185</ele><time>2022-09-24T02:46:40Z</time></trkpt><trkpt lat="22.352667642400807" lon="114.19864835279638"><ele>152.57130685914385</ele><time>2022-09-24T02:46:43Z</time></trkpt><trkpt lat="22.35268779756038" lon="114.19862596304567"><ele>153.26402708858367</ele><time>2022-09-24T02:46:45Z</time></trkpt><trkpt lat="22.35270389596428" lon="114.19860524817486"><ele>153.92545143324242</ele><time>2022-09-24T02:46:47Z</time></trkpt><trkpt lat="22.352715805020026" lon="114.19858755847972"><ele>154.83510348661721</ele><time>2022-09-24T02:46:49Z</time></trkpt><trkpt lat="22.352732848643353" lon="114.19857290313048"><ele>155.77152465189465</ele><time>2022-09-24T02:46:51Z</time></trkpt><trkpt lat="22.35275061048842" lon="114.19856112182664"><ele>156.83405997946107</ele><time>2022-09-24T02:46:54Z</time></trkpt><trkpt lat="22.35277132423664" lon="114.19854480154923"><ele>157.48657817820603</ele><time>2022-09-24T02:46:57Z</time></trkpt><trkpt lat="22.35278463953816" lon="114.19853007899907"><ele>158.27438193020967</ele><time>2022-09-24T02:47:00Z</time></trkpt><trkpt lat="22.35279230609188" lon="114.19851128497186"><ele>159.03741335378845</ele><time>2022-09-24T02:47:04Z</time></trkpt><trkpt lat="22.352799974730083" lon="114.1984927700468"><ele>159.88652614479494</ele><time>2022-09-24T02:47:28Z</time></trkpt><trkpt lat="22.352801451796825" lon="114.19847218776403"><ele>162.9131773347781</ele><time>2022-09-24T02:47:35Z</time></trkpt><trkpt lat="22.3528029198456" lon="114.19845201353539"><ele>163.52519412729782</ele><time>2022-09-24T02:47:38Z</time></trkpt><trkpt lat="22.352801499016994" lon="114.19843186356799"><ele>163.85602256636867</ele><time>2022-09-24T02:47:40Z</time></trkpt><trkpt lat="22.35279764444333" lon="114.19841278701995"><ele>164.99306102250077</ele><time>2022-09-24T02:47:43Z</time></trkpt><trkpt lat="22.352797268692346" lon="114.19839094290111"><ele>166.53636501752342</ele><time>2022-09-24T02:47:47Z</time></trkpt><trkpt lat="22.352806536349608" lon="114.19837114437141"><ele>167.63089545101636</ele><time>2022-09-24T02:47:52Z</time></trkpt><trkpt lat="22.352815700786493" lon="114.19835318775557"><ele>168.6100259962592</ele><time>2022-09-24T02:47:56Z</time></trkpt><trkpt lat="22.35282884914941" lon="114.19833138025605"><ele>168.91797873686488</ele><time>2022-09-24T02:48:00Z</time></trkpt><trkpt lat="22.352840462031697" lon="114.19831454440238"><ele>168.9697428279861</ele><time>2022-09-24T02:48:03Z</time></trkpt><trkpt lat="22.352851062859937" lon="114.1982968930523"><ele>168.95198798407583</ele><time>2022-09-24T02:48:07Z</time></trkpt><trkpt lat="22.35286587259513" lon="114.19828128577225"><ele>169.6834733995867</ele><time>2022-09-24T02:48:10Z</time></trkpt><trkpt lat="22.35287629278882" lon="114.19825348666797"><ele>176.4025233069448</ele><time>2022-09-24T02:48:18Z</time></trkpt><trkpt lat="22.352892992987048" lon="114.19824603254513"><ele>176.12499249692513</ele><time>2022-09-24T02:48:21Z</time></trkpt><trkpt lat="22.35290927925602" lon="114.19823425708007"><ele>178.26347274760025</ele><time>2022-09-24T02:48:25Z</time></trkpt><trkpt lat="22.352932974699712" lon="114.19821872184184"><ele>184.36257265899243</ele><time>2022-09-24T02:48:30Z</time></trkpt><trkpt lat="22.352945939069276" lon="114.1981960881254"><ele>184.19560854177408</ele><time>2022-09-24T02:48:36Z</time></trkpt><trkpt lat="22.352951085109876" lon="114.19817083579893"><ele>184.8905650391003</ele><time>2022-09-24T02:48:39Z</time></trkpt><trkpt lat="22.352964943703174" lon="114.19814812252173"><ele>186.4597922809174</ele><time>2022-09-24T02:48:42Z</time></trkpt><trkpt lat="22.352978324545614" lon="114.19813369779013"><ele>186.56154913782643</ele><time>2022-09-24T02:48:45Z</time></trkpt><trkpt lat="22.352996843058964" lon="114.19813587011791"><ele>186.62694404979712</ele><time>2022-09-24T02:48:47Z</time></trkpt><trkpt lat="22.35302186505483" lon="114.19813516252079"><ele>186.5662091487182</ele><time>2022-09-24T02:48:49Z</time></trkpt><trkpt lat="22.35304692516337" lon="114.19814880094123"><ele>186.30600408683244</ele><time>2022-09-24T02:48:53Z</time></trkpt><trkpt lat="22.353067188305086" lon="114.19816739040668"><ele>186.0852900773963</ele><time>2022-09-24T02:48:55Z</time></trkpt><trkpt lat="22.353085044811284" lon="114.19817188539513"><ele>185.560642767741</ele><time>2022-09-24T02:48:56Z</time></trkpt><trkpt lat="22.353129181739163" lon="114.19818462932265"><ele>185.316998016459</ele><time>2022-09-24T02:48:58Z</time></trkpt><trkpt lat="22.353158000057846" lon="114.1981963609754"><ele>185.24941327312055</ele><time>2022-09-24T02:49:00Z</time></trkpt><trkpt lat="22.353183691194005" lon="114.19820170028905"><ele>185.06874519482474</ele><time>2022-09-24T02:49:02Z</time></trkpt><trkpt lat="22.35320126449813" lon="114.19823469565324"><ele>184.08559361965277</ele><time>2022-09-24T02:49:04Z</time></trkpt><trkpt lat="22.353207190562767" lon="114.1982609302698"><ele>186.06804280712873</ele><time>2022-09-24T02:49:05Z</time></trkpt><trkpt lat="22.353216210703607" lon="114.19828489584442"><ele>186.7406493341522</ele><time>2022-09-24T02:49:07Z</time></trkpt><trkpt lat="22.353220989574577" lon="114.19830814823389"><ele>186.63475104088022</ele><time>2022-09-24T02:49:11Z</time></trkpt><trkpt lat="22.35323107557644" lon="114.19832774646645"><ele>186.87668158950186</ele><time>2022-09-24T02:49:17Z</time></trkpt><trkpt lat="22.35325761166887" lon="114.19833357051029"><ele>187.59834467303133</ele><time>2022-09-24T02:49:19Z</time></trkpt><trkpt lat="22.353266291743033" lon="114.19835444548166"><ele>187.6727409832111</ele><time>2022-09-24T02:49:23Z</time></trkpt><trkpt lat="22.35328243335233" lon="114.198363874673"><ele>187.83291262451414</ele><time>2022-09-24T02:49:29Z</time></trkpt><trkpt lat="22.353301398244735" lon="114.19838125959173"><ele>189.19909031508612</ele><time>2022-09-24T02:49:31Z</time></trkpt><trkpt lat="22.35330610811754" lon="114.19840354637176"><ele>189.218666371615</ele><time>2022-09-24T02:49:33Z</time></trkpt><trkpt lat="22.3533159931617" lon="114.19842329527282"><ele>189.5021049505941</ele><time>2022-09-24T02:49:36Z</time></trkpt><trkpt lat="22.353334269812063" lon="114.19843562924645"><ele>189.79223685463876</ele><time>2022-09-24T02:49:39Z</time></trkpt><trkpt lat="22.353348993754686" lon="114.19845311379815"><ele>190.02199731557235</ele><time>2022-09-24T02:49:41Z</time></trkpt><trkpt lat="22.353360119937495" lon="114.19847074029224"><ele>189.782762297846</ele><time>2022-09-24T02:49:44Z</time></trkpt><trkpt lat="22.353370448009425" lon="114.19848905712635"><ele>189.01570954431222</ele><time>2022-09-24T02:50:57Z</time></trkpt><trkpt lat="22.353390027508475" lon="114.19850984693184"><ele>188.76649714954527</ele><time>2022-09-24T02:50:59Z</time></trkpt><trkpt lat="22.35341030905114" lon="114.19852411160855"><ele>188.36932808938147</ele><time>2022-09-24T02:51:01Z</time></trkpt><trkpt lat="22.353442331642277" lon="114.19854465549587"><ele>188.46916528822433</ele><time>2022-09-24T02:51:03Z</time></trkpt><trkpt lat="22.35347269063176" lon="114.19856421254173"><ele>188.69996452437533</ele><time>2022-09-24T02:51:05Z</time></trkpt><trkpt lat="22.353493084690907" lon="114.19858138011527"><ele>188.75938881542504</ele><time>2022-09-24T02:51:07Z</time></trkpt><trkpt lat="22.35351959526366" lon="114.19859460501196"><ele>189.02167292748547</ele><time>2022-09-24T02:51:09Z</time></trkpt><trkpt lat="22.353542981543388" lon="114.19861159972147"><ele>189.68396668074186</ele><time>2022-09-24T02:51:11Z</time></trkpt><trkpt lat="22.35355938501358" lon="114.1986303594721"><ele>190.357686633983</ele><time>2022-09-24T02:51:13Z</time></trkpt><trkpt lat="22.353570660439228" lon="114.19865424373035"><ele>190.85182704770168</ele><time>2022-09-24T02:51:15Z</time></trkpt><trkpt lat="22.353582220500538" lon="114.19868012250986"><ele>191.40139006953467</ele><time>2022-09-24T02:51:17Z</time></trkpt><trkpt lat="22.353596974773062" lon="114.19870201835619"><ele>191.89880492581727</ele><time>2022-09-24T02:51:19Z</time></trkpt><trkpt lat="22.353613184994497" lon="114.19872331775869"><ele>192.0944191342488</ele><time>2022-09-24T02:51:21Z</time></trkpt><trkpt lat="22.353632792814096" lon="114.19874338507783"><ele>191.91082193480696</ele><time>2022-09-24T02:51:23Z</time></trkpt><trkpt lat="22.353650837305373" lon="114.19876325240483"><ele>191.7941059949088</ele><time>2022-09-24T02:51:25Z</time></trkpt><trkpt lat="22.353666197359903" lon="114.19878626229941"><ele>191.83681140475466</ele><time>2022-09-24T02:51:27Z</time></trkpt><trkpt lat="22.35368803959224" lon="114.19880675846912"><ele>191.90709624070962</ele><time>2022-09-24T02:51:29Z</time></trkpt><trkpt lat="22.353704064151582" lon="114.19882102221335"><ele>191.90486951803325</ele><time>2022-09-24T02:51:31Z</time></trkpt><trkpt lat="22.35374253690257" lon="114.19884814876312"><ele>189.10113914941618</ele><time>2022-09-24T02:51:33Z</time></trkpt><trkpt lat="22.353761794348532" lon="114.19886169166917"><ele>188.7848156384715</ele><time>2022-09-24T02:51:36Z</time></trkpt><trkpt lat="22.353783221719343" lon="114.19887717173573"><ele>189.16888455053433</ele><time>2022-09-24T02:51:40Z</time></trkpt><trkpt lat="22.353797105094646" lon="114.19889315441053"><ele>189.1450766873593</ele><time>2022-09-24T02:51:42Z</time></trkpt><trkpt lat="22.35380436578921" lon="114.19891182977521"><ele>190.7046999386173</ele><time>2022-09-24T02:51:48Z</time></trkpt><trkpt lat="22.353812571473988" lon="114.19893451186198"><ele>191.09162182270597</ele><time>2022-09-24T02:51:51Z</time></trkpt><trkpt lat="22.353806082355472" lon="114.19896300383039"><ele>190.7111256521305</ele><time>2022-09-24T02:51:54Z</time></trkpt><trkpt lat="22.353802716230152" lon="114.19898571200906"><ele>190.5686320498807</ele><time>2022-09-24T02:51:56Z</time></trkpt><trkpt lat="22.35379857749166" lon="114.19900579115664"><ele>190.4276594729818</ele><time>2022-09-24T02:51:58Z</time></trkpt><trkpt lat="22.35378972159966" lon="114.19902523740646"><ele>190.71869174103847</ele><time>2022-09-24T02:52:00Z</time></trkpt><trkpt lat="22.35378121875578" lon="114.19904412536569"><ele>190.75826897783907</ele><time>2022-09-24T02:52:02Z</time></trkpt><trkpt lat="22.353782582496923" lon="114.19906571344644"><ele>191.3024945859255</ele><time>2022-09-24T02:52:04Z</time></trkpt><trkpt lat="22.353781433082624" lon="114.19908618818972"><ele>191.4880010198899</ele><time>2022-09-24T02:52:06Z</time></trkpt><trkpt lat="22.353778585326403" lon="114.19911166016608"><ele>192.05090100717496</ele><time>2022-09-24T02:52:09Z</time></trkpt><trkpt lat="22.353769155029877" lon="114.19913427507369"><ele>192.45389289341327</ele><time>2022-09-24T02:52:12Z</time></trkpt><trkpt lat="22.353770025723307" lon="114.19915498101562"><ele>192.40566556000064</ele><time>2022-09-24T02:52:14Z</time></trkpt><trkpt lat="22.353770810419334" lon="114.19917484836185"><ele>192.39533611261325</ele><time>2022-09-24T02:52:17Z</time></trkpt><trkpt lat="22.35378170625786" lon="114.19920494208385"><ele>193.37646731491643</ele><time>2022-09-24T02:52:19Z</time></trkpt><trkpt lat="22.353795081453736" lon="114.19922990382351"><ele>195.30184921718742</ele><time>2022-09-24T02:52:21Z</time></trkpt><trkpt lat="22.353815240501568" lon="114.19922312648895"><ele>198.86177985604215</ele><time>2022-09-24T02:52:23Z</time></trkpt><trkpt lat="22.353836683327334" lon="114.19921789492683"><ele>199.34704494791214</ele><time>2022-09-24T02:52:27Z</time></trkpt><trkpt lat="22.353854044193927" lon="114.19920746547476"><ele>201.37238426038334</ele><time>2022-09-24T02:52:31Z</time></trkpt><trkpt lat="22.353873301365663" lon="114.19920226516423"><ele>202.50996962435823</ele><time>2022-09-24T02:52:42Z</time></trkpt><trkpt lat="22.353891236039598" lon="114.1991898797588"><ele>203.46575651521587</ele><time>2022-09-24T02:52:45Z</time></trkpt><trkpt lat="22.35391538683898" lon="114.19917806500888"><ele>204.31991258961304</ele><time>2022-09-24T02:52:48Z</time></trkpt><trkpt lat="22.353941525125844" lon="114.19917746759873"><ele>205.03420491986984</ele><time>2022-09-24T02:52:51Z</time></trkpt><trkpt lat="22.353959414307344" lon="114.19918461337781"><ele>205.65988394544522</ele><time>2022-09-24T02:53:12Z</time></trkpt><trkpt lat="22.353982875805702" lon="114.199179399998"><ele>205.34078710245151</ele><time>2022-09-24T02:53:15Z</time></trkpt><trkpt lat="22.354001958217932" lon="114.19917468512627"><ele>205.56607091626032</ele><time>2022-09-24T02:53:19Z</time></trkpt><trkpt lat="22.354020601395433" lon="114.19916746480123"><ele>206.3566560730232</ele><time>2022-09-24T02:53:25Z</time></trkpt><trkpt lat="22.354024760802734" lon="114.19913266413846"><ele>207.82578531309306</ele><time>2022-09-24T02:53:26Z</time></trkpt><trkpt lat="22.35403257311286" lon="114.19910496207577"><ele>210.86114907257485</ele><time>2022-09-24T02:53:28Z</time></trkpt><trkpt lat="22.35404951359822" lon="114.19909614304935"><ele>212.3349788403521</ele><time>2022-09-24T02:53:30Z</time></trkpt><trkpt lat="22.354071251378194" lon="114.19909793522294"><ele>212.41745238272796</ele><time>2022-09-24T02:53:34Z</time></trkpt><trkpt lat="22.35411855924707" lon="114.19911238286267"><ele>213.40041770297418</ele><time>2022-09-24T02:53:42Z</time></trkpt><trkpt lat="22.354141223852846" lon="114.1991180072089"><ele>213.30709655641638</ele><time>2022-09-24T02:53:45Z</time></trkpt><trkpt lat="22.354162204667386" lon="114.19912067044284"><ele>213.75104180435386</ele><time>2022-09-24T02:53:52Z</time></trkpt><trkpt lat="22.354182802614957" lon="114.19912654277329"><ele>214.4795264440602</ele><time>2022-09-24T02:53:55Z</time></trkpt><trkpt lat="22.354203099268044" lon="114.19912546907294"><ele>214.81793711672705</ele><time>2022-09-24T02:53:58Z</time></trkpt><trkpt lat="22.354220860434086" lon="114.19913271578193"><ele>215.10068745183105</ele><time>2022-09-24T02:54:02Z</time></trkpt><trkpt lat="22.354245082782413" lon="114.19913873038325"><ele>215.56433058728803</ele><time>2022-09-24T02:54:05Z</time></trkpt><trkpt lat="22.35426636688346" lon="114.19914198078511"><ele>216.583851514417</ele><time>2022-09-24T02:54:08Z</time></trkpt><trkpt lat="22.354285866726567" lon="114.19912548659283"><ele>222.84574850023418</ele><time>2022-09-24T02:54:10Z</time></trkpt><trkpt lat="22.354297159335083" lon="114.19914507175815"><ele>224.94370033351723</ele><time>2022-09-24T02:54:13Z</time></trkpt><trkpt lat="22.354318507673483" lon="114.1991510064065"><ele>224.58253601793749</ele><time>2022-09-24T02:54:17Z</time></trkpt><trkpt lat="22.354335542127604" lon="114.19915730815245"><ele>224.37945334036837</ele><time>2022-09-24T02:54:22Z</time></trkpt><trkpt lat="22.35435637949866" lon="114.19915637949698"><ele>224.97772282799556</ele><time>2022-09-24T02:54:25Z</time></trkpt><trkpt lat="22.354367509226023" lon="114.19913959050757"><ele>226.2498990583689</ele><time>2022-09-24T02:54:27Z</time></trkpt><trkpt lat="22.354387195402822" lon="114.19913312457236"><ele>225.78907974614572</ele><time>2022-09-24T02:54:31Z</time></trkpt><trkpt lat="22.35440474681204" lon="114.19912775401109"><ele>225.4846861985852</ele><time>2022-09-24T02:54:34Z</time></trkpt><trkpt lat="22.354424489497738" lon="114.19913975887705"><ele>225.1564803700228</ele><time>2022-09-24T02:54:40Z</time></trkpt><trkpt lat="22.354443479746283" lon="114.19914044619694"><ele>225.50029015562077</ele><time>2022-09-24T02:54:46Z</time></trkpt><trkpt lat="22.354463040578583" lon="114.1991135245683"><ele>225.02689851298982</ele><time>2022-09-24T02:54:49Z</time></trkpt><trkpt lat="22.354485038480927" lon="114.19910512593401"><ele>224.29683834088578</ele><time>2022-09-24T02:55:01Z</time></trkpt><trkpt lat="22.354508881588703" lon="114.19912306296213"><ele>224.45844815754816</ele><time>2022-09-24T02:55:03Z</time></trkpt><trkpt lat="22.354531542381025" lon="114.19911204870475"><ele>223.465665190755</ele><time>2022-09-24T02:55:15Z</time></trkpt><trkpt lat="22.354555348794996" lon="114.19910336568869"><ele>223.9712205014872</ele><time>2022-09-24T02:55:16Z</time></trkpt><trkpt lat="22.354581720117647" lon="114.19911154511883"><ele>225.62476511787384</ele><time>2022-09-24T02:55:18Z</time></trkpt><trkpt lat="22.354600262197252" lon="114.19911063357193"><ele>229.88255053903134</ele><time>2022-09-24T02:55:22Z</time></trkpt><trkpt lat="22.354623313233578" lon="114.19910860068318"><ele>232.8599859641237</ele><time>2022-09-24T02:55:31Z</time></trkpt><trkpt lat="22.354642117999678" lon="114.19911393323"><ele>232.8464132354623</ele><time>2022-09-24T02:55:38Z</time></trkpt><trkpt lat="22.354681708022415" lon="114.19912222741613"><ele>233.83222858591827</ele><time>2022-09-24T02:55:48Z</time></trkpt><trkpt lat="22.354701722185148" lon="114.19912269510759"><ele>233.50472786387806</ele><time>2022-09-24T02:55:51Z</time></trkpt><trkpt lat="22.354722188579473" lon="114.19912589790063"><ele>234.01294613063618</ele><time>2022-09-24T02:55:55Z</time></trkpt><trkpt lat="22.3547403626549" lon="114.19912514378863"><ele>234.32810533811423</ele><time>2022-09-24T02:55:58Z</time></trkpt><trkpt lat="22.354764815733127" lon="114.19912547878599"><ele>234.42327913820918</ele><time>2022-09-24T02:56:02Z</time></trkpt><trkpt lat="22.354798661109996" lon="114.19913682871189"><ele>233.31293875160827</ele><time>2022-09-24T02:56:10Z</time></trkpt><trkpt lat="22.354824555084203" lon="114.1991338884125"><ele>236.45725982989714</ele><time>2022-09-24T02:56:13Z</time></trkpt><trkpt lat="22.35484531379335" lon="114.19913208090317"><ele>236.61220756269228</ele><time>2022-09-24T02:56:17Z</time></trkpt><trkpt lat="22.354841341643283" lon="114.19910063027096"><ele>238.13089629911116</ele><time>2022-09-24T02:56:20Z</time></trkpt><trkpt lat="22.354846468474193" lon="114.19907960222899"><ele>240.9411767381204</ele><time>2022-09-24T02:56:21Z</time></trkpt><trkpt lat="22.35485171254811" lon="114.19905670068664"><ele>244.03480934761842</ele><time>2022-09-24T02:56:22Z</time></trkpt><trkpt lat="22.354874105554956" lon="114.19906335712537"><ele>242.32308675925995</ele><time>2022-09-24T02:56:24Z</time></trkpt><trkpt lat="22.354882971368067" lon="114.19908076069439"><ele>241.86992206994685</ele><time>2022-09-24T02:56:25Z</time></trkpt><trkpt lat="22.354896152833224" lon="114.1990952097706"><ele>242.81904941115278</ele><time>2022-09-24T02:56:44Z</time></trkpt><trkpt lat="22.354909533983705" lon="114.19910887167715"><ele>243.49724204873348</ele><time>2022-09-24T02:58:13Z</time></trkpt><trkpt lat="22.354929259615336" lon="114.19911866590255"><ele>243.53502594444393</ele><time>2022-09-24T02:58:15Z</time></trkpt><trkpt lat="22.354951348085073" lon="114.1991166451815"><ele>243.48464887341586</ele><time>2022-09-24T02:58:17Z</time></trkpt><trkpt lat="22.35496844142632" lon="114.19910941582455"><ele>243.80249659349994</ele><time>2022-09-24T02:58:19Z</time></trkpt><trkpt lat="22.355023231607106" lon="114.19910466538147"><ele>248.20841893173463</ele><time>2022-09-24T02:58:24Z</time></trkpt><trkpt lat="22.35504228045287" lon="114.19909837048537"><ele>252.79909559418783</ele><time>2022-09-24T02:58:45Z</time></trkpt><trkpt lat="22.35506118669024" lon="114.19909109829685"><ele>252.78412856786733</ele><time>2022-09-24T02:58:51Z</time></trkpt><trkpt lat="22.355075016503278" lon="114.19907774330665"><ele>253.54532094344611</ele><time>2022-09-24T02:58:55Z</time></trkpt><trkpt lat="22.355099307558607" lon="114.19906545549088"><ele>256.55341129121626</ele><time>2022-09-24T02:59:00Z</time></trkpt><trkpt lat="22.355116796504962" lon="114.199052605987"><ele>259.46115892192233</ele><time>2022-09-24T02:59:02Z</time></trkpt><trkpt lat="22.35513953974258" lon="114.19904490288106"><ele>259.99566503128153</ele><time>2022-09-24T02:59:07Z</time></trkpt><trkpt lat="22.355156619677096" lon="114.1990541362156"><ele>262.87193518345947</ele><time>2022-09-24T02:59:18Z</time></trkpt><trkpt lat="22.355176833551297" lon="114.19905338703597"><ele>263.16146311339935</ele><time>2022-09-24T02:59:27Z</time></trkpt><trkpt lat="22.355195197394" lon="114.19904375113826"><ele>265.04846444654925</ele><time>2022-09-24T02:59:36Z</time></trkpt><trkpt lat="22.35522815072368" lon="114.1990506818768"><ele>266.1277414449688</ele><time>2022-09-24T03:00:03Z</time></trkpt><trkpt lat="22.35524190075677" lon="114.19906700819534"><ele>267.74691027686737</ele><time>2022-09-24T03:00:13Z</time></trkpt><trkpt lat="22.35524100491692" lon="114.19910452330755"><ele>269.96233278137663</ele><time>2022-09-24T03:00:15Z</time></trkpt><trkpt lat="22.35524094496668" lon="114.19912829626547"><ele>270.12918021357524</ele><time>2022-09-24T03:00:16Z</time></trkpt><trkpt lat="22.35523326327018" lon="114.19915639571013"><ele>270.5039288201268</ele><time>2022-09-24T03:00:18Z</time></trkpt><trkpt lat="22.35523676388911" lon="114.1991878509645"><ele>271.8464510274119</ele><time>2022-09-24T03:00:20Z</time></trkpt><trkpt lat="22.355228860070916" lon="114.19921323239689"><ele>272.55001302539785</ele><time>2022-09-24T03:00:22Z</time></trkpt><trkpt lat="22.355221492257392" lon="114.19923249505966"><ele>272.323312330186</ele><time>2022-09-24T03:00:24Z</time></trkpt><trkpt lat="22.355215261849423" lon="114.19925273715268"><ele>272.16984774532375</ele><time>2022-09-24T03:00:26Z</time></trkpt><trkpt lat="22.35520016375534" lon="114.19927861955757"><ele>271.59354875406297</ele><time>2022-09-24T03:00:29Z</time></trkpt><trkpt lat="22.355187818038644" lon="114.19929387783542"><ele>271.3525138617953</ele><time>2022-09-24T03:00:31Z</time></trkpt><trkpt lat="22.355173443712683" lon="114.19931007280921"><ele>271.13347969764317</ele><time>2022-09-24T03:00:34Z</time></trkpt><trkpt lat="22.355158858429903" lon="114.19932451370804"><ele>270.65074946695734</ele><time>2022-09-24T03:00:45Z</time></trkpt><trkpt lat="22.35513890112187" lon="114.19934176990996"><ele>270.4802697736317</ele><time>2022-09-24T03:00:47Z</time></trkpt><trkpt lat="22.355121192919785" lon="114.199356097345"><ele>270.03725516200114</ele><time>2022-09-24T03:00:49Z</time></trkpt><trkpt lat="22.355108190556635" lon="114.1993705581713"><ele>269.4517268864153</ele><time>2022-09-24T03:00:51Z</time></trkpt><trkpt lat="22.355095032942856" lon="114.19938809030113"><ele>269.3505771102066</ele><time>2022-09-24T03:00:53Z</time></trkpt><trkpt lat="22.355089447012475" lon="114.1994080962147"><ele>269.6730025829125</ele><time>2022-09-24T03:00:55Z</time></trkpt><trkpt lat="22.355085361248165" lon="114.19943347280046"><ele>270.11155227310434</ele><time>2022-09-24T03:00:57Z</time></trkpt><trkpt lat="22.35508962190358" lon="114.1994531670465"><ele>270.4419042052566</ele><time>2022-09-24T03:00:59Z</time></trkpt><trkpt lat="22.355104527222114" lon="114.19946565048996"><ele>270.9063164575109</ele><time>2022-09-24T03:01:01Z</time></trkpt><trkpt lat="22.355128471582375" lon="114.19946070822118"><ele>271.80713929051404</ele><time>2022-09-24T03:01:03Z</time></trkpt><trkpt lat="22.355148479007877" lon="114.19944328034484"><ele>273.30234497596433</ele><time>2022-09-24T03:01:05Z</time></trkpt><trkpt lat="22.355158856261355" lon="114.19942412995371"><ele>274.26536500707005</ele><time>2022-09-24T03:01:07Z</time></trkpt><trkpt lat="22.3551711405213" lon="114.19940133678762"><ele>275.01651984077364</ele><time>2022-09-24T03:01:10Z</time></trkpt><trkpt lat="22.35518148422875" lon="114.19938343914583"><ele>275.0373820904888</ele><time>2022-09-24T03:01:12Z</time></trkpt><trkpt lat="22.35518834210374" lon="114.19936243482906"><ele>275.1981332887502</ele><time>2022-09-24T03:01:14Z</time></trkpt><trkpt lat="22.35518594119385" lon="114.19932802500914"><ele>275.12959632427805</ele><time>2022-09-24T03:01:15Z</time></trkpt><trkpt lat="22.355196327331136" lon="114.19930976438796"><ele>275.21548708483374</ele><time>2022-09-24T03:01:17Z</time></trkpt><trkpt lat="22.355210100380063" lon="114.19929721392278"><ele>275.60947361069316</ele><time>2022-09-24T03:01:19Z</time></trkpt><trkpt lat="22.35522734661625" lon="114.19927913029424"><ele>275.97012797235345</ele><time>2022-09-24T03:01:22Z</time></trkpt><trkpt lat="22.355247411679944" lon="114.19927580408238"><ele>276.03487939737255</ele><time>2022-09-24T03:01:24Z</time></trkpt><trkpt lat="22.355267955358176" lon="114.19927096596442"><ele>276.40540760131836</ele><time>2022-09-24T03:01:26Z</time></trkpt><trkpt lat="22.355290557307548" lon="114.1992611635906"><ele>276.5406604656548</ele><time>2022-09-24T03:01:28Z</time></trkpt><trkpt lat="22.355312443315306" lon="114.19925189103601"><ele>276.9424769946301</ele><time>2022-09-24T03:01:30Z</time></trkpt><trkpt lat="22.355336332658105" lon="114.19924010161202"><ele>277.6190828854892</ele><time>2022-09-24T03:01:32Z</time></trkpt><trkpt lat="22.355355535187734" lon="114.19921979924857"><ele>278.1694959830232</ele><time>2022-09-24T03:01:34Z</time></trkpt><trkpt lat="22.355366708685082" lon="114.1992029918532"><ele>278.844166785628</ele><time>2022-09-24T03:01:36Z</time></trkpt><trkpt lat="22.355383584813257" lon="114.1991843331784"><ele>279.6731642405805</ele><time>2022-09-24T03:01:39Z</time></trkpt><trkpt lat="22.35540060151404" lon="114.19916204549003"><ele>280.2683291693743</ele><time>2022-09-24T03:01:42Z</time></trkpt><trkpt lat="22.355410267529443" lon="114.19913933488019"><ele>280.51447550544157</ele><time>2022-09-24T03:01:44Z</time></trkpt><trkpt lat="22.355413495541093" lon="114.19911493380798"><ele>281.20669232895756</ele><time>2022-09-24T03:01:46Z</time></trkpt><trkpt lat="22.35540997781794" lon="114.19908839732143"><ele>282.3240602559552</ele><time>2022-09-24T03:01:49Z</time></trkpt><trkpt lat="22.35541080777049" lon="114.19906554565793"><ele>283.428269866755</ele><time>2022-09-24T03:01:52Z</time></trkpt><trkpt lat="22.355417452650464" lon="114.199045992503"><ele>283.98042898647526</ele><time>2022-09-24T03:01:54Z</time></trkpt><trkpt lat="22.355424263539632" lon="114.1990269438503"><ele>284.25105749376604</ele><time>2022-09-24T03:01:56Z</time></trkpt><trkpt lat="22.35543322804783" lon="114.19900379177393"><ele>282.8822486260817</ele><time>2022-09-24T03:02:02Z</time></trkpt><trkpt lat="22.355442843287907" lon="114.19898615199392"><ele>282.51627733944974</ele><time>2022-09-24T03:02:04Z</time></trkpt><trkpt lat="22.355456174453348" lon="114.19896549230653"><ele>282.4208046776753</ele><time>2022-09-24T03:02:06Z</time></trkpt><trkpt lat="22.355471323274944" lon="114.1989467619091"><ele>281.32771497101334</ele><time>2022-09-24T03:02:10Z</time></trkpt><trkpt lat="22.355480639770164" lon="114.19892799722393"><ele>281.6623734677686</ele><time>2022-09-24T03:02:13Z</time></trkpt><trkpt lat="22.355487160825813" lon="114.19890931875075"><ele>281.58148794612447</ele><time>2022-09-24T03:02:15Z</time></trkpt><trkpt lat="22.35549399635709" lon="114.19888946738486"><ele>281.33121067440555</ele><time>2022-09-24T03:02:17Z</time></trkpt><trkpt lat="22.355506863897975" lon="114.19886549605174"><ele>280.80867750930656</ele><time>2022-09-24T03:02:20Z</time></trkpt><trkpt lat="22.355513562800613" lon="114.19884274623884"><ele>280.12381432286577</ele><time>2022-09-24T03:02:23Z</time></trkpt><trkpt lat="22.355508053901104" lon="114.19882357740894"><ele>285.75130218453705</ele><time>2022-09-24T03:04:51Z</time></trkpt><trkpt lat="22.3555128058616" lon="114.19880005915967"><ele>285.57336428482085</ele><time>2022-09-24T03:04:55Z</time></trkpt><trkpt lat="22.355526843933095" lon="114.19877920894653"><ele>285.1466861907393</ele><time>2022-09-24T03:04:57Z</time></trkpt><trkpt lat="22.355531111447444" lon="114.19875242999254"><ele>283.8491489710286</ele><time>2022-09-24T03:05:00Z</time></trkpt><trkpt lat="22.355524761161647" lon="114.19872548630076"><ele>283.8135623699054</ele><time>2022-09-24T03:05:07Z</time></trkpt><trkpt lat="22.35552825639936" lon="114.19870334029491"><ele>284.1089185969904</ele><time>2022-09-24T03:05:10Z</time></trkpt><trkpt lat="22.355530011875967" lon="114.19868149046393"><ele>283.932254944928</ele><time>2022-09-24T03:05:14Z</time></trkpt><trkpt lat="22.355547076547023" lon="114.1986701555108"><ele>283.932254944928</ele><time>2022-09-24T03:05:19Z</time></trkpt><trkpt lat="22.35556941640155" lon="114.19865769621055"><ele>283.932254944928</ele><time>2022-09-24T03:05:23Z</time></trkpt><trkpt lat="22.355576435767727" lon="114.19863918113595"><ele>283.932254944928</ele><time>2022-09-24T03:05:41Z</time></trkpt><trkpt lat="22.355565463957493" lon="114.19861942456768"><ele>283.932254944928</ele><time>2022-09-24T03:06:09Z</time></trkpt><trkpt lat="22.355565294802506" lon="114.19859582896044"><ele>283.932254944928</ele><time>2022-09-24T03:06:12Z</time></trkpt><trkpt lat="22.355569558580335" lon="114.19857344426912"><ele>284.8002232114125</ele><time>2022-09-24T03:06:14Z</time></trkpt><trkpt lat="22.355574937188884" lon="114.198552184299"><ele>285.21634185783535</ele><time>2022-09-24T03:06:19Z</time></trkpt><trkpt lat="22.35559074463537" lon="114.19853077300925"><ele>285.92630717603356</ele><time>2022-09-24T03:06:26Z</time></trkpt><trkpt lat="22.355599871875103" lon="114.1985069289499"><ele>285.50883157218396</ele><time>2022-09-24T03:06:39Z</time></trkpt><trkpt lat="22.355623902968354" lon="114.1984862656751"><ele>289.99511891573127</ele><time>2022-09-24T03:06:50Z</time></trkpt><trkpt lat="22.355627398745938" lon="114.19845848297958"><ele>294.4209155945079</ele><time>2022-09-24T03:07:02Z</time></trkpt><trkpt lat="22.355624536619324" lon="114.1984367530385"><ele>294.69602619146764</ele><time>2022-09-24T03:07:05Z</time></trkpt><trkpt lat="22.355609868540448" lon="114.19842431824563"><ele>297.62578478974405</ele><time>2022-09-24T03:07:32Z</time></trkpt><trkpt lat="22.35561767645242" lon="114.19840303436477"><ele>297.646155793539</ele><time>2022-09-24T03:07:36Z</time></trkpt><trkpt lat="22.355614287745198" lon="114.19838038782862"><ele>295.3634331755427</ele><time>2022-09-24T03:07:38Z</time></trkpt><trkpt lat="22.35560123480209" lon="114.1983653460103"><ele>295.2224323510785</ele><time>2022-09-24T03:07:45Z</time></trkpt><trkpt lat="22.3555878322858" lon="114.1983520603008"><ele>294.9226449062465</ele><time>2022-09-24T03:07:47Z</time></trkpt><trkpt lat="22.355577413798045" lon="114.19833525704219"><ele>299.1503994467555</ele><time>2022-09-24T03:07:58Z</time></trkpt><trkpt lat="22.35557868055925" lon="114.19831215814354"><ele>301.2796872786276</ele><time>2022-09-24T03:08:01Z</time></trkpt><trkpt lat="22.355569184391758" lon="114.19829131588479"><ele>301.2915435946663</ele><time>2022-09-24T03:08:06Z</time></trkpt><trkpt lat="22.355554274520248" lon="114.19827400625447"><ele>301.2391266503933</ele><time>2022-09-24T03:08:13Z</time></trkpt><trkpt lat="22.355539276805935" lon="114.1982606767261"><ele>301.2488809240693</ele><time>2022-09-24T03:08:15Z</time></trkpt><trkpt lat="22.35552121302222" lon="114.19826698638727"><ele>301.1586610909458</ele><time>2022-09-24T03:08:18Z</time></trkpt><trkpt lat="22.355506845593656" lon="114.1982788136566"><ele>301.0866640751313</ele><time>2022-09-24T03:08:22Z</time></trkpt><trkpt lat="22.355519046359078" lon="114.19829628081406"><ele>303.8035119347846</ele><time>2022-09-24T03:08:24Z</time></trkpt><trkpt lat="22.355498405453655" lon="114.198294657614"><ele>308.1684823335905</ele><time>2022-09-24T03:08:36Z</time></trkpt><trkpt lat="22.355474198571997" lon="114.1983000416369"><ele>308.0318920431808</ele><time>2022-09-24T03:08:39Z</time></trkpt><trkpt lat="22.35545639890807" lon="114.19829548841028"><ele>308.1849814838994</ele><time>2022-09-24T03:08:43Z</time></trkpt><trkpt lat="22.355438425379837" lon="114.19828295272764"><ele>308.3020008066632</ele><time>2022-09-24T03:08:45Z</time></trkpt><trkpt lat="22.355421517135852" lon="114.19826647869596"><ele>308.84290632158013</ele><time>2022-09-24T03:08:49Z</time></trkpt><trkpt lat="22.355415349055964" lon="114.19824786218517"><ele>310.6221741462268</ele><time>2022-09-24T03:08:55Z</time></trkpt><trkpt lat="22.3554347608622" lon="114.19823945733006"><ele>310.2942265266281</ele><time>2022-09-24T03:08:58Z</time></trkpt><trkpt lat="22.355447975425385" lon="114.19822075038776"><ele>310.04822245182606</ele><time>2022-09-24T03:09:00Z</time></trkpt><trkpt lat="22.355459506766955" lon="114.19819562670409"><ele>309.86068276195726</ele><time>2022-09-24T03:09:02Z</time></trkpt><trkpt lat="22.355481064672333" lon="114.1981820642356"><ele>310.03091097726127</ele><time>2022-09-24T03:09:04Z</time></trkpt><trkpt lat="22.35549730963617" lon="114.19816476492751"><ele>310.03815132507344</ele><time>2022-09-24T03:09:07Z</time></trkpt><trkpt lat="22.35551355229929" lon="114.19815443963182"><ele>310.10802925738125</ele><time>2022-09-24T03:09:11Z</time></trkpt><trkpt lat="22.355504898296186" lon="114.1981734397273"><ele>312.9692557462924</ele><time>2022-09-24T03:09:13Z</time></trkpt><trkpt lat="22.355498676713015" lon="114.19814577937824"><ele>314.1646890432696</ele><time>2022-09-24T03:09:16Z</time></trkpt><trkpt lat="22.355481686500333" lon="114.19813213586048"><ele>313.6104186152457</ele><time>2022-09-24T03:09:19Z</time></trkpt><trkpt lat="22.355463061648535" lon="114.19813683720324"><ele>314.00643564208696</ele><time>2022-09-24T03:09:34Z</time></trkpt><trkpt lat="22.355444365957414" lon="114.19814477883668"><ele>313.4205302458416</ele><time>2022-09-24T03:09:36Z</time></trkpt><trkpt lat="22.355425747527327" lon="114.19814869111286"><ele>312.8017311575241</ele><time>2022-09-24T03:09:40Z</time></trkpt><trkpt lat="22.355409467479337" lon="114.19813311949122"><ele>313.75617002137267</ele><time>2022-09-24T03:09:48Z</time></trkpt><trkpt lat="22.355391109280955" lon="114.19812116366421"><ele>314.82185595496315</ele><time>2022-09-24T03:09:52Z</time></trkpt><trkpt lat="22.35537550474786" lon="114.1981081298434"><ele>315.2324443588851</ele><time>2022-09-24T03:09:56Z</time></trkpt><trkpt lat="22.35536127712796" lon="114.19808846835669"><ele>318.46350365368943</ele><time>2022-09-24T03:10:00Z</time></trkpt><trkpt lat="22.355348033007818" lon="114.19806841232236"><ele>318.9340063347741</ele><time>2022-09-24T03:11:04Z</time></trkpt><trkpt lat="22.355337488454573" lon="114.19804172986221"><ele>322.6012587811098</ele><time>2022-09-24T03:11:11Z</time></trkpt><trkpt lat="22.35533101108367" lon="114.19802304153566"><ele>323.26862602005474</ele><time>2022-09-24T03:11:17Z</time></trkpt><trkpt lat="22.355319143131155" lon="114.19800639977373"><ele>323.0965817599687</ele><time>2022-09-24T03:11:28Z</time></trkpt><trkpt lat="22.355324132325755" lon="114.19798743145972"><ele>323.24537866603634</ele><time>2022-09-24T03:11:37Z</time></trkpt><trkpt lat="22.355319237605347" lon="114.19796164612276"><ele>323.51056142858477</ele><time>2022-09-24T03:11:42Z</time></trkpt><trkpt lat="22.355301703476442" lon="114.19795073270484"><ele>323.8118513533594</ele><time>2022-09-24T03:11:44Z</time></trkpt><trkpt lat="22.355299713949954" lon="114.19799380700589"><ele>327.8592574073758</ele><time>2022-09-24T03:12:06Z</time></trkpt><trkpt lat="22.355294307045845" lon="114.19796939734773"><ele>329.10731714455306</ele><time>2022-09-24T03:12:31Z</time></trkpt><trkpt lat="22.3552927106058" lon="114.19794802566975"><ele>332.1378750260639</ele><time>2022-09-24T03:12:38Z</time></trkpt><trkpt lat="22.355306350779454" lon="114.19796249741003"><ele>331.7665814651332</ele><time>2022-09-24T03:13:46Z</time></trkpt><trkpt lat="22.35529427672376" lon="114.1979386285137"><ele>332.92382787343314</ele><time>2022-09-24T03:15:16Z</time></trkpt><trkpt lat="22.35529387228646" lon="114.19791850234085"><ele>333.85918080024794</ele><time>2022-09-24T03:15:20Z</time></trkpt><trkpt lat="22.355303533379278" lon="114.19789440954673"><ele>334.5735662372607</ele><time>2022-09-24T03:15:24Z</time></trkpt><trkpt lat="22.35531153398798" lon="114.19787522289413"><ele>336.08565355627013</ele><time>2022-09-24T03:15:31Z</time></trkpt><trkpt lat="22.355329971389523" lon="114.19786937970756"><ele>336.69325400558733</ele><time>2022-09-24T03:15:34Z</time></trkpt><trkpt lat="22.355349588272276" lon="114.19784889432106"><ele>338.3437753613256</ele><time>2022-09-24T03:15:37Z</time></trkpt><trkpt lat="22.355357501907445" lon="114.19783002147491"><ele>338.9057946653871</ele><time>2022-09-24T03:15:41Z</time></trkpt><trkpt lat="22.355360277974107" lon="114.19781067069995"><ele>339.19751023894037</ele><time>2022-09-24T03:15:45Z</time></trkpt><trkpt lat="22.355375402914703" lon="114.19779793719441"><ele>339.35448252390074</ele><time>2022-09-24T03:15:49Z</time></trkpt><trkpt lat="22.355396072274452" lon="114.19778987728546"><ele>340.6059227564822</ele><time>2022-09-24T03:15:56Z</time></trkpt><trkpt lat="22.35539284253193" lon="114.19776392290211"><ele>341.3293953539458</ele><time>2022-09-24T03:16:06Z</time></trkpt><trkpt lat="22.355393938458878" lon="114.19774103322334"><ele>341.6487738483265</ele><time>2022-09-24T03:16:09Z</time></trkpt><trkpt lat="22.355401859828113" lon="114.1977234242111"><ele>341.90815325046134</ele><time>2022-09-24T03:16:12Z</time></trkpt><trkpt lat="22.355414843765324" lon="114.19770647046951"><ele>343.3603239658578</ele><time>2022-09-24T03:16:20Z</time></trkpt><trkpt lat="22.35542771188002" lon="114.1976926020416"><ele>343.9264789822323</ele><time>2022-09-24T03:16:26Z</time></trkpt><trkpt lat="22.35543335585502" lon="114.19767312012651"><ele>344.3272711170018</ele><time>2022-09-24T03:17:07Z</time></trkpt><trkpt lat="22.355447761123127" lon="114.197654666074"><ele>344.6150227415696</ele><time>2022-09-24T03:17:17Z</time></trkpt><trkpt lat="22.355461384072473" lon="114.19763098195473"><ele>345.7023820785367</ele><time>2022-09-24T03:17:33Z</time></trkpt><trkpt lat="22.355492350081985" lon="114.1976271125397"><ele>346.38046421109766</ele><time>2022-09-24T03:17:35Z</time></trkpt><trkpt lat="22.35550940792001" lon="114.1976185188578"><ele>347.246515730455</ele><time>2022-09-24T03:17:43Z</time></trkpt><trkpt lat="22.355537930656027" lon="114.19759209855526"><ele>350.55008471723215</ele><time>2022-09-24T03:17:44Z</time></trkpt><trkpt lat="22.355561179240134" lon="114.19758464528738"><ele>350.77733027183115</ele><time>2022-09-24T03:17:47Z</time></trkpt><trkpt lat="22.35557575452523" lon="114.1975654607075"><ele>350.67816038720287</ele><time>2022-09-24T03:17:51Z</time></trkpt><trkpt lat="22.355587701227474" lon="114.19758457814298"><ele>351.4916195938025</ele><time>2022-09-24T03:18:32Z</time></trkpt><trkpt lat="22.355580511746304" lon="114.19756583604861"><ele>352.81525891470693</ele><time>2022-09-24T03:22:22Z</time></trkpt><trkpt lat="22.35557088879136" lon="114.19753708039157"><ele>352.85111022468726</ele><time>2022-09-24T03:22:25Z</time></trkpt><trkpt lat="22.355562981580704" lon="114.19750823950712"><ele>353.19920525526487</ele><time>2022-09-24T03:22:27Z</time></trkpt><trkpt lat="22.35555484814045" lon="114.19748615048593"><ele>353.9037159134679</ele><time>2022-09-24T03:22:30Z</time></trkpt><trkpt lat="22.3555467953936" lon="114.19746763098611"><ele>354.66381821514705</ele><time>2022-09-24T03:22:36Z</time></trkpt><trkpt lat="22.35554987251586" lon="114.19744725808157"><ele>354.99207442513983</ele><time>2022-09-24T03:22:47Z</time></trkpt><trkpt lat="22.35555597595529" lon="114.19742888734204"><ele>355.7785981364084</ele><time>2022-09-24T03:22:52Z</time></trkpt><trkpt lat="22.35556657377105" lon="114.19740948475655"><ele>356.5994332102547</ele><time>2022-09-24T03:22:54Z</time></trkpt><trkpt lat="22.35557553047503" lon="114.1973920517918"><ele>356.92202304380083</ele><time>2022-09-24T03:22:57Z</time></trkpt><trkpt lat="22.355589285309986" lon="114.19737775570466"><ele>356.7096068633637</ele><time>2022-09-24T03:23:01Z</time></trkpt><trkpt lat="22.35559456764293" lon="114.19735553349761"><ele>357.30451680201435</ele><time>2022-09-24T03:23:06Z</time></trkpt><trkpt lat="22.35559517832987" lon="114.19733560189236"><ele>357.5627791081288</ele><time>2022-09-24T03:23:10Z</time></trkpt><trkpt lat="22.355588794169925" lon="114.19731476716763"><ele>358.4485929380506</ele><time>2022-09-24T03:23:14Z</time></trkpt><trkpt lat="22.355577878891335" lon="114.19729236505108"><ele>359.8572719564084</ele><time>2022-09-24T03:23:22Z</time></trkpt><trkpt lat="22.35558415549531" lon="114.19727071715472"><ele>360.84151446875825</ele><time>2022-09-24T03:23:31Z</time></trkpt><trkpt lat="22.355606977916587" lon="114.1972515125591"><ele>362.1314631527955</ele><time>2022-09-24T03:23:38Z</time></trkpt><trkpt lat="22.355601271899552" lon="114.19722826023586"><ele>362.7808092679474</ele><time>2022-09-24T03:23:46Z</time></trkpt><trkpt lat="22.355604865283418" lon="114.19720885268025"><ele>362.82175365237134</ele><time>2022-09-24T03:23:49Z</time></trkpt><trkpt lat="22.35562252627598" lon="114.19719135651219"><ele>367.31480940229625</ele><time>2022-09-24T03:23:59Z</time></trkpt><trkpt lat="22.355644968678313" lon="114.19719645600003"><ele>367.0450911937619</ele><time>2022-09-24T03:24:07Z</time></trkpt><trkpt lat="22.35564353689343" lon="114.19717400110886"><ele>369.04723618219253</ele><time>2022-09-24T03:24:13Z</time></trkpt><trkpt lat="22.355638156684012" lon="114.1971490506605"><ele>368.95543400721346</ele><time>2022-09-24T03:24:24Z</time></trkpt><trkpt lat="22.355635563424276" lon="114.19712404416008"><ele>369.3786957984819</ele><time>2022-09-24T03:24:27Z</time></trkpt><trkpt lat="22.355644270342065" lon="114.1971050644463"><ele>369.89375871904673</ele><time>2022-09-24T03:24:31Z</time></trkpt><trkpt lat="22.355652655085844" lon="114.19708724723955"><ele>370.64116535816555</ele><time>2022-09-24T03:24:34Z</time></trkpt><trkpt lat="22.35565765067435" lon="114.19706290433888"><ele>370.9826485003221</ele><time>2022-09-24T03:24:37Z</time></trkpt><trkpt lat="22.355665929526868" lon="114.19703576027965"><ele>371.67778303022516</ele><time>2022-09-24T03:24:40Z</time></trkpt><trkpt lat="22.355669523974115" lon="114.19701410314713"><ele>372.37700894723184</ele><time>2022-09-24T03:24:44Z</time></trkpt><trkpt lat="22.355670522129564" lon="114.196988326435"><ele>372.4595257503223</ele><time>2022-09-24T03:24:48Z</time></trkpt><trkpt lat="22.355672629497555" lon="114.19696629829198"><ele>371.87402393256485</ele><time>2022-09-24T03:24:52Z</time></trkpt><trkpt lat="22.355676548230328" lon="114.19694592495128"><ele>371.816487469392</ele><time>2022-09-24T03:24:55Z</time></trkpt><trkpt lat="22.35567736521641" lon="114.19692362099802"><ele>372.4540507776407</ele><time>2022-09-24T03:24:58Z</time></trkpt><trkpt lat="22.355670983485766" lon="114.19689575838439"><ele>373.16359833380136</ele><time>2022-09-24T03:25:01Z</time></trkpt><trkpt lat="22.35566717180803" lon="114.19687549774278"><ele>373.4528985886685</ele><time>2022-09-24T03:25:04Z</time></trkpt><trkpt lat="22.355660081605695" lon="114.19685736280263"><ele>374.4855167273285</ele><time>2022-09-24T03:25:08Z</time></trkpt><trkpt lat="22.35563911722143" lon="114.19685142934709"><ele>375.52827070007936</ele><time>2022-09-24T03:25:15Z</time></trkpt><trkpt lat="22.355659353668692" lon="114.19686070961698"><ele>375.4111209230643</ele><time>2022-09-24T03:26:52Z</time></trkpt><trkpt lat="22.355677962092848" lon="114.19684394652482"><ele>374.5804312662426</ele><time>2022-09-24T03:27:02Z</time></trkpt><trkpt lat="22.355679441289055" lon="114.19682178707096"><ele>374.7125177442753</ele><time>2022-09-24T03:27:04Z</time></trkpt><trkpt lat="22.355673951203503" lon="114.19680129370657"><ele>375.1612705664394</ele><time>2022-09-24T03:27:06Z</time></trkpt><trkpt lat="22.355675928067242" lon="114.19678130263966"><ele>375.2541528073647</ele><time>2022-09-24T03:27:09Z</time></trkpt><trkpt lat="22.35567795590066" lon="114.1967591527164"><ele>375.970244390473</ele><time>2022-09-24T03:27:19Z</time></trkpt><trkpt lat="22.355686156639436" lon="114.1967387724982"><ele>376.68988603657436</ele><time>2022-09-24T03:27:24Z</time></trkpt><trkpt lat="22.355681762511082" lon="114.19671403905956"><ele>377.96994446554356</ele><time>2022-09-24T03:27:32Z</time></trkpt><trkpt lat="22.3556756373564" lon="114.19668810099886"><ele>377.4282668009115</ele><time>2022-09-24T03:27:35Z</time></trkpt><trkpt lat="22.355675428269556" lon="114.1966581294438"><ele>377.3549243223849</ele><time>2022-09-24T03:27:37Z</time></trkpt><trkpt lat="22.355666152447228" lon="114.19662929007737"><ele>377.54073152700954</ele><time>2022-09-24T03:27:39Z</time></trkpt><trkpt lat="22.355657905583513" lon="114.19660619220319"><ele>377.92717195689687</ele><time>2022-09-24T03:27:42Z</time></trkpt><trkpt lat="22.35566133611348" lon="114.19657949191811"><ele>378.6877977601849</ele><time>2022-09-24T03:27:46Z</time></trkpt><trkpt lat="22.355666157753028" lon="114.19655630222205"><ele>379.524552133746</ele><time>2022-09-24T03:27:53Z</time></trkpt><trkpt lat="22.35566929562409" lon="114.19653515042855"><ele>379.46542200579756</ele><time>2022-09-24T03:27:56Z</time></trkpt><trkpt lat="22.355678386668412" lon="114.19651148988036"><ele>379.55376564653466</ele><time>2022-09-24T03:28:00Z</time></trkpt><trkpt lat="22.35568318524366" lon="114.1964904290084"><ele>379.8883897229163</ele><time>2022-09-24T03:28:03Z</time></trkpt><trkpt lat="22.355679292186608" lon="114.19646872675462"><ele>380.4022131758807</ele><time>2022-09-24T03:28:06Z</time></trkpt><trkpt lat="22.355670581470783" lon="114.19645084058429"><ele>381.0816584655253</ele><time>2022-09-24T03:28:08Z</time></trkpt><trkpt lat="22.355662953960746" lon="114.19641928751096"><ele>381.7898116932857</ele><time>2022-09-24T03:28:10Z</time></trkpt><trkpt lat="22.35565403591674" lon="114.19639660606595"><ele>382.7358764769713</ele><time>2022-09-24T03:28:12Z</time></trkpt><trkpt lat="22.355660255083354" lon="114.19637018430744"><ele>383.7935743766597</ele><time>2022-09-24T03:28:17Z</time></trkpt><trkpt lat="22.355666899606845" lon="114.19634630514834"><ele>384.2013383171681</ele><time>2022-09-24T03:28:19Z</time></trkpt><trkpt lat="22.355669768140842" lon="114.19632510374156"><ele>384.5314446704665</ele><time>2022-09-24T03:28:22Z</time></trkpt><trkpt lat="22.355653485671393" lon="114.19631110595662"><ele>386.7256422665026</ele><time>2022-09-24T03:28:27Z</time></trkpt><trkpt lat="22.355656595771503" lon="114.19628404330956"><ele>387.3314577804584</ele><time>2022-09-24T03:28:33Z</time></trkpt><trkpt lat="22.355660646791016" lon="114.1962627413166"><ele>387.4552228756339</ele><time>2022-09-24T03:28:36Z</time></trkpt><trkpt lat="22.355669521358273" lon="114.19624240150145"><ele>387.7197853726242</ele><time>2022-09-24T03:28:38Z</time></trkpt><trkpt lat="22.355680255513597" lon="114.19622544913679"><ele>388.08851839816765</ele><time>2022-09-24T03:28:40Z</time></trkpt><trkpt lat="22.355690173717196" lon="114.19620797339296"><ele>388.8483243779242</ele><time>2022-09-24T03:28:43Z</time></trkpt><trkpt lat="22.35569172477204" lon="114.19618788322073"><ele>389.2642215836303</ele><time>2022-09-24T03:28:45Z</time></trkpt><trkpt lat="22.35568918574146" lon="114.19616418595282"><ele>389.3357709793461</ele><time>2022-09-24T03:28:48Z</time></trkpt><trkpt lat="22.355677823689636" lon="114.19614717038691"><ele>389.8637354439497</ele><time>2022-09-24T03:28:51Z</time></trkpt><trkpt lat="22.355666349544858" lon="114.1961316365207"><ele>390.26832007781746</ele><time>2022-09-24T03:28:53Z</time></trkpt><trkpt lat="22.35565620887693" lon="114.19610895583787"><ele>390.68727656187184</ele><time>2022-09-24T03:28:56Z</time></trkpt><trkpt lat="22.355660410490152" lon="114.19608702288112"><ele>390.8309574018805</ele><time>2022-09-24T03:28:59Z</time></trkpt><trkpt lat="22.3556667228569" lon="114.19606792171103"><ele>390.8835577182215</ele><time>2022-09-24T03:29:01Z</time></trkpt><trkpt lat="22.35567619688981" lon="114.19604480814883"><ele>390.9318188804507</ele><time>2022-09-24T03:29:04Z</time></trkpt><trkpt lat="22.355678179883853" lon="114.19602222390974"><ele>391.0442237460474</ele><time>2022-09-24T03:29:07Z</time></trkpt><trkpt lat="22.355677769582485" lon="114.19600012563804"><ele>391.88880528167846</ele><time>2022-09-24T03:29:11Z</time></trkpt><trkpt lat="22.355680206085243" lon="114.19597948121066"><ele>393.14048247706336</ele><time>2022-09-24T03:31:30Z</time></trkpt><trkpt lat="22.35569415187734" lon="114.19595675049639"><ele>393.5906132257048</ele><time>2022-09-24T03:31:37Z</time></trkpt><trkpt lat="22.355699480670136" lon="114.19592426247364"><ele>393.94132218411556</ele><time>2022-09-24T03:31:41Z</time></trkpt><trkpt lat="22.355705663708473" lon="114.19590284159783"><ele>394.22372433387744</ele><time>2022-09-24T03:31:43Z</time></trkpt><trkpt lat="22.355708028879242" lon="114.19587619396714"><ele>394.5869709255426</ele><time>2022-09-24T03:31:45Z</time></trkpt><trkpt lat="22.355715154665514" lon="114.19585159233843"><ele>395.1756876539051</ele><time>2022-09-24T03:31:49Z</time></trkpt><trkpt lat="22.355700762018124" lon="114.1958329125876"><ele>398.97226420656705</ele><time>2022-09-24T03:31:53Z</time></trkpt><trkpt lat="22.355686695825195" lon="114.19581290331948"><ele>399.6521307746817</ele><time>2022-09-24T03:31:55Z</time></trkpt><trkpt lat="22.355669061730218" lon="114.19580126210526"><ele>399.6312624747142</ele><time>2022-09-24T03:31:58Z</time></trkpt><trkpt lat="22.355663302649145" lon="114.19578244056079"><ele>399.612284472545</ele><time>2022-09-24T03:32:01Z</time></trkpt><trkpt lat="22.35565338029315" lon="114.19576498274316"><ele>399.80796265457957</ele><time>2022-09-24T03:32:03Z</time></trkpt><trkpt lat="22.355643861037198" lon="114.19573733943544"><ele>400.12331526750165</ele><time>2022-09-24T03:32:06Z</time></trkpt><trkpt lat="22.355650017797462" lon="114.195714372179"><ele>400.37920484144115</ele><time>2022-09-24T03:32:09Z</time></trkpt><trkpt lat="22.355658956100637" lon="114.19569706663839"><ele>400.4269119064745</ele><time>2022-09-24T03:32:11Z</time></trkpt><trkpt lat="22.355665470902455" lon="114.19567494790012"><ele>400.6007171555039</ele><time>2022-09-24T03:32:15Z</time></trkpt><trkpt lat="22.35567177426694" lon="114.19565201435326"><ele>400.58295910165185</ele><time>2022-09-24T03:32:17Z</time></trkpt><trkpt lat="22.35567318240744" lon="114.1956313830133"><ele>400.4638079582334</ele><time>2022-09-24T03:32:20Z</time></trkpt><trkpt lat="22.35567801553624" lon="114.1956104475409"><ele>400.81706026854675</ele><time>2022-09-24T03:32:23Z</time></trkpt><trkpt lat="22.355676709258354" lon="114.19558109532217"><ele>401.15524828092623</ele><time>2022-09-24T03:32:26Z</time></trkpt><trkpt lat="22.355668707229185" lon="114.19555853031567"><ele>401.4094524755183</ele><time>2022-09-24T03:32:29Z</time></trkpt><trkpt lat="22.355662232241524" lon="114.1955370360812"><ele>401.508600359941</ele><time>2022-09-24T03:32:32Z</time></trkpt><trkpt lat="22.355646179441752" lon="114.19552383067892"><ele>401.8610012401256</ele><time>2022-09-24T03:32:36Z</time></trkpt><trkpt lat="22.355638346648245" lon="114.19554335282196"><ele>402.221069408627</ele><time>2022-09-24T03:32:40Z</time></trkpt><trkpt lat="22.355638561855983" lon="114.19551626039942"><ele>402.3708228284678</ele><time>2022-09-24T03:33:09Z</time></trkpt><trkpt lat="22.35563085448983" lon="114.19549538162183"><ele>402.00005299991216</ele><time>2022-09-24T03:33:12Z</time></trkpt><trkpt lat="22.355624513545557" lon="114.19547635256285"><ele>401.79437147658734</ele><time>2022-09-24T03:33:13Z</time></trkpt><trkpt lat="22.35562783002707" lon="114.19544869770073"><ele>401.328920801524</ele><time>2022-09-24T03:33:15Z</time></trkpt><trkpt lat="22.35563079697502" lon="114.19542947565253"><ele>401.089648163592</ele><time>2022-09-24T03:33:18Z</time></trkpt><trkpt lat="22.35563967317395" lon="114.19540704664033"><ele>401.10097790865365</ele><time>2022-09-24T03:33:21Z</time></trkpt><trkpt lat="22.355652087347575" lon="114.19538557401575"><ele>401.5638989618287</ele><time>2022-09-24T03:33:24Z</time></trkpt><trkpt lat="22.35565457752965" lon="114.195360281177"><ele>403.28370744494515</ele><time>2022-09-24T03:33:31Z</time></trkpt><trkpt lat="22.355650756428137" lon="114.19534106007085"><ele>403.62720669400346</ele><time>2022-09-24T03:33:34Z</time></trkpt><trkpt lat="22.355647585597332" lon="114.19531675781079"><ele>403.4827256599963</ele><time>2022-09-24T03:33:38Z</time></trkpt><trkpt lat="22.355646430610044" lon="114.19529467768383"><ele>403.9606961752356</ele><time>2022-09-24T03:33:41Z</time></trkpt><trkpt lat="22.35565335798732" lon="114.19526982260847"><ele>404.2422723636247</ele><time>2022-09-24T03:33:44Z</time></trkpt><trkpt lat="22.355661405586936" lon="114.19524787471863"><ele>404.8897911956523</ele><time>2022-09-24T03:33:47Z</time></trkpt><trkpt lat="22.35566154796285" lon="114.19522588074034"><ele>405.74976156062615</ele><time>2022-09-24T03:33:50Z</time></trkpt><trkpt lat="22.35565319380298" lon="114.19520484087886"><ele>406.88850523058534</ele><time>2022-09-24T03:33:53Z</time></trkpt><trkpt lat="22.355652674725132" lon="114.19518345809392"><ele>406.95391966636356</ele><time>2022-09-24T03:33:56Z</time></trkpt><trkpt lat="22.355653897380467" lon="114.19516242462694"><ele>408.5510380560657</ele><time>2022-09-24T03:35:29Z</time></trkpt><trkpt lat="22.355662908348776" lon="114.19514260622516"><ele>408.74144743818545</ele><time>2022-09-24T03:35:31Z</time></trkpt><trkpt lat="22.355670105424817" lon="114.19512157182788"><ele>408.9230990342149</ele><time>2022-09-24T03:35:33Z</time></trkpt><trkpt lat="22.355673646316447" lon="114.19510032072988"><ele>408.9093119871731</ele><time>2022-09-24T03:35:35Z</time></trkpt><trkpt lat="22.355681661132166" lon="114.19507657827182"><ele>409.3406600276482</ele><time>2022-09-24T03:35:38Z</time></trkpt><trkpt lat="22.35569380939825" lon="114.19506131777969"><ele>409.4908752534729</ele><time>2022-09-24T03:35:40Z</time></trkpt><trkpt lat="22.35570329416442" lon="114.1950439565131"><ele>409.5199080758419</ele><time>2022-09-24T03:35:42Z</time></trkpt><trkpt lat="22.35570995675134" lon="114.19502330717238"><ele>409.5744675149186</ele><time>2022-09-24T03:35:44Z</time></trkpt><trkpt lat="22.355714630935335" lon="114.19498722366126"><ele>408.8828207193531</ele><time>2022-09-24T03:35:46Z</time></trkpt><trkpt lat="22.355715825769472" lon="114.19495792279434"><ele>408.74405203851404</ele><time>2022-09-24T03:35:48Z</time></trkpt><trkpt lat="22.35572306087018" lon="114.19492868769079"><ele>408.9880194631315</ele><time>2022-09-24T03:35:51Z</time></trkpt><trkpt lat="22.35572398659905" lon="114.19490883843905"><ele>409.42886532747116</ele><time>2022-09-24T03:35:53Z</time></trkpt><trkpt lat="22.355723942575334" lon="114.19488579909553"><ele>409.8548301931992</ele><time>2022-09-24T03:35:56Z</time></trkpt><trkpt lat="22.35573566545744" lon="114.19486127496667"><ele>409.85397278681097</ele><time>2022-09-24T03:36:00Z</time></trkpt><trkpt lat="22.35574221163692" lon="114.19484085057869"><ele>410.10438780763036</ele><time>2022-09-24T03:36:02Z</time></trkpt><trkpt lat="22.35574632000824" lon="114.19482096238082"><ele>410.69351155233454</ele><time>2022-09-24T03:36:04Z</time></trkpt><trkpt lat="22.35574533742004" lon="114.19479717152097"><ele>411.31869740333747</ele><time>2022-09-24T03:36:07Z</time></trkpt><trkpt lat="22.355737190231473" lon="114.19476679681918"><ele>412.95448156189656</ele><time>2022-09-24T03:36:10Z</time></trkpt><trkpt lat="22.35574025679647" lon="114.1947425908895"><ele>413.26712681618534</ele><time>2022-09-24T03:36:13Z</time></trkpt><trkpt lat="22.355747565767707" lon="114.1947181340428"><ele>413.25297191750997</ele><time>2022-09-24T03:36:16Z</time></trkpt><trkpt lat="22.355756356545882" lon="114.19469253656283"><ele>413.8263510351109</ele><time>2022-09-24T03:36:19Z</time></trkpt><trkpt lat="22.35574528759662" lon="114.19466982019156"><ele>416.35278058171104</ele><time>2022-09-24T03:36:21Z</time></trkpt><trkpt lat="22.35574755348938" lon="114.19464906494915"><ele>416.6830394495758</ele><time>2022-09-24T03:36:24Z</time></trkpt><trkpt lat="22.355755634239053" lon="114.19463052548811"><ele>416.3923720458518</ele><time>2022-09-24T03:36:26Z</time></trkpt><trkpt lat="22.35576005261077" lon="114.19461057361214"><ele>416.23395799893956</ele><time>2022-09-24T03:36:28Z</time></trkpt><trkpt lat="22.35576285026511" lon="114.19458602527087"><ele>415.8104059418329</ele><time>2022-09-24T03:36:31Z</time></trkpt><trkpt lat="22.355765504641322" lon="114.19455800430676"><ele>415.7836610857669</ele><time>2022-09-24T03:36:34Z</time></trkpt><trkpt lat="22.355768138863684" lon="114.19453258169418"><ele>415.5703518286895</ele><time>2022-09-24T03:36:36Z</time></trkpt><trkpt lat="22.35577000686827" lon="114.19450939338391"><ele>415.529036270992</ele><time>2022-09-24T03:36:38Z</time></trkpt><trkpt lat="22.355767506149014" lon="114.19448410603897"><ele>415.36011083813645</ele><time>2022-09-24T03:36:40Z</time></trkpt><trkpt lat="22.355757468488562" lon="114.19445869846103"><ele>415.520315047037</ele><time>2022-09-24T03:36:42Z</time></trkpt><trkpt lat="22.35574443282523" lon="114.1944336438023"><ele>415.3778806227913</ele><time>2022-09-24T03:36:45Z</time></trkpt><trkpt lat="22.355742693127468" lon="114.19441131963735"><ele>415.33118887269063</ele><time>2022-09-24T03:36:48Z</time></trkpt><trkpt lat="22.355743085333856" lon="114.1943862215571"><ele>415.11836841800863</ele><time>2022-09-24T03:36:51Z</time></trkpt><trkpt lat="22.355710083249093" lon="114.19434733234675"><ele>413.9717279052453</ele><time>2022-09-24T03:36:54Z</time></trkpt><trkpt lat="22.355695124361283" lon="114.1943267353951"><ele>413.92106717580816</ele><time>2022-09-24T03:36:56Z</time></trkpt><trkpt lat="22.35569283494389" lon="114.19430291855319"><ele>414.0687052917343</ele><time>2022-09-24T03:36:59Z</time></trkpt><trkpt lat="22.35568546090311" lon="114.1942823192244"><ele>414.50987776329845</ele><time>2022-09-24T03:37:01Z</time></trkpt><trkpt lat="22.35568091410106" lon="114.19425775946546"><ele>414.9485395820582</ele><time>2022-09-24T03:37:04Z</time></trkpt><trkpt lat="22.35565770719726" lon="114.19424279636574"><ele>414.88471158825723</ele><time>2022-09-24T03:37:07Z</time></trkpt><trkpt lat="22.355637460753286" lon="114.19423462167654"><ele>414.8861590458445</ele><time>2022-09-24T03:37:09Z</time></trkpt><trkpt lat="22.355619167025186" lon="114.19423015458477"><ele>415.2232642798144</ele><time>2022-09-24T03:37:11Z</time></trkpt><trkpt lat="22.355598958752807" lon="114.19423258059452"><ele>415.17778114473344</ele><time>2022-09-24T03:37:16Z</time></trkpt><trkpt lat="22.355626950617417" lon="114.19422030848659"><ele>414.85260095233474</ele><time>2022-09-24T03:38:52Z</time></trkpt><trkpt lat="22.355656454905265" lon="114.19422008903706"><ele>414.8409439882688</ele><time>2022-09-24T03:38:54Z</time></trkpt><trkpt lat="22.35567541025885" lon="114.19421548786691"><ele>409.5987332268017</ele><time>2022-09-24T03:39:02Z</time></trkpt><trkpt lat="22.355696330375714" lon="114.19420095217046"><ele>409.2226415868569</ele><time>2022-09-24T03:39:04Z</time></trkpt><trkpt lat="22.355708995314423" lon="114.19418517294496"><ele>408.94899594642754</ele><time>2022-09-24T03:39:06Z</time></trkpt><trkpt lat="22.35572169018329" lon="114.19417124729412"><ele>408.3766038897536</ele><time>2022-09-24T03:39:09Z</time></trkpt><trkpt lat="22.355722867340788" lon="114.19414276801619"><ele>408.9069362930989</ele><time>2022-09-24T03:39:15Z</time></trkpt><trkpt lat="22.355734047441356" lon="114.19411573482756"><ele>411.73632708542414</ele><time>2022-09-24T03:39:17Z</time></trkpt><trkpt lat="22.355741801838903" lon="114.19408635742973"><ele>413.0541814526465</ele><time>2022-09-24T03:39:20Z</time></trkpt><trkpt lat="22.35576020361124" lon="114.19405780100455"><ele>413.6939525911145</ele><time>2022-09-24T03:39:22Z</time></trkpt><trkpt lat="22.355773961623697" lon="114.19403710368935"><ele>413.5214062255825</ele><time>2022-09-24T03:39:25Z</time></trkpt><trkpt lat="22.35578640044202" lon="114.19402301953835"><ele>413.06645866663126</ele><time>2022-09-24T03:39:27Z</time></trkpt><trkpt lat="22.35580358359306" lon="114.19400730460255"><ele>412.6539066392486</ele><time>2022-09-24T03:39:29Z</time></trkpt><trkpt lat="22.355817622898396" lon="114.19399262720374"><ele>412.2208216929219</ele><time>2022-09-24T03:39:31Z</time></trkpt><trkpt lat="22.355835628149034" lon="114.19397325783301"><ele>411.6476438410196</ele><time>2022-09-24T03:39:34Z</time></trkpt><trkpt lat="22.35584449089422" lon="114.1939509692154"><ele>411.0382894247273</ele><time>2022-09-24T03:39:37Z</time></trkpt><trkpt lat="22.355859721412035" lon="114.1939366337172"><ele>410.4969897758909</ele><time>2022-09-24T03:39:40Z</time></trkpt><trkpt lat="22.35587862962152" lon="114.19391748611675"><ele>407.90188915755937</ele><time>2022-09-24T03:39:42Z</time></trkpt><trkpt lat="22.355895735366204" lon="114.19390138066515"><ele>405.99654301031006</ele><time>2022-09-24T03:39:45Z</time></trkpt><trkpt lat="22.3559096262808" lon="114.19388823928614"><ele>405.8370188587912</ele><time>2022-09-24T03:39:48Z</time></trkpt><trkpt lat="22.355923541283463" lon="114.19387093043908"><ele>405.592022352357</ele><time>2022-09-24T03:39:51Z</time></trkpt><trkpt lat="22.355938410956753" lon="114.19385339408284"><ele>405.36434061583935</ele><time>2022-09-24T03:39:54Z</time></trkpt><trkpt lat="22.3559465920327" lon="114.193828180346"><ele>405.0760194899069</ele><time>2022-09-24T03:39:56Z</time></trkpt><trkpt lat="22.35595651479107" lon="114.19380945412988"><ele>404.943120687968</ele><time>2022-09-24T03:39:58Z</time></trkpt><trkpt lat="22.35597470968648" lon="114.19377881713584"><ele>403.7961766825978</ele><time>2022-09-24T03:40:00Z</time></trkpt><trkpt lat="22.355995235682542" lon="114.19376909214712"><ele>403.8537445515618</ele><time>2022-09-24T03:40:03Z</time></trkpt><trkpt lat="22.35601337258555" lon="114.19376101876577"><ele>404.28775298263275</ele><time>2022-09-24T03:40:06Z</time></trkpt><trkpt lat="22.356034938982948" lon="114.19374892825584"><ele>404.61893338755095</ele><time>2022-09-24T03:40:09Z</time></trkpt><trkpt lat="22.35605317546633" lon="114.19373967859667"><ele>404.08335082221953</ele><time>2022-09-24T03:40:12Z</time></trkpt><trkpt lat="22.35608102716526" lon="114.19372959746418"><ele>404.1003109135347</ele><time>2022-09-24T03:40:15Z</time></trkpt><trkpt lat="22.35609930125045" lon="114.19372347414475"><ele>403.9482957400597</ele><time>2022-09-24T03:40:17Z</time></trkpt><trkpt lat="22.356119863211813" lon="114.19370771665564"><ele>403.620372499363</ele><time>2022-09-24T03:40:20Z</time></trkpt><trkpt lat="22.356137037809507" lon="114.193689915449"><ele>402.90803427736876</ele><time>2022-09-24T03:40:24Z</time></trkpt><trkpt lat="22.35615816945671" lon="114.19367307102439"><ele>402.4155599397768</ele><time>2022-09-24T03:40:27Z</time></trkpt><trkpt lat="22.356171354762086" lon="114.19365668468365"><ele>402.1670026656147</ele><time>2022-09-24T03:40:29Z</time></trkpt><trkpt lat="22.35618714282219" lon="114.19364704061734"><ele>401.4878943754388</ele><time>2022-09-24T03:40:30Z</time></trkpt><trkpt lat="22.35621094098124" lon="114.1936352009785"><ele>400.89772355505426</ele><time>2022-09-24T03:40:33Z</time></trkpt><trkpt lat="22.356229776392464" lon="114.19362695710501"><ele>400.642013280845</ele><time>2022-09-24T03:40:36Z</time></trkpt><trkpt lat="22.356236836650087" lon="114.19360552841312"><ele>400.4966789915784</ele><time>2022-09-24T03:40:38Z</time></trkpt><trkpt lat="22.356238311267067" lon="114.1935724223912"><ele>398.293911453374</ele><time>2022-09-24T03:40:39Z</time></trkpt><trkpt lat="22.35625327203493" lon="114.19356116223311"><ele>398.6273898409045</ele><time>2022-09-24T03:40:41Z</time></trkpt><trkpt lat="22.356272613741385" lon="114.19355600745553"><ele>398.51334966490225</ele><time>2022-09-24T03:40:43Z</time></trkpt><trkpt lat="22.356291214547692" lon="114.19354064532455"><ele>396.70692012721537</ele><time>2022-09-24T03:40:46Z</time></trkpt><trkpt lat="22.35629649377803" lon="114.19352033442816"><ele>395.56715818143107</ele><time>2022-09-24T03:40:49Z</time></trkpt><trkpt lat="22.356303126609717" lon="114.1935007561662"><ele>395.8310085141523</ele><time>2022-09-24T03:40:51Z</time></trkpt><trkpt lat="22.356313254912937" lon="114.19348422755459"><ele>396.1362776020777</ele><time>2022-09-24T03:40:53Z</time></trkpt><trkpt lat="22.356328347335594" lon="114.19346139326328"><ele>397.01226274385385</ele><time>2022-09-24T03:40:56Z</time></trkpt><trkpt lat="22.35634735965288" lon="114.193455747639"><ele>397.4635936200522</ele><time>2022-09-24T03:40:58Z</time></trkpt><trkpt lat="22.356367553600876" lon="114.19344849432795"><ele>397.4138171732038</ele><time>2022-09-24T03:41:00Z</time></trkpt><trkpt lat="22.356385213993654" lon="114.19343969594091"><ele>396.90668102004196</ele><time>2022-09-24T03:41:02Z</time></trkpt><trkpt lat="22.356402261584442" lon="114.19342864360776"><ele>396.3294166195441</ele><time>2022-09-24T03:41:04Z</time></trkpt><trkpt lat="22.356419450484562" lon="114.19341659829081"><ele>396.210409587928</ele><time>2022-09-24T03:41:07Z</time></trkpt><trkpt lat="22.356432149104833" lon="114.19339148060999"><ele>396.0708184831993</ele><time>2022-09-24T03:41:11Z</time></trkpt><trkpt lat="22.356442675208825" lon="114.19337219384659"><ele>395.7383887184989</ele><time>2022-09-24T03:41:13Z</time></trkpt><trkpt lat="22.356458740453835" lon="114.19335556472336"><ele>395.6871816833629</ele><time>2022-09-24T03:41:15Z</time></trkpt><trkpt lat="22.356472478253075" lon="114.19333942059676"><ele>395.77432948159395</ele><time>2022-09-24T03:41:17Z</time></trkpt><trkpt lat="22.356489027964557" lon="114.1933259343354"><ele>395.9780583800862</ele><time>2022-09-24T03:41:19Z</time></trkpt><trkpt lat="22.356511575297933" lon="114.19331052403484"><ele>396.4507090194087</ele><time>2022-09-24T03:41:21Z</time></trkpt><trkpt lat="22.35652873407764" lon="114.19330008280708"><ele>396.7754813794299</ele><time>2022-09-24T03:41:23Z</time></trkpt><trkpt lat="22.35654648091763" lon="114.19328516171335"><ele>397.0883968925832</ele><time>2022-09-24T03:41:26Z</time></trkpt><trkpt lat="22.356562769557335" lon="114.19326268236051"><ele>397.353104773899</ele><time>2022-09-24T03:41:30Z</time></trkpt><trkpt lat="22.35657772486268" lon="114.19324673611469"><ele>397.84734735529645</ele><time>2022-09-24T03:41:32Z</time></trkpt><trkpt lat="22.3565983822344" lon="114.19323392582652"><ele>397.7028783860466</ele><time>2022-09-24T03:41:34Z</time></trkpt><trkpt lat="22.356619542561656" lon="114.19322431992266"><ele>397.03011470519573</ele><time>2022-09-24T03:41:37Z</time></trkpt><trkpt lat="22.35663384849875" lon="114.19321188840121"><ele>396.939868647828</ele><time>2022-09-24T03:41:39Z</time></trkpt><trkpt lat="22.356655403056287" lon="114.19319964783664"><ele>396.9994152525827</ele><time>2022-09-24T03:41:42Z</time></trkpt><trkpt lat="22.35669078316029" lon="114.19318832369552"><ele>396.8971814492308</ele><time>2022-09-24T03:41:45Z</time></trkpt><trkpt lat="22.356708709744385" lon="114.19317535011425"><ele>396.72202917703885</ele><time>2022-09-24T03:41:48Z</time></trkpt><trkpt lat="22.35673120395251" lon="114.19316605586003"><ele>396.9618138589729</ele><time>2022-09-24T03:41:51Z</time></trkpt><trkpt lat="22.356760411278465" lon="114.19316254085625"><ele>399.40118693355623</ele><time>2022-09-24T03:41:53Z</time></trkpt><trkpt lat="22.356786229863374" lon="114.19315001997852"><ele>398.2330314563468</ele><time>2022-09-24T03:41:56Z</time></trkpt><trkpt lat="22.35680464385096" lon="114.19314303279812"><ele>398.6102978730994</ele><time>2022-09-24T03:41:58Z</time></trkpt><trkpt lat="22.356825948021005" lon="114.19313532503732"><ele>398.04125660751157</ele><time>2022-09-24T03:42:01Z</time></trkpt><trkpt lat="22.356850805394668" lon="114.19312359093065"><ele>397.83691396410507</ele><time>2022-09-24T03:42:04Z</time></trkpt><trkpt lat="22.356870574157586" lon="114.19310686005767"><ele>397.7049600082765</ele><time>2022-09-24T03:42:07Z</time></trkpt><trkpt lat="22.356884274710136" lon="114.19308368699333"><ele>397.55439788482283</ele><time>2022-09-24T03:42:09Z</time></trkpt><trkpt lat="22.35688854660883" lon="114.1930594065619"><ele>397.4599755578525</ele><time>2022-09-24T03:42:12Z</time></trkpt><trkpt lat="22.35687729185508" lon="114.19303918164928"><ele>397.6070508541359</ele><time>2022-09-24T03:42:15Z</time></trkpt><trkpt lat="22.356862339294917" lon="114.19301997994755"><ele>397.2829289615707</ele><time>2022-09-24T03:42:18Z</time></trkpt><trkpt lat="22.35684706092735" lon="114.1929988921186"><ele>396.9774704480718</ele><time>2022-09-24T03:42:20Z</time></trkpt><trkpt lat="22.35683239585756" lon="114.19298050198068"><ele>397.197919063103</ele><time>2022-09-24T03:42:22Z</time></trkpt><trkpt lat="22.356816827384364" lon="114.19296726995148"><ele>397.28159548990243</ele><time>2022-09-24T03:42:24Z</time></trkpt><trkpt lat="22.35679701334993" lon="114.19295381628088"><ele>397.31382444198033</ele><time>2022-09-24T03:42:26Z</time></trkpt><trkpt lat="22.356791461138137" lon="114.19292675689461"><ele>396.9618348834015</ele><time>2022-09-24T03:42:28Z</time></trkpt><trkpt lat="22.356805455238593" lon="114.19290023879245"><ele>396.5351273219623</ele><time>2022-09-24T03:42:30Z</time></trkpt><trkpt lat="22.35682640874789" lon="114.19288584997193"><ele>396.21830411927766</ele><time>2022-09-24T03:42:32Z</time></trkpt><trkpt lat="22.35684453417915" lon="114.19287488853921"><ele>396.26334636382694</ele><time>2022-09-24T03:42:34Z</time></trkpt><trkpt lat="22.35685869617307" lon="114.19285961820799"><ele>396.30279678006156</ele><time>2022-09-24T03:42:37Z</time></trkpt><trkpt lat="22.356870880584687" lon="114.19283469188919"><ele>396.6443018936278</ele><time>2022-09-24T03:42:40Z</time></trkpt><trkpt lat="22.356889658476394" lon="114.19281414237626"><ele>396.9879358777978</ele><time>2022-09-24T03:42:43Z</time></trkpt><trkpt lat="22.356899024910074" lon="114.19279718045014"><ele>397.07511799399356</ele><time>2022-09-24T03:42:45Z</time></trkpt><trkpt lat="22.35691368063833" lon="114.1927854560504"><ele>397.1253166034784</ele><time>2022-09-24T03:42:50Z</time></trkpt><trkpt lat="22.35691475154836" lon="114.19276273448953"><ele>396.8632324147175</ele><time>2022-09-24T03:42:53Z</time></trkpt><trkpt lat="22.35690077691918" lon="114.19273888412516"><ele>396.4555272541732</ele><time>2022-09-24T03:42:56Z</time></trkpt><trkpt lat="22.356883096171845" lon="114.192729029491"><ele>396.30453618299504</ele><time>2022-09-24T03:42:58Z</time></trkpt><trkpt lat="22.356863182633134" lon="114.19271489756619"><ele>396.11603270551285</ele><time>2022-09-24T03:43:00Z</time></trkpt><trkpt lat="22.356845247518276" lon="114.19270122847685"><ele>396.1767058069255</ele><time>2022-09-24T03:43:02Z</time></trkpt><trkpt lat="22.3568310867433" lon="114.19268472613099"><ele>395.8818861186862</ele><time>2022-09-24T03:44:16Z</time></trkpt><trkpt lat="22.35680507658906" lon="114.1926773493492"><ele>395.99377561866197</ele><time>2022-09-24T03:44:18Z</time></trkpt><trkpt lat="22.356779211443573" lon="114.19266468338913"><ele>396.07834199235776</ele><time>2022-09-24T03:44:20Z</time></trkpt><trkpt lat="22.35675824765096" lon="114.1926549846743"><ele>395.97580658779344</ele><time>2022-09-24T03:44:26Z</time></trkpt><trkpt lat="22.35674236635623" lon="114.1926448705026"><ele>396.0551694641013</ele><time>2022-09-24T03:44:28Z</time></trkpt><trkpt lat="22.356729307777577" lon="114.19262707477777"><ele>396.1151125815531</ele><time>2022-09-24T03:44:31Z</time></trkpt><trkpt lat="22.356711551642114" lon="114.19262267681825"><ele>396.32001714715665</ele><time>2022-09-24T03:44:33Z</time></trkpt><trkpt lat="22.35669395591683" lon="114.19260689740547"><ele>396.4602444517858</ele><time>2022-09-24T03:44:35Z</time></trkpt><trkpt lat="22.356671581612463" lon="114.19259630274486"><ele>396.4149559971702</ele><time>2022-09-24T03:44:37Z</time></trkpt><trkpt lat="22.356653958489808" lon="114.19258680807053"><ele>396.503165497668</ele><time>2022-09-24T03:44:39Z</time></trkpt><trkpt lat="22.356636769835948" lon="114.1925757376397"><ele>396.70174662155233</ele><time>2022-09-24T03:44:41Z</time></trkpt><trkpt lat="22.35661349796404" lon="114.19256862361485"><ele>396.9976803641376</ele><time>2022-09-24T03:44:44Z</time></trkpt><trkpt lat="22.356591870636315" lon="114.19256357572593"><ele>397.16445084192446</ele><time>2022-09-24T03:44:47Z</time></trkpt><trkpt lat="22.3565731108376" lon="114.19255092578447"><ele>397.1186817079101</ele><time>2022-09-24T03:44:50Z</time></trkpt><trkpt lat="22.356563950257797" lon="114.19253404847329"><ele>397.49243887357676</ele><time>2022-09-24T03:44:52Z</time></trkpt><trkpt lat="22.356562600835733" lon="114.19251058223287"><ele>397.1557984958498</ele><time>2022-09-24T03:44:55Z</time></trkpt><trkpt lat="22.356561381613545" lon="114.19248528350707"><ele>396.97781593817814</ele><time>2022-09-24T03:44:57Z</time></trkpt><trkpt lat="22.356556711017934" lon="114.19245889640443"><ele>397.08163247329514</ele><time>2022-09-24T03:44:59Z</time></trkpt><trkpt lat="22.35654869289873" lon="114.19243641832067"><ele>396.82226793439344</ele><time>2022-09-24T03:45:01Z</time></trkpt><trkpt lat="22.356535587560693" lon="114.19241366519327"><ele>396.56261925353306</ele><time>2022-09-24T03:45:03Z</time></trkpt><trkpt lat="22.356513630487918" lon="114.19239558270945"><ele>397.0483183976797</ele><time>2022-09-24T03:45:05Z</time></trkpt><trkpt lat="22.356490851761375" lon="114.19238752728998"><ele>397.32413718589913</ele><time>2022-09-24T03:45:07Z</time></trkpt><trkpt lat="22.35647184756177" lon="114.19238778300827"><ele>397.45956287951043</ele><time>2022-09-24T03:45:09Z</time></trkpt><trkpt lat="22.35645113445602" lon="114.19238734287234"><ele>397.4481993516803</ele><time>2022-09-24T03:45:11Z</time></trkpt><trkpt lat="22.35642564483507" lon="114.19239132438311"><ele>397.342119069959</ele><time>2022-09-24T03:45:14Z</time></trkpt><trkpt lat="22.35640718699945" lon="114.19239108550175"><ele>397.21785631479435</ele><time>2022-09-24T03:45:16Z</time></trkpt><trkpt lat="22.356382237215936" lon="114.19239362789101"><ele>397.72870288461974</ele><time>2022-09-24T03:45:19Z</time></trkpt><trkpt lat="22.356363709426958" lon="114.19239277933718"><ele>398.2288113827614</ele><time>2022-09-24T03:45:22Z</time></trkpt><trkpt lat="22.3563403059912" lon="114.19240495063487"><ele>397.9924137501129</ele><time>2022-09-24T03:45:26Z</time></trkpt><trkpt lat="22.35631921830847" lon="114.19241528051973"><ele>397.87173924156224</ele><time>2022-09-24T03:45:28Z</time></trkpt><trkpt lat="22.35629835209527" lon="114.19242170221665"><ele>397.2781367172899</ele><time>2022-09-24T03:45:31Z</time></trkpt><trkpt lat="22.35627336845703" lon="114.19240028406338"><ele>396.8198106237374</ele><time>2022-09-24T03:45:34Z</time></trkpt><trkpt lat="22.356254218667658" lon="114.19238112193544"><ele>396.58551921165764</ele><time>2022-09-24T03:45:36Z</time></trkpt><trkpt lat="22.356241826378106" lon="114.19236117741588"><ele>396.44340015799514</ele><time>2022-09-24T03:45:38Z</time></trkpt><trkpt lat="22.356225204562836" lon="114.1923143078934"><ele>399.35971803875077</ele><time>2022-09-24T03:45:39Z</time></trkpt><trkpt lat="22.356220953094102" lon="114.19229321105541"><ele>399.3259779092277</ele><time>2022-09-24T03:45:40Z</time></trkpt><trkpt lat="22.356214157509253" lon="114.19227170915983"><ele>399.3912688320547</ele><time>2022-09-24T03:45:43Z</time></trkpt><trkpt lat="22.356197500667104" lon="114.19225599727541"><ele>398.82997839037114</ele><time>2022-09-24T03:45:49Z</time></trkpt><trkpt lat="22.35617982351792" lon="114.19224193695571"><ele>399.098793384532</ele><time>2022-09-24T03:45:52Z</time></trkpt><trkpt lat="22.356163848593397" lon="114.1922295085189"><ele>399.11720853740707</ele><time>2022-09-24T03:45:54Z</time></trkpt><trkpt lat="22.356145827127516" lon="114.19221880984828"><ele>398.81836491763477</ele><time>2022-09-24T03:45:56Z</time></trkpt><trkpt lat="22.35613290252852" lon="114.19220496865027"><ele>398.57726172529857</ele><time>2022-09-24T03:45:58Z</time></trkpt><trkpt lat="22.35611789265712" lon="114.19218008906114"><ele>398.8412709903344</ele><time>2022-09-24T03:46:01Z</time></trkpt><trkpt lat="22.35610938432591" lon="114.19215331824431"><ele>398.8756790776855</ele><time>2022-09-24T03:46:03Z</time></trkpt><trkpt lat="22.356114695541155" lon="114.19212761178638"><ele>398.85284653318604</ele><time>2022-09-24T03:46:05Z</time></trkpt><trkpt lat="22.356127978501654" lon="114.19210125660655"><ele>398.7177868660375</ele><time>2022-09-24T03:46:08Z</time></trkpt><trkpt lat="22.356144397310963" lon="114.19208433545629"><ele>398.43977623989025</ele><time>2022-09-24T03:46:10Z</time></trkpt><trkpt lat="22.356163661328758" lon="114.19206875087205"><ele>398.51111757130695</ele><time>2022-09-24T03:46:12Z</time></trkpt><trkpt lat="22.35618026936629" lon="114.1920609339875"><ele>397.99160929852974</ele><time>2022-09-24T03:46:14Z</time></trkpt><trkpt lat="22.356197309797924" lon="114.19204539271139"><ele>397.78944681990805</ele><time>2022-09-24T03:46:18Z</time></trkpt><trkpt lat="22.356197118515258" lon="114.19202184915255"><ele>397.89213530232996</ele><time>2022-09-24T03:46:22Z</time></trkpt><trkpt lat="22.3561844913124" lon="114.19200289650286"><ele>397.33795775140214</ele><time>2022-09-24T03:46:26Z</time></trkpt><trkpt lat="22.356169006853673" lon="114.19198943725877"><ele>397.03673736381205</ele><time>2022-09-24T03:46:28Z</time></trkpt><trkpt lat="22.356149313648796" lon="114.19196953618096"><ele>397.32646881591893</ele><time>2022-09-24T03:46:31Z</time></trkpt><trkpt lat="22.35611725256509" lon="114.19196025831576"><ele>397.514063928261</ele><time>2022-09-24T03:46:34Z</time></trkpt><trkpt lat="22.356090849322904" lon="114.19194681837452"><ele>397.67741553949713</ele><time>2022-09-24T03:46:36Z</time></trkpt><trkpt lat="22.356075103723477" lon="114.19193728741611"><ele>397.6764413189148</ele><time>2022-09-24T03:46:38Z</time></trkpt><trkpt lat="22.35605603578199" lon="114.19192327374056"><ele>397.96142929206184</ele><time>2022-09-24T03:46:41Z</time></trkpt><trkpt lat="22.356036056293952" lon="114.19191619058816"><ele>398.71349455770485</ele><time>2022-09-24T03:46:44Z</time></trkpt><trkpt lat="22.356012582820927" lon="114.19190503798326"><ele>399.19491423749866</ele><time>2022-09-24T03:46:48Z</time></trkpt><trkpt lat="22.355993773586235" lon="114.19189542351099"><ele>399.45434529653977</ele><time>2022-09-24T03:46:50Z</time></trkpt><trkpt lat="22.355967520252236" lon="114.19189047273889"><ele>399.62658157954985</ele><time>2022-09-24T03:46:53Z</time></trkpt><trkpt lat="22.35594942137208" lon="114.19188536449059"><ele>399.1187323047277</ele><time>2022-09-24T03:46:56Z</time></trkpt><trkpt lat="22.35592752040896" lon="114.19187530273638"><ele>398.8970171799948</ele><time>2022-09-24T03:47:01Z</time></trkpt><trkpt lat="22.355898683339458" lon="114.19186072662389"><ele>398.32779380033026</ele><time>2022-09-24T03:47:03Z</time></trkpt><trkpt lat="22.35585545975525" lon="114.19184927611957"><ele>397.02389776310497</ele><time>2022-09-24T03:47:05Z</time></trkpt><trkpt lat="22.35582039277988" lon="114.19183093301436"><ele>397.6729205279397</ele><time>2022-09-24T03:47:06Z</time></trkpt><trkpt lat="22.355801561876206" lon="114.1918230967655"><ele>397.22950812368543</ele><time>2022-09-24T03:47:09Z</time></trkpt><trkpt lat="22.355780190764648" lon="114.19180860683151"><ele>396.64416871042425</ele><time>2022-09-24T03:47:13Z</time></trkpt><trkpt lat="22.355761626744584" lon="114.19180092492122"><ele>396.24852372972646</ele><time>2022-09-24T03:47:15Z</time></trkpt><trkpt lat="22.35573910870378" lon="114.1917942496933"><ele>396.060073893932</ele><time>2022-09-24T03:47:18Z</time></trkpt><trkpt lat="22.35571983724122" lon="114.19178607790651"><ele>396.2469488777788</ele><time>2022-09-24T03:47:22Z</time></trkpt><trkpt lat="22.355704396846534" lon="114.19177584219604"><ele>396.16290865951163</ele><time>2022-09-24T03:47:26Z</time></trkpt><trkpt lat="22.355675545122082" lon="114.1917592630379"><ele>395.04905562179016</ele><time>2022-09-24T03:47:28Z</time></trkpt><trkpt lat="22.35565692794419" lon="114.1917530583752"><ele>395.1538882648855</ele><time>2022-09-24T03:47:31Z</time></trkpt><trkpt lat="22.355642196004847" lon="114.1917396676896"><ele>396.08963790230894</ele><time>2022-09-24T03:47:33Z</time></trkpt><trkpt lat="22.355625015158772" lon="114.1917278796532"><ele>395.79775007600466</ele><time>2022-09-24T03:47:36Z</time></trkpt><trkpt lat="22.355608466295582" lon="114.1917048236912"><ele>394.1525578354051</ele><time>2022-09-24T03:47:39Z</time></trkpt><trkpt lat="22.355597657049824" lon="114.1916876418513"><ele>393.47245444966046</ele><time>2022-09-24T03:47:44Z</time></trkpt><trkpt lat="22.35557089590498" lon="114.19166464561387"><ele>395.7872676249249</ele><time>2022-09-24T03:48:31Z</time></trkpt><trkpt lat="22.355565005874816" lon="114.19164227139161"><ele>395.277306478726</ele><time>2022-09-24T03:48:35Z</time></trkpt><trkpt lat="22.355549985079577" lon="114.1916298660394"><ele>395.002848885606</ele><time>2022-09-24T03:48:37Z</time></trkpt><trkpt lat="22.355535783107843" lon="114.19161781351752"><ele>394.64382522286604</ele><time>2022-09-24T03:48:38Z</time></trkpt><trkpt lat="22.35551993990769" lon="114.19160271110394"><ele>394.35342925815365</ele><time>2022-09-24T03:48:40Z</time></trkpt><trkpt lat="22.355489145394046" lon="114.19158189868263"><ele>391.54286655187207</ele><time>2022-09-24T03:48:42Z</time></trkpt><trkpt lat="22.35546775302787" lon="114.1915589275005"><ele>389.9434670835311</ele><time>2022-09-24T03:48:44Z</time></trkpt><trkpt lat="22.355470159095784" lon="114.1915272235809"><ele>389.1618960212355</ele><time>2022-09-24T03:48:46Z</time></trkpt><trkpt lat="22.35547537933258" lon="114.19150684528952"><ele>390.67838875167627</ele><time>2022-09-24T03:48:48Z</time></trkpt><trkpt lat="22.355473271685828" lon="114.1914808331287"><ele>392.2623720095563</ele><time>2022-09-24T03:48:50Z</time></trkpt><trkpt lat="22.35547635227367" lon="114.19146025968674"><ele>392.87141065797687</ele><time>2022-09-24T03:48:52Z</time></trkpt><trkpt lat="22.35548490013784" lon="114.19144057046537"><ele>392.7442079686438</ele><time>2022-09-24T03:48:55Z</time></trkpt><trkpt lat="22.355497224100514" lon="114.19142396403761"><ele>392.3836968865221</ele><time>2022-09-24T03:48:59Z</time></trkpt><trkpt lat="22.355510158712487" lon="114.19140180464244"><ele>391.4581427005538</ele><time>2022-09-24T03:49:01Z</time></trkpt><trkpt lat="22.355517736978314" lon="114.19138198512131"><ele>390.9819596254759</ele><time>2022-09-24T03:49:04Z</time></trkpt><trkpt lat="22.35553300731863" lon="114.19135411559296"><ele>389.2216737343603</ele><time>2022-09-24T03:49:06Z</time></trkpt><trkpt lat="22.35554571474809" lon="114.19133513950679"><ele>388.3545718667642</ele><time>2022-09-24T03:49:08Z</time></trkpt><trkpt lat="22.35555439010395" lon="114.19131620989523"><ele>388.2525323904484</ele><time>2022-09-24T03:49:11Z</time></trkpt><trkpt lat="22.355563271044733" lon="114.1912923003491"><ele>387.1983876536682</ele><time>2022-09-24T03:49:14Z</time></trkpt><trkpt lat="22.355570676264275" lon="114.1912735706619"><ele>386.0180809570516</ele><time>2022-09-24T03:49:18Z</time></trkpt><trkpt lat="22.35557185184179" lon="114.19124909911365"><ele>384.93493040533434</ele><time>2022-09-24T03:49:22Z</time></trkpt><trkpt lat="22.355570617629944" lon="114.19122404920897"><ele>384.534732226824</ele><time>2022-09-24T03:49:25Z</time></trkpt><trkpt lat="22.355571831977986" lon="114.19120070004209"><ele>383.83276021857375</ele><time>2022-09-24T03:49:27Z</time></trkpt><trkpt lat="22.35557638559714" lon="114.19117669355512"><ele>383.52472495149425</ele><time>2022-09-24T03:49:31Z</time></trkpt><trkpt lat="22.35557314755929" lon="114.19115475592534"><ele>383.10352395329517</ele><time>2022-09-24T03:49:34Z</time></trkpt><trkpt lat="22.355567762369873" lon="114.19113588728158"><ele>382.19591195152236</ele><time>2022-09-24T03:49:37Z</time></trkpt><trkpt lat="22.355573154029116" lon="114.19110732885645"><ele>380.97637295795727</ele><time>2022-09-24T03:49:40Z</time></trkpt><trkpt lat="22.35557321702569" lon="114.19108655289926"><ele>379.57493691796</ele><time>2022-09-24T03:49:42Z</time></trkpt><trkpt lat="22.35557499433421" lon="114.19106409933471"><ele>377.86068804833667</ele><time>2022-09-24T03:49:44Z</time></trkpt><trkpt lat="22.355564103418953" lon="114.19103921594656"><ele>374.2847781431563</ele><time>2022-09-24T03:49:47Z</time></trkpt><trkpt lat="22.355545230325045" lon="114.19104892511487"><ele>372.73880154461267</ele><time>2022-09-24T03:49:50Z</time></trkpt><trkpt lat="22.355524672852756" lon="114.19105006156177"><ele>372.2665037640644</ele><time>2022-09-24T03:49:52Z</time></trkpt><trkpt lat="22.35550639861855" lon="114.19104638316888"><ele>371.78939225880015</ele><time>2022-09-24T03:49:58Z</time></trkpt><trkpt lat="22.3554924763465" lon="114.19103323713696"><ele>371.27999892856025</ele><time>2022-09-24T03:50:01Z</time></trkpt><trkpt lat="22.3554801667352" lon="114.19101331054343"><ele>370.6684505079414</ele><time>2022-09-24T03:50:03Z</time></trkpt><trkpt lat="22.355470068285367" lon="114.19099215864127"><ele>370.0353399529569</ele><time>2022-09-24T03:50:05Z</time></trkpt><trkpt lat="22.355457482203768" lon="114.19097148435993"><ele>369.26793178924146</ele><time>2022-09-24T03:50:07Z</time></trkpt><trkpt lat="22.35543001992054" lon="114.19096781110152"><ele>368.6187498237056</ele><time>2022-09-24T03:50:10Z</time></trkpt><trkpt lat="22.355412459303203" lon="114.1909731621198"><ele>368.51407314602716</ele><time>2022-09-24T03:50:12Z</time></trkpt><trkpt lat="22.35539238453018" lon="114.19098221942672"><ele>368.41214352419513</ele><time>2022-09-24T03:50:14Z</time></trkpt><trkpt lat="22.3553646753734" lon="114.19097737021312"><ele>368.0883604976398</ele><time>2022-09-24T03:50:17Z</time></trkpt><trkpt lat="22.355343750588524" lon="114.19096657226781"><ele>367.9099696069258</ele><time>2022-09-24T03:50:19Z</time></trkpt><trkpt lat="22.355316595956772" lon="114.1909542989056"><ele>367.0914654015104</ele><time>2022-09-24T03:50:20Z</time></trkpt><trkpt lat="22.355285925638096" lon="114.19093913254213"><ele>365.72241405441605</ele><time>2022-09-24T03:50:22Z</time></trkpt><trkpt lat="22.355272874401702" lon="114.19092297336648"><ele>362.5757093688952</ele><time>2022-09-24T03:50:25Z</time></trkpt><trkpt lat="22.35525786564637" lon="114.19090112068083"><ele>361.7480516241854</ele><time>2022-09-24T03:50:28Z</time></trkpt><trkpt lat="22.355242441305972" lon="114.1908860718998"><ele>361.34032069418083</ele><time>2022-09-24T03:50:30Z</time></trkpt><trkpt lat="22.35522508903224" lon="114.1908780942402"><ele>360.76972142638846</ele><time>2022-09-24T03:50:32Z</time></trkpt><trkpt lat="22.355207976263642" lon="114.19087076920431"><ele>360.4834163686257</ele><time>2022-09-24T03:50:34Z</time></trkpt><trkpt lat="22.355189605532694" lon="114.19085964672868"><ele>360.4550855128129</ele><time>2022-09-24T03:50:36Z</time></trkpt><trkpt lat="22.355169783841177" lon="114.1908499236099"><ele>360.11707540478955</ele><time>2022-09-24T03:50:38Z</time></trkpt><trkpt lat="22.355147305851403" lon="114.19085014889177"><ele>359.9094366487923</ele><time>2022-09-24T03:50:40Z</time></trkpt><trkpt lat="22.3551239223776" lon="114.19084735249706"><ele>359.7074816911243</ele><time>2022-09-24T03:50:42Z</time></trkpt><trkpt lat="22.35509976151173" lon="114.19084241369426"><ele>359.3833174345011</ele><time>2022-09-24T03:50:44Z</time></trkpt><trkpt lat="22.355074039357557" lon="114.19084127659"><ele>359.30856481853493</ele><time>2022-09-24T03:50:46Z</time></trkpt><trkpt lat="22.355050199981864" lon="114.19084272301049"><ele>358.9536016268591</ele><time>2022-09-24T03:50:48Z</time></trkpt><trkpt lat="22.355032304537094" lon="114.19085282820889"><ele>358.9798010468522</ele><time>2022-09-24T03:50:50Z</time></trkpt><trkpt lat="22.355017053266213" lon="114.19086814581625"><ele>358.9850188287655</ele><time>2022-09-24T03:50:52Z</time></trkpt><trkpt lat="22.354999535052407" lon="114.19088262534557"><ele>358.8261738282578</ele><time>2022-09-24T03:50:54Z</time></trkpt><trkpt lat="22.354975740655775" lon="114.19089258259135"><ele>359.0576133340885</ele><time>2022-09-24T03:50:56Z</time></trkpt><trkpt lat="22.354946701297504" lon="114.19089280629433"><ele>359.7410794506991</ele><time>2022-09-24T03:50:58Z</time></trkpt><trkpt lat="22.354922545971405" lon="114.19088676737417"><ele>360.26598539408786</ele><time>2022-09-24T03:51:00Z</time></trkpt><trkpt lat="22.354904491198447" lon="114.19087344249715"><ele>360.6457484880884</ele><time>2022-09-24T03:51:02Z</time></trkpt><trkpt lat="22.354891591296415" lon="114.1908505228367"><ele>360.13712356747016</ele><time>2022-09-24T03:51:04Z</time></trkpt><trkpt lat="22.35487777159504" lon="114.19082605110434"><ele>359.52648289987627</ele><time>2022-09-24T03:51:06Z</time></trkpt><trkpt lat="22.354865486828224" lon="114.19080739347535"><ele>359.08303368606636</ele><time>2022-09-24T03:51:08Z</time></trkpt><trkpt lat="22.354854157701762" lon="114.19079216086698"><ele>358.9040169228</ele><time>2022-09-24T03:51:10Z</time></trkpt><trkpt lat="22.354841525797188" lon="114.19076957196309"><ele>358.75452794695616</ele><time>2022-09-24T03:51:12Z</time></trkpt><trkpt lat="22.354825297388608" lon="114.19074764779998"><ele>358.50584682405463</ele><time>2022-09-24T03:51:14Z</time></trkpt><trkpt lat="22.354809011156046" lon="114.19072893331293"><ele>358.1073894136099</ele><time>2022-09-24T03:51:16Z</time></trkpt><trkpt lat="22.354793689764744" lon="114.19071455627706"><ele>357.8112809523292</ele><time>2022-09-24T03:51:18Z</time></trkpt><trkpt lat="22.35477656324171" lon="114.19069993190283"><ele>357.72493376574863</ele><time>2022-09-24T03:51:20Z</time></trkpt><trkpt lat="22.354749666168907" lon="114.19068542440505"><ele>357.76090708737155</ele><time>2022-09-24T03:51:22Z</time></trkpt><trkpt lat="22.354730239369694" lon="114.19067350813236"><ele>357.9094346752649</ele><time>2022-09-24T03:51:24Z</time></trkpt><trkpt lat="22.354711851249718" lon="114.19065713373125"><ele>358.1073262895395</ele><time>2022-09-24T03:51:26Z</time></trkpt><trkpt lat="22.354690514065663" lon="114.19064901201784"><ele>358.09919148702534</ele><time>2022-09-24T03:51:28Z</time></trkpt><trkpt lat="22.35467129398664" lon="114.19064031389964"><ele>358.427962063105</ele><time>2022-09-24T03:51:31Z</time></trkpt><trkpt lat="22.35464948870428" lon="114.19062202338661"><ele>359.56169397448804</ele><time>2022-09-24T03:52:03Z</time></trkpt><trkpt lat="22.354635169140515" lon="114.19060629484478"><ele>359.539310184455</ele><time>2022-09-24T03:52:05Z</time></trkpt><trkpt lat="22.35462492263507" lon="114.19058648170477"><ele>359.33481944316054</ele><time>2022-09-24T03:52:07Z</time></trkpt><trkpt lat="22.354622841514367" lon="114.19056494713975"><ele>358.9360331940097</ele><time>2022-09-24T03:52:09Z</time></trkpt><trkpt lat="22.354620965849595" lon="114.19053964244807"><ele>358.31892741781985</ele><time>2022-09-24T03:52:12Z</time></trkpt><trkpt lat="22.354624617942473" lon="114.19051838932721"><ele>357.83141725817455</ele><time>2022-09-24T03:52:14Z</time></trkpt><trkpt lat="22.35462856234157" lon="114.19048683321743"><ele>357.36971511284577</ele><time>2022-09-24T03:52:16Z</time></trkpt><trkpt lat="22.354639804144046" lon="114.19046559947346"><ele>357.4701087864298</ele><time>2022-09-24T03:52:18Z</time></trkpt><trkpt lat="22.354657182537256" lon="114.19044557531944"><ele>357.741689029119</ele><time>2022-09-24T03:52:20Z</time></trkpt><trkpt lat="22.354672714082636" lon="114.19042181641878"><ele>357.8705103455442</ele><time>2022-09-24T03:52:22Z</time></trkpt><trkpt lat="22.354689630456896" lon="114.19040263389768"><ele>358.17286183411227</ele><time>2022-09-24T03:52:24Z</time></trkpt><trkpt lat="22.35470166774045" lon="114.19038552036032"><ele>358.1424894842764</ele><time>2022-09-24T03:52:26Z</time></trkpt><trkpt lat="22.354720710170852" lon="114.19035961508284"><ele>357.9670089707012</ele><time>2022-09-24T03:52:29Z</time></trkpt><trkpt lat="22.354741575846212" lon="114.19033424587927"><ele>357.9382130758492</ele><time>2022-09-24T03:52:31Z</time></trkpt><trkpt lat="22.354760753331373" lon="114.1903131030331"><ele>357.79426732426526</ele><time>2022-09-24T03:52:33Z</time></trkpt><trkpt lat="22.35477763986471" lon="114.19028832808353"><ele>357.788852647079</ele><time>2022-09-24T03:52:35Z</time></trkpt><trkpt lat="22.354793770277244" lon="114.19026585693774"><ele>357.6145752970989</ele><time>2022-09-24T03:52:37Z</time></trkpt><trkpt lat="22.3548094971306" lon="114.1902483843328"><ele>357.1944649331815</ele><time>2022-09-24T03:52:39Z</time></trkpt><trkpt lat="22.35482619889777" lon="114.19023555310832"><ele>357.02350524581726</ele><time>2022-09-24T03:52:41Z</time></trkpt><trkpt lat="22.35484278684283" lon="114.19022182738973"><ele>356.9832909384516</ele><time>2022-09-24T03:52:43Z</time></trkpt><trkpt lat="22.354859442316013" lon="114.19020744459421"><ele>356.8169073582862</ele><time>2022-09-24T03:52:45Z</time></trkpt><trkpt lat="22.35487478267589" lon="114.19018340159393"><ele>356.54943643977754</ele><time>2022-09-24T03:52:48Z</time></trkpt><trkpt lat="22.354887673068255" lon="114.1901601953948"><ele>356.21112792782424</ele><time>2022-09-24T03:52:51Z</time></trkpt><trkpt lat="22.3548926201294" lon="114.19014088172044"><ele>356.233644072052</ele><time>2022-09-24T03:52:53Z</time></trkpt><trkpt lat="22.354900601423537" lon="114.19012146492182"><ele>355.9105906706727</ele><time>2022-09-24T03:52:55Z</time></trkpt><trkpt lat="22.354904941394732" lon="114.19009932218628"><ele>355.71928762290537</ele><time>2022-09-24T03:52:57Z</time></trkpt><trkpt lat="22.35491196721834" lon="114.19007784000574"><ele>355.651881470594</ele><time>2022-09-24T03:53:00Z</time></trkpt><trkpt lat="22.354916747053174" lon="114.1900488668154"><ele>355.78256512007687</ele><time>2022-09-24T03:53:03Z</time></trkpt><trkpt lat="22.354923017645103" lon="114.19002527359125"><ele>355.6949162033709</ele><time>2022-09-24T03:53:05Z</time></trkpt><trkpt lat="22.354934122177063" lon="114.19000196155545"><ele>355.7902731328863</ele><time>2022-09-24T03:53:07Z</time></trkpt><trkpt lat="22.35495066476626" lon="114.18998717758265"><ele>355.56233412241096</ele><time>2022-09-24T03:53:09Z</time></trkpt><trkpt lat="22.35497210809939" lon="114.18998300670613"><ele>355.4830263831193</ele><time>2022-09-24T03:53:11Z</time></trkpt><trkpt lat="22.354991639872733" lon="114.18997915675718"><ele>355.5593677073421</ele><time>2022-09-24T03:53:13Z</time></trkpt><trkpt lat="22.355020711976486" lon="114.18997533847511"><ele>355.71007715790637</ele><time>2022-09-24T03:53:15Z</time></trkpt><trkpt lat="22.35504228637615" lon="114.18997165696094"><ele>355.80753565986305</ele><time>2022-09-24T03:53:17Z</time></trkpt><trkpt lat="22.35506278193993" lon="114.18996869539936"><ele>355.94112732329927</ele><time>2022-09-24T03:53:19Z</time></trkpt><trkpt lat="22.35507933097914" lon="114.18996038695536"><ele>356.0936640885418</ele><time>2022-09-24T03:53:21Z</time></trkpt><trkpt lat="22.355095553780618" lon="114.18994219694878"><ele>355.96579108581375</ele><time>2022-09-24T03:53:24Z</time></trkpt><trkpt lat="22.355110289797295" lon="114.18992927669083"><ele>355.7465918330585</ele><time>2022-09-24T03:53:27Z</time></trkpt><trkpt lat="22.35512553059427" lon="114.18991343653462"><ele>355.7612835248072</ele><time>2022-09-24T03:53:30Z</time></trkpt><trkpt lat="22.355140175255123" lon="114.18988913218789"><ele>355.86410959446687</ele><time>2022-09-24T03:53:32Z</time></trkpt><trkpt lat="22.35515503789485" lon="114.18986591236684"><ele>355.74028547864765</ele><time>2022-09-24T03:53:34Z</time></trkpt><trkpt lat="22.355170175908302" lon="114.18984511319262"><ele>355.6786871848017</ele><time>2022-09-24T03:53:36Z</time></trkpt><trkpt lat="22.355183666615908" lon="114.1898284179715"><ele>355.53851066438165</ele><time>2022-09-24T03:53:38Z</time></trkpt><trkpt lat="22.355205544735814" lon="114.18981207688492"><ele>355.66752114948815</ele><time>2022-09-24T03:53:41Z</time></trkpt><trkpt lat="22.355218771879578" lon="114.18979677393324"><ele>355.8755030394108</ele><time>2022-09-24T03:53:43Z</time></trkpt><trkpt lat="22.355240220611364" lon="114.18978499773097"><ele>355.85841981422294</ele><time>2022-09-24T03:53:46Z</time></trkpt><trkpt lat="22.35525058014124" lon="114.18976074239652"><ele>355.9931278484895</ele><time>2022-09-24T03:53:49Z</time></trkpt><trkpt lat="22.355246620422115" lon="114.18973865285022"><ele>356.1986381248033</ele><time>2022-09-24T03:53:52Z</time></trkpt><trkpt lat="22.355256328184932" lon="114.1897150693689"><ele>356.43914268088395</ele><time>2022-09-24T03:53:55Z</time></trkpt><trkpt lat="22.355271451542308" lon="114.18969809385727"><ele>356.82013687629865</ele><time>2022-09-24T03:53:57Z</time></trkpt><trkpt lat="22.355283245896445" lon="114.18968085506653"><ele>357.01039189414627</ele><time>2022-09-24T03:53:59Z</time></trkpt><trkpt lat="22.355293529528538" lon="114.18966024436648"><ele>356.73920904119785</ele><time>2022-09-24T03:54:02Z</time></trkpt><trkpt lat="22.355311669517143" lon="114.18965527350893"><ele>356.4044689622522</ele><time>2022-09-24T03:54:09Z</time></trkpt><trkpt lat="22.355315295592174" lon="114.18963436465626"><ele>355.66062882864236</ele><time>2022-09-24T03:54:27Z</time></trkpt><trkpt lat="22.355316602145887" lon="114.18960584503255"><ele>355.8267904987475</ele><time>2022-09-24T03:54:30Z</time></trkpt><trkpt lat="22.355313844336905" lon="114.18957743671209"><ele>356.2161611998278</ele><time>2022-09-24T03:54:33Z</time></trkpt><trkpt lat="22.35531860404116" lon="114.18955568028716"><ele>356.1343103720474</ele><time>2022-09-24T03:54:35Z</time></trkpt><trkpt lat="22.355320931178795" lon="114.18953270693689"><ele>356.27540446853556</ele><time>2022-09-24T03:54:38Z</time></trkpt><trkpt lat="22.355321951159926" lon="114.18950298507018"><ele>356.56915913362457</ele><time>2022-09-24T03:54:41Z</time></trkpt><trkpt lat="22.355339929667817" lon="114.18949311489612"><ele>357.2429708171625</ele><time>2022-09-24T03:54:49Z</time></trkpt><trkpt lat="22.35531994274757" lon="114.18948333234754"><ele>358.9601790742089</ele><time>2022-09-24T03:57:48Z</time></trkpt><trkpt lat="22.35530670369148" lon="114.18946874115775"><ele>359.10861173146355</ele><time>2022-09-24T03:57:50Z</time></trkpt><trkpt lat="22.355296006723588" lon="114.18943785236245"><ele>359.8805550113009</ele><time>2022-09-24T03:57:56Z</time></trkpt><trkpt lat="22.355277726311783" lon="114.18941355968865"><ele>359.8866390913023</ele><time>2022-09-24T03:57:59Z</time></trkpt><trkpt lat="22.355260630991808" lon="114.18940446882503"><ele>359.83476650117257</ele><time>2022-09-24T03:58:01Z</time></trkpt><trkpt lat="22.355240886428877" lon="114.1893991515298"><ele>359.22754919287223</ele><time>2022-09-24T03:58:04Z</time></trkpt><trkpt lat="22.35522101505117" lon="114.18939311345407"><ele>358.9494532710561</ele><time>2022-09-24T03:58:06Z</time></trkpt><trkpt lat="22.355200563250303" lon="114.18939074596561"><ele>358.9611891335906</ele><time>2022-09-24T03:58:08Z</time></trkpt><trkpt lat="22.355175383645413" lon="114.18938663742377"><ele>358.57570011189483</ele><time>2022-09-24T03:58:11Z</time></trkpt><trkpt lat="22.355153580768235" lon="114.18937962266092"><ele>358.1114341512874</ele><time>2022-09-24T03:58:13Z</time></trkpt><trkpt lat="22.355133277999244" lon="114.18937688997342"><ele>357.7328455930304</ele><time>2022-09-24T03:58:15Z</time></trkpt><trkpt lat="22.355114808180765" lon="114.18937564845707"><ele>357.4697273463168</ele><time>2022-09-24T03:58:17Z</time></trkpt><trkpt lat="22.35508904136116" lon="114.1893786271459"><ele>357.70101574064535</ele><time>2022-09-24T03:58:20Z</time></trkpt><trkpt lat="22.355071350043612" lon="114.18938368638733"><ele>357.80851658908335</ele><time>2022-09-24T03:58:22Z</time></trkpt><trkpt lat="22.355048372110232" lon="114.189380758497"><ele>358.3620120782054</ele><time>2022-09-24T03:58:29Z</time></trkpt><trkpt lat="22.355000414341262" lon="114.18935054188033"><ele>360.2888921992623</ele><time>2022-09-24T03:58:31Z</time></trkpt><trkpt lat="22.354981585277493" lon="114.18934046267424"><ele>360.5101808012865</ele><time>2022-09-24T03:58:32Z</time></trkpt><trkpt lat="22.354964424679178" lon="114.18932236593876"><ele>359.86067800743325</ele><time>2022-09-24T03:58:35Z</time></trkpt><trkpt lat="22.3549387190778" lon="114.18931603581089"><ele>359.5442699643404</ele><time>2022-09-24T03:58:38Z</time></trkpt><trkpt lat="22.35491406130065" lon="114.18932169799352"><ele>358.9937315382233</ele><time>2022-09-24T03:58:41Z</time></trkpt><trkpt lat="22.354892342405304" lon="114.18934105904685"><ele>358.37533730839374</ele><time>2022-09-24T03:58:43Z</time></trkpt><trkpt lat="22.354871357013216" lon="114.18934554059622"><ele>358.35210269001624</ele><time>2022-09-24T03:58:46Z</time></trkpt><trkpt lat="22.354852335185022" lon="114.18932660527133"><ele>358.2011066569534</ele><time>2022-09-24T03:58:49Z</time></trkpt><trkpt lat="22.354839892293686" lon="114.18931077990506"><ele>358.0878480723698</ele><time>2022-09-24T03:58:51Z</time></trkpt><trkpt lat="22.35482469250018" lon="114.18929287148424"><ele>357.87124736746625</ele><time>2022-09-24T03:58:54Z</time></trkpt><trkpt lat="22.354810127822358" lon="114.1892770477845"><ele>357.5387114811697</ele><time>2022-09-24T03:58:56Z</time></trkpt><trkpt lat="22.354798536022386" lon="114.18925697570263"><ele>356.755303500718</ele><time>2022-09-24T03:58:59Z</time></trkpt><trkpt lat="22.354788069184075" lon="114.18924027041498"><ele>356.484543287507</ele><time>2022-09-24T03:59:02Z</time></trkpt><trkpt lat="22.354773675357023" lon="114.1892222767122"><ele>356.399233090877</ele><time>2022-09-24T03:59:04Z</time></trkpt><trkpt lat="22.35476326655256" lon="114.18920376752908"><ele>356.27964439265986</ele><time>2022-09-24T03:59:06Z</time></trkpt><trkpt lat="22.354750232294766" lon="114.18918534910397"><ele>356.06729273715683</ele><time>2022-09-24T03:59:08Z</time></trkpt><trkpt lat="22.354735064220293" lon="114.18916465305988"><ele>356.1793264047072</ele><time>2022-09-24T03:59:10Z</time></trkpt><trkpt lat="22.35472071847545" lon="114.18914996889225"><ele>356.5354977930083</ele><time>2022-09-24T03:59:12Z</time></trkpt><trkpt lat="22.354707815169263" lon="114.18913528226007"><ele>356.7101742315153</ele><time>2022-09-24T03:59:14Z</time></trkpt><trkpt lat="22.354698699650175" lon="114.18911733437477"><ele>356.9048766362718</ele><time>2022-09-24T03:59:16Z</time></trkpt><trkpt lat="22.354691508050095" lon="114.18909842110328"><ele>356.9871217769859</ele><time>2022-09-24T03:59:18Z</time></trkpt><trkpt lat="22.354692114283772" lon="114.18907246715085"><ele>357.03902459119706</ele><time>2022-09-24T03:59:20Z</time></trkpt><trkpt lat="22.354699350334585" lon="114.18905050926143"><ele>356.6891480945533</ele><time>2022-09-24T03:59:22Z</time></trkpt><trkpt lat="22.35471021403173" lon="114.18903277121035"><ele>356.32917873822623</ele><time>2022-09-24T03:59:24Z</time></trkpt><trkpt lat="22.354724270594396" lon="114.18901513737904"><ele>356.12979824793666</ele><time>2022-09-24T03:59:27Z</time></trkpt><trkpt lat="22.354750094281663" lon="114.18900237553089"><ele>355.69453229111866</ele><time>2022-09-24T03:59:32Z</time></trkpt><trkpt lat="22.354769598578965" lon="114.18899327530993"><ele>355.7272307434933</ele><time>2022-09-24T03:59:34Z</time></trkpt><trkpt lat="22.354796780663232" lon="114.18896910480285"><ele>355.0347358273582</ele><time>2022-09-24T03:59:35Z</time></trkpt><trkpt lat="22.35481339994619" lon="114.1889603271307"><ele>355.05655778135105</ele><time>2022-09-24T03:59:38Z</time></trkpt><trkpt lat="22.354832931262752" lon="114.18895129563552"><ele>355.15422268113497</ele><time>2022-09-24T03:59:41Z</time></trkpt><trkpt lat="22.35485051466177" lon="114.18894635496017"><ele>355.340737953891</ele><time>2022-09-24T03:59:43Z</time></trkpt><trkpt lat="22.35486643966275" lon="114.18893657226928"><ele>355.451464650909</ele><time>2022-09-24T03:59:46Z</time></trkpt><trkpt lat="22.35488508724654" lon="114.18892259755187"><ele>356.0096629446673</ele><time>2022-09-24T03:59:50Z</time></trkpt><trkpt lat="22.354897180543496" lon="114.18890284751366"><ele>356.05258543025394</ele><time>2022-09-24T03:59:54Z</time></trkpt><trkpt lat="22.354913103028018" lon="114.1888919103054"><ele>355.86911115813496</ele><time>2022-09-24T03:59:57Z</time></trkpt><trkpt lat="22.35492722987338" lon="114.1888717352155"><ele>356.0571689947155</ele><time>2022-09-24T04:00:00Z</time></trkpt><trkpt lat="22.35493942197166" lon="114.18884599626088"><ele>356.2129651562231</ele><time>2022-09-24T04:00:04Z</time></trkpt><trkpt lat="22.35494883357232" lon="114.1888210341161"><ele>356.3988742568036</ele><time>2022-09-24T04:00:07Z</time></trkpt><trkpt lat="22.354957934429272" lon="114.18880396803144"><ele>356.64281736973294</ele><time>2022-09-24T04:00:09Z</time></trkpt><trkpt lat="22.354961794527657" lon="114.18878496812"><ele>357.05169868313214</ele><time>2022-09-24T04:00:12Z</time></trkpt><trkpt lat="22.354962260436636" lon="114.18875903369808"><ele>356.81865632500615</ele><time>2022-09-24T04:00:16Z</time></trkpt><trkpt lat="22.354958757418853" lon="114.18873408340934"><ele>357.3628488790664</ele><time>2022-09-24T04:00:19Z</time></trkpt><trkpt lat="22.354950754910828" lon="114.18871179634036"><ele>357.6366242542507</ele><time>2022-09-24T04:00:21Z</time></trkpt><trkpt lat="22.354946269911082" lon="114.18869249657232"><ele>357.9175138883111</ele><time>2022-09-24T04:00:23Z</time></trkpt><trkpt lat="22.354944192672242" lon="114.18866925350844"><ele>358.4543929151421</ele><time>2022-09-24T04:00:25Z</time></trkpt><trkpt lat="22.35494531244315" lon="114.18864549916825"><ele>358.67428583023525</ele><time>2022-09-24T04:00:28Z</time></trkpt><trkpt lat="22.354948445657545" lon="114.18860411184146"><ele>360.6511695050868</ele><time>2022-09-24T04:00:30Z</time></trkpt><trkpt lat="22.35495217554095" lon="114.1885830026898"><ele>360.7831987174508</ele><time>2022-09-24T04:00:32Z</time></trkpt><trkpt lat="22.35495524611748" lon="114.18855890168898"><ele>360.37698540930177</ele><time>2022-09-24T04:00:36Z</time></trkpt><trkpt lat="22.354962713096782" lon="114.18853172150521"><ele>359.8993743318178</ele><time>2022-09-24T04:00:39Z</time></trkpt><trkpt lat="22.35496108864199" lon="114.18850972234563"><ele>359.6237928935627</ele><time>2022-09-24T04:00:41Z</time></trkpt><trkpt lat="22.354960423058362" lon="114.18848880860357"><ele>359.6565671773148</ele><time>2022-09-24T04:00:43Z</time></trkpt><trkpt lat="22.354953948333296" lon="114.18846876986547"><ele>359.60269814270197</ele><time>2022-09-24T04:00:45Z</time></trkpt><trkpt lat="22.354942650008862" lon="114.1884481204588"><ele>359.8853880897708</ele><time>2022-09-24T04:01:06Z</time></trkpt><trkpt lat="22.35492901899059" lon="114.18841974965768"><ele>361.42189038957525</ele><time>2022-09-24T04:01:29Z</time></trkpt><trkpt lat="22.354912089557892" lon="114.18838925766958"><ele>361.6429010713753</ele><time>2022-09-24T04:01:30Z</time></trkpt><trkpt lat="22.35489256722844" lon="114.1883743661456"><ele>361.38932627196016</ele><time>2022-09-24T04:01:32Z</time></trkpt><trkpt lat="22.354874261122223" lon="114.18835523793634"><ele>360.7086934243928</ele><time>2022-09-24T04:01:35Z</time></trkpt><trkpt lat="22.35485535636129" lon="114.18833700702152"><ele>360.1972710123592</ele><time>2022-09-24T04:01:37Z</time></trkpt><trkpt lat="22.354840559745906" lon="114.18831681430515"><ele>359.99802995300917</ele><time>2022-09-24T04:01:39Z</time></trkpt><trkpt lat="22.35482984964843" lon="114.18829054637432"><ele>359.9722964287112</ele><time>2022-09-24T04:01:41Z</time></trkpt><trkpt lat="22.354819346954567" lon="114.18827228515553"><ele>360.1521663230457</ele><time>2022-09-24T04:01:43Z</time></trkpt><trkpt lat="22.354805208315128" lon="114.18825249159602"><ele>360.1091508105161</ele><time>2022-09-24T04:01:45Z</time></trkpt><trkpt lat="22.354799271722108" lon="114.1882298596259"><ele>359.8090870111909</ele><time>2022-09-24T04:01:47Z</time></trkpt><trkpt lat="22.35480016774854" lon="114.1882102684905"><ele>359.95735834866696</ele><time>2022-09-24T04:01:49Z</time></trkpt><trkpt lat="22.354798154928996" lon="114.1881836651355"><ele>360.3053136565232</ele><time>2022-09-24T04:01:51Z</time></trkpt><trkpt lat="22.354791310609432" lon="114.18815107759414"><ele>360.6305696251628</ele><time>2022-09-24T04:01:53Z</time></trkpt><trkpt lat="22.354791601008255" lon="114.18812505914721"><ele>361.5454288595958</ele><time>2022-09-24T04:01:55Z</time></trkpt><trkpt lat="22.354796390594064" lon="114.18810465981304"><ele>364.44636310455843</ele><time>2022-09-24T04:01:57Z</time></trkpt><trkpt lat="22.35479914148811" lon="114.18806863438593"><ele>365.873995915715</ele><time>2022-09-24T04:02:07Z</time></trkpt><trkpt lat="22.354793529441718" lon="114.18804341359353"><ele>367.7703193629145</ele><time>2022-09-24T04:02:09Z</time></trkpt><trkpt lat="22.354802890236392" lon="114.18801811926336"><ele>368.2066420588336</ele><time>2022-09-24T04:02:11Z</time></trkpt><trkpt lat="22.35482404023285" lon="114.1880050201552"><ele>368.4204121460938</ele><time>2022-09-24T04:02:14Z</time></trkpt><trkpt lat="22.354840559812306" lon="114.18799050923849"><ele>368.4412759240893</ele><time>2022-09-24T04:02:16Z</time></trkpt><trkpt lat="22.35486004223274" lon="114.18797263541063"><ele>368.62068135172274</ele><time>2022-09-24T04:02:18Z</time></trkpt><trkpt lat="22.354875687134328" lon="114.1879579726002"><ele>368.46817756637193</ele><time>2022-09-24T04:02:20Z</time></trkpt><trkpt lat="22.35489611724058" lon="114.18794664477608"><ele>368.2479390724013</ele><time>2022-09-24T04:02:22Z</time></trkpt><trkpt lat="22.354919274795584" lon="114.187940203962"><ele>367.9878709828047</ele><time>2022-09-24T04:02:24Z</time></trkpt><trkpt lat="22.354942363356063" lon="114.18794444913733"><ele>367.45614480431703</ele><time>2022-09-24T04:02:26Z</time></trkpt><trkpt lat="22.354964175237154" lon="114.18795069318499"><ele>367.12273763388606</ele><time>2022-09-24T04:02:28Z</time></trkpt><trkpt lat="22.355014293990198" lon="114.1879608053309"><ele>368.50884740214906</ele><time>2022-09-24T04:02:30Z</time></trkpt><trkpt lat="22.35503213463552" lon="114.18796522925885"><ele>368.754796998004</ele><time>2022-09-24T04:02:32Z</time></trkpt><trkpt lat="22.355055949314586" lon="114.18796698014113"><ele>368.5076964962223</ele><time>2022-09-24T04:02:35Z</time></trkpt><trkpt lat="22.35508173900739" lon="114.18796850651445"><ele>367.9684656369037</ele><time>2022-09-24T04:02:36Z</time></trkpt><trkpt lat="22.35510002492567" lon="114.18795981871212"><ele>367.686998632109</ele><time>2022-09-24T04:02:38Z</time></trkpt><trkpt lat="22.35511340246012" lon="114.18794673818851"><ele>367.3704098033338</ele><time>2022-09-24T04:02:40Z</time></trkpt><trkpt lat="22.355127108092823" lon="114.18793178517936"><ele>367.2095922975435</ele><time>2022-09-24T04:02:42Z</time></trkpt><trkpt lat="22.35514153071731" lon="114.18791791171405"><ele>367.246348511888</ele><time>2022-09-24T04:02:44Z</time></trkpt><trkpt lat="22.355153962999598" lon="114.18790355959337"><ele>367.1784349153325</ele><time>2022-09-24T04:02:46Z</time></trkpt><trkpt lat="22.355166202189828" lon="114.18788106013706"><ele>367.0140245974531</ele><time>2022-09-24T04:02:49Z</time></trkpt><trkpt lat="22.355175654516046" lon="114.1878609773144"><ele>367.73110783524095</ele><time>2022-09-24T04:02:52Z</time></trkpt><trkpt lat="22.355186007220055" lon="114.18784119854928"><ele>369.0371248811524</ele><time>2022-09-24T04:02:56Z</time></trkpt><trkpt lat="22.355201030531926" lon="114.18782364540756"><ele>370.09579369995265</ele><time>2022-09-24T04:03:01Z</time></trkpt><trkpt lat="22.35521604482961" lon="114.1878053702983"><ele>370.17186857980954</ele><time>2022-09-24T04:03:03Z</time></trkpt><trkpt lat="22.355223548405498" lon="114.18778521299635"><ele>369.76900079907745</ele><time>2022-09-24T04:03:06Z</time></trkpt><trkpt lat="22.355224396076174" lon="114.18776072207676"><ele>369.5421187001772</ele><time>2022-09-24T04:03:13Z</time></trkpt><trkpt lat="22.355230739052924" lon="114.18774057071316"><ele>369.39868102285203</ele><time>2022-09-24T04:03:16Z</time></trkpt><trkpt lat="22.355232638056414" lon="114.1877161627551"><ele>368.8249861679553</ele><time>2022-09-24T04:03:19Z</time></trkpt><trkpt lat="22.355236575966067" lon="114.1876933115516"><ele>368.6271551458236</ele><time>2022-09-24T04:03:22Z</time></trkpt><trkpt lat="22.35523559437036" lon="114.18766648107336"><ele>368.89040591586894</ele><time>2022-09-24T04:03:26Z</time></trkpt><trkpt lat="22.355234890667298" lon="114.18764346299537"><ele>369.54931325090274</ele><time>2022-09-24T04:03:28Z</time></trkpt><trkpt lat="22.355231133551467" lon="114.18762107043536"><ele>369.87494004688347</ele><time>2022-09-24T04:03:31Z</time></trkpt><trkpt lat="22.355232871611353" lon="114.18760150002527"><ele>370.4799244025066</ele><time>2022-09-24T04:03:34Z</time></trkpt><trkpt lat="22.355246720957663" lon="114.18758692890819"><ele>369.6940147280693</ele><time>2022-09-24T04:05:54Z</time></trkpt><trkpt lat="22.355242312870853" lon="114.18756002460216"><ele>369.88965027965605</ele><time>2022-09-24T04:06:03Z</time></trkpt><trkpt lat="22.355225524904625" lon="114.18754395401396"><ele>372.0273348043977</ele><time>2022-09-24T04:06:21Z</time></trkpt><trkpt lat="22.355204039098265" lon="114.18752204406175"><ele>374.5633705416027</ele><time>2022-09-24T04:06:31Z</time></trkpt><trkpt lat="22.355180827935726" lon="114.18751891093777"><ele>375.55993274896747</ele><time>2022-09-24T04:06:37Z</time></trkpt><trkpt lat="22.35515151788877" lon="114.18751913943161"><ele>376.54177751000674</ele><time>2022-09-24T04:06:40Z</time></trkpt><trkpt lat="22.355126003193263" lon="114.18750449763368"><ele>377.41139117287395</ele><time>2022-09-24T04:06:42Z</time></trkpt><trkpt lat="22.355110231243053" lon="114.18749186944166"><ele>377.99498140773215</ele><time>2022-09-24T04:06:44Z</time></trkpt><trkpt lat="22.355089523147015" lon="114.1874945793547"><ele>379.07661704317286</ele><time>2022-09-24T04:06:48Z</time></trkpt><trkpt lat="22.35506847789835" lon="114.18751114309714"><ele>380.0987591786143</ele><time>2022-09-24T04:06:52Z</time></trkpt><trkpt lat="22.35504725373973" lon="114.18751884107103"><ele>380.7535350170582</ele><time>2022-09-24T04:06:55Z</time></trkpt><trkpt lat="22.355031645616208" lon="114.18753282161"><ele>380.65046742435266</ele><time>2022-09-24T04:06:59Z</time></trkpt><trkpt lat="22.35500717421911" lon="114.18753694084675"><ele>380.806808984825</ele><time>2022-09-24T04:07:02Z</time></trkpt><trkpt lat="22.354985711260177" lon="114.1875328590407"><ele>382.22280604619664</ele><time>2022-09-24T04:07:06Z</time></trkpt><trkpt lat="22.354967543231805" lon="114.18752356735048"><ele>382.6334285028678</ele><time>2022-09-24T04:07:08Z</time></trkpt><trkpt lat="22.354939641933512" lon="114.18751842263707"><ele>382.7508255122656</ele><time>2022-09-24T04:07:11Z</time></trkpt><trkpt lat="22.35492171100473" lon="114.18751633281494"><ele>383.20291378324384</ele><time>2022-09-24T04:07:13Z</time></trkpt><trkpt lat="22.35490059062913" lon="114.187523982114"><ele>384.0910901795975</ele><time>2022-09-24T04:07:17Z</time></trkpt><trkpt lat="22.354881731215432" lon="114.18753775540424"><ele>384.4554315084399</ele><time>2022-09-24T04:07:21Z</time></trkpt><trkpt lat="22.35487352575301" lon="114.18755657560767"><ele>384.432355998627</ele><time>2022-09-24T04:07:23Z</time></trkpt><trkpt lat="22.354865745573132" lon="114.18757702518724"><ele>384.94885207902524</ele><time>2022-09-24T04:07:24Z</time></trkpt><trkpt lat="22.354845807689532" lon="114.18759169538356"><ele>384.6648221957278</ele><time>2022-09-24T04:07:28Z</time></trkpt><trkpt lat="22.354823929311085" lon="114.18759443870401"><ele>384.78703269512505</ele><time>2022-09-24T04:07:31Z</time></trkpt><trkpt lat="22.354805206660668" lon="114.18760949895854"><ele>385.3111670202325</ele><time>2022-09-24T04:07:58Z</time></trkpt><trkpt lat="22.354784459103065" lon="114.18761680616066"><ele>385.8059977774677</ele><time>2022-09-24T04:08:00Z</time></trkpt><trkpt lat="22.354765855998664" lon="114.18761399911426"><ele>389.055026688997</ele><time>2022-09-24T04:08:01Z</time></trkpt><trkpt lat="22.354744896454484" lon="114.18762131199202"><ele>389.1447473587562</ele><time>2022-09-24T04:08:04Z</time></trkpt><trkpt lat="22.35472502217298" lon="114.18762756943971"><ele>389.23748693537794</ele><time>2022-09-24T04:08:08Z</time></trkpt><trkpt lat="22.354703153909316" lon="114.18763054870865"><ele>389.0478511529905</ele><time>2022-09-24T04:08:12Z</time></trkpt><trkpt lat="22.35468517312355" lon="114.18763617112663"><ele>389.31498155662484</ele><time>2022-09-24T04:08:16Z</time></trkpt><trkpt lat="22.354663483957683" lon="114.1876299026253"><ele>390.3349424451163</ele><time>2022-09-24T04:08:22Z</time></trkpt><trkpt lat="22.354640720111338" lon="114.18761939271377"><ele>391.52813088289446</ele><time>2022-09-24T04:08:28Z</time></trkpt><trkpt lat="22.354618250527263" lon="114.18760607049015"><ele>391.4939264741955</ele><time>2022-09-24T04:08:31Z</time></trkpt><trkpt lat="22.35459807294812" lon="114.1875822869932"><ele>391.3204125135478</ele><time>2022-09-24T04:08:34Z</time></trkpt><trkpt lat="22.354585489706064" lon="114.18756738054051"><ele>391.35120828364387</ele><time>2022-09-24T04:08:36Z</time></trkpt><trkpt lat="22.354572880262435" lon="114.18754026359399"><ele>391.95557734532633</ele><time>2022-09-24T04:08:39Z</time></trkpt><trkpt lat="22.354563297673067" lon="114.18751741920939"><ele>392.0928760773745</ele><time>2022-09-24T04:08:42Z</time></trkpt><trkpt lat="22.35455469250199" lon="114.18749197989692"><ele>392.00109866825477</ele><time>2022-09-24T04:08:45Z</time></trkpt><trkpt lat="22.354540986344027" lon="114.18747490264977"><ele>392.13113770695014</ele><time>2022-09-24T04:08:48Z</time></trkpt><trkpt lat="22.354521855222167" lon="114.18746614924522"><ele>392.1788795213773</ele><time>2022-09-24T04:08:52Z</time></trkpt><trkpt lat="22.354503899637283" lon="114.1874554814028"><ele>392.5723027841117</ele><time>2022-09-24T04:08:56Z</time></trkpt><trkpt lat="22.354484234864803" lon="114.18744094521705"><ele>393.5157659689068</ele><time>2022-09-24T04:09:01Z</time></trkpt><trkpt lat="22.354466421657015" lon="114.1874275471061"><ele>393.9456056695953</ele><time>2022-09-24T04:09:04Z</time></trkpt><trkpt lat="22.35445088983102" lon="114.18741157242617"><ele>394.35861586129954</ele><time>2022-09-24T04:09:12Z</time></trkpt><trkpt lat="22.354429187687746" lon="114.18739780887039"><ele>395.9236662680038</ele><time>2022-09-24T04:09:18Z</time></trkpt><trkpt lat="22.354424054404713" lon="114.18737893269119"><ele>397.1825358957016</ele><time>2022-09-24T04:09:24Z</time></trkpt><trkpt lat="22.354393353366838" lon="114.18736533050208"><ele>403.18879783809655</ele><time>2022-09-24T04:09:29Z</time></trkpt><trkpt lat="22.354375319244834" lon="114.18736416885477"><ele>406.2733729879719</ele><time>2022-09-24T04:09:43Z</time></trkpt><trkpt lat="22.354353738394177" lon="114.18737427136928"><ele>406.33762618270987</ele><time>2022-09-24T04:09:47Z</time></trkpt><trkpt lat="22.35433379782594" lon="114.1873641322786"><ele>406.6036584579528</ele><time>2022-09-24T04:09:55Z</time></trkpt><trkpt lat="22.354321796997358" lon="114.18734489658144"><ele>405.7246965439281</ele><time>2022-09-24T04:09:58Z</time></trkpt><trkpt lat="22.35430325481316" lon="114.18733065782665"><ele>405.6541654172551</ele><time>2022-09-24T04:10:12Z</time></trkpt><trkpt lat="22.3542801253161" lon="114.18732078508138"><ele>406.2550939746112</ele><time>2022-09-24T04:10:16Z</time></trkpt><trkpt lat="22.354258384746462" lon="114.18731295558153"><ele>407.58732298029213</ele><time>2022-09-24T04:10:22Z</time></trkpt><trkpt lat="22.35424507383368" lon="114.18733408768645"><ele>408.8569527325941</ele><time>2022-09-24T04:10:26Z</time></trkpt><trkpt lat="22.354225983640625" lon="114.18732819793077"><ele>409.0089560619138</ele><time>2022-09-24T04:10:32Z</time></trkpt><trkpt lat="22.354206907824754" lon="114.18730607578944"><ele>408.87112425446975</ele><time>2022-09-24T04:10:34Z</time></trkpt><trkpt lat="22.35419243752761" lon="114.18728368601397"><ele>408.7138588391399</ele><time>2022-09-24T04:10:37Z</time></trkpt><trkpt lat="22.354174615950548" lon="114.18727504531562"><ele>410.40383006331723</ele><time>2022-09-24T04:11:09Z</time></trkpt><trkpt lat="22.354152379097282" lon="114.18728817464974"><ele>410.0107859939526</ele><time>2022-09-24T04:11:13Z</time></trkpt><trkpt lat="22.354132676479864" lon="114.1872920994313"><ele>410.0893140887326</ele><time>2022-09-24T04:11:15Z</time></trkpt><trkpt lat="22.35411890563285" lon="114.18730767051309"><ele>410.2892730333112</ele><time>2022-09-24T04:11:18Z</time></trkpt><trkpt lat="22.354099936837862" lon="114.18730479872018"><ele>410.6771584992364</ele><time>2022-09-24T04:11:22Z</time></trkpt><trkpt lat="22.354086088869717" lon="114.18728926515843"><ele>410.89915085888475</ele><time>2022-09-24T04:11:29Z</time></trkpt><trkpt lat="22.35406504011184" lon="114.18727691641125"><ele>415.6548508189348</ele><time>2022-09-24T04:11:49Z</time></trkpt><trkpt lat="22.354045832903743" lon="114.18726426409539"><ele>417.37573199953096</ele><time>2022-09-24T04:11:50Z</time></trkpt><trkpt lat="22.35402756622275" lon="114.18726271096915"><ele>417.5420431127696</ele><time>2022-09-24T04:11:52Z</time></trkpt><trkpt lat="22.35401226307283" lon="114.18724920870714"><ele>417.33600977952057</ele><time>2022-09-24T04:11:55Z</time></trkpt><trkpt lat="22.353995879411485" lon="114.18722144979867"><ele>419.2169704126859</ele><time>2022-09-24T04:12:06Z</time></trkpt><trkpt lat="22.353975023706962" lon="114.18719909492697"><ele>421.39254955287464</ele><time>2022-09-24T04:12:19Z</time></trkpt><trkpt lat="22.353956007769423" lon="114.18719201288064"><ele>423.6634881884653</ele><time>2022-09-24T04:12:22Z</time></trkpt><trkpt lat="22.353933597554374" lon="114.18718540977521"><ele>425.92532566056553</ele><time>2022-09-24T04:13:04Z</time></trkpt><trkpt lat="22.353911775108035" lon="114.1871780136581"><ele>426.2862582482581</ele><time>2022-09-24T04:13:06Z</time></trkpt><trkpt lat="22.353901303128975" lon="114.18715759982689"><ele>426.9578871652159</ele><time>2022-09-24T04:13:43Z</time></trkpt><trkpt lat="22.35387719853401" lon="114.18713789315696"><ele>426.7751911908103</ele><time>2022-09-24T04:13:47Z</time></trkpt><trkpt lat="22.35385820311457" lon="114.1871153068347"><ele>426.6748007589269</ele><time>2022-09-24T04:13:49Z</time></trkpt><trkpt lat="22.353843339826426" lon="114.18710093162579"><ele>426.72804026369806</ele><time>2022-09-24T04:13:51Z</time></trkpt><trkpt lat="22.353822905262824" lon="114.18709093665905"><ele>426.7428757786604</ele><time>2022-09-24T04:13:56Z</time></trkpt><trkpt lat="22.353797023629543" lon="114.1870868461116"><ele>427.3732760494138</ele><time>2022-09-24T04:14:07Z</time></trkpt><trkpt lat="22.353777215010144" lon="114.18707837995042"><ele>427.7010953725488</ele><time>2022-09-24T04:14:12Z</time></trkpt><trkpt lat="22.353763710686273" lon="114.18706455165105"><ele>428.3072367487216</ele><time>2022-09-24T04:14:15Z</time></trkpt><trkpt lat="22.3537505322223" lon="114.18704462816379"><ele>434.7734649048614</ele><time>2022-09-24T04:14:24Z</time></trkpt><trkpt lat="22.353738217091806" lon="114.18702920531787"><ele>437.60259305466326</ele><time>2022-09-24T04:14:26Z</time></trkpt><trkpt lat="22.3537116117809" lon="114.18704234206912"><ele>437.75528401432194</ele><time>2022-09-24T04:14:28Z</time></trkpt><trkpt lat="22.35369525305166" lon="114.18705508918795"><ele>437.77769970337766</ele><time>2022-09-24T04:14:31Z</time></trkpt><trkpt lat="22.353671716569004" lon="114.18707726182247"><ele>439.1470567171737</ele><time>2022-09-24T04:15:21Z</time></trkpt><trkpt lat="22.353656783754953" lon="114.18709280430221"><ele>439.6275372539229</ele><time>2022-09-24T04:16:16Z</time></trkpt><trkpt lat="22.353613128757825" lon="114.18706060855536"><ele>442.77765940009743</ele><time>2022-09-24T04:16:48Z</time></trkpt><trkpt lat="22.353592935088606" lon="114.18705626033086"><ele>443.58217911231264</ele><time>2022-09-24T04:17:00Z</time></trkpt><trkpt lat="22.35357270077494" lon="114.18705228713372"><ele>444.4720759578914</ele><time>2022-09-24T04:17:07Z</time></trkpt><trkpt lat="22.353580147273444" lon="114.18702854194673"><ele>448.5586730577208</ele><time>2022-09-24T04:17:26Z</time></trkpt><trkpt lat="22.35354452369002" lon="114.18701665793816"><ele>450.0092729232662</ele><time>2022-09-24T04:17:34Z</time></trkpt><trkpt lat="22.35352710523554" lon="114.18701159646923"><ele>451.12409877358294</ele><time>2022-09-24T04:17:38Z</time></trkpt><trkpt lat="22.353505727908285" lon="114.18701193095411"><ele>455.0040677300772</ele><time>2022-09-24T04:17:46Z</time></trkpt><trkpt lat="22.353487194191263" lon="114.18700879372359"><ele>454.93223985186074</ele><time>2022-09-24T04:17:55Z</time></trkpt><trkpt lat="22.353469313773836" lon="114.18699352027721"><ele>454.1480187755689</ele><time>2022-09-24T04:18:03Z</time></trkpt><trkpt lat="22.353451268859402" lon="114.18698488859934"><ele>454.5807867112729</ele><time>2022-09-24T04:18:05Z</time></trkpt><trkpt lat="22.35342992047634" lon="114.18698386435996"><ele>459.3122746848678</ele><time>2022-09-24T04:18:40Z</time></trkpt><trkpt lat="22.353411573154563" lon="114.18698088409023"><ele>459.7753907201538</ele><time>2022-09-24T04:19:04Z</time></trkpt><trkpt lat="22.353389892224065" lon="114.18696373075214"><ele>463.0732869624792</ele><time>2022-09-24T04:19:06Z</time></trkpt><trkpt lat="22.353371213782246" lon="114.1869674869899"><ele>464.3450002362991</ele><time>2022-09-24T04:19:10Z</time></trkpt><trkpt lat="22.353352432455114" lon="114.1869807094315"><ele>464.8836640440613</ele><time>2022-09-24T04:19:15Z</time></trkpt><trkpt lat="22.353338005670278" lon="114.18696547277912"><ele>465.0931880359139</ele><time>2022-09-24T04:19:22Z</time></trkpt><trkpt lat="22.353326814733396" lon="114.18694637999857"><ele>458.24833464017155</ele><time>2022-09-24T04:19:39Z</time></trkpt><trkpt lat="22.35330951849055" lon="114.18695733704396"><ele>457.4190283547639</ele><time>2022-09-24T04:19:44Z</time></trkpt><trkpt lat="22.3532881360782" lon="114.18696785012126"><ele>458.7871004022725</ele><time>2022-09-24T04:19:48Z</time></trkpt><trkpt lat="22.353277175334867" lon="114.18694857200751"><ele>460.0168969038528</ele><time>2022-09-24T04:19:50Z</time></trkpt><trkpt lat="22.353258412823745" lon="114.18695074038743"><ele>466.93102828635233</ele><time>2022-09-24T04:20:02Z</time></trkpt><trkpt lat="22.353237421450025" lon="114.18695150152996"><ele>467.4776038234973</ele><time>2022-09-24T04:20:08Z</time></trkpt><trkpt lat="22.353236171773577" lon="114.18697133400313"><ele>469.0685703136998</ele><time>2022-09-24T04:20:54Z</time></trkpt><trkpt lat="22.353213103854568" lon="114.18696905914149"><ele>472.39065534789705</ele><time>2022-09-24T04:21:13Z</time></trkpt><trkpt lat="22.353187212422284" lon="114.18695483348327"><ele>473.281943671498</ele><time>2022-09-24T04:21:15Z</time></trkpt><trkpt lat="22.353169858520626" lon="114.18697695485052"><ele>478.31765678167835</ele><time>2022-09-24T04:21:16Z</time></trkpt><trkpt lat="22.35315055507158" lon="114.18697769892374"><ele>478.53863372199055</ele><time>2022-09-24T04:21:18Z</time></trkpt><trkpt lat="22.353130253132587" lon="114.18697798183015"><ele>478.93003531982004</ele><time>2022-09-24T04:21:22Z</time></trkpt><trkpt lat="22.35311161958139" lon="114.18697107224538"><ele>480.2449808478587</ele><time>2022-09-24T04:21:33Z</time></trkpt><trkpt lat="22.353093748510133" lon="114.18695660121801"><ele>480.5578680043253</ele><time>2022-09-24T04:21:35Z</time></trkpt><trkpt lat="22.353072675164736" lon="114.18695206443948"><ele>480.8000087293793</ele><time>2022-09-24T04:21:37Z</time></trkpt><trkpt lat="22.353041515658212" lon="114.1869408841196"><ele>480.98288410844015</ele><time>2022-09-24T04:21:39Z</time></trkpt><trkpt lat="22.353019593880845" lon="114.1869365279593"><ele>481.47772652376153</ele><time>2022-09-24T04:21:41Z</time></trkpt><trkpt lat="22.352999346427175" lon="114.18693832982372"><ele>482.3872897628805</ele><time>2022-09-24T04:21:44Z</time></trkpt><trkpt lat="22.352976754920935" lon="114.18693604718698"><ele>482.7238038775616</ele><time>2022-09-24T04:21:47Z</time></trkpt><trkpt lat="22.352953178790003" lon="114.18692183641735"><ele>482.90636947840954</ele><time>2022-09-24T04:21:50Z</time></trkpt><trkpt lat="22.35293334773266" lon="114.18691820782755"><ele>482.6357710277406</ele><time>2022-09-24T04:21:53Z</time></trkpt><trkpt lat="22.35293951281142" lon="114.18694269753476"><ele>483.7281168862413</ele><time>2022-09-24T04:22:38Z</time></trkpt><trkpt lat="22.35295304827063" lon="114.18696204396564"><ele>483.8548258306033</ele><time>2022-09-24T04:22:41Z</time></trkpt><trkpt lat="22.352962298219854" lon="114.18698263549373"><ele>483.9852015894004</ele><time>2022-09-24T04:22:44Z</time></trkpt><trkpt lat="22.352965591342027" lon="114.18700656746374"><ele>484.3522327489492</ele><time>2022-09-24T04:22:47Z</time></trkpt><trkpt lat="22.352970278655462" lon="114.18702736563588"><ele>484.3975627110446</ele><time>2022-09-24T04:22:49Z</time></trkpt><trkpt lat="22.352981735504915" lon="114.18704836240973"><ele>484.46238915342707</ele><time>2022-09-24T04:22:52Z</time></trkpt><trkpt lat="22.35299317326383" lon="114.18706850791486"><ele>485.30185826536297</ele><time>2022-09-24T04:22:55Z</time></trkpt><trkpt lat="22.352997758731874" lon="114.18709059917536"><ele>485.8478701933867</ele><time>2022-09-24T04:22:57Z</time></trkpt><trkpt lat="22.3529963894474" lon="114.18711497212242"><ele>486.2317974136776</ele><time>2022-09-24T04:22:59Z</time></trkpt><trkpt lat="22.35298783814593" lon="114.18713603045562"><ele>488.7009488883935</ele><time>2022-09-24T04:23:21Z</time></trkpt><trkpt lat="22.35299031307874" lon="114.18715709050325"><ele>488.6371948910285</ele><time>2022-09-24T04:23:24Z</time></trkpt><trkpt lat="22.3529810249666" lon="114.18713561453266"><ele>490.8341868116237</ele><time>2022-09-24T04:24:28Z</time></trkpt><trkpt lat="22.352999918571268" lon="114.18714672678271"><ele>492.08491236995906</ele><time>2022-09-24T04:26:27Z</time></trkpt><trkpt lat="22.353012729877747" lon="114.18716505503308"><ele>492.4569619614631</ele><time>2022-09-24T04:26:32Z</time></trkpt><trkpt lat="22.353024767102518" lon="114.1871472755577"><ele>492.167000528425</ele><time>2022-09-24T04:26:45Z</time></trkpt><trkpt lat="22.353003333588717" lon="114.18713424848296"><ele>492.4185001831502</ele><time>2022-09-24T04:26:57Z</time></trkpt><trkpt lat="22.353016993361607" lon="114.1871515266369"><ele>492.4185001831502</ele><time>2022-09-24T04:27:37Z</time></trkpt><trkpt lat="22.353003396767242" lon="114.18716534377127"><ele>492.4185001831502</ele><time>2022-09-24T04:27:58Z</time></trkpt><trkpt lat="22.35301156311767" lon="114.18714207770145"><ele>491.7767501207409</ele><time>2022-09-24T04:31:19Z</time></trkpt><trkpt lat="22.353005182991904" lon="114.18712094170107"><ele>491.3221600629969</ele><time>2022-09-24T04:31:22Z</time></trkpt><trkpt lat="22.35299769016587" lon="114.1871389848619"><ele>490.5368978489068</ele><time>2022-09-24T04:31:44Z</time></trkpt><trkpt lat="22.35301405344161" lon="114.18714751801518"><ele>490.03898848134963</ele><time>2022-09-24T04:32:15Z</time></trkpt><trkpt lat="22.35301980406035" lon="114.18712781922267"><ele>490.07307436181844</ele><time>2022-09-24T04:32:17Z</time></trkpt><trkpt lat="22.353003947025986" lon="114.18714761354335"><ele>490.0859432796146</ele><time>2022-09-24T04:32:31Z</time></trkpt><trkpt lat="22.353018223979582" lon="114.18713166257609"><ele>489.64314809309553</ele><time>2022-09-24T04:32:53Z</time></trkpt><trkpt lat="22.352997444612193" lon="114.18713577554014"><ele>488.58480776918674</ele><time>2022-09-24T04:33:25Z</time></trkpt><trkpt lat="22.353004924032092" lon="114.18711434965388"><ele>492.2056423686445</ele><time>2022-09-24T04:37:25Z</time></trkpt><trkpt lat="22.352993724242218" lon="114.18709176318963"><ele>492.1531747216359</ele><time>2022-09-24T04:37:28Z</time></trkpt><trkpt lat="22.35298218373622" lon="114.18707271936819"><ele>491.6992820808664</ele><time>2022-09-24T04:37:32Z</time></trkpt><trkpt lat="22.35297398715141" lon="114.18705474931338"><ele>491.8294240590185</ele><time>2022-09-24T04:37:35Z</time></trkpt><trkpt lat="22.352986873986524" lon="114.18703633085444"><ele>491.47147158067673</ele><time>2022-09-24T04:37:38Z</time></trkpt><trkpt lat="22.352989016279974" lon="114.18701639458247"><ele>490.6251613581553</ele><time>2022-09-24T04:37:41Z</time></trkpt><trkpt lat="22.35296930667991" lon="114.18700982455321"><ele>489.5610229484737</ele><time>2022-09-24T04:37:45Z</time></trkpt><trkpt lat="22.352957046021398" lon="114.18699552033438"><ele>489.0972013898166</ele><time>2022-09-24T04:37:48Z</time></trkpt><trkpt lat="22.352947221192654" lon="114.18697896243003"><ele>487.87408967160854</ele><time>2022-09-24T04:37:51Z</time></trkpt><trkpt lat="22.35293591783939" lon="114.18695886243412"><ele>487.10012969149585</ele><time>2022-09-24T04:37:53Z</time></trkpt><trkpt lat="22.35291885191695" lon="114.18693382824493"><ele>487.11240729042265</ele><time>2022-09-24T04:37:56Z</time></trkpt><trkpt lat="22.35293406088621" lon="114.186919113218"><ele>487.3067256667403</ele><time>2022-09-24T04:38:01Z</time></trkpt><trkpt lat="22.35292640346923" lon="114.18690107330237"><ele>487.5000796952919</ele><time>2022-09-24T04:38:07Z</time></trkpt><trkpt lat="22.352919799805278" lon="114.1868734817764"><ele>487.55179072773535</ele><time>2022-09-24T04:38:12Z</time></trkpt><trkpt lat="22.35290283214187" lon="114.18685305138497"><ele>487.9306716719524</ele><time>2022-09-24T04:38:14Z</time></trkpt><trkpt lat="22.352886814037113" lon="114.18684199351657"><ele>487.765159965904</ele><time>2022-09-24T04:38:17Z</time></trkpt><trkpt lat="22.35286945462075" lon="114.18682215320479"><ele>487.117897381395</ele><time>2022-09-24T04:38:21Z</time></trkpt><trkpt lat="22.352874547958457" lon="114.18680305215355"><ele>486.94464315768806</ele><time>2022-09-24T04:38:59Z</time></trkpt><trkpt lat="22.352874702243337" lon="114.18678255903887"><ele>486.82949311169125</ele><time>2022-09-24T04:39:01Z</time></trkpt><trkpt lat="22.35285785345156" lon="114.18676169631078"><ele>486.2278596804718</ele><time>2022-09-24T04:39:05Z</time></trkpt><trkpt lat="22.35284277847668" lon="114.1867476613964"><ele>485.88571173697886</ele><time>2022-09-24T04:39:08Z</time></trkpt><trkpt lat="22.35282398926138" lon="114.18674289134567"><ele>485.25036030985837</ele><time>2022-09-24T04:39:11Z</time></trkpt><trkpt lat="22.35282227937518" lon="114.18671543516369"><ele>484.07953770427713</ele><time>2022-09-24T04:39:15Z</time></trkpt><trkpt lat="22.352817390540455" lon="114.18669451134922"><ele>483.5566272106542</ele><time>2022-09-24T04:39:17Z</time></trkpt><trkpt lat="22.35281492522422" lon="114.18667095279359"><ele>483.3641583840851</ele><time>2022-09-24T04:39:19Z</time></trkpt><trkpt lat="22.352812472449095" lon="114.18664637330974"><ele>483.5780393638807</ele><time>2022-09-24T04:39:21Z</time></trkpt><trkpt lat="22.352812120565524" lon="114.18662579999572"><ele>483.6062523288482</ele><time>2022-09-24T04:39:23Z</time></trkpt><trkpt lat="22.352800327793005" lon="114.1866100512751"><ele>483.42435142021003</ele><time>2022-09-24T04:39:27Z</time></trkpt><trkpt lat="22.352804269916717" lon="114.18658797014648"><ele>482.92657201996315</ele><time>2022-09-24T04:39:32Z</time></trkpt><trkpt lat="22.352785194099127" lon="114.18656999157457"><ele>483.7589313870308</ele><time>2022-09-24T04:39:37Z</time></trkpt><trkpt lat="22.352774014556793" lon="114.18655445535367"><ele>484.02512827295055</ele><time>2022-09-24T04:39:41Z</time></trkpt><trkpt lat="22.352764418080014" lon="114.1865369786265"><ele>483.8914509332778</ele><time>2022-09-24T04:39:48Z</time></trkpt><trkpt lat="22.352747317708527" lon="114.18652341259245"><ele>483.7947045271858</ele><time>2022-09-24T04:39:50Z</time></trkpt><trkpt lat="22.352728247500753" lon="114.18651273848401"><ele>483.0625393257697</ele><time>2022-09-24T04:39:54Z</time></trkpt><trkpt lat="22.352719544546254" lon="114.18649225613608"><ele>482.31263559298225</ele><time>2022-09-24T04:39:57Z</time></trkpt><trkpt lat="22.352699428983172" lon="114.18648248563052"><ele>482.1774233065545</ele><time>2022-09-24T04:40:29Z</time></trkpt><trkpt lat="22.352664837082997" lon="114.18647573327638"><ele>485.99075003902266</ele><time>2022-09-24T04:40:37Z</time></trkpt><trkpt lat="22.352681128708806" lon="114.18645961907174"><ele>483.5429905833435</ele><time>2022-09-24T04:42:20Z</time></trkpt><trkpt lat="22.352695059156176" lon="114.18644244804179"><ele>482.03204384355763</ele><time>2022-09-24T04:43:07Z</time></trkpt><trkpt lat="22.35269832805841" lon="114.18642060441701"><ele>481.2851556269997</ele><time>2022-09-24T04:44:00Z</time></trkpt><trkpt lat="22.35270051060723" lon="114.18639914439706"><ele>480.4775377736958</ele><time>2022-09-24T04:44:03Z</time></trkpt><trkpt lat="22.352680317631144" lon="114.18635998153559"><ele>477.58974355517626</ele><time>2022-09-24T04:44:12Z</time></trkpt><trkpt lat="22.352679632771164" lon="114.18632383400654"><ele>475.24686234697543</ele><time>2022-09-24T04:44:14Z</time></trkpt><trkpt lat="22.35268102386217" lon="114.18629588681179"><ele>470.43488337605794</ele><time>2022-09-24T04:44:30Z</time></trkpt><trkpt lat="22.352679576782855" lon="114.1862726435008"><ele>470.51887914249863</ele><time>2022-09-24T04:44:33Z</time></trkpt><trkpt lat="22.3526768474387" lon="114.18624384563425"><ele>470.4728958802443</ele><time>2022-09-24T04:44:38Z</time></trkpt><trkpt lat="22.352669200458212" lon="114.18622196174444"><ele>470.4111921120958</ele><time>2022-09-24T04:44:40Z</time></trkpt><trkpt lat="22.35265701560425" lon="114.18619566012536"><ele>469.91899520494496</ele><time>2022-09-24T04:44:42Z</time></trkpt><trkpt lat="22.35264012275579" lon="114.1861677808114"><ele>469.46560688550005</ele><time>2022-09-24T04:44:43Z</time></trkpt><trkpt lat="22.35263294292127" lon="114.18614853028384"><ele>468.5946585142055</ele><time>2022-09-24T04:44:44Z</time></trkpt><trkpt lat="22.352626177517095" lon="114.18612586205663"><ele>467.9691614316588</ele><time>2022-09-24T04:44:50Z</time></trkpt><trkpt lat="22.352617829438117" lon="114.1861036823704"><ele>467.38855773451417</ele><time>2022-09-24T04:44:57Z</time></trkpt><trkpt lat="22.352604069170397" lon="114.18607736091846"><ele>467.7866722785123</ele><time>2022-09-24T04:45:05Z</time></trkpt><trkpt lat="22.352579115071045" lon="114.18608633267449"><ele>469.15956105454427</ele><time>2022-09-24T04:45:51Z</time></trkpt><trkpt lat="22.352553341908827" lon="114.18608813497583"><ele>473.07995934710374</ele><time>2022-09-24T04:46:27Z</time></trkpt><trkpt lat="22.35253339511434" lon="114.1860779518832"><ele>473.4744611626574</ele><time>2022-09-24T04:46:29Z</time></trkpt><trkpt lat="22.352515044422095" lon="114.1860546502879"><ele>473.29508532492935</ele><time>2022-09-24T04:46:31Z</time></trkpt><trkpt lat="22.352496712627673" lon="114.18602544129385"><ele>473.37925558927657</ele><time>2022-09-24T04:46:33Z</time></trkpt><trkpt lat="22.352488139107166" lon="114.18600334574892"><ele>473.57389299331044</ele><time>2022-09-24T04:46:35Z</time></trkpt><trkpt lat="22.352473400853995" lon="114.18598505387891"><ele>474.6818603729215</ele><time>2022-09-24T04:46:51Z</time></trkpt><trkpt lat="22.35246576706949" lon="114.18595287988883"><ele>475.58947736023094</ele><time>2022-09-24T04:46:58Z</time></trkpt><trkpt lat="22.352455856382342" lon="114.1859334726905"><ele>476.29849361365063</ele><time>2022-09-24T04:47:03Z</time></trkpt><trkpt lat="22.35244646781483" lon="114.18591566968645"><ele>476.4976649386745</ele><time>2022-09-24T04:47:04Z</time></trkpt><trkpt lat="22.3524348349328" lon="114.18589734680202"><ele>476.673180397983</ele><time>2022-09-24T04:47:05Z</time></trkpt><trkpt lat="22.35241269937098" lon="114.18587118491772"><ele>477.1704904924761</ele><time>2022-09-24T04:47:07Z</time></trkpt><trkpt lat="22.35238995199282" lon="114.1858527272646"><ele>477.8015822901509</ele><time>2022-09-24T04:47:09Z</time></trkpt><trkpt lat="22.352369766773105" lon="114.18583565185465"><ele>478.0992541623529</ele><time>2022-09-24T04:47:11Z</time></trkpt><trkpt lat="22.35234711273446" lon="114.18581557522552"><ele>478.41071525200834</ele><time>2022-09-24T04:47:13Z</time></trkpt><trkpt lat="22.352332139691207" lon="114.1857965467012"><ele>478.5239587050915</ele><time>2022-09-24T04:47:15Z</time></trkpt><trkpt lat="22.35231632760612" lon="114.1857867988644"><ele>478.75992786926497</ele><time>2022-09-24T04:47:17Z</time></trkpt><trkpt lat="22.35230331386383" lon="114.18577225717021"><ele>478.93319985608724</ele><time>2022-09-24T04:47:19Z</time></trkpt><trkpt lat="22.352286881331416" lon="114.18575506899658"><ele>479.4900893047549</ele><time>2022-09-24T04:47:22Z</time></trkpt><trkpt lat="22.3522882836418" lon="114.1857338764858"><ele>479.82526716343733</ele><time>2022-09-24T04:47:25Z</time></trkpt><trkpt lat="22.352296236289472" lon="114.18571637555789"><ele>480.5426386356767</ele><time>2022-09-24T04:47:28Z</time></trkpt><trkpt lat="22.35230086897367" lon="114.1856963488557"><ele>481.0714245177789</ele><time>2022-09-24T04:47:31Z</time></trkpt><trkpt lat="22.352294508939526" lon="114.18567117141485"><ele>480.79193621047784</ele><time>2022-09-24T04:47:33Z</time></trkpt><trkpt lat="22.35228212196663" lon="114.18564931181707"><ele>480.6839448788747</ele><time>2022-09-24T04:47:35Z</time></trkpt><trkpt lat="22.35227353043773" lon="114.18562189445993"><ele>480.4425672366144</ele><time>2022-09-24T04:47:38Z</time></trkpt><trkpt lat="22.35227415364247" lon="114.18559564902888"><ele>480.47050564559106</ele><time>2022-09-24T04:47:41Z</time></trkpt><trkpt lat="22.352278726847008" lon="114.18557522415881"><ele>480.5601093925145</ele><time>2022-09-24T04:47:43Z</time></trkpt><trkpt lat="22.352285051369204" lon="114.18555353540968"><ele>480.66136185682524</ele><time>2022-09-24T04:47:45Z</time></trkpt><trkpt lat="22.352287172034963" lon="114.18553171508401"><ele>480.9286918197222</ele><time>2022-09-24T04:47:47Z</time></trkpt><trkpt lat="22.352289062742525" lon="114.18550720434293"><ele>481.20998485200045</ele><time>2022-09-24T04:47:50Z</time></trkpt><trkpt lat="22.35228038366485" lon="114.18548588739554"><ele>481.9103785150735</ele><time>2022-09-24T04:47:59Z</time></trkpt><trkpt lat="22.352285839147417" lon="114.18546624940447"><ele>482.45305612802986</ele><time>2022-09-24T04:48:02Z</time></trkpt><trkpt lat="22.352284867323405" lon="114.18544256488236"><ele>482.1203201898436</ele><time>2022-09-24T04:48:08Z</time></trkpt><trkpt lat="22.352267333158988" lon="114.18543016450965"><ele>482.41476014645866</ele><time>2022-09-24T04:48:17Z</time></trkpt><trkpt lat="22.352262820623157" lon="114.18540591356482"><ele>483.00932741475634</ele><time>2022-09-24T04:48:21Z</time></trkpt><trkpt lat="22.352249274786622" lon="114.18539049255808"><ele>483.9906047141449</ele><time>2022-09-24T04:48:55Z</time></trkpt><trkpt lat="22.352228657096607" lon="114.18538985168414"><ele>484.3415239307464</ele><time>2022-09-24T04:49:00Z</time></trkpt><trkpt lat="22.35224883028351" lon="114.18539339319307"><ele>486.1786020933693</ele><time>2022-09-24T04:50:06Z</time></trkpt><trkpt lat="22.352266008740177" lon="114.18538548239447"><ele>485.93992988903375</ele><time>2022-09-24T04:50:56Z</time></trkpt><trkpt lat="22.35225030107255" lon="114.18539706149676"><ele>486.5737745082006</ele><time>2022-09-24T04:55:24Z</time></trkpt><trkpt lat="22.35223628464505" lon="114.18540939426039"><ele>486.79680728912354</ele><time>2022-09-24T04:55:30Z</time></trkpt><trkpt lat="22.35223063699152" lon="114.18538583653807"><ele>486.78326102904975</ele><time>2022-09-24T04:57:57Z</time></trkpt><trkpt lat="22.352252705313358" lon="114.18539187683278"><ele>487.01789059396833</ele><time>2022-09-24T04:59:49Z</time></trkpt><trkpt lat="22.352274765583743" lon="114.18538163000413"><ele>486.6616742890328</ele><time>2022-09-24T04:59:53Z</time></trkpt><trkpt lat="22.352259534763427" lon="114.18539959995566"><ele>487.3415032243356</ele><time>2022-09-24T05:00:38Z</time></trkpt><trkpt lat="22.352244203325164" lon="114.1853880705726"><ele>487.4872781224549</ele><time>2022-09-24T05:01:13Z</time></trkpt><trkpt lat="22.352242277224924" lon="114.18536689330682"><ele>487.38956491835415</ele><time>2022-09-24T05:01:17Z</time></trkpt><trkpt lat="22.352241096862087" lon="114.18534712833343"><ele>487.3988847974688</ele><time>2022-09-24T05:01:22Z</time></trkpt><trkpt lat="22.35223619071075" lon="114.18532747504474"><ele>486.8017656216398</ele><time>2022-09-24T05:01:24Z</time></trkpt><trkpt lat="22.35224247480926" lon="114.18530588752583"><ele>486.8732341984287</ele><time>2022-09-24T05:01:30Z</time></trkpt><trkpt lat="22.352250201660254" lon="114.1852847965266"><ele>486.50896550435573</ele><time>2022-09-24T05:01:48Z</time></trkpt><trkpt lat="22.352248235280626" lon="114.18525309684262"><ele>485.38378687016666</ele><time>2022-09-24T05:01:59Z</time></trkpt><trkpt lat="22.352242678878984" lon="114.18522529973383"><ele>484.84525573719293</ele><time>2022-09-24T05:02:01Z</time></trkpt><trkpt lat="22.352235356155045" lon="114.18520482528427"><ele>485.24987874175696</ele><time>2022-09-24T05:02:04Z</time></trkpt><trkpt lat="22.35224774449205" lon="114.185187970568"><ele>483.29602317727455</ele><time>2022-09-24T05:02:18Z</time></trkpt><trkpt lat="22.35225618531832" lon="114.18516505723291"><ele>482.4705278734669</ele><time>2022-09-24T05:02:25Z</time></trkpt><trkpt lat="22.352264147951807" lon="114.18514431844855"><ele>482.00972504338256</ele><time>2022-09-24T05:02:28Z</time></trkpt><trkpt lat="22.352259545371563" lon="114.18512377273376"><ele>481.957180189728</ele><time>2022-09-24T05:02:31Z</time></trkpt><trkpt lat="22.352276675597217" lon="114.18510801555982"><ele>481.12365019145375</ele><time>2022-09-24T05:02:40Z</time></trkpt><trkpt lat="22.35228633767341" lon="114.18509069929053"><ele>479.8646391824066</ele><time>2022-09-24T05:02:43Z</time></trkpt><trkpt lat="22.35228607473407" lon="114.18507018290491"><ele>479.0646393698435</ele><time>2022-09-24T05:02:46Z</time></trkpt><trkpt lat="22.352306196108355" lon="114.18503468383132"><ele>476.6638663304213</ele><time>2022-09-24T05:02:56Z</time></trkpt><trkpt lat="22.352310677927505" lon="114.18499708487956"><ele>476.32826608922056</ele><time>2022-09-24T05:02:58Z</time></trkpt><trkpt lat="22.35231150971883" lon="114.18497112157068"><ele>476.19943683596387</ele><time>2022-09-24T05:03:00Z</time></trkpt><trkpt lat="22.352335022596304" lon="114.18497228550002"><ele>475.124774157174</ele><time>2022-09-24T05:04:11Z</time></trkpt><trkpt lat="22.352364390605477" lon="114.18495500889414"><ele>473.39363789376347</ele><time>2022-09-24T05:04:34Z</time></trkpt><trkpt lat="22.35239269180009" lon="114.18494879021301"><ele>472.0722957598465</ele><time>2022-09-24T05:04:35Z</time></trkpt><trkpt lat="22.35242756619124" lon="114.18492820843815"><ele>470.3891078831993</ele><time>2022-09-24T05:04:41Z</time></trkpt><trkpt lat="22.35243588450439" lon="114.18491088540641"><ele>470.27560781651323</ele><time>2022-09-24T05:04:45Z</time></trkpt><trkpt lat="22.35243714952568" lon="114.18488591851751"><ele>469.9322956113429</ele><time>2022-09-24T05:04:48Z</time></trkpt><trkpt lat="22.352430284934183" lon="114.18486190112948"><ele>469.54782530287446</ele><time>2022-09-24T05:04:50Z</time></trkpt><trkpt lat="22.352422777290833" lon="114.18484364217252"><ele>469.2636617811548</ele><time>2022-09-24T05:04:51Z</time></trkpt><trkpt lat="22.3524302102215" lon="114.18481811078016"><ele>468.6168461713908</ele><time>2022-09-24T05:05:08Z</time></trkpt><trkpt lat="22.35243395567176" lon="114.1847714017869"><ele>466.8020327525047</ele><time>2022-09-24T05:05:18Z</time></trkpt><trkpt lat="22.3524279975009" lon="114.18475189638369"><ele>467.0553573735598</ele><time>2022-09-24T05:05:21Z</time></trkpt><trkpt lat="22.352433686590402" lon="114.18472615539831"><ele>466.0517546158344</ele><time>2022-09-24T05:05:33Z</time></trkpt><trkpt lat="22.352441513010387" lon="114.18469747396405"><ele>465.4189429957048</ele><time>2022-09-24T05:05:35Z</time></trkpt><trkpt lat="22.352446273803157" lon="114.18467822974245"><ele>465.18337071627786</ele><time>2022-09-24T05:05:36Z</time></trkpt><trkpt lat="22.35245124235929" lon="114.18465382632154"><ele>464.7658115229211</ele><time>2022-09-24T05:05:38Z</time></trkpt><trkpt lat="22.352459708519817" lon="114.18463295551733"><ele>463.9661941626373</ele><time>2022-09-24T05:05:41Z</time></trkpt><trkpt lat="22.352470846683126" lon="114.18461546426167"><ele>461.736399336262</ele><time>2022-09-24T05:05:42Z</time></trkpt><trkpt lat="22.35248064737336" lon="114.18459385204663"><ele>460.90480852142736</ele><time>2022-09-24T05:05:46Z</time></trkpt><trkpt lat="22.352484808789498" lon="114.18456456023587"><ele>458.48904986539145</ele><time>2022-09-24T05:05:52Z</time></trkpt><trkpt lat="22.352502816440946" lon="114.18456300885369"><ele>457.7089023907139</ele><time>2022-09-24T05:05:56Z</time></trkpt><trkpt lat="22.352517927538646" lon="114.18457410612177"><ele>456.51255429787244</ele><time>2022-09-24T05:06:02Z</time></trkpt><trkpt lat="22.352536809409166" lon="114.18457135542319"><ele>455.67677617895316</ele><time>2022-09-24T05:06:25Z</time></trkpt><trkpt lat="22.352571035838" lon="114.1845292056092"><ele>452.58356126132213</ele><time>2022-09-24T05:06:30Z</time></trkpt><trkpt lat="22.35258841968439" lon="114.18451452398642"><ele>452.18846810487935</ele><time>2022-09-24T05:06:34Z</time></trkpt><trkpt lat="22.352613267969012" lon="114.18449468191548"><ele>451.9699142904884</ele><time>2022-09-24T05:06:37Z</time></trkpt><trkpt lat="22.352617334847174" lon="114.1844736588911"><ele>451.60428065244366</ele><time>2022-09-24T05:06:39Z</time></trkpt><trkpt lat="22.35261990902908" lon="114.18445278516378"><ele>451.2056305182454</ele><time>2022-09-24T05:06:51Z</time></trkpt><trkpt lat="22.352619908259012" lon="114.18442774028166"><ele>450.9415402105762</ele><time>2022-09-24T05:06:54Z</time></trkpt><trkpt lat="22.35262054856745" lon="114.18440598282758"><ele>450.1240151146104</ele><time>2022-09-24T05:06:57Z</time></trkpt><trkpt lat="22.35263063875637" lon="114.1843825859853"><ele>449.69809617803224</ele><time>2022-09-24T05:07:00Z</time></trkpt><trkpt lat="22.352630465011394" lon="114.18435935644725"><ele>449.06927962742117</ele><time>2022-09-24T05:07:03Z</time></trkpt><trkpt lat="22.352622123608594" lon="114.1843400521164"><ele>448.7691573928659</ele><time>2022-09-24T05:07:07Z</time></trkpt><trkpt lat="22.352620320773553" lon="114.18431530376357"><ele>447.4120237310951</ele><time>2022-09-24T05:07:12Z</time></trkpt><trkpt lat="22.352631541780443" lon="114.18429912089249"><ele>447.9011108418457</ele><time>2022-09-24T05:07:16Z</time></trkpt><trkpt lat="22.352646550555274" lon="114.18428789533036"><ele>447.55732843466103</ele><time>2022-09-24T05:07:40Z</time></trkpt><trkpt lat="22.35268131474113" lon="114.18427476953096"><ele>448.5986121315509</ele><time>2022-09-24T05:08:02Z</time></trkpt><trkpt lat="22.352681702350086" lon="114.18425418065982"><ele>448.61420519995147</ele><time>2022-09-24T05:08:30Z</time></trkpt><trkpt lat="22.352679172780398" lon="114.18421565072988"><ele>448.345941816764</ele><time>2022-09-24T05:08:32Z</time></trkpt><trkpt lat="22.352680669056227" lon="114.18419012616272"><ele>448.0794856625076</ele><time>2022-09-24T05:08:34Z</time></trkpt><trkpt lat="22.352690577892425" lon="114.18416833808055"><ele>448.183671717629</ele><time>2022-09-24T05:08:35Z</time></trkpt><trkpt lat="22.352697130005264" lon="114.18414142944876"><ele>448.18098053732894</ele><time>2022-09-24T05:08:37Z</time></trkpt><trkpt lat="22.352681577452437" lon="114.1841227488032"><ele>448.3878191663667</ele><time>2022-09-24T05:09:06Z</time></trkpt><trkpt lat="22.35266075171234" lon="114.18411539824459"><ele>447.88521830538747</ele><time>2022-09-24T05:09:10Z</time></trkpt><trkpt lat="22.352644297328098" lon="114.18409410178946"><ele>446.6682037668864</ele><time>2022-09-24T05:09:28Z</time></trkpt><trkpt lat="22.352627546310732" lon="114.18407699735353"><ele>447.1211142985167</ele><time>2022-09-24T05:09:32Z</time></trkpt><trkpt lat="22.352610783750606" lon="114.18406255914044"><ele>448.3360659713536</ele><time>2022-09-24T05:09:38Z</time></trkpt><trkpt lat="22.352600788022794" lon="114.18404377613565"><ele>445.64817120443547</ele><time>2022-09-24T05:09:46Z</time></trkpt><trkpt lat="22.352606187383856" lon="114.18402276452113"><ele>441.1044024645451</ele><time>2022-09-24T05:10:13Z</time></trkpt><trkpt lat="22.352597943805797" lon="114.18400154018502"><ele>438.7423866765695</ele><time>2022-09-24T05:10:39Z</time></trkpt><trkpt lat="22.352588839816253" lon="114.18397032223398"><ele>436.0714018068134</ele><time>2022-09-24T05:10:41Z</time></trkpt><trkpt lat="22.35257800676971" lon="114.18394625492685"><ele>432.8074772335776</ele><time>2022-09-24T05:10:43Z</time></trkpt><trkpt lat="22.35256145713443" lon="114.18393318057008"><ele>431.0467283364564</ele><time>2022-09-24T05:10:44Z</time></trkpt><trkpt lat="22.352545286533893" lon="114.1839232423285"><ele>429.03562894166913</ele><time>2022-09-24T05:10:45Z</time></trkpt><trkpt lat="22.352527928816162" lon="114.18393434864664"><ele>427.74077916839445</ele><time>2022-09-24T05:10:59Z</time></trkpt><trkpt lat="22.352512129861" lon="114.18395398618922"><ele>427.5917211162121</ele><time>2022-09-24T05:11:01Z</time></trkpt><trkpt lat="22.352500796771253" lon="114.18397731150927"><ele>427.01760137897287</ele><time>2022-09-24T05:11:04Z</time></trkpt><trkpt lat="22.352491231589035" lon="114.183995705231"><ele>426.730369852883</ele><time>2022-09-24T05:11:07Z</time></trkpt><trkpt lat="22.352468916468546" lon="114.18399159424823"><ele>425.28202513162205</ele><time>2022-09-24T05:11:29Z</time></trkpt><trkpt lat="22.352458597837234" lon="114.18395642927078"><ele>423.64658420373075</ele><time>2022-09-24T05:11:53Z</time></trkpt><trkpt lat="22.352454179877547" lon="114.18393447600157"><ele>422.97764926075286</ele><time>2022-09-24T05:11:55Z</time></trkpt><trkpt lat="22.35244736529514" lon="114.18391541994674"><ele>421.88853139547814</ele><time>2022-09-24T05:12:01Z</time></trkpt><trkpt lat="22.35241310711779" lon="114.18387188402504"><ele>413.80989189463094</ele><time>2022-09-24T05:12:28Z</time></trkpt><trkpt lat="22.352397919258248" lon="114.18383778195432"><ele>413.60482817384445</ele><time>2022-09-24T05:12:30Z</time></trkpt><trkpt lat="22.35239341314719" lon="114.18380228950541"><ele>412.93153294821786</ele><time>2022-09-24T05:12:32Z</time></trkpt><trkpt lat="22.352394059849466" lon="114.18377167584771"><ele>412.65345456439525</ele><time>2022-09-24T05:12:34Z</time></trkpt><trkpt lat="22.35239304260785" lon="114.18374482613979"><ele>412.0257563855472</ele><time>2022-09-24T05:12:36Z</time></trkpt><trkpt lat="22.352378987997476" lon="114.18372176363809"><ele>411.2223010614197</ele><time>2022-09-24T05:12:39Z</time></trkpt><trkpt lat="22.35236206171027" lon="114.18370899451075"><ele>410.7332074978111</ele><time>2022-09-24T05:12:41Z</time></trkpt><trkpt lat="22.35234511261507" lon="114.18367960528919"><ele>410.12136405281007</ele><time>2022-09-24T05:12:44Z</time></trkpt><trkpt lat="22.352345867599713" lon="114.1836508092859"><ele>407.77413666051467</ele><time>2022-09-24T05:12:45Z</time></trkpt><trkpt lat="22.352329161196845" lon="114.18364020283805"><ele>406.2731775757803</ele><time>2022-09-24T05:12:47Z</time></trkpt><trkpt lat="22.35232970763163" lon="114.18361953713868"><ele>405.39589438765694</ele><time>2022-09-24T05:13:01Z</time></trkpt><trkpt lat="22.352319512687643" lon="114.18359303550746"><ele>404.5633052355394</ele><time>2022-09-24T05:13:04Z</time></trkpt><trkpt lat="22.35230602480446" lon="114.18357290922931"><ele>401.4210746707245</ele><time>2022-09-24T05:13:07Z</time></trkpt><trkpt lat="22.35229078528645" lon="114.1835592368728"><ele>400.67333842878264</ele><time>2022-09-24T05:13:31Z</time></trkpt><trkpt lat="22.352272730665796" lon="114.18357832954112"><ele>399.86811137616866</ele><time>2022-09-24T05:13:41Z</time></trkpt><trkpt lat="22.352255248421343" lon="114.18358479107162"><ele>399.6931378928499</ele><time>2022-09-24T05:13:44Z</time></trkpt><trkpt lat="22.352251806547727" lon="114.18361046668639"><ele>398.8866065304045</ele><time>2022-09-24T05:13:50Z</time></trkpt><trkpt lat="22.352233580641656" lon="114.18361871117176"><ele>397.798775467463</ele><time>2022-09-24T05:13:55Z</time></trkpt><trkpt lat="22.352215531595238" lon="114.18361041073413"><ele>397.10754781027674</ele><time>2022-09-24T05:14:02Z</time></trkpt><trkpt lat="22.352211130438242" lon="114.18358445263908"><ele>396.34451179586557</ele><time>2022-09-24T05:14:05Z</time></trkpt><trkpt lat="22.3522185004247" lon="114.1835593968858"><ele>395.2230138776146</ele><time>2022-09-24T05:14:08Z</time></trkpt><trkpt lat="22.352227734351263" lon="114.18353769298417"><ele>394.4784149095584</ele><time>2022-09-24T05:14:12Z</time></trkpt><trkpt lat="22.35223907932478" lon="114.18352248997788"><ele>393.85075971974203</ele><time>2022-09-24T05:14:14Z</time></trkpt><trkpt lat="22.352251952804615" lon="114.1835008097164"><ele>392.9540420459911</ele><time>2022-09-24T05:14:17Z</time></trkpt><trkpt lat="22.352237826168132" lon="114.18347655362774"><ele>392.2844027690727</ele><time>2022-09-24T05:14:34Z</time></trkpt><trkpt lat="22.35220661996211" lon="114.183456574333"><ele>390.32981617952566</ele><time>2022-09-24T05:14:36Z</time></trkpt><trkpt lat="22.352195429880844" lon="114.18343194985592"><ele>389.1303983461541</ele><time>2022-09-24T05:14:38Z</time></trkpt><trkpt lat="22.35219588946601" lon="114.18341008783975"><ele>388.7265295858434</ele><time>2022-09-24T05:14:42Z</time></trkpt><trkpt lat="22.35218069743801" lon="114.18338554466946"><ele>383.4985996901021</ele><time>2022-09-24T05:16:10Z</time></trkpt><trkpt lat="22.352182500941378" lon="114.18336370921463"><ele>383.27815549834725</ele><time>2022-09-24T05:16:13Z</time></trkpt><trkpt lat="22.352172594450252" lon="114.1833183115981"><ele>382.85175209316554</ele><time>2022-09-24T05:16:16Z</time></trkpt><trkpt lat="22.352162696557286" lon="114.18329059100874"><ele>382.7583835181871</ele><time>2022-09-24T05:16:18Z</time></trkpt><trkpt lat="22.352128594409333" lon="114.18325632515511"><ele>379.7931954643951</ele><time>2022-09-24T05:16:20Z</time></trkpt><trkpt lat="22.35212533172663" lon="114.1832314151598"><ele>379.5562830842995</ele><time>2022-09-24T05:16:22Z</time></trkpt><trkpt lat="22.35212145126576" lon="114.18321193654099"><ele>379.1878912631992</ele><time>2022-09-24T05:16:24Z</time></trkpt><trkpt lat="22.35211507255721" lon="114.18319353669743"><ele>378.78043452523235</ele><time>2022-09-24T05:16:26Z</time></trkpt><trkpt lat="22.352112510148288" lon="114.18317428022587"><ele>378.29260338676715</ele><time>2022-09-24T05:16:28Z</time></trkpt><trkpt lat="22.35210875860961" lon="114.18314674093168"><ele>377.879956301885</ele><time>2022-09-24T05:16:31Z</time></trkpt><trkpt lat="22.352103511208856" lon="114.18312683828954"><ele>377.2833890688187</ele><time>2022-09-24T05:16:34Z</time></trkpt><trkpt lat="22.352082252605086" lon="114.18311715982782"><ele>376.96477011760373</ele><time>2022-09-24T05:16:37Z</time></trkpt><trkpt lat="22.35206821230685" lon="114.18310453060516"><ele>376.693101430609</ele><time>2022-09-24T05:16:39Z</time></trkpt><trkpt lat="22.35205401696447" lon="114.18308617744346"><ele>376.09438024937975</ele><time>2022-09-24T05:16:41Z</time></trkpt><trkpt lat="22.352050231275275" lon="114.18306302100343"><ele>375.5163227939227</ele><time>2022-09-24T05:16:44Z</time></trkpt><trkpt lat="22.35204083575475" lon="114.1830453336785"><ele>374.71811944400235</ele><time>2022-09-24T05:16:47Z</time></trkpt><trkpt lat="22.352018609758243" lon="114.18303492891827"><ele>374.28342294281987</ele><time>2022-09-24T05:16:50Z</time></trkpt><trkpt lat="22.351998993006937" lon="114.18302739870721"><ele>373.8359316958553</ele><time>2022-09-24T05:17:04Z</time></trkpt><trkpt lat="22.351987899745627" lon="114.18299531107832"><ele>373.0432385210868</ele><time>2022-09-24T05:17:05Z</time></trkpt><trkpt lat="22.35198886426854" lon="114.1829753779747"><ele>372.76529673639584</ele><time>2022-09-24T05:17:12Z</time></trkpt><trkpt lat="22.351995831999123" lon="114.18295642072661"><ele>372.25496747920135</ele><time>2022-09-24T05:17:14Z</time></trkpt><trkpt lat="22.351999776288473" lon="114.18292803708373"><ele>370.7924191306394</ele><time>2022-09-24T05:17:17Z</time></trkpt><trkpt lat="22.351992855460633" lon="114.18290524646089"><ele>370.1734994466258</ele><time>2022-09-24T05:17:21Z</time></trkpt><trkpt lat="22.351983912008855" lon="114.18286754535006"><ele>369.1372601134567</ele><time>2022-09-24T05:17:23Z</time></trkpt><trkpt lat="22.35196613979211" lon="114.18283734001771"><ele>368.236806157994</ele><time>2022-09-24T05:17:24Z</time></trkpt><trkpt lat="22.351951493282343" lon="114.18281931088008"><ele>367.56384546893116</ele><time>2022-09-24T05:17:28Z</time></trkpt><trkpt lat="22.351930558789704" lon="114.1828216980839"><ele>366.74304065260844</ele><time>2022-09-24T05:17:31Z</time></trkpt><trkpt lat="22.351908189102346" lon="114.18282254483526"><ele>366.34995131789657</ele><time>2022-09-24T05:17:34Z</time></trkpt><trkpt lat="22.35187915102019" lon="114.18281669848875"><ele>366.66167914496214</ele><time>2022-09-24T05:17:36Z</time></trkpt><trkpt lat="22.35187872944562" lon="114.18279179131562"><ele>365.06659001249227</ele><time>2022-09-24T05:17:38Z</time></trkpt><trkpt lat="22.351884599121227" lon="114.18277152278047"><ele>363.3923073956934</ele><time>2022-09-24T05:17:39Z</time></trkpt><trkpt lat="22.35189201529294" lon="114.18275258011465"><ele>362.12812858197924</ele><time>2022-09-24T05:17:41Z</time></trkpt><trkpt lat="22.35187838168344" lon="114.18273597832415"><ele>360.9750726892884</ele><time>2022-09-24T05:17:47Z</time></trkpt><trkpt lat="22.351853226317488" lon="114.18273836126151"><ele>360.41025596439385</ele><time>2022-09-24T05:17:50Z</time></trkpt><trkpt lat="22.351838796037224" lon="114.18276022026629"><ele>360.88850723890044</ele><time>2022-09-24T05:17:52Z</time></trkpt><trkpt lat="22.35182054664131" lon="114.18275988192768"><ele>360.4590450762904</ele><time>2022-09-24T05:17:53Z</time></trkpt><trkpt lat="22.351801937058944" lon="114.18276042231413"><ele>361.6298959397185</ele><time>2022-09-24T05:17:54Z</time></trkpt><trkpt lat="22.351781319327486" lon="114.18275795143077"><ele>362.54112911342713</ele><time>2022-09-24T05:17:57Z</time></trkpt><trkpt lat="22.35174404724486" lon="114.18268999805723"><ele>362.3364480942181</ele><time>2022-09-24T05:18:27Z</time></trkpt><trkpt lat="22.351718083828295" lon="114.18264967286102"><ele>361.339496178912</ele><time>2022-09-24T05:18:28Z</time></trkpt><trkpt lat="22.351686247773827" lon="114.18261665324766"><ele>360.4667773894072</ele><time>2022-09-24T05:18:31Z</time></trkpt><trkpt lat="22.35167182246029" lon="114.18259669668988"><ele>360.25589555632865</ele><time>2022-09-24T05:18:33Z</time></trkpt><trkpt lat="22.351655429378468" lon="114.18258775999115"><ele>359.62606144005093</ele><time>2022-09-24T05:18:37Z</time></trkpt><trkpt lat="22.351638191791192" lon="114.18256449233557"><ele>359.1635337965782</ele><time>2022-09-24T05:18:40Z</time></trkpt><trkpt lat="22.351642248916452" lon="114.1825428929411"><ele>358.51415988055385</ele><time>2022-09-24T05:18:45Z</time></trkpt><trkpt lat="22.351638721210943" lon="114.18252199998435"><ele>358.2883312967509</ele><time>2022-09-24T05:18:49Z</time></trkpt><trkpt lat="22.351634152460026" lon="114.18250220377236"><ele>358.19444271530574</ele><time>2022-09-24T05:19:02Z</time></trkpt><trkpt lat="22.351638943003135" lon="114.18247607568739"><ele>358.0417388065534</ele><time>2022-09-24T05:19:04Z</time></trkpt><trkpt lat="22.351637228328904" lon="114.18245461611812"><ele>357.7950582406679</ele><time>2022-09-24T05:19:06Z</time></trkpt><trkpt lat="22.35163296731738" lon="114.18243280764595"><ele>357.4637505737983</ele><time>2022-09-24T05:19:08Z</time></trkpt><trkpt lat="22.351635964686672" lon="114.18240583267341"><ele>356.30061787354754</ele><time>2022-09-24T05:19:11Z</time></trkpt><trkpt lat="22.35163474917355" lon="114.18238479441005"><ele>356.3198467832506</ele><time>2022-09-24T05:19:41Z</time></trkpt><trkpt lat="22.35164580523008" lon="114.1823663757133"><ele>356.27482450603634</ele><time>2022-09-24T05:19:44Z</time></trkpt><trkpt lat="22.351647291344168" lon="114.18233604916989"><ele>356.02858872759197</ele><time>2022-09-24T05:19:47Z</time></trkpt><trkpt lat="22.35165122670255" lon="114.18231216363911"><ele>355.20665810753627</ele><time>2022-09-24T05:19:50Z</time></trkpt><trkpt lat="22.351646234875666" lon="114.18234186027793"><ele>352.47123474348336</ele><time>2022-09-24T05:22:31Z</time></trkpt><trkpt lat="22.35165653062733" lon="114.18237747179025"><ele>351.4512854870409</ele><time>2022-09-24T05:22:32Z</time></trkpt><trkpt lat="22.351639222963918" lon="114.18238455217111"><ele>351.0215914649889</ele><time>2022-09-24T05:22:36Z</time></trkpt><trkpt lat="22.351567446948337" lon="114.18233902238994"><ele>350.26224589906633</ele><time>2022-09-24T05:23:16Z</time></trkpt><trkpt lat="22.35153621003299" lon="114.18230354508621"><ele>339.5194725629841</ele><time>2022-09-24T05:23:23Z</time></trkpt><trkpt lat="22.35151200490436" lon="114.18228829336807"><ele>339.7888169387938</ele><time>2022-09-24T05:23:27Z</time></trkpt><trkpt lat="22.351495373746896" lon="114.18227559038198"><ele>340.152245719165</ele><time>2022-09-24T05:23:29Z</time></trkpt><trkpt lat="22.35147508955319" lon="114.18225109361927"><ele>340.17378795438566</ele><time>2022-09-24T05:23:31Z</time></trkpt><trkpt lat="22.35145904222877" lon="114.18222736021389"><ele>340.2083798501296</ele><time>2022-09-24T05:23:33Z</time></trkpt><trkpt lat="22.351443075533645" lon="114.18220820397939"><ele>340.433617335876</ele><time>2022-09-24T05:23:35Z</time></trkpt><trkpt lat="22.351407796429946" lon="114.18220645199551"><ele>341.15451218379</ele><time>2022-09-24T05:23:42Z</time></trkpt><trkpt lat="22.3513864488971" lon="114.18220265761539"><ele>341.71775284305414</ele><time>2022-09-24T05:23:50Z</time></trkpt><trkpt lat="22.35132689242552" lon="114.18218791204103"><ele>341.6350340080328</ele><time>2022-09-24T05:24:02Z</time></trkpt><trkpt lat="22.351307000919473" lon="114.18217701090103"><ele>341.2262987578972</ele><time>2022-09-24T05:24:06Z</time></trkpt><trkpt lat="22.351293206533683" lon="114.18215836277696"><ele>340.302637040918</ele><time>2022-09-24T05:24:09Z</time></trkpt><trkpt lat="22.351264665386175" lon="114.18213842927236"><ele>338.8909795349773</ele><time>2022-09-24T05:24:13Z</time></trkpt><trkpt lat="22.351243207338868" lon="114.1821255434903"><ele>338.0305333572378</ele><time>2022-09-24T05:24:14Z</time></trkpt><trkpt lat="22.3512155525051" lon="114.18210079791973"><ele>335.84394474503165</ele><time>2022-09-24T05:24:24Z</time></trkpt><trkpt lat="22.351194983230403" lon="114.18209035459114"><ele>334.3665181674631</ele><time>2022-09-24T05:24:27Z</time></trkpt><trkpt lat="22.351178181915042" lon="114.18208154460974"><ele>333.20259991540377</ele><time>2022-09-24T05:24:28Z</time></trkpt><trkpt lat="22.35116050879172" lon="114.1820702534082"><ele>331.86066021525767</ele><time>2022-09-24T05:24:33Z</time></trkpt><trkpt lat="22.351145060065342" lon="114.18205779471757"><ele>330.39574555068043</ele><time>2022-09-24T05:24:34Z</time></trkpt><trkpt lat="22.351123618691783" lon="114.18203811335795"><ele>328.8384821850536</ele><time>2022-09-24T05:24:36Z</time></trkpt><trkpt lat="22.35110275954611" lon="114.18202368108568"><ele>326.8465169594772</ele><time>2022-09-24T05:24:38Z</time></trkpt><trkpt lat="22.351085769467343" lon="114.18201285112814"><ele>325.67030471884357</ele><time>2022-09-24T05:24:40Z</time></trkpt><trkpt lat="22.351065862480215" lon="114.18199913335002"><ele>324.792362113419</ele><time>2022-09-24T05:24:44Z</time></trkpt><trkpt lat="22.351047853799713" lon="114.1819825898749"><ele>325.36979791031666</ele><time>2022-09-24T05:24:47Z</time></trkpt><trkpt lat="22.351058401156482" lon="114.18196239638947"><ele>325.2903596590846</ele><time>2022-09-24T05:24:50Z</time></trkpt><trkpt lat="22.35105611965671" lon="114.1819378209778"><ele>324.5744789232778</ele><time>2022-09-24T05:24:53Z</time></trkpt><trkpt lat="22.35103954916506" lon="114.1819275154496"><ele>324.2528892363959</ele><time>2022-09-24T05:24:56Z</time></trkpt><trkpt lat="22.35101982111336" lon="114.1819321202587"><ele>323.58271757726686</ele><time>2022-09-24T05:24:59Z</time></trkpt><trkpt lat="22.350960606273155" lon="114.18192859051231"><ele>324.3226046964</ele><time>2022-09-24T05:25:04Z</time></trkpt><trkpt lat="22.35095350934076" lon="114.18190896925981"><ele>323.99470754979654</ele><time>2022-09-24T05:25:09Z</time></trkpt><trkpt lat="22.350949086826823" lon="114.1818840945325"><ele>323.3757154999963</ele><time>2022-09-24T05:25:17Z</time></trkpt><trkpt lat="22.350948841584497" lon="114.18186309238145"><ele>322.95966897425814</ele><time>2022-09-24T05:25:19Z</time></trkpt><trkpt lat="22.35093421871425" lon="114.18184135400683"><ele>323.68141397331533</ele><time>2022-09-24T05:26:13Z</time></trkpt><trkpt lat="22.350919057260278" lon="114.18182308323522"><ele>323.4885264488942</ele><time>2022-09-24T05:26:16Z</time></trkpt><trkpt lat="22.350909389721934" lon="114.18180607238497"><ele>323.49722984714924</ele><time>2022-09-24T05:26:18Z</time></trkpt><trkpt lat="22.350896423479544" lon="114.18178955998283"><ele>323.4138640142574</ele><time>2022-09-24T05:27:58Z</time></trkpt><trkpt lat="22.350879065241983" lon="114.18177563597138"><ele>323.5546053820871</ele><time>2022-09-24T05:28:00Z</time></trkpt><trkpt lat="22.350861823817763" lon="114.18175669833408"><ele>323.7511936142927</ele><time>2022-09-24T05:28:03Z</time></trkpt><trkpt lat="22.350853441655264" lon="114.18173790351412"><ele>323.66519606363704</ele><time>2022-09-24T05:28:04Z</time></trkpt><trkpt lat="22.350836721717414" lon="114.18171541331216"><ele>323.47911555506505</ele><time>2022-09-24T05:28:05Z</time></trkpt><trkpt lat="22.35081795211264" lon="114.18169300855676"><ele>323.49896176100003</ele><time>2022-09-24T05:28:07Z</time></trkpt><trkpt lat="22.350807282979712" lon="114.18167713294056"><ele>322.8530494486737</ele><time>2022-09-24T05:28:09Z</time></trkpt><trkpt lat="22.35079402393482" lon="114.18165802660977"><ele>321.5857252061899</ele><time>2022-09-24T05:28:11Z</time></trkpt><trkpt lat="22.35077082720171" lon="114.18164059024016"><ele>320.8145918530587</ele><time>2022-09-24T05:28:14Z</time></trkpt><trkpt lat="22.350756266257942" lon="114.1816215227989"><ele>320.565171593651</ele><time>2022-09-24T05:28:17Z</time></trkpt><trkpt lat="22.350746071762806" lon="114.18160119562732"><ele>320.2377614122646</ele><time>2022-09-24T05:28:19Z</time></trkpt><trkpt lat="22.35073956900026" lon="114.18157895133409"><ele>319.5871771755688</ele><time>2022-09-24T05:28:21Z</time></trkpt><trkpt lat="22.350733834583114" lon="114.18155688898496"><ele>318.56084628796043</ele><time>2022-09-24T05:28:23Z</time></trkpt><trkpt lat="22.350725877277604" lon="114.18153475330293"><ele>317.7629197711374</ele><time>2022-09-24T05:28:25Z</time></trkpt><trkpt lat="22.350717299363552" lon="114.18151458032492"><ele>317.54190209729455</ele><time>2022-09-24T05:28:27Z</time></trkpt><trkpt lat="22.35070827403027" lon="114.18149639712951"><ele>317.40268596258437</ele><time>2022-09-24T05:28:29Z</time></trkpt><trkpt lat="22.350696859376704" lon="114.18147983366552"><ele>317.0313946641418</ele><time>2022-09-24T05:28:31Z</time></trkpt><trkpt lat="22.3506797144716" lon="114.18146760122727"><ele>316.5392793927446</ele><time>2022-09-24T05:28:33Z</time></trkpt><trkpt lat="22.350662990053358" lon="114.18145490355661"><ele>316.4964353698567</ele><time>2022-09-24T05:28:35Z</time></trkpt><trkpt lat="22.350646514863165" lon="114.18144166545395"><ele>315.94295994295976</ele><time>2022-09-24T05:28:38Z</time></trkpt><trkpt lat="22.350623896424423" lon="114.18140069595974"><ele>314.5396708356778</ele><time>2022-09-24T05:28:44Z</time></trkpt><trkpt lat="22.35060387790215" lon="114.18138237217765"><ele>314.4435876255618</ele><time>2022-09-24T05:29:08Z</time></trkpt><trkpt lat="22.350585265709444" lon="114.1813741600199"><ele>313.8586194757499</ele><time>2022-09-24T05:29:10Z</time></trkpt><trkpt lat="22.350572019804765" lon="114.18135668724612"><ele>313.108861287503</ele><time>2022-09-24T05:29:13Z</time></trkpt><trkpt lat="22.35055031066913" lon="114.18134946983132"><ele>314.20778092235605</ele><time>2022-09-24T05:31:08Z</time></trkpt><trkpt lat="22.350532822520204" lon="114.18133752383493"><ele>314.47092314153764</ele><time>2022-09-24T05:31:09Z</time></trkpt><trkpt lat="22.350515293726463" lon="114.18132576689774"><ele>314.65856319903395</ele><time>2022-09-24T05:31:10Z</time></trkpt><trkpt lat="22.35049901848662" lon="114.18130818955845"><ele>314.6769983460492</ele><time>2022-09-24T05:31:12Z</time></trkpt><trkpt lat="22.35049953819501" lon="114.18128509426958"><ele>314.7421942840982</ele><time>2022-09-24T05:40:43Z</time></trkpt><trkpt lat="22.350482999230884" lon="114.18127299438102"><ele>314.2957053948381</ele><time>2022-09-24T05:40:46Z</time></trkpt><trkpt lat="22.350459795221976" lon="114.1812732660993"><ele>313.89848818551377</ele><time>2022-09-24T05:40:48Z</time></trkpt><trkpt lat="22.350444139590717" lon="114.18125662556291"><ele>314.09879061257817</ele><time>2022-09-24T05:40:50Z</time></trkpt><trkpt lat="22.35041876836481" lon="114.18124978375715"><ele>313.36713065069443</ele><time>2022-09-24T05:40:52Z</time></trkpt><trkpt lat="22.3503950095996" lon="114.18123847974569"><ele>313.23114464305587</ele><time>2022-09-24T05:40:54Z</time></trkpt><trkpt lat="22.350374762558097" lon="114.18122628835052"><ele>313.4863493176326</ele><time>2022-09-24T05:40:56Z</time></trkpt><trkpt lat="22.350352966797278" lon="114.18121033723929"><ele>314.2040933301705</ele><time>2022-09-24T05:40:58Z</time></trkpt><trkpt lat="22.350343077275323" lon="114.18118914098419"><ele>314.6428634891951</ele><time>2022-09-24T05:41:00Z</time></trkpt><trkpt lat="22.35034055776216" lon="114.18116229131674"><ele>314.7181708646791</ele><time>2022-09-24T05:41:02Z</time></trkpt><trkpt lat="22.350340754785783" lon="114.18113538707128"><ele>314.7252151969832</ele><time>2022-09-24T05:41:04Z</time></trkpt><trkpt lat="22.350345735197177" lon="114.18110519489474"><ele>314.7359689893481</ele><time>2022-09-24T05:41:06Z</time></trkpt><trkpt lat="22.35034581590232" lon="114.1810757847262"><ele>314.60277764577734</ele><time>2022-09-24T05:41:08Z</time></trkpt><trkpt lat="22.350341843632883" lon="114.18105085968843"><ele>314.21263557959304</ele><time>2022-09-24T05:41:10Z</time></trkpt><trkpt lat="22.35032913908242" lon="114.18103014873579"><ele>313.8518443874785</ele><time>2022-09-24T05:41:12Z</time></trkpt><trkpt lat="22.350312417927327" lon="114.18101510789793"><ele>313.3605993752955</ele><time>2022-09-24T05:41:14Z</time></trkpt><trkpt lat="22.35029436026581" lon="114.18100462408336"><ele>313.03689056190575</ele><time>2022-09-24T05:41:16Z</time></trkpt><trkpt lat="22.350275457771083" lon="114.1810033543737"><ele>312.9834590493733</ele><time>2022-09-24T05:41:18Z</time></trkpt><trkpt lat="22.350257838666913" lon="114.18101153864644"><ele>313.1288767104557</ele><time>2022-09-24T05:41:24Z</time></trkpt><trkpt lat="22.350241050580557" lon="114.18099109100294"><ele>312.5481152123338</ele><time>2022-09-24T05:41:34Z</time></trkpt><trkpt lat="22.350226240831994" lon="114.18096606024075"><ele>311.1568160520793</ele><time>2022-09-24T05:41:37Z</time></trkpt><trkpt lat="22.350229451910323" lon="114.1809454374964"><ele>309.7795049528723</ele><time>2022-09-24T05:41:45Z</time></trkpt><trkpt lat="22.350217426024383" lon="114.18092918629785"><ele>309.0565353130405</ele><time>2022-09-24T05:42:39Z</time></trkpt><trkpt lat="22.35020435835802" lon="114.18091410814452"><ele>308.96052059366576</ele><time>2022-09-24T05:42:41Z</time></trkpt><trkpt lat="22.350196133067687" lon="114.18089617672948"><ele>309.377051687397</ele><time>2022-09-24T05:43:03Z</time></trkpt><trkpt lat="22.350201428436023" lon="114.18087556391197"><ele>309.69187001684367</ele><time>2022-09-24T05:43:23Z</time></trkpt><trkpt lat="22.35021879367117" lon="114.18085307973948"><ele>310.3001036994844</ele><time>2022-09-24T05:43:25Z</time></trkpt><trkpt lat="22.350233522012566" lon="114.18083410642343"><ele>310.48400657375856</ele><time>2022-09-24T05:43:27Z</time></trkpt><trkpt lat="22.350235314569264" lon="114.18078330821179"><ele>309.32383105302364</ele><time>2022-09-24T05:43:36Z</time></trkpt><trkpt lat="22.35024568006273" lon="114.18076453540243"><ele>309.36227764455157</ele><time>2022-09-24T05:43:38Z</time></trkpt><trkpt lat="22.350237793087647" lon="114.18073639637669"><ele>309.3675829825803</ele><time>2022-09-24T05:43:44Z</time></trkpt><trkpt lat="22.350231408496" lon="114.18071234465289"><ele>309.42233925022725</ele><time>2022-09-24T05:43:48Z</time></trkpt><trkpt lat="22.350214543821014" lon="114.18067433121284"><ele>309.51886423313084</ele><time>2022-09-24T05:43:50Z</time></trkpt><trkpt lat="22.350208594632857" lon="114.18063978947676"><ele>309.82157410545483</ele><time>2022-09-24T05:43:52Z</time></trkpt><trkpt lat="22.350209243234833" lon="114.18060792498487"><ele>309.87237047891045</ele><time>2022-09-24T05:43:54Z</time></trkpt><trkpt lat="22.350209324999618" lon="114.18058033306428"><ele>310.17226491793684</ele><time>2022-09-24T05:43:57Z</time></trkpt><trkpt lat="22.3502129742537" lon="114.18054757702038"><ele>310.5126327855925</ele><time>2022-09-24T05:44:07Z</time></trkpt><trkpt lat="22.350214837436994" lon="114.18052416942191"><ele>311.01312003564567</ele><time>2022-09-24T05:44:09Z</time></trkpt><trkpt lat="22.350217929858722" lon="114.18049984770113"><ele>311.43593401785097</ele><time>2022-09-24T05:44:11Z</time></trkpt><trkpt lat="22.350215153407095" lon="114.18047836366775"><ele>311.812853095305</ele><time>2022-09-24T05:44:13Z</time></trkpt><trkpt lat="22.350221779586697" lon="114.18042503772722"><ele>319.30432892337865</ele><time>2022-09-24T05:44:42Z</time></trkpt><trkpt lat="22.35020293653838" lon="114.18036014041354"><ele>319.76192069504435</ele><time>2022-09-24T05:44:43Z</time></trkpt><trkpt lat="22.35018344387717" lon="114.18033726949925"><ele>322.34707747468786</ele><time>2022-09-24T05:44:51Z</time></trkpt><trkpt lat="22.350172554696933" lon="114.18031197074595"><ele>323.4153477700235</ele><time>2022-09-24T05:44:53Z</time></trkpt><trkpt lat="22.350160967274793" lon="114.18028926530565"><ele>324.65880094763094</ele><time>2022-09-24T05:44:55Z</time></trkpt><trkpt lat="22.35016024437739" lon="114.18026589799032"><ele>324.84375781953776</ele><time>2022-09-24T05:45:02Z</time></trkpt><trkpt lat="22.35016050499763" lon="114.18024522280766"><ele>325.03915423136243</ele><time>2022-09-24T05:45:03Z</time></trkpt><trkpt lat="22.350129927681863" lon="114.18017579244699"><ele>329.4158869853705</ele><time>2022-09-24T05:45:08Z</time></trkpt><trkpt lat="22.35012680512951" lon="114.18015514165879"><ele>329.86223598444815</ele><time>2022-09-24T05:45:10Z</time></trkpt><trkpt lat="22.350117716073765" lon="114.18013719753141"><ele>330.0721050374246</ele><time>2022-09-24T05:45:13Z</time></trkpt><trkpt lat="22.350111927826177" lon="114.18006018280097"><ele>330.95788360293636</ele><time>2022-09-24T05:45:29Z</time></trkpt><trkpt lat="22.350109842117398" lon="114.18003939603807"><ele>330.96075230430586</ele><time>2022-09-24T05:45:31Z</time></trkpt><trkpt lat="22.35011032308533" lon="114.18001717102864"><ele>331.1916229944342</ele><time>2022-09-24T05:45:32Z</time></trkpt><trkpt lat="22.35011069540532" lon="114.1799957092977"><ele>331.405267688062</ele><time>2022-09-24T05:45:35Z</time></trkpt><trkpt lat="22.350111158162193" lon="114.17997484988398"><ele>331.7376979144174</ele><time>2022-09-24T05:45:36Z</time></trkpt><trkpt lat="22.3501033287453" lon="114.17995049438879"><ele>332.4273603402444</ele><time>2022-09-24T05:45:42Z</time></trkpt><trkpt lat="22.350110275496355" lon="114.17993112984539"><ele>332.6582445070246</ele><time>2022-09-24T05:45:46Z</time></trkpt><trkpt lat="22.350113810869786" lon="114.17989947452423"><ele>332.7511140873296</ele><time>2022-09-24T05:45:49Z</time></trkpt><trkpt lat="22.350117572918993" lon="114.17987509292244"><ele>332.67219731199714</ele><time>2022-09-24T05:45:51Z</time></trkpt><trkpt lat="22.350122295802514" lon="114.17985212216956"><ele>332.57485695156987</ele><time>2022-09-24T05:45:53Z</time></trkpt><trkpt lat="22.350120718438966" lon="114.17982728935635"><ele>332.8222095962386</ele><time>2022-09-24T05:45:55Z</time></trkpt><trkpt lat="22.350113007863683" lon="114.17980030695436"><ele>333.2194934621728</ele><time>2022-09-24T05:45:57Z</time></trkpt><trkpt lat="22.350102588140643" lon="114.17977311943496"><ele>333.13253466374323</ele><time>2022-09-24T05:45:59Z</time></trkpt><trkpt lat="22.35009351884699" lon="114.1797515122617"><ele>333.01556108581696</ele><time>2022-09-24T05:46:01Z</time></trkpt><trkpt lat="22.35008268557181" lon="114.17972286364633"><ele>333.16105359341657</ele><time>2022-09-24T05:46:03Z</time></trkpt><trkpt lat="22.350075234994737" lon="114.17969185948833"><ele>333.14928491334854</ele><time>2022-09-24T05:46:05Z</time></trkpt><trkpt lat="22.350078863604676" lon="114.17967121414453"><ele>332.7988886255432</ele><time>2022-09-24T05:46:07Z</time></trkpt><trkpt lat="22.35007719640432" lon="114.17965146571241"><ele>332.6938238231705</ele><time>2022-09-24T05:46:09Z</time></trkpt><trkpt lat="22.35007897480346" lon="114.17962930524774"><ele>332.4734347441174</ele><time>2022-09-24T05:46:11Z</time></trkpt><trkpt lat="22.350081993885254" lon="114.17960114432302"><ele>332.24532691240194</ele><time>2022-09-24T05:46:13Z</time></trkpt><trkpt lat="22.350081910033875" lon="114.17957399741675"><ele>331.9793422863461</ele><time>2022-09-24T05:46:15Z</time></trkpt><trkpt lat="22.350077688159733" lon="114.17954864760765"><ele>332.0283225732496</ele><time>2022-09-24T05:46:17Z</time></trkpt><trkpt lat="22.35007004213968" lon="114.17952520360203"><ele>332.2240260351228</ele><time>2022-09-24T05:46:20Z</time></trkpt><trkpt lat="22.35005664873697" lon="114.1795073365844"><ele>332.42849278185844</ele><time>2022-09-24T05:46:26Z</time></trkpt><trkpt lat="22.35006045223827" lon="114.17948412184408"><ele>332.5195255880531</ele><time>2022-09-24T05:46:29Z</time></trkpt><trkpt lat="22.35006020400025" lon="114.17946258907463"><ele>332.4039878180472</ele><time>2022-09-24T05:46:31Z</time></trkpt><trkpt lat="22.350042772081682" lon="114.17944169986994"><ele>332.7277710040565</ele><time>2022-09-24T05:46:33Z</time></trkpt><trkpt lat="22.350030415734885" lon="114.17942438689118"><ele>333.511668007778</ele><time>2022-09-24T05:46:36Z</time></trkpt><trkpt lat="22.350021360538776" lon="114.17940652751807"><ele>334.1534825824395</ele><time>2022-09-24T05:46:38Z</time></trkpt><trkpt lat="22.350016287026058" lon="114.17938543924137"><ele>334.9798292819977</ele><time>2022-09-24T05:46:40Z</time></trkpt><trkpt lat="22.350013062963885" lon="114.17936055229582"><ele>336.3229979147967</ele><time>2022-09-24T05:46:44Z</time></trkpt><trkpt lat="22.350014085897946" lon="114.17933848025179"><ele>336.11562334407074</ele><time>2022-09-24T05:46:46Z</time></trkpt><trkpt lat="22.350010161955648" lon="114.1793129923511"><ele>336.23316280239345</ele><time>2022-09-24T05:46:49Z</time></trkpt><trkpt lat="22.350002384248633" lon="114.17929295743824"><ele>336.3146071668803</ele><time>2022-09-24T05:46:53Z</time></trkpt><trkpt lat="22.35000549960799" lon="114.17926700905076"><ele>335.66186426242894</ele><time>2022-09-24T05:46:57Z</time></trkpt><trkpt lat="22.35000071219213" lon="114.17924464030153"><ele>336.4392987833919</ele><time>2022-09-24T05:47:04Z</time></trkpt><trkpt lat="22.35000735947149" lon="114.17921805751607"><ele>336.74427415798095</ele><time>2022-09-24T05:47:06Z</time></trkpt><trkpt lat="22.350006667236514" lon="114.17919046396634"><ele>337.11274742730683</ele><time>2022-09-24T05:47:08Z</time></trkpt><trkpt lat="22.35001026990744" lon="114.17917095209987"><ele>337.7047369930674</ele><time>2022-09-24T05:47:10Z</time></trkpt><trkpt lat="22.350017491748307" lon="114.1791509292368"><ele>337.9149820600429</ele><time>2022-09-24T05:47:12Z</time></trkpt><trkpt lat="22.350032957636852" lon="114.17913132679624"><ele>338.2065349853495</ele><time>2022-09-24T05:47:15Z</time></trkpt><trkpt lat="22.350047253028272" lon="114.17911240899596"><ele>338.6396401983873</ele><time>2022-09-24T05:47:18Z</time></trkpt><trkpt lat="22.350059689773857" lon="114.17909812837235"><ele>338.81925236100176</ele><time>2022-09-24T05:47:21Z</time></trkpt><trkpt lat="22.350068942242824" lon="114.17907703567491"><ele>338.58482361873206</ele><time>2022-09-24T05:47:24Z</time></trkpt><trkpt lat="22.350078972431195" lon="114.17905994554829"><ele>338.27012476712497</ele><time>2022-09-24T05:47:27Z</time></trkpt><trkpt lat="22.350083275703653" lon="114.17903834437887"><ele>338.28668314313006</ele><time>2022-09-24T05:47:29Z</time></trkpt><trkpt lat="22.35008560915559" lon="114.17901292884"><ele>338.641477600798</ele><time>2022-09-24T05:47:31Z</time></trkpt><trkpt lat="22.35008536430559" lon="114.17899139535726"><ele>338.61551849446727</ele><time>2022-09-24T05:47:33Z</time></trkpt><trkpt lat="22.350071801462228" lon="114.17896797707036"><ele>339.1998599367744</ele><time>2022-09-24T05:47:35Z</time></trkpt><trkpt lat="22.35006992018085" lon="114.17894407482447"><ele>339.92225569121484</ele><time>2022-09-24T05:47:37Z</time></trkpt><trkpt lat="22.350086040105957" lon="114.17892395232268"><ele>339.8626606682993</ele><time>2022-09-24T05:47:39Z</time></trkpt><trkpt lat="22.350104347628385" lon="114.17890832836294"><ele>340.0277911231872</ele><time>2022-09-24T05:47:41Z</time></trkpt><trkpt lat="22.350116463745994" lon="114.17889179712618"><ele>340.09933412958094</ele><time>2022-09-24T05:47:43Z</time></trkpt><trkpt lat="22.350133083230638" lon="114.17887543335519"><ele>340.2096656932</ele><time>2022-09-24T05:47:45Z</time></trkpt><trkpt lat="22.35014556939078" lon="114.17885867014552"><ele>340.3059588813477</ele><time>2022-09-24T05:47:47Z</time></trkpt><trkpt lat="22.350148250498542" lon="114.17883938224553"><ele>340.53710884244555</ele><time>2022-09-24T05:47:49Z</time></trkpt><trkpt lat="22.350139926718033" lon="114.17880707868166"><ele>340.4778879909805</ele><time>2022-09-24T05:47:51Z</time></trkpt><trkpt lat="22.35012849106399" lon="114.1787772238013"><ele>340.6252443362863</ele><time>2022-09-24T05:47:53Z</time></trkpt><trkpt lat="22.350118916368956" lon="114.1787549438947"><ele>340.7469520839468</ele><time>2022-09-24T05:47:55Z</time></trkpt><trkpt lat="22.350107153176893" lon="114.17873776939707"><ele>340.81420464011865</ele><time>2022-09-24T05:47:57Z</time></trkpt><trkpt lat="22.35009228428268" lon="114.17872476174531"><ele>340.921822517617</ele><time>2022-09-24T05:47:59Z</time></trkpt><trkpt lat="22.35007136763041" lon="114.17870488265498"><ele>341.28807165028627</ele><time>2022-09-24T05:48:02Z</time></trkpt><trkpt lat="22.35005752672184" lon="114.17868486167443"><ele>341.5571481259711</ele><time>2022-09-24T05:48:04Z</time></trkpt><trkpt lat="22.350045265909205" lon="114.17866543081092"><ele>341.5061146785139</ele><time>2022-09-24T05:48:06Z</time></trkpt><trkpt lat="22.35003183821172" lon="114.17863982389143"><ele>341.9035262543117</ele><time>2022-09-24T05:48:09Z</time></trkpt><trkpt lat="22.350022246914794" lon="114.17861483653756"><ele>341.45287229595823</ele><time>2022-09-24T05:48:12Z</time></trkpt><trkpt lat="22.350016997061942" lon="114.17858688070882"><ele>341.72392603973265</ele><time>2022-09-24T05:48:15Z</time></trkpt><trkpt lat="22.350005276178166" lon="114.17856358660246"><ele>342.33445576333577</ele><time>2022-09-24T05:48:17Z</time></trkpt><trkpt lat="22.34999521587847" lon="114.17854210885375"><ele>342.73259933444206</ele><time>2022-09-24T05:48:19Z</time></trkpt><trkpt lat="22.349997630020333" lon="114.17851955146892"><ele>342.3272435126497</ele><time>2022-09-24T05:48:21Z</time></trkpt><trkpt lat="22.35000962747594" lon="114.17849453548587"><ele>342.18867370494553</ele><time>2022-09-24T05:48:23Z</time></trkpt><trkpt lat="22.350022368116868" lon="114.17847257722451"><ele>341.8863417997424</ele><time>2022-09-24T05:48:25Z</time></trkpt><trkpt lat="22.350038441933954" lon="114.17845308359611"><ele>341.57857141323973</ele><time>2022-09-24T05:48:27Z</time></trkpt><trkpt lat="22.35005380638933" lon="114.17842840659547"><ele>341.03055325343087</ele><time>2022-09-24T05:48:29Z</time></trkpt><trkpt lat="22.350063342991724" lon="114.17840292643598"><ele>341.08361867127786</ele><time>2022-09-24T05:48:31Z</time></trkpt><trkpt lat="22.350068376294697" lon="114.17837552917621"><ele>340.85401631531244</ele><time>2022-09-24T05:48:33Z</time></trkpt><trkpt lat="22.350071654063356" lon="114.17835218571875"><ele>341.0065160088387</ele><time>2022-09-24T05:48:35Z</time></trkpt><trkpt lat="22.350072452521047" lon="114.17832500172979"><ele>341.0965145564279</ele><time>2022-09-24T05:48:38Z</time></trkpt><trkpt lat="22.350078450351944" lon="114.17830188580226"><ele>341.06819155860745</ele><time>2022-09-24T05:48:40Z</time></trkpt><trkpt lat="22.35009190761722" lon="114.17828049878811"><ele>340.5949808467076</ele><time>2022-09-24T05:48:42Z</time></trkpt><trkpt lat="22.350099889220548" lon="114.17825840978438"><ele>340.4350388988695</ele><time>2022-09-24T05:48:44Z</time></trkpt><trkpt lat="22.350103164352923" lon="114.1782342004599"><ele>340.08946392230854</ele><time>2022-09-24T05:48:46Z</time></trkpt><trkpt lat="22.350097398835683" lon="114.17821337025958"><ele>340.4195340664959</ele><time>2022-09-24T05:48:48Z</time></trkpt><trkpt lat="22.350088822459412" lon="114.17818637190291"><ele>340.254261371772</ele><time>2022-09-24T05:48:51Z</time></trkpt><trkpt lat="22.35007590976232" lon="114.17815987743018"><ele>340.68322938068195</ele><time>2022-09-24T05:48:54Z</time></trkpt><trkpt lat="22.35006728912424" lon="114.17813840046209"><ele>340.807419265998</ele><time>2022-09-24T05:48:56Z</time></trkpt><trkpt lat="22.35005783138295" lon="114.17811851745286"><ele>341.12584952591646</ele><time>2022-09-24T05:48:58Z</time></trkpt><trkpt lat="22.350051148722404" lon="114.17809708262438"><ele>341.40818052279764</ele><time>2022-09-24T05:49:00Z</time></trkpt><trkpt lat="22.350046034208265" lon="114.17807270826185"><ele>341.742917869984</ele><time>2022-09-24T05:49:02Z</time></trkpt><trkpt lat="22.350042378305282" lon="114.1780475409751"><ele>341.6973816279154</ele><time>2022-09-24T05:49:04Z</time></trkpt><trkpt lat="22.350039184770484" lon="114.17802713442526"><ele>341.65204376304797</ele><time>2022-09-24T05:49:06Z</time></trkpt><trkpt lat="22.350036977434087" lon="114.17800378391041"><ele>341.2823652962809</ele><time>2022-09-24T05:49:08Z</time></trkpt><trkpt lat="22.350036396821235" lon="114.1779832444691"><ele>341.01377614206103</ele><time>2022-09-24T05:49:10Z</time></trkpt><trkpt lat="22.350037962033362" lon="114.17796184290233"><ele>340.74229550651944</ele><time>2022-09-24T05:49:12Z</time></trkpt><trkpt lat="22.35003805953381" lon="114.1779387644332"><ele>340.8263061239146</ele><time>2022-09-24T05:49:14Z</time></trkpt><trkpt lat="22.350039728370824" lon="114.17791398919088"><ele>341.56167758006876</ele><time>2022-09-24T05:49:17Z</time></trkpt><trkpt lat="22.350040390206313" lon="114.17788958254204"><ele>341.5669412713421</ele><time>2022-09-24T05:49:19Z</time></trkpt><trkpt lat="22.350034787951728" lon="114.17786911613311"><ele>341.46299057467155</ele><time>2022-09-24T05:49:21Z</time></trkpt><trkpt lat="22.350035060423348" lon="114.17784457161085"><ele>341.3520313840516</ele><time>2022-09-24T05:49:23Z</time></trkpt><trkpt lat="22.350038620021223" lon="114.17781964877808"><ele>341.2649493456894</ele><time>2022-09-24T05:49:25Z</time></trkpt><trkpt lat="22.35003929500526" lon="114.17779456171142"><ele>340.97678524381496</ele><time>2022-09-24T05:49:27Z</time></trkpt><trkpt lat="22.350042066140013" lon="114.1777687093583"><ele>340.68280923978205</ele><time>2022-09-24T05:49:29Z</time></trkpt><trkpt lat="22.35004305345807" lon="114.17774293197344"><ele>340.86856158437126</ele><time>2022-09-24T05:49:31Z</time></trkpt><trkpt lat="22.35005345851421" lon="114.17771569856761"><ele>340.27484178654504</ele><time>2022-09-24T05:49:34Z</time></trkpt><trkpt lat="22.350064824912604" lon="114.1776884764533"><ele>339.34382280639204</ele><time>2022-09-24T05:49:36Z</time></trkpt><trkpt lat="22.350078916098468" lon="114.17767226339397"><ele>338.9967303985667</ele><time>2022-09-24T05:49:38Z</time></trkpt><trkpt lat="22.35009516409653" lon="114.17765951728934"><ele>338.69030489715885</ele><time>2022-09-24T05:49:40Z</time></trkpt><trkpt lat="22.350111634655207" lon="114.1776512250387"><ele>338.3065454848081</ele><time>2022-09-24T05:49:45Z</time></trkpt><trkpt lat="22.350130152996325" lon="114.17764359564366"><ele>337.72502358846884</ele><time>2022-09-24T05:49:48Z</time></trkpt><trkpt lat="22.350147416802255" lon="114.17763631680643"><ele>337.2781670088334</ele><time>2022-09-24T05:49:50Z</time></trkpt><trkpt lat="22.35016085320335" lon="114.17762156653289"><ele>336.7891822346456</ele><time>2022-09-24T05:49:52Z</time></trkpt><trkpt lat="22.350170308677107" lon="114.17760175529257"><ele>336.2688539073469</ele><time>2022-09-24T05:50:05Z</time></trkpt><trkpt lat="22.350179767367475" lon="114.1775715882514"><ele>336.0707836019213</ele><time>2022-09-24T05:50:07Z</time></trkpt><trkpt lat="22.350194693742658" lon="114.17754654603205"><ele>335.66069182220485</ele><time>2022-09-24T05:50:09Z</time></trkpt><trkpt lat="22.350203658714037" lon="114.17752347596695"><ele>335.79404553605343</ele><time>2022-09-24T05:50:11Z</time></trkpt><trkpt lat="22.35021207693455" lon="114.177503521868"><ele>335.56984236257466</ele><time>2022-09-24T05:50:13Z</time></trkpt><trkpt lat="22.35022181609088" lon="114.17748173589214"><ele>335.3006956846041</ele><time>2022-09-24T05:50:15Z</time></trkpt><trkpt lat="22.350233064849444" lon="114.17745950146275"><ele>334.9889431879592</ele><time>2022-09-24T05:50:17Z</time></trkpt><trkpt lat="22.350246261826268" lon="114.17743777191014"><ele>334.59843694500313</ele><time>2022-09-24T05:50:19Z</time></trkpt><trkpt lat="22.35025194615736" lon="114.17741544987939"><ele>334.14108390762493</ele><time>2022-09-24T05:50:22Z</time></trkpt><trkpt lat="22.350264509793245" lon="114.17739430754065"><ele>333.0007973547178</ele><time>2022-09-24T05:50:25Z</time></trkpt><trkpt lat="22.35027837370289" lon="114.17737798467003"><ele>332.37693637039126</ele><time>2022-09-24T05:50:27Z</time></trkpt><trkpt lat="22.350285406477827" lon="114.17735924789136"><ele>331.9170310615556</ele><time>2022-09-24T05:50:29Z</time></trkpt><trkpt lat="22.35029424339406" lon="114.17733906979583"><ele>331.6575541832527</ele><time>2022-09-24T05:50:31Z</time></trkpt><trkpt lat="22.350295445512494" lon="114.17731598172014"><ele>331.06998068270826</ele><time>2022-09-24T05:50:33Z</time></trkpt><trkpt lat="22.350299267364047" lon="114.17728581452755"><ele>330.529124110856</ele><time>2022-09-24T05:50:35Z</time></trkpt><trkpt lat="22.350298733941482" lon="114.17725125956744"><ele>330.6903877042603</ele><time>2022-09-24T05:50:37Z</time></trkpt><trkpt lat="22.350301097786634" lon="114.17722115079661"><ele>330.5062507045525</ele><time>2022-09-24T05:50:39Z</time></trkpt><trkpt lat="22.350304248593293" lon="114.17719339541132"><ele>330.0904033256477</ele><time>2022-09-24T05:50:41Z</time></trkpt><trkpt lat="22.35030908031975" lon="114.17716784882128"><ele>329.7179485128148</ele><time>2022-09-24T05:50:43Z</time></trkpt><trkpt lat="22.350313936757512" lon="114.17714414850919"><ele>329.1756936920012</ele><time>2022-09-24T05:50:45Z</time></trkpt><trkpt lat="22.350312239731384" lon="114.17712386950772"><ele>329.1873557476392</ele><time>2022-09-24T05:50:47Z</time></trkpt><trkpt lat="22.350304109556244" lon="114.17710021271644"><ele>329.56250228422664</ele><time>2022-09-24T05:50:50Z</time></trkpt><trkpt lat="22.35030036308353" lon="114.17707435380733"><ele>329.3857706700796</ele><time>2022-09-24T05:50:53Z</time></trkpt><trkpt lat="22.350303327862182" lon="114.17705180340361"><ele>329.2277687567446</ele><time>2022-09-24T05:50:56Z</time></trkpt><trkpt lat="22.350301972154526" lon="114.17703142557302"><ele>328.87949173691817</ele><time>2022-09-24T05:50:58Z</time></trkpt><trkpt lat="22.350301950496767" lon="114.17701038779437"><ele>328.73085769222007</ele><time>2022-09-24T05:51:00Z</time></trkpt><trkpt lat="22.35030403906607" lon="114.17698965745863"><ele>329.4403209439634</ele><time>2022-09-24T05:51:03Z</time></trkpt><trkpt lat="22.350302559466073" lon="114.17696728345608"><ele>329.6362145859365</ele><time>2022-09-24T05:51:05Z</time></trkpt><trkpt lat="22.350298597651047" lon="114.17693794072822"><ele>329.5582816956682</ele><time>2022-09-24T05:51:07Z</time></trkpt><trkpt lat="22.350295313386233" lon="114.17691296955236"><ele>329.52409691272163</ele><time>2022-09-24T05:51:09Z</time></trkpt><trkpt lat="22.350287064756085" lon="114.17689258519609"><ele>329.3862805781184</ele><time>2022-09-24T05:51:11Z</time></trkpt><trkpt lat="22.350275129103366" lon="114.17687114184821"><ele>328.5474693416109</ele><time>2022-09-24T05:51:14Z</time></trkpt><trkpt lat="22.35025126715267" lon="114.17684325451832"><ele>328.5184548399163</ele><time>2022-09-24T05:51:20Z</time></trkpt><trkpt lat="22.35023955709719" lon="114.17682457594596"><ele>328.3223208126119</ele><time>2022-09-24T05:51:22Z</time></trkpt><trkpt lat="22.350227927252792" lon="114.17680632174505"><ele>327.89967464571674</ele><time>2022-09-24T05:51:24Z</time></trkpt><trkpt lat="22.350206418953054" lon="114.17678413773946"><ele>327.01172618548907</ele><time>2022-09-24T05:51:26Z</time></trkpt><trkpt lat="22.350195791048947" lon="114.17675592280378"><ele>326.88885118619754</ele><time>2022-09-24T05:51:28Z</time></trkpt><trkpt lat="22.350189663310974" lon="114.17673738428472"><ele>327.1774748815266</ele><time>2022-09-24T05:51:30Z</time></trkpt><trkpt lat="22.350188020632842" lon="114.17670727282784"><ele>326.06346327651244</ele><time>2022-09-24T05:51:33Z</time></trkpt><trkpt lat="22.350183249044516" lon="114.17667348416235"><ele>324.12083349161776</ele><time>2022-09-24T05:51:34Z</time></trkpt><trkpt lat="22.35018170151909" lon="114.17664784685014"><ele>324.0568117808319</ele><time>2022-09-24T05:51:36Z</time></trkpt><trkpt lat="22.35018596071183" lon="114.1766241784476"><ele>324.38440955832925</ele><time>2022-09-24T05:51:38Z</time></trkpt><trkpt lat="22.35019513096467" lon="114.17660074855394"><ele>324.4347719933512</ele><time>2022-09-24T05:51:40Z</time></trkpt><trkpt lat="22.350200726015185" lon="114.17658039256054"><ele>324.1491744804448</ele><time>2022-09-24T05:51:42Z</time></trkpt><trkpt lat="22.350212215038187" lon="114.17656443681943"><ele>324.0802222015262</ele><time>2022-09-24T05:51:44Z</time></trkpt><trkpt lat="22.350227931739678" lon="114.17654144718266"><ele>323.0839812561656</ele><time>2022-09-24T05:51:47Z</time></trkpt><trkpt lat="22.350238956633508" lon="114.17651559352143"><ele>322.5021528260497</ele><time>2022-09-24T05:51:50Z</time></trkpt><trkpt lat="22.350239930072465" lon="114.17648131246457"><ele>321.4774476446274</ele><time>2022-09-24T05:51:52Z</time></trkpt><trkpt lat="22.350256907128987" lon="114.17646653782313"><ele>321.7868108662807</ele><time>2022-09-24T05:51:55Z</time></trkpt><trkpt lat="22.35027130404569" lon="114.17644445535832"><ele>321.8790171364834</ele><time>2022-09-24T05:51:58Z</time></trkpt><trkpt lat="22.350281761077568" lon="114.17642471729974"><ele>321.75044883992695</ele><time>2022-09-24T05:52:00Z</time></trkpt><trkpt lat="22.35029530002708" lon="114.17640070003269"><ele>321.58544538043816</ele><time>2022-09-24T05:52:02Z</time></trkpt><trkpt lat="22.35030541858312" lon="114.1763760277824"><ele>321.55128743438763</ele><time>2022-09-24T05:52:04Z</time></trkpt><trkpt lat="22.350315074617704" lon="114.17635238864827"><ele>321.55190921809793</ele><time>2022-09-24T05:52:06Z</time></trkpt><trkpt lat="22.3503227236361" lon="114.17632925583477"><ele>321.6393920802341</ele><time>2022-09-24T05:52:08Z</time></trkpt><trkpt lat="22.350329849629855" lon="114.1763108930186"><ele>321.70917496544115</ele><time>2022-09-24T05:52:10Z</time></trkpt><trkpt lat="22.350339061363105" lon="114.1762860107385"><ele>321.5146918613848</ele><time>2022-09-24T05:52:12Z</time></trkpt><trkpt lat="22.35034354535313" lon="114.17626054191487"><ele>321.4091713296846</ele><time>2022-09-24T05:52:14Z</time></trkpt><trkpt lat="22.350343488474362" lon="114.17623715278235"><ele>321.6558854754301</ele><time>2022-09-24T05:52:16Z</time></trkpt><trkpt lat="22.35035670822223" lon="114.17621485514458"><ele>321.3896862981705</ele><time>2022-09-24T05:52:20Z</time></trkpt><trkpt lat="22.350371023777498" lon="114.17619630481346"><ele>320.9518752783967</ele><time>2022-09-24T05:52:23Z</time></trkpt><trkpt lat="22.35037112342354" lon="114.17617392958488"><ele>320.468113589336</ele><time>2022-09-24T05:52:25Z</time></trkpt><trkpt lat="22.35036578185702" lon="114.17614726833135"><ele>320.37279366159345</ele><time>2022-09-24T05:52:28Z</time></trkpt><trkpt lat="22.350361061741026" lon="114.1761213059426"><ele>320.55051980022085</ele><time>2022-09-24T05:52:31Z</time></trkpt><trkpt lat="22.35035569437559" lon="114.17610051358876"><ele>320.27943918912683</ele><time>2022-09-24T05:52:35Z</time></trkpt><trkpt lat="22.350352658460263" lon="114.17607981570859"><ele>320.20996918333003</ele><time>2022-09-24T05:52:49Z</time></trkpt><trkpt lat="22.350346618938428" lon="114.17605532583441"><ele>320.39945389431693</ele><time>2022-09-24T05:52:51Z</time></trkpt><trkpt lat="22.35034352166438" lon="114.17603397772793"><ele>320.4796844788981</ele><time>2022-09-24T05:52:53Z</time></trkpt><trkpt lat="22.350348332542413" lon="114.17600614195747"><ele>320.5271318602636</ele><time>2022-09-24T05:52:56Z</time></trkpt><trkpt lat="22.35038203277738" lon="114.17599944085161"><ele>320.16766178328595</ele><time>2022-09-24T05:52:57Z</time></trkpt><trkpt lat="22.350407707050362" lon="114.1759904239569"><ele>317.2173743615744</ele><time>2022-09-24T05:52:58Z</time></trkpt><trkpt lat="22.350411702827277" lon="114.17597056553845"><ele>315.7134533998913</ele><time>2022-09-24T05:52:59Z</time></trkpt><trkpt lat="22.350414052663833" lon="114.17594256110708"><ele>315.51408653659354</ele><time>2022-09-24T05:53:01Z</time></trkpt><trkpt lat="22.350397430228576" lon="114.17592712668238"><ele>316.5556361246184</ele><time>2022-09-24T05:53:02Z</time></trkpt><trkpt lat="22.350399815173553" lon="114.17590117048653"><ele>316.8143640385272</ele><time>2022-09-24T05:53:05Z</time></trkpt><trkpt lat="22.35038553270563" lon="114.17586714670642"><ele>316.7294642888666</ele><time>2022-09-24T05:53:08Z</time></trkpt><trkpt lat="22.3503707889721" lon="114.17585167203875"><ele>316.774666211929</ele><time>2022-09-24T05:53:09Z</time></trkpt><trkpt lat="22.35035789481332" lon="114.17582662588664"><ele>316.99907726635865</ele><time>2022-09-24T05:53:11Z</time></trkpt><trkpt lat="22.350348144459073" lon="114.1758040031495"><ele>316.98214920984105</ele><time>2022-09-24T05:53:13Z</time></trkpt><trkpt lat="22.350349749034894" lon="114.17577820742358"><ele>317.24427585020396</ele><time>2022-09-24T05:53:16Z</time></trkpt><trkpt lat="22.350362552861085" lon="114.17576031607915"><ele>317.8520632414193</ele><time>2022-09-24T05:53:19Z</time></trkpt><trkpt lat="22.350386541627255" lon="114.17574976735864"><ele>318.0449178941787</ele><time>2022-09-24T05:53:22Z</time></trkpt><trkpt lat="22.35040946775808" lon="114.17574002067533"><ele>318.549161864893</ele><time>2022-09-24T05:53:25Z</time></trkpt><trkpt lat="22.35042734875244" lon="114.17573241492042"><ele>318.8630581060451</ele><time>2022-09-24T05:53:28Z</time></trkpt><trkpt lat="22.350447246492166" lon="114.17573625581718"><ele>319.54495641891674</ele><time>2022-09-24T05:53:33Z</time></trkpt><trkpt lat="22.350463953050642" lon="114.17572463101031"><ele>320.7539525957112</ele><time>2022-09-24T05:53:37Z</time></trkpt><trkpt lat="22.3504837520443" lon="114.17571869127922"><ele>321.3378311585696</ele><time>2022-09-24T05:53:40Z</time></trkpt><trkpt lat="22.350501589117602" lon="114.1757226622644"><ele>321.30758917809385</ele><time>2022-09-24T05:53:44Z</time></trkpt><trkpt lat="22.350522428359543" lon="114.17571700634281"><ele>321.111411524831</ele><time>2022-09-24T05:53:49Z</time></trkpt><trkpt lat="22.350541370189607" lon="114.1756982410297"><ele>321.96989692198457</ele><time>2022-09-24T05:53:51Z</time></trkpt><trkpt lat="22.35055403482406" lon="114.17568375440199"><ele>322.49210332951054</ele><time>2022-09-24T05:53:53Z</time></trkpt><trkpt lat="22.35056250672194" lon="114.17566387204347"><ele>323.1640726325019</ele><time>2022-09-24T05:53:55Z</time></trkpt><trkpt lat="22.35056010393559" lon="114.17563575772532"><ele>323.5047737049233</ele><time>2022-09-24T05:53:58Z</time></trkpt><trkpt lat="22.350556099740285" lon="114.17561661337623"><ele>323.82454999344196</ele><time>2022-09-24T05:54:00Z</time></trkpt><trkpt lat="22.350546828882244" lon="114.17559072667089"><ele>324.9135708857648</ele><time>2022-09-24T05:54:02Z</time></trkpt><trkpt lat="22.3505438741548" lon="114.17556848707515"><ele>325.29988852415414</ele><time>2022-09-24T05:54:04Z</time></trkpt><trkpt lat="22.35055095700808" lon="114.17554978099116"><ele>325.9360855568939</ele><time>2022-09-24T05:54:07Z</time></trkpt><trkpt lat="22.350554821221422" lon="114.17552662454493"><ele>325.7373001193537</ele><time>2022-09-24T05:54:10Z</time></trkpt><trkpt lat="22.350557081180874" lon="114.17550566861499"><ele>325.863698171116</ele><time>2022-09-24T05:54:12Z</time></trkpt><trkpt lat="22.350562179837414" lon="114.17547771432717"><ele>326.63687109620747</ele><time>2022-09-24T05:54:15Z</time></trkpt><trkpt lat="22.350566487785148" lon="114.17545375739056"><ele>326.77075575166924</ele><time>2022-09-24T05:54:19Z</time></trkpt><trkpt lat="22.35057678604676" lon="114.17543699628787"><ele>326.84438736850467</ele><time>2022-09-24T05:54:22Z</time></trkpt><trkpt lat="22.350585771041175" lon="114.17541117497395"><ele>326.2684656142087</ele><time>2022-09-24T05:54:25Z</time></trkpt><trkpt lat="22.35059215108167" lon="114.1753856376838"><ele>325.8435056937131</ele><time>2022-09-24T05:54:28Z</time></trkpt><trkpt lat="22.350592252280013" lon="114.1753574811709"><ele>325.75210037408397</ele><time>2022-09-24T05:54:31Z</time></trkpt><trkpt lat="22.350594484009036" lon="114.17533632039012"><ele>325.5758128439327</ele><time>2022-09-24T05:54:35Z</time></trkpt><trkpt lat="22.350586397093743" lon="114.17531129200748"><ele>325.8271416898835</ele><time>2022-09-24T05:54:38Z</time></trkpt><trkpt lat="22.350578559642646" lon="114.175281748807"><ele>325.5606349921698</ele><time>2022-09-24T05:54:41Z</time></trkpt><trkpt lat="22.35057360844001" lon="114.1752605553324"><ele>325.29761227465343</ele><time>2022-09-24T05:54:43Z</time></trkpt><trkpt lat="22.350564795913787" lon="114.17523638668253"><ele>324.80468004956015</ele><time>2022-09-24T05:54:46Z</time></trkpt><trkpt lat="22.350554702407184" lon="114.17521358207661"><ele>324.6155972223585</ele><time>2022-09-24T05:54:48Z</time></trkpt><trkpt lat="22.35055051630659" lon="114.17518872200654"><ele>325.2202552965054</ele><time>2022-09-24T05:54:50Z</time></trkpt><trkpt lat="22.350549767255096" lon="114.17516786136332"><ele>326.05195947592193</ele><time>2022-09-24T05:54:52Z</time></trkpt><trkpt lat="22.350557787318127" lon="114.17514342303582"><ele>326.7793502839971</ele><time>2022-09-24T05:54:56Z</time></trkpt><trkpt lat="22.35055924566036" lon="114.1751214131562"><ele>325.94009128516</ele><time>2022-09-24T05:54:59Z</time></trkpt><trkpt lat="22.350545074874354" lon="114.17509893679413"><ele>325.8407839967402</ele><time>2022-09-24T05:55:02Z</time></trkpt><trkpt lat="22.35054050094761" lon="114.17507937833228"><ele>325.77468037505076</ele><time>2022-09-24T05:55:04Z</time></trkpt><trkpt lat="22.350538422496246" lon="114.17505919275567"><ele>325.87249843529236</ele><time>2022-09-24T05:55:07Z</time></trkpt><trkpt lat="22.350527880053036" lon="114.17503995433626"><ele>325.6855023750596</ele><time>2022-09-24T05:55:09Z</time></trkpt><trkpt lat="22.35052056135664" lon="114.17501918013308"><ele>325.8993170275125</ele><time>2022-09-24T05:55:11Z</time></trkpt><trkpt lat="22.350508550607042" lon="114.17499499030124"><ele>326.73201728439204</ele><time>2022-09-24T05:55:14Z</time></trkpt><trkpt lat="22.3504863672444" lon="114.17497889803727"><ele>331.2536238609613</ele><time>2022-09-24T05:55:15Z</time></trkpt><trkpt lat="22.35046993022064" lon="114.17496251993944"><ele>334.4700366218631</ele><time>2022-09-24T05:55:16Z</time></trkpt><trkpt lat="22.35045249623179" lon="114.17494731444312"><ele>338.3327933123543</ele><time>2022-09-24T05:55:17Z</time></trkpt><trkpt lat="22.35044766592111" lon="114.17492592314083"><ele>338.3610204604547</ele><time>2022-09-24T05:55:19Z</time></trkpt><trkpt lat="22.3504508523436" lon="114.17490605047338"><ele>338.33174898412614</ele><time>2022-09-24T05:55:21Z</time></trkpt><trkpt lat="22.350459220845938" lon="114.17488531497061"><ele>338.3088144732449</ele><time>2022-09-24T05:55:24Z</time></trkpt><trkpt lat="22.350470035043177" lon="114.17486302144415"><ele>338.1333303209406</ele><time>2022-09-24T05:55:27Z</time></trkpt><trkpt lat="22.350476983544425" lon="114.17483958392482"><ele>337.8986025654957</ele><time>2022-09-24T05:55:30Z</time></trkpt><trkpt lat="22.350470591512277" lon="114.17481746777972"><ele>337.79548056594115</ele><time>2022-09-24T05:55:33Z</time></trkpt><trkpt lat="22.350446418716952" lon="114.17480301279258"><ele>337.92127379739435</ele><time>2022-09-24T05:55:36Z</time></trkpt><trkpt lat="22.35042506304534" lon="114.17479277395921"><ele>337.91041298384425</ele><time>2022-09-24T05:55:39Z</time></trkpt><trkpt lat="22.35041551260384" lon="114.17477196523767"><ele>338.1936549111393</ele><time>2022-09-24T05:55:42Z</time></trkpt><trkpt lat="22.350406490186053" lon="114.17475436502963"><ele>338.5560084677512</ele><time>2022-09-24T05:55:44Z</time></trkpt><trkpt lat="22.35040038117438" lon="114.17473203751594"><ele>338.70631168311587</ele><time>2022-09-24T05:55:46Z</time></trkpt><trkpt lat="22.350394257574308" lon="114.174707924786"><ele>338.9550881363395</ele><time>2022-09-24T05:55:48Z</time></trkpt><trkpt lat="22.35039260767423" lon="114.1746852539422"><ele>338.9731858385392</ele><time>2022-09-24T05:55:50Z</time></trkpt><trkpt lat="22.35039189278194" lon="114.17465975875184"><ele>338.2056810563801</ele><time>2022-09-24T05:55:52Z</time></trkpt><trkpt lat="22.3503970649262" lon="114.17463614409418"><ele>337.6900384629847</ele><time>2022-09-24T05:55:55Z</time></trkpt><trkpt lat="22.35039786740997" lon="114.17461638485396"><ele>337.87856973426227</ele><time>2022-09-24T05:55:59Z</time></trkpt><trkpt lat="22.35039628621857" lon="114.17459604672172"><ele>337.2520351011574</ele><time>2022-09-24T05:56:01Z</time></trkpt><trkpt lat="22.350403524665253" lon="114.17457665468514"><ele>336.8164947523628</ele><time>2022-09-24T05:56:03Z</time></trkpt><trkpt lat="22.350415640569814" lon="114.174555685281"><ele>336.64412770030486</ele><time>2022-09-24T05:56:05Z</time></trkpt><trkpt lat="22.350425844909243" lon="114.17453318541585"><ele>336.79106481377636</ele><time>2022-09-24T05:56:07Z</time></trkpt><trkpt lat="22.350432254049014" lon="114.17450329180139"><ele>336.5723768344941</ele><time>2022-09-24T05:56:10Z</time></trkpt><trkpt lat="22.350438528285718" lon="114.17448355904003"><ele>336.2172683875751</ele><time>2022-09-24T05:56:12Z</time></trkpt><trkpt lat="22.350445708457286" lon="114.17445730249692"><ele>335.9531266829518</ele><time>2022-09-24T05:56:15Z</time></trkpt><trkpt lat="22.350447810175673" lon="114.17442862961838"><ele>335.46132736285307</ele><time>2022-09-24T05:56:18Z</time></trkpt><trkpt lat="22.35044740729582" lon="114.17440553701779"><ele>335.5458028012766</ele><time>2022-09-24T05:56:20Z</time></trkpt><trkpt lat="22.350448163506087" lon="114.17438474170386"><ele>335.5560314672426</ele><time>2022-09-24T05:56:22Z</time></trkpt><trkpt lat="22.350453035842758" lon="114.17435534870455"><ele>335.3888202039026</ele><time>2022-09-24T05:56:25Z</time></trkpt><trkpt lat="22.350455655453608" lon="114.17433089906768"><ele>334.8027423869251</ele><time>2022-09-24T05:56:27Z</time></trkpt><trkpt lat="22.35044925538652" lon="114.17427551673256"><ele>333.7521635728111</ele><time>2022-09-24T05:56:29Z</time></trkpt><trkpt lat="22.350428607043902" lon="114.17424779799497"><ele>337.27510758371767</ele><time>2022-09-24T05:56:30Z</time></trkpt><trkpt lat="22.35042358874665" lon="114.17421880471484"><ele>337.7184975560299</ele><time>2022-09-24T05:56:31Z</time></trkpt><trkpt lat="22.350427333005534" lon="114.17419685604203"><ele>337.7376070268443</ele><time>2022-09-24T05:56:34Z</time></trkpt><trkpt lat="22.350428463293564" lon="114.17416881003577"><ele>337.1657887186112</ele><time>2022-09-24T05:56:37Z</time></trkpt><trkpt lat="22.350423046977763" lon="114.17414814509974"><ele>336.5367025572859</ele><time>2022-09-24T05:56:40Z</time></trkpt><trkpt lat="22.350408877800852" lon="114.1741251054804"><ele>336.0814043797838</ele><time>2022-09-24T05:56:44Z</time></trkpt><trkpt lat="22.35038951749256" lon="114.1740980034698"><ele>332.84685687716643</ele><time>2022-09-24T05:56:45Z</time></trkpt><trkpt lat="22.350392724953345" lon="114.1741179938945"><ele>335.3343372791725</ele><time>2022-09-24T05:57:19Z</time></trkpt><trkpt lat="22.350413306028347" lon="114.17413920029693"><ele>336.6277139871204</ele><time>2022-09-24T05:57:47Z</time></trkpt><trkpt lat="22.350424095726524" lon="114.1741606760629"><ele>337.5923389972349</ele><time>2022-09-24T05:57:50Z</time></trkpt><trkpt lat="22.35040399700834" lon="114.17416943489663"><ele>338.424575623675</ele><time>2022-09-24T05:58:40Z</time></trkpt><trkpt lat="22.350381642086155" lon="114.17417633732713"><ele>337.9944637397059</ele><time>2022-09-24T05:58:45Z</time></trkpt><trkpt lat="22.350357249045516" lon="114.17417435996909"><ele>338.4720088750144</ele><time>2022-09-24T05:58:51Z</time></trkpt><trkpt lat="22.350338327263916" lon="114.1741698038122"><ele>339.0189769566048</ele><time>2022-09-24T05:58:53Z</time></trkpt><trkpt lat="22.35032041652979" lon="114.17416643361885"><ele>339.9081342895419</ele><time>2022-09-24T05:58:57Z</time></trkpt><trkpt lat="22.350300122082725" lon="114.17416603463448"><ele>339.932872674373</ele><time>2022-09-24T05:59:00Z</time></trkpt><trkpt lat="22.35027658048168" lon="114.17416837188348"><ele>339.39883422126934</ele><time>2022-09-24T05:59:02Z</time></trkpt><trkpt lat="22.35025180935336" lon="114.17417088097928"><ele>338.8741251479032</ele><time>2022-09-24T05:59:04Z</time></trkpt><trkpt lat="22.350234508667857" lon="114.17416552088035"><ele>338.40977231498994</ele><time>2022-09-24T05:59:06Z</time></trkpt><trkpt lat="22.350216513201616" lon="114.17415886651308"><ele>338.0258982615844</ele><time>2022-09-24T05:59:08Z</time></trkpt><trkpt lat="22.35019250257163" lon="114.17415801087593"><ele>336.59471266111956</ele><time>2022-09-24T05:59:11Z</time></trkpt><trkpt lat="22.350174273323827" lon="114.1741542243873"><ele>335.92668247512677</ele><time>2022-09-24T05:59:14Z</time></trkpt><trkpt lat="22.35015433751264" lon="114.1741388867135"><ele>335.50122033796004</ele><time>2022-09-24T05:59:29Z</time></trkpt><trkpt lat="22.35013462263116" lon="114.17412838192152"><ele>335.06888019574524</ele><time>2022-09-24T05:59:31Z</time></trkpt><trkpt lat="22.35012322922594" lon="114.17411086452017"><ele>334.89246945319724</ele><time>2022-09-24T05:59:32Z</time></trkpt><trkpt lat="22.350097814197877" lon="114.17411426123822"><ele>334.07439572047633</ele><time>2022-09-24T05:59:34Z</time></trkpt><trkpt lat="22.350076119208943" lon="114.17410379751686"><ele>333.82994638130947</ele><time>2022-09-24T05:59:37Z</time></trkpt><trkpt lat="22.350059885299313" lon="114.17409366214966"><ele>334.10573626789835</ele><time>2022-09-24T05:59:39Z</time></trkpt><trkpt lat="22.350046454627684" lon="114.17407954689159"><ele>334.3403540805098</ele><time>2022-09-24T05:59:41Z</time></trkpt><trkpt lat="22.350036003261245" lon="114.17406228696942"><ele>334.81988742240935</ele><time>2022-09-24T05:59:45Z</time></trkpt><trkpt lat="22.350016166245716" lon="114.1740582397067"><ele>334.23884077476845</ele><time>2022-09-24T05:59:48Z</time></trkpt><trkpt lat="22.35000858566268" lon="114.1740402641152"><ele>334.9000114224748</ele><time>2022-09-24T05:59:58Z</time></trkpt><trkpt lat="22.34998205433417" lon="114.17404348190892"><ele>335.60773325706003</ele><time>2022-09-24T06:00:08Z</time></trkpt><trkpt lat="22.34996325144836" lon="114.17403813933575"><ele>335.6693896846557</ele><time>2022-09-24T06:00:11Z</time></trkpt><trkpt lat="22.349942452662223" lon="114.17403081553736"><ele>336.36932674545625</ele><time>2022-09-24T06:00:12Z</time></trkpt><trkpt lat="22.349930645146188" lon="114.17400377679907"><ele>334.20693658950563</ele><time>2022-09-24T06:00:13Z</time></trkpt><trkpt lat="22.349916250486903" lon="114.1740231135203"><ele>333.08508118125616</ele><time>2022-09-24T06:00:32Z</time></trkpt><trkpt lat="22.34989914619782" lon="114.17404059161909"><ele>333.2804511801526</ele><time>2022-09-24T06:00:34Z</time></trkpt><trkpt lat="22.34988259064989" lon="114.17405145507024"><ele>333.55929308619517</ele><time>2022-09-24T06:00:36Z</time></trkpt><trkpt lat="22.34986327326563" lon="114.17405636747749"><ele>333.74492484455004</ele><time>2022-09-24T06:00:39Z</time></trkpt><trkpt lat="22.34984173988924" lon="114.17406672636677"><ele>332.77525612933243</ele><time>2022-09-24T06:00:43Z</time></trkpt><trkpt lat="22.349823021592695" lon="114.17406229461886"><ele>331.6285752060431</ele><time>2022-09-24T06:00:45Z</time></trkpt><trkpt lat="22.349803821362343" lon="114.17405037012266"><ele>330.79651933268104</ele><time>2022-09-24T06:00:47Z</time></trkpt><trkpt lat="22.34978290235356" lon="114.17403699704606"><ele>329.6537725169727</ele><time>2022-09-24T06:00:49Z</time></trkpt><trkpt lat="22.349730610859194" lon="114.1740120901513"><ele>326.57152910596096</ele><time>2022-09-24T06:00:51Z</time></trkpt><trkpt lat="22.349713145423383" lon="114.17399830575798"><ele>326.07041198363265</ele><time>2022-09-24T06:00:54Z</time></trkpt><trkpt lat="22.349696845581622" lon="114.17397951671559"><ele>325.28049727809497</ele><time>2022-09-24T06:00:57Z</time></trkpt><trkpt lat="22.34968105847543" lon="114.17396464195743"><ele>325.2237907988799</ele><time>2022-09-24T06:00:59Z</time></trkpt><trkpt lat="22.349668184104747" lon="114.17395023459441"><ele>325.1467630658716</ele><time>2022-09-24T06:01:01Z</time></trkpt><trkpt lat="22.349658461439166" lon="114.17393068143147"><ele>324.977809337326</ele><time>2022-09-24T06:01:04Z</time></trkpt><trkpt lat="22.3496403701829" lon="114.17391990671142"><ele>324.97345346247096</ele><time>2022-09-24T06:01:09Z</time></trkpt><trkpt lat="22.3496227750205" lon="114.17390686703608"><ele>325.07303249205063</ele><time>2022-09-24T06:01:11Z</time></trkpt><trkpt lat="22.3496110376834" lon="114.17388243887459"><ele>325.01366824984626</ele><time>2022-09-24T06:01:14Z</time></trkpt><trkpt lat="22.34960436337813" lon="114.17386329552124"><ele>325.2487036138133</ele><time>2022-09-24T06:01:17Z</time></trkpt><trkpt lat="22.34961675740122" lon="114.17384601899779"><ele>326.0951797784444</ele><time>2022-09-24T06:01:31Z</time></trkpt><trkpt lat="22.349626856913826" lon="114.17381852628861"><ele>325.8325148173403</ele><time>2022-09-24T06:01:33Z</time></trkpt><trkpt lat="22.349636297847024" lon="114.1737925310949"><ele>325.6200016157679</ele><time>2022-09-24T06:01:35Z</time></trkpt><trkpt lat="22.349652245502483" lon="114.17378121048264"><ele>325.3183886710968</ele><time>2022-09-24T06:01:38Z</time></trkpt><trkpt lat="22.349667638810146" lon="114.17376759797654"><ele>324.98265405704086</ele><time>2022-09-24T06:01:40Z</time></trkpt><trkpt lat="22.349685550454286" lon="114.17375075779931"><ele>324.59538208791565</ele><time>2022-09-24T06:01:43Z</time></trkpt><trkpt lat="22.349703067778197" lon="114.1737376135623"><ele>324.11486223221266</ele><time>2022-09-24T06:01:46Z</time></trkpt><trkpt lat="22.349721095846526" lon="114.17373714262062"><ele>323.6810435312656</ele><time>2022-09-24T06:01:49Z</time></trkpt><trkpt lat="22.349746102299033" lon="114.17373266887223"><ele>323.7627517690827</ele><time>2022-09-24T06:01:53Z</time></trkpt><trkpt lat="22.349766966050765" lon="114.17372558659574"><ele>323.7155819149332</ele><time>2022-09-24T06:01:55Z</time></trkpt><trkpt lat="22.3497879199116" lon="114.17371348990294"><ele>323.7190304819412</ele><time>2022-09-24T06:01:57Z</time></trkpt><trkpt lat="22.34980753023033" lon="114.17370257762543"><ele>323.08782504669324</ele><time>2022-09-24T06:02:02Z</time></trkpt><trkpt lat="22.34982750245647" lon="114.17369766250116"><ele>322.894858229064</ele><time>2022-09-24T06:02:07Z</time></trkpt><trkpt lat="22.349846478191647" lon="114.17367685697704"><ele>322.16948485599056</ele><time>2022-09-24T06:02:11Z</time></trkpt><trkpt lat="22.34985948477264" lon="114.17365432168812"><ele>321.2916685760696</ele><time>2022-09-24T06:02:13Z</time></trkpt><trkpt lat="22.34986238529932" lon="114.17361520247368"><ele>318.40896071120966</ele><time>2022-09-24T06:02:15Z</time></trkpt><trkpt lat="22.34986659992096" lon="114.17359209569958"><ele>316.8980036500571</ele><time>2022-09-24T06:02:17Z</time></trkpt><trkpt lat="22.349861107648014" lon="114.17357030352157"><ele>316.88379106568243</ele><time>2022-09-24T06:02:22Z</time></trkpt><trkpt lat="22.34985750619488" lon="114.17354445430489"><ele>315.9273647244782</ele><time>2022-09-24T06:02:26Z</time></trkpt><trkpt lat="22.349856300100964" lon="114.17352159537411"><ele>315.2755169150396</ele><time>2022-09-24T06:02:29Z</time></trkpt><trkpt lat="22.349847676874568" lon="114.17349954359953"><ele>315.2520889992357</ele><time>2022-09-24T06:02:32Z</time></trkpt><trkpt lat="22.349842685225457" lon="114.1734807742529"><ele>315.9991449544227</ele><time>2022-09-24T06:02:36Z</time></trkpt><trkpt lat="22.349829173828486" lon="114.17345811012491"><ele>317.06181354245865</ele><time>2022-09-24T06:02:40Z</time></trkpt><trkpt lat="22.34980608653575" lon="114.17344906036224"><ele>320.1949443942447</ele><time>2022-09-24T06:02:44Z</time></trkpt><trkpt lat="22.34979816802433" lon="114.17342857083241"><ele>319.6550219087214</ele><time>2022-09-24T06:02:48Z</time></trkpt><trkpt lat="22.34979417323262" lon="114.173408941064"><ele>319.7352253249265</ele><time>2022-09-24T06:02:52Z</time></trkpt><trkpt lat="22.34978980268494" lon="114.17338634987789"><ele>319.50880487201124</ele><time>2022-09-24T06:02:55Z</time></trkpt><trkpt lat="22.34977814928324" lon="114.17334958965961"><ele>316.6206342464918</ele><time>2022-09-24T06:02:58Z</time></trkpt><trkpt lat="22.349770839215815" lon="114.17333173306626"><ele>316.487380860247</ele><time>2022-09-24T06:03:01Z</time></trkpt><trkpt lat="22.349777769260655" lon="114.1733136743292"><ele>316.4981698052548</ele><time>2022-09-24T06:03:08Z</time></trkpt><trkpt lat="22.349765396686912" lon="114.17329796828007"><ele>316.53449061458986</ele><time>2022-09-24T06:03:23Z</time></trkpt><trkpt lat="22.349759768153138" lon="114.1732699025493"><ele>317.21857735522576</ele><time>2022-09-24T06:03:41Z</time></trkpt><trkpt lat="22.349750349985275" lon="114.17325330820756"><ele>316.74773677499167</ele><time>2022-09-24T06:03:47Z</time></trkpt><trkpt lat="22.349733407587685" lon="114.17324185762767"><ele>316.4478795471917</ele><time>2022-09-24T06:03:50Z</time></trkpt><trkpt lat="22.349715886597718" lon="114.1732284522397"><ele>316.19361927998</ele><time>2022-09-24T06:03:53Z</time></trkpt><trkpt lat="22.349696343745276" lon="114.17322031935377"><ele>316.1099045881924</ele><time>2022-09-24T06:03:58Z</time></trkpt><trkpt lat="22.349678800124572" lon="114.17321561230351"><ele>316.2087571361969</ele><time>2022-09-24T06:04:00Z</time></trkpt><trkpt lat="22.349656321042747" lon="114.17320904726293"><ele>316.25279593343805</ele><time>2022-09-24T06:04:02Z</time></trkpt><trkpt lat="22.349640486670687" lon="114.17319842411656"><ele>316.707737541995</ele><time>2022-09-24T06:04:12Z</time></trkpt><trkpt lat="22.349648437838905" lon="114.17317712964237"><ele>318.47426874592514</ele><time>2022-09-24T06:04:47Z</time></trkpt><trkpt lat="22.349635103014407" lon="114.17315931145136"><ele>318.76788661642104</ele><time>2022-09-24T06:05:08Z</time></trkpt><trkpt lat="22.34963103070351" lon="114.17313125467292"><ele>314.4520993952578</ele><time>2022-09-24T06:05:35Z</time></trkpt><trkpt lat="22.349639566409316" lon="114.17310948004912"><ele>314.73387208118834</ele><time>2022-09-24T06:05:57Z</time></trkpt><trkpt lat="22.34965023069724" lon="114.17309171022191"><ele>314.3661502363579</ele><time>2022-09-24T06:06:05Z</time></trkpt><trkpt lat="22.3496276545099" lon="114.17306797368519"><ele>314.53115033420755</ele><time>2022-09-24T06:06:08Z</time></trkpt><trkpt lat="22.349614539650315" lon="114.17304863057778"><ele>314.9098327133384</ele><time>2022-09-24T06:06:10Z</time></trkpt><trkpt lat="22.34960212277175" lon="114.17302937459503"><ele>314.08480963696877</ele><time>2022-09-24T06:06:14Z</time></trkpt><trkpt lat="22.349589049222995" lon="114.17299747703919"><ele>315.221063623929</ele><time>2022-09-24T06:06:16Z</time></trkpt><trkpt lat="22.34959267327109" lon="114.1729770747783"><ele>315.8839187885731</ele><time>2022-09-24T06:06:19Z</time></trkpt><trkpt lat="22.349585046488368" lon="114.17295911324328"><ele>317.5612420204764</ele><time>2022-09-24T06:06:37Z</time></trkpt><trkpt lat="22.349598269816568" lon="114.17293912396708"><ele>317.43888349999827</ele><time>2022-09-24T06:06:44Z</time></trkpt><trkpt lat="22.349608390302908" lon="114.17291797549696"><ele>316.93844020612096</ele><time>2022-09-24T06:06:48Z</time></trkpt><trkpt lat="22.349625879991006" lon="114.17290719731568"><ele>314.7479469655912</ele><time>2022-09-24T06:06:50Z</time></trkpt><trkpt lat="22.34961601585238" lon="114.17288103405183"><ele>312.7090613477541</ele><time>2022-09-24T06:06:54Z</time></trkpt><trkpt lat="22.349608893774978" lon="114.17286250476548"><ele>312.32226556207047</ele><time>2022-09-24T06:06:56Z</time></trkpt><trkpt lat="22.349585758312323" lon="114.1728397256228"><ele>310.7036874438768</ele><time>2022-09-24T06:07:07Z</time></trkpt><trkpt lat="22.34956722795154" lon="114.17281577834062"><ele>309.77071553045295</ele><time>2022-09-24T06:07:09Z</time></trkpt><trkpt lat="22.349551089586896" lon="114.17278791070082"><ele>309.0668182257214</ele><time>2022-09-24T06:07:11Z</time></trkpt><trkpt lat="22.349539752506054" lon="114.17277210825495"><ele>307.73763980136164</ele><time>2022-09-24T06:07:13Z</time></trkpt><trkpt lat="22.349528414812724" lon="114.17274801939126"><ele>306.2635914750786</ele><time>2022-09-24T06:07:16Z</time></trkpt><trkpt lat="22.34952240121252" lon="114.17272896428969"><ele>304.5315636744738</ele><time>2022-09-24T06:07:19Z</time></trkpt><trkpt lat="22.349520218772472" lon="114.17270930253102"><ele>304.0627104322391</ele><time>2022-09-24T06:07:21Z</time></trkpt><trkpt lat="22.34952090760517" lon="114.17268581544815"><ele>303.7038148848708</ele><time>2022-09-24T06:07:23Z</time></trkpt><trkpt lat="22.34953096862097" lon="114.172669616454"><ele>303.03682222780395</ele><time>2022-09-24T06:07:25Z</time></trkpt><trkpt lat="22.34955235993097" lon="114.17265739981785"><ele>302.2310639193683</ele><time>2022-09-24T06:07:27Z</time></trkpt><trkpt lat="22.34957043464149" lon="114.17264890652505"><ele>301.73260369748283</ele><time>2022-09-24T06:07:29Z</time></trkpt><trkpt lat="22.349582452278117" lon="114.17262503377573"><ele>301.96922530829585</ele><time>2022-09-24T06:07:32Z</time></trkpt><trkpt lat="22.34959633362745" lon="114.17260802915845"><ele>302.14812883732264</ele><time>2022-09-24T06:07:36Z</time></trkpt><trkpt lat="22.349615836551486" lon="114.17260402617386"><ele>301.8495193927875</ele><time>2022-09-24T06:07:40Z</time></trkpt><trkpt lat="22.349599061734462" lon="114.17258074693466"><ele>302.1748761264639</ele><time>2022-09-24T06:07:51Z</time></trkpt><trkpt lat="22.34958577668398" lon="114.17256601580858"><ele>301.5671536812284</ele><time>2022-09-24T06:07:53Z</time></trkpt><trkpt lat="22.349577918096198" lon="114.17254635070037"><ele>300.91383891171705</ele><time>2022-09-24T06:07:57Z</time></trkpt><trkpt lat="22.349587326019837" lon="114.17252389929503"><ele>300.18526354734627</ele><time>2022-09-24T06:07:59Z</time></trkpt><trkpt lat="22.34955876209634" lon="114.17251437937574"><ele>304.1096496498881</ele><time>2022-09-24T06:08:04Z</time></trkpt><trkpt lat="22.349542050922654" lon="114.17250469654086"><ele>304.0219772879747</ele><time>2022-09-24T06:08:07Z</time></trkpt><trkpt lat="22.34953086840703" lon="114.17247749941471"><ele>304.7694623222109</ele><time>2022-09-24T06:08:09Z</time></trkpt><trkpt lat="22.349522195886266" lon="114.17245975826927"><ele>305.6503138136366</ele><time>2022-09-24T06:08:10Z</time></trkpt><trkpt lat="22.349525198633845" lon="114.17244023498914"><ele>305.406242424303</ele><time>2022-09-24T06:08:14Z</time></trkpt><trkpt lat="22.349514759626846" lon="114.17242377630548"><ele>305.4027897677921</ele><time>2022-09-24T06:08:17Z</time></trkpt><trkpt lat="22.349486027551578" lon="114.17241616857991"><ele>309.38656170670714</ele><time>2022-09-24T06:08:25Z</time></trkpt><trkpt lat="22.34947247824947" lon="114.17243093193892"><ele>310.41134346364964</ele><time>2022-09-24T06:08:37Z</time></trkpt><trkpt lat="22.349442520614804" lon="114.17243107250137"><ele>310.8264650749853</ele><time>2022-09-24T06:08:42Z</time></trkpt><trkpt lat="22.349431289282403" lon="114.1724120287607"><ele>312.13684463428325</ele><time>2022-09-24T06:08:44Z</time></trkpt><trkpt lat="22.34940690979246" lon="114.1724167148584"><ele>312.56043446418107</ele><time>2022-09-24T06:08:48Z</time></trkpt><trkpt lat="22.349389560736128" lon="114.17242287810303"><ele>313.1486645770053</ele><time>2022-09-24T06:08:50Z</time></trkpt><trkpt lat="22.349372744584418" lon="114.17243494777499"><ele>313.19649797561345</ele><time>2022-09-24T06:08:53Z</time></trkpt><trkpt lat="22.349353807113648" lon="114.1724451647903"><ele>313.1212046624739</ele><time>2022-09-24T06:08:55Z</time></trkpt><trkpt lat="22.34933634071377" lon="114.17246277990006"><ele>313.19615432269006</ele><time>2022-09-24T06:08:57Z</time></trkpt><trkpt lat="22.34931719851506" lon="114.17248309465181"><ele>312.9033543808956</ele><time>2022-09-24T06:08:59Z</time></trkpt><trkpt lat="22.34929702590833" lon="114.17248467489615"><ele>312.46977844767184</ele><time>2022-09-24T06:09:02Z</time></trkpt><trkpt lat="22.349278654757224" lon="114.17247009381683"><ele>312.3075312037785</ele><time>2022-09-24T06:09:06Z</time></trkpt><trkpt lat="22.349270680210108" lon="114.17244203969081"><ele>312.283422173547</ele><time>2022-09-24T06:09:09Z</time></trkpt><trkpt lat="22.349244714005792" lon="114.17241618132113"><ele>312.92178149645633</ele><time>2022-09-24T06:09:10Z</time></trkpt><trkpt lat="22.349237679672925" lon="114.17239648414005"><ele>313.1643730351683</ele><time>2022-09-24T06:09:13Z</time></trkpt><trkpt lat="22.349219916631114" lon="114.17239061554311"><ele>313.7322446655538</ele><time>2022-09-24T06:09:16Z</time></trkpt><trkpt lat="22.349191505573142" lon="114.17239275945994"><ele>313.995647227022</ele><time>2022-09-24T06:09:19Z</time></trkpt><trkpt lat="22.34917328016445" lon="114.17239456533423"><ele>313.8937787663945</ele><time>2022-09-24T06:09:21Z</time></trkpt><trkpt lat="22.34915372199591" lon="114.17240134595106"><ele>314.9035611560273</ele><time>2022-09-24T06:09:23Z</time></trkpt><trkpt lat="22.349126795294204" lon="114.17241181048665"><ele>316.8926006856718</ele><time>2022-09-24T06:09:25Z</time></trkpt><trkpt lat="22.34913143626733" lon="114.1724309783037"><ele>319.24940689479877</ele><time>2022-09-24T06:09:33Z</time></trkpt><trkpt lat="22.34913335207267" lon="114.17245494016"><ele>319.5461441085483</ele><time>2022-09-24T06:09:36Z</time></trkpt><trkpt lat="22.349120879756587" lon="114.17247177333442"><ele>319.90212788708146</ele><time>2022-09-24T06:09:38Z</time></trkpt><trkpt lat="22.349107827326982" lon="114.17249719919083"><ele>320.312737926537</ele><time>2022-09-24T06:09:40Z</time></trkpt><trkpt lat="22.349100024556947" lon="114.17251925299642"><ele>320.561937494079</ele><time>2022-09-24T06:09:42Z</time></trkpt><trkpt lat="22.34909051451029" lon="114.17253622213263"><ele>320.6894824967171</ele><time>2022-09-24T06:09:45Z</time></trkpt><trkpt lat="22.349086896797846" lon="114.17255753076567"><ele>320.9394665334121</ele><time>2022-09-24T06:09:50Z</time></trkpt><trkpt lat="22.349079065963878" lon="114.17257908328492"><ele>322.1550204643928</ele><time>2022-09-24T06:09:59Z</time></trkpt><trkpt lat="22.34906768454241" lon="114.17260789806397"><ele>322.1800297479204</ele><time>2022-09-24T06:10:01Z</time></trkpt><trkpt lat="22.349063469252684" lon="114.17263278538125"><ele>321.87688017271944</ele><time>2022-09-24T06:10:02Z</time></trkpt><trkpt lat="22.34906253956631" lon="114.17265381881168"><ele>321.520135165837</ele><time>2022-09-24T06:10:03Z</time></trkpt><trkpt lat="22.34905515788004" lon="114.17268049158962"><ele>320.94470520175895</ele><time>2022-09-24T06:10:05Z</time></trkpt><trkpt lat="22.349042646681234" lon="114.17269807696259"><ele>320.88333449713843</ele><time>2022-09-24T06:10:07Z</time></trkpt><trkpt lat="22.3490290977841" lon="114.17271541723868"><ele>320.8656959955858</ele><time>2022-09-24T06:10:09Z</time></trkpt><trkpt lat="22.34900663971096" lon="114.1727241515789"><ele>320.1386234548248</ele><time>2022-09-24T06:10:11Z</time></trkpt><trkpt lat="22.34898337808347" lon="114.17272837671106"><ele>319.6106604126419</ele><time>2022-09-24T06:10:13Z</time></trkpt><trkpt lat="22.34895764419084" lon="114.17272391170741"><ele>319.15590828390043</ele><time>2022-09-24T06:10:15Z</time></trkpt><trkpt lat="22.34893807783805" lon="114.17272402476533"><ele>319.08995025340096</ele><time>2022-09-24T06:10:18Z</time></trkpt><trkpt lat="22.34891622146092" lon="114.17273034950836"><ele>318.20465724698147</ele><time>2022-09-24T06:10:33Z</time></trkpt><trkpt lat="22.348896219191975" lon="114.17270866748531"><ele>318.4390670124094</ele><time>2022-09-24T06:10:36Z</time></trkpt><trkpt lat="22.348879987609113" lon="114.17269765837233"><ele>318.09856836694286</ele><time>2022-09-24T06:10:38Z</time></trkpt><trkpt lat="22.34886480718268" lon="114.17267434926583"><ele>317.60795821612936</ele><time>2022-09-24T06:10:41Z</time></trkpt><trkpt lat="22.348856426542334" lon="114.17265472049993"><ele>317.4723407076169</ele><time>2022-09-24T06:10:43Z</time></trkpt><trkpt lat="22.348859561814013" lon="114.17263130462122"><ele>317.2847746496852</ele><time>2022-09-24T06:10:45Z</time></trkpt><trkpt lat="22.348857864521662" lon="114.17259319464583"><ele>319.2709300950461</ele><time>2022-09-24T06:10:47Z</time></trkpt><trkpt lat="22.348857150562885" lon="114.17256917322602"><ele>318.8964718449204</ele><time>2022-09-24T06:10:50Z</time></trkpt><trkpt lat="22.348848005796018" lon="114.17254517036496"><ele>318.45920763256254</ele><time>2022-09-24T06:10:53Z</time></trkpt><trkpt lat="22.348843914304236" lon="114.17252295241916"><ele>317.98667791044176</ele><time>2022-09-24T06:10:56Z</time></trkpt><trkpt lat="22.348840608961467" lon="114.17250148536046"><ele>317.23890406766066</ele><time>2022-09-24T06:11:01Z</time></trkpt><trkpt lat="22.34883630048595" lon="114.17248169112688"><ele>316.5883204237176</ele><time>2022-09-24T06:11:04Z</time></trkpt><trkpt lat="22.34883362897384" lon="114.17246172934092"><ele>316.2172315842132</ele><time>2022-09-24T06:11:06Z</time></trkpt><trkpt lat="22.348818039176532" lon="114.17244536940714"><ele>316.361613513638</ele><time>2022-09-24T06:11:08Z</time></trkpt><trkpt lat="22.34880198052962" lon="114.17242839369369"><ele>316.101081966565</ele><time>2022-09-24T06:11:10Z</time></trkpt><trkpt lat="22.34878505744762" lon="114.17240514885202"><ele>315.0655060816976</ele><time>2022-09-24T06:11:13Z</time></trkpt><trkpt lat="22.348773479630303" lon="114.17238662978671"><ele>314.18303031173815</ele><time>2022-09-24T06:11:16Z</time></trkpt><trkpt lat="22.348760339502764" lon="114.1723723773228"><ele>314.07807603379507</ele><time>2022-09-24T06:11:19Z</time></trkpt><trkpt lat="22.34873797795046" lon="114.17235060960412"><ele>315.26588298714074</ele><time>2022-09-24T06:11:21Z</time></trkpt><trkpt lat="22.348719592273742" lon="114.17233004003224"><ele>315.45739552458303</ele><time>2022-09-24T06:11:23Z</time></trkpt><trkpt lat="22.348709128380488" lon="114.17231301169973"><ele>315.99917858364313</ele><time>2022-09-24T06:11:29Z</time></trkpt><trkpt lat="22.34871856258578" lon="114.17229483302323"><ele>315.48803103178483</ele><time>2022-09-24T06:11:33Z</time></trkpt><trkpt lat="22.34870537418643" lon="114.17227683881144"><ele>316.23800709463956</ele><time>2022-09-24T06:11:39Z</time></trkpt><trkpt lat="22.34869347053307" lon="114.17225795740524"><ele>315.9058040666064</ele><time>2022-09-24T06:11:43Z</time></trkpt><trkpt lat="22.348694040149685" lon="114.1722362432248"><ele>315.418436173103</ele><time>2022-09-24T06:11:47Z</time></trkpt><trkpt lat="22.34870738242521" lon="114.17221826205545"><ele>315.02482964130854</ele><time>2022-09-24T06:11:50Z</time></trkpt><trkpt lat="22.348706233061275" lon="114.17219020435206"><ele>314.7105875606113</ele><time>2022-09-24T06:11:54Z</time></trkpt><trkpt lat="22.348672930778346" lon="114.17217494147773"><ele>316.3920138862699</ele><time>2022-09-24T06:11:55Z</time></trkpt><trkpt lat="22.348656945644628" lon="114.17216426553446"><ele>314.9889617761992</ele><time>2022-09-24T06:11:56Z</time></trkpt><trkpt lat="22.348641678049095" lon="114.17214757666909"><ele>314.95587780585976</ele><time>2022-09-24T06:11:58Z</time></trkpt><trkpt lat="22.34862250518905" lon="114.17213521641071"><ele>314.8985550948302</ele><time>2022-09-24T06:12:03Z</time></trkpt><trkpt lat="22.348617553577792" lon="114.17211158972773"><ele>314.66952684425394</ele><time>2022-09-24T06:12:05Z</time></trkpt><trkpt lat="22.34859395063229" lon="114.17210654655307"><ele>314.7842819940859</ele><time>2022-09-24T06:12:09Z</time></trkpt><trkpt lat="22.348574347860897" lon="114.1720920044009"><ele>314.35653408321724</ele><time>2022-09-24T06:12:14Z</time></trkpt><trkpt lat="22.348561991202942" lon="114.17206982292389"><ele>314.04059569160086</ele><time>2022-09-24T06:12:17Z</time></trkpt><trkpt lat="22.34854909368389" lon="114.1720517836161"><ele>313.92756305718206</ele><time>2022-09-24T06:12:20Z</time></trkpt><trkpt lat="22.348546445963823" lon="114.17203222441412"><ele>313.63839386661465</ele><time>2022-09-24T06:12:24Z</time></trkpt><trkpt lat="22.34854193141451" lon="114.17200563857178"><ele>313.5641129644562</ele><time>2022-09-24T06:12:27Z</time></trkpt><trkpt lat="22.348543592152332" lon="114.17198220028713"><ele>313.2697272406251</ele><time>2022-09-24T06:12:29Z</time></trkpt><trkpt lat="22.348541206163013" lon="114.17195783512354"><ele>312.7081319132263</ele><time>2022-09-24T06:12:32Z</time></trkpt><trkpt lat="22.34853880298752" lon="114.17193641659827"><ele>312.8925892917577</ele><time>2022-09-24T06:12:36Z</time></trkpt><trkpt lat="22.34852614071047" lon="114.1719220056666"><ele>312.62134938047586</ele><time>2022-09-24T06:12:42Z</time></trkpt><trkpt lat="22.348512117979634" lon="114.17190330325079"><ele>313.2404996986685</ele><time>2022-09-24T06:12:45Z</time></trkpt><trkpt lat="22.348493566531342" lon="114.17190643538298"><ele>313.5013144673395</ele><time>2022-09-24T06:12:48Z</time></trkpt><trkpt lat="22.348474608477787" lon="114.1719050696011"><ele>313.67911352198024</ele><time>2022-09-24T06:12:56Z</time></trkpt><trkpt lat="22.348455040226124" lon="114.17191055216955"><ele>314.66108792328663</ele><time>2022-09-24T06:13:02Z</time></trkpt><trkpt lat="22.348443771337227" lon="114.17192978848821"><ele>316.0677617790898</ele><time>2022-09-24T06:13:07Z</time></trkpt><trkpt lat="22.348437997166574" lon="114.17195130672305"><ele>316.7301779837209</ele><time>2022-09-24T06:13:10Z</time></trkpt><trkpt lat="22.348421223459454" lon="114.17197115814002"><ele>316.80331434637867</ele><time>2022-09-24T06:13:13Z</time></trkpt><trkpt lat="22.348410257238008" lon="114.1719929454561"><ele>316.576211198081</ele><time>2022-09-24T06:13:16Z</time></trkpt><trkpt lat="22.34839005982923" lon="114.17200296470055"><ele>316.3516976149552</ele><time>2022-09-24T06:13:19Z</time></trkpt><trkpt lat="22.348366394657724" lon="114.17201049158585"><ele>315.96715519698733</ele><time>2022-09-24T06:13:21Z</time></trkpt><trkpt lat="22.348342290586654" lon="114.17201856777675"><ele>315.83619178053374</ele><time>2022-09-24T06:13:23Z</time></trkpt><trkpt lat="22.34832160794675" lon="114.17202700437738"><ele>315.4957064940617</ele><time>2022-09-24T06:13:25Z</time></trkpt><trkpt lat="22.348303134657222" lon="114.17203290131256"><ele>315.360249068323</ele><time>2022-09-24T06:13:27Z</time></trkpt><trkpt lat="22.348282604076363" lon="114.17204324215776"><ele>315.4286172902668</ele><time>2022-09-24T06:13:30Z</time></trkpt><trkpt lat="22.348264786069347" lon="114.17203240700668"><ele>315.0308011765063</ele><time>2022-09-24T06:13:33Z</time></trkpt><trkpt lat="22.34824715088531" lon="114.17202424012503"><ele>314.1315400970524</ele><time>2022-09-24T06:13:35Z</time></trkpt><trkpt lat="22.34822884419237" lon="114.17201531082694"><ele>313.62748988237354</ele><time>2022-09-24T06:13:37Z</time></trkpt><trkpt lat="22.348211306585338" lon="114.17199941727857"><ele>313.2333848572767</ele><time>2022-09-24T06:13:40Z</time></trkpt><trkpt lat="22.348188595285105" lon="114.17199002921637"><ele>312.9292437481688</ele><time>2022-09-24T06:13:43Z</time></trkpt><trkpt lat="22.348167267841948" lon="114.17199368484462"><ele>312.89491059131575</ele><time>2022-09-24T06:13:46Z</time></trkpt><trkpt lat="22.348148388729232" lon="114.1720001366068"><ele>313.3714028126989</ele><time>2022-09-24T06:13:49Z</time></trkpt><trkpt lat="22.34812456101536" lon="114.1720050750265"><ele>313.99963594606027</ele><time>2022-09-24T06:13:52Z</time></trkpt><trkpt lat="22.348105095738248" lon="114.1720125337139"><ele>314.7688839261496</ele><time>2022-09-24T06:13:54Z</time></trkpt><trkpt lat="22.34808479449452" lon="114.17202315230573"><ele>315.56097108617575</ele><time>2022-09-24T06:13:57Z</time></trkpt><trkpt lat="22.348076641095858" lon="114.17204439456592"><ele>318.08709500231873</ele><time>2022-09-24T06:14:13Z</time></trkpt><trkpt lat="22.348060686663704" lon="114.17205886836604"><ele>317.9958638057414</ele><time>2022-09-24T06:14:16Z</time></trkpt><trkpt lat="22.348043393015033" lon="114.17207326208747"><ele>317.77550616403505</ele><time>2022-09-24T06:14:18Z</time></trkpt><trkpt lat="22.348018040733372" lon="114.17208956692411"><ele>317.5266826371102</ele><time>2022-09-24T06:14:20Z</time></trkpt><trkpt lat="22.347993528424425" lon="114.17210600665965"><ele>317.29712484240895</ele><time>2022-09-24T06:14:22Z</time></trkpt><trkpt lat="22.34797203237159" lon="114.17211213214097"><ele>317.78627973107075</ele><time>2022-09-24T06:14:24Z</time></trkpt><trkpt lat="22.347953179657196" lon="114.17212540029405"><ele>317.9515553865191</ele><time>2022-09-24T06:14:26Z</time></trkpt><trkpt lat="22.34793757366412" lon="114.17214295272665"><ele>318.0065421116688</ele><time>2022-09-24T06:14:28Z</time></trkpt><trkpt lat="22.34791922125824" lon="114.17216210925122"><ele>317.837188260333</ele><time>2022-09-24T06:14:30Z</time></trkpt><trkpt lat="22.347915042700556" lon="114.17218351982245"><ele>317.59104994790573</ele><time>2022-09-24T06:14:32Z</time></trkpt><trkpt lat="22.347906990796332" lon="114.17220139560284"><ele>317.5858747996286</ele><time>2022-09-24T06:14:34Z</time></trkpt><trkpt lat="22.347901567407458" lon="114.17222463867506"><ele>317.37785035619055</ele><time>2022-09-24T06:14:37Z</time></trkpt><trkpt lat="22.347888136272267" lon="114.1722409845716"><ele>316.74150345932577</ele><time>2022-09-24T06:14:40Z</time></trkpt><trkpt lat="22.34787192413563" lon="114.17225558638795"><ele>316.25180676512656</ele><time>2022-09-24T06:14:42Z</time></trkpt><trkpt lat="22.3478523547029" lon="114.17226877428378"><ele>315.7675854691657</ele><time>2022-09-24T06:14:45Z</time></trkpt><trkpt lat="22.34783515221125" lon="114.17228040326492"><ele>315.5035026979432</ele><time>2022-09-24T06:14:47Z</time></trkpt><trkpt lat="22.347809555715017" lon="114.172279090678"><ele>315.2169990191422</ele><time>2022-09-24T06:14:50Z</time></trkpt><trkpt lat="22.34779131541" lon="114.17228018983211"><ele>314.78837603045116</ele><time>2022-09-24T06:14:52Z</time></trkpt><trkpt lat="22.347771804834096" lon="114.17228597290213"><ele>314.44181899553564</ele><time>2022-09-24T06:14:54Z</time></trkpt><trkpt lat="22.347753767101793" lon="114.17229491130868"><ele>314.1148165989572</ele><time>2022-09-24T06:14:56Z</time></trkpt><trkpt lat="22.347729762835137" lon="114.17230025868973"><ele>313.13172065148086</ele><time>2022-09-24T06:14:59Z</time></trkpt><trkpt lat="22.347710106189137" lon="114.17230497148344"><ele>312.39363650034255</ele><time>2022-09-24T06:15:01Z</time></trkpt><trkpt lat="22.347688908579688" lon="114.17229576377056"><ele>310.93926753549607</ele><time>2022-09-24T06:15:04Z</time></trkpt><trkpt lat="22.34766881564445" lon="114.17230534997101"><ele>309.4626421197962</ele><time>2022-09-24T06:15:10Z</time></trkpt><trkpt lat="22.347647266392773" lon="114.17229942060136"><ele>309.51850221812816</ele><time>2022-09-24T06:15:12Z</time></trkpt><trkpt lat="22.34761848097712" lon="114.17229395415798"><ele>308.96885265921276</ele><time>2022-09-24T06:15:14Z</time></trkpt><trkpt lat="22.34759638438955" lon="114.17230052973993"><ele>303.623262246532</ele><time>2022-09-24T06:15:16Z</time></trkpt><trkpt lat="22.34757864065099" lon="114.17230381119367"><ele>303.0546426028144</ele><time>2022-09-24T06:15:19Z</time></trkpt><trkpt lat="22.347557245688602" lon="114.17230444389746"><ele>302.386325742388</ele><time>2022-09-24T06:15:24Z</time></trkpt><trkpt lat="22.347538192676648" lon="114.1722977638"><ele>301.6886499966268</ele><time>2022-09-24T06:15:27Z</time></trkpt><trkpt lat="22.347518567619726" lon="114.17228971801744"><ele>301.1267138581789</ele><time>2022-09-24T06:15:30Z</time></trkpt><trkpt lat="22.347493609424372" lon="114.17229134070249"><ele>301.0330505243149</ele><time>2022-09-24T06:15:32Z</time></trkpt><trkpt lat="22.347466299241734" lon="114.17229350816177"><ele>301.0669722121738</ele><time>2022-09-24T06:15:35Z</time></trkpt><trkpt lat="22.347445654253015" lon="114.17228914666144"><ele>301.0165898726148</ele><time>2022-09-24T06:15:37Z</time></trkpt><trkpt lat="22.34742319386087" lon="114.17227640081592"><ele>300.06236187767917</ele><time>2022-09-24T06:15:40Z</time></trkpt><trkpt lat="22.34740749276941" lon="114.17225896022607"><ele>298.75179601653304</ele><time>2022-09-24T06:15:43Z</time></trkpt><trkpt lat="22.34739160595745" lon="114.17224845082985"><ele>298.3614101875321</ele><time>2022-09-24T06:16:39Z</time></trkpt><trkpt lat="22.34739347236881" lon="114.17222585712811"><ele>298.120469043788</ele><time>2022-09-24T06:16:41Z</time></trkpt><trkpt lat="22.347404476322044" lon="114.17220259528821"><ele>297.8068271223955</ele><time>2022-09-24T06:16:43Z</time></trkpt><trkpt lat="22.347401433756275" lon="114.17218221604152"><ele>297.4764211197992</ele><time>2022-09-24T06:16:44Z</time></trkpt><trkpt lat="22.347405545930346" lon="114.17215702295238"><ele>296.99069088659746</ele><time>2022-09-24T06:16:48Z</time></trkpt><trkpt lat="22.347406132552806" lon="114.17213305622576"><ele>296.8812528407046</ele><time>2022-09-24T06:16:52Z</time></trkpt><trkpt lat="22.347421995891974" lon="114.17211431507194"><ele>296.80556728358056</ele><time>2022-09-24T06:16:56Z</time></trkpt><trkpt lat="22.34743762254922" lon="114.17210323432991"><ele>296.341853922212</ele><time>2022-09-24T06:16:58Z</time></trkpt><trkpt lat="22.347456717125045" lon="114.17208627684062"><ele>295.51444100457127</ele><time>2022-09-24T06:17:01Z</time></trkpt><trkpt lat="22.34747672076417" lon="114.17206794105869"><ele>294.55820647880785</ele><time>2022-09-24T06:17:04Z</time></trkpt><trkpt lat="22.34749048575084" lon="114.17205373673045"><ele>294.2095726221016</ele><time>2022-09-24T06:17:06Z</time></trkpt><trkpt lat="22.34750369686775" lon="114.17203209383698"><ele>294.05415773421504</ele><time>2022-09-24T06:17:09Z</time></trkpt><trkpt lat="22.347506838687348" lon="114.17201003244526"><ele>294.1245374270338</ele><time>2022-09-24T06:17:11Z</time></trkpt><trkpt lat="22.34750802428163" lon="114.17199014937981"><ele>293.8629607901111</ele><time>2022-09-24T06:17:13Z</time></trkpt><trkpt lat="22.34750455951048" lon="114.17196435437171"><ele>292.8631053690621</ele><time>2022-09-24T06:17:17Z</time></trkpt><trkpt lat="22.347499124451673" lon="114.17194308065163"><ele>291.9479326710202</ele><time>2022-09-24T06:17:20Z</time></trkpt><trkpt lat="22.347495422869585" lon="114.1719236914135"><ele>291.4457309716121</ele><time>2022-09-24T06:17:23Z</time></trkpt><trkpt lat="22.347501848339867" lon="114.17190054024466"><ele>290.60017363358213</ele><time>2022-09-24T06:17:26Z</time></trkpt><trkpt lat="22.34749671617383" lon="114.1718808643386"><ele>290.12903885413516</ele><time>2022-09-24T06:17:29Z</time></trkpt><trkpt lat="22.347488831765748" lon="114.17186086296482"><ele>290.927307827506</ele><time>2022-09-24T06:17:31Z</time></trkpt><trkpt lat="22.347485554636005" lon="114.17183518161518"><ele>291.1915764217157</ele><time>2022-09-24T06:17:33Z</time></trkpt><trkpt lat="22.34748417991857" lon="114.17181256739188"><ele>291.3746105035899</ele><time>2022-09-24T06:17:35Z</time></trkpt><trkpt lat="22.347490634292345" lon="114.17179385526472"><ele>291.55364412145576</ele><time>2022-09-24T06:17:37Z</time></trkpt><trkpt lat="22.347500153248713" lon="114.17177702665765"><ele>291.33967851069264</ele><time>2022-09-24T06:17:40Z</time></trkpt><trkpt lat="22.34749808750411" lon="114.17174521724644"><ele>290.46778774753665</ele><time>2022-09-24T06:17:48Z</time></trkpt><trkpt lat="22.34750340450669" lon="114.17171811787372"><ele>289.86048392045006</ele><time>2022-09-24T06:17:51Z</time></trkpt><trkpt lat="22.34750313054148" lon="114.1716978184855"><ele>289.5254818757874</ele><time>2022-09-24T06:17:52Z</time></trkpt><trkpt lat="22.347513623664597" lon="114.17165901653449"><ele>289.23217642745374</ele><time>2022-09-24T06:17:54Z</time></trkpt><trkpt lat="22.34752888763039" lon="114.17164477699428"><ele>289.30507095510654</ele><time>2022-09-24T06:17:56Z</time></trkpt><trkpt lat="22.34753868665706" lon="114.17162610312565"><ele>289.6716219844199</ele><time>2022-09-24T06:18:00Z</time></trkpt><trkpt lat="22.34754713024661" lon="114.17160691742448"><ele>289.5606280860475</ele><time>2022-09-24T06:18:02Z</time></trkpt><trkpt lat="22.347561606757196" lon="114.17158917564687"><ele>289.6074013669621</ele><time>2022-09-24T06:18:04Z</time></trkpt><trkpt lat="22.347576190307382" lon="114.17156462234905"><ele>289.6187189208109</ele><time>2022-09-24T06:18:08Z</time></trkpt><trkpt lat="22.347589324066618" lon="114.1715345405191"><ele>289.3782311759783</ele><time>2022-09-24T06:18:11Z</time></trkpt><trkpt lat="22.347600574710192" lon="114.17151429239658"><ele>288.83348094099176</ele><time>2022-09-24T06:18:13Z</time></trkpt><trkpt lat="22.34761045153322" lon="114.1714969650604"><ele>288.2108675618386</ele><time>2022-09-24T06:18:15Z</time></trkpt><trkpt lat="22.34762656204871" lon="114.17148477001898"><ele>287.4317570499053</ele><time>2022-09-24T06:18:18Z</time></trkpt><trkpt lat="22.347641380711572" lon="114.17146536385768"><ele>284.28942537260906</ele><time>2022-09-24T06:18:20Z</time></trkpt><trkpt lat="22.347648510516407" lon="114.17144537138718"><ele>282.10333868556245</ele><time>2022-09-24T06:18:22Z</time></trkpt><trkpt lat="22.347641646257824" lon="114.1714265495704"><ele>282.3956890155581</ele><time>2022-09-24T06:18:24Z</time></trkpt><trkpt lat="22.347637892526144" lon="114.17140484888222"><ele>282.3622834142976</ele><time>2022-09-24T06:18:25Z</time></trkpt><trkpt lat="22.34764371637383" lon="114.17138610711326"><ele>282.26623173722004</ele><time>2022-09-24T06:18:30Z</time></trkpt><trkpt lat="22.347640118671613" lon="114.17136611754181"><ele>281.84446816580385</ele><time>2022-09-24T06:18:34Z</time></trkpt><trkpt lat="22.34763738348637" lon="114.1713426309234"><ele>281.64063074048187</ele><time>2022-09-24T06:18:37Z</time></trkpt><trkpt lat="22.347620714112978" lon="114.17132594002621"><ele>282.1232925519706</ele><time>2022-09-24T06:18:38Z</time></trkpt><trkpt lat="22.347601292096968" lon="114.17131861096668"><ele>283.54353667267037</ele><time>2022-09-24T06:18:40Z</time></trkpt><trkpt lat="22.34758462227868" lon="114.17130991601468"><ele>285.30899646561335</ele><time>2022-09-24T06:18:43Z</time></trkpt><trkpt lat="22.34759359671844" lon="114.17128885514992"><ele>284.95925614520564</ele><time>2022-09-24T06:18:48Z</time></trkpt><trkpt lat="22.34758739900831" lon="114.17125484040847"><ele>284.3441128669682</ele><time>2022-09-24T06:18:54Z</time></trkpt><trkpt lat="22.347576241349582" lon="114.17123526555054"><ele>284.8964203956231</ele><time>2022-09-24T06:18:58Z</time></trkpt><trkpt lat="22.347563158404714" lon="114.17121889016254"><ele>283.7773243602141</ele><time>2022-09-24T06:19:04Z</time></trkpt><trkpt lat="22.347545023065415" lon="114.1712081369619"><ele>283.41059946174533</ele><time>2022-09-24T06:19:08Z</time></trkpt><trkpt lat="22.34753247609616" lon="114.17122439868646"><ele>285.60898295032285</ele><time>2022-09-24T06:19:11Z</time></trkpt><trkpt lat="22.347514124527564" lon="114.17123045537521"><ele>285.9568171689698</ele><time>2022-09-24T06:19:16Z</time></trkpt><trkpt lat="22.3474988970291" lon="114.1712151737407"><ele>285.70878513001566</ele><time>2022-09-24T06:19:19Z</time></trkpt><trkpt lat="22.3474855743305" lon="114.1711925385138"><ele>285.48676585198376</ele><time>2022-09-24T06:19:22Z</time></trkpt><trkpt lat="22.347468355819114" lon="114.17117713431395"><ele>285.58296013899445</ele><time>2022-09-24T06:19:25Z</time></trkpt><trkpt lat="22.34744199805765" lon="114.17116363615193"><ele>287.8167800484897</ele><time>2022-09-24T06:19:26Z</time></trkpt><trkpt lat="22.347419112280615" lon="114.17115905389323"><ele>288.0752959425221</ele><time>2022-09-24T06:19:30Z</time></trkpt><trkpt lat="22.34740072703349" lon="114.17114585473713"><ele>287.973306059453</ele><time>2022-09-24T06:19:33Z</time></trkpt><trkpt lat="22.347382227995762" lon="114.17113424581655"><ele>287.9039862913718</ele><time>2022-09-24T06:19:36Z</time></trkpt><trkpt lat="22.34736115168678" lon="114.17113001850517"><ele>287.9971191082908</ele><time>2022-09-24T06:19:39Z</time></trkpt><trkpt lat="22.347337053420034" lon="114.17112441987196"><ele>287.92040775125946</ele><time>2022-09-24T06:19:42Z</time></trkpt><trkpt lat="22.347314502930345" lon="114.17112223577324"><ele>287.63891108477986</ele><time>2022-09-24T06:19:44Z</time></trkpt><trkpt lat="22.347288803486126" lon="114.171114764506"><ele>288.32521089445663</ele><time>2022-09-24T06:19:47Z</time></trkpt><trkpt lat="22.347265791717835" lon="114.17110560144663"><ele>288.3981099866498</ele><time>2022-09-24T06:19:50Z</time></trkpt><trkpt lat="22.34722421830407" lon="114.17110718366216"><ele>287.9103982553007</ele><time>2022-09-24T06:19:53Z</time></trkpt><trkpt lat="22.347204585881364" lon="114.17111662489384"><ele>287.7907820544673</ele><time>2022-09-24T06:19:55Z</time></trkpt><trkpt lat="22.347184673782838" lon="114.17111493484249"><ele>287.1620961974601</ele><time>2022-09-24T06:19:58Z</time></trkpt><trkpt lat="22.347162601721575" lon="114.17111112481014"><ele>286.9718766811575</ele><time>2022-09-24T06:20:00Z</time></trkpt><trkpt lat="22.34714435954147" lon="114.17110574921776"><ele>286.66180176199214</ele><time>2022-09-24T06:20:02Z</time></trkpt><trkpt lat="22.347128879868677" lon="114.17109474368631"><ele>286.55418787098915</ele><time>2022-09-24T06:20:05Z</time></trkpt><trkpt lat="22.347117896347623" lon="114.17107458873946"><ele>286.15096804708753</ele><time>2022-09-24T06:20:08Z</time></trkpt><trkpt lat="22.34710035184133" lon="114.17104998969334"><ele>286.4424708146561</ele><time>2022-09-24T06:20:10Z</time></trkpt><trkpt lat="22.347089441017353" lon="114.17103425782719"><ele>286.6751229949453</ele><time>2022-09-24T06:20:11Z</time></trkpt><trkpt lat="22.347084121306732" lon="114.17100382294751"><ele>286.58342257095256</ele><time>2022-09-24T06:20:13Z</time></trkpt><trkpt lat="22.347067544503442" lon="114.17098377716711"><ele>285.6666978449137</ele><time>2022-09-24T06:20:16Z</time></trkpt><trkpt lat="22.347080661896097" lon="114.17096456668442"><ele>284.8176469878557</ele><time>2022-09-24T06:20:24Z</time></trkpt><trkpt lat="22.34707849225768" lon="114.17094121232668"><ele>284.64155794638964</ele><time>2022-09-24T06:20:27Z</time></trkpt><trkpt lat="22.347059017788524" lon="114.17092667114923"><ele>284.3355773402955</ele><time>2022-09-24T06:20:34Z</time></trkpt><trkpt lat="22.347038524624118" lon="114.17091037226638"><ele>284.36539775107934</ele><time>2022-09-24T06:20:37Z</time></trkpt><trkpt lat="22.34702047367664" lon="114.17090503033344"><ele>284.2937326365958</ele><time>2022-09-24T06:20:40Z</time></trkpt><trkpt lat="22.346997332879006" lon="114.17089581304023"><ele>284.25695123729054</ele><time>2022-09-24T06:20:43Z</time></trkpt><trkpt lat="22.346983339033414" lon="114.17088069234362"><ele>284.1784737172833</ele><time>2022-09-24T06:20:47Z</time></trkpt><trkpt lat="22.34697410147313" lon="114.17085850410851"><ele>284.2903369491226</ele><time>2022-09-24T06:21:00Z</time></trkpt><trkpt lat="22.346965043481983" lon="114.17083572133136"><ele>283.8438955007654</ele><time>2022-09-24T06:21:03Z</time></trkpt><trkpt lat="22.346947560157826" lon="114.17081975518394"><ele>282.6741086263138</ele><time>2022-09-24T06:21:05Z</time></trkpt><trkpt lat="22.34694867300268" lon="114.17079071003504"><ele>282.9458173916834</ele><time>2022-09-24T06:21:07Z</time></trkpt><trkpt lat="22.34694309951376" lon="114.17076826614112"><ele>282.55963614960126</ele><time>2022-09-24T06:21:12Z</time></trkpt><trkpt lat="22.346939084774185" lon="114.17074442653177"><ele>281.6160635775413</ele><time>2022-09-24T06:21:19Z</time></trkpt><trkpt lat="22.34692980477264" lon="114.17072576911508"><ele>281.46902744238866</ele><time>2022-09-24T06:21:23Z</time></trkpt><trkpt lat="22.346916220015935" lon="114.17070747110759"><ele>282.0851002174009</ele><time>2022-09-24T06:21:26Z</time></trkpt><trkpt lat="22.34690576666807" lon="114.17068835685691"><ele>282.83431607124146</ele><time>2022-09-24T06:21:29Z</time></trkpt><trkpt lat="22.34689411180884" lon="114.17067052998713"><ele>282.6096966500986</ele><time>2022-09-24T06:21:33Z</time></trkpt><trkpt lat="22.34687595419397" lon="114.17066235211344"><ele>282.3673984413489</ele><time>2022-09-24T06:21:36Z</time></trkpt><trkpt lat="22.34685568260347" lon="114.17065576864104"><ele>282.37742808035387</ele><time>2022-09-24T06:21:37Z</time></trkpt><trkpt lat="22.34684035107409" lon="114.17064097045896"><ele>282.5687835532942</ele><time>2022-09-24T06:21:42Z</time></trkpt><trkpt lat="22.346817105871132" lon="114.17063555757578"><ele>282.2790157009273</ele><time>2022-09-24T06:21:46Z</time></trkpt><trkpt lat="22.346795826146742" lon="114.17064311431974"><ele>282.7724578745674</ele><time>2022-09-24T06:21:49Z</time></trkpt><trkpt lat="22.34677565495017" lon="114.17064030399578"><ele>283.8149661562931</ele><time>2022-09-24T06:21:54Z</time></trkpt><trkpt lat="22.3467554634606" lon="114.17062457400249"><ele>284.28445999621437</ele><time>2022-09-24T06:21:57Z</time></trkpt><trkpt lat="22.346733479711997" lon="114.17060713134968"><ele>285.24287899381403</ele><time>2022-09-24T06:21:58Z</time></trkpt><trkpt lat="22.346715772958195" lon="114.17060290098352"><ele>285.4035279303837</ele><time>2022-09-24T06:22:00Z</time></trkpt><trkpt lat="22.34669656904584" lon="114.17060629696628"><ele>285.13907331026974</ele><time>2022-09-24T06:22:03Z</time></trkpt><trkpt lat="22.34667687740066" lon="114.17060608144536"><ele>284.05479625290553</ele><time>2022-09-24T06:22:06Z</time></trkpt><trkpt lat="22.34665418884016" lon="114.17059043093853"><ele>282.3702413610366</ele><time>2022-09-24T06:22:10Z</time></trkpt><trkpt lat="22.346639391125827" lon="114.1705708888194"><ele>281.46199464093684</ele><time>2022-09-24T06:22:15Z</time></trkpt><trkpt lat="22.34661525281352" lon="114.17055608213447"><ele>280.6222544554123</ele><time>2022-09-24T06:22:17Z</time></trkpt><trkpt lat="22.34659452274197" lon="114.17054385695539"><ele>280.42288814040984</ele><time>2022-09-24T06:22:21Z</time></trkpt><trkpt lat="22.346575813913713" lon="114.17053162468166"><ele>280.25284827873605</ele><time>2022-09-24T06:22:25Z</time></trkpt><trkpt lat="22.34656334241615" lon="114.1705144691336"><ele>279.70318294055807</ele><time>2022-09-24T06:22:29Z</time></trkpt><trkpt lat="22.34655759122486" lon="114.17049293007373"><ele>279.31435184911703</ele><time>2022-09-24T06:22:33Z</time></trkpt><trkpt lat="22.34655393540227" lon="114.17047201135377"><ele>278.7531299097734</ele><time>2022-09-24T06:22:42Z</time></trkpt><trkpt lat="22.3465509285506" lon="114.17044741195005"><ele>279.6247160150287</ele><time>2022-09-24T06:22:46Z</time></trkpt><trkpt lat="22.3465529439821" lon="114.17042311127068"><ele>280.0842049799948</ele><time>2022-09-24T06:22:49Z</time></trkpt><trkpt lat="22.346543644596583" lon="114.1703958811268"><ele>280.1390001833479</ele><time>2022-09-24T06:22:51Z</time></trkpt><trkpt lat="22.34653775386536" lon="114.1703711592082"><ele>280.4830039028865</ele><time>2022-09-24T06:22:54Z</time></trkpt><trkpt lat="22.346533317181756" lon="114.1703519664282"><ele>280.64019615760793</ele><time>2022-09-24T06:22:56Z</time></trkpt><trkpt lat="22.34652411833063" lon="114.17033252187413"><ele>281.0490308481023</ele><time>2022-09-24T06:22:58Z</time></trkpt><trkpt lat="22.346521101470408" lon="114.17030896059563"><ele>281.82697153302155</ele><time>2022-09-24T06:23:31Z</time></trkpt><trkpt lat="22.346531712872128" lon="114.17029166820052"><ele>282.2600124263602</ele><time>2022-09-24T06:23:33Z</time></trkpt><trkpt lat="22.346551583123503" lon="114.17026440486899"><ele>282.70082718545655</ele><time>2022-09-24T06:23:35Z</time></trkpt><trkpt lat="22.34655682221455" lon="114.1702448251805"><ele>283.01455877051364</ele><time>2022-09-24T06:23:37Z</time></trkpt><trkpt lat="22.346565771533275" lon="114.17022559312639"><ele>283.5113318811194</ele><time>2022-09-24T06:23:39Z</time></trkpt><trkpt lat="22.34658052397083" lon="114.17020433381907"><ele>284.28258961495015</ele><time>2022-09-24T06:23:43Z</time></trkpt><trkpt lat="22.346592030812097" lon="114.17018089745281"><ele>283.8274018660569</ele><time>2022-09-24T06:23:46Z</time></trkpt><trkpt lat="22.346587869232135" lon="114.17015547323496"><ele>283.6106401435632</ele><time>2022-09-24T06:23:49Z</time></trkpt><trkpt lat="22.346593297107397" lon="114.17012915960308"><ele>283.0117391524886</ele><time>2022-09-24T06:23:53Z</time></trkpt><trkpt lat="22.346604622475276" lon="114.17011269561289"><ele>282.54386894291406</ele><time>2022-09-24T06:23:56Z</time></trkpt><trkpt lat="22.346609207175906" lon="114.17009301882032"><ele>280.97807870243537</ele><time>2022-09-24T06:24:01Z</time></trkpt><trkpt lat="22.346615491047018" lon="114.17006941653864"><ele>280.7077775911747</ele><time>2022-09-24T06:24:04Z</time></trkpt><trkpt lat="22.34661654677174" lon="114.17004941207"><ele>280.52922529960347</ele><time>2022-09-24T06:24:06Z</time></trkpt><trkpt lat="22.34662413455371" lon="114.17002746257718"><ele>280.2282375889888</ele><time>2022-09-24T06:24:09Z</time></trkpt><trkpt lat="22.346640149004642" lon="114.17001781419431"><ele>279.6077961938837</ele><time>2022-09-24T06:24:11Z</time></trkpt><trkpt lat="22.346660450540806" lon="114.17001343277111"><ele>279.48829790547325</ele><time>2022-09-24T06:24:14Z</time></trkpt><trkpt lat="22.346684925786626" lon="114.17001539907744"><ele>278.3789715353944</ele><time>2022-09-24T06:24:17Z</time></trkpt><trkpt lat="22.346705860488356" lon="114.1700129508985"><ele>277.2433976987759</ele><time>2022-09-24T06:24:20Z</time></trkpt><trkpt lat="22.346722575922985" lon="114.16999550449036"><ele>276.674923873933</ele><time>2022-09-24T06:24:22Z</time></trkpt><trkpt lat="22.346743165540452" lon="114.16998910978032"><ele>276.9423688969525</ele><time>2022-09-24T06:24:25Z</time></trkpt><trkpt lat="22.34676723823951" lon="114.1699863756588"><ele>276.68392692100963</ele><time>2022-09-24T06:24:28Z</time></trkpt><trkpt lat="22.346786559895346" lon="114.16998454141618"><ele>276.1964518486429</ele><time>2022-09-24T06:24:31Z</time></trkpt><trkpt lat="22.346800676309904" lon="114.16996796827793"><ele>276.05327968251044</ele><time>2022-09-24T06:24:35Z</time></trkpt><trkpt lat="22.34681185701414" lon="114.16994413309165"><ele>276.34246036650853</ele><time>2022-09-24T06:24:39Z</time></trkpt><trkpt lat="22.346813862020436" lon="114.16992364124961"><ele>275.80062818079097</ele><time>2022-09-24T06:24:42Z</time></trkpt><trkpt lat="22.34681073164806" lon="114.16990290382228"><ele>275.45336774953677</ele><time>2022-09-24T06:24:44Z</time></trkpt><trkpt lat="22.34680047573534" lon="114.16988273367343"><ele>275.1167615886221</ele><time>2022-09-24T06:24:48Z</time></trkpt><trkpt lat="22.346800117830917" lon="114.16985822736704"><ele>274.8972958374938</ele><time>2022-09-24T06:24:52Z</time></trkpt><trkpt lat="22.346804619518213" lon="114.16983381784529"><ele>274.55752704275295</ele><time>2022-09-24T06:24:55Z</time></trkpt><trkpt lat="22.34680009187892" lon="114.169807065246"><ele>273.5734404515917</ele><time>2022-09-24T06:24:58Z</time></trkpt><trkpt lat="22.346800334818305" lon="114.16978715945318"><ele>273.3297013340218</ele><time>2022-09-24T06:25:00Z</time></trkpt><trkpt lat="22.34681335062629" lon="114.16974981898315"><ele>272.4522566496305</ele><time>2022-09-24T06:25:03Z</time></trkpt><trkpt lat="22.346818728581002" lon="114.16972528673828"><ele>272.18682102459894</ele><time>2022-09-24T06:25:08Z</time></trkpt><trkpt lat="22.346815956208154" lon="114.16970193429646"><ele>271.3196299534443</ele><time>2022-09-24T06:25:20Z</time></trkpt><trkpt lat="22.346817679382944" lon="114.16967747298857"><ele>270.18931269712664</ele><time>2022-09-24T06:25:24Z</time></trkpt><trkpt lat="22.346820283842092" lon="114.16965004154014"><ele>269.51888389825706</ele><time>2022-09-24T06:25:27Z</time></trkpt><trkpt lat="22.346814805745996" lon="114.16962864831957"><ele>269.4892868657889</ele><time>2022-09-24T06:25:29Z</time></trkpt><trkpt lat="22.346815325554182" lon="114.169605670577"><ele>268.52775106676256</ele><time>2022-09-24T06:25:33Z</time></trkpt><trkpt lat="22.346829682967975" lon="114.16959276611865"><ele>264.64090166690545</ele><time>2022-09-24T06:25:40Z</time></trkpt><trkpt lat="22.34680987111282" lon="114.16958819291371"><ele>264.3842730563648</ele><time>2022-09-24T06:26:18Z</time></trkpt><trkpt lat="22.34678985474694" lon="114.16958008467954"><ele>263.6721757788974</ele><time>2022-09-24T06:26:44Z</time></trkpt><trkpt lat="22.34677270553704" lon="114.16959448585007"><ele>263.70826691515987</ele><time>2022-09-24T06:27:09Z</time></trkpt><trkpt lat="22.346792185193497" lon="114.16961482473086"><ele>263.6591417652706</ele><time>2022-09-24T06:27:46Z</time></trkpt><trkpt lat="22.34677388929098" lon="114.16960281268322"><ele>264.40283840472995</ele><time>2022-09-24T06:27:58Z</time></trkpt><trkpt lat="22.34679402019851" lon="114.16961776660557"><ele>263.7591563722811</ele><time>2022-09-24T06:28:02Z</time></trkpt><trkpt lat="22.34680292547891" lon="114.16963688816247"><ele>263.58255604626316</ele><time>2022-09-24T06:28:06Z</time></trkpt><trkpt lat="22.346785687435588" lon="114.16963071963455"><ele>265.1084028797147</ele><time>2022-09-24T06:28:14Z</time></trkpt><trkpt lat="22.346783994579233" lon="114.16965034984169"><ele>265.1059745033994</ele><time>2022-09-24T06:28:29Z</time></trkpt><trkpt lat="22.346783640048237" lon="114.16962634984388"><ele>265.24821539616505</ele><time>2022-09-24T06:28:37Z</time></trkpt><trkpt lat="22.346726753056736" lon="114.16963714038272"><ele>265.71731703044395</ele><time>2022-09-24T06:29:04Z</time></trkpt><trkpt lat="22.346717916113246" lon="114.16961122019089"><ele>266.98492695778697</ele><time>2022-09-24T06:29:19Z</time></trkpt><trkpt lat="22.346706393734845" lon="114.1695928281785"><ele>266.6701803793339</ele><time>2022-09-24T06:29:33Z</time></trkpt><trkpt lat="22.346724253686222" lon="114.16958334175135"><ele>266.34867070703694</ele><time>2022-09-24T06:29:53Z</time></trkpt><trkpt lat="22.346738745379895" lon="114.16957128470554"><ele>266.28444055732666</ele><time>2022-09-24T06:29:59Z</time></trkpt><trkpt lat="22.346763767369506" lon="114.16957184089583"><ele>265.98975926159636</ele><time>2022-09-24T06:30:04Z</time></trkpt><trkpt lat="22.34678159610965" lon="114.16956884436532"><ele>266.0444232789603</ele><time>2022-09-24T06:30:13Z</time></trkpt><trkpt lat="22.346763059231588" lon="114.16956682852602"><ele>265.7755759550265</ele><time>2022-09-24T06:30:19Z</time></trkpt><trkpt lat="22.34674455918151" lon="114.16955494667403"><ele>266.40377200100664</ele><time>2022-09-24T06:30:33Z</time></trkpt><trkpt lat="22.346729280966407" lon="114.16953480132841"><ele>267.33177195384616</ele><time>2022-09-24T06:30:37Z</time></trkpt><trkpt lat="22.346707471762123" lon="114.16952177403667"><ele>268.0090339924774</ele><time>2022-09-24T06:30:39Z</time></trkpt><trkpt lat="22.346691625691044" lon="114.16953242861632"><ele>269.2757947140002</ele><time>2022-09-24T06:30:44Z</time></trkpt><trkpt lat="22.346677263993477" lon="114.16952015505954"><ele>270.3374921093682</ele><time>2022-09-24T06:30:48Z</time></trkpt><trkpt lat="22.346657493459904" lon="114.16951839937278"><ele>269.6739025394148</ele><time>2022-09-24T06:30:54Z</time></trkpt><trkpt lat="22.34663622097478" lon="114.16952276411536"><ele>270.085926092144</ele><time>2022-09-24T06:31:31Z</time></trkpt><trkpt lat="22.34661517715299" lon="114.16951959262455"><ele>269.8075309119414</ele><time>2022-09-24T06:31:34Z</time></trkpt><trkpt lat="22.346592532472595" lon="114.16952554667706"><ele>269.67894857565693</ele><time>2022-09-24T06:31:38Z</time></trkpt><trkpt lat="22.34656598462415" lon="114.16952633725228"><ele>269.59575678428314</ele><time>2022-09-24T06:31:41Z</time></trkpt><trkpt lat="22.34654482817976" lon="114.16951728342973"><ele>269.9167380452723</ele><time>2022-09-24T06:31:44Z</time></trkpt><trkpt lat="22.34652535625942" lon="114.16951718416087"><ele>270.210819432515</ele><time>2022-09-24T06:31:48Z</time></trkpt><trkpt lat="22.3465061005878" lon="114.16950740732817"><ele>270.11411957623704</ele><time>2022-09-24T06:31:53Z</time></trkpt><trkpt lat="22.34648984825959" lon="114.1694977917822"><ele>268.8670367365446</ele><time>2022-09-24T06:32:16Z</time></trkpt><trkpt lat="22.346470912913333" lon="114.16949338631808"><ele>268.4921962807277</ele><time>2022-09-24T06:32:24Z</time></trkpt><trkpt lat="22.346456950624933" lon="114.16947793556331"><ele>269.04651824266654</ele><time>2022-09-24T06:32:34Z</time></trkpt><trkpt lat="22.346456347584834" lon="114.16945704349101"><ele>269.3492111844756</ele><time>2022-09-24T06:32:38Z</time></trkpt><trkpt lat="22.34644624890174" lon="114.16943978066334"><ele>269.45071278206126</ele><time>2022-09-24T06:32:40Z</time></trkpt><trkpt lat="22.346432300307086" lon="114.16942553939265"><ele>269.4935651630742</ele><time>2022-09-24T06:32:42Z</time></trkpt><trkpt lat="22.346419381403944" lon="114.16941074925802"><ele>269.2166508919392</ele><time>2022-09-24T06:32:45Z</time></trkpt><trkpt lat="22.34638745996586" lon="114.1694065317137"><ele>267.5281802290387</ele><time>2022-09-24T06:32:47Z</time></trkpt><trkpt lat="22.346389846220028" lon="114.16938479808972"><ele>263.8160363883537</ele><time>2022-09-24T06:32:49Z</time></trkpt><trkpt lat="22.34637169919664" lon="114.16936708165258"><ele>264.6162490918152</ele><time>2022-09-24T06:32:52Z</time></trkpt><trkpt lat="22.346366111535325" lon="114.16934764873703"><ele>264.4535054541911</ele><time>2022-09-24T06:32:55Z</time></trkpt><trkpt lat="22.346376062363174" lon="114.16932786978518"><ele>264.0699181801849</ele><time>2022-09-24T06:32:58Z</time></trkpt><trkpt lat="22.346367568921345" lon="114.16931027292507"><ele>262.4715838159607</ele><time>2022-09-24T06:33:10Z</time></trkpt><trkpt lat="22.34635893860679" lon="114.1692858196638"><ele>262.03608668125116</ele><time>2022-09-24T06:33:28Z</time></trkpt><trkpt lat="22.346344020770815" lon="114.16927019061555"><ele>261.37270404435014</ele><time>2022-09-24T06:33:30Z</time></trkpt><trkpt lat="22.346324772493798" lon="114.16925494841523"><ele>261.28928722395983</ele><time>2022-09-24T06:33:54Z</time></trkpt><trkpt lat="22.346340957610565" lon="114.16923116161009"><ele>254.46782846905458</ele><time>2022-09-24T06:34:04Z</time></trkpt><trkpt lat="22.34632559697935" lon="114.16921911764469"><ele>254.91056573342593</ele><time>2022-09-24T06:34:39Z</time></trkpt><trkpt lat="22.346301536719796" lon="114.16921790398563"><ele>257.2308486546527</ele><time>2022-09-24T06:35:06Z</time></trkpt><trkpt lat="22.346285008122905" lon="114.16922713096277"><ele>258.17757039516067</ele><time>2022-09-24T06:35:42Z</time></trkpt><trkpt lat="22.34625563665831" lon="114.16924266711055"><ele>255.684940446044</ele><time>2022-09-24T06:37:07Z</time></trkpt><trkpt lat="22.346267589280593" lon="114.16922619674142"><ele>255.39350560281696</ele><time>2022-09-24T06:37:56Z</time></trkpt><trkpt lat="22.346281899615345" lon="114.16920632775185"><ele>255.1806005168833</ele><time>2022-09-24T06:38:10Z</time></trkpt><trkpt lat="22.34629377993458" lon="114.16918767085478"><ele>254.9730093943908</ele><time>2022-09-24T06:38:12Z</time></trkpt><trkpt lat="22.34630212113895" lon="114.1691669535503"><ele>254.32910754286584</ele><time>2022-09-24T06:38:19Z</time></trkpt><trkpt lat="22.34630495371093" lon="114.16914502743624"><ele>254.55581685576684</ele><time>2022-09-24T06:38:21Z</time></trkpt><trkpt lat="22.34631687825684" lon="114.16911632398542"><ele>255.30244806737218</ele><time>2022-09-24T06:38:26Z</time></trkpt><trkpt lat="22.346320838850225" lon="114.16908881297802"><ele>255.48317307098114</ele><time>2022-09-24T06:38:29Z</time></trkpt><trkpt lat="22.346316739839335" lon="114.16905989008391"><ele>255.83081733113866</ele><time>2022-09-24T06:38:31Z</time></trkpt><trkpt lat="22.346313805397582" lon="114.16903884300076"><ele>256.10626584388405</ele><time>2022-09-24T06:38:33Z</time></trkpt><trkpt lat="22.346308654227098" lon="114.16901318772315"><ele>256.06515864186963</ele><time>2022-09-24T06:38:37Z</time></trkpt><trkpt lat="22.346306431253677" lon="114.16898918794377"><ele>256.7717621170071</ele><time>2022-09-24T06:38:40Z</time></trkpt><trkpt lat="22.346314692322974" lon="114.16896659798033"><ele>256.5878007376734</ele><time>2022-09-24T06:38:43Z</time></trkpt><trkpt lat="22.34631963479927" lon="114.16894239229343"><ele>256.2259414468653</ele><time>2022-09-24T06:38:48Z</time></trkpt><trkpt lat="22.34633538057097" lon="114.16893208388622"><ele>255.94599405072327</ele><time>2022-09-24T06:38:51Z</time></trkpt><trkpt lat="22.34634039660086" lon="114.168911288236"><ele>256.5458998687018</ele><time>2022-09-24T06:38:58Z</time></trkpt><trkpt lat="22.34632595911794" lon="114.16889568683274"><ele>257.0781307585314</ele><time>2022-09-24T06:39:02Z</time></trkpt><trkpt lat="22.346309061848775" lon="114.16888684942964"><ele>257.4980271359937</ele><time>2022-09-24T06:39:05Z</time></trkpt><trkpt lat="22.34630248389372" lon="114.16886512597539"><ele>257.35445503372534</ele><time>2022-09-24T06:39:28Z</time></trkpt><trkpt lat="22.346298173436765" lon="114.16884537505186"><ele>257.3738597786128</ele><time>2022-09-24T06:39:30Z</time></trkpt><trkpt lat="22.346314520149374" lon="114.16883561764499"><ele>257.95415488247335</ele><time>2022-09-24T06:39:33Z</time></trkpt><trkpt lat="22.346316667188056" lon="114.16881048677399"><ele>258.4299175313208</ele><time>2022-09-24T06:39:36Z</time></trkpt><trkpt lat="22.34631524933196" lon="114.16878460470386"><ele>258.08707622253326</ele><time>2022-09-24T06:39:39Z</time></trkpt><trkpt lat="22.346314833820173" lon="114.16876086534432"><ele>257.9376631779514</ele><time>2022-09-24T06:39:42Z</time></trkpt><trkpt lat="22.346331468920006" lon="114.16875250661677"><ele>257.7521049269454</ele><time>2022-09-24T06:39:43Z</time></trkpt><trkpt lat="22.346344837346468" lon="114.1687323985748"><ele>257.589569390614</ele><time>2022-09-24T06:39:45Z</time></trkpt><trkpt lat="22.346358106706436" lon="114.16871370073056"><ele>257.3473029547757</ele><time>2022-09-24T06:39:51Z</time></trkpt><trkpt lat="22.346377046226703" lon="114.16870893540325"><ele>257.88680033940324</ele><time>2022-09-24T06:39:53Z</time></trkpt><trkpt lat="22.34639473919418" lon="114.16869790419244"><ele>257.47432788433866</ele><time>2022-09-24T06:39:55Z</time></trkpt><trkpt lat="22.346409871001494" lon="114.16868178386352"><ele>257.04781484888565</ele><time>2022-09-24T06:39:58Z</time></trkpt><trkpt lat="22.346419846470052" lon="114.16866504127165"><ele>256.68638047275954</ele><time>2022-09-24T06:40:00Z</time></trkpt><trkpt lat="22.34643439106482" lon="114.16864971385384"><ele>256.7041322575657</ele><time>2022-09-24T06:40:03Z</time></trkpt><trkpt lat="22.346445726550915" lon="114.16860748044716"><ele>253.8800163487659</ele><time>2022-09-24T06:40:06Z</time></trkpt><trkpt lat="22.3464486659285" lon="114.16858610572085"><ele>253.75718275411378</ele><time>2022-09-24T06:40:09Z</time></trkpt><trkpt lat="22.346440407129382" lon="114.16856814040403"><ele>253.81154277766484</ele><time>2022-09-24T06:40:14Z</time></trkpt><trkpt lat="22.346426121459434" lon="114.1685560443002"><ele>254.1039130409655</ele><time>2022-09-24T06:40:17Z</time></trkpt><trkpt lat="22.34640770372129" lon="114.16855266184521"><ele>258.27102237318707</ele><time>2022-09-24T06:40:21Z</time></trkpt><trkpt lat="22.34638126663952" lon="114.16855684830752"><ele>262.36881316856625</ele><time>2022-09-24T06:40:23Z</time></trkpt><trkpt lat="22.34636467385084" lon="114.16854867827908"><ele>263.05603154223695</ele><time>2022-09-24T06:40:25Z</time></trkpt><trkpt lat="22.346357851442995" lon="114.16852333661407"><ele>262.99201007472703</ele><time>2022-09-24T06:40:28Z</time></trkpt><trkpt lat="22.346352605114603" lon="114.16850104789347"><ele>262.5274903503056</ele><time>2022-09-24T06:40:31Z</time></trkpt><trkpt lat="22.346340624303696" lon="114.16847819244283"><ele>262.919649355643</ele><time>2022-09-24T06:40:34Z</time></trkpt><trkpt lat="22.346326333347992" lon="114.16845935439665"><ele>262.6413390955953</ele><time>2022-09-24T06:40:36Z</time></trkpt><trkpt lat="22.346317187362555" lon="114.16843851287429"><ele>262.0481403698042</ele><time>2022-09-24T06:40:39Z</time></trkpt><trkpt lat="22.3463124122126" lon="114.16841248887899"><ele>261.47803849941755</ele><time>2022-09-24T06:40:44Z</time></trkpt><trkpt lat="22.346314964314917" lon="114.16838952800066"><ele>261.09464040660674</ele><time>2022-09-24T06:40:47Z</time></trkpt><trkpt lat="22.346315691375406" lon="114.1683605777558"><ele>260.9017962304656</ele><time>2022-09-24T06:40:50Z</time></trkpt><trkpt lat="22.346317546695147" lon="114.16833395827939"><ele>261.03449062895197</ele><time>2022-09-24T06:40:55Z</time></trkpt><trkpt lat="22.34631675286367" lon="114.16831360830287"><ele>260.9413827564235</ele><time>2022-09-24T06:40:58Z</time></trkpt><trkpt lat="22.346317160858472" lon="114.16829129965355"><ele>261.21145295935526</ele><time>2022-09-24T06:41:00Z</time></trkpt><trkpt lat="22.346319195429896" lon="114.16826630865674"><ele>260.9732927138224</ele><time>2022-09-24T06:41:03Z</time></trkpt><trkpt lat="22.34631886541103" lon="114.16824557973095"><ele>260.9612866316015</ele><time>2022-09-24T06:41:05Z</time></trkpt><trkpt lat="22.346312209870028" lon="114.16822599333673"><ele>260.4445489560694</ele><time>2022-09-24T06:41:08Z</time></trkpt><trkpt lat="22.346316541999347" lon="114.1682065905232"><ele>260.2066739384502</ele><time>2022-09-24T06:41:14Z</time></trkpt><trkpt lat="22.34632759106661" lon="114.16818545481512"><ele>260.50088057285666</ele><time>2022-09-24T06:41:18Z</time></trkpt><trkpt lat="22.346331354092534" lon="114.16815229242738"><ele>260.8985802701015</ele><time>2022-09-24T06:41:20Z</time></trkpt><trkpt lat="22.34632841160523" lon="114.1681200222155"><ele>260.93602189380914</ele><time>2022-09-24T06:41:22Z</time></trkpt><trkpt lat="22.346324307466276" lon="114.16809551488174"><ele>260.78088588958286</ele><time>2022-09-24T06:41:24Z</time></trkpt><trkpt lat="22.346339804275853" lon="114.16808069199635"><ele>261.601295980238</ele><time>2022-09-24T06:41:27Z</time></trkpt><trkpt lat="22.346355095157175" lon="114.16806536153437"><ele>262.35223698034406</ele><time>2022-09-24T06:41:29Z</time></trkpt><trkpt lat="22.346366802830715" lon="114.16805028754452"><ele>262.57404127417055</ele><time>2022-09-24T06:41:31Z</time></trkpt><trkpt lat="22.346383496541613" lon="114.16803611180914"><ele>263.012600784151</ele><time>2022-09-24T06:41:34Z</time></trkpt><trkpt lat="22.346400481804526" lon="114.16801626917336"><ele>263.2225626916225</ele><time>2022-09-24T06:41:40Z</time></trkpt><trkpt lat="22.346413456169707" lon="114.16799862182651"><ele>262.6488357856053</ele><time>2022-09-24T06:41:45Z</time></trkpt><trkpt lat="22.346419430582177" lon="114.16797397519241"><ele>262.37643150446866</ele><time>2022-09-24T06:41:51Z</time></trkpt><trkpt lat="22.346431620411863" lon="114.16795581098225"><ele>262.32214543475266</ele><time>2022-09-24T06:41:55Z</time></trkpt><trkpt lat="22.346438508171428" lon="114.16793581554911"><ele>261.9791965304722</ele><time>2022-09-24T06:42:00Z</time></trkpt><trkpt lat="22.34644081922528" lon="114.16791137798866"><ele>261.8254477340183</ele><time>2022-09-24T06:42:02Z</time></trkpt><trkpt lat="22.346442993342706" lon="114.16789097183037"><ele>261.90144812427496</ele><time>2022-09-24T06:42:04Z</time></trkpt><trkpt lat="22.346447342004662" lon="114.1678645418818"><ele>262.01142938928473</ele><time>2022-09-24T06:42:07Z</time></trkpt><trkpt lat="22.34644327036175" lon="114.16784055454389"><ele>262.330574232592</ele><time>2022-09-24T06:42:10Z</time></trkpt><trkpt lat="22.346422304718267" lon="114.16780295353743"><ele>268.2346356339966</ele><time>2022-09-24T06:42:15Z</time></trkpt><trkpt lat="22.346424190011692" lon="114.16777962642577"><ele>268.3400245408381</ele><time>2022-09-24T06:42:18Z</time></trkpt><trkpt lat="22.346420222241104" lon="114.16775856982498"><ele>268.02110002298633</ele><time>2022-09-24T06:42:21Z</time></trkpt><trkpt lat="22.34642098198662" lon="114.16773564864687"><ele>267.48462080574313</ele><time>2022-09-24T06:42:24Z</time></trkpt><trkpt lat="22.346426227728852" lon="114.16771492529814"><ele>267.01958130106135</ele><time>2022-09-24T06:42:27Z</time></trkpt><trkpt lat="22.3464343981393" lon="114.16769638140671"><ele>266.61563898681857</ele><time>2022-09-24T06:42:30Z</time></trkpt><trkpt lat="22.346433094434346" lon="114.16767060704723"><ele>266.14765765818066</ele><time>2022-09-24T06:42:34Z</time></trkpt><trkpt lat="22.346440673873538" lon="114.16764422818336"><ele>265.58775965614694</ele><time>2022-09-24T06:42:37Z</time></trkpt><trkpt lat="22.346448298986637" lon="114.16762650976449"><ele>265.86054638556357</ele><time>2022-09-24T06:42:39Z</time></trkpt><trkpt lat="22.346449442339924" lon="114.16760141542478"><ele>266.2748016016512</ele><time>2022-09-24T06:42:42Z</time></trkpt><trkpt lat="22.34645568008936" lon="114.16757702987414"><ele>266.28032527365224</ele><time>2022-09-24T06:42:45Z</time></trkpt><trkpt lat="22.346456605187612" lon="114.16753171194554"><ele>266.43991388899514</ele><time>2022-09-24T06:42:49Z</time></trkpt><trkpt lat="22.346445721983482" lon="114.16750855717333"><ele>266.2421318744331</ele><time>2022-09-24T06:42:51Z</time></trkpt><trkpt lat="22.346449351616993" lon="114.16748830420013"><ele>266.4940200931107</ele><time>2022-09-24T06:42:54Z</time></trkpt><trkpt lat="22.346457458963826" lon="114.16747023910403"><ele>266.1511516024923</ele><time>2022-09-24T06:42:57Z</time></trkpt><trkpt lat="22.346472141618232" lon="114.16744546240056"><ele>266.43924223445106</ele><time>2022-09-24T06:43:00Z</time></trkpt><trkpt lat="22.34648577919112" lon="114.16742865457097"><ele>266.41348316184434</ele><time>2022-09-24T06:43:02Z</time></trkpt><trkpt lat="22.346496922269043" lon="114.16740737787339"><ele>266.51647840761706</ele><time>2022-09-24T06:43:05Z</time></trkpt><trkpt lat="22.34650792068516" lon="114.16738879453142"><ele>266.37967486863414</ele><time>2022-09-24T06:43:08Z</time></trkpt><trkpt lat="22.34651859035815" lon="114.16736793832082"><ele>266.329176932597</ele><time>2022-09-24T06:43:12Z</time></trkpt><trkpt lat="22.346526216966875" lon="114.16734665476432"><ele>266.0866135662618</ele><time>2022-09-24T06:43:18Z</time></trkpt><trkpt lat="22.346541818129108" lon="114.16733255929546"><ele>266.11814266096627</ele><time>2022-09-24T06:43:22Z</time></trkpt><trkpt lat="22.346559205745777" lon="114.16730704429895"><ele>265.47076495916696</ele><time>2022-09-24T06:43:25Z</time></trkpt><trkpt lat="22.346575627203052" lon="114.16729275866945"><ele>265.3782424931125</ele><time>2022-09-24T06:43:27Z</time></trkpt><trkpt lat="22.346594875551954" lon="114.16729134093329"><ele>265.4060645847139</ele><time>2022-09-24T06:43:30Z</time></trkpt><trkpt lat="22.3466171688316" lon="114.16728685507304"><ele>265.62444251441957</ele><time>2022-09-24T06:43:33Z</time></trkpt><trkpt lat="22.34663327369576" lon="114.16727453443241"><ele>265.2672252919258</ele><time>2022-09-24T06:43:37Z</time></trkpt><trkpt lat="22.34666571145843" lon="114.16726627011961"><ele>265.16052894741284</ele><time>2022-09-24T06:43:39Z</time></trkpt><trkpt lat="22.34668838932328" lon="114.16725698995552"><ele>264.9338110124727</ele><time>2022-09-24T06:43:41Z</time></trkpt><trkpt lat="22.346703993909685" lon="114.1672403135796"><ele>263.55173809685954</ele><time>2022-09-24T06:43:49Z</time></trkpt><trkpt lat="22.346716166670287" lon="114.16722457177157"><ele>262.9533449090537</ele><time>2022-09-24T06:43:51Z</time></trkpt><trkpt lat="22.346730008644947" lon="114.16720296564519"><ele>262.6852653242426</ele><time>2022-09-24T06:43:54Z</time></trkpt><trkpt lat="22.346722799675998" lon="114.16716144762988"><ele>261.9146410747428</ele><time>2022-09-24T06:43:57Z</time></trkpt><trkpt lat="22.346745474216455" lon="114.16715286881444"><ele>261.1746985495191</ele><time>2022-09-24T06:44:06Z</time></trkpt><trkpt lat="22.346763605364615" lon="114.16714710622834"><ele>260.6046699146359</ele><time>2022-09-24T06:44:10Z</time></trkpt><trkpt lat="22.346761288136346" lon="114.16712631413627"><ele>259.7965922737825</ele><time>2022-09-24T06:44:15Z</time></trkpt><trkpt lat="22.346745835956607" lon="114.16711589673255"><ele>257.91456822229816</ele><time>2022-09-24T06:44:21Z</time></trkpt><trkpt lat="22.346734990084162" lon="114.16709615370883"><ele>257.4923036171338</ele><time>2022-09-24T06:44:33Z</time></trkpt><trkpt lat="22.34671985435565" lon="114.16710916020558"><ele>257.0573673924738</ele><time>2022-09-24T06:44:44Z</time></trkpt><trkpt lat="22.34673003069736" lon="114.16713426338534"><ele>257.2143906866679</ele><time>2022-09-24T06:44:47Z</time></trkpt><trkpt lat="22.346734778164915" lon="114.16715646051357"><ele>256.85669716867005</ele><time>2022-09-24T06:44:57Z</time></trkpt><trkpt lat="22.34670744350367" lon="114.16713434429944"><ele>257.59950013343814</ele><time>2022-09-24T06:45:22Z</time></trkpt><trkpt lat="22.346697548005025" lon="114.16715249195886"><ele>256.2257573126004</ele><time>2022-09-24T06:45:49Z</time></trkpt><trkpt lat="22.346685849183228" lon="114.16713570314418"><ele>256.0002401700785</ele><time>2022-09-24T06:45:58Z</time></trkpt><trkpt lat="22.346668146942022" lon="114.16713061037606"><ele>256.7935514005058</ele><time>2022-09-24T06:46:02Z</time></trkpt><trkpt lat="22.346680267673133" lon="114.167115694364"><ele>257.2113702721229</ele><time>2022-09-24T06:46:03Z</time></trkpt><trkpt lat="22.346693240683894" lon="114.1671012720829"><ele>257.56715112282916</ele><time>2022-09-24T06:46:18Z</time></trkpt><trkpt lat="22.34669169109424" lon="114.16707864684948"><ele>256.32795965324686</ele><time>2022-09-24T06:46:32Z</time></trkpt><trkpt lat="22.34667920107825" lon="114.1670929918863"><ele>256.95796229189125</ele><time>2022-09-24T06:46:36Z</time></trkpt><trkpt lat="22.3466787251532" lon="114.1671152957093"><ele>257.1904199072216</ele><time>2022-09-24T06:46:38Z</time></trkpt><trkpt lat="22.34666841617706" lon="114.16709808081737"><ele>257.1200854862924</ele><time>2022-09-24T06:46:51Z</time></trkpt><trkpt lat="22.346652472685545" lon="114.16711165695207"><ele>255.12312624992475</ele><time>2022-09-24T06:47:08Z</time></trkpt><trkpt lat="22.346640233249563" lon="114.16709677088345"><ele>255.0102262913504</ele><time>2022-09-24T06:47:25Z</time></trkpt><trkpt lat="22.346656183288697" lon="114.16710870664369"><ele>255.07890626276753</ele><time>2022-09-24T06:47:37Z</time></trkpt><trkpt lat="22.34665191097253" lon="114.16713007951547"><ele>254.8359756573019</ele><time>2022-09-24T06:47:40Z</time></trkpt><trkpt lat="22.346639384417834" lon="114.16714555740175"><ele>254.84018844974187</ele><time>2022-09-24T06:47:44Z</time></trkpt><trkpt lat="22.34662651606044" lon="114.16712625879588"><ele>254.72099810869187</ele><time>2022-09-24T06:47:47Z</time></trkpt><trkpt lat="22.34663382886807" lon="114.16708946636747"><ele>254.67941021963722</ele><time>2022-09-24T06:47:56Z</time></trkpt><trkpt lat="22.346642844136593" lon="114.16704453212378"><ele>254.6855541916182</ele><time>2022-09-24T06:48:05Z</time></trkpt><trkpt lat="22.346654174338436" lon="114.16706872956969"><ele>255.22155571041557</ele><time>2022-09-24T06:48:14Z</time></trkpt><trkpt lat="22.346646796101574" lon="114.16709549573233"><ele>255.35593691659903</ele><time>2022-09-24T06:48:17Z</time></trkpt><trkpt lat="22.346632031921573" lon="114.1671085454138"><ele>255.2555047802206</ele><time>2022-09-24T06:48:23Z</time></trkpt><trkpt lat="22.346626907282804" lon="114.16712724260532"><ele>255.07001709455497</ele><time>2022-09-24T06:48:26Z</time></trkpt><trkpt lat="22.346625374732238" lon="114.16710678067874"><ele>252.73576615785433</ele><time>2022-09-24T06:48:32Z</time></trkpt><trkpt lat="22.34661541008767" lon="114.16708898898789"><ele>252.0777177560902</ele><time>2022-09-24T06:48:38Z</time></trkpt><trkpt lat="22.346615335032595" lon="114.16711373615408"><ele>253.09586524800523</ele><time>2022-09-24T06:48:49Z</time></trkpt><trkpt lat="22.346598035130146" lon="114.16710633248213"><ele>253.33339454014867</ele><time>2022-09-24T06:48:59Z</time></trkpt><trkpt lat="22.34657277181718" lon="114.16711209212828"><ele>250.6483310281079</ele><time>2022-09-24T06:49:09Z</time></trkpt><trkpt lat="22.346554194800422" lon="114.16713026370499"><ele>250.38281301825748</ele><time>2022-09-24T06:49:28Z</time></trkpt><trkpt lat="22.34656230263137" lon="114.16710310199227"><ele>248.75455528465002</ele><time>2022-09-24T06:49:49Z</time></trkpt><trkpt lat="22.3465808647127" lon="114.16708409427443"><ele>248.85312205827498</ele><time>2022-09-24T06:49:52Z</time></trkpt><trkpt lat="22.3465612373649" lon="114.16709372315286"><ele>248.44426442128247</ele><time>2022-09-24T06:50:04Z</time></trkpt><trkpt lat="22.34654426960785" lon="114.16711271931838"><ele>248.42210580974063</ele><time>2022-09-24T06:50:06Z</time></trkpt><trkpt lat="22.34656299853706" lon="114.1671181901733"><ele>248.46923991781603</ele><time>2022-09-24T06:50:13Z</time></trkpt><trkpt lat="22.346564661938704" lon="114.167089521007"><ele>248.0656866857271</ele><time>2022-09-24T06:50:15Z</time></trkpt><trkpt lat="22.346552558097247" lon="114.1670711089685"><ele>248.11309553766557</ele><time>2022-09-24T06:50:18Z</time></trkpt><trkpt lat="22.34653514913223" lon="114.1670629859795"><ele>246.72898444432818</ele><time>2022-09-24T06:50:28Z</time></trkpt><trkpt lat="22.346516367579508" lon="114.16707044379712"><ele>245.62387410133542</ele><time>2022-09-24T06:50:37Z</time></trkpt><trkpt lat="22.346494301419238" lon="114.16707810398968"><ele>245.18188400443606</ele><time>2022-09-24T06:50:42Z</time></trkpt><trkpt lat="22.346510252198104" lon="114.16708975137257"><ele>243.644585232518</ele><time>2022-09-24T06:50:52Z</time></trkpt><trkpt lat="22.346530743354844" lon="114.16708155302881"><ele>243.9184069692239</ele><time>2022-09-24T06:50:54Z</time></trkpt><trkpt lat="22.346495928796003" lon="114.16706369876712"><ele>244.4332150907619</ele><time>2022-09-24T06:51:10Z</time></trkpt><trkpt lat="22.34649071506543" lon="114.16709019575778"><ele>245.12841518893603</ele><time>2022-09-24T06:51:22Z</time></trkpt><trkpt lat="22.346461212599387" lon="114.1670870635054"><ele>245.3646849149668</ele><time>2022-09-24T06:51:30Z</time></trkpt><trkpt lat="22.346451529163136" lon="114.16706930241263"><ele>243.7011320837478</ele><time>2022-09-24T06:51:56Z</time></trkpt><trkpt lat="22.34643838722188" lon="114.16708699839216"><ele>243.14180244362802</ele><time>2022-09-24T06:52:09Z</time></trkpt><trkpt lat="22.34644521057424" lon="114.16710560092112"><ele>242.73693207625655</ele><time>2022-09-24T06:52:18Z</time></trkpt><trkpt lat="22.346434029189357" lon="114.16708480935138"><ele>242.3526857848157</ele><time>2022-09-24T06:52:22Z</time></trkpt><trkpt lat="22.346415090558075" lon="114.16708183924662"><ele>240.4962940750618</ele><time>2022-09-24T06:52:27Z</time></trkpt><trkpt lat="22.34640992081479" lon="114.16710396529653"><ele>239.2954834630112</ele><time>2022-09-24T06:52:35Z</time></trkpt><trkpt lat="22.346393671260685" lon="114.16709162234056"><ele>239.88759456738876</ele><time>2022-09-24T06:52:44Z</time></trkpt><trkpt lat="22.34637474936578" lon="114.16709777673645"><ele>240.39673083287002</ele><time>2022-09-24T06:53:29Z</time></trkpt><trkpt lat="22.3463582028091" lon="114.16708204809612"><ele>239.28375368822583</ele><time>2022-09-24T06:53:44Z</time></trkpt><trkpt lat="22.34634063516515" lon="114.16707662642517"><ele>239.14947947017185</ele><time>2022-09-24T06:53:47Z</time></trkpt><trkpt lat="22.346328908803564" lon="114.16709572798457"><ele>238.87310679842977</ele><time>2022-09-24T06:53:54Z</time></trkpt><trkpt lat="22.346310433026858" lon="114.16710364990915"><ele>239.58737203261177</ele><time>2022-09-24T06:53:59Z</time></trkpt><trkpt lat="22.34629788010472" lon="114.16712128282053"><ele>236.72296361090233</ele><time>2022-09-24T06:54:45Z</time></trkpt><trkpt lat="22.34626034430253" lon="114.16718570397887"><ele>234.48978990411885</ele><time>2022-09-24T06:54:47Z</time></trkpt><trkpt lat="22.346244520709202" lon="114.1672012119328"><ele>234.12283241030426</ele><time>2022-09-24T06:54:51Z</time></trkpt><trkpt lat="22.346214692118274" lon="114.16720709093178"><ele>233.72812130668257</ele><time>2022-09-24T06:55:00Z</time></trkpt><trkpt lat="22.346185471437092" lon="114.1672105429644"><ele>234.50371384529745</ele><time>2022-09-24T06:55:10Z</time></trkpt><trkpt lat="22.346172575033243" lon="114.16722656735008"><ele>234.1208913429783</ele><time>2022-09-24T06:55:18Z</time></trkpt><trkpt lat="22.346154687170234" lon="114.16723957984516"><ele>234.5693819069153</ele><time>2022-09-24T06:55:22Z</time></trkpt><trkpt lat="22.3461368708926" lon="114.1672429621294"><ele>234.51275330636219</ele><time>2022-09-24T06:55:24Z</time></trkpt><trkpt lat="22.346118698618803" lon="114.16724671867196"><ele>234.19277332298455</ele><time>2022-09-24T06:55:28Z</time></trkpt><trkpt lat="22.346094265393877" lon="114.1672457610105"><ele>233.93968261285846</ele><time>2022-09-24T06:55:32Z</time></trkpt><trkpt lat="22.346072650607006" lon="114.16725136484513"><ele>233.65522522432119</ele><time>2022-09-24T06:55:34Z</time></trkpt><trkpt lat="22.346048215381856" lon="114.16725879068666"><ele>233.63450557345485</ele><time>2022-09-24T06:55:36Z</time></trkpt><trkpt lat="22.346073379335234" lon="114.16724939074604"><ele>232.57363303517326</ele><time>2022-09-24T06:58:36Z</time></trkpt><trkpt lat="22.34609218169831" lon="114.16724657665773"><ele>232.55997121367622</ele><time>2022-09-24T06:58:37Z</time></trkpt><trkpt lat="22.346106255678414" lon="114.16722947429008"><ele>232.8216036873144</ele><time>2022-09-24T06:58:41Z</time></trkpt><trkpt lat="22.346120789428838" lon="114.16721751982918"><ele>232.8967290427746</ele><time>2022-09-24T06:58:43Z</time></trkpt><trkpt lat="22.346141041465682" lon="114.16721168611582"><ele>233.3400847486108</ele><time>2022-09-24T06:58:45Z</time></trkpt><trkpt lat="22.346150683072764" lon="114.1671901104001"><ele>233.61649668205848</ele><time>2022-09-24T06:58:47Z</time></trkpt><trkpt lat="22.34616902373068" lon="114.1671880790079"><ele>235.21179648490516</ele><time>2022-09-24T06:58:52Z</time></trkpt><trkpt lat="22.346149177748572" lon="114.16719690698265"><ele>235.93472485758448</ele><time>2022-09-24T06:59:12Z</time></trkpt><trkpt lat="22.3461316855652" lon="114.1672104295664"><ele>236.09144902586905</ele><time>2022-09-24T06:59:14Z</time></trkpt><trkpt lat="22.34611338325649" lon="114.16723102014124"><ele>236.25317848663263</ele><time>2022-09-24T06:59:16Z</time></trkpt><trkpt lat="22.34609861940534" lon="114.16724997916624"><ele>236.18522174937496</ele><time>2022-09-24T06:59:18Z</time></trkpt><trkpt lat="22.346074216093783" lon="114.1672618031142"><ele>236.17020105996332</ele><time>2022-09-24T06:59:20Z</time></trkpt><trkpt lat="22.346056193357985" lon="114.16726161031028"><ele>236.10090984496406</ele><time>2022-09-24T06:59:22Z</time></trkpt><trkpt lat="22.346047998891162" lon="114.16724214364537"><ele>234.59876527039017</ele><time>2022-09-24T06:59:52Z</time></trkpt><trkpt lat="22.346022855081724" lon="114.16724096073374"><ele>234.56754377383396</ele><time>2022-09-24T07:04:08Z</time></trkpt><trkpt lat="22.346006375217343" lon="114.16725186326015"><ele>235.22798364717</ele><time>2022-09-24T07:04:10Z</time></trkpt><trkpt lat="22.34598933691391" lon="114.16726370869063"><ele>237.02390621307063</ele><time>2022-09-24T07:04:21Z</time></trkpt><trkpt lat="22.345972595411055" lon="114.16727709959243"><ele>237.1159050041359</ele><time>2022-09-24T07:04:23Z</time></trkpt><trkpt lat="22.34594947852615" lon="114.16731188342558"><ele>236.76565531432038</ele><time>2022-09-24T07:04:25Z</time></trkpt><trkpt lat="22.34594999746867" lon="114.16733480080501"><ele>236.59300569234404</ele><time>2022-09-24T07:04:26Z</time></trkpt><trkpt lat="22.345951517222826" lon="114.1673682455452"><ele>236.04804840366833</ele><time>2022-09-24T07:04:28Z</time></trkpt><trkpt lat="22.345957845479397" lon="114.1673899181109"><ele>235.8394093125206</ele><time>2022-09-24T07:04:30Z</time></trkpt><trkpt lat="22.34594975761522" lon="114.16741133793727"><ele>236.0092050562086</ele><time>2022-09-24T07:04:34Z</time></trkpt><trkpt lat="22.345933471990428" lon="114.16742278021691"><ele>236.61833027104888</ele><time>2022-09-24T07:04:38Z</time></trkpt><trkpt lat="22.34591475259027" lon="114.16743447320388"><ele>236.20386857804414</ele><time>2022-09-24T07:04:42Z</time></trkpt><trkpt lat="22.345904862868917" lon="114.16745949753631"><ele>235.88438890001248</ele><time>2022-09-24T07:04:45Z</time></trkpt><trkpt lat="22.345900109746342" lon="114.16748635638034"><ele>235.9112303832252</ele><time>2022-09-24T07:04:48Z</time></trkpt><trkpt lat="22.345895031885746" lon="114.16751084326748"><ele>235.98484776953464</ele><time>2022-09-24T07:04:51Z</time></trkpt><trkpt lat="22.3458842074307" lon="114.16753340638137"><ele>235.83677219300014</ele><time>2022-09-24T07:04:54Z</time></trkpt><trkpt lat="22.345866078657806" lon="114.16755574422636"><ele>235.93770909488347</ele><time>2022-09-24T07:04:57Z</time></trkpt><trkpt lat="22.345851347646608" lon="114.16757524170734"><ele>236.07879457409015</ele><time>2022-09-24T07:04:59Z</time></trkpt><trkpt lat="22.34583813037318" lon="114.16759371540394"><ele>236.15339034884124</ele><time>2022-09-24T07:05:01Z</time></trkpt><trkpt lat="22.3458241198014" lon="114.16761228569635"><ele>235.84468485656058</ele><time>2022-09-24T07:05:03Z</time></trkpt><trkpt lat="22.34581304780445" lon="114.16762919881855"><ele>235.30520813605264</ele><time>2022-09-24T07:05:05Z</time></trkpt><trkpt lat="22.345812514407964" lon="114.16764999724091"><ele>234.66778672113838</ele><time>2022-09-24T07:05:07Z</time></trkpt><trkpt lat="22.345814199767954" lon="114.16767501689534"><ele>234.31061994628666</ele><time>2022-09-24T07:05:09Z</time></trkpt><trkpt lat="22.345807490462963" lon="114.16769495504519"><ele>234.01278285361278</ele><time>2022-09-24T07:05:11Z</time></trkpt><trkpt lat="22.345800575508473" lon="114.16771352103974"><ele>233.44745863528132</ele><time>2022-09-24T07:05:13Z</time></trkpt><trkpt lat="22.345790803366555" lon="114.16773165986827"><ele>233.17870305158675</ele><time>2022-09-24T07:05:15Z</time></trkpt><trkpt lat="22.345782163624722" lon="114.16775268912721"><ele>232.60647382368012</ele><time>2022-09-24T07:05:17Z</time></trkpt><trkpt lat="22.34577115834538" lon="114.1677715236971"><ele>232.01661104383155</ele><time>2022-09-24T07:05:19Z</time></trkpt><trkpt lat="22.34576098915012" lon="114.16778910718841"><ele>231.4834418462472</ele><time>2022-09-24T07:05:21Z</time></trkpt><trkpt lat="22.34574933178974" lon="114.16780450588712"><ele>231.08310418820247</ele><time>2022-09-24T07:05:23Z</time></trkpt><trkpt lat="22.34573919963065" lon="114.16782098033691"><ele>230.92656710347333</ele><time>2022-09-24T07:05:25Z</time></trkpt><trkpt lat="22.345732705050647" lon="114.16784429342638"><ele>232.90369412016835</ele><time>2022-09-24T07:05:26Z</time></trkpt><trkpt lat="22.34572784429046" lon="114.16786628424158"><ele>232.75309202890833</ele><time>2022-09-24T07:05:28Z</time></trkpt><trkpt lat="22.345717631969357" lon="114.16789088764207"><ele>232.4639839076981</ele><time>2022-09-24T07:05:31Z</time></trkpt><trkpt lat="22.345704363660232" lon="114.16791690769966"><ele>231.94810957976557</ele><time>2022-09-24T07:05:34Z</time></trkpt><trkpt lat="22.345691233645486" lon="114.16794117991553"><ele>231.56230107530206</ele><time>2022-09-24T07:05:37Z</time></trkpt><trkpt lat="22.345679619221492" lon="114.16795904108216"><ele>231.44764890481449</ele><time>2022-09-24T07:05:39Z</time></trkpt><trkpt lat="22.34566725169989" lon="114.1679778291548"><ele>230.98703550433478</ele><time>2022-09-24T07:05:41Z</time></trkpt><trkpt lat="22.345656066128406" lon="114.16799426959983"><ele>230.70460779346226</ele><time>2022-09-24T07:05:43Z</time></trkpt><trkpt lat="22.34564549866872" lon="114.16801355161569"><ele>230.06477944950996</ele><time>2022-09-24T07:05:45Z</time></trkpt><trkpt lat="22.345632294703393" lon="114.16803292718923"><ele>229.51256445604514</ele><time>2022-09-24T07:05:47Z</time></trkpt><trkpt lat="22.34562026162323" lon="114.16804893606768"><ele>228.93398331789703</ele><time>2022-09-24T07:05:49Z</time></trkpt><trkpt lat="22.345606980353285" lon="114.1680734564763"><ele>228.15779375132945</ele><time>2022-09-24T07:05:52Z</time></trkpt><trkpt lat="22.345593403956887" lon="114.16809867210854"><ele>227.6657026043744</ele><time>2022-09-24T07:05:55Z</time></trkpt><trkpt lat="22.345583509913144" lon="114.16811606817578"><ele>227.33209334399257</ele><time>2022-09-24T07:05:57Z</time></trkpt><trkpt lat="22.345578341242017" lon="114.16813785587442"><ele>227.0250867121008</ele><time>2022-09-24T07:05:59Z</time></trkpt><trkpt lat="22.34557004962103" lon="114.1681599888325"><ele>226.91841506220828</ele><time>2022-09-24T07:06:01Z</time></trkpt><trkpt lat="22.345559878141543" lon="114.16817662846304"><ele>227.01217075592115</ele><time>2022-09-24T07:06:03Z</time></trkpt><trkpt lat="22.345546083413524" lon="114.16819025390063"><ele>227.18879120539324</ele><time>2022-09-24T07:06:05Z</time></trkpt><trkpt lat="22.345527730585125" lon="114.16821209143687"><ele>227.51441012155036</ele><time>2022-09-24T07:06:08Z</time></trkpt><trkpt lat="22.34551301678239" lon="114.16822639024751"><ele>227.8888834092557</ele><time>2022-09-24T07:06:10Z</time></trkpt><trkpt lat="22.345498744171884" lon="114.16823956521684"><ele>227.88521957557737</ele><time>2022-09-24T07:06:12Z</time></trkpt><trkpt lat="22.34548210801773" lon="114.16825921274022"><ele>227.94742088627578</ele><time>2022-09-24T07:06:15Z</time></trkpt><trkpt lat="22.345467896015997" lon="114.16828119034943"><ele>227.68168696912667</ele><time>2022-09-24T07:06:18Z</time></trkpt><trkpt lat="22.345453356804413" lon="114.16829909661962"><ele>227.68342471254854</ele><time>2022-09-24T07:06:20Z</time></trkpt><trkpt lat="22.345439266791207" lon="114.16832330438675"><ele>227.4348373855037</ele><time>2022-09-24T07:06:23Z</time></trkpt><trkpt lat="22.34542691685047" lon="114.16834482627544"><ele>227.41781079031702</ele><time>2022-09-24T07:06:26Z</time></trkpt><trkpt lat="22.345411449264386" lon="114.16836336864394"><ele>227.40202946144112</ele><time>2022-09-24T07:06:29Z</time></trkpt><trkpt lat="22.345390241400462" lon="114.16839091498929"><ele>227.2927235135249</ele><time>2022-09-24T07:06:32Z</time></trkpt><trkpt lat="22.34538963823274" lon="114.16841577896975"><ele>226.6008562139464</ele><time>2022-09-24T07:06:35Z</time></trkpt><trkpt lat="22.34537040760291" lon="114.16843578244398"><ele>225.91677013869426</ele><time>2022-09-24T07:06:38Z</time></trkpt></trkseg></trk></gpx>