<?xml version='1.0' encoding='UTF-8' ?><gpx version="1.1" creator="HikingTrailHK" xsi:schemaLocation="http://www.topografix.com/GPX/1/1 http://www.topografix.com/GPX/1/1/gpx.xsd" xmlns="http://www.topografix.com/GPX/1/1" xmlns:xsi="http://www.w3.org/2001/XMLSchema-instance"><metadata><name>我的轨迹 @ 2022-11-05 12:03:37</name><desc></desc></metadata><trk><trkseg><trkpt lat="22.37725441473005" lon="114.00738414498451"><ele>-2.9845048245042562</ele><time>2022-11-05T04:03:37.853Z</time></trkpt><trkpt lat="22.377170416554577" lon="114.0074980287613"><ele>-1.5677056014537811</ele><time>2022-11-05T04:03:48Z</time></trkpt><trkpt lat="22.377196373337515" lon="114.0075085428268"><ele>-1.2297423062846065</ele><time>2022-11-05T04:03:50Z</time></trkpt><trkpt lat="22.377199212225445" lon="114.00754616950856"><ele>-1.9847861875061161</ele><time>2022-11-05T04:03:54Z</time></trkpt><trkpt lat="22.3772208510818" lon="114.0075780466832"><ele>-2.021719856721923</ele><time>2022-11-05T04:03:58Z</time></trkpt><trkpt lat="22.377244349363096" lon="114.00759293015211"><ele>-2.9927086996086856</ele><time>2022-11-05T04:04:00Z</time></trkpt><trkpt lat="22.3772487365403" lon="114.00761547649051"><ele>-3.4168567512812773</ele><time>2022-11-05T04:04:02Z</time></trkpt><trkpt lat="22.377257176712146" lon="114.00763283686415"><ele>-3.565047119118585</ele><time>2022-11-05T04:04:04Z</time></trkpt><trkpt lat="22.37727165835406" lon="114.00766262958771"><ele>-4.041785543492584</ele><time>2022-11-05T04:04:08Z</time></trkpt><trkpt lat="22.377305655171334" lon="114.00770497234615"><ele>-4.174989221547891</ele><time>2022-11-05T04:04:12Z</time></trkpt><trkpt lat="22.377309261491384" lon="114.00774234911378"><ele>-5.010132160377083</ele><time>2022-11-05T04:04:16Z</time></trkpt><trkpt lat="22.377310189665582" lon="114.0077654821338"><ele>-5.10854800022548</ele><time>2022-11-05T04:04:18Z</time></trkpt><trkpt lat="22.377312004235186" lon="114.00778646951576"><ele>-4.591177300773222</ele><time>2022-11-05T04:04:20Z</time></trkpt><trkpt lat="22.37731317647657" lon="114.00781998929547"><ele>-4.364064633080663</ele><time>2022-11-05T04:04:22Z</time></trkpt><trkpt lat="22.377312111860473" lon="114.00784261279469"><ele>-4.711696484904059</ele><time>2022-11-05T04:04:24Z</time></trkpt><trkpt lat="22.377314768997955" lon="114.00786318680228"><ele>-5.1612247516215914</ele><time>2022-11-05T04:04:26Z</time></trkpt><trkpt lat="22.37732503777796" lon="114.0078981151776"><ele>-4.9719003609893395</ele><time>2022-11-05T04:04:30Z</time></trkpt><trkpt lat="22.377336655780567" lon="114.0079319715984"><ele>-4.6885076180188845</ele><time>2022-11-05T04:04:34Z</time></trkpt><trkpt lat="22.377346688660268" lon="114.00795151976378"><ele>-4.0767998175826925</ele><time>2022-11-05T04:04:36Z</time></trkpt><trkpt lat="22.377369202976354" lon="114.00795951797085"><ele>-3.7839694678733586</ele><time>2022-11-05T04:04:38Z</time></trkpt><trkpt lat="22.377381331796578" lon="114.0079890987436"><ele>-3.354865205621641</ele><time>2022-11-05T04:04:42Z</time></trkpt><trkpt lat="22.377375931038337" lon="114.00804417100092"><ele>-2.0771333438686463</ele><time>2022-11-05T04:04:44Z</time></trkpt><trkpt lat="22.377390871240397" lon="114.00807120094329"><ele>0.034139348111146495</ele><time>2022-11-05T04:04:46Z</time></trkpt><trkpt lat="22.377404618009887" lon="114.00808535905662"><ele>0.12336184961330927</ele><time>2022-11-05T04:04:48Z</time></trkpt><trkpt lat="22.377413834361597" lon="114.00810235005108"><ele>0.027814241903835083</ele><time>2022-11-05T04:04:50Z</time></trkpt><trkpt lat="22.377453049101927" lon="114.00811151275894"><ele>-3.1255535062655837</ele><time>2022-11-05T04:04:54Z</time></trkpt><trkpt lat="22.377486998826317" lon="114.0081227794904"><ele>-3.1187238669704085</ele><time>2022-11-05T04:04:58Z</time></trkpt><trkpt lat="22.37752675827699" lon="114.00813486281902"><ele>-2.077967456014666</ele><time>2022-11-05T04:05:02Z</time></trkpt><trkpt lat="22.377555925797814" lon="114.00814679521953"><ele>-1.7529917557445727</ele><time>2022-11-05T04:05:04Z</time></trkpt><trkpt lat="22.377587317758678" lon="114.00814178914912"><ele>-0.9293068879028129</ele><time>2022-11-05T04:05:06Z</time></trkpt><trkpt lat="22.377619854310915" lon="114.00814402148255"><ele>-0.7771581521473097</ele><time>2022-11-05T04:05:08Z</time></trkpt><trkpt lat="22.377643102626887" lon="114.00814503319954"><ele>-0.7548158613879535</ele><time>2022-11-05T04:05:10Z</time></trkpt><trkpt lat="22.37766383234614" lon="114.00814797542631"><ele>-0.3823184212179517</ele><time>2022-11-05T04:05:12Z</time></trkpt><trkpt lat="22.37769107735506" lon="114.00813590927811"><ele>2.7269385101228307</ele><time>2022-11-05T04:05:14Z</time></trkpt><trkpt lat="22.377710521898543" lon="114.00812660021222"><ele>4.336048790347992</ele><time>2022-11-05T04:05:16Z</time></trkpt><trkpt lat="22.37774393493388" lon="114.00814238249878"><ele>4.308531475135197</ele><time>2022-11-05T04:05:20Z</time></trkpt><trkpt lat="22.377762777831887" lon="114.0081431692687"><ele>4.114167008377208</ele><time>2022-11-05T04:05:22Z</time></trkpt><trkpt lat="22.3777874162132" lon="114.00814021051765"><ele>4.068781319137487</ele><time>2022-11-05T04:05:24Z</time></trkpt><trkpt lat="22.37781474597492" lon="114.00813507760155"><ele>4.038612000000809</ele><time>2022-11-05T04:05:26Z</time></trkpt><trkpt lat="22.377878551548108" lon="114.00811523519428"><ele>5.350575379101329</ele><time>2022-11-05T04:05:28Z</time></trkpt><trkpt lat="22.37791017814514" lon="114.00811256508965"><ele>6.400532291510537</ele><time>2022-11-05T04:05:30Z</time></trkpt><trkpt lat="22.377920390926036" lon="114.00813116162537"><ele>6.139266655224108</ele><time>2022-11-05T04:05:32Z</time></trkpt><trkpt lat="22.37792746594563" lon="114.00814914200156"><ele>5.874706169384512</ele><time>2022-11-05T04:05:34Z</time></trkpt><trkpt lat="22.3779359930985" lon="114.00817185155408"><ele>5.632779402939558</ele><time>2022-11-05T04:05:36Z</time></trkpt><trkpt lat="22.37794110186134" lon="114.00819932266097"><ele>5.527411496611292</ele><time>2022-11-05T04:05:38Z</time></trkpt><trkpt lat="22.37794347892873" lon="114.00822818032483"><ele>5.178742908789535</ele><time>2022-11-05T04:05:40Z</time></trkpt><trkpt lat="22.37794369855384" lon="114.00825379719709"><ele>4.749878703914195</ele><time>2022-11-05T04:05:42Z</time></trkpt><trkpt lat="22.37794261914093" lon="114.00827974582887"><ele>4.455934450314344</ele><time>2022-11-05T04:05:44Z</time></trkpt><trkpt lat="22.377941017726346" lon="114.008303624565"><ele>4.1815293415852475</ele><time>2022-11-05T04:05:46Z</time></trkpt><trkpt lat="22.37794099154423" lon="114.0083327219989"><ele>3.7930357633468947</ele><time>2022-11-05T04:05:48Z</time></trkpt><trkpt lat="22.37794412539762" lon="114.00836075117294"><ele>2.8726858824520254</ele><time>2022-11-05T04:05:50Z</time></trkpt><trkpt lat="22.377948715552836" lon="114.00838521493465"><ele>2.3096300938776277</ele><time>2022-11-05T04:05:52Z</time></trkpt><trkpt lat="22.377963266183325" lon="114.00841018954536"><ele>1.5914513582833623</ele><time>2022-11-05T04:05:54Z</time></trkpt><trkpt lat="22.37797309281659" lon="114.00843239401809"><ele>1.083505346727537</ele><time>2022-11-05T04:05:56Z</time></trkpt><trkpt lat="22.37798051758376" lon="114.00845580661579"><ele>0.7668528473872734</ele><time>2022-11-05T04:05:58Z</time></trkpt><trkpt lat="22.377987603899477" lon="114.00847930567873"><ele>0.6686423892639133</ele><time>2022-11-05T04:06:00Z</time></trkpt><trkpt lat="22.37799264729674" lon="114.00850436264581"><ele>0.7594208797786299</ele><time>2022-11-05T04:06:02Z</time></trkpt><trkpt lat="22.37799592447741" lon="114.00852686105975"><ele>0.7390155079739377</ele><time>2022-11-05T04:06:04Z</time></trkpt><trkpt lat="22.378007256306073" lon="114.00854600257678"><ele>0.5339488745188806</ele><time>2022-11-05T04:06:06Z</time></trkpt><trkpt lat="22.378015145963943" lon="114.00856880487238"><ele>0.24400616842719686</ele><time>2022-11-05T04:06:08Z</time></trkpt><trkpt lat="22.378020686241502" lon="114.00859268762075"><ele>-0.3287595542922765</ele><time>2022-11-05T04:06:10Z</time></trkpt><trkpt lat="22.378021919120027" lon="114.00862076206708"><ele>-0.47539873644750985</ele><time>2022-11-05T04:06:12Z</time></trkpt><trkpt lat="22.37801841743723" lon="114.00865009814927"><ele>-0.5755551117972072</ele><time>2022-11-05T04:06:14Z</time></trkpt><trkpt lat="22.378016097562263" lon="114.00867609101587"><ele>-0.7470015712593151</ele><time>2022-11-05T04:06:16Z</time></trkpt><trkpt lat="22.378019328787033" lon="114.00870016738328"><ele>-0.9866509158417281</ele><time>2022-11-05T04:06:18Z</time></trkpt><trkpt lat="22.37801680534052" lon="114.00873134665297"><ele>-0.9681000319552844</ele><time>2022-11-05T04:06:20Z</time></trkpt><trkpt lat="22.37801569600927" lon="114.00875613115929"><ele>-0.839275548777215</ele><time>2022-11-05T04:06:22Z</time></trkpt><trkpt lat="22.378011720951406" lon="114.00877818546529"><ele>-0.7291000647191227</ele><time>2022-11-05T04:06:24Z</time></trkpt><trkpt lat="22.378007085766342" lon="114.00880185412905"><ele>-0.8408333002070947</ele><time>2022-11-05T04:06:26Z</time></trkpt><trkpt lat="22.37800095048765" lon="114.00882837870736"><ele>-1.0922776915482106</ele><time>2022-11-05T04:06:28Z</time></trkpt><trkpt lat="22.37799355135765" lon="114.00885021046611"><ele>-1.1596443036588375</ele><time>2022-11-05T04:06:30Z</time></trkpt><trkpt lat="22.377988465043398" lon="114.0088758428913"><ele>-1.0488885889830386</ele><time>2022-11-05T04:06:32Z</time></trkpt><trkpt lat="22.37798391807534" lon="114.00890126505473"><ele>-0.8081308061441984</ele><time>2022-11-05T04:06:34Z</time></trkpt><trkpt lat="22.377988937911823" lon="114.00892429094161"><ele>-0.963640812725515</ele><time>2022-11-05T04:06:36Z</time></trkpt><trkpt lat="22.378008701454675" lon="114.00894484044227"><ele>-0.7462690212359605</ele><time>2022-11-05T04:06:38Z</time></trkpt><trkpt lat="22.378031710060636" lon="114.00896642110973"><ele>-0.6378830525481524</ele><time>2022-11-05T04:06:40Z</time></trkpt><trkpt lat="22.378053245735035" lon="114.00898548533507"><ele>-0.6924767787861481</ele><time>2022-11-05T04:06:42Z</time></trkpt><trkpt lat="22.37807136358083" lon="114.0090047673856"><ele>-0.8914532963516418</ele><time>2022-11-05T04:06:44Z</time></trkpt><trkpt lat="22.37809160717683" lon="114.00901437985236"><ele>-1.3683897092656365</ele><time>2022-11-05T04:06:46Z</time></trkpt><trkpt lat="22.37811594992683" lon="114.00903218438141"><ele>-3.179793994284402</ele><time>2022-11-05T04:06:56Z</time></trkpt><trkpt lat="22.37811974012464" lon="114.00905392256635"><ele>-3.1908884956513957</ele><time>2022-11-05T04:06:58Z</time></trkpt><trkpt lat="22.378121108610184" lon="114.00907675740989"><ele>-2.934181506270449</ele><time>2022-11-05T04:07:00Z</time></trkpt><trkpt lat="22.378123204931192" lon="114.00910019794979"><ele>-2.5866017787906594</ele><time>2022-11-05T04:07:02Z</time></trkpt><trkpt lat="22.378123233690694" lon="114.00912441679596"><ele>-1.8229601061028464</ele><time>2022-11-05T04:07:04Z</time></trkpt><trkpt lat="22.37812471924924" lon="114.00914958620167"><ele>-1.920749610501454</ele><time>2022-11-05T04:07:06Z</time></trkpt><trkpt lat="22.37811983410258" lon="114.00916916116611"><ele>-2.1737021275637574</ele><time>2022-11-05T04:07:08Z</time></trkpt><trkpt lat="22.37809351550503" lon="114.00919885562222"><ele>-1.6149027860697711</ele><time>2022-11-05T04:07:12Z</time></trkpt><trkpt lat="22.378071839573863" lon="114.00921083238882"><ele>-1.4463798595521895</ele><time>2022-11-05T04:07:14Z</time></trkpt><trkpt lat="22.378055037809318" lon="114.00922448734602"><ele>-0.8172445525982889</ele><time>2022-11-05T04:07:16Z</time></trkpt><trkpt lat="22.378044071357287" lon="114.00924187044942"><ele>-0.26025085971685075</ele><time>2022-11-05T04:07:18Z</time></trkpt><trkpt lat="22.378017344285457" lon="114.0092688556124"><ele>0.28870930287257673</ele><time>2022-11-05T04:07:22Z</time></trkpt><trkpt lat="22.378006205321867" lon="114.0092865752226"><ele>0.3644337125704806</ele><time>2022-11-05T04:07:24Z</time></trkpt><trkpt lat="22.37799746487975" lon="114.00931614248961"><ele>0.11059561018073967</ele><time>2022-11-05T04:07:26Z</time></trkpt><trkpt lat="22.37799165893519" lon="114.00933901360054"><ele>0.18772604124023703</ele><time>2022-11-05T04:07:28Z</time></trkpt><trkpt lat="22.377989597099845" lon="114.00936657327384"><ele>0.4459492730379083</ele><time>2022-11-05T04:07:30Z</time></trkpt><trkpt lat="22.377991914456523" lon="114.00939126648127"><ele>0.2695226703184104</ele><time>2022-11-05T04:07:32Z</time></trkpt><trkpt lat="22.377988567762475" lon="114.00941200176091"><ele>0.6221137680662826</ele><time>2022-11-05T04:07:34Z</time></trkpt><trkpt lat="22.377981631287692" lon="114.00944632195953"><ele>1.1541633941272034</ele><time>2022-11-05T04:07:36Z</time></trkpt><trkpt lat="22.377978797737818" lon="114.00947939909875"><ele>1.8338591013210859</ele><time>2022-11-05T04:07:38Z</time></trkpt><trkpt lat="22.37798223036965" lon="114.00951027381882"><ele>1.9375520365683152</ele><time>2022-11-05T04:07:40Z</time></trkpt><trkpt lat="22.37798472011617" lon="114.00953265737043"><ele>1.9765155204732956</ele><time>2022-11-05T04:07:42Z</time></trkpt><trkpt lat="22.37799486023633" lon="114.00955886986281"><ele>1.8787505376314164</ele><time>2022-11-05T04:07:44Z</time></trkpt><trkpt lat="22.37800293546587" lon="114.00958711937093"><ele>1.8790558169083107</ele><time>2022-11-05T04:07:46Z</time></trkpt><trkpt lat="22.378011204377405" lon="114.00961633409236"><ele>2.303719719199919</ele><time>2022-11-05T04:07:48Z</time></trkpt><trkpt lat="22.37803041156231" lon="114.00965199300607"><ele>2.413897621840896</ele><time>2022-11-05T04:07:50Z</time></trkpt><trkpt lat="22.378056690848666" lon="114.00966863951398"><ele>1.9486493465805297</ele><time>2022-11-05T04:07:52Z</time></trkpt><trkpt lat="22.37806943273701" lon="114.00969679372957"><ele>2.3471497862923205</ele><time>2022-11-05T04:07:54Z</time></trkpt><trkpt lat="22.37808009221456" lon="114.00971606226581"><ele>2.864514369033414</ele><time>2022-11-05T04:07:56Z</time></trkpt><trkpt lat="22.3780903315202" lon="114.00973446524975"><ele>3.368852164203815</ele><time>2022-11-05T04:07:58Z</time></trkpt><trkpt lat="22.3781122005256" lon="114.0097724483378"><ele>3.5908936502298157</ele><time>2022-11-05T04:08:02Z</time></trkpt><trkpt lat="22.378115696076808" lon="114.00979881659445"><ele>4.1492019056019975</ele><time>2022-11-05T04:08:04Z</time></trkpt><trkpt lat="22.37813124752382" lon="114.0098254603647"><ele>4.628231948554346</ele><time>2022-11-05T04:08:06Z</time></trkpt><trkpt lat="22.378154758027495" lon="114.00985429020866"><ele>4.563996389422249</ele><time>2022-11-05T04:08:08Z</time></trkpt><trkpt lat="22.378174193677843" lon="114.00987323737115"><ele>4.242250239623567</ele><time>2022-11-05T04:08:10Z</time></trkpt><trkpt lat="22.37818374745497" lon="114.00989353463817"><ele>4.018065448300128</ele><time>2022-11-05T04:08:12Z</time></trkpt><trkpt lat="22.378199980224682" lon="114.00991830693656"><ele>3.82092495166486</ele><time>2022-11-05T04:08:14Z</time></trkpt><trkpt lat="22.3782105792542" lon="114.0099444217475"><ele>4.058932234209572</ele><time>2022-11-05T04:08:16Z</time></trkpt><trkpt lat="22.378220144586578" lon="114.00996941325567"><ele>4.071362799797159</ele><time>2022-11-05T04:08:18Z</time></trkpt><trkpt lat="22.378230613332228" lon="114.00999149208901"><ele>4.315109123891197</ele><time>2022-11-05T04:08:20Z</time></trkpt><trkpt lat="22.378238228256322" lon="114.01001291352833"><ele>3.9732137748451066</ele><time>2022-11-05T04:08:22Z</time></trkpt><trkpt lat="22.378247331268636" lon="114.01003546048557"><ele>3.4931380989312806</ele><time>2022-11-05T04:08:24Z</time></trkpt><trkpt lat="22.378254369426674" lon="114.0100554984334"><ele>3.221823598490706</ele><time>2022-11-05T04:08:26Z</time></trkpt><trkpt lat="22.378267066980417" lon="114.01007693828504"><ele>3.1878989369968322</ele><time>2022-11-05T04:08:28Z</time></trkpt><trkpt lat="22.378279997601897" lon="114.01009837704547"><ele>3.5498847581964266</ele><time>2022-11-05T04:08:30Z</time></trkpt><trkpt lat="22.378298072231736" lon="114.01012205159043"><ele>4.300195960358627</ele><time>2022-11-05T04:08:32Z</time></trkpt><trkpt lat="22.378321139505008" lon="114.01016892519567"><ele>6.852649293149763</ele><time>2022-11-05T04:08:34Z</time></trkpt><trkpt lat="22.37833249772069" lon="114.01019345039117"><ele>7.416816276736373</ele><time>2022-11-05T04:08:36Z</time></trkpt><trkpt lat="22.37834966485609" lon="114.0102286414354"><ele>7.410307697424311</ele><time>2022-11-05T04:08:40Z</time></trkpt><trkpt lat="22.378360606533857" lon="114.01025066921665"><ele>7.3117255324889605</ele><time>2022-11-05T04:08:42Z</time></trkpt><trkpt lat="22.37837458965057" lon="114.01027567026298"><ele>7.026704688568203</ele><time>2022-11-05T04:08:44Z</time></trkpt><trkpt lat="22.37839064705967" lon="114.01030198975691"><ele>7.501252379226153</ele><time>2022-11-05T04:08:46Z</time></trkpt><trkpt lat="22.378407395338506" lon="114.01032627377202"><ele>7.903263995484609</ele><time>2022-11-05T04:08:48Z</time></trkpt><trkpt lat="22.378421672214632" lon="114.0103397791782"><ele>8.038762787175967</ele><time>2022-11-05T04:08:50Z</time></trkpt><trkpt lat="22.378445119972184" lon="114.01036047619768"><ele>8.370916964352718</ele><time>2022-11-05T04:08:54Z</time></trkpt><trkpt lat="22.37846853832709" lon="114.01038167964944"><ele>8.688325876471401</ele><time>2022-11-05T04:08:58Z</time></trkpt><trkpt lat="22.378487203918787" lon="114.01039273702806"><ele>8.105040443322519</ele><time>2022-11-05T04:09:00Z</time></trkpt><trkpt lat="22.378506278733227" lon="114.01040470145105"><ele>7.804240094624029</ele><time>2022-11-05T04:09:02Z</time></trkpt><trkpt lat="22.37851902152899" lon="114.01042718211961"><ele>7.57322154140827</ele><time>2022-11-05T04:09:04Z</time></trkpt><trkpt lat="22.37852290705634" lon="114.01046963082274"><ele>7.138618621740144</ele><time>2022-11-05T04:09:06Z</time></trkpt><trkpt lat="22.378533065140978" lon="114.01049672434519"><ele>6.642712325649056</ele><time>2022-11-05T04:09:08Z</time></trkpt><trkpt lat="22.37854180841456" lon="114.01051992200546"><ele>5.994836737365347</ele><time>2022-11-05T04:09:10Z</time></trkpt><trkpt lat="22.378549368357113" lon="114.01055268130176"><ele>5.482020224034428</ele><time>2022-11-05T04:09:12Z</time></trkpt><trkpt lat="22.378571285945025" lon="114.0105886666321"><ele>0.0693371410513813</ele><time>2022-11-05T04:09:14Z</time></trkpt><trkpt lat="22.378571063064275" lon="114.01061549535908"><ele>-0.05371785294382062</ele><time>2022-11-05T04:09:16Z</time></trkpt><trkpt lat="22.378570793727143" lon="114.01063497287258"><ele>1.8201814764881352</ele><time>2022-11-05T04:09:18Z</time></trkpt><trkpt lat="22.37856945502448" lon="114.0106731255423"><ele>3.431118025969834</ele><time>2022-11-05T04:09:22Z</time></trkpt><trkpt lat="22.37856667731518" lon="114.01071385439042"><ele>3.7190623976252657</ele><time>2022-11-05T04:09:26Z</time></trkpt><trkpt lat="22.37857190332309" lon="114.01073816139994"><ele>3.6830892139940294</ele><time>2022-11-05T04:09:28Z</time></trkpt><trkpt lat="22.378577266993084" lon="114.0107622555338"><ele>3.558877618255792</ele><time>2022-11-05T04:09:30Z</time></trkpt><trkpt lat="22.378578469164495" lon="114.01078793982508"><ele>3.487003391417303</ele><time>2022-11-05T04:09:32Z</time></trkpt><trkpt lat="22.378576229431353" lon="114.0108146824879"><ele>3.827416589786292</ele><time>2022-11-05T04:09:34Z</time></trkpt><trkpt lat="22.378576828995044" lon="114.01084491992056"><ele>3.8756377202696153</ele><time>2022-11-05T04:09:36Z</time></trkpt><trkpt lat="22.378583281212673" lon="114.01087818782374"><ele>4.068650840247041</ele><time>2022-11-05T04:09:38Z</time></trkpt><trkpt lat="22.378589211266938" lon="114.01090714525701"><ele>4.2099778985757395</ele><time>2022-11-05T04:09:40Z</time></trkpt><trkpt lat="22.378595457657326" lon="114.01093220630561"><ele>4.3336752642398615</ele><time>2022-11-05T04:09:42Z</time></trkpt><trkpt lat="22.37860824133473" lon="114.01095288474247"><ele>4.20488554650208</ele><time>2022-11-05T04:09:44Z</time></trkpt><trkpt lat="22.378624679009636" lon="114.01096809657999"><ele>3.7691719804783217</ele><time>2022-11-05T04:09:46Z</time></trkpt><trkpt lat="22.378641429155174" lon="114.0109889296723"><ele>3.4350137302306467</ele><time>2022-11-05T04:09:48Z</time></trkpt><trkpt lat="22.378671747327452" lon="114.01102750651313"><ele>1.8627720990770107</ele><time>2022-11-05T04:09:50Z</time></trkpt><trkpt lat="22.378694603167187" lon="114.0110467945421"><ele>2.1464118122227895</ele><time>2022-11-05T04:09:52Z</time></trkpt><trkpt lat="22.378712176876537" lon="114.01105610947789"><ele>2.1413568171992297</ele><time>2022-11-05T04:09:54Z</time></trkpt><trkpt lat="22.378731479939916" lon="114.0110621477171"><ele>2.348389625109493</ele><time>2022-11-05T04:09:56Z</time></trkpt><trkpt lat="22.378754145804756" lon="114.01106248697123"><ele>2.4239354160390407</ele><time>2022-11-05T04:09:58Z</time></trkpt><trkpt lat="22.378778439517404" lon="114.01106119761836"><ele>2.242360835119707</ele><time>2022-11-05T04:10:00Z</time></trkpt><trkpt lat="22.378805712414355" lon="114.01106090983832"><ele>2.2149148154191165</ele><time>2022-11-05T04:10:02Z</time></trkpt><trkpt lat="22.37883120342502" lon="114.01106870633231"><ele>2.437685256492571</ele><time>2022-11-05T04:10:04Z</time></trkpt><trkpt lat="22.378850757199608" lon="114.01108616322686"><ele>2.8783114736557223</ele><time>2022-11-05T04:10:06Z</time></trkpt><trkpt lat="22.37886732163705" lon="114.0111045099296"><ele>3.2920231259825607</ele><time>2022-11-05T04:10:08Z</time></trkpt><trkpt lat="22.378889676342006" lon="114.01110941443449"><ele>4.388323654492267</ele><time>2022-11-05T04:10:10Z</time></trkpt><trkpt lat="22.378908031993753" lon="114.01112394684228"><ele>7.537491763052456</ele><time>2022-11-05T04:10:12Z</time></trkpt><trkpt lat="22.37892288088253" lon="114.01116200562089"><ele>7.6095782299149555</ele><time>2022-11-05T04:10:16Z</time></trkpt><trkpt lat="22.378929333834765" lon="114.0111901897122"><ele>7.103509321665632</ele><time>2022-11-05T04:10:18Z</time></trkpt><trkpt lat="22.378939468443928" lon="114.01121708823426"><ele>6.864679147568424</ele><time>2022-11-05T04:10:20Z</time></trkpt><trkpt lat="22.378963484518643" lon="114.01128091839323"><ele>5.670849159331638</ele><time>2022-11-05T04:10:22Z</time></trkpt><trkpt lat="22.37897591374989" lon="114.01131561955845"><ele>6.52711783895021</ele><time>2022-11-05T04:10:24Z</time></trkpt><trkpt lat="22.378991614373533" lon="114.01134462160813"><ele>7.048116234410371</ele><time>2022-11-05T04:10:26Z</time></trkpt><trkpt lat="22.378999123440327" lon="114.01136360483446"><ele>7.178457490225291</ele><time>2022-11-05T04:10:28Z</time></trkpt><trkpt lat="22.379006306055597" lon="114.01138515598043"><ele>7.25644859616391</ele><time>2022-11-05T04:10:30Z</time></trkpt><trkpt lat="22.379021872704094" lon="114.01140427251232"><ele>6.8253889254839</ele><time>2022-11-05T04:10:32Z</time></trkpt><trkpt lat="22.379027357658742" lon="114.011428948465"><ele>7.005919602891951</ele><time>2022-11-05T04:10:34Z</time></trkpt><trkpt lat="22.37905014021292" lon="114.0114604551644"><ele>7.976627591320518</ele><time>2022-11-05T04:10:38Z</time></trkpt><trkpt lat="22.379069946230842" lon="114.01147202594855"><ele>7.3704982460961235</ele><time>2022-11-05T04:10:40Z</time></trkpt><trkpt lat="22.379089320180956" lon="114.01147881917633"><ele>5.786037463395245</ele><time>2022-11-05T04:10:42Z</time></trkpt><trkpt lat="22.379102367033983" lon="114.0114979872966"><ele>6.001973834654775</ele><time>2022-11-05T04:10:44Z</time></trkpt><trkpt lat="22.379112794942266" lon="114.01151609146063"><ele>6.005705012859782</ele><time>2022-11-05T04:10:46Z</time></trkpt><trkpt lat="22.379124796673313" lon="114.01153373391071"><ele>5.8868051079897175</ele><time>2022-11-05T04:10:48Z</time></trkpt><trkpt lat="22.379134974740346" lon="114.01155385715121"><ele>5.610589813500022</ele><time>2022-11-05T04:10:50Z</time></trkpt><trkpt lat="22.379144933580324" lon="114.01157709943786"><ele>5.305486775348764</ele><time>2022-11-05T04:10:52Z</time></trkpt><trkpt lat="22.37915262609421" lon="114.01160291403485"><ele>5.1236743728508936</ele><time>2022-11-05T04:10:54Z</time></trkpt><trkpt lat="22.379164243452973" lon="114.01162743057097"><ele>5.060328672802861</ele><time>2022-11-05T04:10:56Z</time></trkpt><trkpt lat="22.37918149894333" lon="114.01165044453015"><ele>5.205831145458014</ele><time>2022-11-05T04:10:58Z</time></trkpt><trkpt lat="22.37919312406523" lon="114.011674645881"><ele>5.308091948423977</ele><time>2022-11-05T04:11:00Z</time></trkpt><trkpt lat="22.379205643513917" lon="114.01169589770369"><ele>5.338156269696289</ele><time>2022-11-05T04:11:02Z</time></trkpt><trkpt lat="22.37922501188314" lon="114.01171723596072"><ele>5.408510547705246</ele><time>2022-11-05T04:11:04Z</time></trkpt><trkpt lat="22.37923930338548" lon="114.01173702891829"><ele>5.365739991944622</ele><time>2022-11-05T04:11:06Z</time></trkpt><trkpt lat="22.37925466456993" lon="114.01175513982426"><ele>5.074592995373225</ele><time>2022-11-05T04:11:08Z</time></trkpt><trkpt lat="22.379268913980393" lon="114.01177567481217"><ele>4.90495192261566</ele><time>2022-11-05T04:11:10Z</time></trkpt><trkpt lat="22.37928387683567" lon="114.01179599237618"><ele>4.609498849532707</ele><time>2022-11-05T04:11:12Z</time></trkpt><trkpt lat="22.3793010957531" lon="114.0118158899595"><ele>4.5721105553844446</ele><time>2022-11-05T04:11:14Z</time></trkpt><trkpt lat="22.379317013131786" lon="114.01183219495088"><ele>4.488376055826873</ele><time>2022-11-05T04:11:16Z</time></trkpt><trkpt lat="22.379335328593903" lon="114.01183913575007"><ele>3.945711244016462</ele><time>2022-11-05T04:11:18Z</time></trkpt><trkpt lat="22.37937370107944" lon="114.01185643877193"><ele>3.6463311088211925</ele><time>2022-11-05T04:11:22Z</time></trkpt><trkpt lat="22.379398354310243" lon="114.01186433852357"><ele>3.241912266711795</ele><time>2022-11-05T04:11:24Z</time></trkpt><trkpt lat="22.379421458604337" lon="114.01187200780174"><ele>2.951956010899251</ele><time>2022-11-05T04:11:26Z</time></trkpt><trkpt lat="22.379439374446587" lon="114.0118827671477"><ele>2.7056009224639226</ele><time>2022-11-05T04:11:28Z</time></trkpt><trkpt lat="22.37946063975055" lon="114.01189721083061"><ele>2.5706747636497322</ele><time>2022-11-05T04:11:30Z</time></trkpt><trkpt lat="22.379479392216133" lon="114.01190622078575"><ele>2.5413031022770465</ele><time>2022-11-05T04:11:32Z</time></trkpt><trkpt lat="22.379523500830487" lon="114.01190732038063"><ele>4.051781975864868</ele><time>2022-11-05T04:11:36Z</time></trkpt><trkpt lat="22.379542510498755" lon="114.01191128033763"><ele>4.912741130658168</ele><time>2022-11-05T04:11:38Z</time></trkpt><trkpt lat="22.379568688109362" lon="114.0119239207632"><ele>5.474496940095527</ele><time>2022-11-05T04:11:40Z</time></trkpt><trkpt lat="22.379593596030194" lon="114.01194209567976"><ele>5.9254047321886185</ele><time>2022-11-05T04:11:42Z</time></trkpt><trkpt lat="22.37962375855016" lon="114.01196042615959"><ele>5.93206842659469</ele><time>2022-11-05T04:11:44Z</time></trkpt><trkpt lat="22.379649227541098" lon="114.01197421823397"><ele>5.717064352358544</ele><time>2022-11-05T04:11:46Z</time></trkpt><trkpt lat="22.379664827952666" lon="114.01199216967237"><ele>5.387874496719027</ele><time>2022-11-05T04:11:48Z</time></trkpt><trkpt lat="22.379675976436268" lon="114.01201365165176"><ele>4.909375042003318</ele><time>2022-11-05T04:11:50Z</time></trkpt><trkpt lat="22.37967925860509" lon="114.01204119474237"><ele>4.621101094906189</ele><time>2022-11-05T04:11:52Z</time></trkpt><trkpt lat="22.379681118858453" lon="114.01207091161436"><ele>4.5725193541368006</ele><time>2022-11-05T04:11:54Z</time></trkpt><trkpt lat="22.37967691195429" lon="114.01209786394026"><ele>4.908305539419019</ele><time>2022-11-05T04:11:56Z</time></trkpt><trkpt lat="22.379672454184856" lon="114.01213023108636"><ele>4.284213042591887</ele><time>2022-11-05T04:11:58Z</time></trkpt><trkpt lat="22.379667148972082" lon="114.01215581286701"><ele>3.9656098639243598</ele><time>2022-11-05T04:12:00Z</time></trkpt><trkpt lat="22.379667885446587" lon="114.01218374531743"><ele>4.029441457918697</ele><time>2022-11-05T04:12:02Z</time></trkpt><trkpt lat="22.37966577186074" lon="114.0122065890256"><ele>3.709916889863371</ele><time>2022-11-05T04:12:04Z</time></trkpt><trkpt lat="22.37966464310443" lon="114.01223101320295"><ele>3.3896904418795843</ele><time>2022-11-05T04:12:06Z</time></trkpt><trkpt lat="22.379658824292108" lon="114.01225484467189"><ele>2.990081576535694</ele><time>2022-11-05T04:12:08Z</time></trkpt><trkpt lat="22.379654135445275" lon="114.01227880682382"><ele>2.629698868236138</ele><time>2022-11-05T04:12:10Z</time></trkpt><trkpt lat="22.37965144110876" lon="114.01230713696974"><ele>2.4628998365059065</ele><time>2022-11-05T04:12:12Z</time></trkpt><trkpt lat="22.37965336314772" lon="114.0123382720214"><ele>2.456903728867306</ele><time>2022-11-05T04:12:14Z</time></trkpt><trkpt lat="22.379664088963217" lon="114.01236950599866"><ele>3.006042796498261</ele><time>2022-11-05T04:12:16Z</time></trkpt><trkpt lat="22.379673443813836" lon="114.01239365046202"><ele>3.596983308283822</ele><time>2022-11-05T04:12:18Z</time></trkpt><trkpt lat="22.379686745809142" lon="114.01242045242039"><ele>4.065543536322772</ele><time>2022-11-05T04:12:20Z</time></trkpt><trkpt lat="22.379706578533856" lon="114.0124407184114"><ele>4.391373081439787</ele><time>2022-11-05T04:12:22Z</time></trkpt><trkpt lat="22.37972776664327" lon="114.01245094036882"><ele>4.53524464255232</ele><time>2022-11-05T04:12:24Z</time></trkpt><trkpt lat="22.379755013468746" lon="114.01246073396821"><ele>5.122072428192705</ele><time>2022-11-05T04:12:26Z</time></trkpt><trkpt lat="22.379781393734056" lon="114.01247119490586"><ele>5.418052006736699</ele><time>2022-11-05T04:12:28Z</time></trkpt><trkpt lat="22.379809127125146" lon="114.01248167372096"><ele>5.832723063411142</ele><time>2022-11-05T04:12:30Z</time></trkpt><trkpt lat="22.379830871206753" lon="114.01249387111336"><ele>5.978549238588559</ele><time>2022-11-05T04:12:32Z</time></trkpt><trkpt lat="22.379850605433873" lon="114.01250748199415"><ele>6.185036205037928</ele><time>2022-11-05T04:12:34Z</time></trkpt><trkpt lat="22.379867266189986" lon="114.01252719791493"><ele>6.090908655435256</ele><time>2022-11-05T04:12:36Z</time></trkpt><trkpt lat="22.37988378010022" lon="114.01254993908351"><ele>5.72200406221656</ele><time>2022-11-05T04:12:38Z</time></trkpt><trkpt lat="22.379899715171437" lon="114.01256753232067"><ele>5.472672696472496</ele><time>2022-11-05T04:12:40Z</time></trkpt><trkpt lat="22.379911804799384" lon="114.01258595266638"><ele>5.221455202605107</ele><time>2022-11-05T04:12:42Z</time></trkpt><trkpt lat="22.379928198689395" lon="114.01260138956061"><ele>5.198645357996554</ele><time>2022-11-05T04:12:44Z</time></trkpt><trkpt lat="22.379945821133468" lon="114.01262150048846"><ele>5.408243731234858</ele><time>2022-11-05T04:12:46Z</time></trkpt><trkpt lat="22.379958470654813" lon="114.01264218851868"><ele>5.460847659254792</ele><time>2022-11-05T04:12:48Z</time></trkpt><trkpt lat="22.379969997331298" lon="114.012660036722"><ele>5.566231239349712</ele><time>2022-11-05T04:12:50Z</time></trkpt><trkpt lat="22.379988052781364" lon="114.01267449312691"><ele>5.658926231730329</ele><time>2022-11-05T04:12:52Z</time></trkpt><trkpt lat="22.38000777384663" lon="114.01268662994404"><ele>5.916061171280556</ele><time>2022-11-05T04:12:54Z</time></trkpt><trkpt lat="22.380021977545013" lon="114.01270233125904"><ele>6.073747074245492</ele><time>2022-11-05T04:12:56Z</time></trkpt><trkpt lat="22.380039727011418" lon="114.01272151765282"><ele>6.053775547254525</ele><time>2022-11-05T04:12:58Z</time></trkpt><trkpt lat="22.38007373303241" lon="114.01274489555566"><ele>3.8552852765214767</ele><time>2022-11-05T04:13:00Z</time></trkpt><trkpt lat="22.380083912446295" lon="114.01276155918492"><ele>4.272240357636411</ele><time>2022-11-05T04:13:02Z</time></trkpt><trkpt lat="22.380093226616264" lon="114.0127875581206"><ele>4.720374225949213</ele><time>2022-11-05T04:13:04Z</time></trkpt><trkpt lat="22.38009786662078" lon="114.01281161232355"><ele>4.80446636410077</ele><time>2022-11-05T04:13:06Z</time></trkpt><trkpt lat="22.380102091242744" lon="114.01283609052209"><ele>4.913793253823845</ele><time>2022-11-05T04:13:08Z</time></trkpt><trkpt lat="22.380103872554752" lon="114.01286297693852"><ele>4.926874995093862</ele><time>2022-11-05T04:13:10Z</time></trkpt><trkpt lat="22.380107301548826" lon="114.01289004962588"><ele>4.846520394756222</ele><time>2022-11-05T04:13:12Z</time></trkpt><trkpt lat="22.380106010196503" lon="114.01291419688705"><ele>4.678183519031866</ele><time>2022-11-05T04:13:14Z</time></trkpt><trkpt lat="22.380103945954026" lon="114.01294329453637"><ele>4.875332230034076</ele><time>2022-11-05T04:13:16Z</time></trkpt><trkpt lat="22.380105071099603" lon="114.012970886924"><ele>4.587744397544595</ele><time>2022-11-05T04:13:18Z</time></trkpt><trkpt lat="22.38010606584914" lon="114.01299828426055"><ele>4.877727521288338</ele><time>2022-11-05T04:13:20Z</time></trkpt><trkpt lat="22.380107810145272" lon="114.01302590973009"><ele>5.462433795647016</ele><time>2022-11-05T04:13:22Z</time></trkpt><trkpt lat="22.380112385151218" lon="114.01304556623126"><ele>5.6450712146839</ele><time>2022-11-05T04:13:24Z</time></trkpt><trkpt lat="22.380112782253" lon="114.01306559650465"><ele>5.726617879782769</ele><time>2022-11-05T04:13:26Z</time></trkpt><trkpt lat="22.380131245794324" lon="114.01308886090581"><ele>6.844779278040322</ele><time>2022-11-05T04:13:38Z</time></trkpt><trkpt lat="22.38014328201088" lon="114.01312868819112"><ele>6.95111087570977</ele><time>2022-11-05T04:13:42Z</time></trkpt><trkpt lat="22.380141753152223" lon="114.01315351176642"><ele>7.522406907825762</ele><time>2022-11-05T04:13:44Z</time></trkpt><trkpt lat="22.38013729543738" lon="114.01317435766003"><ele>7.782473870105681</ele><time>2022-11-05T04:13:46Z</time></trkpt><trkpt lat="22.38014219566544" lon="114.01320475265022"><ele>8.279396218214847</ele><time>2022-11-05T04:13:48Z</time></trkpt><trkpt lat="22.380149055731685" lon="114.01323680698565"><ele>9.270208836742087</ele><time>2022-11-05T04:13:52Z</time></trkpt><trkpt lat="22.380148848350142" lon="114.01325645819388"><ele>9.98050998886851</ele><time>2022-11-05T04:13:54Z</time></trkpt><trkpt lat="22.380150856293195" lon="114.01328267728324"><ele>10.00279154589159</ele><time>2022-11-05T04:13:56Z</time></trkpt><trkpt lat="22.38017611877638" lon="114.01332484863903"><ele>10.899416100993385</ele><time>2022-11-05T04:14:00Z</time></trkpt><trkpt lat="22.380190560629984" lon="114.01333707061998"><ele>10.772151959068896</ele><time>2022-11-05T04:14:02Z</time></trkpt><trkpt lat="22.3802100995761" lon="114.01337545656887"><ele>10.983348569723878</ele><time>2022-11-05T04:14:06Z</time></trkpt><trkpt lat="22.3802195321733" lon="114.01339422868205"><ele>11.05124307933653</ele><time>2022-11-05T04:14:08Z</time></trkpt><trkpt lat="22.38023431257205" lon="114.01341496984513"><ele>10.922747274052934</ele><time>2022-11-05T04:14:12Z</time></trkpt><trkpt lat="22.38024790587475" lon="114.01343798553673"><ele>11.00467810156407</ele><time>2022-11-05T04:14:16Z</time></trkpt><trkpt lat="22.380269009034425" lon="114.01345491469135"><ele>10.867700982305644</ele><time>2022-11-05T04:14:18Z</time></trkpt><trkpt lat="22.38029074043188" lon="114.01347089175398"><ele>10.874690541934966</ele><time>2022-11-05T04:14:20Z</time></trkpt><trkpt lat="22.380313418600124" lon="114.01348646130707"><ele>10.927066764116287</ele><time>2022-11-05T04:14:22Z</time></trkpt><trkpt lat="22.380339315422823" lon="114.0134973917146"><ele>10.834753546146317</ele><time>2022-11-05T04:14:24Z</time></trkpt><trkpt lat="22.380363112543918" lon="114.01351404609763"><ele>10.434131485994655</ele><time>2022-11-05T04:14:26Z</time></trkpt><trkpt lat="22.380383579527216" lon="114.01353337182393"><ele>10.164367571362687</ele><time>2022-11-05T04:14:28Z</time></trkpt><trkpt lat="22.38040450661443" lon="114.01355836467788"><ele>8.159514469265137</ele><time>2022-11-05T04:14:32Z</time></trkpt><trkpt lat="22.380419585292803" lon="114.01357232533049"><ele>7.497375681414238</ele><time>2022-11-05T04:14:34Z</time></trkpt><trkpt lat="22.38043477315102" lon="114.013586090526"><ele>7.276532608315755</ele><time>2022-11-05T04:14:36Z</time></trkpt><trkpt lat="22.380471613864557" lon="114.01361462512763"><ele>8.449630608112098</ele><time>2022-11-05T04:14:40Z</time></trkpt><trkpt lat="22.38049466573139" lon="114.01362927185606"><ele>8.737401795267434</ele><time>2022-11-05T04:14:42Z</time></trkpt><trkpt lat="22.38051055590511" lon="114.01364367983423"><ele>8.97497215459942</ele><time>2022-11-05T04:14:44Z</time></trkpt><trkpt lat="22.380522714402954" lon="114.0136631060072"><ele>9.032414248339864</ele><time>2022-11-05T04:14:46Z</time></trkpt><trkpt lat="22.380533155828132" lon="114.01368648493711"><ele>8.948471514213493</ele><time>2022-11-05T04:14:48Z</time></trkpt><trkpt lat="22.380538262767192" lon="114.01371002603624"><ele>8.739735888582965</ele><time>2022-11-05T04:14:50Z</time></trkpt><trkpt lat="22.380547862427935" lon="114.01373331279761"><ele>8.5889250375914</ele><time>2022-11-05T04:14:52Z</time></trkpt><trkpt lat="22.38055412397656" lon="114.01376062962915"><ele>8.392895365511821</ele><time>2022-11-05T04:14:54Z</time></trkpt><trkpt lat="22.380556466728684" lon="114.01378567540233"><ele>8.250942869517404</ele><time>2022-11-05T04:14:56Z</time></trkpt><trkpt lat="22.38056123651048" lon="114.01380950816538"><ele>8.09612457462593</ele><time>2022-11-05T04:14:58Z</time></trkpt><trkpt lat="22.380564712477863" lon="114.01383368671327"><ele>7.6814895747258545</ele><time>2022-11-05T04:15:00Z</time></trkpt><trkpt lat="22.380565976611674" lon="114.01385481157683"><ele>7.4906226103634</ele><time>2022-11-05T04:15:02Z</time></trkpt><trkpt lat="22.38057047370935" lon="114.0138884343467"><ele>7.220831210558092</ele><time>2022-11-05T04:15:06Z</time></trkpt><trkpt lat="22.38057502270893" lon="114.01391548291255"><ele>6.5607318305220605</ele><time>2022-11-05T04:15:08Z</time></trkpt><trkpt lat="22.380580233430692" lon="114.01393968654793"><ele>6.054364337418981</ele><time>2022-11-05T04:15:10Z</time></trkpt><trkpt lat="22.38057995288788" lon="114.013963938188"><ele>6.552911898668291</ele><time>2022-11-05T04:15:12Z</time></trkpt><trkpt lat="22.380575700314253" lon="114.01399380021029"><ele>7.259242799762657</ele><time>2022-11-05T04:15:14Z</time></trkpt><trkpt lat="22.38058018832217" lon="114.0140266138836"><ele>7.163082086263771</ele><time>2022-11-05T04:15:16Z</time></trkpt><trkpt lat="22.380585644162412" lon="114.01409087748259"><ele>6.86907746675043</ele><time>2022-11-05T04:15:18Z</time></trkpt><trkpt lat="22.380588857009855" lon="114.01411953451051"><ele>5.994332528480101</ele><time>2022-11-05T04:15:20Z</time></trkpt><trkpt lat="22.38060975626398" lon="114.01414181779657"><ele>6.306061976497341</ele><time>2022-11-05T04:15:22Z</time></trkpt><trkpt lat="22.380629756139072" lon="114.01415145840969"><ele>7.361874629538394</ele><time>2022-11-05T04:15:24Z</time></trkpt><trkpt lat="22.380649662765617" lon="114.0141512255573"><ele>9.354518307474118</ele><time>2022-11-05T04:15:26Z</time></trkpt><trkpt lat="22.38067299670877" lon="114.01417530562485"><ele>12.91485341228964</ele><time>2022-11-05T04:15:30Z</time></trkpt><trkpt lat="22.38068991506271" lon="114.01418934340192"><ele>13.367083551637993</ele><time>2022-11-05T04:15:32Z</time></trkpt><trkpt lat="22.380701412700216" lon="114.01420738801076"><ele>13.022339810227805</ele><time>2022-11-05T04:15:34Z</time></trkpt><trkpt lat="22.380712824321844" lon="114.01422383092114"><ele>12.611528247417143</ele><time>2022-11-05T04:15:36Z</time></trkpt><trkpt lat="22.380733380759928" lon="114.01425838311819"><ele>12.088097262546318</ele><time>2022-11-05T04:15:40Z</time></trkpt><trkpt lat="22.38074484095026" lon="114.01428665898615"><ele>11.792248357376959</ele><time>2022-11-05T04:15:42Z</time></trkpt><trkpt lat="22.380755980923333" lon="114.01431720217387"><ele>11.67516899403495</ele><time>2022-11-05T04:15:44Z</time></trkpt><trkpt lat="22.380762865254766" lon="114.01434230229872"><ele>11.219669160684166</ele><time>2022-11-05T04:15:46Z</time></trkpt><trkpt lat="22.380768256955815" lon="114.01436773993231"><ele>10.885500096587796</ele><time>2022-11-05T04:15:48Z</time></trkpt><trkpt lat="22.38077217453197" lon="114.01439659547158"><ele>10.326021050645897</ele><time>2022-11-05T04:15:50Z</time></trkpt><trkpt lat="22.38077932440618" lon="114.01442069523725"><ele>10.088997684299313</ele><time>2022-11-05T04:15:52Z</time></trkpt><trkpt lat="22.38079821354017" lon="114.01444019642292"><ele>10.216862061863527</ele><time>2022-11-05T04:15:54Z</time></trkpt><trkpt lat="22.380810467156195" lon="114.0144587755988"><ele>10.630098459379676</ele><time>2022-11-05T04:15:56Z</time></trkpt><trkpt lat="22.380829157182713" lon="114.01446988685466"><ele>10.345154889261309</ele><time>2022-11-05T04:15:58Z</time></trkpt><trkpt lat="22.380852070634422" lon="114.01447731943232"><ele>10.326303259156653</ele><time>2022-11-05T04:16:00Z</time></trkpt><trkpt lat="22.380874688070822" lon="114.01448172986645"><ele>10.47601067358215</ele><time>2022-11-05T04:16:02Z</time></trkpt><trkpt lat="22.380896715564262" lon="114.0144849423947"><ele>10.233083906101761</ele><time>2022-11-05T04:16:04Z</time></trkpt><trkpt lat="22.380917312114494" lon="114.01448901406918"><ele>9.634880876414107</ele><time>2022-11-05T04:16:06Z</time></trkpt><trkpt lat="22.3809425147333" lon="114.01449159544188"><ele>9.32992599857784</ele><time>2022-11-05T04:16:08Z</time></trkpt><trkpt lat="22.38096648614598" lon="114.01449431112364"><ele>9.168946497284043</ele><time>2022-11-05T04:16:10Z</time></trkpt><trkpt lat="22.38099020366287" lon="114.01449552840577"><ele>9.177831414528342</ele><time>2022-11-05T04:16:12Z</time></trkpt><trkpt lat="22.381009717604844" lon="114.01449814308458"><ele>9.191697555117791</ele><time>2022-11-05T04:16:14Z</time></trkpt><trkpt lat="22.381045625566138" lon="114.01450346879581"><ele>8.880874376580307</ele><time>2022-11-05T04:16:18Z</time></trkpt><trkpt lat="22.381070816501737" lon="114.01450710611122"><ele>8.738977977644167</ele><time>2022-11-05T04:16:20Z</time></trkpt><trkpt lat="22.38109415444551" lon="114.0145075439619"><ele>8.544881155448163</ele><time>2022-11-05T04:16:22Z</time></trkpt><trkpt lat="22.38111836633997" lon="114.01450943866888"><ele>8.314966520310668</ele><time>2022-11-05T04:16:24Z</time></trkpt><trkpt lat="22.381142654977758" lon="114.01451227920876"><ele>8.334546364567933</ele><time>2022-11-05T04:16:26Z</time></trkpt><trkpt lat="22.38116804463599" lon="114.01451366422602"><ele>8.631158005576966</ele><time>2022-11-05T04:16:28Z</time></trkpt><trkpt lat="22.381194976011308" lon="114.01450839498959"><ele>7.179031597867609</ele><time>2022-11-05T04:16:30Z</time></trkpt><trkpt lat="22.381215129564286" lon="114.0145311194019"><ele>4.407327691699633</ele><time>2022-11-05T04:16:34Z</time></trkpt><trkpt lat="22.38124706954862" lon="114.01455278187822"><ele>4.8433753018784635</ele><time>2022-11-05T04:16:38Z</time></trkpt><trkpt lat="22.381265022307492" lon="114.01456001152884"><ele>5.299770273179338</ele><time>2022-11-05T04:16:40Z</time></trkpt><trkpt lat="22.381282948337873" lon="114.01457371443026"><ele>5.7081251991473545</ele><time>2022-11-05T04:16:42Z</time></trkpt><trkpt lat="22.38133336696552" lon="114.01457895822263"><ele>8.19684703646947</ele><time>2022-11-05T04:16:44Z</time></trkpt><trkpt lat="22.381352499875387" lon="114.01458997206981"><ele>8.20261427695409</ele><time>2022-11-05T04:16:46Z</time></trkpt><trkpt lat="22.381370946730545" lon="114.0146063217528"><ele>8.21742827399822</ele><time>2022-11-05T04:16:48Z</time></trkpt><trkpt lat="22.381386418089484" lon="114.0146222731298"><ele>8.096022719025681</ele><time>2022-11-05T04:16:50Z</time></trkpt><trkpt lat="22.38141227298814" lon="114.01464910295067"><ele>8.382298497298237</ele><time>2022-11-05T04:16:54Z</time></trkpt><trkpt lat="22.38143272511755" lon="114.01466684115492"><ele>8.648588962810894</ele><time>2022-11-05T04:16:56Z</time></trkpt><trkpt lat="22.381445779877318" lon="114.01468312210018"><ele>8.912334599519207</ele><time>2022-11-05T04:16:58Z</time></trkpt><trkpt lat="22.381456687593833" lon="114.01469886296348"><ele>9.073882456532127</ele><time>2022-11-05T04:17:00Z</time></trkpt><trkpt lat="22.381480636223547" lon="114.01472680238618"><ele>9.323262813005504</ele><time>2022-11-05T04:17:04Z</time></trkpt><trkpt lat="22.38149835651154" lon="114.01475938055647"><ele>9.62642431276377</ele><time>2022-11-05T04:17:08Z</time></trkpt><trkpt lat="22.381518419822765" lon="114.01479089440397"><ele>10.137791745016093</ele><time>2022-11-05T04:17:12Z</time></trkpt><trkpt lat="22.38152939404935" lon="114.01480633113809"><ele>10.574045381589766</ele><time>2022-11-05T04:17:14Z</time></trkpt><trkpt lat="22.381535264620982" lon="114.01483861812751"><ele>10.81889969333273</ele><time>2022-11-05T04:17:18Z</time></trkpt><trkpt lat="22.381550368947945" lon="114.01487719135687"><ele>11.071350342335142</ele><time>2022-11-05T04:17:22Z</time></trkpt><trkpt lat="22.381565449911314" lon="114.0148970473806"><ele>11.604205665554165</ele><time>2022-11-05T04:17:24Z</time></trkpt><trkpt lat="22.381580183652225" lon="114.01492078095256"><ele>12.15199226675573</ele><time>2022-11-05T04:17:26Z</time></trkpt><trkpt lat="22.381592766860074" lon="114.01494349586689"><ele>12.665248756234467</ele><time>2022-11-05T04:17:28Z</time></trkpt><trkpt lat="22.3816040966794" lon="114.01496684385123"><ele>12.915975190999317</ele><time>2022-11-05T04:17:30Z</time></trkpt><trkpt lat="22.381621261701135" lon="114.01498164494078"><ele>13.5017219042201</ele><time>2022-11-05T04:17:32Z</time></trkpt><trkpt lat="22.381624460082882" lon="114.0150096609825"><ele>13.66239290675463</ele><time>2022-11-05T04:17:34Z</time></trkpt><trkpt lat="22.381629689171014" lon="114.01504014471875"><ele>13.631636423477914</ele><time>2022-11-05T04:17:36Z</time></trkpt><trkpt lat="22.381649950971376" lon="114.01507624734279"><ele>13.676013419947958</ele><time>2022-11-05T04:17:40Z</time></trkpt><trkpt lat="22.381658504116718" lon="114.01509671204242"><ele>13.627235561989732</ele><time>2022-11-05T04:17:42Z</time></trkpt><trkpt lat="22.381664927418452" lon="114.01511954532278"><ele>13.75082103543308</ele><time>2022-11-05T04:17:44Z</time></trkpt><trkpt lat="22.38167023387203" lon="114.01514506525555"><ele>13.78495336784696</ele><time>2022-11-05T04:17:46Z</time></trkpt><trkpt lat="22.381683937541354" lon="114.01516961506711"><ele>13.996165704163149</ele><time>2022-11-05T04:17:48Z</time></trkpt><trkpt lat="22.38171133203245" lon="114.01518419629308"><ele>14.761079898541787</ele><time>2022-11-05T04:17:50Z</time></trkpt><trkpt lat="22.38172732234319" lon="114.0152009810671"><ele>15.474540775032226</ele><time>2022-11-05T04:17:52Z</time></trkpt><trkpt lat="22.38174241452508" lon="114.01523849072025"><ele>15.778246093689999</ele><time>2022-11-05T04:17:56Z</time></trkpt><trkpt lat="22.381756027244688" lon="114.01525368983613"><ele>15.993541329143403</ele><time>2022-11-05T04:17:58Z</time></trkpt><trkpt lat="22.381765184595896" lon="114.01528820301803"><ele>15.913676351922472</ele><time>2022-11-05T04:18:02Z</time></trkpt><trkpt lat="22.381771091119596" lon="114.0153096229449"><ele>15.9278299969107</ele><time>2022-11-05T04:18:04Z</time></trkpt><trkpt lat="22.381785341437986" lon="114.01532832337585"><ele>16.28019947491636</ele><time>2022-11-05T04:18:06Z</time></trkpt><trkpt lat="22.381798635774864" lon="114.01534624830177"><ele>16.618694568220164</ele><time>2022-11-05T04:18:08Z</time></trkpt><trkpt lat="22.381805760516315" lon="114.01536715683172"><ele>16.85262957531514</ele><time>2022-11-05T04:18:10Z</time></trkpt><trkpt lat="22.38181131692933" lon="114.01540350234949"><ele>16.782091870630165</ele><time>2022-11-05T04:18:14Z</time></trkpt><trkpt lat="22.38181032701489" lon="114.01542504168994"><ele>16.534023351546292</ele><time>2022-11-05T04:18:16Z</time></trkpt><trkpt lat="22.381815980331133" lon="114.01546445912035"><ele>16.511312673884362</ele><time>2022-11-05T04:18:20Z</time></trkpt><trkpt lat="22.38182426606117" lon="114.01552444065149"><ele>19.417578619273737</ele><time>2022-11-05T04:18:24Z</time></trkpt><trkpt lat="22.381837983200867" lon="114.01554488444755"><ele>18.270185406329304</ele><time>2022-11-05T04:18:26Z</time></trkpt><trkpt lat="22.381847592976808" lon="114.01556437080824"><ele>18.91604223271644</ele><time>2022-11-05T04:18:28Z</time></trkpt><trkpt lat="22.38186440604972" lon="114.01557755273865"><ele>19.56708201953799</ele><time>2022-11-05T04:18:32Z</time></trkpt><trkpt lat="22.381855432711074" lon="114.01559474801921"><ele>20.35593602153196</ele><time>2022-11-05T04:18:36Z</time></trkpt><trkpt lat="22.381832221050594" lon="114.0156035083337"><ele>20.635833846587687</ele><time>2022-11-05T04:18:38Z</time></trkpt><trkpt lat="22.38179889212986" lon="114.01561638369667"><ele>20.418320260278396</ele><time>2022-11-05T04:18:40Z</time></trkpt><trkpt lat="22.381776264584058" lon="114.015642700175"><ele>20.59184479964839</ele><time>2022-11-05T04:18:42Z</time></trkpt><trkpt lat="22.381759711695793" lon="114.0156650139632"><ele>20.701856609646327</ele><time>2022-11-05T04:18:44Z</time></trkpt><trkpt lat="22.381751631769845" lon="114.0156856316193"><ele>21.2079707069092</ele><time>2022-11-05T04:18:46Z</time></trkpt><trkpt lat="22.38175510766485" lon="114.01572184714892"><ele>21.308930301729507</ele><time>2022-11-05T04:18:50Z</time></trkpt><trkpt lat="22.38175778741837" lon="114.01574611049587"><ele>21.692545280678726</ele><time>2022-11-05T04:18:52Z</time></trkpt><trkpt lat="22.381757431643592" lon="114.01577329574663"><ele>21.90392172723158</ele><time>2022-11-05T04:18:54Z</time></trkpt><trkpt lat="22.381758887056126" lon="114.01579696307343"><ele>22.099237105273787</ele><time>2022-11-05T04:18:56Z</time></trkpt><trkpt lat="22.381761486358347" lon="114.0158198127212"><ele>22.411046170672392</ele><time>2022-11-05T04:18:58Z</time></trkpt><trkpt lat="22.381764805724078" lon="114.01584429409256"><ele>22.420488425565967</ele><time>2022-11-05T04:19:00Z</time></trkpt><trkpt lat="22.381769391394055" lon="114.01586747080724"><ele>22.398539916615665</ele><time>2022-11-05T04:19:02Z</time></trkpt><trkpt lat="22.381777404824845" lon="114.01590233826998"><ele>22.876505171504995</ele><time>2022-11-05T04:19:04Z</time></trkpt><trkpt lat="22.38178474968756" lon="114.01593741451417"><ele>23.422455521226155</ele><time>2022-11-05T04:19:06Z</time></trkpt><trkpt lat="22.38179923495016" lon="114.01596029029933"><ele>23.733509739996688</ele><time>2022-11-05T04:19:08Z</time></trkpt><trkpt lat="22.381815074397803" lon="114.01598060091838"><ele>23.726714548275947</ele><time>2022-11-05T04:19:10Z</time></trkpt><trkpt lat="22.381823605566044" lon="114.0160013791661"><ele>23.593480672838634</ele><time>2022-11-05T04:19:12Z</time></trkpt><trkpt lat="22.381834956330266" lon="114.01602488175435"><ele>23.465701411069535</ele><time>2022-11-05T04:19:14Z</time></trkpt><trkpt lat="22.381834264154005" lon="114.01604836488183"><ele>23.253059277974927</ele><time>2022-11-05T04:19:16Z</time></trkpt><trkpt lat="22.381841839903185" lon="114.01607675555239"><ele>23.585629858666586</ele><time>2022-11-05T04:19:18Z</time></trkpt><trkpt lat="22.381859830249326" lon="114.016100772704"><ele>23.989010889150915</ele><time>2022-11-05T04:19:20Z</time></trkpt><trkpt lat="22.381874533895797" lon="114.01612386342028"><ele>24.174451126393734</ele><time>2022-11-05T04:19:22Z</time></trkpt><trkpt lat="22.38188704689204" lon="114.01614464018088"><ele>24.58895217478382</ele><time>2022-11-05T04:19:24Z</time></trkpt><trkpt lat="22.38189724157022" lon="114.0161650114964"><ele>24.800485027284477</ele><time>2022-11-05T04:19:26Z</time></trkpt><trkpt lat="22.38190666857031" lon="114.01618158135084"><ele>25.088179313562378</ele><time>2022-11-05T04:19:28Z</time></trkpt><trkpt lat="22.381917755698034" lon="114.01620014103693"><ele>24.993853334929117</ele><time>2022-11-05T04:19:30Z</time></trkpt><trkpt lat="22.381924000892813" lon="114.01621962579235"><ele>24.76200443193225</ele><time>2022-11-05T04:19:32Z</time></trkpt><trkpt lat="22.381934112333628" lon="114.01624111828562"><ele>24.748010870504636</ele><time>2022-11-05T04:19:34Z</time></trkpt><trkpt lat="22.381943571033148" lon="114.01626110991953"><ele>24.79680858847044</ele><time>2022-11-05T04:19:36Z</time></trkpt><trkpt lat="22.38195133409788" lon="114.01628286872247"><ele>24.88597651417742</ele><time>2022-11-05T04:19:38Z</time></trkpt><trkpt lat="22.381960406713304" lon="114.01630176083651"><ele>24.901508997978812</ele><time>2022-11-05T04:19:40Z</time></trkpt><trkpt lat="22.381967653478274" lon="114.01632487620648"><ele>24.59508276072027</ele><time>2022-11-05T04:19:42Z</time></trkpt><trkpt lat="22.381982627118706" lon="114.0163507905314"><ele>24.770382520473166</ele><time>2022-11-05T04:19:44Z</time></trkpt><trkpt lat="22.381992496653304" lon="114.01638024838499"><ele>25.1655565658411</ele><time>2022-11-05T04:19:46Z</time></trkpt><trkpt lat="22.38199938436662" lon="114.0163991829518"><ele>25.52674027860782</ele><time>2022-11-05T04:19:48Z</time></trkpt><trkpt lat="22.38200559405531" lon="114.01642625366718"><ele>26.13224149269146</ele><time>2022-11-05T04:19:50Z</time></trkpt><trkpt lat="22.382014461111513" lon="114.01645775787885"><ele>26.450127593759888</ele><time>2022-11-05T04:19:52Z</time></trkpt><trkpt lat="22.382024377431172" lon="114.01649144967732"><ele>26.310321132375336</ele><time>2022-11-05T04:19:56Z</time></trkpt><trkpt lat="22.382034896516753" lon="114.01653155177509"><ele>25.83898784181726</ele><time>2022-11-05T04:20:00Z</time></trkpt><trkpt lat="22.382044389835563" lon="114.0165549692819"><ele>25.71633824384567</ele><time>2022-11-05T04:20:02Z</time></trkpt><trkpt lat="22.382053919723642" lon="114.01658368533154"><ele>26.133640974813446</ele><time>2022-11-05T04:20:04Z</time></trkpt><trkpt lat="22.382060708161553" lon="114.01660649643402"><ele>26.45988184009346</ele><time>2022-11-05T04:20:06Z</time></trkpt><trkpt lat="22.382067407318008" lon="114.01662948756118"><ele>26.52780937446118</ele><time>2022-11-05T04:20:08Z</time></trkpt><trkpt lat="22.382071705635134" lon="114.01665512357118"><ele>26.347087695406817</ele><time>2022-11-05T04:20:10Z</time></trkpt><trkpt lat="22.382072965312087" lon="114.01667977373654"><ele>26.3332631149674</ele><time>2022-11-05T04:20:12Z</time></trkpt><trkpt lat="22.382071694180464" lon="114.01670000806101"><ele>26.36974890025481</ele><time>2022-11-05T04:20:14Z</time></trkpt><trkpt lat="22.382071897209038" lon="114.0167275844932"><ele>26.142445812508964</ele><time>2022-11-05T04:20:16Z</time></trkpt><trkpt lat="22.382076754455326" lon="114.01675365374392"><ele>26.822692123247823</ele><time>2022-11-05T04:20:18Z</time></trkpt><trkpt lat="22.38208166791968" lon="114.01677911999428"><ele>26.612623367834</ele><time>2022-11-05T04:20:20Z</time></trkpt><trkpt lat="22.38208903038882" lon="114.01680208178125"><ele>26.466892964637644</ele><time>2022-11-05T04:20:22Z</time></trkpt><trkpt lat="22.382097144001328" lon="114.01682111301739"><ele>26.18451123242091</ele><time>2022-11-05T04:20:24Z</time></trkpt><trkpt lat="22.382123043630283" lon="114.01684897324846"><ele>27.132661771808923</ele><time>2022-11-05T04:20:30Z</time></trkpt><trkpt lat="22.382136151310284" lon="114.01686837491415"><ele>27.70962760942895</ele><time>2022-11-05T04:20:32Z</time></trkpt><trkpt lat="22.382146309126693" lon="114.01689632815062"><ele>29.240745950457345</ele><time>2022-11-05T04:20:34Z</time></trkpt><trkpt lat="22.382158189014362" lon="114.01691427740278"><ele>30.72695010733799</ele><time>2022-11-05T04:20:36Z</time></trkpt><trkpt lat="22.38217318643498" lon="114.01693705463808"><ele>29.836930171298338</ele><time>2022-11-05T04:20:38Z</time></trkpt><trkpt lat="22.382191151630707" lon="114.016965543443"><ele>29.185869698108316</ele><time>2022-11-05T04:20:40Z</time></trkpt><trkpt lat="22.38221242865074" lon="114.01698870782131"><ele>28.97191376645387</ele><time>2022-11-05T04:20:42Z</time></trkpt><trkpt lat="22.38223348198903" lon="114.01701668144597"><ele>28.55531893876002</ele><time>2022-11-05T04:20:44Z</time></trkpt><trkpt lat="22.382257819481946" lon="114.0170396576141"><ele>28.872804657114187</ele><time>2022-11-05T04:20:46Z</time></trkpt><trkpt lat="22.382284042060192" lon="114.01706842371158"><ele>28.693820316056215</ele><time>2022-11-05T04:20:50Z</time></trkpt><trkpt lat="22.38230204350874" lon="114.01708821897289"><ele>28.73916619086456</ele><time>2022-11-05T04:20:52Z</time></trkpt><trkpt lat="22.38231917949249" lon="114.01710504204894"><ele>28.76623460193168</ele><time>2022-11-05T04:20:54Z</time></trkpt><trkpt lat="22.382336372021957" lon="114.0171235060696"><ele>28.466654399452878</ele><time>2022-11-05T04:20:56Z</time></trkpt><trkpt lat="22.382352585876678" lon="114.01714357858779"><ele>28.37599361974661</ele><time>2022-11-05T04:20:58Z</time></trkpt><trkpt lat="22.382368205786996" lon="114.01716639954233"><ele>28.294517159607544</ele><time>2022-11-05T04:21:00Z</time></trkpt><trkpt lat="22.382380957481182" lon="114.01718623661152"><ele>28.23284423407805</ele><time>2022-11-05T04:21:02Z</time></trkpt><trkpt lat="22.382393198669995" lon="114.01720585982305"><ele>28.3364847905675</ele><time>2022-11-05T04:21:04Z</time></trkpt><trkpt lat="22.38240924855489" lon="114.01721981366735"><ele>28.269120732617584</ele><time>2022-11-05T04:21:06Z</time></trkpt><trkpt lat="22.382425249489035" lon="114.01723178794711"><ele>28.26194015619886</ele><time>2022-11-05T04:21:08Z</time></trkpt><trkpt lat="22.382444859653127" lon="114.0172484360527"><ele>28.448097523383165</ele><time>2022-11-05T04:21:10Z</time></trkpt><trkpt lat="22.382468054501977" lon="114.01725907026041"><ele>28.47761594435809</ele><time>2022-11-05T04:21:12Z</time></trkpt><trkpt lat="22.382491594584465" lon="114.0172647356122"><ele>28.71824751559319</ele><time>2022-11-05T04:21:14Z</time></trkpt><trkpt lat="22.38252385750283" lon="114.01727884862514"><ele>28.51341160031223</ele><time>2022-11-05T04:21:18Z</time></trkpt><trkpt lat="22.38255407550336" lon="114.01728466397137"><ele>27.85330128989656</ele><time>2022-11-05T04:21:20Z</time></trkpt><trkpt lat="22.382573569595145" lon="114.01729562466376"><ele>27.90060486513957</ele><time>2022-11-05T04:21:22Z</time></trkpt><trkpt lat="22.382590875750232" lon="114.01730627311652"><ele>28.009169452511536</ele><time>2022-11-05T04:21:24Z</time></trkpt><trkpt lat="22.38260890417124" lon="114.0173141785687"><ele>28.104238871292175</ele><time>2022-11-05T04:21:26Z</time></trkpt><trkpt lat="22.382625758787107" lon="114.01732411261456"><ele>27.933243661290753</ele><time>2022-11-05T04:21:28Z</time></trkpt><trkpt lat="22.382658090575312" lon="114.01733984557168"><ele>28.06385094218563</ele><time>2022-11-05T04:21:32Z</time></trkpt><trkpt lat="22.38267772718959" lon="114.01735665065019"><ele>28.05257979673784</ele><time>2022-11-05T04:21:34Z</time></trkpt><trkpt lat="22.38269432598749" lon="114.01737183061846"><ele>28.07774735929727</ele><time>2022-11-05T04:21:36Z</time></trkpt><trkpt lat="22.38271246708221" lon="114.01738192629148"><ele>28.00392038887044</ele><time>2022-11-05T04:21:38Z</time></trkpt><trkpt lat="22.382733148141295" lon="114.01739431740637"><ele>28.01510391612682</ele><time>2022-11-05T04:21:40Z</time></trkpt><trkpt lat="22.382746708391736" lon="114.01741071166472"><ele>28.53973719297783</ele><time>2022-11-05T04:21:42Z</time></trkpt><trkpt lat="22.38275905411472" lon="114.01743110005722"><ele>28.771185252800798</ele><time>2022-11-05T04:21:44Z</time></trkpt><trkpt lat="22.382783422189185" lon="114.0174575247288"><ele>28.783220448273923</ele><time>2022-11-05T04:21:48Z</time></trkpt><trkpt lat="22.38280124247003" lon="114.01746919763823"><ele>28.553114383365063</ele><time>2022-11-05T04:21:50Z</time></trkpt><trkpt lat="22.38282263220804" lon="114.01749415033751"><ele>28.460243058714987</ele><time>2022-11-05T04:21:54Z</time></trkpt><trkpt lat="22.382855552006262" lon="114.01751602106258"><ele>29.019457678354946</ele><time>2022-11-05T04:21:58Z</time></trkpt><trkpt lat="22.38287508710614" lon="114.0175272888719"><ele>29.434295669273318</ele><time>2022-11-05T04:22:00Z</time></trkpt><trkpt lat="22.38290238482068" lon="114.0175440375241"><ele>30.048970083573288</ele><time>2022-11-05T04:22:04Z</time></trkpt><trkpt lat="22.382916228907973" lon="114.01755917944838"><ele>30.329600837465726</ele><time>2022-11-05T04:22:06Z</time></trkpt><trkpt lat="22.382933191760554" lon="114.01757500467207"><ele>30.635745668981567</ele><time>2022-11-05T04:22:08Z</time></trkpt><trkpt lat="22.382945323392924" lon="114.01759441037359"><ele>30.97294674207755</ele><time>2022-11-05T04:22:10Z</time></trkpt><trkpt lat="22.382958664961446" lon="114.0176128024014"><ele>31.38115064658791</ele><time>2022-11-05T04:22:12Z</time></trkpt><trkpt lat="22.382970349725365" lon="114.01762914242013"><ele>31.57155494977903</ele><time>2022-11-05T04:22:14Z</time></trkpt><trkpt lat="22.38299333816509" lon="114.01765532901375"><ele>32.45577686195713</ele><time>2022-11-05T04:22:18Z</time></trkpt><trkpt lat="22.383005991196907" lon="114.01766951125896"><ele>32.85581244801132</ele><time>2022-11-05T04:22:20Z</time></trkpt><trkpt lat="22.383020053916468" lon="114.01768349988785"><ele>33.11829229977932</ele><time>2022-11-05T04:22:22Z</time></trkpt><trkpt lat="22.383043637896076" lon="114.0177038754618"><ele>33.40966668529807</ele><time>2022-11-05T04:22:26Z</time></trkpt><trkpt lat="22.383063036992592" lon="114.01772566069769"><ele>33.92796751870645</ele><time>2022-11-05T04:22:30Z</time></trkpt><trkpt lat="22.383088075236486" lon="114.01774074512572"><ele>34.41261051677115</ele><time>2022-11-05T04:22:34Z</time></trkpt><trkpt lat="22.383105060531037" lon="114.01775109926875"><ele>34.55642114314926</ele><time>2022-11-05T04:22:36Z</time></trkpt><trkpt lat="22.383141340926503" lon="114.01775994606253"><ele>35.054070198839064</ele><time>2022-11-05T04:22:40Z</time></trkpt><trkpt lat="22.383180709983424" lon="114.01776049166952"><ele>35.888441747476136</ele><time>2022-11-05T04:22:44Z</time></trkpt><trkpt lat="22.383201943656342" lon="114.01776427929735"><ele>36.642500050087854</ele><time>2022-11-05T04:22:46Z</time></trkpt><trkpt lat="22.383222066160606" lon="114.01776805563328"><ele>37.207511864041265</ele><time>2022-11-05T04:22:48Z</time></trkpt><trkpt lat="22.3832412074203" lon="114.0177728473661"><ele>37.62307726878667</ele><time>2022-11-05T04:22:50Z</time></trkpt><trkpt lat="22.38327370698289" lon="114.01778573994577"><ele>38.04385202765846</ele><time>2022-11-05T04:22:54Z</time></trkpt><trkpt lat="22.383293583990568" lon="114.01781234365157"><ele>39.00491584214212</ele><time>2022-11-05T04:22:58Z</time></trkpt><trkpt lat="22.383310902632232" lon="114.01784130165943"><ele>39.3162784717049</ele><time>2022-11-05T04:23:02Z</time></trkpt><trkpt lat="22.38332566450691" lon="114.0178676241093"><ele>40.23885779994849</ele><time>2022-11-05T04:23:06Z</time></trkpt><trkpt lat="22.383341395960368" lon="114.01790016332235"><ele>41.31018245034572</ele><time>2022-11-05T04:23:10Z</time></trkpt><trkpt lat="22.383352790378808" lon="114.0179512878992"><ele>45.62373829004361</ele><time>2022-11-05T04:23:14Z</time></trkpt><trkpt lat="22.383360078516233" lon="114.017980085683"><ele>45.581132430062425</ele><time>2022-11-05T04:23:18Z</time></trkpt><trkpt lat="22.383375994811672" lon="114.01800960453379"><ele>45.771277952348385</ele><time>2022-11-05T04:23:22Z</time></trkpt><trkpt lat="22.383389079493185" lon="114.01802404072848"><ele>45.78868302558677</ele><time>2022-11-05T04:23:24Z</time></trkpt><trkpt lat="22.3834074892414" lon="114.01804579676248"><ele>45.8557177912227</ele><time>2022-11-05T04:23:26Z</time></trkpt><trkpt lat="22.383421592925103" lon="114.01806674377862"><ele>46.0173470536257</ele><time>2022-11-05T04:23:28Z</time></trkpt><trkpt lat="22.38343202621531" lon="114.0180841220433"><ele>46.218802552879836</ele><time>2022-11-05T04:23:30Z</time></trkpt><trkpt lat="22.38343584994593" lon="114.01811572995247"><ele>45.78982780953576</ele><time>2022-11-05T04:23:34Z</time></trkpt><trkpt lat="22.383426476255213" lon="114.0181398006109"><ele>46.4076922783723</ele><time>2022-11-05T04:23:40Z</time></trkpt><trkpt lat="22.383405113845292" lon="114.01815622273449"><ele>47.19528416096933</ele><time>2022-11-05T04:23:42Z</time></trkpt><trkpt lat="22.38338667245211" lon="114.01816584466198"><ele>48.25599375846371</ele><time>2022-11-05T04:23:44Z</time></trkpt><trkpt lat="22.38337216915534" lon="114.01817824811016"><ele>49.583583112449446</ele><time>2022-11-05T04:23:46Z</time></trkpt><trkpt lat="22.38335069227531" lon="114.01816608055421"><ele>52.252505520062456</ele><time>2022-11-05T04:23:50Z</time></trkpt><trkpt lat="22.383329114213264" lon="114.01815890432015"><ele>53.033951397824225</ele><time>2022-11-05T04:23:52Z</time></trkpt><trkpt lat="22.383306880747817" lon="114.01815636791201"><ele>53.51095498508041</ele><time>2022-11-05T04:23:54Z</time></trkpt><trkpt lat="22.383286024996657" lon="114.0181613853004"><ele>54.144956163987246</ele><time>2022-11-05T04:23:58Z</time></trkpt><trkpt lat="22.383339738364516" lon="114.01813299194562"><ele>51.01801162351869</ele><time>2022-11-05T04:24:08Z</time></trkpt><trkpt lat="22.38337129208805" lon="114.01812619484242"><ele>50.448995378963915</ele><time>2022-11-05T04:24:12Z</time></trkpt><trkpt lat="22.383400017480554" lon="114.0181214437031"><ele>49.713530501595216</ele><time>2022-11-05T04:24:16Z</time></trkpt><trkpt lat="22.383442021444296" lon="114.01809886071761"><ele>46.82837040287116</ele><time>2022-11-05T04:24:20Z</time></trkpt><trkpt lat="22.38346728968936" lon="114.01808168808682"><ele>45.569666763671506</ele><time>2022-11-05T04:24:22Z</time></trkpt><trkpt lat="22.383494388741397" lon="114.01807633037835"><ele>44.90053806319755</ele><time>2022-11-05T04:24:24Z</time></trkpt><trkpt lat="22.383520827365096" lon="114.0180736109214"><ele>43.695586604789696</ele><time>2022-11-05T04:24:26Z</time></trkpt><trkpt lat="22.383540554229057" lon="114.01806793998853"><ele>43.81145662802119</ele><time>2022-11-05T04:24:28Z</time></trkpt><trkpt lat="22.383555733242822" lon="114.01804626699004"><ele>46.23396918003789</ele><time>2022-11-05T04:24:30Z</time></trkpt><trkpt lat="22.383560528620798" lon="114.01800185882925"><ele>48.78174558256966</ele><time>2022-11-05T04:24:32Z</time></trkpt><trkpt lat="22.38356179945525" lon="114.01797186895206"><ele>49.767886095344004</ele><time>2022-11-05T04:24:34Z</time></trkpt><trkpt lat="22.383569517696266" lon="114.01793859495244"><ele>51.99372777830703</ele><time>2022-11-05T04:24:38Z</time></trkpt><trkpt lat="22.38358174801028" lon="114.0179235605196"><ele>51.99558204322616</ele><time>2022-11-05T04:24:40Z</time></trkpt><trkpt lat="22.383597535140026" lon="114.01791020749701"><ele>52.04026738609094</ele><time>2022-11-05T04:24:42Z</time></trkpt><trkpt lat="22.383613766472447" lon="114.01789569187427"><ele>52.092369574296505</ele><time>2022-11-05T04:24:44Z</time></trkpt><trkpt lat="22.383631398741503" lon="114.01788664763747"><ele>52.51992489808985</ele><time>2022-11-05T04:24:46Z</time></trkpt><trkpt lat="22.38365429115574" lon="114.01789049188407"><ele>52.7993587455289</ele><time>2022-11-05T04:24:48Z</time></trkpt><trkpt lat="22.383675216856773" lon="114.01790567842562"><ele>52.805615635805246</ele><time>2022-11-05T04:24:50Z</time></trkpt><trkpt lat="22.383710670241133" lon="114.01795653182097"><ele>52.909920417295645</ele><time>2022-11-05T04:24:52Z</time></trkpt><trkpt lat="22.383734034000355" lon="114.01799638757095"><ele>54.30909561780015</ele><time>2022-11-05T04:24:54Z</time></trkpt><trkpt lat="22.383738198841705" lon="114.018023908541"><ele>54.54036185804704</ele><time>2022-11-05T04:24:56Z</time></trkpt><trkpt lat="22.383731475332283" lon="114.01804991636304"><ele>54.767211663840996</ele><time>2022-11-05T04:24:58Z</time></trkpt><trkpt lat="22.3837230805967" lon="114.01807697581398"><ele>54.54406593228466</ele><time>2022-11-05T04:25:00Z</time></trkpt><trkpt lat="22.383716828412457" lon="114.01812646885556"><ele>56.12729687049113</ele><time>2022-11-05T04:25:02Z</time></trkpt><trkpt lat="22.383701974629798" lon="114.01814811403011"><ele>56.3965862530683</ele><time>2022-11-05T04:25:04Z</time></trkpt><trkpt lat="22.383673529531002" lon="114.01816393998968"><ele>56.771351958306546</ele><time>2022-11-05T04:25:10Z</time></trkpt><trkpt lat="22.383653251705784" lon="114.01818668605237"><ele>56.90421410614282</ele><time>2022-11-05T04:25:12Z</time></trkpt><trkpt lat="22.38363683816898" lon="114.018216055548"><ele>56.74724347067344</ele><time>2022-11-05T04:25:14Z</time></trkpt><trkpt lat="22.38362554700116" lon="114.01823895044889"><ele>56.69479471286275</ele><time>2022-11-05T04:25:16Z</time></trkpt><trkpt lat="22.383619534698372" lon="114.01826010852244"><ele>56.501226318624106</ele><time>2022-11-05T04:25:18Z</time></trkpt><trkpt lat="22.383628836688676" lon="114.01827910955103"><ele>56.648815982419045</ele><time>2022-11-05T04:25:22Z</time></trkpt><trkpt lat="22.3836276445623" lon="114.0183126598234"><ele>56.84023189028012</ele><time>2022-11-05T04:25:26Z</time></trkpt><trkpt lat="22.383635389870875" lon="114.01834170702519"><ele>56.90776253937658</ele><time>2022-11-05T04:25:30Z</time></trkpt><trkpt lat="22.38366360486705" lon="114.0183626522004"><ele>56.66757940036043</ele><time>2022-11-05T04:25:34Z</time></trkpt><trkpt lat="22.38368893360127" lon="114.01835761977632"><ele>56.947509572391354</ele><time>2022-11-05T04:25:38Z</time></trkpt><trkpt lat="22.383716363497964" lon="114.01835889249223"><ele>57.476620726931955</ele><time>2022-11-05T04:25:42Z</time></trkpt><trkpt lat="22.38374588837502" lon="114.01836823724199"><ele>58.368122144402825</ele><time>2022-11-05T04:25:46Z</time></trkpt><trkpt lat="22.383762356142466" lon="114.01837935533555"><ele>59.499438634192536</ele><time>2022-11-05T04:25:48Z</time></trkpt><trkpt lat="22.383783517580678" lon="114.01839006642122"><ele>59.63857495506974</ele><time>2022-11-05T04:25:50Z</time></trkpt><trkpt lat="22.38379481351704" lon="114.01841558210079"><ele>60.296687314198294</ele><time>2022-11-05T04:25:52Z</time></trkpt><trkpt lat="22.38380357601366" lon="114.01844084956919"><ele>60.88389842349431</ele><time>2022-11-05T04:25:54Z</time></trkpt><trkpt lat="22.383817670918507" lon="114.01846143984538"><ele>62.02584359102361</ele><time>2022-11-05T04:25:56Z</time></trkpt><trkpt lat="22.383843936923896" lon="114.01848766338618"><ele>61.53972332152781</ele><time>2022-11-05T04:25:58Z</time></trkpt><trkpt lat="22.38386523400013" lon="114.018512428566"><ele>62.177667669255456</ele><time>2022-11-05T04:26:00Z</time></trkpt><trkpt lat="22.38387623218204" lon="114.01853341976894"><ele>62.09100854016919</ele><time>2022-11-05T04:26:02Z</time></trkpt><trkpt lat="22.383885829999024" lon="114.0185559542869"><ele>62.000057130559505</ele><time>2022-11-05T04:26:04Z</time></trkpt><trkpt lat="22.38389590489634" lon="114.01858008292294"><ele>61.979064644148494</ele><time>2022-11-05T04:26:06Z</time></trkpt><trkpt lat="22.38390868375779" lon="114.01860351990024"><ele>62.06395732744022</ele><time>2022-11-05T04:26:08Z</time></trkpt><trkpt lat="22.383955612723295" lon="114.01860156908765"><ele>61.458428706260676</ele><time>2022-11-05T04:26:10Z</time></trkpt><trkpt lat="22.383977160061804" lon="114.0186062159841"><ele>60.78340020144146</ele><time>2022-11-05T04:26:12Z</time></trkpt><trkpt lat="22.38399213530537" lon="114.01862633360203"><ele>61.14643742672604</ele><time>2022-11-05T04:26:14Z</time></trkpt><trkpt lat="22.383999914511914" lon="114.01864527271404"><ele>61.13881597385862</ele><time>2022-11-05T04:26:16Z</time></trkpt><trkpt lat="22.384004225471156" lon="114.01866796571903"><ele>61.14738877782681</ele><time>2022-11-05T04:26:18Z</time></trkpt><trkpt lat="22.384013211902698" lon="114.01870332769779"><ele>60.49986870428911</ele><time>2022-11-05T04:26:22Z</time></trkpt><trkpt lat="22.384020015230465" lon="114.01873041209751"><ele>60.321128686452376</ele><time>2022-11-05T04:26:24Z</time></trkpt><trkpt lat="22.38402579562761" lon="114.01875726840255"><ele>60.43894787440416</ele><time>2022-11-05T04:26:26Z</time></trkpt><trkpt lat="22.384025818010837" lon="114.01878172411156"><ele>60.8948162484627</ele><time>2022-11-05T04:26:28Z</time></trkpt><trkpt lat="22.38402538367625" lon="114.01880351958593"><ele>61.58562406888382</ele><time>2022-11-05T04:26:30Z</time></trkpt><trkpt lat="22.384023581043703" lon="114.0188299605"><ele>62.47345717790733</ele><time>2022-11-05T04:26:32Z</time></trkpt><trkpt lat="22.38402117234649" lon="114.01887451904196"><ele>66.3317096241832</ele><time>2022-11-05T04:26:34Z</time></trkpt><trkpt lat="22.384001617744502" lon="114.0189057801512"><ele>66.97800118772925</ele><time>2022-11-05T04:26:38Z</time></trkpt><trkpt lat="22.383994846022468" lon="114.01892555823254"><ele>67.08254379884104</ele><time>2022-11-05T04:26:40Z</time></trkpt><trkpt lat="22.38399203357308" lon="114.01895387270017"><ele>67.17748657652199</ele><time>2022-11-05T04:26:42Z</time></trkpt><trkpt lat="22.38398272192528" lon="114.01897701461357"><ele>67.25472454284396</ele><time>2022-11-05T04:26:44Z</time></trkpt><trkpt lat="22.38398218041044" lon="114.01899967699774"><ele>67.1287911840929</ele><time>2022-11-05T04:26:46Z</time></trkpt><trkpt lat="22.383984931235673" lon="114.01903007850677"><ele>66.83815577878119</ele><time>2022-11-05T04:26:50Z</time></trkpt><trkpt lat="22.38399745990389" lon="114.01904531854062"><ele>67.06313799242163</ele><time>2022-11-05T04:26:52Z</time></trkpt><trkpt lat="22.384018600880243" lon="114.01906613806081"><ele>66.76716015859876</ele><time>2022-11-05T04:26:56Z</time></trkpt><trkpt lat="22.38403751605548" lon="114.01907167090936"><ele>66.53684391506626</ele><time>2022-11-05T04:26:58Z</time></trkpt><trkpt lat="22.3840545406906" lon="114.01908149882226"><ele>66.60175692437771</ele><time>2022-11-05T04:27:00Z</time></trkpt><trkpt lat="22.384072923898955" lon="114.01909017378834"><ele>66.55781682691544</ele><time>2022-11-05T04:27:02Z</time></trkpt><trkpt lat="22.384090813667715" lon="114.0191039255464"><ele>66.43574830198499</ele><time>2022-11-05T04:27:04Z</time></trkpt><trkpt lat="22.384109442636145" lon="114.01911363358353"><ele>66.75114431987305</ele><time>2022-11-05T04:27:06Z</time></trkpt><trkpt lat="22.38413889842648" lon="114.01913965348932"><ele>66.34494816325352</ele><time>2022-11-05T04:27:10Z</time></trkpt><trkpt lat="22.38415496983449" lon="114.01915044947877"><ele>66.42309028566505</ele><time>2022-11-05T04:27:12Z</time></trkpt><trkpt lat="22.38417589347573" lon="114.01916043622813"><ele>66.44485320895214</ele><time>2022-11-05T04:27:14Z</time></trkpt><trkpt lat="22.384197874059716" lon="114.0191718920411"><ele>66.28028418755265</ele><time>2022-11-05T04:27:16Z</time></trkpt><trkpt lat="22.38422893187399" lon="114.01917983388488"><ele>66.16118285274833</ele><time>2022-11-05T04:27:18Z</time></trkpt><trkpt lat="22.38425636462209" lon="114.0191848885565"><ele>66.0108917438268</ele><time>2022-11-05T04:27:20Z</time></trkpt><trkpt lat="22.384296188251763" lon="114.0191811475725"><ele>65.24087814307848</ele><time>2022-11-05T04:27:22Z</time></trkpt><trkpt lat="22.384317663045266" lon="114.01919124858658"><ele>62.76433796457465</ele><time>2022-11-05T04:27:24Z</time></trkpt><trkpt lat="22.384341367199486" lon="114.01920549671462"><ele>65.90846831568179</ele><time>2022-11-05T04:27:28Z</time></trkpt><trkpt lat="22.38437900393863" lon="114.01921470299709"><ele>65.83858906451546</ele><time>2022-11-05T04:27:32Z</time></trkpt><trkpt lat="22.384409381254926" lon="114.01922727592802"><ele>65.25265182726237</ele><time>2022-11-05T04:27:34Z</time></trkpt><trkpt lat="22.384430166209064" lon="114.01923480618122"><ele>65.13428172259307</ele><time>2022-11-05T04:27:36Z</time></trkpt><trkpt lat="22.38444998164932" lon="114.01924320300171"><ele>65.35022215396538</ele><time>2022-11-05T04:27:38Z</time></trkpt><trkpt lat="22.384482382406063" lon="114.01924826263075"><ele>66.66897683807176</ele><time>2022-11-05T04:27:40Z</time></trkpt><trkpt lat="22.384509670224528" lon="114.01925227127997"><ele>65.68955959921627</ele><time>2022-11-05T04:27:42Z</time></trkpt><trkpt lat="22.38452546435054" lon="114.01926386019737"><ele>65.7878844626135</ele><time>2022-11-05T04:27:44Z</time></trkpt><trkpt lat="22.38454055012057" lon="114.0192826772908"><ele>65.73442529275005</ele><time>2022-11-05T04:27:46Z</time></trkpt><trkpt lat="22.384557496751675" lon="114.01930795629119"><ele>63.06627022817624</ele><time>2022-11-05T04:27:48Z</time></trkpt><trkpt lat="22.384565721007196" lon="114.01932747593993"><ele>62.20473808943558</ele><time>2022-11-05T04:27:50Z</time></trkpt><trkpt lat="22.384568102798575" lon="114.01935681779575"><ele>63.80918310844756</ele><time>2022-11-05T04:27:52Z</time></trkpt><trkpt lat="22.384569145385747" lon="114.0193826460156"><ele>63.90433835542195</ele><time>2022-11-05T04:27:54Z</time></trkpt><trkpt lat="22.384569475235157" lon="114.01940593921675"><ele>64.04200933385995</ele><time>2022-11-05T04:27:56Z</time></trkpt><trkpt lat="22.38457292108742" lon="114.01943388601711"><ele>64.18184067099324</ele><time>2022-11-05T04:27:58Z</time></trkpt><trkpt lat="22.384567979523133" lon="114.01946647761733"><ele>63.90499105132205</ele><time>2022-11-05T04:28:00Z</time></trkpt><trkpt lat="22.384585652456444" lon="114.01949578229242"><ele>64.91736595088177</ele><time>2022-11-05T04:28:02Z</time></trkpt><trkpt lat="22.384597688566835" lon="114.0195307249744"><ele>65.0138525116897</ele><time>2022-11-05T04:28:06Z</time></trkpt><trkpt lat="22.3846145675426" lon="114.01956214200494"><ele>65.71081874086872</ele><time>2022-11-05T04:28:10Z</time></trkpt><trkpt lat="22.38464330095392" lon="114.01959087450746"><ele>68.89677491707825</ele><time>2022-11-05T04:28:14Z</time></trkpt><trkpt lat="22.38465874563025" lon="114.0196049288413"><ele>68.8614186367558</ele><time>2022-11-05T04:28:16Z</time></trkpt><trkpt lat="22.3846774412644" lon="114.01960764953408"><ele>68.77706426181129</ele><time>2022-11-05T04:28:18Z</time></trkpt><trkpt lat="22.38469753850283" lon="114.01960408079404"><ele>68.80560375159186</ele><time>2022-11-05T04:28:20Z</time></trkpt><trkpt lat="22.384719129243116" lon="114.01960060721972"><ele>68.96959207336344</ele><time>2022-11-05T04:28:22Z</time></trkpt><trkpt lat="22.38474552542079" lon="114.01959168470685"><ele>68.38744731237216</ele><time>2022-11-05T04:28:24Z</time></trkpt><trkpt lat="22.38477460768676" lon="114.01958206087933"><ele>68.53143895840678</ele><time>2022-11-05T04:28:26Z</time></trkpt><trkpt lat="22.38479394236734" lon="114.0195767112276"><ele>68.63717231321398</ele><time>2022-11-05T04:28:28Z</time></trkpt><trkpt lat="22.384814715662756" lon="114.01956852849355"><ele>68.71309175338986</ele><time>2022-11-05T04:28:30Z</time></trkpt><trkpt lat="22.384836089865118" lon="114.01955975439422"><ele>68.68202973078206</ele><time>2022-11-05T04:28:32Z</time></trkpt><trkpt lat="22.384855831540147" lon="114.01955572903712"><ele>68.55985641452635</ele><time>2022-11-05T04:28:34Z</time></trkpt><trkpt lat="22.384875690959664" lon="114.01954778691349"><ele>68.62301993709687</ele><time>2022-11-05T04:28:36Z</time></trkpt><trkpt lat="22.384901534701783" lon="114.01952469533113"><ele>70.56314275556677</ele><time>2022-11-05T04:28:38Z</time></trkpt><trkpt lat="22.384915340110346" lon="114.01951062555835"><ele>71.22279586908415</ele><time>2022-11-05T04:28:42Z</time></trkpt><trkpt lat="22.384939067474217" lon="114.01948867917399"><ele>72.74509032448688</ele><time>2022-11-05T04:28:52Z</time></trkpt><trkpt lat="22.384959558658228" lon="114.01948380674843"><ele>72.61526783210165</ele><time>2022-11-05T04:28:54Z</time></trkpt><trkpt lat="22.38499269496878" lon="114.0194699453857"><ele>72.24652939786824</ele><time>2022-11-05T04:28:56Z</time></trkpt><trkpt lat="22.385014600901496" lon="114.01946155360703"><ele>71.84784435549574</ele><time>2022-11-05T04:28:58Z</time></trkpt><trkpt lat="22.385037483123764" lon="114.01945356795487"><ele>71.4477897499671</ele><time>2022-11-05T04:29:00Z</time></trkpt><trkpt lat="22.3850654826811" lon="114.01943055079687"><ele>71.22675139350437</ele><time>2022-11-05T04:29:04Z</time></trkpt><trkpt lat="22.385087569111427" lon="114.01942988060661"><ele>71.16298004091138</ele><time>2022-11-05T04:29:06Z</time></trkpt><trkpt lat="22.385116029250618" lon="114.01943096447043"><ele>71.33762832592309</ele><time>2022-11-05T04:29:08Z</time></trkpt><trkpt lat="22.385134404545543" lon="114.01942347390434"><ele>70.44839621323302</ele><time>2022-11-05T04:29:10Z</time></trkpt><trkpt lat="22.38515763267843" lon="114.01942498292533"><ele>71.35832102985621</ele><time>2022-11-05T04:29:12Z</time></trkpt><trkpt lat="22.385176541747263" lon="114.01942225954977"><ele>71.67226912949874</ele><time>2022-11-05T04:29:14Z</time></trkpt><trkpt lat="22.385196465932182" lon="114.01941566033007"><ele>71.49493364512092</ele><time>2022-11-05T04:29:16Z</time></trkpt><trkpt lat="22.38521834733037" lon="114.01940910028861"><ele>70.75220930294529</ele><time>2022-11-05T04:29:18Z</time></trkpt><trkpt lat="22.385245346549233" lon="114.01941183804962"><ele>70.89178128412685</ele><time>2022-11-05T04:29:20Z</time></trkpt><trkpt lat="22.385266525208277" lon="114.01942325512275"><ele>70.40838494041056</ele><time>2022-11-05T04:29:22Z</time></trkpt><trkpt lat="22.385286251149758" lon="114.01943051483734"><ele>70.46071410838465</ele><time>2022-11-05T04:29:24Z</time></trkpt><trkpt lat="22.385303580963186" lon="114.01944323395708"><ele>70.31215960751311</ele><time>2022-11-05T04:29:26Z</time></trkpt><trkpt lat="22.38531746337992" lon="114.01945700133555"><ele>70.35617314913118</ele><time>2022-11-05T04:29:28Z</time></trkpt><trkpt lat="22.3853281470406" lon="114.01947615255436"><ele>70.33003454822389</ele><time>2022-11-05T04:29:30Z</time></trkpt><trkpt lat="22.3853381804623" lon="114.01949658587719"><ele>70.46259042282502</ele><time>2022-11-05T04:29:32Z</time></trkpt><trkpt lat="22.385344711010386" lon="114.01951688703473"><ele>70.6826048923808</ele><time>2022-11-05T04:29:34Z</time></trkpt><trkpt lat="22.38535942786183" lon="114.01954080649375"><ele>71.76018869621718</ele><time>2022-11-05T04:29:36Z</time></trkpt><trkpt lat="22.385368850097834" lon="114.01956232087767"><ele>72.51687018286017</ele><time>2022-11-05T04:29:38Z</time></trkpt><trkpt lat="22.385373745138033" lon="114.01959791116447"><ele>72.78758026877705</ele><time>2022-11-05T04:29:42Z</time></trkpt><trkpt lat="22.385373437496977" lon="114.0196173947419"><ele>73.0217473247976</ele><time>2022-11-05T04:29:44Z</time></trkpt><trkpt lat="22.385372781626177" lon="114.01963984858948"><ele>72.93755879803255</ele><time>2022-11-05T04:29:46Z</time></trkpt><trkpt lat="22.38537145973836" lon="114.01966165235976"><ele>73.05053794819548</ele><time>2022-11-05T04:29:48Z</time></trkpt><trkpt lat="22.385362261125657" lon="114.0196795664985"><ele>72.80467333509519</ele><time>2022-11-05T04:29:50Z</time></trkpt><trkpt lat="22.38534901706657" lon="114.01969403309155"><ele>72.56058460260253</ele><time>2022-11-05T04:29:52Z</time></trkpt><trkpt lat="22.38533519905235" lon="114.01971308470458"><ele>72.49069950594642</ele><time>2022-11-05T04:29:54Z</time></trkpt><trkpt lat="22.38532118800829" lon="114.01973021888232"><ele>72.76719190670426</ele><time>2022-11-05T04:29:56Z</time></trkpt><trkpt lat="22.38529570467819" lon="114.0197557642382"><ele>73.54390751595518</ele><time>2022-11-05T04:30:00Z</time></trkpt><trkpt lat="22.385284431933012" lon="114.01977124284791"><ele>73.83211440444764</ele><time>2022-11-05T04:30:02Z</time></trkpt><trkpt lat="22.385265315429283" lon="114.01978972781532"><ele>74.02646672369103</ele><time>2022-11-05T04:30:04Z</time></trkpt><trkpt lat="22.38524991926678" lon="114.01980515711824"><ele>74.28725514450915</ele><time>2022-11-05T04:30:06Z</time></trkpt><trkpt lat="22.385235650943812" lon="114.01982911156779"><ele>74.77239910754105</ele><time>2022-11-05T04:30:08Z</time></trkpt><trkpt lat="22.385220752357693" lon="114.01985786013397"><ele>74.95658902253508</ele><time>2022-11-05T04:30:10Z</time></trkpt><trkpt lat="22.385205468598645" lon="114.01988206345715"><ele>75.29794160224894</ele><time>2022-11-05T04:30:12Z</time></trkpt><trkpt lat="22.38519272798505" lon="114.01990394533699"><ele>75.68763482825217</ele><time>2022-11-05T04:30:14Z</time></trkpt><trkpt lat="22.38518427010017" lon="114.01992387001665"><ele>76.26915317118308</ele><time>2022-11-05T04:30:16Z</time></trkpt><trkpt lat="22.385176576375798" lon="114.01994444617458"><ele>76.80811136665692</ele><time>2022-11-05T04:30:18Z</time></trkpt><trkpt lat="22.38516888467566" lon="114.0199642350972"><ele>77.46309811588132</ele><time>2022-11-05T04:30:20Z</time></trkpt><trkpt lat="22.38516107504598" lon="114.01998600586144"><ele>77.7106199317782</ele><time>2022-11-05T04:30:22Z</time></trkpt><trkpt lat="22.385156232969184" lon="114.02000951598973"><ele>77.61837842859751</ele><time>2022-11-05T04:30:24Z</time></trkpt><trkpt lat="22.385155422582944" lon="114.02005235747029"><ele>77.96167356595001</ele><time>2022-11-05T04:30:28Z</time></trkpt><trkpt lat="22.385157331370262" lon="114.02007785348613"><ele>78.64514537292833</ele><time>2022-11-05T04:30:30Z</time></trkpt><trkpt lat="22.38515934808832" lon="114.02010241233715"><ele>78.87466902704644</ele><time>2022-11-05T04:30:32Z</time></trkpt><trkpt lat="22.38516169074249" lon="114.02012787322006"><ele>79.22160349932078</ele><time>2022-11-05T04:30:34Z</time></trkpt><trkpt lat="22.385162189354116" lon="114.02014827204083"><ele>79.54501507592435</ele><time>2022-11-05T04:30:36Z</time></trkpt><trkpt lat="22.38516669359294" lon="114.02016861832479"><ele>79.5423744393556</ele><time>2022-11-05T04:30:38Z</time></trkpt><trkpt lat="22.38516957174011" lon="114.02019283157416"><ele>79.50834908145426</ele><time>2022-11-05T04:30:40Z</time></trkpt><trkpt lat="22.385190390981464" lon="114.02021443786363"><ele>79.24763832056084</ele><time>2022-11-05T04:30:44Z</time></trkpt><trkpt lat="22.3852209935046" lon="114.02023588985188"><ele>79.63852611660536</ele><time>2022-11-05T04:30:48Z</time></trkpt><trkpt lat="22.38525030152516" lon="114.02025645310334"><ele>80.08211197982361</ele><time>2022-11-05T04:30:52Z</time></trkpt><trkpt lat="22.38526902107475" lon="114.02026816510488"><ele>80.14940849349438</ele><time>2022-11-05T04:30:54Z</time></trkpt><trkpt lat="22.385287318020275" lon="114.02027867051812"><ele>80.33707566044576</ele><time>2022-11-05T04:30:56Z</time></trkpt><trkpt lat="22.38530670041936" lon="114.02029198386171"><ele>80.713198311218</ele><time>2022-11-05T04:30:58Z</time></trkpt><trkpt lat="22.38532690652911" lon="114.02030651833509"><ele>80.96803273853314</ele><time>2022-11-05T04:31:00Z</time></trkpt><trkpt lat="22.38534885009538" lon="114.02031543194808"><ele>81.20604721502887</ele><time>2022-11-05T04:31:02Z</time></trkpt><trkpt lat="22.38536937013872" lon="114.02032522725327"><ele>81.14034004197849</ele><time>2022-11-05T04:31:04Z</time></trkpt><trkpt lat="22.3853900439518" lon="114.02033674439153"><ele>80.95353885942473</ele><time>2022-11-05T04:31:06Z</time></trkpt><trkpt lat="22.3854086544469" lon="114.02034562893976"><ele>80.91411147763347</ele><time>2022-11-05T04:31:08Z</time></trkpt><trkpt lat="22.385427611186554" lon="114.02035527419685"><ele>81.09547951994873</ele><time>2022-11-05T04:31:10Z</time></trkpt><trkpt lat="22.38544908070139" lon="114.02036263345583"><ele>81.29117581767845</ele><time>2022-11-05T04:31:12Z</time></trkpt><trkpt lat="22.38546756314862" lon="114.02037112180041"><ele>81.44709358001731</ele><time>2022-11-05T04:31:14Z</time></trkpt><trkpt lat="22.38548671221417" lon="114.02038340506756"><ele>81.53206355228113</ele><time>2022-11-05T04:31:16Z</time></trkpt><trkpt lat="22.38551593382429" lon="114.02040419567987"><ele>82.03469643737635</ele><time>2022-11-05T04:31:18Z</time></trkpt><trkpt lat="22.385538850828386" lon="114.02041546539874"><ele>82.3431834924121</ele><time>2022-11-05T04:31:20Z</time></trkpt><trkpt lat="22.385559697269724" lon="114.02042676968387"><ele>82.67240899047916</ele><time>2022-11-05T04:31:22Z</time></trkpt><trkpt lat="22.38557779896308" lon="114.02043818086771"><ele>82.9492602166509</ele><time>2022-11-05T04:31:24Z</time></trkpt><trkpt lat="22.385592865609585" lon="114.0204563557071"><ele>83.02576544174975</ele><time>2022-11-05T04:31:26Z</time></trkpt><trkpt lat="22.38560514038051" lon="114.0204786831601"><ele>83.1898406167982</ele><time>2022-11-05T04:31:28Z</time></trkpt><trkpt lat="22.38561572958964" lon="114.02050096087953"><ele>83.20685109127369</ele><time>2022-11-05T04:31:30Z</time></trkpt><trkpt lat="22.385624873090375" lon="114.02052030082007"><ele>83.51984483755756</ele><time>2022-11-05T04:31:32Z</time></trkpt><trkpt lat="22.385639544387004" lon="114.0205388540949"><ele>83.70597684653362</ele><time>2022-11-05T04:31:34Z</time></trkpt><trkpt lat="22.385655046685894" lon="114.02055777029791"><ele>83.71941735897744</ele><time>2022-11-05T04:31:36Z</time></trkpt><trkpt lat="22.3856651139129" lon="114.02058051391995"><ele>83.88742196367399</ele><time>2022-11-05T04:31:38Z</time></trkpt><trkpt lat="22.3856714453714" lon="114.02060495493195"><ele>84.29645502595201</ele><time>2022-11-05T04:31:40Z</time></trkpt><trkpt lat="22.38567738098986" lon="114.0206266280456"><ele>84.35578936163239</ele><time>2022-11-05T04:31:42Z</time></trkpt><trkpt lat="22.38568231627991" lon="114.02064881477504"><ele>84.44727481429562</ele><time>2022-11-05T04:31:44Z</time></trkpt><trkpt lat="22.38568679329159" lon="114.02066804902996"><ele>84.61743616328997</ele><time>2022-11-05T04:31:46Z</time></trkpt><trkpt lat="22.385690436884712" lon="114.0206909818126"><ele>85.06934447090866</ele><time>2022-11-05T04:31:48Z</time></trkpt><trkpt lat="22.38569231729572" lon="114.02071439886859"><ele>85.51476996376647</ele><time>2022-11-05T04:31:50Z</time></trkpt><trkpt lat="22.385695376272594" lon="114.02073607825466"><ele>86.20860731198655</ele><time>2022-11-05T04:31:52Z</time></trkpt><trkpt lat="22.385696393482476" lon="114.02076602561282"><ele>89.37131564509902</ele><time>2022-11-05T04:32:28Z</time></trkpt><trkpt lat="22.38571416077512" lon="114.02078966230549"><ele>89.26379629956375</ele><time>2022-11-05T04:32:30Z</time></trkpt><trkpt lat="22.385717306045912" lon="114.02081331975876"><ele>89.07274653648092</ele><time>2022-11-05T04:32:32Z</time></trkpt><trkpt lat="22.385724037567538" lon="114.02083372884917"><ele>88.9761243758454</ele><time>2022-11-05T04:32:34Z</time></trkpt><trkpt lat="22.385733565573137" lon="114.02085274122335"><ele>88.90898817289273</ele><time>2022-11-05T04:32:36Z</time></trkpt><trkpt lat="22.385738623928262" lon="114.02087167800231"><ele>88.93602615095521</ele><time>2022-11-05T04:32:38Z</time></trkpt><trkpt lat="22.38573939248454" lon="114.02089670210121"><ele>88.98526426354222</ele><time>2022-11-05T04:32:40Z</time></trkpt><trkpt lat="22.385742883584722" lon="114.02092233668672"><ele>88.91355638040315</ele><time>2022-11-05T04:32:42Z</time></trkpt><trkpt lat="22.385758810996666" lon="114.02096192570289"><ele>88.78379303483399</ele><time>2022-11-05T04:32:46Z</time></trkpt><trkpt lat="22.385768426375154" lon="114.02098723231585"><ele>89.12205685737656</ele><time>2022-11-05T04:32:48Z</time></trkpt><trkpt lat="22.385779236737115" lon="114.02100798506287"><ele>89.45473616581504</ele><time>2022-11-05T04:32:50Z</time></trkpt><trkpt lat="22.385794217676526" lon="114.0210256382686"><ele>89.64274378233921</ele><time>2022-11-05T04:32:52Z</time></trkpt><trkpt lat="22.385807882048976" lon="114.02103833562008"><ele>89.77919913673587</ele><time>2022-11-05T04:32:54Z</time></trkpt><trkpt lat="22.385833409569955" lon="114.02106006708489"><ele>89.59882236652987</ele><time>2022-11-05T04:32:58Z</time></trkpt><trkpt lat="22.385866401771775" lon="114.02107752191378"><ele>89.24947100667863</ele><time>2022-11-05T04:33:02Z</time></trkpt><trkpt lat="22.385888608956794" lon="114.02108949640784"><ele>89.32070959261023</ele><time>2022-11-05T04:33:04Z</time></trkpt><trkpt lat="22.385910330190104" lon="114.02110042512689"><ele>89.4447759560311</ele><time>2022-11-05T04:33:06Z</time></trkpt><trkpt lat="22.38594634846372" lon="114.02109584394829"><ele>89.82477978373248</ele><time>2022-11-05T04:33:10Z</time></trkpt><trkpt lat="22.385980353814052" lon="114.02108494431369"><ele>91.10177000221945</ele><time>2022-11-05T04:33:14Z</time></trkpt><trkpt lat="22.385998718587658" lon="114.02107610494657"><ele>91.21548576841349</ele><time>2022-11-05T04:33:16Z</time></trkpt><trkpt lat="22.386017361180677" lon="114.0210647664742"><ele>91.22114185739066</ele><time>2022-11-05T04:33:18Z</time></trkpt><trkpt lat="22.38603543217027" lon="114.02105571579861"><ele>91.14337273890303</ele><time>2022-11-05T04:33:20Z</time></trkpt><trkpt lat="22.38605393988045" lon="114.02104527083355"><ele>91.34255030555812</ele><time>2022-11-05T04:33:22Z</time></trkpt><trkpt lat="22.386071162095785" lon="114.02103441151618"><ele>91.24803126159914</ele><time>2022-11-05T04:33:24Z</time></trkpt><trkpt lat="22.38608405080132" lon="114.0210132697779"><ele>91.65950564411818</ele><time>2022-11-05T04:33:26Z</time></trkpt><trkpt lat="22.386097780396536" lon="114.02099644686682"><ele>92.06212238830322</ele><time>2022-11-05T04:33:28Z</time></trkpt><trkpt lat="22.38611125218552" lon="114.02098064705827"><ele>92.10307952488971</ele><time>2022-11-05T04:33:30Z</time></trkpt><trkpt lat="22.386124550683896" lon="114.02096233848165"><ele>91.97897141296995</ele><time>2022-11-05T04:33:32Z</time></trkpt><trkpt lat="22.38613820644688" lon="114.02094615450878"><ele>92.23783241849756</ele><time>2022-11-05T04:33:34Z</time></trkpt><trkpt lat="22.386152323507485" lon="114.02092965508388"><ele>92.66488254914749</ele><time>2022-11-05T04:33:36Z</time></trkpt><trkpt lat="22.386167660275767" lon="114.02091457855293"><ele>92.97051378490855</ele><time>2022-11-05T04:33:38Z</time></trkpt><trkpt lat="22.386181547013244" lon="114.02089936725855"><ele>93.13902377625344</ele><time>2022-11-05T04:33:40Z</time></trkpt><trkpt lat="22.386212091552014" lon="114.02086799127642"><ele>92.91196583081435</ele><time>2022-11-05T04:33:44Z</time></trkpt><trkpt lat="22.386233816148675" lon="114.02085195922568"><ele>92.70777705812256</ele><time>2022-11-05T04:33:46Z</time></trkpt><trkpt lat="22.38625272419964" lon="114.02084130268126"><ele>92.75639789512023</ele><time>2022-11-05T04:33:48Z</time></trkpt><trkpt lat="22.3862747326574" lon="114.02083306467377"><ele>92.74819951467117</ele><time>2022-11-05T04:33:50Z</time></trkpt><trkpt lat="22.386295915422927" lon="114.02082574334844"><ele>92.72975925342618</ele><time>2022-11-05T04:33:52Z</time></trkpt><trkpt lat="22.38631688297822" lon="114.02081739987793"><ele>92.81768235747352</ele><time>2022-11-05T04:33:54Z</time></trkpt><trkpt lat="22.386335210909962" lon="114.02080644667971"><ele>92.63633117638608</ele><time>2022-11-05T04:33:56Z</time></trkpt><trkpt lat="22.386351731386792" lon="114.020794753166"><ele>92.42710950226547</ele><time>2022-11-05T04:33:58Z</time></trkpt><trkpt lat="22.386368616112183" lon="114.02078755418297"><ele>92.35969477352452</ele><time>2022-11-05T04:34:00Z</time></trkpt><trkpt lat="22.38639809214396" lon="114.02078304607019"><ele>93.55880275657368</ele><time>2022-11-05T04:34:02Z</time></trkpt><trkpt lat="22.386428725332138" lon="114.02078089091438"><ele>93.82774190531698</ele><time>2022-11-05T04:34:04Z</time></trkpt><trkpt lat="22.386450454065645" lon="114.02077828042371"><ele>93.85432201152933</ele><time>2022-11-05T04:34:06Z</time></trkpt><trkpt lat="22.386468331926682" lon="114.0207723593231"><ele>94.00960874523089</ele><time>2022-11-05T04:34:08Z</time></trkpt><trkpt lat="22.386505971188136" lon="114.02078299427158"><ele>95.14566290907666</ele><time>2022-11-05T04:34:12Z</time></trkpt><trkpt lat="22.38652384756121" lon="114.02078759187803"><ele>96.12763897311038</ele><time>2022-11-05T04:34:14Z</time></trkpt><trkpt lat="22.386545164364037" lon="114.02078798583875"><ele>97.00255180006455</ele><time>2022-11-05T04:34:16Z</time></trkpt><trkpt lat="22.386563722236602" lon="114.02078882163136"><ele>99.14911557281262</ele><time>2022-11-05T04:34:18Z</time></trkpt><trkpt lat="22.386591110120722" lon="114.02077770066805"><ele>101.13866991162745</ele><time>2022-11-05T04:34:34Z</time></trkpt><trkpt lat="22.386610651673784" lon="114.02077718975751"><ele>101.19294653120527</ele><time>2022-11-05T04:34:36Z</time></trkpt><trkpt lat="22.386642938560158" lon="114.02077319062751"><ele>100.79956101382626</ele><time>2022-11-05T04:34:40Z</time></trkpt><trkpt lat="22.386674142602576" lon="114.02076299202803"><ele>101.47470231535203</ele><time>2022-11-05T04:34:44Z</time></trkpt><trkpt lat="22.38669969707017" lon="114.02074680336217"><ele>102.9427483580312</ele><time>2022-11-05T04:34:46Z</time></trkpt><trkpt lat="22.386731909699183" lon="114.02074143140364"><ele>105.88336832646574</ele><time>2022-11-05T04:34:48Z</time></trkpt><trkpt lat="22.386750633343656" lon="114.020732614806"><ele>106.5623773582354</ele><time>2022-11-05T04:34:50Z</time></trkpt><trkpt lat="22.386769230938775" lon="114.02073094629574"><ele>106.43898423907972</ele><time>2022-11-05T04:34:52Z</time></trkpt><trkpt lat="22.386804917125293" lon="114.0207262046857"><ele>106.23906609998703</ele><time>2022-11-05T04:34:56Z</time></trkpt><trkpt lat="22.38682830143939" lon="114.02072643814026"><ele>105.89232003673173</ele><time>2022-11-05T04:34:58Z</time></trkpt><trkpt lat="22.386850984713924" lon="114.02072656930336"><ele>105.73675111737782</ele><time>2022-11-05T04:35:00Z</time></trkpt><trkpt lat="22.386872448970163" lon="114.0207256400305"><ele>105.61707272814837</ele><time>2022-11-05T04:35:02Z</time></trkpt><trkpt lat="22.3868947751533" lon="114.02072702818027"><ele>105.4702235320885</ele><time>2022-11-05T04:35:04Z</time></trkpt><trkpt lat="22.386916054119393" lon="114.02072720501707"><ele>105.62449229151123</ele><time>2022-11-05T04:35:06Z</time></trkpt><trkpt lat="22.38693759351883" lon="114.0207287552322"><ele>105.50051649025697</ele><time>2022-11-05T04:35:08Z</time></trkpt><trkpt lat="22.386958179455405" lon="114.02073508920834"><ele>105.23611614903113</ele><time>2022-11-05T04:35:10Z</time></trkpt><trkpt lat="22.38697653928037" lon="114.02074769670338"><ele>104.97024037587305</ele><time>2022-11-05T04:35:12Z</time></trkpt><trkpt lat="22.386996264172115" lon="114.0207595398165"><ele>104.6946515375237</ele><time>2022-11-05T04:35:14Z</time></trkpt><trkpt lat="22.387016163844713" lon="114.020770789828"><ele>104.44784378047565</ele><time>2022-11-05T04:35:16Z</time></trkpt><trkpt lat="22.387040473407552" lon="114.02078831313256"><ele>102.12757916999558</ele><time>2022-11-05T04:35:18Z</time></trkpt><trkpt lat="22.387058424273718" lon="114.02080576606657"><ele>99.35573615734091</ele><time>2022-11-05T04:35:20Z</time></trkpt><trkpt lat="22.38707512864325" lon="114.02081833185737"><ele>97.21201406403617</ele><time>2022-11-05T04:35:22Z</time></trkpt><trkpt lat="22.387100489114108" lon="114.02081583314215"><ele>98.78213152016673</ele><time>2022-11-05T04:35:24Z</time></trkpt><trkpt lat="22.387123504406954" lon="114.02082025616859"><ele>99.08603661911455</ele><time>2022-11-05T04:35:26Z</time></trkpt><trkpt lat="22.38715549486529" lon="114.02082801995682"><ele>98.5768837396654</ele><time>2022-11-05T04:35:28Z</time></trkpt><trkpt lat="22.387181741843154" lon="114.02084284835526"><ele>98.6052319405648</ele><time>2022-11-05T04:35:30Z</time></trkpt><trkpt lat="22.387206330785343" lon="114.02085405950368"><ele>98.99824599815976</ele><time>2022-11-05T04:35:32Z</time></trkpt><trkpt lat="22.387242280985255" lon="114.02085603434223"><ele>100.52143100029781</ele><time>2022-11-05T04:35:36Z</time></trkpt><trkpt lat="22.387264936575402" lon="114.02086207594002"><ele>100.97175939523686</ele><time>2022-11-05T04:35:38Z</time></trkpt><trkpt lat="22.387299429352126" lon="114.02086498851867"><ele>103.71146629447746</ele><time>2022-11-05T04:35:42Z</time></trkpt><trkpt lat="22.387319199058144" lon="114.02085915585434"><ele>104.10687064221035</ele><time>2022-11-05T04:35:44Z</time></trkpt><trkpt lat="22.387341912353808" lon="114.02085760051831"><ele>104.40466674049199</ele><time>2022-11-05T04:35:46Z</time></trkpt><trkpt lat="22.387368322682793" lon="114.02084083528756"><ele>105.66249623218759</ele><time>2022-11-05T04:35:50Z</time></trkpt><trkpt lat="22.38738280304811" lon="114.02082265190383"><ele>106.8206780658345</ele><time>2022-11-05T04:35:52Z</time></trkpt><trkpt lat="22.38740378708873" lon="114.02081371210551"><ele>107.2603033994619</ele><time>2022-11-05T04:35:54Z</time></trkpt><trkpt lat="22.387437082796243" lon="114.02080515951674"><ele>108.52940340889525</ele><time>2022-11-05T04:35:58Z</time></trkpt><trkpt lat="22.387462935139634" lon="114.02078467633807"><ele>109.18028568936087</ele><time>2022-11-05T04:36:02Z</time></trkpt><trkpt lat="22.387488254893384" lon="114.02076555214978"><ele>108.82371564254782</ele><time>2022-11-05T04:36:06Z</time></trkpt><trkpt lat="22.387513618734367" lon="114.02074588796502"><ele>108.50960890190991</ele><time>2022-11-05T04:36:10Z</time></trkpt><trkpt lat="22.387541414953095" lon="114.0207297886945"><ele>106.24318943883104</ele><time>2022-11-05T04:36:12Z</time></trkpt><trkpt lat="22.387559637459237" lon="114.02071454386764"><ele>105.18559991998931</ele><time>2022-11-05T04:36:14Z</time></trkpt><trkpt lat="22.387572863711068" lon="114.02069177477026"><ele>105.20263357649246</ele><time>2022-11-05T04:36:16Z</time></trkpt><trkpt lat="22.387592697362397" lon="114.02065827229411"><ele>105.3971958316855</ele><time>2022-11-05T04:36:20Z</time></trkpt><trkpt lat="22.387618984756443" lon="114.02063806816491"><ele>105.7656636024113</ele><time>2022-11-05T04:36:24Z</time></trkpt><trkpt lat="22.387643756988428" lon="114.02061679969623"><ele>106.19000807737181</ele><time>2022-11-05T04:36:28Z</time></trkpt><trkpt lat="22.38767013599875" lon="114.02059710843088"><ele>106.2933731879866</ele><time>2022-11-05T04:36:32Z</time></trkpt><trkpt lat="22.38768390342963" lon="114.02058018231189"><ele>106.29169695896496</ele><time>2022-11-05T04:36:34Z</time></trkpt><trkpt lat="22.38769837450174" lon="114.02056056330167"><ele>106.3122953691293</ele><time>2022-11-05T04:36:36Z</time></trkpt><trkpt lat="22.387714587210365" lon="114.02054519958482"><ele>106.5017565634204</ele><time>2022-11-05T04:36:38Z</time></trkpt><trkpt lat="22.38773131788052" lon="114.0205348729277"><ele>106.70996302096579</ele><time>2022-11-05T04:36:40Z</time></trkpt><trkpt lat="22.387747767297967" lon="114.02052515674413"><ele>106.7280495596594</ele><time>2022-11-05T04:36:42Z</time></trkpt><trkpt lat="22.38776576556741" lon="114.02051335702306"><ele>106.86929990762486</ele><time>2022-11-05T04:36:44Z</time></trkpt><trkpt lat="22.387786077101634" lon="114.02050466988517"><ele>106.89233429629603</ele><time>2022-11-05T04:36:46Z</time></trkpt><trkpt lat="22.387805313998296" lon="114.02049552950847"><ele>106.8692785312111</ele><time>2022-11-05T04:36:48Z</time></trkpt><trkpt lat="22.387824537256737" lon="114.02048571727137"><ele>107.01792686466536</ele><time>2022-11-05T04:36:50Z</time></trkpt><trkpt lat="22.387844522421428" lon="114.02047611321866"><ele>107.37646301848635</ele><time>2022-11-05T04:36:52Z</time></trkpt><trkpt lat="22.38786544423281" lon="114.0204699768367"><ele>107.65092928853953</ele><time>2022-11-05T04:36:54Z</time></trkpt><trkpt lat="22.387884785520274" lon="114.02046230091776"><ele>107.8092055108034</ele><time>2022-11-05T04:36:56Z</time></trkpt><trkpt lat="22.387902875389198" lon="114.0204527821986"><ele>108.04949521061768</ele><time>2022-11-05T04:36:58Z</time></trkpt><trkpt lat="22.387921483855624" lon="114.02044667443823"><ele>108.22714919680897</ele><time>2022-11-05T04:37:00Z</time></trkpt><trkpt lat="22.387950222405827" lon="114.0204257565324"><ele>108.29390663705108</ele><time>2022-11-05T04:37:04Z</time></trkpt><trkpt lat="22.38797777256266" lon="114.02039398949525"><ele>111.06174144140925</ele><time>2022-11-05T04:37:08Z</time></trkpt><trkpt lat="22.38798733452313" lon="114.02036700280846"><ele>114.33515083771958</ele><time>2022-11-05T04:37:12Z</time></trkpt><trkpt lat="22.388003198338474" lon="114.02033290619764"><ele>114.32183601368652</ele><time>2022-11-05T04:37:16Z</time></trkpt><trkpt lat="22.388001713527864" lon="114.02029673955772"><ele>114.39394645312873</ele><time>2022-11-05T04:37:20Z</time></trkpt><trkpt lat="22.387993993967736" lon="114.02027110562406"><ele>114.04927457087214</ele><time>2022-11-05T04:37:24Z</time></trkpt><trkpt lat="22.387993848034643" lon="114.0202489781055"><ele>114.2216449699175</ele><time>2022-11-05T04:37:26Z</time></trkpt><trkpt lat="22.387993818108324" lon="114.02022854654957"><ele>114.31654840908782</ele><time>2022-11-05T04:37:28Z</time></trkpt><trkpt lat="22.387984417258405" lon="114.02015787493389"><ele>116.41379678204088</ele><time>2022-11-05T04:37:32Z</time></trkpt><trkpt lat="22.387973802948657" lon="114.02012217305463"><ele>119.07356463209848</ele><time>2022-11-05T04:37:34Z</time></trkpt><trkpt lat="22.38798658577347" lon="114.02010390618452"><ele>119.28572357014332</ele><time>2022-11-05T04:37:36Z</time></trkpt><trkpt lat="22.388003551672544" lon="114.02008213384093"><ele>119.30592678332583</ele><time>2022-11-05T04:37:38Z</time></trkpt><trkpt lat="22.38802033547262" lon="114.02005891155866"><ele>119.36244298626458</ele><time>2022-11-05T04:37:40Z</time></trkpt><trkpt lat="22.388042013984823" lon="114.02004129916268"><ele>119.2553090661523</ele><time>2022-11-05T04:37:42Z</time></trkpt><trkpt lat="22.388058416467302" lon="114.02002864595599"><ele>118.92411103857566</ele><time>2022-11-05T04:37:44Z</time></trkpt><trkpt lat="22.3880824866557" lon="114.02001461310309"><ele>118.81688033535379</ele><time>2022-11-05T04:37:46Z</time></trkpt><trkpt lat="22.38810434676069" lon="114.02000116541694"><ele>118.54055793878021</ele><time>2022-11-05T04:37:48Z</time></trkpt><trkpt lat="22.38812340040571" lon="114.01999090120226"><ele>118.41921154754316</ele><time>2022-11-05T04:37:50Z</time></trkpt><trkpt lat="22.388143579978387" lon="114.01997947125946"><ele>118.12276682330571</ele><time>2022-11-05T04:37:52Z</time></trkpt><trkpt lat="22.388166604227635" lon="114.01997150746097"><ele>117.71344975637915</ele><time>2022-11-05T04:37:54Z</time></trkpt><trkpt lat="22.38818553016109" lon="114.01996323273626"><ele>117.77622007634051</ele><time>2022-11-05T04:37:56Z</time></trkpt><trkpt lat="22.388208513019983" lon="114.01995806518433"><ele>117.8072919871134</ele><time>2022-11-05T04:37:58Z</time></trkpt><trkpt lat="22.388230637369034" lon="114.01995439951149"><ele>117.74096468170974</ele><time>2022-11-05T04:38:00Z</time></trkpt><trkpt lat="22.388250373447978" lon="114.0199518393384"><ele>117.77111240636115</ele><time>2022-11-05T04:38:02Z</time></trkpt><trkpt lat="22.388270808139655" lon="114.01994867332307"><ele>117.70089540746923</ele><time>2022-11-05T04:38:04Z</time></trkpt><trkpt lat="22.388288821366082" lon="114.01994098214745"><ele>117.4941692240415</ele><time>2022-11-05T04:38:06Z</time></trkpt><trkpt lat="22.3882980964106" lon="114.01992306385826"><ele>117.47299783560852</ele><time>2022-11-05T04:38:08Z</time></trkpt><trkpt lat="22.38831655829311" lon="114.01991195027216"><ele>117.7385813342589</ele><time>2022-11-05T04:38:10Z</time></trkpt><trkpt lat="22.388339469496625" lon="114.01990831863675"><ele>117.89397591425431</ele><time>2022-11-05T04:38:12Z</time></trkpt><trkpt lat="22.388357907937426" lon="114.01990220406883"><ele>117.66326408421017</ele><time>2022-11-05T04:38:14Z</time></trkpt><trkpt lat="22.38837526006428" lon="114.01989508768493"><ele>117.3270345016002</ele><time>2022-11-05T04:38:16Z</time></trkpt><trkpt lat="22.388408962231335" lon="114.01989297081353"><ele>116.38123769832018</ele><time>2022-11-05T04:38:20Z</time></trkpt><trkpt lat="22.388444144135274" lon="114.01989579251232"><ele>115.74586374979413</ele><time>2022-11-05T04:38:24Z</time></trkpt><trkpt lat="22.388464131005815" lon="114.01989639861952"><ele>115.78483681749846</ele><time>2022-11-05T04:38:26Z</time></trkpt><trkpt lat="22.388486360423006" lon="114.01989298620978"><ele>115.70775393213313</ele><time>2022-11-05T04:38:28Z</time></trkpt><trkpt lat="22.388510266329934" lon="114.01988558968432"><ele>115.82149531260961</ele><time>2022-11-05T04:38:30Z</time></trkpt><trkpt lat="22.388550961184016" lon="114.01986334838739"><ele>119.40206080740008</ele><time>2022-11-05T04:38:32Z</time></trkpt><trkpt lat="22.388575207525925" lon="114.01985781154929"><ele>119.16440715042727</ele><time>2022-11-05T04:38:36Z</time></trkpt><trkpt lat="22.388592184797663" lon="114.01984888165347"><ele>119.11547902869408</ele><time>2022-11-05T04:38:38Z</time></trkpt><trkpt lat="22.388622622778733" lon="114.01983735896796"><ele>119.61680085899728</ele><time>2022-11-05T04:38:42Z</time></trkpt><trkpt lat="22.38863399654218" lon="114.01982133078081"><ele>119.6369380614055</ele><time>2022-11-05T04:38:44Z</time></trkpt><trkpt lat="22.388645995222667" lon="114.01980306277966"><ele>119.5280695668472</ele><time>2022-11-05T04:38:46Z</time></trkpt><trkpt lat="22.388670533183095" lon="114.01977135843424"><ele>119.35383050244396</ele><time>2022-11-05T04:38:50Z</time></trkpt><trkpt lat="22.38868511297048" lon="114.01974325706355"><ele>119.22106941793866</ele><time>2022-11-05T04:38:54Z</time></trkpt><trkpt lat="22.388707953772247" lon="114.01972691953982"><ele>118.49954728179473</ele><time>2022-11-05T04:38:58Z</time></trkpt><trkpt lat="22.388740799612084" lon="114.01972237205437"><ele>116.99283334427638</ele><time>2022-11-05T04:39:00Z</time></trkpt><trkpt lat="22.388764643972724" lon="114.01972597353381"><ele>116.53611910390913</ele><time>2022-11-05T04:39:02Z</time></trkpt><trkpt lat="22.388792413216525" lon="114.01972376030326"><ele>115.77060284738992</ele><time>2022-11-05T04:39:04Z</time></trkpt><trkpt lat="22.388818212324423" lon="114.01970904697268"><ele>116.326698522849</ele><time>2022-11-05T04:39:06Z</time></trkpt><trkpt lat="22.38883567512824" lon="114.01968651887239"><ele>117.8139014002784</ele><time>2022-11-05T04:39:08Z</time></trkpt><trkpt lat="22.388869589454846" lon="114.01966981683094"><ele>120.82591445191669</ele><time>2022-11-05T04:39:12Z</time></trkpt><trkpt lat="22.388889619221747" lon="114.01966041736753"><ele>121.44840559411534</ele><time>2022-11-05T04:39:14Z</time></trkpt><trkpt lat="22.388911908756143" lon="114.01965809559088"><ele>121.13769730911855</ele><time>2022-11-05T04:39:16Z</time></trkpt><trkpt lat="22.388936934697085" lon="114.01966135020538"><ele>121.49240774706902</ele><time>2022-11-05T04:39:18Z</time></trkpt><trkpt lat="22.388960158146176" lon="114.01967375500766"><ele>122.68555873718853</ele><time>2022-11-05T04:39:20Z</time></trkpt><trkpt lat="22.3889797617276" lon="114.01968400169446"><ele>122.87271767897538</ele><time>2022-11-05T04:39:22Z</time></trkpt><trkpt lat="22.388997497170976" lon="114.01969625748647"><ele>123.38173921956269</ele><time>2022-11-05T04:39:24Z</time></trkpt><trkpt lat="22.389011439157372" lon="114.01970958160358"><ele>123.80071429695296</ele><time>2022-11-05T04:39:26Z</time></trkpt><trkpt lat="22.389021289935354" lon="114.01972591617174"><ele>123.7768834129405</ele><time>2022-11-05T04:39:28Z</time></trkpt><trkpt lat="22.389015634064243" lon="114.01976933345655"><ele>123.75717667224392</ele><time>2022-11-05T04:39:32Z</time></trkpt><trkpt lat="22.389016594541538" lon="114.01980856332216"><ele>123.77936327957657</ele><time>2022-11-05T04:39:36Z</time></trkpt><trkpt lat="22.389032309882676" lon="114.01984465109983"><ele>123.39289573539716</ele><time>2022-11-05T04:39:40Z</time></trkpt><trkpt lat="22.38904114891982" lon="114.01986501175003"><ele>123.45352118135263</ele><time>2022-11-05T04:39:42Z</time></trkpt><trkpt lat="22.389049089231236" lon="114.01988634965588"><ele>123.5692826228213</ele><time>2022-11-05T04:39:44Z</time></trkpt><trkpt lat="22.389060857231836" lon="114.01992467571041"><ele>124.11142946303475</ele><time>2022-11-05T04:39:48Z</time></trkpt><trkpt lat="22.389074913452355" lon="114.01994704085841"><ele>124.39994667236668</ele><time>2022-11-05T04:39:52Z</time></trkpt><trkpt lat="22.389088368561254" lon="114.01996633623065"><ele>125.09775084698445</ele><time>2022-11-05T04:39:54Z</time></trkpt><trkpt lat="22.389106435534885" lon="114.01998241725434"><ele>126.3424889367817</ele><time>2022-11-05T04:39:56Z</time></trkpt><trkpt lat="22.38916420433656" lon="114.01999763842598"><ele>132.11966258206118</ele><time>2022-11-05T04:39:58Z</time></trkpt><trkpt lat="22.389185018983575" lon="114.02001622173985"><ele>131.6444845436847</ele><time>2022-11-05T04:40:02Z</time></trkpt><trkpt lat="22.38921181456152" lon="114.02004163746642"><ele>131.11721536791163</ele><time>2022-11-05T04:40:06Z</time></trkpt><trkpt lat="22.38923153685453" lon="114.02006992211432"><ele>132.01702723219793</ele><time>2022-11-05T04:40:10Z</time></trkpt><trkpt lat="22.389244726439827" lon="114.02008618786988"><ele>132.40694696418663</ele><time>2022-11-05T04:40:12Z</time></trkpt><trkpt lat="22.389269658967613" lon="114.02011004324525"><ele>133.00421488185432</ele><time>2022-11-05T04:40:16Z</time></trkpt><trkpt lat="22.389289688211363" lon="114.02013367970478"><ele>133.97444219817208</ele><time>2022-11-05T04:40:20Z</time></trkpt><trkpt lat="22.389308731803638" lon="114.02016483220851"><ele>134.135968059861</ele><time>2022-11-05T04:40:24Z</time></trkpt><trkpt lat="22.38932214000339" lon="114.02017800136188"><ele>133.9340548432882</ele><time>2022-11-05T04:40:26Z</time></trkpt><trkpt lat="22.38934308900978" lon="114.02019078249195"><ele>134.76637378549856</ele><time>2022-11-05T04:40:28Z</time></trkpt><trkpt lat="22.389367855530313" lon="114.02021081372023"><ele>135.53017179512034</ele><time>2022-11-05T04:40:30Z</time></trkpt><trkpt lat="22.38939698056675" lon="114.02022006929103"><ele>136.20195353728062</ele><time>2022-11-05T04:40:32Z</time></trkpt><trkpt lat="22.389414308441125" lon="114.0202399802267"><ele>136.4315996100754</ele><time>2022-11-05T04:40:34Z</time></trkpt><trkpt lat="22.38944269006149" lon="114.02026338090693"><ele>136.61726407559644</ele><time>2022-11-05T04:40:38Z</time></trkpt><trkpt lat="22.389459138302097" lon="114.02027581096515"><ele>137.0305138570438</ele><time>2022-11-05T04:40:40Z</time></trkpt><trkpt lat="22.38948710851443" lon="114.02028846526095"><ele>137.94794410844045</ele><time>2022-11-05T04:40:50Z</time></trkpt><trkpt lat="22.3895107909245" lon="114.02028750209152"><ele>138.02189804908073</ele><time>2022-11-05T04:40:54Z</time></trkpt><trkpt lat="22.389542267748514" lon="114.02029513523068"><ele>138.17738113883254</ele><time>2022-11-05T04:40:58Z</time></trkpt><trkpt lat="22.389573476622978" lon="114.02030237708074"><ele>138.19030904349495</ele><time>2022-11-05T04:41:02Z</time></trkpt><trkpt lat="22.389592831489693" lon="114.02030096107039"><ele>138.1801822216341</ele><time>2022-11-05T04:41:04Z</time></trkpt><trkpt lat="22.38961138907867" lon="114.02029862125454"><ele>138.15971308224337</ele><time>2022-11-05T04:41:06Z</time></trkpt><trkpt lat="22.389629975911678" lon="114.02028330899148"><ele>138.29293782106646</ele><time>2022-11-05T04:41:08Z</time></trkpt><trkpt lat="22.38964666548512" lon="114.02026978151905"><ele>138.24913555957144</ele><time>2022-11-05T04:41:10Z</time></trkpt><trkpt lat="22.389664953640725" lon="114.0202651062095"><ele>138.06405177582315</ele><time>2022-11-05T04:41:12Z</time></trkpt><trkpt lat="22.389696788069084" lon="114.02025888127059"><ele>138.05437137181946</ele><time>2022-11-05T04:41:16Z</time></trkpt><trkpt lat="22.389725113116416" lon="114.02024319648508"><ele>137.78918438555664</ele><time>2022-11-05T04:41:20Z</time></trkpt><trkpt lat="22.38974026044977" lon="114.02021254629689"><ele>137.58161208448578</ele><time>2022-11-05T04:41:22Z</time></trkpt><trkpt lat="22.38976908270132" lon="114.02020338420846"><ele>137.76060092602097</ele><time>2022-11-05T04:41:24Z</time></trkpt><trkpt lat="22.38979808202067" lon="114.0201979948422"><ele>137.7921345501649</ele><time>2022-11-05T04:41:28Z</time></trkpt><trkpt lat="22.38981636969361" lon="114.02019984962334"><ele>137.5978539728071</ele><time>2022-11-05T04:41:30Z</time></trkpt><trkpt lat="22.389846554918904" lon="114.02020958164789"><ele>137.6475265982019</ele><time>2022-11-05T04:41:34Z</time></trkpt><trkpt lat="22.38986619515319" lon="114.02024574948958"><ele>138.07477123130806</ele><time>2022-11-05T04:41:36Z</time></trkpt><trkpt lat="22.389881117739623" lon="114.02026320114345"><ele>136.61317759344473</ele><time>2022-11-05T04:41:38Z</time></trkpt><trkpt lat="22.38990866430081" lon="114.02028808875492"><ele>135.52075716973383</ele><time>2022-11-05T04:41:42Z</time></trkpt><trkpt lat="22.38992913297847" lon="114.02029565788823"><ele>137.1547508729489</ele><time>2022-11-05T04:41:44Z</time></trkpt><trkpt lat="22.38995401909047" lon="114.0203136659074"><ele>138.19985335024737</ele><time>2022-11-05T04:41:48Z</time></trkpt><trkpt lat="22.389976676167226" lon="114.02033619911157"><ele>138.80624459357549</ele><time>2022-11-05T04:41:52Z</time></trkpt><trkpt lat="22.390015305310875" lon="114.02035791728468"><ele>143.40241432076346</ele><time>2022-11-05T04:41:54Z</time></trkpt><trkpt lat="22.390039402443318" lon="114.02038226432468"><ele>143.7915803067894</ele><time>2022-11-05T04:41:58Z</time></trkpt><trkpt lat="22.390059310144526" lon="114.02040243139646"><ele>144.53067326201483</ele><time>2022-11-05T04:42:02Z</time></trkpt><trkpt lat="22.390101696131655" lon="114.02041177251827"><ele>141.80053407080794</ele><time>2022-11-05T04:42:06Z</time></trkpt><trkpt lat="22.390124405479142" lon="114.02041781963749"><ele>140.88730589699625</ele><time>2022-11-05T04:42:08Z</time></trkpt><trkpt lat="22.390154317519094" lon="114.02042174298323"><ele>138.73814818385844</ele><time>2022-11-05T04:42:10Z</time></trkpt><trkpt lat="22.390178825015692" lon="114.02041551145707"><ele>134.78322235065352</ele><time>2022-11-05T04:42:12Z</time></trkpt><trkpt lat="22.390197329671" lon="114.02040156606263"><ele>133.7615398449625</ele><time>2022-11-05T04:42:14Z</time></trkpt><trkpt lat="22.390213991655987" lon="114.02038598138799"><ele>131.28172556325083</ele><time>2022-11-05T04:42:16Z</time></trkpt><trkpt lat="22.390242452492405" lon="114.02038311899207"><ele>131.19707250962617</ele><time>2022-11-05T04:42:18Z</time></trkpt><trkpt lat="22.39026245715478" lon="114.02038325433301"><ele>131.82187661151772</ele><time>2022-11-05T04:42:22Z</time></trkpt><trkpt lat="22.390277618020406" lon="114.02039681616219"><ele>137.24310641904356</ele><time>2022-11-05T04:42:26Z</time></trkpt><trkpt lat="22.39027713872418" lon="114.02041810059258"><ele>142.64127894836625</ele><time>2022-11-05T04:42:30Z</time></trkpt><trkpt lat="22.390292153241894" lon="114.02043105943805"><ele>144.78015157499988</ele><time>2022-11-05T04:42:32Z</time></trkpt><trkpt lat="22.390311531541773" lon="114.02043581467768"><ele>146.7158624709277</ele><time>2022-11-05T04:42:34Z</time></trkpt><trkpt lat="22.390337194804214" lon="114.02044050347872"><ele>147.92752405245486</ele><time>2022-11-05T04:42:36Z</time></trkpt><trkpt lat="22.390355008234373" lon="114.02044798414344"><ele>149.6236196454194</ele><time>2022-11-05T04:42:38Z</time></trkpt><trkpt lat="22.390386840682122" lon="114.02045223168614"><ele>151.09130869402944</ele><time>2022-11-05T04:42:42Z</time></trkpt><trkpt lat="22.390411049376482" lon="114.0204405950818"><ele>151.29704296150103</ele><time>2022-11-05T04:42:46Z</time></trkpt><trkpt lat="22.390435550512368" lon="114.0204320493339"><ele>151.73873945762693</ele><time>2022-11-05T04:42:50Z</time></trkpt><trkpt lat="22.390456887965613" lon="114.02041837560041"><ele>152.3764300377423</ele><time>2022-11-05T04:42:54Z</time></trkpt><trkpt lat="22.390476351530236" lon="114.0204032122011"><ele>152.98817975382624</ele><time>2022-11-05T04:42:58Z</time></trkpt><trkpt lat="22.39049485566564" lon="114.02037751163961"><ele>153.76072072324354</ele><time>2022-11-05T04:43:02Z</time></trkpt><trkpt lat="22.390505132318605" lon="114.02035871687764"><ele>154.09984665230135</ele><time>2022-11-05T04:43:04Z</time></trkpt><trkpt lat="22.390518501652224" lon="114.02034521102425"><ele>154.33004078554274</ele><time>2022-11-05T04:43:06Z</time></trkpt><trkpt lat="22.390534555203452" lon="114.0203340117569"><ele>154.088163383726</ele><time>2022-11-05T04:43:08Z</time></trkpt><trkpt lat="22.390558737456704" lon="114.02033331174867"><ele>154.48748156704562</ele><time>2022-11-05T04:43:16Z</time></trkpt><trkpt lat="22.390595162644985" lon="114.02035813908672"><ele>155.1755964972301</ele><time>2022-11-05T04:43:18Z</time></trkpt><trkpt lat="22.390613345164347" lon="114.02035667643256"><ele>156.2725307342884</ele><time>2022-11-05T04:43:20Z</time></trkpt><trkpt lat="22.390636590453557" lon="114.02034433552498"><ele>156.12255769735114</ele><time>2022-11-05T04:43:24Z</time></trkpt><trkpt lat="22.390677131232973" lon="114.02033968353503"><ele>157.20382337089802</ele><time>2022-11-05T04:43:28Z</time></trkpt><trkpt lat="22.390697571166744" lon="114.0203366492625"><ele>159.1529366952723</ele><time>2022-11-05T04:43:30Z</time></trkpt><trkpt lat="22.390729129042164" lon="114.02033323494648"><ele>160.0702964876721</ele><time>2022-11-05T04:43:34Z</time></trkpt><trkpt lat="22.390763726543863" lon="114.02034070083005"><ele>159.81271383132915</ele><time>2022-11-05T04:43:38Z</time></trkpt><trkpt lat="22.390783113572137" lon="114.02034422613569"><ele>159.82925639285324</ele><time>2022-11-05T04:43:40Z</time></trkpt><trkpt lat="22.390814412017804" lon="114.02034847645842"><ele>159.74327027871144</ele><time>2022-11-05T04:43:44Z</time></trkpt><trkpt lat="22.390840561197127" lon="114.02033141759094"><ele>161.62879847598282</ele><time>2022-11-05T04:43:48Z</time></trkpt><trkpt lat="22.390855654216942" lon="114.02031616006103"><ele>163.0992872573271</ele><time>2022-11-05T04:43:50Z</time></trkpt><trkpt lat="22.39087503745113" lon="114.02029547320636"><ele>164.06749148980467</ele><time>2022-11-05T04:43:54Z</time></trkpt><trkpt lat="22.39088540422503" lon="114.02027284798507"><ele>164.56470731145725</ele><time>2022-11-05T04:43:58Z</time></trkpt><trkpt lat="22.390895673512006" lon="114.0202408405312"><ele>164.7133981733086</ele><time>2022-11-05T04:44:02Z</time></trkpt><trkpt lat="22.39091156390341" lon="114.02021383872435"><ele>164.80400487807873</ele><time>2022-11-05T04:44:06Z</time></trkpt><trkpt lat="22.39092092911037" lon="114.02018254880353"><ele>164.68415532575756</ele><time>2022-11-05T04:44:10Z</time></trkpt><trkpt lat="22.390931717660933" lon="114.02015388322721"><ele>164.6333150990801</ele><time>2022-11-05T04:44:14Z</time></trkpt><trkpt lat="22.39094607536483" lon="114.02014168621439"><ele>164.53089489998607</ele><time>2022-11-05T04:44:16Z</time></trkpt><trkpt lat="22.3909619462325" lon="114.02012750353198"><ele>164.33055206344886</ele><time>2022-11-05T04:44:18Z</time></trkpt><trkpt lat="22.39097984472871" lon="114.02011389315868"><ele>164.29284951455506</ele><time>2022-11-05T04:44:20Z</time></trkpt><trkpt lat="22.391006283339223" lon="114.02009753601045"><ele>165.38357922422696</ele><time>2022-11-05T04:44:22Z</time></trkpt><trkpt lat="22.39102645334342" lon="114.02008149965523"><ele>167.2477145143037</ele><time>2022-11-05T04:44:24Z</time></trkpt><trkpt lat="22.39104500954236" lon="114.02007919692734"><ele>168.00449562172048</ele><time>2022-11-05T04:44:26Z</time></trkpt><trkpt lat="22.39107643778141" lon="114.02010522246151"><ele>168.30002267959165</ele><time>2022-11-05T04:44:30Z</time></trkpt><trkpt lat="22.39109163670422" lon="114.02012500429396"><ele>168.4586947968229</ele><time>2022-11-05T04:44:32Z</time></trkpt><trkpt lat="22.391106794186367" lon="114.0201488651872"><ele>168.56464869689913</ele><time>2022-11-05T04:44:34Z</time></trkpt><trkpt lat="22.39112036954207" lon="114.02016260881149"><ele>168.49099188274505</ele><time>2022-11-05T04:44:36Z</time></trkpt><trkpt lat="22.391137247196728" lon="114.02018215123093"><ele>168.75216919980855</ele><time>2022-11-05T04:44:38Z</time></trkpt><trkpt lat="22.391155573496064" lon="114.0201991075341"><ele>168.82131615103907</ele><time>2022-11-05T04:44:40Z</time></trkpt><trkpt lat="22.39117102507493" lon="114.02021493414182"><ele>169.04569462206973</ele><time>2022-11-05T04:44:42Z</time></trkpt><trkpt lat="22.391201603890067" lon="114.02022861089476"><ele>169.16179707347308</ele><time>2022-11-05T04:44:46Z</time></trkpt><trkpt lat="22.39123476964823" lon="114.02021644877813"><ele>169.99759630556298</ele><time>2022-11-05T04:44:50Z</time></trkpt><trkpt lat="22.39126282935752" lon="114.02020279677569"><ele>170.43151392826854</ele><time>2022-11-05T04:44:54Z</time></trkpt><trkpt lat="22.39129118714745" lon="114.0201880236629"><ele>170.70448283841918</ele><time>2022-11-05T04:44:58Z</time></trkpt><trkpt lat="22.391322390734363" lon="114.02018120679791"><ele>171.86067310853832</ele><time>2022-11-05T04:45:02Z</time></trkpt><trkpt lat="22.391344544961107" lon="114.02018020828763"><ele>177.51852709277676</ele><time>2022-11-05T04:45:06Z</time></trkpt><trkpt lat="22.39136623371847" lon="114.02017886896068"><ele>177.8331250640206</ele><time>2022-11-05T04:45:10Z</time></trkpt><trkpt lat="22.391397167286755" lon="114.02017028200459"><ele>177.68476682444685</ele><time>2022-11-05T04:45:14Z</time></trkpt><trkpt lat="22.391427564983086" lon="114.02015506628227"><ele>177.41170407858948</ele><time>2022-11-05T04:45:18Z</time></trkpt><trkpt lat="22.391460189693433" lon="114.02014939478835"><ele>177.8950990683643</ele><time>2022-11-05T04:45:22Z</time></trkpt><trkpt lat="22.39149096678137" lon="114.02015556010677"><ele>178.2984670020445</ele><time>2022-11-05T04:45:26Z</time></trkpt><trkpt lat="22.391522902263702" lon="114.02015754171563"><ele>178.48038034397047</ele><time>2022-11-05T04:45:30Z</time></trkpt><trkpt lat="22.391555713652004" lon="114.0201523740622"><ele>180.17720781063142</ele><time>2022-11-05T04:45:32Z</time></trkpt><trkpt lat="22.391571086939468" lon="114.02016438873923"><ele>179.5503293700131</ele><time>2022-11-05T04:45:34Z</time></trkpt><trkpt lat="22.391598375013828" lon="114.02016642550917"><ele>179.5898795653279</ele><time>2022-11-05T04:45:38Z</time></trkpt><trkpt lat="22.39162676099883" lon="114.0201566578345"><ele>179.56363315757756</ele><time>2022-11-05T04:45:42Z</time></trkpt><trkpt lat="22.391657750344997" lon="114.02014361827179"><ele>180.17079672016186</ele><time>2022-11-05T04:45:46Z</time></trkpt><trkpt lat="22.391661202760464" lon="114.02011425366018"><ele>182.61015751405517</ele><time>2022-11-05T04:45:50Z</time></trkpt><trkpt lat="22.39166288069734" lon="114.02009446691977"><ele>184.15784422624344</ele><time>2022-11-05T04:45:52Z</time></trkpt><trkpt lat="22.391681498793993" lon="114.02005134687674"><ele>184.37928521454367</ele><time>2022-11-05T04:45:56Z</time></trkpt><trkpt lat="22.39170708327231" lon="114.02002707550068"><ele>184.99804248997677</ele><time>2022-11-05T04:46:00Z</time></trkpt><trkpt lat="22.391713181917275" lon="114.02000842592763"><ele>186.5356398190717</ele><time>2022-11-05T04:46:02Z</time></trkpt><trkpt lat="22.39173597458613" lon="114.01998539773922"><ele>196.84968814849498</ele><time>2022-11-05T04:46:08Z</time></trkpt><trkpt lat="22.39176528996117" lon="114.01998687306533"><ele>198.19848587189148</ele><time>2022-11-05T04:46:12Z</time></trkpt><trkpt lat="22.391788185304392" lon="114.01999426862135"><ele>205.639172823528</ele><time>2022-11-05T04:46:16Z</time></trkpt><trkpt lat="22.39182597578579" lon="114.01998249131971"><ele>212.58833957739787</ele><time>2022-11-05T04:46:20Z</time></trkpt><trkpt lat="22.391848808028183" lon="114.01999332143264"><ele>219.46160427247085</ele><time>2022-11-05T04:46:24Z</time></trkpt><trkpt lat="22.391874259645927" lon="114.01999920925995"><ele>223.1026931192541</ele><time>2022-11-05T04:46:26Z</time></trkpt><trkpt lat="22.39189469830087" lon="114.01999504438596"><ele>223.30791809172632</ele><time>2022-11-05T04:46:28Z</time></trkpt><trkpt lat="22.39192156686832" lon="114.02000304180864"><ele>222.23432182553944</ele><time>2022-11-05T04:46:32Z</time></trkpt><trkpt lat="22.391939949878434" lon="114.02000918357497"><ele>221.60139552977668</ele><time>2022-11-05T04:46:34Z</time></trkpt><trkpt lat="22.391994650575896" lon="114.02001907106715"><ele>218.68112835720945</ele><time>2022-11-05T04:46:36Z</time></trkpt><trkpt lat="22.392019162084623" lon="114.02001826552286"><ele>214.35320873707437</ele><time>2022-11-05T04:46:38Z</time></trkpt><trkpt lat="22.39203424454327" lon="114.02003463123565"><ele>213.6466944440346</ele><time>2022-11-05T04:46:42Z</time></trkpt><trkpt lat="22.392066252239573" lon="114.02007255753945"><ele>209.57798035339823</ele><time>2022-11-05T04:46:46Z</time></trkpt><trkpt lat="22.39206714278603" lon="114.0201015496093"><ele>208.10555510535247</ele><time>2022-11-05T04:46:50Z</time></trkpt><trkpt lat="22.39206536326921" lon="114.0201249469789"><ele>207.07933798723738</ele><time>2022-11-05T04:46:52Z</time></trkpt><trkpt lat="22.39206186706" lon="114.02015008492008"><ele>206.2821662362384</ele><time>2022-11-05T04:46:54Z</time></trkpt><trkpt lat="22.392054176290568" lon="114.02017322326972"><ele>205.9366487740622</ele><time>2022-11-05T04:46:56Z</time></trkpt><trkpt lat="22.392044798050257" lon="114.02019304709421"><ele>205.36175492977327</ele><time>2022-11-05T04:46:58Z</time></trkpt><trkpt lat="22.392037296736653" lon="114.02021487978796"><ele>204.3796328561565</ele><time>2022-11-05T04:47:00Z</time></trkpt><trkpt lat="22.39203905850712" lon="114.02024690185037"><ele>201.07338120140025</ele><time>2022-11-05T04:47:02Z</time></trkpt><trkpt lat="22.392027653098435" lon="114.02027504698378"><ele>200.6502880756467</ele><time>2022-11-05T04:47:06Z</time></trkpt><trkpt lat="22.392017387698125" lon="114.02030376580979"><ele>199.66784291299254</ele><time>2022-11-05T04:47:10Z</time></trkpt><trkpt lat="22.392006447288985" lon="114.02032140798578"><ele>199.1233172866556</ele><time>2022-11-05T04:47:12Z</time></trkpt><trkpt lat="22.391994843095667" lon="114.0203363945684"><ele>198.88403290345283</ele><time>2022-11-05T04:47:14Z</time></trkpt><trkpt lat="22.391987497042052" lon="114.02035543429679"><ele>198.65976512757115</ele><time>2022-11-05T04:47:16Z</time></trkpt><trkpt lat="22.391984526603125" lon="114.02038631283135"><ele>198.20101336882647</ele><time>2022-11-05T04:47:20Z</time></trkpt><trkpt lat="22.391968987404255" lon="114.0204194025884"><ele>197.58123974424785</ele><time>2022-11-05T04:47:24Z</time></trkpt><trkpt lat="22.39194884398838" lon="114.02044631942647"><ele>196.95657216191552</ele><time>2022-11-05T04:47:28Z</time></trkpt><trkpt lat="22.39193358688703" lon="114.02047326551731"><ele>196.09724793593747</ele><time>2022-11-05T04:47:32Z</time></trkpt><trkpt lat="22.391920633890795" lon="114.02048909143029"><ele>196.00440504330882</ele><time>2022-11-05T04:47:34Z</time></trkpt><trkpt lat="22.39191087858063" lon="114.02050916895145"><ele>195.97577667694253</ele><time>2022-11-05T04:47:36Z</time></trkpt><trkpt lat="22.391899615066418" lon="114.0205302345218"><ele>195.65969248479462</ele><time>2022-11-05T04:47:38Z</time></trkpt><trkpt lat="22.391906666383097" lon="114.02054848668644"><ele>196.04143601814224</ele><time>2022-11-05T04:47:54Z</time></trkpt><trkpt lat="22.39189902467162" lon="114.02052875594555"><ele>193.3767859218642</ele><time>2022-11-05T04:54:06Z</time></trkpt><trkpt lat="22.39192750088391" lon="114.02054789203142"><ele>193.006432864815</ele><time>2022-11-05T04:54:30Z</time></trkpt><trkpt lat="22.39194830491242" lon="114.02057529721108"><ele>191.4701419370249</ele><time>2022-11-05T04:54:32Z</time></trkpt><trkpt lat="22.391970508529088" lon="114.02059170720564"><ele>192.2120553087443</ele><time>2022-11-05T04:54:34Z</time></trkpt><trkpt lat="22.391983466327375" lon="114.02060969606494"><ele>193.53559988178313</ele><time>2022-11-05T04:54:38Z</time></trkpt><trkpt lat="22.392006437363047" lon="114.02063951367101"><ele>195.54625790659338</ele><time>2022-11-05T04:54:42Z</time></trkpt><trkpt lat="22.392022624671384" lon="114.02066212428542"><ele>196.48631945066154</ele><time>2022-11-05T04:54:44Z</time></trkpt><trkpt lat="22.392026712314067" lon="114.02068437316201"><ele>196.69838986732066</ele><time>2022-11-05T04:54:46Z</time></trkpt><trkpt lat="22.39202940692254" lon="114.02070419985077"><ele>196.84106354229152</ele><time>2022-11-05T04:54:48Z</time></trkpt><trkpt lat="22.39203833570353" lon="114.02072253200217"><ele>196.84106354229152</ele><time>2022-11-05T04:54:50Z</time></trkpt><trkpt lat="22.392046350854812" lon="114.02074522476164"><ele>192.94056118540644</ele><time>2022-11-05T04:54:52Z</time></trkpt><trkpt lat="22.392037452142304" lon="114.02076525248617"><ele>193.51708832778348</ele><time>2022-11-05T04:54:56Z</time></trkpt><trkpt lat="22.392034514397693" lon="114.02079403383333"><ele>193.82558853157894</ele><time>2022-11-05T04:55:00Z</time></trkpt><trkpt lat="22.392010829634472" lon="114.02081005956867"><ele>194.30388751576552</ele><time>2022-11-05T04:55:02Z</time></trkpt><trkpt lat="22.391994367901205" lon="114.0208199032252"><ele>194.51405390044422</ele><time>2022-11-05T04:55:04Z</time></trkpt><trkpt lat="22.391973214563194" lon="114.02083421611152"><ele>194.64627666815431</ele><time>2022-11-05T04:55:08Z</time></trkpt><trkpt lat="22.3919554917309" lon="114.02085225741895"><ele>196.1690537425343</ele><time>2022-11-05T04:55:12Z</time></trkpt><trkpt lat="22.39193135976902" lon="114.02086347268074"><ele>196.28305637640045</ele><time>2022-11-05T04:55:16Z</time></trkpt><trkpt lat="22.39191865485205" lon="114.02088167494048"><ele>197.58094400563934</ele><time>2022-11-05T04:55:18Z</time></trkpt><trkpt lat="22.391883909048666" lon="114.02088543216267"><ele>198.3116647999893</ele><time>2022-11-05T04:55:22Z</time></trkpt><trkpt lat="22.391859283787046" lon="114.02088333772048"><ele>198.56172679299806</ele><time>2022-11-05T04:55:24Z</time></trkpt><trkpt lat="22.391834146080367" lon="114.02088038503726"><ele>198.7289853150915</ele><time>2022-11-05T04:55:26Z</time></trkpt><trkpt lat="22.39180563268889" lon="114.02087641275062"><ele>199.07927582116537</ele><time>2022-11-05T04:55:28Z</time></trkpt><trkpt lat="22.391779816188084" lon="114.02087906438008"><ele>199.5186942996875</ele><time>2022-11-05T04:55:30Z</time></trkpt><trkpt lat="22.391759144168223" lon="114.02087992027617"><ele>200.2098533883372</ele><time>2022-11-05T04:55:32Z</time></trkpt><trkpt lat="22.39174539199681" lon="114.02089549922965"><ele>200.39093031186115</ele><time>2022-11-05T04:55:34Z</time></trkpt><trkpt lat="22.39173666383355" lon="114.02092087009498"><ele>200.3119270682738</ele><time>2022-11-05T04:55:36Z</time></trkpt><trkpt lat="22.391736243840587" lon="114.02094884973873"><ele>200.04292881287276</ele><time>2022-11-05T04:55:38Z</time></trkpt><trkpt lat="22.391745080582393" lon="114.02096681700975"><ele>199.85403900618456</ele><time>2022-11-05T04:55:40Z</time></trkpt><trkpt lat="22.391754297056867" lon="114.02099217276017"><ele>199.09335852371294</ele><time>2022-11-05T04:55:44Z</time></trkpt><trkpt lat="22.39175850729255" lon="114.02103662355458"><ele>198.83360326923005</ele><time>2022-11-05T04:55:48Z</time></trkpt><trkpt lat="22.39176759398541" lon="114.02106569050666"><ele>198.98289103449676</ele><time>2022-11-05T04:55:50Z</time></trkpt><trkpt lat="22.39176668501291" lon="114.02108971098177"><ele>199.1851830180356</ele><time>2022-11-05T04:55:52Z</time></trkpt><trkpt lat="22.391764507517227" lon="114.0211179999502"><ele>199.14403696629498</ele><time>2022-11-05T04:55:56Z</time></trkpt><trkpt lat="22.39176951625443" lon="114.02115911321746"><ele>198.86188819436853</ele><time>2022-11-05T04:56:00Z</time></trkpt><trkpt lat="22.39177644999041" lon="114.0211952819623"><ele>198.3032833575686</ele><time>2022-11-05T04:56:04Z</time></trkpt><trkpt lat="22.391778269609667" lon="114.02121509628094"><ele>198.0966032707188</ele><time>2022-11-05T04:56:06Z</time></trkpt><trkpt lat="22.39177509971439" lon="114.0212345980819"><ele>197.9787218904785</ele><time>2022-11-05T04:56:08Z</time></trkpt><trkpt lat="22.391772456128507" lon="114.02126098768339"><ele>198.01035569395162</ele><time>2022-11-05T04:56:12Z</time></trkpt><trkpt lat="22.391771524817575" lon="114.02128628505949"><ele>197.64779759179876</ele><time>2022-11-05T04:56:16Z</time></trkpt><trkpt lat="22.391772166240543" lon="114.02130889116023"><ele>197.59583496867964</ele><time>2022-11-05T04:56:20Z</time></trkpt><trkpt lat="22.391772695619835" lon="114.02133008347113"><ele>197.55481330096035</ele><time>2022-11-05T04:56:24Z</time></trkpt><trkpt lat="22.391762032785874" lon="114.02135829828077"><ele>196.6891332296417</ele><time>2022-11-05T04:56:30Z</time></trkpt><trkpt lat="22.39176418641461" lon="114.02138433342203"><ele>196.63252946078035</ele><time>2022-11-05T04:56:32Z</time></trkpt><trkpt lat="22.391769601485432" lon="114.02140469055291"><ele>196.9153008804714</ele><time>2022-11-05T04:56:34Z</time></trkpt><trkpt lat="22.391786364980067" lon="114.02141399808566"><ele>196.8351185216764</ele><time>2022-11-05T04:56:36Z</time></trkpt><trkpt lat="22.39179468390006" lon="114.02143834768034"><ele>196.59011134137336</ele><time>2022-11-05T04:56:42Z</time></trkpt><trkpt lat="22.391787832081143" lon="114.02145992832072"><ele>196.60242442632543</ele><time>2022-11-05T04:56:44Z</time></trkpt><trkpt lat="22.391801582917747" lon="114.02147938532899"><ele>196.54755501751313</ele><time>2022-11-05T04:56:48Z</time></trkpt><trkpt lat="22.391806704957414" lon="114.02149903466241"><ele>196.67932398527373</ele><time>2022-11-05T04:56:54Z</time></trkpt><trkpt lat="22.391823615330395" lon="114.02151333857195"><ele>197.18872110856253</ele><time>2022-11-05T04:56:58Z</time></trkpt><trkpt lat="22.3918257165846" lon="114.02154004863628"><ele>197.6753897633009</ele><time>2022-11-05T04:57:02Z</time></trkpt><trkpt lat="22.39182246981118" lon="114.02156074732666"><ele>197.8576998112412</ele><time>2022-11-05T04:57:06Z</time></trkpt><trkpt lat="22.39181642953215" lon="114.02158762976039"><ele>197.36925641161343</ele><time>2022-11-05T04:57:10Z</time></trkpt><trkpt lat="22.39181390941418" lon="114.02160853053805"><ele>197.27829816918555</ele><time>2022-11-05T04:57:12Z</time></trkpt><trkpt lat="22.391813850148335" lon="114.0216295366792"><ele>197.3300204159559</ele><time>2022-11-05T04:57:14Z</time></trkpt><trkpt lat="22.391814485437912" lon="114.02165772362692"><ele>197.09572840862822</ele><time>2022-11-05T04:57:18Z</time></trkpt><trkpt lat="22.39179412861091" lon="114.02168682018147"><ele>197.81553416610424</ele><time>2022-11-05T04:57:22Z</time></trkpt><trkpt lat="22.391778729713707" lon="114.02169919015908"><ele>198.57399454897225</ele><time>2022-11-05T04:57:24Z</time></trkpt><trkpt lat="22.391754736880742" lon="114.02170331685744"><ele>199.66318060019137</ele><time>2022-11-05T04:57:28Z</time></trkpt><trkpt lat="22.39173739427239" lon="114.02171303999322"><ele>199.64258086757798</ele><time>2022-11-05T04:57:32Z</time></trkpt><trkpt lat="22.391717418882852" lon="114.02173475835589"><ele>199.16641089107424</ele><time>2022-11-05T04:57:36Z</time></trkpt><trkpt lat="22.391701256921042" lon="114.02175173448249"><ele>199.1446125710901</ele><time>2022-11-05T04:57:40Z</time></trkpt><trkpt lat="22.391685764758122" lon="114.02176277344896"><ele>198.96521944887712</ele><time>2022-11-05T04:57:44Z</time></trkpt><trkpt lat="22.391667534488725" lon="114.02177212707585"><ele>198.59193837225587</ele><time>2022-11-05T04:57:46Z</time></trkpt><trkpt lat="22.391645241925353" lon="114.02178334883597"><ele>197.7805150613868</ele><time>2022-11-05T04:57:50Z</time></trkpt><trkpt lat="22.391604869547773" lon="114.02182012926993"><ele>193.93380875176055</ele><time>2022-11-05T04:57:54Z</time></trkpt><trkpt lat="22.391583788135087" lon="114.02183086079947"><ele>191.30007033435908</ele><time>2022-11-05T04:57:56Z</time></trkpt><trkpt lat="22.391566256946003" lon="114.02185435956794"><ele>190.69125359006702</ele><time>2022-11-05T04:57:58Z</time></trkpt><trkpt lat="22.39155805144256" lon="114.02189474002354"><ele>190.50352633127864</ele><time>2022-11-05T04:58:02Z</time></trkpt><trkpt lat="22.39155571883184" lon="114.02191890866317"><ele>190.13092772023563</ele><time>2022-11-05T04:58:04Z</time></trkpt><trkpt lat="22.391556327481204" lon="114.02194662334148"><ele>189.42332562844533</ele><time>2022-11-05T04:58:06Z</time></trkpt><trkpt lat="22.391559002394132" lon="114.02196733317139"><ele>189.16217305082216</ele><time>2022-11-05T04:58:08Z</time></trkpt><trkpt lat="22.391554105461747" lon="114.02199970439348"><ele>188.9477533286151</ele><time>2022-11-05T04:58:12Z</time></trkpt><trkpt lat="22.391561091595335" lon="114.02202050244165"><ele>189.9614762067566</ele><time>2022-11-05T04:58:14Z</time></trkpt><trkpt lat="22.391568672739112" lon="114.02204214717514"><ele>189.67146941339428</ele><time>2022-11-05T04:58:16Z</time></trkpt><trkpt lat="22.39158512895568" lon="114.02205355024606"><ele>189.71466484394946</ele><time>2022-11-05T04:58:18Z</time></trkpt><trkpt lat="22.391593884074883" lon="114.02207569669994"><ele>189.7526319747242</ele><time>2022-11-05T04:58:22Z</time></trkpt><trkpt lat="22.39161011615648" lon="114.02210807736608"><ele>189.68566151151873</ele><time>2022-11-05T04:58:26Z</time></trkpt><trkpt lat="22.391631131081187" lon="114.02213276904196"><ele>189.59403341100324</ele><time>2022-11-05T04:58:30Z</time></trkpt><trkpt lat="22.391656130119177" lon="114.02218304112799"><ele>189.07751412253492</ele><time>2022-11-05T04:58:34Z</time></trkpt><trkpt lat="22.39165307021073" lon="114.02222002717421"><ele>188.7496800677578</ele><time>2022-11-05T04:58:38Z</time></trkpt><trkpt lat="22.391645131182454" lon="114.02224614206064"><ele>188.65393234741074</ele><time>2022-11-05T04:58:40Z</time></trkpt><trkpt lat="22.391643830288267" lon="114.02226682110904"><ele>188.48798630515847</ele><time>2022-11-05T04:58:42Z</time></trkpt><trkpt lat="22.39163402239511" lon="114.02230142727576"><ele>188.00705866266537</ele><time>2022-11-05T04:58:46Z</time></trkpt><trkpt lat="22.391622420698397" lon="114.02231922481157"><ele>187.8215538018247</ele><time>2022-11-05T04:58:48Z</time></trkpt><trkpt lat="22.391605847723547" lon="114.02235337535673"><ele>188.76905451079006</ele><time>2022-11-05T04:58:50Z</time></trkpt><trkpt lat="22.39159509397279" lon="114.02236959178894"><ele>188.98352003441414</ele><time>2022-11-05T04:58:52Z</time></trkpt><trkpt lat="22.3915851080623" lon="114.0224040649835"><ele>189.06837434750202</ele><time>2022-11-05T04:58:56Z</time></trkpt><trkpt lat="22.391588954339003" lon="114.02242855600824"><ele>189.198043366756</ele><time>2022-11-05T04:58:58Z</time></trkpt><trkpt lat="22.391595567320866" lon="114.02245459486288"><ele>189.12534727767238</ele><time>2022-11-05T04:59:00Z</time></trkpt><trkpt lat="22.391603090652836" lon="114.02247518089496"><ele>188.9794060986489</ele><time>2022-11-05T04:59:02Z</time></trkpt><trkpt lat="22.39161240870665" lon="114.02249313268415"><ele>188.76418217200072</ele><time>2022-11-05T04:59:04Z</time></trkpt><trkpt lat="22.391632896414354" lon="114.02252493814709"><ele>188.06181015823097</ele><time>2022-11-05T04:59:08Z</time></trkpt><trkpt lat="22.391680852103317" lon="114.02254707442948"><ele>186.15626061928103</ele><time>2022-11-05T04:59:12Z</time></trkpt><trkpt lat="22.3917112301943" lon="114.02255691301514"><ele>187.61465885999382</ele><time>2022-11-05T04:59:14Z</time></trkpt><trkpt lat="22.391738938091308" lon="114.02257699144039"><ele>190.15304901190785</ele><time>2022-11-05T04:59:16Z</time></trkpt><trkpt lat="22.39173917492271" lon="114.02261373613334"><ele>193.681130212207</ele><time>2022-11-05T04:59:20Z</time></trkpt><trkpt lat="22.39172579289076" lon="114.02263113410235"><ele>193.45025641522935</ele><time>2022-11-05T04:59:22Z</time></trkpt><trkpt lat="22.391713502961245" lon="114.02264746818224"><ele>193.15063012959988</ele><time>2022-11-05T04:59:24Z</time></trkpt><trkpt lat="22.391710022537048" lon="114.02267821682514"><ele>192.42956753910846</ele><time>2022-11-05T04:59:28Z</time></trkpt><trkpt lat="22.391712734348133" lon="114.02274897304976"><ele>192.3292505460821</ele><time>2022-11-05T04:59:30Z</time></trkpt><trkpt lat="22.39170656960683" lon="114.02277271105582"><ele>192.47015190602482</ele><time>2022-11-05T04:59:32Z</time></trkpt><trkpt lat="22.391695955821895" lon="114.0228037650097"><ele>192.4168187987494</ele><time>2022-11-05T04:59:36Z</time></trkpt><trkpt lat="22.391686267943683" lon="114.02282035442148"><ele>192.2952595857872</ele><time>2022-11-05T04:59:38Z</time></trkpt><trkpt lat="22.391670541629384" lon="114.02283313071261"><ele>192.1971944882138</ele><time>2022-11-05T04:59:42Z</time></trkpt><trkpt lat="22.391672441308554" lon="114.02285965243424"><ele>192.32140711076227</ele><time>2022-11-05T04:59:46Z</time></trkpt><trkpt lat="22.391682994537312" lon="114.02288959366834"><ele>191.6692000192588</ele><time>2022-11-05T04:59:50Z</time></trkpt><trkpt lat="22.39169029734788" lon="114.02291027829199"><ele>191.35981618689698</ele><time>2022-11-05T04:59:54Z</time></trkpt><trkpt lat="22.391716003978793" lon="114.02292793915178"><ele>189.12045132990025</ele><time>2022-11-05T04:59:56Z</time></trkpt><trkpt lat="22.391735869147332" lon="114.0229458571666"><ele>188.08163405535473</ele><time>2022-11-05T05:00:00Z</time></trkpt><trkpt lat="22.391762753771438" lon="114.02299031096437"><ele>192.02209798113455</ele><time>2022-11-05T05:00:06Z</time></trkpt><trkpt lat="22.391789326603778" lon="114.02301117083346"><ele>193.89678211604135</ele><time>2022-11-05T05:00:10Z</time></trkpt><trkpt lat="22.39181692446377" lon="114.02301970442072"><ele>193.8968642874067</ele><time>2022-11-05T05:00:14Z</time></trkpt><trkpt lat="22.391850538071242" lon="114.02302714921912"><ele>194.0619863265879</ele><time>2022-11-05T05:00:18Z</time></trkpt><trkpt lat="22.391868283245543" lon="114.02303311561786"><ele>194.09860783251878</ele><time>2022-11-05T05:00:20Z</time></trkpt><trkpt lat="22.39188221650847" lon="114.02305965634523"><ele>195.39322001605765</ele><time>2022-11-05T05:00:22Z</time></trkpt><trkpt lat="22.391901246500982" lon="114.02307988459829"><ele>195.0688202395282</ele><time>2022-11-05T05:00:26Z</time></trkpt><trkpt lat="22.39192357655045" lon="114.0230843423788"><ele>194.8895188094432</ele><time>2022-11-05T05:00:28Z</time></trkpt><trkpt lat="22.391946241180936" lon="114.02309781281123"><ele>195.66218674679178</ele><time>2022-11-05T05:00:30Z</time></trkpt><trkpt lat="22.391961900185077" lon="114.02311851368034"><ele>194.14844587590972</ele><time>2022-11-05T05:00:34Z</time></trkpt><trkpt lat="22.391979810875576" lon="114.02314662680004"><ele>193.54074793620376</ele><time>2022-11-05T05:00:36Z</time></trkpt><trkpt lat="22.392001830131907" lon="114.02317063217454"><ele>193.58907701449832</ele><time>2022-11-05T05:00:38Z</time></trkpt><trkpt lat="22.392021476889003" lon="114.02317647829496"><ele>194.56687159014447</ele><time>2022-11-05T05:00:40Z</time></trkpt><trkpt lat="22.392046257978276" lon="114.02318057539803"><ele>194.82040395500678</ele><time>2022-11-05T05:00:42Z</time></trkpt><trkpt lat="22.392067452451986" lon="114.02314874414003"><ele>195.30968277558645</ele><time>2022-11-05T05:00:48Z</time></trkpt><trkpt lat="22.392097097482925" lon="114.0231289814263"><ele>194.80902879122414</ele><time>2022-11-05T05:00:52Z</time></trkpt><trkpt lat="22.392121002315044" lon="114.02311029751617"><ele>194.72674501950894</ele><time>2022-11-05T05:00:56Z</time></trkpt><trkpt lat="22.392139844592517" lon="114.02307824844387"><ele>193.97523495850945</ele><time>2022-11-05T05:00:58Z</time></trkpt><trkpt lat="22.392165749030653" lon="114.02307224623506"><ele>192.96061199059187</ele><time>2022-11-05T05:01:00Z</time></trkpt><trkpt lat="22.392189107431125" lon="114.02309228942862"><ele>193.0066280123334</ele><time>2022-11-05T05:01:04Z</time></trkpt><trkpt lat="22.392194045548674" lon="114.02312449970249"><ele>192.8020112280502</ele><time>2022-11-05T05:01:08Z</time></trkpt><trkpt lat="22.39220622213858" lon="114.02314747821512"><ele>193.04267875412987</ele><time>2022-11-05T05:01:10Z</time></trkpt><trkpt lat="22.39221894198085" lon="114.02316759645572"><ele>193.92103201277044</ele><time>2022-11-05T05:01:12Z</time></trkpt><trkpt lat="22.392233567114168" lon="114.02318571836011"><ele>194.20503150616543</ele><time>2022-11-05T05:01:16Z</time></trkpt><trkpt lat="22.392257923982065" lon="114.02321010505096"><ele>194.28146906846587</ele><time>2022-11-05T05:01:20Z</time></trkpt><trkpt lat="22.39226302695928" lon="114.02323493176775"><ele>194.46395645096442</ele><time>2022-11-05T05:01:22Z</time></trkpt><trkpt lat="22.392278338218347" lon="114.02326178284324"><ele>196.31068428078268</ele><time>2022-11-05T05:01:24Z</time></trkpt><trkpt lat="22.392287948165816" lon="114.02328885896884"><ele>197.81042336455585</ele><time>2022-11-05T05:01:26Z</time></trkpt><trkpt lat="22.392309770534855" lon="114.02330018299543"><ele>197.44729394991703</ele><time>2022-11-05T05:01:30Z</time></trkpt><trkpt lat="22.39231538113617" lon="114.0233248899539"><ele>195.91744298175763</ele><time>2022-11-05T05:01:34Z</time></trkpt><trkpt lat="22.392340962260615" lon="114.02335152719013"><ele>195.40645172277678</ele><time>2022-11-05T05:01:38Z</time></trkpt><trkpt lat="22.39235876901186" lon="114.02336199000436"><ele>195.20366827040036</ele><time>2022-11-05T05:01:40Z</time></trkpt><trkpt lat="22.3923769023488" lon="114.02336481018207"><ele>195.00490865697978</ele><time>2022-11-05T05:01:42Z</time></trkpt><trkpt lat="22.392409299879585" lon="114.02336910016435"><ele>194.66596875034296</ele><time>2022-11-05T05:01:46Z</time></trkpt><trkpt lat="22.39245633119999" lon="114.0233713429946"><ele>196.65438002216607</ele><time>2022-11-05T05:01:50Z</time></trkpt><trkpt lat="22.39248845056943" lon="114.02336560111972"><ele>198.52167409416947</ele><time>2022-11-05T05:01:52Z</time></trkpt><trkpt lat="22.392509118144833" lon="114.02336932884168"><ele>200.21059067881725</ele><time>2022-11-05T05:01:54Z</time></trkpt><trkpt lat="22.392528033971196" lon="114.02336948010209"><ele>200.18667705905148</ele><time>2022-11-05T05:01:56Z</time></trkpt><trkpt lat="22.39254891978503" lon="114.02335892542443"><ele>200.22234298591107</ele><time>2022-11-05T05:02:02Z</time></trkpt><trkpt lat="22.392569017526522" lon="114.02333220112169"><ele>199.47633826911758</ele><time>2022-11-05T05:02:06Z</time></trkpt><trkpt lat="22.39258653768817" lon="114.02332210771979"><ele>197.73053512254796</ele><time>2022-11-05T05:02:08Z</time></trkpt><trkpt lat="22.39261133010763" lon="114.02329835640187"><ele>196.71091805203773</ele><time>2022-11-05T05:02:12Z</time></trkpt><trkpt lat="22.392628796770293" lon="114.02328757016964"><ele>196.6984176020713</ele><time>2022-11-05T05:02:16Z</time></trkpt><trkpt lat="22.39265418476748" lon="114.0232828893023"><ele>196.80818048472827</ele><time>2022-11-05T05:02:20Z</time></trkpt><trkpt lat="22.39267844640475" lon="114.02328219264714"><ele>196.6640168480851</ele><time>2022-11-05T05:02:24Z</time></trkpt><trkpt lat="22.392711858086965" lon="114.02327775763442"><ele>196.57789916632998</ele><time>2022-11-05T05:02:28Z</time></trkpt><trkpt lat="22.392729265037108" lon="114.0232664193453"><ele>196.6389329425986</ele><time>2022-11-05T05:02:30Z</time></trkpt><trkpt lat="22.392755979862677" lon="114.02326466248759"><ele>196.43841850711758</ele><time>2022-11-05T05:02:34Z</time></trkpt><trkpt lat="22.392780715273492" lon="114.0232667975652"><ele>197.16210660867603</ele><time>2022-11-05T05:02:36Z</time></trkpt><trkpt lat="22.39280348135455" lon="114.0232781719483"><ele>198.2194571719795</ele><time>2022-11-05T05:02:40Z</time></trkpt><trkpt lat="22.392846184518458" lon="114.02326061030935"><ele>197.94741133802333</ele><time>2022-11-05T05:02:44Z</time></trkpt><trkpt lat="22.39287448246374" lon="114.0232564821074"><ele>198.21626622307932</ele><time>2022-11-05T05:02:46Z</time></trkpt><trkpt lat="22.392905950811567" lon="114.02325297826273"><ele>196.72690358080874</ele><time>2022-11-05T05:02:48Z</time></trkpt><trkpt lat="22.39292997811506" lon="114.02325650371458"><ele>197.4759710770973</ele><time>2022-11-05T05:02:50Z</time></trkpt><trkpt lat="22.392958569146497" lon="114.02325091881964"><ele>197.79740432257657</ele><time>2022-11-05T05:02:54Z</time></trkpt><trkpt lat="22.39300244757227" lon="114.0232507312421"><ele>197.81262461633023</ele><time>2022-11-05T05:02:58Z</time></trkpt><trkpt lat="22.393021074728452" lon="114.02324656777715"><ele>197.69592723970402</ele><time>2022-11-05T05:03:00Z</time></trkpt><trkpt lat="22.393046511075326" lon="114.02325350988728"><ele>198.5909323004534</ele><time>2022-11-05T05:03:02Z</time></trkpt><trkpt lat="22.393071893013207" lon="114.02324490069209"><ele>198.52824587903987</ele><time>2022-11-05T05:03:06Z</time></trkpt><trkpt lat="22.39308702872358" lon="114.02322671101763"><ele>198.5487040922767</ele><time>2022-11-05T05:03:10Z</time></trkpt><trkpt lat="22.39310569641685" lon="114.02321136574169"><ele>198.9338051154124</ele><time>2022-11-05T05:03:14Z</time></trkpt><trkpt lat="22.393128091079248" lon="114.02318158910147"><ele>198.67068853301322</ele><time>2022-11-05T05:03:18Z</time></trkpt><trkpt lat="22.393145314246784" lon="114.02317306292775"><ele>198.54156839965867</ele><time>2022-11-05T05:03:20Z</time></trkpt><trkpt lat="22.393185572691902" lon="114.02315447290742"><ele>198.29546168278935</ele><time>2022-11-05T05:03:22Z</time></trkpt><trkpt lat="22.393206020204907" lon="114.02314891895622"><ele>197.51111538226579</ele><time>2022-11-05T05:03:24Z</time></trkpt><trkpt lat="22.393224355036395" lon="114.02314312861449"><ele>197.68802281575316</ele><time>2022-11-05T05:03:28Z</time></trkpt><trkpt lat="22.393251656361095" lon="114.02315578377768"><ele>197.89856357975046</ele><time>2022-11-05T05:03:32Z</time></trkpt><trkpt lat="22.393295724027976" lon="114.02317350973244"><ele>197.62350643194918</ele><time>2022-11-05T05:03:36Z</time></trkpt><trkpt lat="22.39331761347352" lon="114.0231828666991"><ele>197.30252966265732</ele><time>2022-11-05T05:03:38Z</time></trkpt><trkpt lat="22.39333909212013" lon="114.0232049185883"><ele>197.2732809480911</ele><time>2022-11-05T05:03:40Z</time></trkpt><trkpt lat="22.393361976547244" lon="114.02322527765217"><ele>197.1085206978326</ele><time>2022-11-05T05:03:44Z</time></trkpt><trkpt lat="22.393351796592924" lon="114.02325800326831"><ele>196.9989005310528</ele><time>2022-11-05T05:03:48Z</time></trkpt><trkpt lat="22.393341876415022" lon="114.02327888782114"><ele>196.92934855225317</ele><time>2022-11-05T05:03:50Z</time></trkpt><trkpt lat="22.393331365729516" lon="114.02330106572819"><ele>196.71386889414333</ele><time>2022-11-05T05:03:52Z</time></trkpt><trkpt lat="22.393323369039514" lon="114.02331878728185"><ele>196.45599593075974</ele><time>2022-11-05T05:03:54Z</time></trkpt><trkpt lat="22.393316292564784" lon="114.02333714743051"><ele>196.06715425337566</ele><time>2022-11-05T05:03:56Z</time></trkpt><trkpt lat="22.39330430794777" lon="114.02339726131176"><ele>196.73435318491082</ele><time>2022-11-05T05:04:00Z</time></trkpt><trkpt lat="22.39332422938413" lon="114.02341223452"><ele>196.02873369296876</ele><time>2022-11-05T05:04:02Z</time></trkpt><trkpt lat="22.393339190514272" lon="114.02343213149895"><ele>196.07679152504195</ele><time>2022-11-05T05:04:06Z</time></trkpt><trkpt lat="22.393333482930167" lon="114.02345091535143"><ele>195.78452846733407</ele><time>2022-11-05T05:04:10Z</time></trkpt><trkpt lat="22.39332598236869" lon="114.02347776002887"><ele>195.09223797670114</ele><time>2022-11-05T05:04:14Z</time></trkpt><trkpt lat="22.393312276581003" lon="114.02352710074017"><ele>194.34356093540134</ele><time>2022-11-05T05:04:18Z</time></trkpt><trkpt lat="22.393286480600377" lon="114.0235487461637"><ele>194.19609523660722</ele><time>2022-11-05T05:04:22Z</time></trkpt><trkpt lat="22.393269405016845" lon="114.02356012974843"><ele>194.39122844030763</ele><time>2022-11-05T05:04:24Z</time></trkpt><trkpt lat="22.393253948816387" lon="114.0235772383626"><ele>195.4246144942613</ele><time>2022-11-05T05:04:26Z</time></trkpt><trkpt lat="22.393232883427995" lon="114.02357325436142"><ele>196.24756669886364</ele><time>2022-11-05T05:04:28Z</time></trkpt><trkpt lat="22.393211108934846" lon="114.02356713432447"><ele>196.63824026963837</ele><time>2022-11-05T05:04:30Z</time></trkpt><trkpt lat="22.39317053067868" lon="114.02356507522025"><ele>196.70314033581442</ele><time>2022-11-05T05:04:34Z</time></trkpt><trkpt lat="22.393146363471285" lon="114.02355506474895"><ele>200.4581170637617</ele><time>2022-11-05T05:04:40Z</time></trkpt><trkpt lat="22.393105806139626" lon="114.02357029661499"><ele>199.24447378430276</ele><time>2022-11-05T05:04:42Z</time></trkpt><trkpt lat="22.393091038718843" lon="114.02358203232221"><ele>198.926695695996</ele><time>2022-11-05T05:04:46Z</time></trkpt><trkpt lat="22.393070390263457" lon="114.02358247165112"><ele>199.50094278023255</ele><time>2022-11-05T05:04:50Z</time></trkpt><trkpt lat="22.393036115846403" lon="114.02357944958601"><ele>200.48947159350143</ele><time>2022-11-05T05:04:54Z</time></trkpt><trkpt lat="22.393007855716633" lon="114.02358679059505"><ele>200.91696291489487</ele><time>2022-11-05T05:04:58Z</time></trkpt><trkpt lat="22.392989496737453" lon="114.02358510426606"><ele>201.061564732097</ele><time>2022-11-05T05:05:02Z</time></trkpt><trkpt lat="22.392971159010422" lon="114.0235715166122"><ele>201.45205783885856</ele><time>2022-11-05T05:05:06Z</time></trkpt><trkpt lat="22.392931063871995" lon="114.02357159618604"><ele>202.09563386875922</ele><time>2022-11-05T05:05:10Z</time></trkpt><trkpt lat="22.392895113195173" lon="114.02358191534186"><ele>203.283791533265</ele><time>2022-11-05T05:05:14Z</time></trkpt><trkpt lat="22.392868111204752" lon="114.02359068944642"><ele>204.1431417908959</ele><time>2022-11-05T05:05:18Z</time></trkpt><trkpt lat="22.3928413200651" lon="114.02360130444255"><ele>204.7305240132453</ele><time>2022-11-05T05:05:22Z</time></trkpt><trkpt lat="22.39281240645124" lon="114.02360985054887"><ele>206.36423244320548</ele><time>2022-11-05T05:05:26Z</time></trkpt><trkpt lat="22.392786113980648" lon="114.0236227757823"><ele>208.8215559140102</ele><time>2022-11-05T05:05:30Z</time></trkpt><trkpt lat="22.39277148807402" lon="114.02363579184826"><ele>209.6871737372216</ele><time>2022-11-05T05:05:32Z</time></trkpt><trkpt lat="22.39275342461555" lon="114.02365624292662"><ele>210.89664765189815</ele><time>2022-11-05T05:05:36Z</time></trkpt><trkpt lat="22.392737085171362" lon="114.02367479514005"><ele>211.40277253662867</ele><time>2022-11-05T05:05:40Z</time></trkpt><trkpt lat="22.392710667779685" lon="114.02368855368496"><ele>212.0366770110764</ele><time>2022-11-05T05:05:44Z</time></trkpt><trkpt lat="22.392696945372453" lon="114.02370857355301"><ele>212.443009498026</ele><time>2022-11-05T05:05:48Z</time></trkpt><trkpt lat="22.3926880545848" lon="114.02373867981684"><ele>212.00547129604172</ele><time>2022-11-05T05:05:52Z</time></trkpt><trkpt lat="22.39267596195209" lon="114.02376178195952"><ele>212.3892250045185</ele><time>2022-11-05T05:05:58Z</time></trkpt><trkpt lat="22.392676315124792" lon="114.02378905820025"><ele>212.03916962429736</ele><time>2022-11-05T05:06:02Z</time></trkpt><trkpt lat="22.392685367825464" lon="114.02383727421183"><ele>211.67916811417047</ele><time>2022-11-05T05:06:06Z</time></trkpt><trkpt lat="22.392694473094863" lon="114.02386251598848"><ele>211.61258150248878</ele><time>2022-11-05T05:06:08Z</time></trkpt><trkpt lat="22.392705407161888" lon="114.02388760925102"><ele>211.35836323146472</ele><time>2022-11-05T05:06:10Z</time></trkpt><trkpt lat="22.39271555599062" lon="114.02390995983569"><ele>211.49704093210445</ele><time>2022-11-05T05:06:12Z</time></trkpt><trkpt lat="22.392723642637034" lon="114.02393022017921"><ele>211.55276720943144</ele><time>2022-11-05T05:06:14Z</time></trkpt><trkpt lat="22.392726904072042" lon="114.02396556714106"><ele>211.2753044145015</ele><time>2022-11-05T05:06:18Z</time></trkpt><trkpt lat="22.392731229382132" lon="114.02399167085085"><ele>211.64943135498538</ele><time>2022-11-05T05:06:22Z</time></trkpt><trkpt lat="22.392731097995842" lon="114.02401968049219"><ele>211.67979873744193</ele><time>2022-11-05T05:06:26Z</time></trkpt><trkpt lat="22.392731628514735" lon="114.02404699588232"><ele>211.81313280643397</ele><time>2022-11-05T05:06:30Z</time></trkpt><trkpt lat="22.392736343411322" lon="114.0240713312242"><ele>212.6814905793232</ele><time>2022-11-05T05:06:36Z</time></trkpt><trkpt lat="22.392727668212057" lon="114.02410585155498"><ele>214.37427900322785</ele><time>2022-11-05T05:06:40Z</time></trkpt><trkpt lat="22.392713398765856" lon="114.0241223031511"><ele>214.6930305432723</ele><time>2022-11-05T05:06:44Z</time></trkpt><trkpt lat="22.392682386614997" lon="114.02414426738372"><ele>215.17379258792843</ele><time>2022-11-05T05:06:48Z</time></trkpt><trkpt lat="22.3926459309845" lon="114.02415667828984"><ele>216.1266881580827</ele><time>2022-11-05T05:06:52Z</time></trkpt><trkpt lat="22.39262574150465" lon="114.02415674287796"><ele>216.46565418051068</ele><time>2022-11-05T05:06:54Z</time></trkpt><trkpt lat="22.39260398275665" lon="114.02415993245629"><ele>216.89705129652384</ele><time>2022-11-05T05:06:56Z</time></trkpt><trkpt lat="22.39256949306273" lon="114.02417359310955"><ele>218.3875887725561</ele><time>2022-11-05T05:07:00Z</time></trkpt><trkpt lat="22.39254773695178" lon="114.02417749084373"><ele>220.11297985173988</ele><time>2022-11-05T05:07:04Z</time></trkpt><trkpt lat="22.39253106474981" lon="114.02418657665957"><ele>220.160239044885</ele><time>2022-11-05T05:07:06Z</time></trkpt><trkpt lat="22.39250773955125" lon="114.02422030717698"><ele>219.9547876087291</ele><time>2022-11-05T05:07:10Z</time></trkpt><trkpt lat="22.39249825406264" lon="114.02423778442976"><ele>219.97047210474145</ele><time>2022-11-05T05:07:12Z</time></trkpt><trkpt lat="22.3924865983116" lon="114.0242705246193"><ele>220.14898356456</ele><time>2022-11-05T05:07:16Z</time></trkpt><trkpt lat="22.392476440970405" lon="114.02430145761569"><ele>219.75264838894392</ele><time>2022-11-05T05:07:20Z</time></trkpt><trkpt lat="22.392469073916484" lon="114.02433084976566"><ele>218.6009528739573</ele><time>2022-11-05T05:07:24Z</time></trkpt><trkpt lat="22.392471076913534" lon="114.02436284358237"><ele>217.7943288129351</ele><time>2022-11-05T05:07:28Z</time></trkpt><trkpt lat="22.392472770755113" lon="114.02439564876113"><ele>217.2703080920361</ele><time>2022-11-05T05:07:32Z</time></trkpt><trkpt lat="22.392462742549842" lon="114.02442103342138"><ele>217.17369820256587</ele><time>2022-11-05T05:07:36Z</time></trkpt><trkpt lat="22.392449121021023" lon="114.02443390665822"><ele>217.7336786690183</ele><time>2022-11-05T05:07:40Z</time></trkpt><trkpt lat="22.392426795727403" lon="114.02443442175348"><ele>217.50321812521418</ele><time>2022-11-05T05:07:44Z</time></trkpt><trkpt lat="22.392406084027535" lon="114.02444776798353"><ele>217.4461841429399</ele><time>2022-11-05T05:07:48Z</time></trkpt><trkpt lat="22.392401197560826" lon="114.02447718694754"><ele>217.36295294283838</ele><time>2022-11-05T05:07:54Z</time></trkpt><trkpt lat="22.39238282975732" lon="114.02448865458655"><ele>216.77872407196315</ele><time>2022-11-05T05:07:58Z</time></trkpt><trkpt lat="22.392357498762728" lon="114.02449408526707"><ele>217.92188185888702</ele><time>2022-11-05T05:08:02Z</time></trkpt><trkpt lat="22.392334398273412" lon="114.02450342862572"><ele>218.7047675325323</ele><time>2022-11-05T05:08:06Z</time></trkpt><trkpt lat="22.39231362117845" lon="114.0245076051167"><ele>219.31618729928138</ele><time>2022-11-05T05:08:10Z</time></trkpt><trkpt lat="22.392292496576186" lon="114.02450965225214"><ele>220.48540808508318</ele><time>2022-11-05T05:08:14Z</time></trkpt><trkpt lat="22.39228038409271" lon="114.02452466561817"><ele>220.86433222974426</ele><time>2022-11-05T05:08:18Z</time></trkpt><trkpt lat="22.392262880098315" lon="114.02454631710106"><ele>221.72556929431414</ele><time>2022-11-05T05:08:24Z</time></trkpt><trkpt lat="22.392250331321417" lon="114.02456276448996"><ele>223.73946091668168</ele><time>2022-11-05T05:08:44Z</time></trkpt><trkpt lat="22.392236080138026" lon="114.02457486774108"><ele>224.42636552786976</ele><time>2022-11-05T05:08:46Z</time></trkpt><trkpt lat="22.392214805043782" lon="114.02456871922126"><ele>225.2166408153481</ele><time>2022-11-05T05:08:48Z</time></trkpt><trkpt lat="22.392193129533503" lon="114.02455504802613"><ele>225.5692744270216</ele><time>2022-11-05T05:08:50Z</time></trkpt><trkpt lat="22.392172530839197" lon="114.02454538140579"><ele>225.6655157375614</ele><time>2022-11-05T05:08:52Z</time></trkpt><trkpt lat="22.392151303659983" lon="114.02453737024199"><ele>225.68798523922837</ele><time>2022-11-05T05:08:54Z</time></trkpt><trkpt lat="22.39213554215637" lon="114.02454925424398"><ele>225.90062669797962</ele><time>2022-11-05T05:08:56Z</time></trkpt><trkpt lat="22.392116971020126" lon="114.02456356625895"><ele>226.15657226770384</ele><time>2022-11-05T05:08:58Z</time></trkpt><trkpt lat="22.392093531726996" lon="114.02456940100039"><ele>226.39384239277825</ele><time>2022-11-05T05:09:00Z</time></trkpt><trkpt lat="22.392071534764636" lon="114.02457717181603"><ele>226.53489056242296</ele><time>2022-11-05T05:09:02Z</time></trkpt><trkpt lat="22.39204378686689" lon="114.02457283310528"><ele>227.33262095476817</ele><time>2022-11-05T05:09:06Z</time></trkpt><trkpt lat="22.392020664879023" lon="114.02457769048999"><ele>227.97062090896324</ele><time>2022-11-05T05:09:10Z</time></trkpt><trkpt lat="22.391994904647166" lon="114.02459090104635"><ele>228.22136583411063</ele><time>2022-11-05T05:09:14Z</time></trkpt><trkpt lat="22.39197687514296" lon="114.02462022793438"><ele>228.43734565282128</ele><time>2022-11-05T05:09:18Z</time></trkpt><trkpt lat="22.391964635737505" lon="114.02463768282117"><ele>228.67268675064264</ele><time>2022-11-05T05:09:20Z</time></trkpt><trkpt lat="22.391940207374073" lon="114.02465964940016"><ele>229.29314034549557</ele><time>2022-11-05T05:09:24Z</time></trkpt><trkpt lat="22.391916892613605" lon="114.02467590783166"><ele>230.28194452390343</ele><time>2022-11-05T05:09:28Z</time></trkpt><trkpt lat="22.391898743104743" lon="114.02467966925849"><ele>231.45057637552821</ele><time>2022-11-05T05:09:32Z</time></trkpt><trkpt lat="22.391875186226805" lon="114.02468280223397"><ele>232.02623838935835</ele><time>2022-11-05T05:09:34Z</time></trkpt><trkpt lat="22.391848527307868" lon="114.02468467297331"><ele>232.14199539776362</ele><time>2022-11-05T05:09:36Z</time></trkpt><trkpt lat="22.391828513697966" lon="114.02468510949278"><ele>232.31308914893694</ele><time>2022-11-05T05:09:38Z</time></trkpt><trkpt lat="22.391795320127727" lon="114.02469354065235"><ele>232.75735664789286</ele><time>2022-11-05T05:09:42Z</time></trkpt><trkpt lat="22.39177414970201" lon="114.02470345671242"><ele>232.62102328282768</ele><time>2022-11-05T05:09:44Z</time></trkpt><trkpt lat="22.391756539880163" lon="114.0247141619581"><ele>232.5882514607316</ele><time>2022-11-05T05:09:46Z</time></trkpt><trkpt lat="22.391729830130252" lon="114.02472393035839"><ele>233.23472644779207</ele><time>2022-11-05T05:09:50Z</time></trkpt><trkpt lat="22.391694566119156" lon="114.0247210985467"><ele>233.7780515183942</ele><time>2022-11-05T05:09:54Z</time></trkpt><trkpt lat="22.391674876019533" lon="114.024712747186"><ele>233.7107411028462</ele><time>2022-11-05T05:09:56Z</time></trkpt><trkpt lat="22.39165883242068" lon="114.02470048642778"><ele>233.78914213466743</ele><time>2022-11-05T05:09:58Z</time></trkpt><trkpt lat="22.39163874860964" lon="114.02467659310203"><ele>234.79605085951837</ele><time>2022-11-05T05:10:02Z</time></trkpt><trkpt lat="22.391621415927304" lon="114.02464318927737"><ele>236.44883829958607</ele><time>2022-11-05T05:10:06Z</time></trkpt><trkpt lat="22.391608521195185" lon="114.02462807196895"><ele>236.73658839413037</ele><time>2022-11-05T05:10:08Z</time></trkpt><trkpt lat="22.39159852698976" lon="114.02461087380789"><ele>237.2686174224659</ele><time>2022-11-05T05:10:10Z</time></trkpt><trkpt lat="22.391584419629936" lon="114.02459825897833"><ele>237.58383304615086</ele><time>2022-11-05T05:10:12Z</time></trkpt><trkpt lat="22.391568753477706" lon="114.02458760058641"><ele>237.87632963390453</ele><time>2022-11-05T05:10:14Z</time></trkpt><trkpt lat="22.391557410738514" lon="114.02457100432527"><ele>238.1548134151644</ele><time>2022-11-05T05:10:16Z</time></trkpt><trkpt lat="22.39154688841091" lon="114.0245522965682"><ele>240.03953909603555</ele><time>2022-11-05T05:10:22Z</time></trkpt><trkpt lat="22.39154194174469" lon="114.02452310108671"><ele>241.50678680119393</ele><time>2022-11-05T05:10:26Z</time></trkpt><trkpt lat="22.39154490537565" lon="114.02450093049283"><ele>241.73514265114503</ele><time>2022-11-05T05:10:28Z</time></trkpt><trkpt lat="22.39154822227211" lon="114.0244804103272"><ele>241.66034749793326</ele><time>2022-11-05T05:10:30Z</time></trkpt><trkpt lat="22.391528657549408" lon="114.02444362870295"><ele>241.71033158350764</ele><time>2022-11-05T05:10:34Z</time></trkpt><trkpt lat="22.391522499469602" lon="114.02441862008841"><ele>241.89357384625356</ele><time>2022-11-05T05:10:36Z</time></trkpt><trkpt lat="22.39150835673439" lon="114.02439629428149"><ele>242.12990062135933</ele><time>2022-11-05T05:10:38Z</time></trkpt><trkpt lat="22.391495991891396" lon="114.02437553682535"><ele>242.02335399942794</ele><time>2022-11-05T05:10:40Z</time></trkpt><trkpt lat="22.39147901552514" lon="114.02436019550571"><ele>241.8464665905625</ele><time>2022-11-05T05:10:42Z</time></trkpt><trkpt lat="22.391458683193527" lon="114.02435023687399"><ele>241.77000153870068</ele><time>2022-11-05T05:10:44Z</time></trkpt><trkpt lat="22.391437814805762" lon="114.02434883658648"><ele>241.83661196744774</ele><time>2022-11-05T05:10:46Z</time></trkpt><trkpt lat="22.391419787620737" lon="114.02436012898946"><ele>241.64556558009554</ele><time>2022-11-05T05:10:48Z</time></trkpt><trkpt lat="22.391399817726114" lon="114.02436520411588"><ele>241.65115231203293</ele><time>2022-11-05T05:10:50Z</time></trkpt><trkpt lat="22.391388027465815" lon="114.0243399618609"><ele>242.52858899714818</ele><time>2022-11-05T05:10:54Z</time></trkpt><trkpt lat="22.391369579817752" lon="114.02432263212357"><ele>242.98904301193048</ele><time>2022-11-05T05:10:58Z</time></trkpt><trkpt lat="22.391354954033165" lon="114.0243026625467"><ele>243.0869688848236</ele><time>2022-11-05T05:11:02Z</time></trkpt><trkpt lat="22.39133301787932" lon="114.02427936649414"><ele>243.18575203622947</ele><time>2022-11-05T05:11:06Z</time></trkpt><trkpt lat="22.391313690432735" lon="114.02426437356837"><ele>243.68179108072596</ele><time>2022-11-05T05:11:10Z</time></trkpt><trkpt lat="22.391303612279117" lon="114.02423601957736"><ele>244.12685180486517</ele><time>2022-11-05T05:11:14Z</time></trkpt><trkpt lat="22.391275477676192" lon="114.02421866033785"><ele>244.4303195483599</ele><time>2022-11-05T05:11:18Z</time></trkpt><trkpt lat="22.391250102627193" lon="114.02420992797464"><ele>245.61539891625856</ele><time>2022-11-05T05:11:22Z</time></trkpt><trkpt lat="22.391225474714084" lon="114.02421037793697"><ele>245.6262754378087</ele><time>2022-11-05T05:11:26Z</time></trkpt><trkpt lat="22.391199039606015" lon="114.02420445848084"><ele>246.50672854236598</ele><time>2022-11-05T05:11:32Z</time></trkpt><trkpt lat="22.39116275278813" lon="114.02420096839961"><ele>247.08811130421796</ele><time>2022-11-05T05:11:36Z</time></trkpt><trkpt lat="22.391139310151786" lon="114.02419672616567"><ele>247.47760249599975</ele><time>2022-11-05T05:11:40Z</time></trkpt><trkpt lat="22.391108439573173" lon="114.0242097566547"><ele>247.6623989166439</ele><time>2022-11-05T05:11:44Z</time></trkpt><trkpt lat="22.391087832917805" lon="114.02421189055863"><ele>247.67253626752174</ele><time>2022-11-05T05:11:46Z</time></trkpt><trkpt lat="22.391061112574036" lon="114.02420625532365"><ele>247.46717688175025</ele><time>2022-11-05T05:11:50Z</time></trkpt><trkpt lat="22.391040631999495" lon="114.02421501687799"><ele>245.53562074528105</ele><time>2022-11-05T05:11:58Z</time></trkpt><trkpt lat="22.391022270508333" lon="114.02422636475433"><ele>244.84089872995264</ele><time>2022-11-05T05:12:04Z</time></trkpt><trkpt lat="22.39099471147188" lon="114.02423061342958"><ele>244.198794410913</ele><time>2022-11-05T05:12:10Z</time></trkpt><trkpt lat="22.39097445420042" lon="114.02422642362491"><ele>243.2845061286861</ele><time>2022-11-05T05:12:16Z</time></trkpt><trkpt lat="22.390997281917098" lon="114.02422188021302"><ele>242.70447984918252</ele><time>2022-11-05T05:13:00Z</time></trkpt><trkpt lat="22.391022963438587" lon="114.0242256304792"><ele>242.2477662905564</ele><time>2022-11-05T05:13:02Z</time></trkpt><trkpt lat="22.39104422153899" lon="114.02419894009516"><ele>240.07621914988755</ele><time>2022-11-05T05:13:10Z</time></trkpt><trkpt lat="22.39107425168201" lon="114.02418871207152"><ele>239.30868242393132</ele><time>2022-11-05T05:13:14Z</time></trkpt><trkpt lat="22.391099355044325" lon="114.02418615948065"><ele>238.75357207492402</ele><time>2022-11-05T05:13:18Z</time></trkpt><trkpt lat="22.391127118384016" lon="114.0241778118338"><ele>238.44030841695823</ele><time>2022-11-05T05:13:22Z</time></trkpt><trkpt lat="22.391154356667826" lon="114.02416257405771"><ele>237.88998778416777</ele><time>2022-11-05T05:14:32Z</time></trkpt><trkpt lat="22.391173644499442" lon="114.02415760856117"><ele>237.53381620103661</ele><time>2022-11-05T05:14:36Z</time></trkpt><trkpt lat="22.391191267347757" lon="114.02417074376436"><ele>236.93877618114166</ele><time>2022-11-05T05:14:38Z</time></trkpt><trkpt lat="22.391212272408517" lon="114.02417488867127"><ele>236.98234862815832</ele><time>2022-11-05T05:14:42Z</time></trkpt><trkpt lat="22.391233940284057" lon="114.02417634510138"><ele>236.85761001455623</ele><time>2022-11-05T05:14:46Z</time></trkpt><trkpt lat="22.391264330597533" lon="114.02418685815336"><ele>236.68387537204143</ele><time>2022-11-05T05:14:50Z</time></trkpt><trkpt lat="22.39129216867139" lon="114.02419718787253"><ele>236.85094338091164</ele><time>2022-11-05T05:14:54Z</time></trkpt><trkpt lat="22.391316258343394" lon="114.02420471235132"><ele>237.15821823400537</ele><time>2022-11-05T05:14:58Z</time></trkpt><trkpt lat="22.39133121737082" lon="114.02422589156252"><ele>236.7098078538359</ele><time>2022-11-05T05:15:02Z</time></trkpt><trkpt lat="22.391326398807468" lon="114.02424534931488"><ele>236.13167870208508</ele><time>2022-11-05T05:15:06Z</time></trkpt><trkpt lat="22.391337022384572" lon="114.02426660331886"><ele>236.07089306635297</ele><time>2022-11-05T05:15:10Z</time></trkpt><trkpt lat="22.391328827273888" lon="114.02428412400582"><ele>237.0169294185757</ele><time>2022-11-05T05:15:16Z</time></trkpt><trkpt lat="22.39136027138603" lon="114.02428527717464"><ele>238.4409557710072</ele><time>2022-11-05T05:15:30Z</time></trkpt><trkpt lat="22.391372474794792" lon="114.02429983718405"><ele>238.1379306363963</ele><time>2022-11-05T05:15:34Z</time></trkpt><trkpt lat="22.391388822039595" lon="114.02431008097255"><ele>238.1610576043903</ele><time>2022-11-05T05:15:36Z</time></trkpt><trkpt lat="22.39141059063521" lon="114.02433516463167"><ele>234.76922128825146</ele><time>2022-11-05T05:15:40Z</time></trkpt><trkpt lat="22.39142233718218" lon="114.02435087340548"><ele>234.00386362206174</ele><time>2022-11-05T05:15:44Z</time></trkpt><trkpt lat="22.39145505132612" lon="114.02433266639466"><ele>233.41526765343042</ele><time>2022-11-05T05:15:48Z</time></trkpt><trkpt lat="22.391476367311252" lon="114.02432570165725"><ele>233.2614720915249</ele><time>2022-11-05T05:15:50Z</time></trkpt><trkpt lat="22.39149483224472" lon="114.02433021336915"><ele>233.28334741867843</ele><time>2022-11-05T05:15:52Z</time></trkpt><trkpt lat="22.391504925399854" lon="114.02435870233865"><ele>233.8266355896753</ele><time>2022-11-05T05:15:54Z</time></trkpt><trkpt lat="22.391507745014234" lon="114.0243826929619"><ele>235.51176911533653</ele><time>2022-11-05T05:15:56Z</time></trkpt><trkpt lat="22.39150700863789" lon="114.02440264516088"><ele>236.062219073716</ele><time>2022-11-05T05:16:00Z</time></trkpt><trkpt lat="22.391519491459356" lon="114.02442612824753"><ele>235.6391278099595</ele><time>2022-11-05T05:16:04Z</time></trkpt><trkpt lat="22.3915465815613" lon="114.02445928770781"><ele>233.1175862484286</ele><time>2022-11-05T05:16:08Z</time></trkpt><trkpt lat="22.39155106021029" lon="114.02448775648861"><ele>231.39344739261128</ele><time>2022-11-05T05:16:10Z</time></trkpt><trkpt lat="22.391561103455818" lon="114.02451095577972"><ele>229.72066607775403</ele><time>2022-11-05T05:16:12Z</time></trkpt><trkpt lat="22.391579576408354" lon="114.02452585953846"><ele>230.83136928824854</ele><time>2022-11-05T05:16:18Z</time></trkpt><trkpt lat="22.39158488065123" lon="114.02454479544896"><ele>230.9189048705946</ele><time>2022-11-05T05:16:20Z</time></trkpt><trkpt lat="22.3915985178343" lon="114.0245742072994"><ele>230.8104385304318</ele><time>2022-11-05T05:16:22Z</time></trkpt><trkpt lat="22.391621807962334" lon="114.02460192700468"><ele>230.6437789683191</ele><time>2022-11-05T05:16:26Z</time></trkpt><trkpt lat="22.391639140622857" lon="114.02463214521514"><ele>230.5806942323855</ele><time>2022-11-05T05:16:30Z</time></trkpt><trkpt lat="22.3916591351445" lon="114.02466629036546"><ele>230.45785675964183</ele><time>2022-11-05T05:16:34Z</time></trkpt><trkpt lat="22.391671675653654" lon="114.02468412971697"><ele>230.3243021540839</ele><time>2022-11-05T05:16:36Z</time></trkpt><trkpt lat="22.391688827397417" lon="114.02469915791163"><ele>230.13066713000268</ele><time>2022-11-05T05:16:38Z</time></trkpt><trkpt lat="22.391721004233062" lon="114.02470578568922"><ele>230.18400307812982</ele><time>2022-11-05T05:16:42Z</time></trkpt><trkpt lat="22.39175579882966" lon="114.0246975524687"><ele>230.3163924898192</ele><time>2022-11-05T05:16:46Z</time></trkpt><trkpt lat="22.39178590138201" lon="114.02469054161826"><ele>230.0978558690761</ele><time>2022-11-05T05:16:50Z</time></trkpt><trkpt lat="22.391815102233167" lon="114.02467592826929"><ele>229.75958874847967</ele><time>2022-11-05T05:16:54Z</time></trkpt><trkpt lat="22.39183757872504" lon="114.02465488970874"><ele>229.96763207062924</ele><time>2022-11-05T05:16:58Z</time></trkpt><trkpt lat="22.391864225965076" lon="114.02464441155067"><ele>231.97714710254292</ele><time>2022-11-05T05:17:02Z</time></trkpt><trkpt lat="22.391884641385143" lon="114.02463902796181"><ele>233.63852913193867</ele><time>2022-11-05T05:17:04Z</time></trkpt><trkpt lat="22.391903099581175" lon="114.02464210860042"><ele>233.66896794260293</ele><time>2022-11-05T05:17:08Z</time></trkpt><trkpt lat="22.39192556131583" lon="114.0246268704671"><ele>234.23269394044326</ele><time>2022-11-05T05:17:14Z</time></trkpt><trkpt lat="22.391958003792993" lon="114.02462032848601"><ele>234.2570959563874</ele><time>2022-11-05T05:17:18Z</time></trkpt><trkpt lat="22.391982989911572" lon="114.02461188770367"><ele>234.5961504458782</ele><time>2022-11-05T05:17:22Z</time></trkpt><trkpt lat="22.3920044090711" lon="114.02460567256676"><ele>234.56269956463134</ele><time>2022-11-05T05:17:26Z</time></trkpt><trkpt lat="22.392016659446806" lon="114.02457607652241"><ele>234.466256589937</ele><time>2022-11-05T05:17:32Z</time></trkpt><trkpt lat="22.3920314672323" lon="114.02456391139904"><ele>234.27684958199777</ele><time>2022-11-05T05:17:34Z</time></trkpt><trkpt lat="22.392048717337047" lon="114.02455786660882"><ele>234.08010608583018</ele><time>2022-11-05T05:17:36Z</time></trkpt><trkpt lat="22.392070444269073" lon="114.0245580350291"><ele>232.6342842082835</ele><time>2022-11-05T05:17:40Z</time></trkpt><trkpt lat="22.39208929304678" lon="114.02456248791309"><ele>231.63662358892242</ele><time>2022-11-05T05:17:44Z</time></trkpt><trkpt lat="22.392115921349262" lon="114.02456415846076"><ele>231.64696800620652</ele><time>2022-11-05T05:17:48Z</time></trkpt><trkpt lat="22.392141180416324" lon="114.02455995461742"><ele>231.39127450950852</ele><time>2022-11-05T05:17:52Z</time></trkpt><trkpt lat="22.392165743753004" lon="114.02454900988678"><ele>231.30453689026382</ele><time>2022-11-05T05:17:56Z</time></trkpt><trkpt lat="22.392200683645832" lon="114.02456200647866"><ele>230.44459987667483</ele><time>2022-11-05T05:18:00Z</time></trkpt><trkpt lat="22.392218846587117" lon="114.02456985174659"><ele>230.3573019595828</ele><time>2022-11-05T05:18:02Z</time></trkpt><trkpt lat="22.392245256519978" lon="114.02458497948388"><ele>229.54273652295504</ele><time>2022-11-05T05:18:04Z</time></trkpt><trkpt lat="22.392258433347777" lon="114.02456899847354"><ele>230.4960919813363</ele><time>2022-11-05T05:18:08Z</time></trkpt><trkpt lat="22.392263406288606" lon="114.02454616869598"><ele>229.71366150775924</ele><time>2022-11-05T05:18:10Z</time></trkpt><trkpt lat="22.39228149873457" lon="114.02452970760312"><ele>229.58935998131707</ele><time>2022-11-05T05:18:16Z</time></trkpt><trkpt lat="22.39229582686231" lon="114.02451408635785"><ele>229.1979570454025</ele><time>2022-11-05T05:18:22Z</time></trkpt><trkpt lat="22.392320569918088" lon="114.02449723661078"><ele>228.7513931292912</ele><time>2022-11-05T05:18:28Z</time></trkpt><trkpt lat="22.392341707782556" lon="114.02449092759696"><ele>228.38159207382628</ele><time>2022-11-05T05:18:38Z</time></trkpt><trkpt lat="22.392363312623353" lon="114.02447918391768"><ele>227.7186868984288</ele><time>2022-11-05T05:18:48Z</time></trkpt><trkpt lat="22.392381083797233" lon="114.02446191561593"><ele>226.5173102399352</ele><time>2022-11-05T05:18:54Z</time></trkpt><trkpt lat="22.392397973926812" lon="114.02443837281211"><ele>225.40043757815306</ele><time>2022-11-05T05:18:56Z</time></trkpt><trkpt lat="22.392398457666136" lon="114.024418363071"><ele>225.20214301408072</ele><time>2022-11-05T05:19:02Z</time></trkpt><trkpt lat="22.392427906561743" lon="114.02440500790217"><ele>221.75738080828452</ele><time>2022-11-05T05:19:10Z</time></trkpt><trkpt lat="22.39244389125809" lon="114.02439379223111"><ele>221.05509284330444</ele><time>2022-11-05T05:19:12Z</time></trkpt><trkpt lat="22.392474718717544" lon="114.02438548855307"><ele>219.69324218455154</ele><time>2022-11-05T05:19:18Z</time></trkpt><trkpt lat="22.392462579981295" lon="114.02440332756153"><ele>220.11107471833668</ele><time>2022-11-05T05:19:42Z</time></trkpt><trkpt lat="22.392440552547757" lon="114.02436552047827"><ele>221.2705182131232</ele><time>2022-11-05T05:19:50Z</time></trkpt><trkpt lat="22.392450785953333" lon="114.0243127512144"><ele>220.10097691581845</ele><time>2022-11-05T05:19:52Z</time></trkpt><trkpt lat="22.392455451223412" lon="114.02428745369697"><ele>220.03189528513218</ele><time>2022-11-05T05:19:54Z</time></trkpt><trkpt lat="22.39246324674357" lon="114.02426646528919"><ele>220.7059031018472</ele><time>2022-11-05T05:19:58Z</time></trkpt><trkpt lat="22.39248176278617" lon="114.02425437939188"><ele>221.02961041925874</ele><time>2022-11-05T05:20:00Z</time></trkpt><trkpt lat="22.392488539188623" lon="114.02423069083812"><ele>221.56352405813297</ele><time>2022-11-05T05:20:02Z</time></trkpt><trkpt lat="22.392488661133775" lon="114.02420953314481"><ele>220.52470534776987</ele><time>2022-11-05T05:20:12Z</time></trkpt><trkpt lat="22.39249682665638" lon="114.02417929094301"><ele>220.80775429083707</ele><time>2022-11-05T05:20:16Z</time></trkpt><trkpt lat="22.392510952871415" lon="114.0241640058455"><ele>220.5978186788126</ele><time>2022-11-05T05:20:18Z</time></trkpt><trkpt lat="22.392537995962346" lon="114.0241600641017"><ele>220.33307655948167</ele><time>2022-11-05T05:20:20Z</time></trkpt><trkpt lat="22.392559984209402" lon="114.02415357502665"><ele>219.84930894867927</ele><time>2022-11-05T05:20:22Z</time></trkpt><trkpt lat="22.392601710771917" lon="114.02413662311723"><ele>218.93030065598967</ele><time>2022-11-05T05:20:24Z</time></trkpt><trkpt lat="22.392626656095388" lon="114.02412984452288"><ele>218.9941874251724</ele><time>2022-11-05T05:20:26Z</time></trkpt><trkpt lat="22.392645387759462" lon="114.02412612120878"><ele>218.91127312398277</ele><time>2022-11-05T05:20:28Z</time></trkpt><trkpt lat="22.39266390618945" lon="114.02412258021644"><ele>218.7888736979645</ele><time>2022-11-05T05:20:30Z</time></trkpt><trkpt lat="22.39268883418944" lon="114.02411643013683"><ele>218.45443875426983</ele><time>2022-11-05T05:20:34Z</time></trkpt><trkpt lat="22.392708764897133" lon="114.02409198916995"><ele>218.4760943498625</ele><time>2022-11-05T05:20:40Z</time></trkpt><trkpt lat="22.39272553826054" lon="114.02406216282873"><ele>219.45300789139216</ele><time>2022-11-05T05:20:44Z</time></trkpt><trkpt lat="22.392733159637952" lon="114.02404167240834"><ele>219.47364125654963</ele><time>2022-11-05T05:20:48Z</time></trkpt><trkpt lat="22.39272656421012" lon="114.02402108729213"><ele>219.32163068805673</ele><time>2022-11-05T05:20:50Z</time></trkpt><trkpt lat="22.392719890836275" lon="114.02399213201988"><ele>219.1529842313595</ele><time>2022-11-05T05:20:52Z</time></trkpt><trkpt lat="22.392716373720482" lon="114.02396750671342"><ele>219.27546366227375</ele><time>2022-11-05T05:20:54Z</time></trkpt><trkpt lat="22.392695328234527" lon="114.02393706246286"><ele>219.47048635859096</ele><time>2022-11-05T05:20:58Z</time></trkpt><trkpt lat="22.392680737372007" lon="114.02391994670816"><ele>219.70794278167799</ele><time>2022-11-05T05:21:00Z</time></trkpt><trkpt lat="22.392669078522633" lon="114.02390495947814"><ele>219.99494700004058</ele><time>2022-11-05T05:21:02Z</time></trkpt><trkpt lat="22.392658029015656" lon="114.02387403949758"><ele>220.37961864023046</ele><time>2022-11-05T05:21:06Z</time></trkpt><trkpt lat="22.39265185507065" lon="114.02385049393513"><ele>220.9310922876303</ele><time>2022-11-05T05:21:08Z</time></trkpt><trkpt lat="22.392648612724695" lon="114.02382673547045"><ele>221.41910186706707</ele><time>2022-11-05T05:21:10Z</time></trkpt><trkpt lat="22.392646823842462" lon="114.02380143048978"><ele>221.71905882205166</ele><time>2022-11-05T05:21:12Z</time></trkpt><trkpt lat="22.39264759881368" lon="114.02378110244145"><ele>222.04770510383867</ele><time>2022-11-05T05:21:14Z</time></trkpt><trkpt lat="22.392652960649016" lon="114.02376150377576"><ele>222.45721319496755</ele><time>2022-11-05T05:21:16Z</time></trkpt><trkpt lat="22.392668747807388" lon="114.02373953774163"><ele>222.38243041372408</ele><time>2022-11-05T05:21:20Z</time></trkpt><trkpt lat="22.392681887813055" lon="114.02372608563199"><ele>221.8863680268965</ele><time>2022-11-05T05:21:22Z</time></trkpt><trkpt lat="22.392698985636283" lon="114.0237133305144"><ele>221.5949451014495</ele><time>2022-11-05T05:21:24Z</time></trkpt><trkpt lat="22.392720453117363" lon="114.02369059296649"><ele>220.3815833774299</ele><time>2022-11-05T05:21:28Z</time></trkpt><trkpt lat="22.392748583932054" lon="114.023665162864"><ele>219.5189685499148</ele><time>2022-11-05T05:21:32Z</time></trkpt><trkpt lat="22.392762896361745" lon="114.02364925164697"><ele>219.06273577538374</ele><time>2022-11-05T05:21:34Z</time></trkpt><trkpt lat="22.392770713576077" lon="114.02363109751721"><ele>218.3890666661006</ele><time>2022-11-05T05:21:36Z</time></trkpt><trkpt lat="22.39278438271789" lon="114.0236122123903"><ele>216.71717732663578</ele><time>2022-11-05T05:21:38Z</time></trkpt><trkpt lat="22.392822204352193" lon="114.02358558512098"><ele>219.353109250719</ele><time>2022-11-05T05:21:42Z</time></trkpt><trkpt lat="22.392852412963872" lon="114.02357280528398"><ele>219.37893978046623</ele><time>2022-11-05T05:21:46Z</time></trkpt><trkpt lat="22.39287910223374" lon="114.02356546890965"><ele>218.9902039437394</ele><time>2022-11-05T05:21:50Z</time></trkpt><trkpt lat="22.392899311241568" lon="114.02356467494552"><ele>218.6409617022205</ele><time>2022-11-05T05:21:52Z</time></trkpt><trkpt lat="22.392920748472804" lon="114.02356502152419"><ele>218.57617500442498</ele><time>2022-11-05T05:21:54Z</time></trkpt><trkpt lat="22.392939783406998" lon="114.02356870687383"><ele>218.23478127054577</ele><time>2022-11-05T05:21:56Z</time></trkpt><trkpt lat="22.39296225608179" lon="114.02357252884073"><ele>217.5132021225725</ele><time>2022-11-05T05:21:58Z</time></trkpt><trkpt lat="22.392985227421953" lon="114.02358205377297"><ele>216.99507665500258</ele><time>2022-11-05T05:22:00Z</time></trkpt><trkpt lat="22.393001878314276" lon="114.02359137982744"><ele>216.676584112282</ele><time>2022-11-05T05:22:02Z</time></trkpt><trkpt lat="22.393020555704897" lon="114.02360170636588"><ele>216.48319207126522</ele><time>2022-11-05T05:22:04Z</time></trkpt><trkpt lat="22.393048730472774" lon="114.02361045794882"><ele>215.9682189430147</ele><time>2022-11-05T05:22:08Z</time></trkpt><trkpt lat="22.393067737578722" lon="114.02360828981034"><ele>215.55202391966355</ele><time>2022-11-05T05:22:12Z</time></trkpt><trkpt lat="22.393087772528283" lon="114.02360120121016"><ele>215.1353061246104</ele><time>2022-11-05T05:22:14Z</time></trkpt><trkpt lat="22.393114183487356" lon="114.02359022605417"><ele>213.5284548574541</ele><time>2022-11-05T05:22:18Z</time></trkpt><trkpt lat="22.393171362342663" lon="114.02355891286842"><ele>215.2423530951539</ele><time>2022-11-05T05:22:22Z</time></trkpt><trkpt lat="22.393192675222295" lon="114.02355288755459"><ele>215.26916533026466</ele><time>2022-11-05T05:22:24Z</time></trkpt><trkpt lat="22.393215349523956" lon="114.02355199482587"><ele>215.2326658698017</ele><time>2022-11-05T05:22:28Z</time></trkpt><trkpt lat="22.393238535875213" lon="114.02354944969186"><ele>214.31808119442806</ele><time>2022-11-05T05:22:32Z</time></trkpt><trkpt lat="22.393271057764427" lon="114.02355260115735"><ele>213.17829901332</ele><time>2022-11-05T05:22:36Z</time></trkpt><trkpt lat="22.393289269416357" lon="114.02354766992984"><ele>212.68360401552087</ele><time>2022-11-05T05:22:38Z</time></trkpt><trkpt lat="22.39331264821692" lon="114.02353082175972"><ele>211.17044589820125</ele><time>2022-11-05T05:22:40Z</time></trkpt><trkpt lat="22.39332577318291" lon="114.02351591748177"><ele>210.22335526203224</ele><time>2022-11-05T05:22:42Z</time></trkpt><trkpt lat="22.39332955694426" lon="114.02349310421427"><ele>209.62842336503687</ele><time>2022-11-05T05:22:44Z</time></trkpt><trkpt lat="22.393325326544556" lon="114.02346847983623"><ele>208.9295812078077</ele><time>2022-11-05T05:22:46Z</time></trkpt><trkpt lat="22.393322673034028" lon="114.02342947845393"><ele>208.56395852052296</ele><time>2022-11-05T05:22:50Z</time></trkpt><trkpt lat="22.393314576316058" lon="114.02340821842782"><ele>208.47258756985266</ele><time>2022-11-05T05:22:52Z</time></trkpt><trkpt lat="22.393302032780444" lon="114.02337783416506"><ele>208.32248038559544</ele><time>2022-11-05T05:22:56Z</time></trkpt><trkpt lat="22.393288135793714" lon="114.0233534844317"><ele>208.40028421790768</ele><time>2022-11-05T05:23:00Z</time></trkpt><trkpt lat="22.393288974864124" lon="114.02333392066446"><ele>208.56201818380157</ele><time>2022-11-05T05:23:02Z</time></trkpt><trkpt lat="22.3932953367592" lon="114.02331187610848"><ele>208.71357863885066</ele><time>2022-11-05T05:23:04Z</time></trkpt><trkpt lat="22.393305555240335" lon="114.02329240934453"><ele>208.60836242233248</ele><time>2022-11-05T05:23:06Z</time></trkpt><trkpt lat="22.39331699264013" lon="114.0232706622946"><ele>208.7564302958755</ele><time>2022-11-05T05:23:08Z</time></trkpt><trkpt lat="22.39332862653328" lon="114.02323958690918"><ele>208.46895194401435</ele><time>2022-11-05T05:23:12Z</time></trkpt><trkpt lat="22.393329361956166" lon="114.02320439397404"><ele>207.3370220837076</ele><time>2022-11-05T05:23:16Z</time></trkpt><trkpt lat="22.393294533379844" lon="114.02319639810693"><ele>206.13479272871</ele><time>2022-11-05T05:23:20Z</time></trkpt><trkpt lat="22.39327263151349" lon="114.02319446311562"><ele>205.6486985541635</ele><time>2022-11-05T05:23:22Z</time></trkpt><trkpt lat="22.393249402204543" lon="114.02319710047684"><ele>206.4822077015281</ele><time>2022-11-05T05:23:26Z</time></trkpt><trkpt lat="22.39321645153339" lon="114.02318197178721"><ele>206.79068395658138</ele><time>2022-11-05T05:23:30Z</time></trkpt><trkpt lat="22.39319134498607" lon="114.02318218891216"><ele>207.02784689336522</ele><time>2022-11-05T05:23:34Z</time></trkpt><trkpt lat="22.393172399005685" lon="114.0231912553527"><ele>208.57144836403276</ele><time>2022-11-05T05:23:36Z</time></trkpt><trkpt lat="22.393156851182688" lon="114.02321510278071"><ele>205.92660946419738</ele><time>2022-11-05T05:23:40Z</time></trkpt><trkpt lat="22.393132933962807" lon="114.02323168236967"><ele>203.96562454545082</ele><time>2022-11-05T05:23:44Z</time></trkpt><trkpt lat="22.393107855772897" lon="114.02325704330133"><ele>203.04928452795266</ele><time>2022-11-05T05:23:48Z</time></trkpt><trkpt lat="22.39308065662926" lon="114.02327764028468"><ele>202.11906090448045</ele><time>2022-11-05T05:23:50Z</time></trkpt><trkpt lat="22.39306808966681" lon="114.02329743468601"><ele>200.21966396781707</ele><time>2022-11-05T05:23:52Z</time></trkpt><trkpt lat="22.3930772209282" lon="114.02326529810917"><ele>202.18946575887387</ele><time>2022-11-05T05:24:16Z</time></trkpt><trkpt lat="22.39305934454922" lon="114.02326991739241"><ele>202.09765643696528</ele><time>2022-11-05T05:24:26Z</time></trkpt><trkpt lat="22.393042839582296" lon="114.0232939247339"><ele>207.46123782094216</ele><time>2022-11-05T05:24:30Z</time></trkpt><trkpt lat="22.39301158753769" lon="114.02330394512194"><ele>211.00554334546223</ele><time>2022-11-05T05:24:36Z</time></trkpt><trkpt lat="22.39298563829718" lon="114.02330170595253"><ele>211.84340411423563</ele><time>2022-11-05T05:24:38Z</time></trkpt><trkpt lat="22.392962501444327" lon="114.02329535388019"><ele>212.4893905603075</ele><time>2022-11-05T05:24:40Z</time></trkpt><trkpt lat="22.39294188077727" lon="114.02328618583238"><ele>212.8125774613893</ele><time>2022-11-05T05:24:42Z</time></trkpt><trkpt lat="22.392911867869735" lon="114.02328864309023"><ele>212.51355686994523</ele><time>2022-11-05T05:24:44Z</time></trkpt><trkpt lat="22.392882611686513" lon="114.02329395778148"><ele>212.26283778253395</ele><time>2022-11-05T05:24:46Z</time></trkpt><trkpt lat="22.39285812200281" lon="114.02329395284643"><ele>212.76969090207373</ele><time>2022-11-05T05:24:48Z</time></trkpt><trkpt lat="22.392839584763077" lon="114.02329279180587"><ele>213.10486591219623</ele><time>2022-11-05T05:24:50Z</time></trkpt><trkpt lat="22.392811928893675" lon="114.02329925399144"><ele>214.0579595552989</ele><time>2022-11-05T05:24:54Z</time></trkpt><trkpt lat="22.39278900314438" lon="114.02330725073028"><ele>214.5818689429502</ele><time>2022-11-05T05:24:58Z</time></trkpt><trkpt lat="22.39277015529244" lon="114.02331618737733"><ele>214.85040242693293</ele><time>2022-11-05T05:25:00Z</time></trkpt><trkpt lat="22.39275053358497" lon="114.02331793028138"><ele>215.38712922400524</ele><time>2022-11-05T05:25:02Z</time></trkpt><trkpt lat="22.39271816470178" lon="114.02331947594682"><ele>215.7703392583495</ele><time>2022-11-05T05:25:06Z</time></trkpt><trkpt lat="22.39269990183244" lon="114.0233189352426"><ele>215.62538809496232</ele><time>2022-11-05T05:25:08Z</time></trkpt><trkpt lat="22.392669883290438" lon="114.02333012245512"><ele>215.7205691863266</ele><time>2022-11-05T05:25:12Z</time></trkpt><trkpt lat="22.392644158019884" lon="114.02333304538953"><ele>216.44740774532212</ele><time>2022-11-05T05:25:16Z</time></trkpt><trkpt lat="22.39262569706796" lon="114.02333488503875"><ele>217.31678689296052</ele><time>2022-11-05T05:25:18Z</time></trkpt><trkpt lat="22.3926067326016" lon="114.02334082392665"><ele>219.50074336224102</ele><time>2022-11-05T05:25:22Z</time></trkpt><trkpt lat="22.39259867986397" lon="114.02336716631106"><ele>221.55272263100477</ele><time>2022-11-05T05:25:32Z</time></trkpt><trkpt lat="22.392577830415263" lon="114.02338031840159"><ele>221.30739714999353</ele><time>2022-11-05T05:25:36Z</time></trkpt><trkpt lat="22.392546205775734" lon="114.0233974136304"><ele>221.48505214574664</ele><time>2022-11-05T05:25:40Z</time></trkpt><trkpt lat="22.39251001905604" lon="114.02340187946076"><ele>221.7575855939976</ele><time>2022-11-05T05:25:44Z</time></trkpt><trkpt lat="22.39249212163784" lon="114.02339954829611"><ele>222.17602888663356</ele><time>2022-11-05T05:25:46Z</time></trkpt><trkpt lat="22.392449152685057" lon="114.02340301135672"><ele>222.77291406480754</ele><time>2022-11-05T05:25:50Z</time></trkpt><trkpt lat="22.392429146308324" lon="114.02340931174639"><ele>222.80116499574763</ele><time>2022-11-05T05:25:52Z</time></trkpt><trkpt lat="22.39240886325583" lon="114.02340969085223"><ele>222.8677105141726</ele><time>2022-11-05T05:25:54Z</time></trkpt><trkpt lat="22.392383757423882" lon="114.02341404553205"><ele>222.9095496303807</ele><time>2022-11-05T05:25:56Z</time></trkpt><trkpt lat="22.39236142032318" lon="114.02341503514589"><ele>222.64208888973295</ele><time>2022-11-05T05:25:58Z</time></trkpt><trkpt lat="22.39233216550092" lon="114.02339692931379"><ele>222.07433238715936</ele><time>2022-11-05T05:26:02Z</time></trkpt><trkpt lat="22.392307346400564" lon="114.02337087308166"><ele>221.40029116289458</ele><time>2022-11-05T05:26:06Z</time></trkpt><trkpt lat="22.392291231105496" lon="114.02335334210183"><ele>221.27937387276776</ele><time>2022-11-05T05:26:08Z</time></trkpt><trkpt lat="22.392271180368613" lon="114.02333345243323"><ele>221.2802958172999</ele><time>2022-11-05T05:26:10Z</time></trkpt><trkpt lat="22.392264409330572" lon="114.02331423055372"><ele>221.49301630528555</ele><time>2022-11-05T05:26:12Z</time></trkpt><trkpt lat="22.392252032358194" lon="114.02328092320428"><ele>221.56774191386953</ele><time>2022-11-05T05:26:16Z</time></trkpt><trkpt lat="22.3922372684557" lon="114.02326238842792"><ele>221.27235705868705</ele><time>2022-11-05T05:26:18Z</time></trkpt><trkpt lat="22.392223790399548" lon="114.02323936966363"><ele>220.85696653899512</ele><time>2022-11-05T05:26:20Z</time></trkpt><trkpt lat="22.39221733182237" lon="114.02321841460586"><ele>221.09880117024585</ele><time>2022-11-05T05:26:22Z</time></trkpt><trkpt lat="22.392201223334627" lon="114.0231878866943"><ele>220.98102395344384</ele><time>2022-11-05T05:26:26Z</time></trkpt><trkpt lat="22.392183477816815" lon="114.02317197033571"><ele>221.5651823712673</ele><time>2022-11-05T05:26:30Z</time></trkpt><trkpt lat="22.392160437735185" lon="114.02315105966876"><ele>220.857608257415</ele><time>2022-11-05T05:26:34Z</time></trkpt><trkpt lat="22.39215074437742" lon="114.02313133001894"><ele>220.8534121558488</ele><time>2022-11-05T05:26:38Z</time></trkpt><trkpt lat="22.392127995417336" lon="114.02314611513721"><ele>219.9007484567286</ele><time>2022-11-05T05:26:42Z</time></trkpt><trkpt lat="22.39210652941621" lon="114.02317099147763"><ele>220.05968260166532</ele><time>2022-11-05T05:26:44Z</time></trkpt><trkpt lat="22.39209139896225" lon="114.02318151324792"><ele>220.4286592159332</ele><time>2022-11-05T05:26:46Z</time></trkpt><trkpt lat="22.39206832895863" lon="114.02319127679098"><ele>220.24682684681932</ele><time>2022-11-05T05:26:48Z</time></trkpt><trkpt lat="22.39204524593203" lon="114.02319700874024"><ele>219.50100743338942</ele><time>2022-11-05T05:26:50Z</time></trkpt><trkpt lat="22.392018303570712" lon="114.02320463489573"><ele>218.27816356907272</ele><time>2022-11-05T05:26:54Z</time></trkpt><trkpt lat="22.39198960955719" lon="114.02319192705022"><ele>217.78560400556552</ele><time>2022-11-05T05:26:58Z</time></trkpt><trkpt lat="22.39196807496015" lon="114.02317783709681"><ele>218.34909580398204</ele><time>2022-11-05T05:27:00Z</time></trkpt><trkpt lat="22.39195195660937" lon="114.0231577585407"><ele>218.35141423652414</ele><time>2022-11-05T05:27:02Z</time></trkpt><trkpt lat="22.391937865700783" lon="114.02314323682619"><ele>218.36724977668382</ele><time>2022-11-05T05:27:04Z</time></trkpt><trkpt lat="22.39192051875399" lon="114.02313046133581"><ele>218.3872166119348</ele><time>2022-11-05T05:27:06Z</time></trkpt><trkpt lat="22.391908082381157" lon="114.02311503004634"><ele>218.42905100841767</ele><time>2022-11-05T05:27:08Z</time></trkpt><trkpt lat="22.391888564159903" lon="114.0231065541816"><ele>218.6118057629386</ele><time>2022-11-05T05:27:10Z</time></trkpt><trkpt lat="22.391844859508357" lon="114.02309751064622"><ele>218.7786603979574</ele><time>2022-11-05T05:27:12Z</time></trkpt><trkpt lat="22.39183135675122" lon="114.02308326605818"><ele>218.18187025530662</ele><time>2022-11-05T05:27:16Z</time></trkpt><trkpt lat="22.391806861681854" lon="114.02307517127106"><ele>218.68035514486513</ele><time>2022-11-05T05:27:20Z</time></trkpt><trkpt lat="22.391778423205178" lon="114.02307773742602"><ele>218.93453847087736</ele><time>2022-11-05T05:27:24Z</time></trkpt><trkpt lat="22.39175560801568" lon="114.02307280899927"><ele>219.24820879706226</ele><time>2022-11-05T05:27:28Z</time></trkpt><trkpt lat="22.391739535262694" lon="114.02306202414889"><ele>218.93200700177206</ele><time>2022-11-05T05:27:30Z</time></trkpt><trkpt lat="22.391721634955925" lon="114.02305220904326"><ele>218.94129259151634</ele><time>2022-11-05T05:27:32Z</time></trkpt><trkpt lat="22.39169113329274" lon="114.02303129135193"><ele>218.85960273888458</ele><time>2022-11-05T05:27:36Z</time></trkpt><trkpt lat="22.391672428800973" lon="114.0229961019036"><ele>218.98733394325689</ele><time>2022-11-05T05:27:40Z</time></trkpt><trkpt lat="22.391666255067108" lon="114.02297609985091"><ele>219.21863978805126</ele><time>2022-11-05T05:27:42Z</time></trkpt><trkpt lat="22.391656606357945" lon="114.02294979564181"><ele>218.96007061413272</ele><time>2022-11-05T05:27:46Z</time></trkpt><trkpt lat="22.391662233242" lon="114.02291326655477"><ele>217.2760283753451</ele><time>2022-11-05T05:27:50Z</time></trkpt><trkpt lat="22.391655538342352" lon="114.02288327438973"><ele>215.94697513268608</ele><time>2022-11-05T05:27:54Z</time></trkpt><trkpt lat="22.391654828419274" lon="114.02285022059434"><ele>214.62888851946144</ele><time>2022-11-05T05:27:58Z</time></trkpt><trkpt lat="22.39165747800637" lon="114.02279345711356"><ele>213.08203993886448</ele><time>2022-11-05T05:28:00Z</time></trkpt><trkpt lat="22.391655941164004" lon="114.02275127655678"><ele>212.58198422042608</ele><time>2022-11-05T05:28:02Z</time></trkpt><trkpt lat="22.3916582071513" lon="114.02272044031565"><ele>213.86686651679105</ele><time>2022-11-05T05:28:04Z</time></trkpt><trkpt lat="22.39166770158492" lon="114.02269311256143"><ele>213.29472598122865</ele><time>2022-11-05T05:28:08Z</time></trkpt><trkpt lat="22.39167312565074" lon="114.022672817431"><ele>212.84582248155291</ele><time>2022-11-05T05:28:10Z</time></trkpt><trkpt lat="22.391679513244892" lon="114.02265006729586"><ele>211.99522822709423</ele><time>2022-11-05T05:28:12Z</time></trkpt><trkpt lat="22.391686739291973" lon="114.02261956525057"><ele>211.12902975821743</ele><time>2022-11-05T05:28:16Z</time></trkpt><trkpt lat="22.391685723126265" lon="114.02257959356623"><ele>210.15533541093686</ele><time>2022-11-05T05:28:20Z</time></trkpt><trkpt lat="22.39166642486094" lon="114.02255106731779"><ele>209.16833074247788</ele><time>2022-11-05T05:28:24Z</time></trkpt><trkpt lat="22.391641369820675" lon="114.02253423191266"><ele>208.77970424447392</ele><time>2022-11-05T05:28:28Z</time></trkpt><trkpt lat="22.39161254189388" lon="114.02251630259173"><ele>208.08851391915442</ele><time>2022-11-05T05:28:32Z</time></trkpt><trkpt lat="22.391596422312055" lon="114.02249826152267"><ele>207.68187243524054</ele><time>2022-11-05T05:28:34Z</time></trkpt><trkpt lat="22.391589081912244" lon="114.0224703415062"><ele>207.76192211508112</ele><time>2022-11-05T05:28:36Z</time></trkpt><trkpt lat="22.391586020995355" lon="114.02244570229222"><ele>207.51324057105074</ele><time>2022-11-05T05:28:38Z</time></trkpt><trkpt lat="22.391583338121443" lon="114.02241366012679"><ele>207.30031195622246</ele><time>2022-11-05T05:28:40Z</time></trkpt><trkpt lat="22.391589634876684" lon="114.02238957816823"><ele>206.96132020199485</ele><time>2022-11-05T05:28:42Z</time></trkpt><trkpt lat="22.39160125753266" lon="114.02236400291241"><ele>206.50248924230632</ele><time>2022-11-05T05:28:44Z</time></trkpt><trkpt lat="22.39161366873419" lon="114.02234519644874"><ele>206.2817020704204</ele><time>2022-11-05T05:28:46Z</time></trkpt><trkpt lat="22.391632229025294" lon="114.02230723307888"><ele>206.19944950250138</ele><time>2022-11-05T05:28:50Z</time></trkpt><trkpt lat="22.39164397892021" lon="114.02228328585866"><ele>206.59625546628317</ele><time>2022-11-05T05:28:52Z</time></trkpt><trkpt lat="22.391646962561023" lon="114.02225423286873"><ele>206.67729613789314</ele><time>2022-11-05T05:28:54Z</time></trkpt><trkpt lat="22.391648881932028" lon="114.02221720332416"><ele>206.63008099914276</ele><time>2022-11-05T05:28:58Z</time></trkpt><trkpt lat="22.391643967576684" lon="114.02218403258047"><ele>206.1953197872686</ele><time>2022-11-05T05:29:02Z</time></trkpt><trkpt lat="22.3916275529406" lon="114.02215642046517"><ele>205.64159620496534</ele><time>2022-11-05T05:29:06Z</time></trkpt><trkpt lat="22.391609017656126" lon="114.02214355784005"><ele>205.19730495147823</ele><time>2022-11-05T05:29:08Z</time></trkpt><trkpt lat="22.391588719086595" lon="114.02212138480215"><ele>205.19169421317227</ele><time>2022-11-05T05:29:10Z</time></trkpt><trkpt lat="22.391580122948287" lon="114.0221029380417"><ele>205.18189861175793</ele><time>2022-11-05T05:29:12Z</time></trkpt><trkpt lat="22.391571191201997" lon="114.02208522097273"><ele>205.50351777102676</ele><time>2022-11-05T05:29:14Z</time></trkpt><trkpt lat="22.39155882638062" lon="114.02205842745022"><ele>206.15774402455622</ele><time>2022-11-05T05:29:18Z</time></trkpt><trkpt lat="22.39154778305873" lon="114.0220384694383"><ele>206.43196385936815</ele><time>2022-11-05T05:29:20Z</time></trkpt><trkpt lat="22.391535788726316" lon="114.02201756199383"><ele>206.29385244652678</ele><time>2022-11-05T05:29:22Z</time></trkpt><trkpt lat="22.39152951826873" lon="114.02199672956954"><ele>206.30538859883575</ele><time>2022-11-05T05:29:24Z</time></trkpt><trkpt lat="22.391527615377836" lon="114.02196006202821"><ele>206.40638935781303</ele><time>2022-11-05T05:29:28Z</time></trkpt><trkpt lat="22.391530089372797" lon="114.0219389886043"><ele>206.1149181310709</ele><time>2022-11-05T05:29:30Z</time></trkpt><trkpt lat="22.39154446056736" lon="114.02189833715654"><ele>206.1617114047246</ele><time>2022-11-05T05:29:34Z</time></trkpt><trkpt lat="22.39156357754565" lon="114.02187238791419"><ele>206.44198047236512</ele><time>2022-11-05T05:29:38Z</time></trkpt><trkpt lat="22.39159394396074" lon="114.02183404303351"><ele>205.56353157725567</ele><time>2022-11-05T05:29:42Z</time></trkpt><trkpt lat="22.391613088347846" lon="114.02181905768124"><ele>204.93126980888886</ele><time>2022-11-05T05:29:44Z</time></trkpt><trkpt lat="22.39162543135005" lon="114.02180466718977"><ele>204.78965891259045</ele><time>2022-11-05T05:29:46Z</time></trkpt><trkpt lat="22.39163814697796" lon="114.02179089426397"><ele>204.45893508532487</ele><time>2022-11-05T05:29:48Z</time></trkpt><trkpt lat="22.391645680235136" lon="114.02177205089986"><ele>203.88058281725844</ele><time>2022-11-05T05:29:50Z</time></trkpt><trkpt lat="22.3916619143725" lon="114.02176134272396"><ele>203.39192631323814</ele><time>2022-11-05T05:29:52Z</time></trkpt><trkpt lat="22.391677409359634" lon="114.02174826556437"><ele>202.90903911176633</ele><time>2022-11-05T05:29:54Z</time></trkpt><trkpt lat="22.391703067516726" lon="114.02172862457313"><ele>202.86309824415392</ele><time>2022-11-05T05:29:58Z</time></trkpt><trkpt lat="22.39171469136704" lon="114.02171085162963"><ele>202.8039897682207</ele><time>2022-11-05T05:30:02Z</time></trkpt><trkpt lat="22.39172877514202" lon="114.02168730772748"><ele>202.15698715489424</ele><time>2022-11-05T05:30:08Z</time></trkpt><trkpt lat="22.39175548007662" lon="114.0216813313182"><ele>201.66912999031146</ele><time>2022-11-05T05:30:12Z</time></trkpt><trkpt lat="22.391773715708577" lon="114.02167961649013"><ele>201.28445964070738</ele><time>2022-11-05T05:30:16Z</time></trkpt><trkpt lat="22.391786764877995" lon="114.02166076876688"><ele>201.64564711458942</ele><time>2022-11-05T05:30:22Z</time></trkpt><trkpt lat="22.391792603429366" lon="114.02163945370464"><ele>201.8914555858633</ele><time>2022-11-05T05:30:26Z</time></trkpt><trkpt lat="22.391803458466075" lon="114.02162109684086"><ele>202.62734954122192</ele><time>2022-11-05T05:30:32Z</time></trkpt><trkpt lat="22.391811926587472" lon="114.02159650229444"><ele>203.46090870962283</ele><time>2022-11-05T05:30:42Z</time></trkpt><trkpt lat="22.391805422952377" lon="114.02157693796057"><ele>204.20492595130207</ele><time>2022-11-05T05:30:44Z</time></trkpt><trkpt lat="22.391798378618706" lon="114.02155015051338"><ele>204.96508052208762</ele><time>2022-11-05T05:30:48Z</time></trkpt><trkpt lat="22.391800185027204" lon="114.0215237438342"><ele>205.4815793854485</ele><time>2022-11-05T05:30:52Z</time></trkpt><trkpt lat="22.391781804621605" lon="114.02150408225339"><ele>205.08532971459812</ele><time>2022-11-05T05:30:56Z</time></trkpt><trkpt lat="22.39176569548162" lon="114.02149283282203"><ele>205.00720290667428</ele><time>2022-11-05T05:31:00Z</time></trkpt><trkpt lat="22.391769770942823" lon="114.0214671342214"><ele>205.13179887551334</ele><time>2022-11-05T05:31:12Z</time></trkpt><trkpt lat="22.391773996268636" lon="114.0214352025273"><ele>204.39823709408438</ele><time>2022-11-05T05:31:16Z</time></trkpt><trkpt lat="22.391753761385843" lon="114.02141753993205"><ele>203.8028477754982</ele><time>2022-11-05T05:31:20Z</time></trkpt><trkpt lat="22.391737513612444" lon="114.02138483043403"><ele>203.50236710181267</ele><time>2022-11-05T05:31:24Z</time></trkpt><trkpt lat="22.39173724621832" lon="114.02136162514232"><ele>203.48590044902568</ele><time>2022-11-05T05:31:28Z</time></trkpt><trkpt lat="22.391746983183555" lon="114.02133892093579"><ele>203.6288921345389</ele><time>2022-11-05T05:31:32Z</time></trkpt><trkpt lat="22.391752449802787" lon="114.02132026612239"><ele>204.1867157468124</ele><time>2022-11-05T05:31:36Z</time></trkpt><trkpt lat="22.391751492836978" lon="114.02129701547497"><ele>203.71284408141926</ele><time>2022-11-05T05:31:42Z</time></trkpt><trkpt lat="22.391755134531476" lon="114.02127027906897"><ele>203.98666388255518</ele><time>2022-11-05T05:31:46Z</time></trkpt><trkpt lat="22.39176047936136" lon="114.02125026620541"><ele>204.16104178992592</ele><time>2022-11-05T05:31:48Z</time></trkpt><trkpt lat="22.391764017692097" lon="114.02122817751133"><ele>204.11087552841948</ele><time>2022-11-05T05:31:50Z</time></trkpt><trkpt lat="22.391759869038466" lon="114.02119151693582"><ele>204.82000707701877</ele><time>2022-11-05T05:31:54Z</time></trkpt><trkpt lat="22.391752740243657" lon="114.02116740182967"><ele>205.0459402171247</ele><time>2022-11-05T05:31:56Z</time></trkpt><trkpt lat="22.391745248053187" lon="114.02114575747136"><ele>205.18588187399305</ele><time>2022-11-05T05:31:58Z</time></trkpt><trkpt lat="22.391743009476073" lon="114.02112580354675"><ele>205.49793968253485</ele><time>2022-11-05T05:32:00Z</time></trkpt><trkpt lat="22.391744815282767" lon="114.02108992093027"><ele>206.0415032004596</ele><time>2022-11-05T05:32:04Z</time></trkpt><trkpt lat="22.391751740768743" lon="114.02105828386382"><ele>206.27358003428137</ele><time>2022-11-05T05:32:08Z</time></trkpt><trkpt lat="22.39175289607742" lon="114.02103628968588"><ele>206.418106526516</ele><time>2022-11-05T05:32:10Z</time></trkpt><trkpt lat="22.391753277662264" lon="114.02101299616616"><ele>206.18282913836666</ele><time>2022-11-05T05:32:12Z</time></trkpt><trkpt lat="22.391752496861553" lon="114.02097708591067"><ele>205.61912801087638</ele><time>2022-11-05T05:32:16Z</time></trkpt><trkpt lat="22.391736294998918" lon="114.02094960469128"><ele>205.79407597813162</ele><time>2022-11-05T05:32:20Z</time></trkpt><trkpt lat="22.391730599197427" lon="114.020928831337"><ele>205.81254042164483</ele><time>2022-11-05T05:32:24Z</time></trkpt><trkpt lat="22.391748686246498" lon="114.02092444821034"><ele>205.94339692880268</ele><time>2022-11-05T05:32:26Z</time></trkpt><trkpt lat="22.391772768461713" lon="114.02094581987043"><ele>203.99890819427716</ele><time>2022-11-05T05:32:30Z</time></trkpt><trkpt lat="22.39179827200695" lon="114.0209300393619"><ele>196.54387377881093</ele><time>2022-11-05T05:32:32Z</time></trkpt><trkpt lat="22.391827879950704" lon="114.02091150461202"><ele>195.6363993089149</ele><time>2022-11-05T05:32:34Z</time></trkpt><trkpt lat="22.391858220358927" lon="114.02090753938295"><ele>194.91266495405574</ele><time>2022-11-05T05:32:36Z</time></trkpt><trkpt lat="22.391879722037807" lon="114.02090558718554"><ele>195.04144044238552</ele><time>2022-11-05T05:32:38Z</time></trkpt><trkpt lat="22.391912776060998" lon="114.02089913649294"><ele>195.5351202744074</ele><time>2022-11-05T05:32:42Z</time></trkpt><trkpt lat="22.39193264912081" lon="114.02088054577304"><ele>198.01203036583587</ele><time>2022-11-05T05:32:44Z</time></trkpt><trkpt lat="22.391948393643496" lon="114.02086928335972"><ele>198.7714417449506</ele><time>2022-11-05T05:32:48Z</time></trkpt><trkpt lat="22.391963336083666" lon="114.02084748677247"><ele>195.974979635998</ele><time>2022-11-05T05:32:54Z</time></trkpt><trkpt lat="22.391968653213404" lon="114.02082282014322"><ele>195.43857770632326</ele><time>2022-11-05T05:32:58Z</time></trkpt><trkpt lat="22.39197957644959" lon="114.02080077532842"><ele>194.9587074099719</ele><time>2022-11-05T05:33:00Z</time></trkpt><trkpt lat="22.39199301761281" lon="114.02078231165038"><ele>194.50748720428908</ele><time>2022-11-05T05:33:04Z</time></trkpt><trkpt lat="22.392011530934877" lon="114.02075987580722"><ele>194.7449368900116</ele><time>2022-11-05T05:33:08Z</time></trkpt><trkpt lat="22.392023234654538" lon="114.02074449235218"><ele>194.39884873731097</ele><time>2022-11-05T05:33:10Z</time></trkpt><trkpt lat="22.39202430788352" lon="114.02071770114719"><ele>195.9798609736299</ele><time>2022-11-05T05:33:14Z</time></trkpt><trkpt lat="22.39202533157373" lon="114.02068727860913"><ele>196.60525739211153</ele><time>2022-11-05T05:33:18Z</time></trkpt><trkpt lat="22.39201189771731" lon="114.0206718998251"><ele>196.80274693076896</ele><time>2022-11-05T05:33:20Z</time></trkpt><trkpt lat="22.391994176856404" lon="114.02065258376224"><ele>197.08274129169382</ele><time>2022-11-05T05:33:22Z</time></trkpt><trkpt lat="22.391990647995897" lon="114.02063324413147"><ele>196.26405299751895</ele><time>2022-11-05T05:33:24Z</time></trkpt><trkpt lat="22.391981882906077" lon="114.02060489902861"><ele>195.81201801290263</ele><time>2022-11-05T05:33:28Z</time></trkpt><trkpt lat="22.391983659437493" lon="114.02057386804618"><ele>197.15951569757138</ele><time>2022-11-05T05:33:32Z</time></trkpt><trkpt lat="22.391995632317787" lon="114.02055188755551"><ele>197.6098142337858</ele><time>2022-11-05T05:33:36Z</time></trkpt><trkpt lat="22.392019114278195" lon="114.02052616088983"><ele>198.1933474656871</ele><time>2022-11-05T05:33:40Z</time></trkpt><trkpt lat="22.392030740219948" lon="114.02051107464949"><ele>198.2985423071497</ele><time>2022-11-05T05:33:42Z</time></trkpt><trkpt lat="22.39203687657545" lon="114.02048878100965"><ele>198.4161194235505</ele><time>2022-11-05T05:33:44Z</time></trkpt><trkpt lat="22.392038468260775" lon="114.02046623328054"><ele>198.57738552924712</ele><time>2022-11-05T05:33:46Z</time></trkpt><trkpt lat="22.392037372307133" lon="114.02044618633722"><ele>198.64320244383015</ele><time>2022-11-05T05:33:48Z</time></trkpt><trkpt lat="22.392046539635793" lon="114.0204233414454"><ele>198.46927077284673</ele><time>2022-11-05T05:33:52Z</time></trkpt><trkpt lat="22.3920556357237" lon="114.0204060932581"><ele>198.52170997729343</ele><time>2022-11-05T05:33:54Z</time></trkpt><trkpt lat="22.392069522686505" lon="114.02038837398588"><ele>198.25828479195064</ele><time>2022-11-05T05:33:56Z</time></trkpt><trkpt lat="22.392096879142116" lon="114.020376557116"><ele>197.43788169879883</ele><time>2022-11-05T05:33:58Z</time></trkpt><trkpt lat="22.392125140698873" lon="114.02035007146391"><ele>196.962892593617</ele><time>2022-11-05T05:34:02Z</time></trkpt><trkpt lat="22.39214029834024" lon="114.02033643483199"><ele>196.68745645423368</ele><time>2022-11-05T05:34:04Z</time></trkpt><trkpt lat="22.39216037585522" lon="114.02030685955117"><ele>196.68777371962128</ele><time>2022-11-05T05:34:08Z</time></trkpt><trkpt lat="22.3921774605809" lon="114.02028454030231"><ele>197.0352822379111</ele><time>2022-11-05T05:34:12Z</time></trkpt><trkpt lat="22.392194408052852" lon="114.02026623003803"><ele>197.21760778765957</ele><time>2022-11-05T05:34:16Z</time></trkpt><trkpt lat="22.392214352195825" lon="114.02024534982303"><ele>197.81085707429213</ele><time>2022-11-05T05:34:30Z</time></trkpt><trkpt lat="22.392236941960945" lon="114.02022362349504"><ele>198.88063280450615</ele><time>2022-11-05T05:34:34Z</time></trkpt><trkpt lat="22.392250834832925" lon="114.02020127872"><ele>199.591214765388</ele><time>2022-11-05T05:34:38Z</time></trkpt><trkpt lat="22.3922639001314" lon="114.02017257051935"><ele>199.453358079841</ele><time>2022-11-05T05:34:42Z</time></trkpt><trkpt lat="22.392280773609617" lon="114.02013834509644"><ele>198.17603200717653</ele><time>2022-11-05T05:34:44Z</time></trkpt><trkpt lat="22.392293160456322" lon="114.02011640099667"><ele>198.62883115720766</ele><time>2022-11-05T05:34:46Z</time></trkpt><trkpt lat="22.392309085529135" lon="114.02010591244698"><ele>199.03501282978098</ele><time>2022-11-05T05:34:48Z</time></trkpt><trkpt lat="22.392336931546566" lon="114.02008525104623"><ele>199.2026133018334</ele><time>2022-11-05T05:34:52Z</time></trkpt><trkpt lat="22.392353461757423" lon="114.02007230348295"><ele>200.02336306407852</ele><time>2022-11-05T05:34:54Z</time></trkpt><trkpt lat="22.392380448242502" lon="114.02004752101544"><ele>201.47510076951724</ele><time>2022-11-05T05:34:58Z</time></trkpt><trkpt lat="22.392389941185563" lon="114.02001415779688"><ele>203.04080407709893</ele><time>2022-11-05T05:35:02Z</time></trkpt><trkpt lat="22.392409715062534" lon="114.01999022672057"><ele>203.7618023984919</ele><time>2022-11-05T05:35:06Z</time></trkpt><trkpt lat="22.392423458143103" lon="114.0199625074371"><ele>204.31084409699386</ele><time>2022-11-05T05:35:10Z</time></trkpt><trkpt lat="22.39243297392053" lon="114.01992661646055"><ele>205.10887886878126</ele><time>2022-11-05T05:35:14Z</time></trkpt><trkpt lat="22.392456840300795" lon="114.01990881255983"><ele>205.00359898026377</ele><time>2022-11-05T05:35:18Z</time></trkpt><trkpt lat="22.392475924488707" lon="114.0198968722747"><ele>204.8486335038675</ele><time>2022-11-05T05:35:20Z</time></trkpt><trkpt lat="22.392497568105078" lon="114.01987888001952"><ele>205.2623290735732</ele><time>2022-11-05T05:35:22Z</time></trkpt><trkpt lat="22.392529777282423" lon="114.01986240757414"><ele>205.8467420262239</ele><time>2022-11-05T05:35:26Z</time></trkpt><trkpt lat="22.3925476239476" lon="114.01985786355726"><ele>205.8998835888385</ele><time>2022-11-05T05:35:28Z</time></trkpt><trkpt lat="22.39256667980387" lon="114.01985095693192"><ele>206.0242002690337</ele><time>2022-11-05T05:35:30Z</time></trkpt><trkpt lat="22.39259209751771" lon="114.01984054937243"><ele>206.39500239285664</ele><time>2022-11-05T05:35:34Z</time></trkpt><trkpt lat="22.392622414381666" lon="114.0198327333084"><ele>206.3148046712931</ele><time>2022-11-05T05:35:38Z</time></trkpt><trkpt lat="22.392668189137666" lon="114.01981200010263"><ele>203.6767101284777</ele><time>2022-11-05T05:35:42Z</time></trkpt><trkpt lat="22.392687988193607" lon="114.01980034617931"><ele>205.05693347695208</ele><time>2022-11-05T05:35:44Z</time></trkpt><trkpt lat="22.39270314264524" lon="114.0197887734729"><ele>204.8728048560921</ele><time>2022-11-05T05:35:46Z</time></trkpt><trkpt lat="22.392729763909337" lon="114.01977862823928"><ele>203.03096377604362</ele><time>2022-11-05T05:35:50Z</time></trkpt><trkpt lat="22.392752476209775" lon="114.01978105883421"><ele>203.1072889915608</ele><time>2022-11-05T05:35:52Z</time></trkpt><trkpt lat="22.392779943401052" lon="114.01978905855299"><ele>204.1774699556271</ele><time>2022-11-05T05:35:54Z</time></trkpt><trkpt lat="22.392810835833387" lon="114.01978529510353"><ele>204.94255650212702</ele><time>2022-11-05T05:35:56Z</time></trkpt><trkpt lat="22.392828029699025" lon="114.0197790523283"><ele>205.49075382767526</ele><time>2022-11-05T05:35:58Z</time></trkpt><trkpt lat="22.392861482291114" lon="114.01977394574246"><ele>205.63636934813195</ele><time>2022-11-05T05:36:02Z</time></trkpt><trkpt lat="22.39288083674752" lon="114.01976703184394"><ele>205.79577463384547</ele><time>2022-11-05T05:36:04Z</time></trkpt><trkpt lat="22.39290376481017" lon="114.01976787199435"><ele>205.9727528371745</ele><time>2022-11-05T05:36:06Z</time></trkpt><trkpt lat="22.392925374910366" lon="114.01975564785725"><ele>206.56206960006173</ele><time>2022-11-05T05:36:08Z</time></trkpt><trkpt lat="22.392944583715014" lon="114.01975842995861"><ele>206.40957857851933</ele><time>2022-11-05T05:36:10Z</time></trkpt><trkpt lat="22.392979940822254" lon="114.01975344422773"><ele>206.4412522154513</ele><time>2022-11-05T05:36:14Z</time></trkpt><trkpt lat="22.39299886111134" lon="114.01975144175802"><ele>206.6510003177414</ele><time>2022-11-05T05:36:16Z</time></trkpt><trkpt lat="22.393019560922827" lon="114.01974672936514"><ele>206.7333873824152</ele><time>2022-11-05T05:36:18Z</time></trkpt><trkpt lat="22.393037647547224" lon="114.01974692087116"><ele>206.85346315111403</ele><time>2022-11-05T05:36:20Z</time></trkpt><trkpt lat="22.393075794340994" lon="114.01975259588113"><ele>207.4777055826791</ele><time>2022-11-05T05:36:24Z</time></trkpt><trkpt lat="22.393094403559772" lon="114.01974994549643"><ele>207.73540805500147</ele><time>2022-11-05T05:36:26Z</time></trkpt><trkpt lat="22.393112658814335" lon="114.01975170468572"><ele>208.13079003655213</ele><time>2022-11-05T05:36:28Z</time></trkpt><trkpt lat="22.39313154420943" lon="114.01977461344175"><ele>211.77056382555764</ele><time>2022-11-05T05:36:30Z</time></trkpt><trkpt lat="22.39316207568055" lon="114.01977651582145"><ele>212.62720946507758</ele><time>2022-11-05T05:36:34Z</time></trkpt><trkpt lat="22.393194856159017" lon="114.0197652362475"><ele>213.7158969835519</ele><time>2022-11-05T05:36:38Z</time></trkpt><trkpt lat="22.393214383646733" lon="114.01976024709836"><ele>214.06694467120928</ele><time>2022-11-05T05:36:40Z</time></trkpt><trkpt lat="22.393233421413786" lon="114.01975609831445"><ele>214.0399972999605</ele><time>2022-11-05T05:36:42Z</time></trkpt><trkpt lat="22.393255866648165" lon="114.01975071657904"><ele>214.0817174883439</ele><time>2022-11-05T05:36:44Z</time></trkpt><trkpt lat="22.393291858949187" lon="114.01973830490813"><ele>214.67887145091728</ele><time>2022-11-05T05:36:46Z</time></trkpt><trkpt lat="22.393313351531763" lon="114.01973565039121"><ele>214.2268703848802</ele><time>2022-11-05T05:36:48Z</time></trkpt><trkpt lat="22.39334452160292" lon="114.01973129909453"><ele>213.73826901446984</ele><time>2022-11-05T05:36:52Z</time></trkpt><trkpt lat="22.393380324088138" lon="114.01972959804358"><ele>213.55157592855073</ele><time>2022-11-05T05:36:56Z</time></trkpt><trkpt lat="22.39340328367564" lon="114.01972765137818"><ele>213.44834420083177</ele><time>2022-11-05T05:36:58Z</time></trkpt><trkpt lat="22.39342391829053" lon="114.0197191478641"><ele>213.3189211041826</ele><time>2022-11-05T05:37:00Z</time></trkpt><trkpt lat="22.39344484265537" lon="114.01971100843153"><ele>213.0924466498402</ele><time>2022-11-05T05:37:02Z</time></trkpt><trkpt lat="22.393463301470177" lon="114.0197054781883"><ele>212.87129594943863</ele><time>2022-11-05T05:37:04Z</time></trkpt><trkpt lat="22.39349751072006" lon="114.0197047827196"><ele>212.52568752986286</ele><time>2022-11-05T05:37:08Z</time></trkpt><trkpt lat="22.393515867534557" lon="114.01970388794562"><ele>212.23516796273094</ele><time>2022-11-05T05:37:10Z</time></trkpt><trkpt lat="22.393533989863542" lon="114.01970236027589"><ele>212.15613618539848</ele><time>2022-11-05T05:37:12Z</time></trkpt><trkpt lat="22.393553892319918" lon="114.01969645473388"><ele>212.26194910962383</ele><time>2022-11-05T05:37:14Z</time></trkpt><trkpt lat="22.393572208947155" lon="114.01968839651146"><ele>212.31371381190962</ele><time>2022-11-05T05:37:16Z</time></trkpt><trkpt lat="22.39358969115148" lon="114.01968380029433"><ele>212.65434601985987</ele><time>2022-11-05T05:37:18Z</time></trkpt><trkpt lat="22.393622351817058" lon="114.01967599129485"><ele>215.46903165246914</ele><time>2022-11-05T05:37:20Z</time></trkpt><trkpt lat="22.393659553536533" lon="114.01967264221788"><ele>215.3933748421559</ele><time>2022-11-05T05:37:24Z</time></trkpt><trkpt lat="22.393677183389663" lon="114.01966856325652"><ele>215.49083177499568</ele><time>2022-11-05T05:37:26Z</time></trkpt><trkpt lat="22.393707178329763" lon="114.01965609965762"><ele>215.24902421564153</ele><time>2022-11-05T05:37:30Z</time></trkpt><trkpt lat="22.393723684429386" lon="114.01964698929086"><ele>214.69838991547047</ele><time>2022-11-05T05:37:32Z</time></trkpt><trkpt lat="22.39375527029269" lon="114.01963779644566"><ele>212.94016316151476</ele><time>2022-11-05T05:37:36Z</time></trkpt><trkpt lat="22.393776642128547" lon="114.01963367583897"><ele>212.24382256452418</ele><time>2022-11-05T05:37:38Z</time></trkpt><trkpt lat="22.393795296919887" lon="114.0196272060231"><ele>211.55045873291976</ele><time>2022-11-05T05:37:40Z</time></trkpt><trkpt lat="22.39381637338426" lon="114.0196148060698"><ele>210.99211936193805</ele><time>2022-11-05T05:37:42Z</time></trkpt><trkpt lat="22.393834371599137" lon="114.01960132818388"><ele>210.86233727590744</ele><time>2022-11-05T05:37:44Z</time></trkpt><trkpt lat="22.393856354603948" lon="114.01959091325885"><ele>211.12302203383183</ele><time>2022-11-05T05:37:46Z</time></trkpt><trkpt lat="22.39387758173077" lon="114.0195786253302"><ele>210.61257490297322</ele><time>2022-11-05T05:37:48Z</time></trkpt><trkpt lat="22.393899458529663" lon="114.01956710813432"><ele>210.41976021209385</ele><time>2022-11-05T05:37:50Z</time></trkpt><trkpt lat="22.393918514985412" lon="114.01955979063398"><ele>210.02858763161177</ele><time>2022-11-05T05:37:52Z</time></trkpt><trkpt lat="22.393942266227377" lon="114.01955506522008"><ele>209.723335716722</ele><time>2022-11-05T05:37:54Z</time></trkpt><trkpt lat="22.393963212088675" lon="114.01955033340609"><ele>209.48421074399408</ele><time>2022-11-05T05:37:56Z</time></trkpt><trkpt lat="22.39398331395055" lon="114.01954265420741"><ele>209.25181906183334</ele><time>2022-11-05T05:37:58Z</time></trkpt><trkpt lat="22.394002848147924" lon="114.01953402481577"><ele>209.04298573936083</ele><time>2022-11-05T05:38:00Z</time></trkpt><trkpt lat="22.39402510689419" lon="114.01952750875138"><ele>208.8834044934572</ele><time>2022-11-05T05:38:02Z</time></trkpt><trkpt lat="22.394052538865598" lon="114.01952438310519"><ele>208.59194257658356</ele><time>2022-11-05T05:38:04Z</time></trkpt><trkpt lat="22.39407373939524" lon="114.01952258921321"><ele>208.322049409216</ele><time>2022-11-05T05:38:06Z</time></trkpt><trkpt lat="22.39409374327236" lon="114.01951559701718"><ele>207.98662283689757</ele><time>2022-11-05T05:38:08Z</time></trkpt><trkpt lat="22.39411608483571" lon="114.01950107521205"><ele>207.86138160401606</ele><time>2022-11-05T05:38:10Z</time></trkpt><trkpt lat="22.394141413290814" lon="114.01949071998962"><ele>207.91455638636728</ele><time>2022-11-05T05:38:12Z</time></trkpt><trkpt lat="22.39417211799498" lon="114.01948203932483"><ele>206.43246546187342</ele><time>2022-11-05T05:38:14Z</time></trkpt><trkpt lat="22.394195322701716" lon="114.01947559230652"><ele>204.6430419480335</ele><time>2022-11-05T05:38:16Z</time></trkpt><trkpt lat="22.394212261571813" lon="114.01946348479095"><ele>204.72732042731704</ele><time>2022-11-05T05:38:18Z</time></trkpt><trkpt lat="22.39423090441192" lon="114.01946038109998"><ele>203.78637553619953</ele><time>2022-11-05T05:38:20Z</time></trkpt><trkpt lat="22.39426054801541" lon="114.01945741245936"><ele>203.34272995146097</ele><time>2022-11-05T05:38:22Z</time></trkpt><trkpt lat="22.39428026202727" lon="114.01944894497652"><ele>203.33947400587448</ele><time>2022-11-05T05:38:24Z</time></trkpt><trkpt lat="22.394296488802706" lon="114.01943782815354"><ele>203.45841050705624</ele><time>2022-11-05T05:38:26Z</time></trkpt><trkpt lat="22.394315234258155" lon="114.0194263034027"><ele>203.32718697258846</ele><time>2022-11-05T05:38:28Z</time></trkpt><trkpt lat="22.394334534385784" lon="114.01941845040092"><ele>203.03536512922426</ele><time>2022-11-05T05:38:30Z</time></trkpt><trkpt lat="22.394362364474862" lon="114.01939198110125"><ele>200.6545104667213</ele><time>2022-11-05T05:38:32Z</time></trkpt><trkpt lat="22.394385369615623" lon="114.01938529218167"><ele>200.21165100452234</ele><time>2022-11-05T05:38:34Z</time></trkpt><trkpt lat="22.394402360619125" lon="114.01937711951668"><ele>200.2490847777109</ele><time>2022-11-05T05:38:36Z</time></trkpt><trkpt lat="22.394422233958686" lon="114.01937173793952"><ele>200.34437267492905</ele><time>2022-11-05T05:38:38Z</time></trkpt><trkpt lat="22.394454127001744" lon="114.01935081051998"><ele>200.39518041193324</ele><time>2022-11-05T05:38:40Z</time></trkpt><trkpt lat="22.394480377716345" lon="114.01933922516513"><ele>200.45356158738545</ele><time>2022-11-05T05:38:42Z</time></trkpt><trkpt lat="22.394505796394586" lon="114.01933078856925"><ele>201.96744450748176</ele><time>2022-11-05T05:38:44Z</time></trkpt><trkpt lat="22.394537687408302" lon="114.01931693443487"><ele>202.2494209642997</ele><time>2022-11-05T05:38:48Z</time></trkpt><trkpt lat="22.39456958630387" lon="114.0193051725962"><ele>202.14414782504863</ele><time>2022-11-05T05:38:52Z</time></trkpt><trkpt lat="22.394601415549424" lon="114.0192952112743"><ele>202.0479141842494</ele><time>2022-11-05T05:38:56Z</time></trkpt><trkpt lat="22.394620150867485" lon="114.01928724797176"><ele>201.9120054604898</ele><time>2022-11-05T05:38:58Z</time></trkpt><trkpt lat="22.39464445956066" lon="114.01925485560459"><ele>200.62173630265895</ele><time>2022-11-05T05:39:00Z</time></trkpt><trkpt lat="22.39466248003825" lon="114.01922989507659"><ele>200.5362844730801</ele><time>2022-11-05T05:39:02Z</time></trkpt><trkpt lat="22.39467790784565" lon="114.01921748456121"><ele>200.42992674638913</ele><time>2022-11-05T05:39:04Z</time></trkpt><trkpt lat="22.39471311172806" lon="114.01920458174611"><ele>200.3989116945751</ele><time>2022-11-05T05:39:08Z</time></trkpt><trkpt lat="22.39473675992297" lon="114.01920477456268"><ele>201.03469409063348</ele><time>2022-11-05T05:39:10Z</time></trkpt><trkpt lat="22.394767269436873" lon="114.0191908105927"><ele>201.50805707186348</ele><time>2022-11-05T05:39:14Z</time></trkpt><trkpt lat="22.394784325952955" lon="114.01918238050854"><ele>201.43504689110023</ele><time>2022-11-05T05:39:16Z</time></trkpt><trkpt lat="22.394820864799087" lon="114.01917905478187"><ele>199.12994911384018</ele><time>2022-11-05T05:39:20Z</time></trkpt><trkpt lat="22.394846307952864" lon="114.019190430348"><ele>199.05842350500595</ele><time>2022-11-05T05:39:22Z</time></trkpt><trkpt lat="22.394868289880787" lon="114.01918087512483"><ele>199.92152747880212</ele><time>2022-11-05T05:39:24Z</time></trkpt><trkpt lat="22.394896378157874" lon="114.01917138843186"><ele>200.66645088618907</ele><time>2022-11-05T05:39:26Z</time></trkpt><trkpt lat="22.394924940925673" lon="114.01916545768428"><ele>200.61566947292894</ele><time>2022-11-05T05:39:28Z</time></trkpt><trkpt lat="22.394942463853944" lon="114.01915751292194"><ele>200.6412263694459</ele><time>2022-11-05T05:39:30Z</time></trkpt><trkpt lat="22.394960870424587" lon="114.01914965883911"><ele>200.38310786837883</ele><time>2022-11-05T05:39:32Z</time></trkpt><trkpt lat="22.394996963746408" lon="114.01914351079083"><ele>200.10830633084043</ele><time>2022-11-05T05:39:36Z</time></trkpt><trkpt lat="22.395018860802665" lon="114.01914174732275"><ele>199.84553579289766</ele><time>2022-11-05T05:39:38Z</time></trkpt><trkpt lat="22.395040131955017" lon="114.01913877244019"><ele>199.80073146275552</ele><time>2022-11-05T05:39:40Z</time></trkpt><trkpt lat="22.395060802296168" lon="114.01913765577211"><ele>199.34026860096418</ele><time>2022-11-05T05:39:42Z</time></trkpt><trkpt lat="22.39507997733861" lon="114.0191350119679"><ele>198.92481109178968</ele><time>2022-11-05T05:39:44Z</time></trkpt><trkpt lat="22.39510029015252" lon="114.01913428168793"><ele>198.6722117908947</ele><time>2022-11-05T05:39:46Z</time></trkpt><trkpt lat="22.39512124107327" lon="114.01913064791958"><ele>198.51181317362213</ele><time>2022-11-05T05:39:48Z</time></trkpt><trkpt lat="22.39514403920124" lon="114.01912674112987"><ele>198.3250615972556</ele><time>2022-11-05T05:39:50Z</time></trkpt><trkpt lat="22.395165782463028" lon="114.01912410501524"><ele>198.04164538646575</ele><time>2022-11-05T05:39:52Z</time></trkpt><trkpt lat="22.395186516105362" lon="114.01912188575889"><ele>197.8553059020453</ele><time>2022-11-05T05:39:54Z</time></trkpt><trkpt lat="22.395206345407086" lon="114.0191102148779"><ele>197.73513730769184</ele><time>2022-11-05T05:39:56Z</time></trkpt><trkpt lat="22.395223954258185" lon="114.01909740826245"><ele>197.6196380730028</ele><time>2022-11-05T05:39:58Z</time></trkpt><trkpt lat="22.395241171661805" lon="114.01908520316017"><ele>197.53087954151695</ele><time>2022-11-05T05:40:00Z</time></trkpt><trkpt lat="22.395257816706337" lon="114.01907339400587"><ele>197.31115341181868</ele><time>2022-11-05T05:40:02Z</time></trkpt><trkpt lat="22.395289125041998" lon="114.01904312699077"><ele>197.43012367015945</ele><time>2022-11-05T05:40:04Z</time></trkpt><trkpt lat="22.39530817915025" lon="114.0190350868761"><ele>197.35216950931508</ele><time>2022-11-05T05:40:06Z</time></trkpt><trkpt lat="22.395326183658145" lon="114.0190241625117"><ele>197.2264866609164</ele><time>2022-11-05T05:40:08Z</time></trkpt><trkpt lat="22.39534296535854" lon="114.01901567509496"><ele>197.20727950603597</ele><time>2022-11-05T05:40:10Z</time></trkpt><trkpt lat="22.395361431572532" lon="114.01900844436463"><ele>197.14871556545313</ele><time>2022-11-05T05:40:12Z</time></trkpt><trkpt lat="22.395379041098458" lon="114.01900188422802"><ele>196.98295053061867</ele><time>2022-11-05T05:40:14Z</time></trkpt><trkpt lat="22.395399099204635" lon="114.01899302752477"><ele>196.88014949894114</ele><time>2022-11-05T05:40:16Z</time></trkpt><trkpt lat="22.39541981254176" lon="114.01898728766638"><ele>196.82270622146638</ele><time>2022-11-05T05:40:18Z</time></trkpt><trkpt lat="22.39543887260959" lon="114.01897448525162"><ele>196.75190335777572</ele><time>2022-11-05T05:40:20Z</time></trkpt><trkpt lat="22.39546104395205" lon="114.01896016233086"><ele>196.63737001701716</ele><time>2022-11-05T05:40:22Z</time></trkpt><trkpt lat="22.395483356222332" lon="114.01894427290448"><ele>195.17411474435806</ele><time>2022-11-05T05:40:24Z</time></trkpt><trkpt lat="22.395515754602613" lon="114.01890454357681"><ele>195.27782042182977</ele><time>2022-11-05T05:40:26Z</time></trkpt><trkpt lat="22.395539269305832" lon="114.01889905510029"><ele>194.96268277436826</ele><time>2022-11-05T05:40:28Z</time></trkpt><trkpt lat="22.395564951762626" lon="114.01890344843783"><ele>194.8301191891817</ele><time>2022-11-05T05:40:30Z</time></trkpt><trkpt lat="22.39558846260497" lon="114.01891462464836"><ele>194.8829903595718</ele><time>2022-11-05T05:40:32Z</time></trkpt><trkpt lat="22.395612130563908" lon="114.01892454009094"><ele>195.06221845991976</ele><time>2022-11-05T05:40:34Z</time></trkpt><trkpt lat="22.39563394303058" lon="114.01893929006262"><ele>194.92063760347148</ele><time>2022-11-05T05:40:36Z</time></trkpt><trkpt lat="22.39565511366295" lon="114.01895519957796"><ele>194.2451331349929</ele><time>2022-11-05T05:40:38Z</time></trkpt><trkpt lat="22.395686102893936" lon="114.01898280766476"><ele>191.6539239316111</ele><time>2022-11-05T05:40:40Z</time></trkpt><trkpt lat="22.39571770563942" lon="114.01899819940716"><ele>190.2563680184708</ele><time>2022-11-05T05:40:42Z</time></trkpt><trkpt lat="22.3957390070296" lon="114.01900340382532"><ele>189.8337879976633</ele><time>2022-11-05T05:40:44Z</time></trkpt><trkpt lat="22.395757518174563" lon="114.01901146049558"><ele>189.5253873963788</ele><time>2022-11-05T05:40:46Z</time></trkpt><trkpt lat="22.395776782145546" lon="114.01901988024163"><ele>189.57579742685473</ele><time>2022-11-05T05:40:48Z</time></trkpt><trkpt lat="22.39579996312086" lon="114.01902876834342"><ele>189.332663817736</ele><time>2022-11-05T05:40:50Z</time></trkpt><trkpt lat="22.39582131145084" lon="114.01903455851422"><ele>189.06468251037597</ele><time>2022-11-05T05:40:52Z</time></trkpt><trkpt lat="22.395841032309484" lon="114.01903556892488"><ele>188.92332944570185</ele><time>2022-11-05T05:40:54Z</time></trkpt><trkpt lat="22.395859373761418" lon="114.01903897858942"><ele>188.6380944925393</ele><time>2022-11-05T05:40:56Z</time></trkpt><trkpt lat="22.39587822975523" lon="114.01904211782917"><ele>188.39744407650923</ele><time>2022-11-05T05:40:58Z</time></trkpt><trkpt lat="22.3958981113141" lon="114.01904718375981"><ele>188.50200857623707</ele><time>2022-11-05T05:41:00Z</time></trkpt><trkpt lat="22.395920619538206" lon="114.01905963268413"><ele>188.74824030995387</ele><time>2022-11-05T05:41:02Z</time></trkpt><trkpt lat="22.39594340669381" lon="114.01907130312651"><ele>188.70588146460636</ele><time>2022-11-05T05:41:04Z</time></trkpt><trkpt lat="22.39597113424661" lon="114.01907533714022"><ele>188.31209057274577</ele><time>2022-11-05T05:41:06Z</time></trkpt><trkpt lat="22.395995223307008" lon="114.01907664478237"><ele>187.63787160383265</ele><time>2022-11-05T05:41:08Z</time></trkpt><trkpt lat="22.39601340666909" lon="114.01907881595119"><ele>186.5359644234767</ele><time>2022-11-05T05:41:10Z</time></trkpt><trkpt lat="22.396030489753596" lon="114.01908615134376"><ele>186.11335134230808</ele><time>2022-11-05T05:41:12Z</time></trkpt><trkpt lat="22.396058939899554" lon="114.01909499981791"><ele>185.99996371881065</ele><time>2022-11-05T05:41:16Z</time></trkpt><trkpt lat="22.396092170156447" lon="114.01910684746157"><ele>185.22811485255676</ele><time>2022-11-05T05:41:20Z</time></trkpt><trkpt lat="22.39611680157693" lon="114.01911831598349"><ele>182.48178927925164</ele><time>2022-11-05T05:41:22Z</time></trkpt><trkpt lat="22.39613779173434" lon="114.01912432255617"><ele>181.9833846439795</ele><time>2022-11-05T05:41:24Z</time></trkpt><trkpt lat="22.39615956276251" lon="114.01912800697531"><ele>182.44947112745928</ele><time>2022-11-05T05:41:26Z</time></trkpt><trkpt lat="22.396228932604195" lon="114.01913369857994"><ele>181.83643534701548</ele><time>2022-11-05T05:41:28Z</time></trkpt><trkpt lat="22.396254459282233" lon="114.01912920617882"><ele>181.6600262301475</ele><time>2022-11-05T05:41:30Z</time></trkpt><trkpt lat="22.396284156567116" lon="114.01911584545208"><ele>180.49689184160803</ele><time>2022-11-05T05:41:34Z</time></trkpt><trkpt lat="22.396304259192974" lon="114.01911176051172"><ele>179.8425703517118</ele><time>2022-11-05T05:41:36Z</time></trkpt><trkpt lat="22.39632290429095" lon="114.01910769117637"><ele>179.51368596251532</ele><time>2022-11-05T05:41:38Z</time></trkpt><trkpt lat="22.396344646392485" lon="114.01910387892576"><ele>179.4951969748303</ele><time>2022-11-05T05:41:40Z</time></trkpt><trkpt lat="22.39636117654754" lon="114.01909434050947"><ele>179.37962572654823</ele><time>2022-11-05T05:41:42Z</time></trkpt><trkpt lat="22.39637418844382" lon="114.01907955927446"><ele>179.40804410798938</ele><time>2022-11-05T05:41:44Z</time></trkpt><trkpt lat="22.39639268984299" lon="114.01906571127259"><ele>179.54638052565696</ele><time>2022-11-05T05:41:46Z</time></trkpt><trkpt lat="22.396412495710216" lon="114.01905931318215"><ele>179.49860849959492</ele><time>2022-11-05T05:41:48Z</time></trkpt><trkpt lat="22.39643114220957" lon="114.01904632646807"><ele>179.29395380349735</ele><time>2022-11-05T05:41:50Z</time></trkpt><trkpt lat="22.39644777102159" lon="114.01903287753798"><ele>179.35551773434787</ele><time>2022-11-05T05:41:52Z</time></trkpt><trkpt lat="22.39646422768419" lon="114.01902270288518"><ele>179.55061922975344</ele><time>2022-11-05T05:41:54Z</time></trkpt><trkpt lat="22.396484299588245" lon="114.01901393756133"><ele>179.5819651284687</ele><time>2022-11-05T05:41:56Z</time></trkpt><trkpt lat="22.39652071366687" lon="114.01901454160264"><ele>176.90409610097757</ele><time>2022-11-05T05:42:00Z</time></trkpt><trkpt lat="22.39656214514939" lon="114.01900068475732"><ele>177.02928352174237</ele><time>2022-11-05T05:42:02Z</time></trkpt><trkpt lat="22.396594923250557" lon="114.01898815876422"><ele>176.2581653843153</ele><time>2022-11-05T05:42:04Z</time></trkpt><trkpt lat="22.396615125982624" lon="114.01898357040372"><ele>175.82836214381044</ele><time>2022-11-05T05:42:06Z</time></trkpt><trkpt lat="22.396635678083214" lon="114.01897773298022"><ele>175.35731379792497</ele><time>2022-11-05T05:42:08Z</time></trkpt><trkpt lat="22.396658474105536" lon="114.0189733223238"><ele>175.2473335113141</ele><time>2022-11-05T05:42:10Z</time></trkpt><trkpt lat="22.39668287205529" lon="114.01896329199505"><ele>174.35798975021171</ele><time>2022-11-05T05:42:12Z</time></trkpt><trkpt lat="22.39670806004833" lon="114.01895445850568"><ele>175.6487514474231</ele><time>2022-11-05T05:42:14Z</time></trkpt><trkpt lat="22.396744130289797" lon="114.01893972222236"><ele>177.34241159004927</ele><time>2022-11-05T05:42:16Z</time></trkpt><trkpt lat="22.396781705280453" lon="114.0189284197258"><ele>179.0120603484856</ele><time>2022-11-05T05:42:18Z</time></trkpt><trkpt lat="22.39680070032603" lon="114.01892089838157"><ele>178.99992343138837</ele><time>2022-11-05T05:42:20Z</time></trkpt><trkpt lat="22.39683115345345" lon="114.01890948356223"><ele>178.5653694594336</ele><time>2022-11-05T05:42:24Z</time></trkpt><trkpt lat="22.39684707309262" lon="114.01889956584635"><ele>178.3489391746237</ele><time>2022-11-05T05:42:26Z</time></trkpt><trkpt lat="22.396856719844852" lon="114.01888305682083"><ele>178.5592615323432</ele><time>2022-11-05T05:42:28Z</time></trkpt><trkpt lat="22.39686876882919" lon="114.01885992211537"><ele>178.54284363466297</ele><time>2022-11-05T05:42:30Z</time></trkpt><trkpt lat="22.396877845089897" lon="114.01883464600644"><ele>178.8334853822492</ele><time>2022-11-05T05:42:32Z</time></trkpt><trkpt lat="22.39689084919493" lon="114.01881538895556"><ele>178.9101378466741</ele><time>2022-11-05T05:42:34Z</time></trkpt><trkpt lat="22.396905459807694" lon="114.0187883469562"><ele>178.7674051978796</ele><time>2022-11-05T05:42:36Z</time></trkpt><trkpt lat="22.396918143341672" lon="114.01876142409007"><ele>178.64797919017445</ele><time>2022-11-05T05:42:38Z</time></trkpt><trkpt lat="22.39692925578709" lon="114.0187406316797"><ele>178.33508498130888</ele><time>2022-11-05T05:42:40Z</time></trkpt><trkpt lat="22.39694227293952" lon="114.0187222396371"><ele>178.0750285281559</ele><time>2022-11-05T05:42:42Z</time></trkpt><trkpt lat="22.396953833470356" lon="114.01869926999323"><ele>178.01724195453014</ele><time>2022-11-05T05:42:44Z</time></trkpt><trkpt lat="22.396969052479545" lon="114.01867855314728"><ele>177.80564454949985</ele><time>2022-11-05T05:42:46Z</time></trkpt><trkpt lat="22.39698299282042" lon="114.01865728120708"><ele>177.8248284346118</ele><time>2022-11-05T05:42:48Z</time></trkpt><trkpt lat="22.396991375842113" lon="114.01863356437484"><ele>177.79402771251065</ele><time>2022-11-05T05:42:50Z</time></trkpt><trkpt lat="22.3969962219051" lon="114.01861128633499"><ele>177.75346669773907</ele><time>2022-11-05T05:42:52Z</time></trkpt><trkpt lat="22.39699821013386" lon="114.01859002403123"><ele>177.79082170372217</ele><time>2022-11-05T05:42:54Z</time></trkpt><trkpt lat="22.397004824275147" lon="114.01856888271016"><ele>177.9674721542276</ele><time>2022-11-05T05:42:56Z</time></trkpt><trkpt lat="22.397014415476754" lon="114.01854749602707"><ele>178.04015161371976</ele><time>2022-11-05T05:42:58Z</time></trkpt><trkpt lat="22.397026011857335" lon="114.01852604073157"><ele>177.6740881304401</ele><time>2022-11-05T05:43:00Z</time></trkpt><trkpt lat="22.39703867367249" lon="114.01850147796195"><ele>177.40015581033498</ele><time>2022-11-05T05:43:02Z</time></trkpt><trkpt lat="22.39705593002522" lon="114.01844694643299"><ele>177.3818271333876</ele><time>2022-11-05T05:43:04Z</time></trkpt><trkpt lat="22.397074301913044" lon="114.01842481719338"><ele>177.557093982419</ele><time>2022-11-05T05:43:06Z</time></trkpt><trkpt lat="22.397091266605827" lon="114.01841284768653"><ele>177.47490782663496</ele><time>2022-11-05T05:43:08Z</time></trkpt><trkpt lat="22.397106621623248" lon="114.01839949734324"><ele>177.19286490302733</ele><time>2022-11-05T05:43:10Z</time></trkpt><trkpt lat="22.3971219766055" lon="114.01838286865201"><ele>176.99216666190745</ele><time>2022-11-05T05:43:12Z</time></trkpt><trkpt lat="22.397150258266784" lon="114.01835734758708"><ele>175.61508630265195</ele><time>2022-11-05T05:43:14Z</time></trkpt><trkpt lat="22.39716907991664" lon="114.01834112989486"><ele>175.29148042104634</ele><time>2022-11-05T05:43:16Z</time></trkpt><trkpt lat="22.397188483388295" lon="114.01833059850225"><ele>175.13041753651922</ele><time>2022-11-05T05:43:18Z</time></trkpt><trkpt lat="22.397212445841383" lon="114.0183204517642"><ele>172.86018237412637</ele><time>2022-11-05T05:43:20Z</time></trkpt><trkpt lat="22.397230328666048" lon="114.01831020916295"><ele>172.48186149363355</ele><time>2022-11-05T05:43:22Z</time></trkpt><trkpt lat="22.39725383539654" lon="114.01829795799429"><ele>172.2121388463568</ele><time>2022-11-05T05:43:24Z</time></trkpt><trkpt lat="22.397277319923052" lon="114.01828849563788"><ele>172.35805799963052</ele><time>2022-11-05T05:43:26Z</time></trkpt><trkpt lat="22.397296072115605" lon="114.01828245910598"><ele>172.62543844140757</ele><time>2022-11-05T05:43:28Z</time></trkpt><trkpt lat="22.39731051519428" lon="114.01826735088524"><ele>172.3902899276794</ele><time>2022-11-05T05:43:30Z</time></trkpt><trkpt lat="22.3973254511183" lon="114.01825299742468"><ele>172.21455814112062</ele><time>2022-11-05T05:43:32Z</time></trkpt><trkpt lat="22.397353226026326" lon="114.01823914626279"><ele>170.7648261978733</ele><time>2022-11-05T05:43:34Z</time></trkpt><trkpt lat="22.39738023908484" lon="114.01821979972948"><ele>171.43247297587266</ele><time>2022-11-05T05:43:36Z</time></trkpt><trkpt lat="22.397402356149925" lon="114.01822044879839"><ele>171.2295953134987</ele><time>2022-11-05T05:43:38Z</time></trkpt><trkpt lat="22.397423460024594" lon="114.01822468565376"><ele>171.13889695230205</ele><time>2022-11-05T05:43:40Z</time></trkpt><trkpt lat="22.39746218899889" lon="114.01822594663335"><ele>172.15816820175561</ele><time>2022-11-05T05:43:42Z</time></trkpt><trkpt lat="22.39748965538792" lon="114.018254379538"><ele>171.7229615649899</ele><time>2022-11-05T05:43:44Z</time></trkpt><trkpt lat="22.397516337404035" lon="114.01828315616343"><ele>172.4664586075611</ele><time>2022-11-05T05:43:46Z</time></trkpt><trkpt lat="22.39754064667896" lon="114.01830754596438"><ele>172.09784009795254</ele><time>2022-11-05T05:43:50Z</time></trkpt><trkpt lat="22.397560011879335" lon="114.01832123323156"><ele>171.98809820305945</ele><time>2022-11-05T05:43:52Z</time></trkpt><trkpt lat="22.397580453396642" lon="114.01833753055254"><ele>171.61087914833104</ele><time>2022-11-05T05:43:54Z</time></trkpt><trkpt lat="22.39759873478405" lon="114.01835525349148"><ele>171.23369708593458</ele><time>2022-11-05T05:43:56Z</time></trkpt><trkpt lat="22.397613182577718" lon="114.0183740628536"><ele>170.95686233315922</ele><time>2022-11-05T05:43:58Z</time></trkpt><trkpt lat="22.39762285780038" lon="114.01840439462873"><ele>168.79379494950675</ele><time>2022-11-05T05:44:00Z</time></trkpt><trkpt lat="22.397626737595154" lon="114.01842918281636"><ele>166.68385650276144</ele><time>2022-11-05T05:44:02Z</time></trkpt><trkpt lat="22.39763342782582" lon="114.01844850758883"><ele>166.50598342445096</ele><time>2022-11-05T05:44:04Z</time></trkpt><trkpt lat="22.397643767561934" lon="114.01847216217473"><ele>166.29445344203927</ele><time>2022-11-05T05:44:06Z</time></trkpt><trkpt lat="22.397668969446066" lon="114.01852172813724"><ele>165.77825160121935</ele><time>2022-11-05T05:44:10Z</time></trkpt><trkpt lat="22.39768396232637" lon="114.01854496508248"><ele>165.20746579275647</ele><time>2022-11-05T05:44:12Z</time></trkpt><trkpt lat="22.397696279603082" lon="114.01856834457811"><ele>164.8084189372121</ele><time>2022-11-05T05:44:14Z</time></trkpt><trkpt lat="22.397709391336676" lon="114.01858700010561"><ele>164.79051347767734</ele><time>2022-11-05T05:44:16Z</time></trkpt><trkpt lat="22.397728700565967" lon="114.01860805846022"><ele>165.0048443899257</ele><time>2022-11-05T05:44:18Z</time></trkpt><trkpt lat="22.397751542639597" lon="114.01863760801723"><ele>161.46147831150975</ele><time>2022-11-05T05:44:22Z</time></trkpt><trkpt lat="22.397778371550313" lon="114.01865185453984"><ele>158.3889163500601</ele><time>2022-11-05T05:44:24Z</time></trkpt><trkpt lat="22.397800535765658" lon="114.01866186844978"><ele>157.03057846773962</ele><time>2022-11-05T05:44:26Z</time></trkpt><trkpt lat="22.397829945242492" lon="114.01866282433974"><ele>156.95645000208256</ele><time>2022-11-05T05:44:30Z</time></trkpt><trkpt lat="22.39786400705658" lon="114.01866588415885"><ele>157.88070758910283</ele><time>2022-11-05T05:44:32Z</time></trkpt><trkpt lat="22.397905313674386" lon="114.0186697902624"><ele>158.87817293442419</ele><time>2022-11-05T05:44:34Z</time></trkpt><trkpt lat="22.397926768043803" lon="114.0186654782982"><ele>158.8752009106049</ele><time>2022-11-05T05:44:36Z</time></trkpt><trkpt lat="22.39794559076193" lon="114.01865490379976"><ele>158.66238177256085</ele><time>2022-11-05T05:44:38Z</time></trkpt><trkpt lat="22.39796582168043" lon="114.0186456166334"><ele>158.3718855615831</ele><time>2022-11-05T05:44:40Z</time></trkpt><trkpt lat="22.39798389544846" lon="114.01863598889766"><ele>158.2167606554822</ele><time>2022-11-05T05:44:42Z</time></trkpt><trkpt lat="22.398003379047" lon="114.01862478536941"><ele>157.94983727241882</ele><time>2022-11-05T05:44:44Z</time></trkpt><trkpt lat="22.398039622181333" lon="114.01860594243412"><ele>157.68439252179218</ele><time>2022-11-05T05:44:48Z</time></trkpt><trkpt lat="22.398074736617932" lon="114.01858880566171"><ele>157.14189524875187</ele><time>2022-11-05T05:44:50Z</time></trkpt><trkpt lat="22.398105293294304" lon="114.01856836291915"><ele>159.06511819954832</ele><time>2022-11-05T05:44:52Z</time></trkpt><trkpt lat="22.39812524400197" lon="114.01855291736196"><ele>160.45548492857992</ele><time>2022-11-05T05:44:54Z</time></trkpt><trkpt lat="22.398150443265248" lon="114.01852943256847"><ele>160.6127288431685</ele><time>2022-11-05T05:44:56Z</time></trkpt><trkpt lat="22.39817423551241" lon="114.0185050436995"><ele>160.5387705559547</ele><time>2022-11-05T05:45:00Z</time></trkpt><trkpt lat="22.398192701016583" lon="114.01849954467876"><ele>160.24861367576793</ele><time>2022-11-05T05:45:02Z</time></trkpt><trkpt lat="22.398212784682258" lon="114.01849477089179"><ele>159.6723133823156</ele><time>2022-11-05T05:45:04Z</time></trkpt><trkpt lat="22.398232952153606" lon="114.01848835200606"><ele>159.30762970673646</ele><time>2022-11-05T05:45:06Z</time></trkpt><trkpt lat="22.398254003212937" lon="114.01848034923641"><ele>157.9752015219225</ele><time>2022-11-05T05:45:08Z</time></trkpt><trkpt lat="22.398283583796424" lon="114.01847270613699"><ele>157.6683826081689</ele><time>2022-11-05T05:45:12Z</time></trkpt><trkpt lat="22.398300799327895" lon="114.01846681673999"><ele>157.50187130606298</ele><time>2022-11-05T05:45:14Z</time></trkpt><trkpt lat="22.398321044785487" lon="114.0184620956869"><ele>157.166757711049</ele><time>2022-11-05T05:45:16Z</time></trkpt><trkpt lat="22.398339594034333" lon="114.01846011231905"><ele>157.06739505705372</ele><time>2022-11-05T05:45:18Z</time></trkpt><trkpt lat="22.398375256427236" lon="114.01845512882815"><ele>156.6146183899532</ele><time>2022-11-05T05:45:20Z</time></trkpt><trkpt lat="22.398396974821804" lon="114.01845060149469"><ele>156.66215373806492</ele><time>2022-11-05T05:45:22Z</time></trkpt><trkpt lat="22.398415264701416" lon="114.01844100044838"><ele>156.81411772411775</ele><time>2022-11-05T05:45:24Z</time></trkpt><trkpt lat="22.398435772248806" lon="114.01842838758665"><ele>156.9151431479416</ele><time>2022-11-05T05:45:26Z</time></trkpt><trkpt lat="22.398457736236207" lon="114.01842306677005"><ele>157.00234992852657</ele><time>2022-11-05T05:45:28Z</time></trkpt><trkpt lat="22.398482117855924" lon="114.01842534589942"><ele>157.21810562396143</ele><time>2022-11-05T05:45:30Z</time></trkpt><trkpt lat="22.398505322665432" lon="114.01843313069973"><ele>157.64545982784463</ele><time>2022-11-05T05:45:32Z</time></trkpt><trkpt lat="22.398525724321182" lon="114.0184360438758"><ele>157.77408290753405</ele><time>2022-11-05T05:45:34Z</time></trkpt><trkpt lat="22.398546307974794" lon="114.01841738979994"><ele>160.3315172390389</ele><time>2022-11-05T05:45:36Z</time></trkpt><trkpt lat="22.398563935139652" lon="114.01839994128608"><ele>156.2952123097153</ele><time>2022-11-05T05:45:38Z</time></trkpt><trkpt lat="22.398583823787746" lon="114.01839424116079"><ele>155.5059578897568</ele><time>2022-11-05T05:45:40Z</time></trkpt><trkpt lat="22.398594541201287" lon="114.01837714820832"><ele>154.61820877667583</ele><time>2022-11-05T05:45:42Z</time></trkpt><trkpt lat="22.39861527411631" lon="114.01835845106322"><ele>154.80075690575725</ele><time>2022-11-05T05:45:44Z</time></trkpt><trkpt lat="22.39863238400731" lon="114.01834918681365"><ele>154.87466976081728</ele><time>2022-11-05T05:45:46Z</time></trkpt><trkpt lat="22.398650476657448" lon="114.01834092842037"><ele>155.23392803630676</ele><time>2022-11-05T05:45:48Z</time></trkpt><trkpt lat="22.39867245769509" lon="114.01833182673619"><ele>155.46026010053401</ele><time>2022-11-05T05:45:50Z</time></trkpt><trkpt lat="22.398696193333166" lon="114.0183167970745"><ele>155.52006377723632</ele><time>2022-11-05T05:45:52Z</time></trkpt><trkpt lat="22.398721220229664" lon="114.01830306080598"><ele>155.55785396465882</ele><time>2022-11-05T05:45:54Z</time></trkpt><trkpt lat="22.39875546211793" lon="114.01828199932757"><ele>156.25201303385865</ele><time>2022-11-05T05:45:56Z</time></trkpt><trkpt lat="22.398797712818467" lon="114.0182651130888"><ele>158.19823237552768</ele><time>2022-11-05T05:46:02Z</time></trkpt><trkpt lat="22.398830495773296" lon="114.01823491905616"><ele>158.11985854170115</ele><time>2022-11-05T05:46:06Z</time></trkpt><trkpt lat="22.398851144639547" lon="114.01822174824521"><ele>158.18216271778573</ele><time>2022-11-05T05:46:08Z</time></trkpt><trkpt lat="22.398873902930138" lon="114.01821074999228"><ele>158.40585839418065</ele><time>2022-11-05T05:46:10Z</time></trkpt><trkpt lat="22.398898477440838" lon="114.01820507059169"><ele>158.3901363837536</ele><time>2022-11-05T05:46:12Z</time></trkpt><trkpt lat="22.39892021894528" lon="114.01820562462726"><ele>158.4368555628728</ele><time>2022-11-05T05:46:14Z</time></trkpt><trkpt lat="22.39894221226952" lon="114.01820986836297"><ele>158.6159951613708</ele><time>2022-11-05T05:46:16Z</time></trkpt><trkpt lat="22.398968381954" lon="114.01821904555395"><ele>158.59272806401447</ele><time>2022-11-05T05:46:18Z</time></trkpt><trkpt lat="22.39898912608886" lon="114.01822129360134"><ele>158.5009655334205</ele><time>2022-11-05T05:46:20Z</time></trkpt><trkpt lat="22.39901065771428" lon="114.01822310088453"><ele>158.42982794770626</ele><time>2022-11-05T05:46:22Z</time></trkpt><trkpt lat="22.399031782747567" lon="114.01822711634864"><ele>158.34111116556295</ele><time>2022-11-05T05:46:24Z</time></trkpt><trkpt lat="22.399054549970323" lon="114.01823136938233"><ele>157.70638106798185</ele><time>2022-11-05T05:46:26Z</time></trkpt><trkpt lat="22.399075938156287" lon="114.01823251590098"><ele>157.46973067342458</ele><time>2022-11-05T05:46:28Z</time></trkpt><trkpt lat="22.399104968402565" lon="114.01823351323627"><ele>157.32386923586478</ele><time>2022-11-05T05:46:30Z</time></trkpt><trkpt lat="22.39914818216911" lon="114.01822812223922"><ele>158.03456306423587</ele><time>2022-11-05T05:46:34Z</time></trkpt><trkpt lat="22.399165576234406" lon="114.01822204119404"><ele>158.94732192126185</ele><time>2022-11-05T05:46:36Z</time></trkpt><trkpt lat="22.399194966282387" lon="114.01821578427062"><ele>158.96886126344307</ele><time>2022-11-05T05:46:38Z</time></trkpt><trkpt lat="22.399226976213235" lon="114.01820016603986"><ele>159.2720212282493</ele><time>2022-11-05T05:46:40Z</time></trkpt><trkpt lat="22.399250308922984" lon="114.0181945028733"><ele>159.26252127076307</ele><time>2022-11-05T05:46:42Z</time></trkpt><trkpt lat="22.39927937322819" lon="114.0181856172194"><ele>159.41703966184733</ele><time>2022-11-05T05:46:46Z</time></trkpt><trkpt lat="22.399313482823164" lon="114.01816961384819"><ele>159.145025977847</ele><time>2022-11-05T05:46:50Z</time></trkpt><trkpt lat="22.399334957145207" lon="114.01816169820854"><ele>158.99129981139836</ele><time>2022-11-05T05:46:52Z</time></trkpt><trkpt lat="22.3993552614838" lon="114.01815842700215"><ele>158.7887934390375</ele><time>2022-11-05T05:46:54Z</time></trkpt><trkpt lat="22.399374427607604" lon="114.01815770299163"><ele>158.4993460637109</ele><time>2022-11-05T05:46:56Z</time></trkpt><trkpt lat="22.399396323833155" lon="114.01815408733809"><ele>158.53379732143753</ele><time>2022-11-05T05:46:58Z</time></trkpt><trkpt lat="22.399416425485494" lon="114.01814489886924"><ele>158.76023893356955</ele><time>2022-11-05T05:47:00Z</time></trkpt><trkpt lat="22.399446897443482" lon="114.01812723138946"><ele>160.05347498785588</ele><time>2022-11-05T05:47:04Z</time></trkpt><trkpt lat="22.399463801153452" lon="114.01811542461765"><ele>160.12998794935586</ele><time>2022-11-05T05:47:06Z</time></trkpt><trkpt lat="22.399484958230804" lon="114.01810824792697"><ele>160.16221661796243</ele><time>2022-11-05T05:47:08Z</time></trkpt><trkpt lat="22.399509633099598" lon="114.01810109537797"><ele>160.34686608651523</ele><time>2022-11-05T05:47:10Z</time></trkpt><trkpt lat="22.39953068750886" lon="114.01809319675931"><ele>160.67093927872884</ele><time>2022-11-05T05:47:12Z</time></trkpt><trkpt lat="22.39954917871527" lon="114.01808531663671"><ele>160.85582825860817</ele><time>2022-11-05T05:47:14Z</time></trkpt><trkpt lat="22.399569412504228" lon="114.01808068519635"><ele>160.8761302697343</ele><time>2022-11-05T05:47:16Z</time></trkpt><trkpt lat="22.399585167446716" lon="114.01807037565692"><ele>161.10158632366148</ele><time>2022-11-05T05:47:18Z</time></trkpt><trkpt lat="22.399603652147068" lon="114.01805959348364"><ele>161.32344201892886</ele><time>2022-11-05T05:47:20Z</time></trkpt><trkpt lat="22.399623006303038" lon="114.01804972791032"><ele>161.4704903348661</ele><time>2022-11-05T05:47:22Z</time></trkpt><trkpt lat="22.399640272558788" lon="114.01804240362364"><ele>161.35575981890273</ele><time>2022-11-05T05:47:24Z</time></trkpt><trkpt lat="22.399672356754397" lon="114.01803773625298"><ele>161.17968377629452</ele><time>2022-11-05T05:47:28Z</time></trkpt><trkpt lat="22.399690380977056" lon="114.01804141234881"><ele>160.65254303009212</ele><time>2022-11-05T05:47:30Z</time></trkpt><trkpt lat="22.3997161263334" lon="114.01805969787874"><ele>156.26563567018107</ele><time>2022-11-05T05:47:32Z</time></trkpt><trkpt lat="22.399731311227715" lon="114.01807892417602"><ele>153.4558802467736</ele><time>2022-11-05T05:47:34Z</time></trkpt><trkpt lat="22.399737610485193" lon="114.01810648054098"><ele>153.0765744056385</ele><time>2022-11-05T05:47:36Z</time></trkpt><trkpt lat="22.39974702785127" lon="114.01813207894882"><ele>152.06396291563905</ele><time>2022-11-05T05:47:40Z</time></trkpt><trkpt lat="22.399772405568818" lon="114.01815505517588"><ele>150.62092431313943</ele><time>2022-11-05T05:47:44Z</time></trkpt><trkpt lat="22.399811793907993" lon="114.0181559199255"><ele>150.8012641817374</ele><time>2022-11-05T05:47:48Z</time></trkpt><trkpt lat="22.39983775001203" lon="114.01814887534468"><ele>150.7031410416486</ele><time>2022-11-05T05:47:50Z</time></trkpt><trkpt lat="22.399873377878777" lon="114.01814212091816"><ele>150.23804081380067</ele><time>2022-11-05T05:47:52Z</time></trkpt><trkpt lat="22.399905119525748" lon="114.01814030017755"><ele>150.31965399857071</ele><time>2022-11-05T05:47:54Z</time></trkpt><trkpt lat="22.399936881886173" lon="114.01813250711713"><ele>150.70558772095168</ele><time>2022-11-05T05:47:56Z</time></trkpt><trkpt lat="22.399963369952253" lon="114.01812026165315"><ele>150.82081607795396</ele><time>2022-11-05T05:47:58Z</time></trkpt><trkpt lat="22.399983123446887" lon="114.0181110832423"><ele>150.94153374356412</ele><time>2022-11-05T05:48:00Z</time></trkpt><trkpt lat="22.400000213856117" lon="114.01809532415294"><ele>151.0215728574866</ele><time>2022-11-05T05:48:02Z</time></trkpt><trkpt lat="22.400014378749777" lon="114.01807747099211"><ele>151.1640390954992</ele><time>2022-11-05T05:48:04Z</time></trkpt><trkpt lat="22.40003681789636" lon="114.01804994314445"><ele>151.61455431778035</ele><time>2022-11-05T05:48:08Z</time></trkpt><trkpt lat="22.400040617655694" lon="114.01802501517682"><ele>153.32824335571837</ele><time>2022-11-05T05:48:10Z</time></trkpt><trkpt lat="22.400059705570847" lon="114.01799766471767"><ele>153.89768017133036</ele><time>2022-11-05T05:48:12Z</time></trkpt><trkpt lat="22.4000563934301" lon="114.01796797328164"><ele>155.06923805333807</ele><time>2022-11-05T05:48:14Z</time></trkpt><trkpt lat="22.400064603847976" lon="114.01794972406485"><ele>156.02525690214196</ele><time>2022-11-05T05:48:16Z</time></trkpt><trkpt lat="22.400080682519175" lon="114.0179238871155"><ele>157.25338920246483</ele><time>2022-11-05T05:48:18Z</time></trkpt><trkpt lat="22.40009455760259" lon="114.01790147650631"><ele>157.55857654270008</ele><time>2022-11-05T05:48:20Z</time></trkpt><trkpt lat="22.400103546425143" lon="114.01788458986682"><ele>157.49381796159207</ele><time>2022-11-05T05:48:22Z</time></trkpt><trkpt lat="22.40012659891982" lon="114.01785942601671"><ele>157.5908376176043</ele><time>2022-11-05T05:48:26Z</time></trkpt><trkpt lat="22.400143788797063" lon="114.01784674464727"><ele>157.5796030195519</ele><time>2022-11-05T05:48:28Z</time></trkpt><trkpt lat="22.400163934446223" lon="114.01783587100617"><ele>157.53463043964481</ele><time>2022-11-05T05:48:30Z</time></trkpt><trkpt lat="22.400187756029517" lon="114.01782802017077"><ele>157.6049145599636</ele><time>2022-11-05T05:48:32Z</time></trkpt><trkpt lat="22.40021637986255" lon="114.01780497112665"><ele>157.3402784015227</ele><time>2022-11-05T05:48:34Z</time></trkpt><trkpt lat="22.400238403575138" lon="114.01779795073364"><ele>155.60523128894243</ele><time>2022-11-05T05:48:36Z</time></trkpt><trkpt lat="22.40026777715544" lon="114.01780043607009"><ele>153.38512482530396</ele><time>2022-11-05T05:48:38Z</time></trkpt><trkpt lat="22.400301001354006" lon="114.01780331345633"><ele>153.6611721934294</ele><time>2022-11-05T05:48:40Z</time></trkpt><trkpt lat="22.400330938209187" lon="114.01779780469872"><ele>153.24017884742838</ele><time>2022-11-05T05:48:42Z</time></trkpt><trkpt lat="22.40036519502424" lon="114.01778228688748"><ele>153.590534044581</ele><time>2022-11-05T05:48:46Z</time></trkpt><trkpt lat="22.400396916710005" lon="114.0177663023148"><ele>154.04314354071434</ele><time>2022-11-05T05:48:50Z</time></trkpt><trkpt lat="22.40042606693874" lon="114.01774540469478"><ele>154.36072716640643</ele><time>2022-11-05T05:48:54Z</time></trkpt><trkpt lat="22.40044406128249" lon="114.01773055133631"><ele>154.56766519295442</ele><time>2022-11-05T05:48:56Z</time></trkpt><trkpt lat="22.400461657888552" lon="114.01771597339416"><ele>154.5305007937612</ele><time>2022-11-05T05:48:58Z</time></trkpt><trkpt lat="22.40047746172122" lon="114.01770156276102"><ele>154.69922994997356</ele><time>2022-11-05T05:49:00Z</time></trkpt><trkpt lat="22.400508315891003" lon="114.01768326401319"><ele>154.9873865494692</ele><time>2022-11-05T05:49:04Z</time></trkpt><trkpt lat="22.4005281142158" lon="114.017679030641"><ele>155.01545208720844</ele><time>2022-11-05T05:49:06Z</time></trkpt><trkpt lat="22.400549556136454" lon="114.01767584194171"><ele>154.99800223170823</ele><time>2022-11-05T05:49:08Z</time></trkpt><trkpt lat="22.400570764525384" lon="114.01767538273853"><ele>155.13197395075423</ele><time>2022-11-05T05:49:10Z</time></trkpt><trkpt lat="22.400605777048654" lon="114.01766701587083"><ele>154.96731255930288</ele><time>2022-11-05T05:49:14Z</time></trkpt><trkpt lat="22.40062746192462" lon="114.01766943592824"><ele>155.04361362054527</ele><time>2022-11-05T05:49:16Z</time></trkpt><trkpt lat="22.400651134964665" lon="114.01766374941843"><ele>154.96171638245167</ele><time>2022-11-05T05:49:18Z</time></trkpt><trkpt lat="22.400673661203918" lon="114.01765342212161"><ele>154.86400050973594</ele><time>2022-11-05T05:49:20Z</time></trkpt><trkpt lat="22.400694647898284" lon="114.0176470204026"><ele>154.75861456024265</ele><time>2022-11-05T05:49:22Z</time></trkpt><trkpt lat="22.400717317870726" lon="114.0176447564322"><ele>154.531601431235</ele><time>2022-11-05T05:49:24Z</time></trkpt><trkpt lat="22.40074042735079" lon="114.0176421063985"><ele>154.78883818327157</ele><time>2022-11-05T05:49:26Z</time></trkpt><trkpt lat="22.400761716320797" lon="114.01764008383671"><ele>155.31544129873285</ele><time>2022-11-05T05:49:28Z</time></trkpt><trkpt lat="22.400782842668566" lon="114.01764135228196"><ele>155.4181221082003</ele><time>2022-11-05T05:49:30Z</time></trkpt><trkpt lat="22.400805290367472" lon="114.0176454371088"><ele>155.22864863325577</ele><time>2022-11-05T05:49:32Z</time></trkpt><trkpt lat="22.400825371179632" lon="114.01764977645504"><ele>155.36495512074293</ele><time>2022-11-05T05:49:34Z</time></trkpt><trkpt lat="22.400857074447686" lon="114.01765323263866"><ele>155.72160816000599</ele><time>2022-11-05T05:49:36Z</time></trkpt><trkpt lat="22.40088048061841" lon="114.01765727347035"><ele>156.19427828908954</ele><time>2022-11-05T05:49:38Z</time></trkpt><trkpt lat="22.400907360668757" lon="114.0176579083777"><ele>156.42120495199612</ele><time>2022-11-05T05:49:40Z</time></trkpt><trkpt lat="22.4009313202344" lon="114.01765662819797"><ele>157.15464825907614</ele><time>2022-11-05T05:49:42Z</time></trkpt><trkpt lat="22.400955790088407" lon="114.01766112268373"><ele>157.26053268643116</ele><time>2022-11-05T05:49:44Z</time></trkpt><trkpt lat="22.400974304891253" lon="114.01765964176022"><ele>158.00745554081848</ele><time>2022-11-05T05:49:46Z</time></trkpt><trkpt lat="22.400993952714305" lon="114.0176614116557"><ele>157.90450239367436</ele><time>2022-11-05T05:49:48Z</time></trkpt><trkpt lat="22.401014002426162" lon="114.01766306428362"><ele>157.80903349872585</ele><time>2022-11-05T05:49:50Z</time></trkpt><trkpt lat="22.401034645611553" lon="114.0176590309652"><ele>157.8130666652404</ele><time>2022-11-05T05:49:52Z</time></trkpt><trkpt lat="22.401054097956532" lon="114.01764851982443"><ele>157.69198431676443</ele><time>2022-11-05T05:49:54Z</time></trkpt><trkpt lat="22.40107404830312" lon="114.01763891182597"><ele>157.68852754337567</ele><time>2022-11-05T05:49:56Z</time></trkpt><trkpt lat="22.40109103146776" lon="114.01762991445588"><ele>157.91431918713906</ele><time>2022-11-05T05:49:58Z</time></trkpt><trkpt lat="22.401110537272604" lon="114.01761963898808"><ele>158.0504685206058</ele><time>2022-11-05T05:50:00Z</time></trkpt><trkpt lat="22.40113135856098" lon="114.01761350799548"><ele>158.13651731015872</ele><time>2022-11-05T05:50:02Z</time></trkpt><trkpt lat="22.401151546207426" lon="114.01760640915815"><ele>158.1825810848162</ele><time>2022-11-05T05:50:04Z</time></trkpt><trkpt lat="22.401169625935886" lon="114.01759937844503"><ele>158.08082388866856</ele><time>2022-11-05T05:50:06Z</time></trkpt><trkpt lat="22.40118793682197" lon="114.01759143487777"><ele>157.64737697066198</ele><time>2022-11-05T05:50:08Z</time></trkpt><trkpt lat="22.401210539891267" lon="114.01758073235152"><ele>157.22388898499753</ele><time>2022-11-05T05:50:10Z</time></trkpt><trkpt lat="22.401247502248342" lon="114.01757747077018"><ele>156.67700763442676</ele><time>2022-11-05T05:50:12Z</time></trkpt><trkpt lat="22.401285832677296" lon="114.01756760069948"><ele>155.85700056193576</ele><time>2022-11-05T05:50:14Z</time></trkpt><trkpt lat="22.40130202012584" lon="114.01755113119391"><ele>156.50630592164111</ele><time>2022-11-05T05:50:20Z</time></trkpt><trkpt lat="22.401311745993365" lon="114.01753304457715"><ele>157.55048754853885</ele><time>2022-11-05T05:50:24Z</time></trkpt><trkpt lat="22.40132663152595" lon="114.0175001289711"><ele>159.14323463477533</ele><time>2022-11-05T05:50:28Z</time></trkpt><trkpt lat="22.401339817258624" lon="114.01748048826067"><ele>158.80372543400077</ele><time>2022-11-05T05:50:30Z</time></trkpt><trkpt lat="22.401364772118352" lon="114.01747077564734"><ele>158.1715429405925</ele><time>2022-11-05T05:50:36Z</time></trkpt><trkpt lat="22.401395365209098" lon="114.01745236005772"><ele>157.66406441122706</ele><time>2022-11-05T05:50:40Z</time></trkpt><trkpt lat="22.401412530528848" lon="114.0174424034843"><ele>157.5943135053057</ele><time>2022-11-05T05:50:42Z</time></trkpt><trkpt lat="22.401433207427985" lon="114.01743060915443"><ele>157.51583916242333</ele><time>2022-11-05T05:50:44Z</time></trkpt><trkpt lat="22.401455056363275" lon="114.017413314125"><ele>157.5659931578293</ele><time>2022-11-05T05:50:46Z</time></trkpt><trkpt lat="22.4014758394561" lon="114.0174000517696"><ele>157.85869277554877</ele><time>2022-11-05T05:50:48Z</time></trkpt><trkpt lat="22.40149773180647" lon="114.0173843444893"><ele>157.92938832017663</ele><time>2022-11-05T05:50:50Z</time></trkpt><trkpt lat="22.401517806634633" lon="114.01737799013702"><ele>158.0147544985458</ele><time>2022-11-05T05:50:52Z</time></trkpt><trkpt lat="22.401535603980946" lon="114.0173704840217"><ele>158.42477397814446</ele><time>2022-11-05T05:50:54Z</time></trkpt><trkpt lat="22.401552389067653" lon="114.01736120533074"><ele>158.57692774887252</ele><time>2022-11-05T05:50:56Z</time></trkpt><trkpt lat="22.40156964889705" lon="114.01734716315457"><ele>158.74473552136874</ele><time>2022-11-05T05:50:58Z</time></trkpt><trkpt lat="22.401588456198027" lon="114.01733725338975"><ele>159.00594195794127</ele><time>2022-11-05T05:51:00Z</time></trkpt><trkpt lat="22.401604942429117" lon="114.0173275187083"><ele>159.09398171033277</ele><time>2022-11-05T05:51:02Z</time></trkpt><trkpt lat="22.40163304029548" lon="114.01730463085774"><ele>158.98043896728632</ele><time>2022-11-05T05:51:06Z</time></trkpt><trkpt lat="22.401647028491404" lon="114.01729193016479"><ele>159.05109410476547</ele><time>2022-11-05T05:51:08Z</time></trkpt><trkpt lat="22.401663314866337" lon="114.01728157170253"><ele>159.2505736867783</ele><time>2022-11-05T05:51:10Z</time></trkpt><trkpt lat="22.40168017375712" lon="114.01727281366553"><ele>159.16019776901027</ele><time>2022-11-05T05:51:12Z</time></trkpt><trkpt lat="22.40171220418703" lon="114.01725966180474"><ele>159.46533405628028</ele><time>2022-11-05T05:51:16Z</time></trkpt><trkpt lat="22.401734326549594" lon="114.01725544445313"><ele>159.92840013443148</ele><time>2022-11-05T05:51:18Z</time></trkpt><trkpt lat="22.401753397275744" lon="114.0172512383893"><ele>160.0731742314294</ele><time>2022-11-05T05:51:20Z</time></trkpt><trkpt lat="22.401770602821188" lon="114.01724511604665"><ele>160.34552261101538</ele><time>2022-11-05T05:51:22Z</time></trkpt><trkpt lat="22.401798082325055" lon="114.01723254143667"><ele>160.28568891304838</ele><time>2022-11-05T05:51:28Z</time></trkpt><trkpt lat="22.401812130159552" lon="114.0172191169706"><ele>159.88270845709494</ele><time>2022-11-05T05:51:30Z</time></trkpt><trkpt lat="22.401829453458603" lon="114.01721016371235"><ele>159.6769914632051</ele><time>2022-11-05T05:51:32Z</time></trkpt><trkpt lat="22.401850277967615" lon="114.01720571870808"><ele>159.79033236838515</ele><time>2022-11-05T05:51:34Z</time></trkpt><trkpt lat="22.401871756065947" lon="114.01719660242752"><ele>159.93614099018362</ele><time>2022-11-05T05:51:36Z</time></trkpt><trkpt lat="22.401891973173363" lon="114.01718423685486"><ele>160.33354060681287</ele><time>2022-11-05T05:51:38Z</time></trkpt><trkpt lat="22.401914840221554" lon="114.01716301256145"><ele>160.82145693757602</ele><time>2022-11-05T05:51:42Z</time></trkpt><trkpt lat="22.401924272878833" lon="114.01714350810698"><ele>160.77300228563251</ele><time>2022-11-05T05:51:44Z</time></trkpt><trkpt lat="22.40193561286388" lon="114.01712337117789"><ele>160.59654794099592</ele><time>2022-11-05T05:51:46Z</time></trkpt><trkpt lat="22.401946327483316" lon="114.01710553736474"><ele>160.8466637006431</ele><time>2022-11-05T05:51:48Z</time></trkpt><trkpt lat="22.401957328227155" lon="114.01708459333777"><ele>160.93294196574305</ele><time>2022-11-05T05:51:50Z</time></trkpt><trkpt lat="22.401969007391443" lon="114.01706941577847"><ele>160.86677254537804</ele><time>2022-11-05T05:51:52Z</time></trkpt><trkpt lat="22.401997100057283" lon="114.01704261622575"><ele>161.4974265250795</ele><time>2022-11-05T05:51:56Z</time></trkpt><trkpt lat="22.402016937032425" lon="114.01703077738915"><ele>161.60191121497934</ele><time>2022-11-05T05:51:58Z</time></trkpt><trkpt lat="22.402036612912962" lon="114.01701747427627"><ele>161.35137469248332</ele><time>2022-11-05T05:52:00Z</time></trkpt><trkpt lat="22.402057448132524" lon="114.01700374317252"><ele>161.04474422458685</ele><time>2022-11-05T05:52:02Z</time></trkpt><trkpt lat="22.40208023720529" lon="114.0169914306289"><ele>160.5066720979774</ele><time>2022-11-05T05:52:04Z</time></trkpt><trkpt lat="22.40210189868901" lon="114.0169836197719"><ele>159.93272235350602</ele><time>2022-11-05T05:52:06Z</time></trkpt><trkpt lat="22.40212264235199" lon="114.01698440507737"><ele>159.25469511250074</ele><time>2022-11-05T05:52:08Z</time></trkpt><trkpt lat="22.402141726222514" lon="114.01699225388171"><ele>158.58966175214067</ele><time>2022-11-05T05:52:10Z</time></trkpt><trkpt lat="22.402156900161124" lon="114.0170129171008"><ele>157.86548627245904</ele><time>2022-11-05T05:52:12Z</time></trkpt><trkpt lat="22.40216297403546" lon="114.01703696195877"><ele>157.37484578316466</ele><time>2022-11-05T05:52:14Z</time></trkpt><trkpt lat="22.402166396738732" lon="114.01705742299593"><ele>156.81529281779962</ele><time>2022-11-05T05:52:16Z</time></trkpt><trkpt lat="22.40217376813293" lon="114.0170792858516"><ele>156.43448733566356</ele><time>2022-11-05T05:52:18Z</time></trkpt><trkpt lat="22.402182195149194" lon="114.01710039256797"><ele>156.20488319265584</ele><time>2022-11-05T05:52:20Z</time></trkpt><trkpt lat="22.402196249269082" lon="114.01712760233261"><ele>155.55105213013564</ele><time>2022-11-05T05:52:24Z</time></trkpt><trkpt lat="22.40220698755837" lon="114.0171568501895"><ele>155.1136645216195</ele><time>2022-11-05T05:52:28Z</time></trkpt><trkpt lat="22.40220503865989" lon="114.01718567149727"><ele>154.6742393324679</ele><time>2022-11-05T05:52:30Z</time></trkpt><trkpt lat="22.40220333785129" lon="114.01721496671166"><ele>153.50667707961415</ele><time>2022-11-05T05:52:34Z</time></trkpt><trkpt lat="22.402205101252953" lon="114.01724085675315"><ele>150.65351926817868</ele><time>2022-11-05T05:52:38Z</time></trkpt><trkpt lat="22.402229385452536" lon="114.0172590928229"><ele>150.6753390260975</ele><time>2022-11-05T05:52:40Z</time></trkpt><trkpt lat="22.402229025861484" lon="114.01728399258607"><ele>150.25069499615657</ele><time>2022-11-05T05:52:44Z</time></trkpt><trkpt lat="22.402218387124343" lon="114.01731457597818"><ele>149.89232469132338</ele><time>2022-11-05T05:52:48Z</time></trkpt><trkpt lat="22.402224242847197" lon="114.0173448589861"><ele>149.91231548185277</ele><time>2022-11-05T05:52:52Z</time></trkpt><trkpt lat="22.402232956322987" lon="114.01737592109488"><ele>149.5947544914681</ele><time>2022-11-05T05:52:56Z</time></trkpt><trkpt lat="22.4022503523454" lon="114.01739644869454"><ele>147.19608883552397</ele><time>2022-11-05T05:52:58Z</time></trkpt><trkpt lat="22.402274868369137" lon="114.01740481934479"><ele>146.54524539452208</ele><time>2022-11-05T05:53:00Z</time></trkpt><trkpt lat="22.402295426560265" lon="114.01740917162068"><ele>146.5985376358083</ele><time>2022-11-05T05:53:02Z</time></trkpt><trkpt lat="22.40231277598912" lon="114.01740368970124"><ele>146.69454383204416</ele><time>2022-11-05T05:53:04Z</time></trkpt><trkpt lat="22.402330843549283" lon="114.01739087900009"><ele>146.84531215085187</ele><time>2022-11-05T05:53:06Z</time></trkpt><trkpt lat="22.402357278009735" lon="114.01737267087951"><ele>147.21495848003016</ele><time>2022-11-05T05:53:10Z</time></trkpt><trkpt lat="22.402374481065397" lon="114.0173552431986"><ele>147.15212039405935</ele><time>2022-11-05T05:53:14Z</time></trkpt><trkpt lat="22.40240098421919" lon="114.01734483015024"><ele>146.74283714180416</ele><time>2022-11-05T05:53:18Z</time></trkpt><trkpt lat="22.40242047973703" lon="114.01734465005615"><ele>146.7500951464055</ele><time>2022-11-05T05:53:20Z</time></trkpt><trkpt lat="22.402454837169625" lon="114.01736277879968"><ele>146.46806716322158</ele><time>2022-11-05T05:53:24Z</time></trkpt><trkpt lat="22.402472339681513" lon="114.01737335052935"><ele>146.2891099672312</ele><time>2022-11-05T05:53:26Z</time></trkpt><trkpt lat="22.402492517118333" lon="114.01738116199469"><ele>146.08454748863144</ele><time>2022-11-05T05:53:28Z</time></trkpt><trkpt lat="22.40251910344591" lon="114.01739168526686"><ele>145.7027772014927</ele><time>2022-11-05T05:53:30Z</time></trkpt><trkpt lat="22.40253564758703" lon="114.01740727801564"><ele>145.29184282059038</ele><time>2022-11-05T05:53:32Z</time></trkpt><trkpt lat="22.40255456374745" lon="114.01743093677068"><ele>145.3199415392366</ele><time>2022-11-05T05:53:36Z</time></trkpt><trkpt lat="22.402565837277695" lon="114.01744623113086"><ele>145.08971908925693</ele><time>2022-11-05T05:53:38Z</time></trkpt><trkpt lat="22.402582737665345" lon="114.01746753524453"><ele>144.6699095304203</ele><time>2022-11-05T05:53:40Z</time></trkpt><trkpt lat="22.402611708954417" lon="114.01748683254375"><ele>144.45726489891248</ele><time>2022-11-05T05:53:44Z</time></trkpt><trkpt lat="22.40264884947422" lon="114.01749676773984"><ele>144.40242797584247</ele><time>2022-11-05T05:53:48Z</time></trkpt><trkpt lat="22.402684850046185" lon="114.01751221533024"><ele>144.17896159189925</ele><time>2022-11-05T05:53:52Z</time></trkpt><trkpt lat="22.402702593959333" lon="114.01752280800015"><ele>144.27189214502593</ele><time>2022-11-05T05:53:54Z</time></trkpt><trkpt lat="22.402721457744775" lon="114.01753052882906"><ele>144.25649786516072</ele><time>2022-11-05T05:53:56Z</time></trkpt><trkpt lat="22.40274205659881" lon="114.01753272028286"><ele>144.0445518632971</ele><time>2022-11-05T05:53:58Z</time></trkpt><trkpt lat="22.402769492515198" lon="114.01753508363893"><ele>143.17542781762566</ele><time>2022-11-05T05:54:02Z</time></trkpt><trkpt lat="22.4028005694167" lon="114.01754924543813"><ele>142.84515197787888</ele><time>2022-11-05T05:54:06Z</time></trkpt><trkpt lat="22.402820472163064" lon="114.01755913370734"><ele>142.51957059114898</ele><time>2022-11-05T05:54:08Z</time></trkpt><trkpt lat="22.402855949667348" lon="114.01757818623447"><ele>141.78671848994304</ele><time>2022-11-05T05:54:10Z</time></trkpt><trkpt lat="22.40288844063266" lon="114.017576466601"><ele>141.35602529252853</ele><time>2022-11-05T05:54:12Z</time></trkpt><trkpt lat="22.40291085919373" lon="114.01760222141837"><ele>141.2926192266537</ele><time>2022-11-05T05:54:18Z</time></trkpt><trkpt lat="22.402928470016796" lon="114.01761308479409"><ele>140.9930727635477</ele><time>2022-11-05T05:54:22Z</time></trkpt><trkpt lat="22.402963250047186" lon="114.0176026397785"><ele>144.50862520316878</ele><time>2022-11-05T05:54:26Z</time></trkpt><trkpt lat="22.402978978077304" lon="114.01758058432927"><ele>145.80881704795647</ele><time>2022-11-05T05:54:28Z</time></trkpt><trkpt lat="22.40299330070489" lon="114.01756381601732"><ele>145.90075510860635</ele><time>2022-11-05T05:54:30Z</time></trkpt><trkpt lat="22.403008294564177" lon="114.01754376291925"><ele>145.91438655513608</ele><time>2022-11-05T05:54:32Z</time></trkpt><trkpt lat="22.403019836657197" lon="114.01751728892967"><ele>145.9173331264685</ele><time>2022-11-05T05:54:34Z</time></trkpt><trkpt lat="22.403028917492758" lon="114.0174921567181"><ele>146.0899456069272</ele><time>2022-11-05T05:54:36Z</time></trkpt><trkpt lat="22.40303956925662" lon="114.01747422634138"><ele>146.24082887166887</ele><time>2022-11-05T05:54:38Z</time></trkpt><trkpt lat="22.403055124908974" lon="114.01746021667037"><ele>146.45056519641093</ele><time>2022-11-05T05:54:40Z</time></trkpt><trkpt lat="22.4030722101821" lon="114.01744752779958"><ele>146.69881321502714</ele><time>2022-11-05T05:54:42Z</time></trkpt><trkpt lat="22.403091363637714" lon="114.0174318441102"><ele>146.70182730752902</ele><time>2022-11-05T05:54:44Z</time></trkpt><trkpt lat="22.403113213735338" lon="114.01741963718388"><ele>146.36329451989923</ele><time>2022-11-05T05:54:46Z</time></trkpt><trkpt lat="22.403136363435006" lon="114.01741849412353"><ele>145.90854890035678</ele><time>2022-11-05T05:54:48Z</time></trkpt><trkpt lat="22.403158545825864" lon="114.01742729889219"><ele>145.56843102373884</ele><time>2022-11-05T05:54:50Z</time></trkpt><trkpt lat="22.40319937564818" lon="114.01744925487083"><ele>145.891688567711</ele><time>2022-11-05T05:54:52Z</time></trkpt><trkpt lat="22.403227417939405" lon="114.01745703183425"><ele>146.082414134254</ele><time>2022-11-05T05:54:54Z</time></trkpt><trkpt lat="22.403254406478897" lon="114.01747286693407"><ele>146.238876121911</ele><time>2022-11-05T05:54:56Z</time></trkpt><trkpt lat="22.403273876146333" lon="114.01748695192708"><ele>145.866327880962</ele><time>2022-11-05T05:54:58Z</time></trkpt><trkpt lat="22.403288586560244" lon="114.01749971345066"><ele>145.9002615448515</ele><time>2022-11-05T05:55:00Z</time></trkpt><trkpt lat="22.403317678794412" lon="114.01751365151878"><ele>145.85823396748071</ele><time>2022-11-05T05:55:04Z</time></trkpt><trkpt lat="22.40334532359266" lon="114.01752760417382"><ele>145.61483588699815</ele><time>2022-11-05T05:55:08Z</time></trkpt><trkpt lat="22.403379825633024" lon="114.0175280135886"><ele>145.36241123878423</ele><time>2022-11-05T05:55:12Z</time></trkpt><trkpt lat="22.403396976251557" lon="114.01753972836862"><ele>145.3323895021682</ele><time>2022-11-05T05:55:14Z</time></trkpt><trkpt lat="22.403418281329" lon="114.01755663699836"><ele>145.1671262537711</ele><time>2022-11-05T05:55:18Z</time></trkpt><trkpt lat="22.40344438311768" lon="114.01755403053299"><ele>145.1889342153486</ele><time>2022-11-05T05:55:22Z</time></trkpt><trkpt lat="22.403476249322274" lon="114.01752805031731"><ele>145.0024581069512</ele><time>2022-11-05T05:55:26Z</time></trkpt><trkpt lat="22.403499351447433" lon="114.01751526871351"><ele>144.90427598134573</ele><time>2022-11-05T05:55:28Z</time></trkpt><trkpt lat="22.403524531580953" lon="114.01750531189083"><ele>144.972965924081</ele><time>2022-11-05T05:55:30Z</time></trkpt><trkpt lat="22.40354325163088" lon="114.01750202235567"><ele>145.21834741557666</ele><time>2022-11-05T05:55:32Z</time></trkpt><trkpt lat="22.403574659769674" lon="114.01747815251653"><ele>145.42278389231745</ele><time>2022-11-05T05:55:36Z</time></trkpt><trkpt lat="22.40359270217663" lon="114.01747032534058"><ele>145.23452664078167</ele><time>2022-11-05T05:55:38Z</time></trkpt><trkpt lat="22.403626683232137" lon="114.01747605757335"><ele>144.4554766163283</ele><time>2022-11-05T05:55:42Z</time></trkpt><trkpt lat="22.40366223168239" lon="114.01747403067985"><ele>142.72672604945933</ele><time>2022-11-05T05:55:44Z</time></trkpt><trkpt lat="22.403684526511817" lon="114.01747073937828"><ele>142.64395610853006</ele><time>2022-11-05T05:55:46Z</time></trkpt><trkpt lat="22.40371752127951" lon="114.01747737906085"><ele>142.45943311850348</ele><time>2022-11-05T05:55:50Z</time></trkpt><trkpt lat="22.403739552901886" lon="114.01748156693881"><ele>141.9562524196909</ele><time>2022-11-05T05:55:52Z</time></trkpt><trkpt lat="22.40375948239785" lon="114.01748550707079"><ele>142.1514726478361</ele><time>2022-11-05T05:55:54Z</time></trkpt><trkpt lat="22.40378008162932" lon="114.01749348605564"><ele>142.26920197767413</ele><time>2022-11-05T05:55:56Z</time></trkpt><trkpt lat="22.40379685421528" lon="114.01752074309952"><ele>142.06970364359603</ele><time>2022-11-05T05:56:00Z</time></trkpt><trkpt lat="22.403817232015456" lon="114.01755204680084"><ele>141.90674774169383</ele><time>2022-11-05T05:56:02Z</time></trkpt><trkpt lat="22.40382394633494" lon="114.01757233881376"><ele>142.02550200307104</ele><time>2022-11-05T05:56:04Z</time></trkpt><trkpt lat="22.403831118656342" lon="114.01760675573908"><ele>141.5057027120394</ele><time>2022-11-05T05:56:08Z</time></trkpt><trkpt lat="22.40386029019868" lon="114.01763135563402"><ele>140.68648372364095</ele><time>2022-11-05T05:56:12Z</time></trkpt><trkpt lat="22.40388404538141" lon="114.01763204099151"><ele>140.84625855541933</ele><time>2022-11-05T05:56:14Z</time></trkpt><trkpt lat="22.403911002030753" lon="114.01761374076106"><ele>141.56293282818442</ele><time>2022-11-05T05:56:18Z</time></trkpt><trkpt lat="22.40393547033444" lon="114.0175987596711"><ele>141.43885789572613</ele><time>2022-11-05T05:56:22Z</time></trkpt><trkpt lat="22.403966968573123" lon="114.01758710827372"><ele>140.72179927353838</ele><time>2022-11-05T05:56:26Z</time></trkpt><trkpt lat="22.40400392642712" lon="114.01761682993866"><ele>138.6902688971046</ele><time>2022-11-05T05:56:30Z</time></trkpt><trkpt lat="22.404039326099024" lon="114.01761963016108"><ele>138.88567022489886</ele><time>2022-11-05T05:56:34Z</time></trkpt><trkpt lat="22.404062922292955" lon="114.0176097093719"><ele>138.83993389898004</ele><time>2022-11-05T05:56:44Z</time></trkpt><trkpt lat="22.4040901351775" lon="114.01760483394085"><ele>138.998307945169</ele><time>2022-11-05T05:56:46Z</time></trkpt><trkpt lat="22.404114505984612" lon="114.01759999408607"><ele>139.4787604800415</ele><time>2022-11-05T05:56:48Z</time></trkpt><trkpt lat="22.404137204310853" lon="114.01759012418425"><ele>139.96789232978935</ele><time>2022-11-05T05:56:50Z</time></trkpt><trkpt lat="22.404161067986816" lon="114.01758048463824"><ele>140.42255795310774</ele><time>2022-11-05T05:56:52Z</time></trkpt><trkpt lat="22.404179669859403" lon="114.0175781433296"><ele>140.62884427192387</ele><time>2022-11-05T05:56:54Z</time></trkpt><trkpt lat="22.404197956271936" lon="114.01757770645503"><ele>140.61556348308872</ele><time>2022-11-05T05:56:56Z</time></trkpt><trkpt lat="22.40421738018403" lon="114.01757069038393"><ele>140.66103640633472</ele><time>2022-11-05T05:56:58Z</time></trkpt><trkpt lat="22.404238380982996" lon="114.01756343993712"><ele>140.78323363637335</ele><time>2022-11-05T05:57:00Z</time></trkpt><trkpt lat="22.404258703167613" lon="114.0175616929012"><ele>140.65956549360507</ele><time>2022-11-05T05:57:02Z</time></trkpt><trkpt lat="22.404279352181646" lon="114.01755875913628"><ele>140.68393409547895</ele><time>2022-11-05T05:57:04Z</time></trkpt><trkpt lat="22.40430824922437" lon="114.01754574054453"><ele>141.358710174423</ele><time>2022-11-05T05:57:08Z</time></trkpt><trkpt lat="22.404331900111554" lon="114.01753807555373"><ele>141.28141226490197</ele><time>2022-11-05T05:57:12Z</time></trkpt><trkpt lat="22.40436537267082" lon="114.01753551485582"><ele>140.55226424659392</ele><time>2022-11-05T05:57:16Z</time></trkpt><trkpt lat="22.404394046706404" lon="114.017543284618"><ele>140.75273961203024</ele><time>2022-11-05T05:57:20Z</time></trkpt><trkpt lat="22.404416046547226" lon="114.01753985058977"><ele>140.71778151467893</ele><time>2022-11-05T05:57:22Z</time></trkpt><trkpt lat="22.404439081124032" lon="114.01753455962678"><ele>140.74774283112203</ele><time>2022-11-05T05:57:24Z</time></trkpt><trkpt lat="22.40446640010291" lon="114.01753158394403"><ele>141.26357100548472</ele><time>2022-11-05T05:57:26Z</time></trkpt><trkpt lat="22.404497086570082" lon="114.01752094596151"><ele>141.32220934167935</ele><time>2022-11-05T05:57:30Z</time></trkpt><trkpt lat="22.404516102175954" lon="114.01750804038326"><ele>141.76779000400848</ele><time>2022-11-05T05:57:32Z</time></trkpt><trkpt lat="22.404549687531798" lon="114.01750393348134"><ele>141.99036460712279</ele><time>2022-11-05T05:57:36Z</time></trkpt><trkpt lat="22.4045788303744" lon="114.01748376744784"><ele>142.84001110705813</ele><time>2022-11-05T05:57:40Z</time></trkpt><trkpt lat="22.404601589679384" lon="114.01747055244564"><ele>142.58364965664083</ele><time>2022-11-05T05:57:44Z</time></trkpt><trkpt lat="22.40462947787293" lon="114.01746769133726"><ele>142.0561971307413</ele><time>2022-11-05T05:57:48Z</time></trkpt><trkpt lat="22.404659373671414" lon="114.01745254282673"><ele>141.36882999825062</ele><time>2022-11-05T05:57:52Z</time></trkpt><trkpt lat="22.404677601303323" lon="114.01744866266222"><ele>141.09259285435118</ele><time>2022-11-05T05:57:54Z</time></trkpt><trkpt lat="22.404703275802362" lon="114.0174666499534"><ele>138.6209400804942</ele><time>2022-11-05T05:57:56Z</time></trkpt><trkpt lat="22.404728250316115" lon="114.0174992559636"><ele>138.19356719887216</ele><time>2022-11-05T05:58:00Z</time></trkpt><trkpt lat="22.404749353415305" lon="114.0175250990565"><ele>137.73401684930792</ele><time>2022-11-05T05:58:04Z</time></trkpt><trkpt lat="22.40477188527814" lon="114.01753748123885"><ele>137.46990692775367</ele><time>2022-11-05T05:58:08Z</time></trkpt><trkpt lat="22.4047950105218" lon="114.0175579345884"><ele>136.61411484887924</ele><time>2022-11-05T05:58:12Z</time></trkpt><trkpt lat="22.404814016512848" lon="114.01757544008414"><ele>136.04897808255274</ele><time>2022-11-05T05:58:14Z</time></trkpt><trkpt lat="22.40483213209259" lon="114.01759248681591"><ele>135.6959496562295</ele><time>2022-11-05T05:58:16Z</time></trkpt><trkpt lat="22.404845868942033" lon="114.01760613835727"><ele>135.22774224033614</ele><time>2022-11-05T05:58:18Z</time></trkpt><trkpt lat="22.404861202824243" lon="114.01761657029695"><ele>134.80958594372754</ele><time>2022-11-05T05:58:20Z</time></trkpt><trkpt lat="22.404876503905488" lon="114.0176276391068"><ele>134.2684378648208</ele><time>2022-11-05T05:58:22Z</time></trkpt><trkpt lat="22.404894099386887" lon="114.01763614316347"><ele>133.97823431714045</ele><time>2022-11-05T05:58:24Z</time></trkpt><trkpt lat="22.404917091232882" lon="114.01764143926431"><ele>133.8306823217639</ele><time>2022-11-05T05:58:26Z</time></trkpt><trkpt lat="22.40494118324017" lon="114.01764224004057"><ele>133.73737072136575</ele><time>2022-11-05T05:58:28Z</time></trkpt><trkpt lat="22.404960908136104" lon="114.01764567456496"><ele>133.63418479764832</ele><time>2022-11-05T05:58:30Z</time></trkpt><trkpt lat="22.404986084207835" lon="114.01764878743573"><ele>133.14075794324773</ele><time>2022-11-05T05:58:34Z</time></trkpt><trkpt lat="22.405004633934666" lon="114.01765735230556"><ele>132.718131748717</ele><time>2022-11-05T05:58:36Z</time></trkpt><trkpt lat="22.40504178455396" lon="114.01766789985273"><ele>131.1897181136844</ele><time>2022-11-05T05:58:38Z</time></trkpt><trkpt lat="22.405070421804133" lon="114.01767559840648"><ele>131.61175735165244</ele><time>2022-11-05T05:58:40Z</time></trkpt><trkpt lat="22.40509026516908" lon="114.01767850949228"><ele>130.23708355240944</ele><time>2022-11-05T05:58:42Z</time></trkpt><trkpt lat="22.40511612171788" lon="114.01768720759434"><ele>130.79493301528558</ele><time>2022-11-05T05:58:56Z</time></trkpt><trkpt lat="22.405136584400413" lon="114.0177026088385"><ele>130.88979919762048</ele><time>2022-11-05T05:58:58Z</time></trkpt><trkpt lat="22.405157052288516" lon="114.01772704635978"><ele>131.04357282597283</ele><time>2022-11-05T05:59:02Z</time></trkpt><trkpt lat="22.405168904898044" lon="114.01774349041789"><ele>130.92276837820435</ele><time>2022-11-05T05:59:04Z</time></trkpt><trkpt lat="22.405180042417943" lon="114.01776586692912"><ele>130.50411757032788</ele><time>2022-11-05T05:59:08Z</time></trkpt><trkpt lat="22.40519709658471" lon="114.01777452071092"><ele>130.1919411416716</ele><time>2022-11-05T05:59:12Z</time></trkpt><trkpt lat="22.405209041892277" lon="114.01780239703837"><ele>130.1525206688189</ele><time>2022-11-05T05:59:16Z</time></trkpt><trkpt lat="22.405211540422748" lon="114.01782270710717"><ele>129.91887661020917</ele><time>2022-11-05T05:59:18Z</time></trkpt><trkpt lat="22.40520778974936" lon="114.0178467663089"><ele>129.7012308614343</ele><time>2022-11-05T05:59:20Z</time></trkpt><trkpt lat="22.405201430088617" lon="114.01786711430655"><ele>129.52713513201</ele><time>2022-11-05T05:59:22Z</time></trkpt><trkpt lat="22.405188386445666" lon="114.0178839617617"><ele>129.1065910038104</ele><time>2022-11-05T05:59:24Z</time></trkpt><trkpt lat="22.405191730236687" lon="114.01790363194844"><ele>128.1492379378557</ele><time>2022-11-05T05:59:46Z</time></trkpt><trkpt lat="22.40520518682164" lon="114.0179227931823"><ele>127.99224717623251</ele><time>2022-11-05T05:59:48Z</time></trkpt><trkpt lat="22.4052225205363" lon="114.01793731122902"><ele>127.68852324010003</ele><time>2022-11-05T05:59:50Z</time></trkpt><trkpt lat="22.405238638500844" lon="114.01795044851039"><ele>126.9424948987685</ele><time>2022-11-05T05:59:54Z</time></trkpt><trkpt lat="22.405237588356805" lon="114.01797498078588"><ele>124.43342006574416</ele><time>2022-11-05T06:00:02Z</time></trkpt><trkpt lat="22.40523655105128" lon="114.01800607431856"><ele>124.04409000456913</ele><time>2022-11-05T06:00:06Z</time></trkpt><trkpt lat="22.405243789122267" lon="114.01803878864551"><ele>123.34612793719876</ele><time>2022-11-05T06:00:10Z</time></trkpt><trkpt lat="22.40526133015073" lon="114.01807434078985"><ele>123.54254061517531</ele><time>2022-11-05T06:00:14Z</time></trkpt><trkpt lat="22.405259228570866" lon="114.01810856064715"><ele>120.24359138152559</ele><time>2022-11-05T06:00:18Z</time></trkpt><trkpt lat="22.405254862126036" lon="114.01813536311334"><ele>119.74463698668764</ele><time>2022-11-05T06:00:22Z</time></trkpt><trkpt lat="22.405248382666635" lon="114.01816119221888"><ele>120.04984025106631</ele><time>2022-11-05T06:00:26Z</time></trkpt><trkpt lat="22.405253328755805" lon="114.01819056594155"><ele>119.90607630214896</ele><time>2022-11-05T06:00:30Z</time></trkpt><trkpt lat="22.405267093890192" lon="114.01820648749835"><ele>118.06226475863211</ele><time>2022-11-05T06:00:32Z</time></trkpt><trkpt lat="22.405278933128606" lon="114.01823076703732"><ele>116.27135058331147</ele><time>2022-11-05T06:00:34Z</time></trkpt><trkpt lat="22.405314312534106" lon="114.01825237769224"><ele>115.81724202747581</ele><time>2022-11-05T06:00:38Z</time></trkpt><trkpt lat="22.40533573961227" lon="114.01826224721191"><ele>115.93269151923366</ele><time>2022-11-05T06:00:42Z</time></trkpt><trkpt lat="22.40535120910618" lon="114.01827545725915"><ele>115.82427658705475</ele><time>2022-11-05T06:00:46Z</time></trkpt><trkpt lat="22.405376953188266" lon="114.01828065873265"><ele>116.36506800274474</ele><time>2022-11-05T06:00:50Z</time></trkpt><trkpt lat="22.40539399130249" lon="114.01828872617206"><ele>117.57492387352218</ele><time>2022-11-05T06:00:52Z</time></trkpt><trkpt lat="22.405413102759585" lon="114.0182930068481"><ele>117.78567358528699</ele><time>2022-11-05T06:00:56Z</time></trkpt><trkpt lat="22.405439782483867" lon="114.01829192615187"><ele>118.1042484319717</ele><time>2022-11-05T06:01:00Z</time></trkpt><trkpt lat="22.405478945042013" lon="114.01828168272098"><ele>116.91167320304478</ele><time>2022-11-05T06:01:08Z</time></trkpt><trkpt lat="22.405505479397092" lon="114.01828123864911"><ele>118.26122385864181</ele><time>2022-11-05T06:01:10Z</time></trkpt><trkpt lat="22.405511779281824" lon="114.01830097107414"><ele>118.33628684251437</ele><time>2022-11-05T06:01:12Z</time></trkpt><trkpt lat="22.405525394754676" lon="114.01832556216296"><ele>118.33052293518682</ele><time>2022-11-05T06:01:14Z</time></trkpt><trkpt lat="22.40554516934205" lon="114.01833958328152"><ele>118.13995183723662</ele><time>2022-11-05T06:01:18Z</time></trkpt><trkpt lat="22.40556553839087" lon="114.01834340984558"><ele>118.05221783514885</ele><time>2022-11-05T06:01:22Z</time></trkpt><trkpt lat="22.405595665658502" lon="114.01834308865371"><ele>116.88739922936873</ele><time>2022-11-05T06:01:28Z</time></trkpt><trkpt lat="22.405622967224485" lon="114.01834060810408"><ele>116.30873024410272</ele><time>2022-11-05T06:01:32Z</time></trkpt><trkpt lat="22.405642591910286" lon="114.01834576481669"><ele>115.4348634043113</ele><time>2022-11-05T06:01:34Z</time></trkpt><trkpt lat="22.405672885203433" lon="114.01836597252392"><ele>115.7341134974867</ele><time>2022-11-05T06:01:38Z</time></trkpt><trkpt lat="22.405686280448425" lon="114.018395632599"><ele>113.97421257412087</ele><time>2022-11-05T06:01:40Z</time></trkpt><trkpt lat="22.405699631105758" lon="114.01841787711662"><ele>113.17642931192324</ele><time>2022-11-05T06:01:44Z</time></trkpt><trkpt lat="22.405724304331176" lon="114.01845106078802"><ele>112.56740680242702</ele><time>2022-11-05T06:01:48Z</time></trkpt><trkpt lat="22.405740434091456" lon="114.01846385984216"><ele>112.10369807132395</ele><time>2022-11-05T06:01:52Z</time></trkpt><trkpt lat="22.405758596075877" lon="114.018463103022"><ele>111.77067729185656</ele><time>2022-11-05T06:01:56Z</time></trkpt><trkpt lat="22.405778260862295" lon="114.01845786632262"><ele>112.38700821113841</ele><time>2022-11-05T06:01:58Z</time></trkpt><trkpt lat="22.40580046887719" lon="114.01845352161891"><ele>112.52408321498363</ele><time>2022-11-05T06:02:00Z</time></trkpt><trkpt lat="22.40581851241539" lon="114.01845502402146"><ele>112.6535569645218</ele><time>2022-11-05T06:02:02Z</time></trkpt><trkpt lat="22.40584234514258" lon="114.01845832591947"><ele>113.46707491290371</ele><time>2022-11-05T06:02:06Z</time></trkpt><trkpt lat="22.405879511477064" lon="114.01845590216382"><ele>113.80870333521206</ele><time>2022-11-05T06:02:10Z</time></trkpt><trkpt lat="22.405896974461815" lon="114.01844641999416"><ele>113.66419181022104</ele><time>2022-11-05T06:02:12Z</time></trkpt><trkpt lat="22.40593051943026" lon="114.01843517957754"><ele>114.00811017340128</ele><time>2022-11-05T06:02:16Z</time></trkpt><trkpt lat="22.405951158167994" lon="114.0184252258633"><ele>113.91666062140655</ele><time>2022-11-05T06:02:20Z</time></trkpt><trkpt lat="22.405969100840014" lon="114.01840585906027"><ele>114.29710774207314</ele><time>2022-11-05T06:02:26Z</time></trkpt><trkpt lat="22.405987203454757" lon="114.01839031561647"><ele>113.88159327146909</ele><time>2022-11-05T06:02:30Z</time></trkpt><trkpt lat="22.406008860343004" lon="114.01837094774717"><ele>113.40423108481399</ele><time>2022-11-05T06:02:34Z</time></trkpt><trkpt lat="22.40602363947539" lon="114.0183587049036"><ele>112.93013558299106</ele><time>2022-11-05T06:02:36Z</time></trkpt><trkpt lat="22.406043621908307" lon="114.01835020767243"><ele>112.26892431943587</ele><time>2022-11-05T06:02:38Z</time></trkpt><trkpt lat="22.406065095226577" lon="114.01836117661831"><ele>111.49863276206356</ele><time>2022-11-05T06:02:40Z</time></trkpt><trkpt lat="22.406086204211555" lon="114.0183759656305"><ele>110.29647412648139</ele><time>2022-11-05T06:02:44Z</time></trkpt><trkpt lat="22.406125312858343" lon="114.01838104081895"><ele>109.77066789220851</ele><time>2022-11-05T06:02:48Z</time></trkpt><trkpt lat="22.406160458173215" lon="114.01837925777795"><ele>109.26009060717246</ele><time>2022-11-05T06:02:52Z</time></trkpt><trkpt lat="22.406191350736762" lon="114.01836582493384"><ele>108.62156100455314</ele><time>2022-11-05T06:02:56Z</time></trkpt><trkpt lat="22.406225481803848" lon="114.01835309113146"><ele>108.42132301750384</ele><time>2022-11-05T06:03:00Z</time></trkpt><trkpt lat="22.40625483734217" lon="114.01834992447985"><ele>108.36175998538526</ele><time>2022-11-05T06:03:02Z</time></trkpt><trkpt lat="22.406283830273185" lon="114.01833605144398"><ele>108.48109547874317</ele><time>2022-11-05T06:03:04Z</time></trkpt><trkpt lat="22.406315144514696" lon="114.01832796637497"><ele>108.23318590595808</ele><time>2022-11-05T06:03:06Z</time></trkpt><trkpt lat="22.40633469637375" lon="114.01831973180735"><ele>108.29085569206653</ele><time>2022-11-05T06:03:08Z</time></trkpt><trkpt lat="22.40635240720403" lon="114.01830535580496"><ele>108.26209795511555</ele><time>2022-11-05T06:03:10Z</time></trkpt><trkpt lat="22.406368208803595" lon="114.01828907554676"><ele>108.48307008747183</ele><time>2022-11-05T06:03:12Z</time></trkpt><trkpt lat="22.4063846463551" lon="114.01827440568037"><ele>108.37811160749341</ele><time>2022-11-05T06:03:14Z</time></trkpt><trkpt lat="22.406400842458872" lon="114.0182636385441"><ele>108.10178968406491</ele><time>2022-11-05T06:03:16Z</time></trkpt><trkpt lat="22.406429838549222" lon="114.01824899913517"><ele>107.76647969574063</ele><time>2022-11-05T06:03:20Z</time></trkpt><trkpt lat="22.406460702153375" lon="114.01822172124602"><ele>107.49961110629809</ele><time>2022-11-05T06:03:24Z</time></trkpt><trkpt lat="22.40647923299484" lon="114.01820357852172"><ele>107.55453272763945</ele><time>2022-11-05T06:03:26Z</time></trkpt><trkpt lat="22.406500333666695" lon="114.01819335365037"><ele>107.38372234618362</ele><time>2022-11-05T06:03:28Z</time></trkpt><trkpt lat="22.40652729619857" lon="114.01819413865908"><ele>106.78548772214398</ele><time>2022-11-05T06:03:30Z</time></trkpt><trkpt lat="22.4065579948759" lon="114.01819049126532"><ele>106.61540418119579</ele><time>2022-11-05T06:03:32Z</time></trkpt><trkpt lat="22.40657849800721" lon="114.01818521103881"><ele>107.02588134215786</ele><time>2022-11-05T06:03:34Z</time></trkpt><trkpt lat="22.40659942207213" lon="114.01818374884225"><ele>106.05488419590647</ele><time>2022-11-05T06:03:36Z</time></trkpt><trkpt lat="22.40661851070875" lon="114.018179922037"><ele>106.0645764637636</ele><time>2022-11-05T06:03:38Z</time></trkpt><trkpt lat="22.40664704202799" lon="114.01817469843891"><ele>106.24483668388685</ele><time>2022-11-05T06:03:42Z</time></trkpt><trkpt lat="22.406665232538657" lon="114.01817541342454"><ele>106.14915086666127</ele><time>2022-11-05T06:03:44Z</time></trkpt><trkpt lat="22.4066841616027" lon="114.01817489472653"><ele>106.10818535020826</ele><time>2022-11-05T06:03:46Z</time></trkpt><trkpt lat="22.4067062474132" lon="114.01815417725216"><ele>105.31383465671317</ele><time>2022-11-05T06:03:50Z</time></trkpt><trkpt lat="22.406729677126336" lon="114.01813396228302"><ele>107.4724023868965</ele><time>2022-11-05T06:03:52Z</time></trkpt><trkpt lat="22.406748905468458" lon="114.0181446334792"><ele>108.53979631670124</ele><time>2022-11-05T06:03:58Z</time></trkpt><trkpt lat="22.406780997612007" lon="114.01816528416435"><ele>108.32362401689252</ele><time>2022-11-05T06:04:02Z</time></trkpt><trkpt lat="22.40680134216448" lon="114.01817933928439"><ele>108.32092596256561</ele><time>2022-11-05T06:04:04Z</time></trkpt><trkpt lat="22.406818599057686" lon="114.01819249075609"><ele>108.38098843621503</ele><time>2022-11-05T06:04:06Z</time></trkpt><trkpt lat="22.40684042398177" lon="114.01821304797035"><ele>108.66414869079573</ele><time>2022-11-05T06:04:10Z</time></trkpt><trkpt lat="22.40681551044858" lon="114.01820305029959"><ele>110.38476673299333</ele><time>2022-11-05T06:04:22Z</time></trkpt><trkpt lat="22.406796656527597" lon="114.01819408534153"><ele>110.6650847924484</ele><time>2022-11-05T06:04:24Z</time></trkpt><trkpt lat="22.406774125031916" lon="114.0181752932948"><ele>110.96303133288468</ele><time>2022-11-05T06:04:28Z</time></trkpt><trkpt lat="22.406783924934487" lon="114.01813575917797"><ele>110.83673081936266</ele><time>2022-11-05T06:04:32Z</time></trkpt><trkpt lat="22.406791163197422" lon="114.01811337189699"><ele>110.81692786608491</ele><time>2022-11-05T06:04:34Z</time></trkpt><trkpt lat="22.40680464312307" lon="114.01808777873774"><ele>110.93339553018478</ele><time>2022-11-05T06:04:36Z</time></trkpt><trkpt lat="22.406817209229597" lon="114.01806454962552"><ele>110.73289474078275</ele><time>2022-11-05T06:04:38Z</time></trkpt><trkpt lat="22.40683452831898" lon="114.01804923109513"><ele>110.47993474939035</ele><time>2022-11-05T06:04:40Z</time></trkpt><trkpt lat="22.40685318537788" lon="114.01804226255508"><ele>110.41454383980756</ele><time>2022-11-05T06:04:42Z</time></trkpt><trkpt lat="22.4068855010867" lon="114.01805060817571"><ele>109.72560595171416</ele><time>2022-11-05T06:05:24Z</time></trkpt><trkpt lat="22.406909808238805" lon="114.01804780776162"><ele>109.61286872539448</ele><time>2022-11-05T06:05:26Z</time></trkpt><trkpt lat="22.406917553137408" lon="114.01807351720551"><ele>108.65739431348177</ele><time>2022-11-05T06:05:28Z</time></trkpt><trkpt lat="22.406920035315366" lon="114.01811640215386"><ele>108.14132379480805</ele><time>2022-11-05T06:05:32Z</time></trkpt><trkpt lat="22.406915915468073" lon="114.01814497376586"><ele>105.31775635022696</ele><time>2022-11-05T06:05:34Z</time></trkpt><trkpt lat="22.406911856498553" lon="114.01816427243794"><ele>105.09792031338023</ele><time>2022-11-05T06:05:36Z</time></trkpt><trkpt lat="22.406906893624527" lon="114.0181842178019"><ele>104.71069451854994</ele><time>2022-11-05T06:05:38Z</time></trkpt><trkpt lat="22.406908714460478" lon="114.01821380069117"><ele>104.24333115364796</ele><time>2022-11-05T06:05:42Z</time></trkpt><trkpt lat="22.406917682240024" lon="114.0182325101878"><ele>104.13119399396228</ele><time>2022-11-05T06:05:44Z</time></trkpt><trkpt lat="22.40692663565391" lon="114.01825591460295"><ele>104.01013345412152</ele><time>2022-11-05T06:05:46Z</time></trkpt><trkpt lat="22.406934095094833" lon="114.01827956449299"><ele>103.94060303638935</ele><time>2022-11-05T06:05:48Z</time></trkpt><trkpt lat="22.406933841381548" lon="114.01830620795702"><ele>103.56589468519373</ele><time>2022-11-05T06:05:50Z</time></trkpt><trkpt lat="22.40692561341265" lon="114.01833064343172"><ele>103.59837295731569</ele><time>2022-11-05T06:05:52Z</time></trkpt><trkpt lat="22.40691858983017" lon="114.0183529153186"><ele>103.770028028251</ele><time>2022-11-05T06:05:54Z</time></trkpt><trkpt lat="22.406909799033457" lon="114.01837220561072"><ele>103.96281995006896</ele><time>2022-11-05T06:05:56Z</time></trkpt><trkpt lat="22.406905518535233" lon="114.01840674940016"><ele>103.9080658121388</ele><time>2022-11-05T06:06:00Z</time></trkpt><trkpt lat="22.406911361503663" lon="114.01843897389767"><ele>103.39478285397993</ele><time>2022-11-05T06:06:04Z</time></trkpt><trkpt lat="22.406913507137673" lon="114.01846569297582"><ele>103.17284240831508</ele><time>2022-11-05T06:06:08Z</time></trkpt><trkpt lat="22.40689536094586" lon="114.01848467499805"><ele>101.82725671692667</ele><time>2022-11-05T06:06:12Z</time></trkpt><trkpt lat="22.406894125290588" lon="114.0185093604853"><ele>101.21258787815363</ele><time>2022-11-05T06:06:16Z</time></trkpt><trkpt lat="22.406906500737566" lon="114.01854497810544"><ele>101.39143630891716</ele><time>2022-11-05T06:06:20Z</time></trkpt><trkpt lat="22.406912666668347" lon="114.01856526255155"><ele>101.564712725892</ele><time>2022-11-05T06:06:22Z</time></trkpt><trkpt lat="22.406919912067426" lon="114.01859529603104"><ele>101.0508332474999</ele><time>2022-11-05T06:06:26Z</time></trkpt><trkpt lat="22.406939925469036" lon="114.01861929420633"><ele>99.51003512718364</ele><time>2022-11-05T06:06:36Z</time></trkpt><trkpt lat="22.406946830046273" lon="114.01864982467006"><ele>98.69270056817673</ele><time>2022-11-05T06:06:40Z</time></trkpt><trkpt lat="22.40695645443831" lon="114.01867602376576"><ele>98.67674888331369</ele><time>2022-11-05T06:06:44Z</time></trkpt><trkpt lat="22.40695118597768" lon="114.0187127804031"><ele>98.85484253912921</ele><time>2022-11-05T06:06:48Z</time></trkpt><trkpt lat="22.40694563686111" lon="114.01875503212763"><ele>98.15912653064923</ele><time>2022-11-05T06:06:52Z</time></trkpt><trkpt lat="22.406948448638744" lon="114.01877755307"><ele>98.07281413034299</ele><time>2022-11-05T06:06:54Z</time></trkpt><trkpt lat="22.406952869042026" lon="114.01879762537698"><ele>97.79196261529086</ele><time>2022-11-05T06:06:56Z</time></trkpt><trkpt lat="22.406969626759597" lon="114.01882286053637"><ele>96.71273403720215</ele><time>2022-11-05T06:07:00Z</time></trkpt><trkpt lat="22.406986850126405" lon="114.01884072907727"><ele>95.86201112839191</ele><time>2022-11-05T06:07:04Z</time></trkpt><trkpt lat="22.407008065390585" lon="114.01887224444819"><ele>94.99012601978666</ele><time>2022-11-05T06:07:08Z</time></trkpt><trkpt lat="22.407037231771138" lon="114.01889561040493"><ele>93.31857127158685</ele><time>2022-11-05T06:07:12Z</time></trkpt><trkpt lat="22.407039982317595" lon="114.0189154843313"><ele>94.13906780800916</ele><time>2022-11-05T06:07:16Z</time></trkpt><trkpt lat="22.4070524264446" lon="114.01894065581115"><ele>94.58540536521863</ele><time>2022-11-05T06:07:22Z</time></trkpt><trkpt lat="22.40707812276582" lon="114.01896052164984"><ele>92.0988782355288</ele><time>2022-11-05T06:07:26Z</time></trkpt><trkpt lat="22.407110853626584" lon="114.01897443807054"><ele>90.68130697031518</ele><time>2022-11-05T06:07:30Z</time></trkpt><trkpt lat="22.40713100404931" lon="114.01897923916817"><ele>89.05730371491323</ele><time>2022-11-05T06:07:32Z</time></trkpt><trkpt lat="22.40715236579024" lon="114.01896560719838"><ele>88.35493915924881</ele><time>2022-11-05T06:07:36Z</time></trkpt><trkpt lat="22.407179591107457" lon="114.0189556353394"><ele>88.24358759282487</ele><time>2022-11-05T06:07:40Z</time></trkpt><trkpt lat="22.40720250643731" lon="114.01895119442852"><ele>87.31477937526661</ele><time>2022-11-05T06:07:42Z</time></trkpt><trkpt lat="22.4072149576066" lon="114.01896979216448"><ele>87.8043171743871</ele><time>2022-11-05T06:07:48Z</time></trkpt><trkpt lat="22.407224210263045" lon="114.01899636771383"><ele>87.42096096738658</ele><time>2022-11-05T06:07:52Z</time></trkpt><trkpt lat="22.407240258037326" lon="114.01901950651852"><ele>86.32903086241575</ele><time>2022-11-05T06:07:56Z</time></trkpt><trkpt lat="22.407238090230837" lon="114.01904036792867"><ele>85.726700925441</ele><time>2022-11-05T06:07:58Z</time></trkpt><trkpt lat="22.407240016253475" lon="114.01906735182047"><ele>85.78732324531065</ele><time>2022-11-05T06:08:02Z</time></trkpt><trkpt lat="22.40727279088733" lon="114.01907117957703"><ele>85.58051987513927</ele><time>2022-11-05T06:08:08Z</time></trkpt><trkpt lat="22.407295523197096" lon="114.0190776509312"><ele>85.50754018647305</ele><time>2022-11-05T06:08:10Z</time></trkpt><trkpt lat="22.40731390010598" lon="114.01908764732438"><ele>85.48539435686293</ele><time>2022-11-05T06:08:12Z</time></trkpt><trkpt lat="22.407331838781744" lon="114.01909028050594"><ele>85.45168085567204</ele><time>2022-11-05T06:08:14Z</time></trkpt><trkpt lat="22.407355538171117" lon="114.01908347581139"><ele>85.15376473075912</ele><time>2022-11-05T06:08:18Z</time></trkpt><trkpt lat="22.407385207628213" lon="114.01909145160907"><ele>84.73785404270399</ele><time>2022-11-05T06:08:22Z</time></trkpt><trkpt lat="22.407402866900174" lon="114.01907932383955"><ele>84.01632247469045</ele><time>2022-11-05T06:08:26Z</time></trkpt><trkpt lat="22.40742515817995" lon="114.01905038398888"><ele>83.12437819497926</ele><time>2022-11-05T06:08:30Z</time></trkpt><trkpt lat="22.407444335670757" lon="114.01903652176438"><ele>82.662907068366</ele><time>2022-11-05T06:08:32Z</time></trkpt><trkpt lat="22.407466972720993" lon="114.01901533410054"><ele>81.2751181656326</ele><time>2022-11-05T06:08:34Z</time></trkpt><trkpt lat="22.407484443099673" lon="114.01900916281822"><ele>81.2422844062946</ele><time>2022-11-05T06:08:36Z</time></trkpt><trkpt lat="22.407517783017738" lon="114.01901341007374"><ele>81.27552853568432</ele><time>2022-11-05T06:08:40Z</time></trkpt><trkpt lat="22.407547421058872" lon="114.01899944085088"><ele>81.22441330761247</ele><time>2022-11-05T06:08:44Z</time></trkpt><trkpt lat="22.407574481664675" lon="114.0189883982902"><ele>80.9212997094373</ele><time>2022-11-05T06:08:48Z</time></trkpt><trkpt lat="22.40759328211628" lon="114.01897853801026"><ele>80.76025148764847</ele><time>2022-11-05T06:08:50Z</time></trkpt><trkpt lat="22.407613696558595" lon="114.01896661928427"><ele>80.79465603485414</ele><time>2022-11-05T06:08:52Z</time></trkpt><trkpt lat="22.407641801758256" lon="114.01895917247633"><ele>80.44352995201054</ele><time>2022-11-05T06:08:56Z</time></trkpt><trkpt lat="22.40767144185293" lon="114.01895040106567"><ele>80.0124108122592</ele><time>2022-11-05T06:09:00Z</time></trkpt><trkpt lat="22.40768465512234" lon="114.0189349007998"><ele>79.85706217908002</ele><time>2022-11-05T06:09:02Z</time></trkpt><trkpt lat="22.407698491030636" lon="114.01891835211634"><ele>79.81534855375168</ele><time>2022-11-05T06:09:06Z</time></trkpt><trkpt lat="22.40771839006319" lon="114.01888440176124"><ele>79.37350531938829</ele><time>2022-11-05T06:09:10Z</time></trkpt><trkpt lat="22.407736373612863" lon="114.01886366509294"><ele>79.44502797071287</ele><time>2022-11-05T06:09:14Z</time></trkpt><trkpt lat="22.40776476413625" lon="114.0188511607949"><ele>79.46111782824805</ele><time>2022-11-05T06:09:18Z</time></trkpt><trkpt lat="22.407786595189748" lon="114.0188507791"><ele>79.24217261287875</ele><time>2022-11-05T06:09:20Z</time></trkpt><trkpt lat="22.407820303763657" lon="114.01885178942877"><ele>77.59850810044432</ele><time>2022-11-05T06:09:28Z</time></trkpt><trkpt lat="22.407840659585236" lon="114.01884463603399"><ele>77.47285976550937</ele><time>2022-11-05T06:09:30Z</time></trkpt><trkpt lat="22.40785845690425" lon="114.01883882958263"><ele>77.30576440722497</ele><time>2022-11-05T06:09:32Z</time></trkpt><trkpt lat="22.407887475658345" lon="114.01882627979248"><ele>76.58080680611339</ele><time>2022-11-05T06:09:36Z</time></trkpt><trkpt lat="22.40791629069295" lon="114.01881611392164"><ele>76.63973031325105</ele><time>2022-11-05T06:09:40Z</time></trkpt><trkpt lat="22.40795484692214" lon="114.01880715465315"><ele>76.31554740245284</ele><time>2022-11-05T06:09:44Z</time></trkpt><trkpt lat="22.40797277364363" lon="114.01880263403966"><ele>75.93085611249782</ele><time>2022-11-05T06:09:46Z</time></trkpt><trkpt lat="22.407999792242258" lon="114.01878271051255"><ele>75.14053298458477</ele><time>2022-11-05T06:09:50Z</time></trkpt><trkpt lat="22.408020357573687" lon="114.0187665195395"><ele>74.89307940761998</ele><time>2022-11-05T06:09:52Z</time></trkpt><trkpt lat="22.408035816931932" lon="114.01874743931604"><ele>74.54823867593895</ele><time>2022-11-05T06:09:54Z</time></trkpt><trkpt lat="22.408049738334576" lon="114.01872959226652"><ele>74.17475423201272</ele><time>2022-11-05T06:09:56Z</time></trkpt><trkpt lat="22.408068015988732" lon="114.01871526400703"><ele>73.73807852750674</ele><time>2022-11-05T06:09:58Z</time></trkpt><trkpt lat="22.40808825708551" lon="114.01870312507312"><ele>73.57838187634144</ele><time>2022-11-05T06:10:00Z</time></trkpt><trkpt lat="22.408108203161834" lon="114.01869121092173"><ele>73.32302568069558</ele><time>2022-11-05T06:10:02Z</time></trkpt><trkpt lat="22.40812600927778" lon="114.01867543496122"><ele>72.57063016712536</ele><time>2022-11-05T06:10:04Z</time></trkpt><trkpt lat="22.408142851967604" lon="114.0186626148537"><ele>71.97276113677344</ele><time>2022-11-05T06:10:06Z</time></trkpt><trkpt lat="22.408165891060232" lon="114.01865683794635"><ele>71.68952348731953</ele><time>2022-11-05T06:10:08Z</time></trkpt><trkpt lat="22.408186142129974" lon="114.01865519229337"><ele>71.45773800914804</ele><time>2022-11-05T06:10:10Z</time></trkpt><trkpt lat="22.40820486276106" lon="114.01865671446626"><ele>70.43500579634676</ele><time>2022-11-05T06:10:12Z</time></trkpt><trkpt lat="22.40824097357715" lon="114.01863832509423"><ele>69.24795398115646</ele><time>2022-11-05T06:10:16Z</time></trkpt><trkpt lat="22.408271964199052" lon="114.01862579887425"><ele>69.06389374334894</ele><time>2022-11-05T06:10:20Z</time></trkpt><trkpt lat="22.408291450209724" lon="114.01861318799922"><ele>68.39226542910934</ele><time>2022-11-05T06:10:22Z</time></trkpt><trkpt lat="22.40831101574806" lon="114.01860162407192"><ele>68.1327013976714</ele><time>2022-11-05T06:10:24Z</time></trkpt><trkpt lat="22.408331137651206" lon="114.01860321951584"><ele>67.935283998776</ele><time>2022-11-05T06:10:26Z</time></trkpt><trkpt lat="22.40834725286489" lon="114.01859272876027"><ele>67.90112483193337</ele><time>2022-11-05T06:10:28Z</time></trkpt><trkpt lat="22.408362625274872" lon="114.0185824486456"><ele>67.87344189772207</ele><time>2022-11-05T06:10:30Z</time></trkpt><trkpt lat="22.408398301825248" lon="114.01857134448836"><ele>67.46803556075098</ele><time>2022-11-05T06:10:34Z</time></trkpt><trkpt lat="22.40843007115629" lon="114.01856237632374"><ele>66.1089558215279</ele><time>2022-11-05T06:10:36Z</time></trkpt><trkpt lat="22.408453816433568" lon="114.01855717958603"><ele>65.9858637840858</ele><time>2022-11-05T06:10:38Z</time></trkpt><trkpt lat="22.408474275692484" lon="114.01855381551441"><ele>65.88003927444431</ele><time>2022-11-05T06:10:40Z</time></trkpt><trkpt lat="22.408493683753214" lon="114.01855391146923"><ele>65.52202515821976</ele><time>2022-11-05T06:10:42Z</time></trkpt><trkpt lat="22.408513228352366" lon="114.01855619758228"><ele>65.21890965764558</ele><time>2022-11-05T06:10:44Z</time></trkpt><trkpt lat="22.408533197930748" lon="114.0185551558591"><ele>65.02033511496312</ele><time>2022-11-05T06:10:46Z</time></trkpt><trkpt lat="22.40855810196203" lon="114.01855607857713"><ele>64.78398632107938</ele><time>2022-11-05T06:10:48Z</time></trkpt><trkpt lat="22.408580581853467" lon="114.0185570717658"><ele>64.3804172664267</ele><time>2022-11-05T06:10:50Z</time></trkpt><trkpt lat="22.40861446581643" lon="114.01854328748716"><ele>64.03946048226769</ele><time>2022-11-05T06:10:52Z</time></trkpt><trkpt lat="22.408632370472425" lon="114.0185383221407"><ele>64.08125250976872</ele><time>2022-11-05T06:10:54Z</time></trkpt><trkpt lat="22.408664172129416" lon="114.01853549829906"><ele>63.59875285918584</ele><time>2022-11-05T06:10:58Z</time></trkpt><trkpt lat="22.40869999293515" lon="114.01854428457409"><ele>63.06030200683643</ele><time>2022-11-05T06:11:02Z</time></trkpt><trkpt lat="22.408728365287136" lon="114.01855803915241"><ele>60.80013837893665</ele><time>2022-11-05T06:11:04Z</time></trkpt><trkpt lat="22.40875280169662" lon="114.0185578994247"><ele>59.950983873030815</ele><time>2022-11-05T06:11:06Z</time></trkpt><trkpt lat="22.4087794577269" lon="114.01853952637963"><ele>59.86539028935945</ele><time>2022-11-05T06:11:08Z</time></trkpt><trkpt lat="22.40880275159061" lon="114.01852184872054"><ele>59.59684307060828</ele><time>2022-11-05T06:11:10Z</time></trkpt><trkpt lat="22.40882702153898" lon="114.01852701342567"><ele>59.292466562723</ele><time>2022-11-05T06:11:12Z</time></trkpt><trkpt lat="22.408860625778097" lon="114.01852113881837"><ele>58.9352498585776</ele><time>2022-11-05T06:11:16Z</time></trkpt><trkpt lat="22.408884208992937" lon="114.01852112496421"><ele>58.82749652843181</ele><time>2022-11-05T06:11:18Z</time></trkpt><trkpt lat="22.408903598396595" lon="114.01851783347894"><ele>58.92226212930999</ele><time>2022-11-05T06:11:20Z</time></trkpt><trkpt lat="22.40892349444646" lon="114.01851968406267"><ele>59.09042440927932</ele><time>2022-11-05T06:11:22Z</time></trkpt><trkpt lat="22.40894264331752" lon="114.01852335152292"><ele>59.05905061637811</ele><time>2022-11-05T06:11:24Z</time></trkpt><trkpt lat="22.40897310342348" lon="114.01852983768492"><ele>58.76936639274933</ele><time>2022-11-05T06:11:28Z</time></trkpt><trkpt lat="22.40900843145081" lon="114.01850605176476"><ele>58.58099293728806</ele><time>2022-11-05T06:11:32Z</time></trkpt><trkpt lat="22.409028555233068" lon="114.01849739994674"><ele>58.65872358448792</ele><time>2022-11-05T06:11:34Z</time></trkpt><trkpt lat="22.409046274509848" lon="114.0184929019985"><ele>58.558961538527555</ele><time>2022-11-05T06:11:36Z</time></trkpt><trkpt lat="22.409062215582168" lon="114.01848194220331"><ele>58.46569258131585</ele><time>2022-11-05T06:11:38Z</time></trkpt><trkpt lat="22.409076546844997" lon="114.01847005805386"><ele>58.2763650262744</ele><time>2022-11-05T06:11:40Z</time></trkpt><trkpt lat="22.409094132061178" lon="114.01845551852342"><ele>58.10562376905159</ele><time>2022-11-05T06:11:42Z</time></trkpt><trkpt lat="22.409112149375158" lon="114.01844134925663"><ele>57.9526613359439</ele><time>2022-11-05T06:11:44Z</time></trkpt><trkpt lat="22.40913915578672" lon="114.01842453668336"><ele>57.99083565959344</ele><time>2022-11-05T06:11:48Z</time></trkpt><trkpt lat="22.40916290508204" lon="114.01842373897121"><ele>58.2352584132284</ele><time>2022-11-05T06:11:52Z</time></trkpt><trkpt lat="22.409194834505573" lon="114.01842418378358"><ele>57.588387023394255</ele><time>2022-11-05T06:11:56Z</time></trkpt><trkpt lat="22.4092225537797" lon="114.01842350886378"><ele>56.717296242606466</ele><time>2022-11-05T06:12:00Z</time></trkpt><trkpt lat="22.40923340171382" lon="114.018396362379"><ele>56.46191058288068</ele><time>2022-11-05T06:12:04Z</time></trkpt><trkpt lat="22.4092427071009" lon="114.01836923760347"><ele>56.61577779463313</ele><time>2022-11-05T06:12:06Z</time></trkpt><trkpt lat="22.409256905253297" lon="114.01834800431082"><ele>56.50795269854936</ele><time>2022-11-05T06:12:08Z</time></trkpt><trkpt lat="22.409268443623283" lon="114.01832907716911"><ele>56.24350052890306</ele><time>2022-11-05T06:12:10Z</time></trkpt><trkpt lat="22.409302693329458" lon="114.01831414824484"><ele>56.048442651578846</ele><time>2022-11-05T06:12:14Z</time></trkpt><trkpt lat="22.409328838747864" lon="114.01831614719794"><ele>55.689691138096464</ele><time>2022-11-05T06:12:16Z</time></trkpt><trkpt lat="22.409352766513535" lon="114.01833179961004"><ele>55.461000778672734</ele><time>2022-11-05T06:12:18Z</time></trkpt><trkpt lat="22.409370610697326" lon="114.01834844137356"><ele>54.99648981946899</ele><time>2022-11-05T06:12:20Z</time></trkpt><trkpt lat="22.409418735857027" lon="114.0183643796624"><ele>53.273335820514234</ele><time>2022-11-05T06:12:24Z</time></trkpt><trkpt lat="22.409448298670682" lon="114.01836628980324"><ele>52.50492044217441</ele><time>2022-11-05T06:12:28Z</time></trkpt><trkpt lat="22.409477447970353" lon="114.01835136010004"><ele>51.50857460107702</ele><time>2022-11-05T06:12:32Z</time></trkpt><trkpt lat="22.409495372049903" lon="114.01833788801474"><ele>51.161535385420194</ele><time>2022-11-05T06:12:34Z</time></trkpt><trkpt lat="22.40951356572558" lon="114.01833498618905"><ele>50.96832250205096</ele><time>2022-11-05T06:12:36Z</time></trkpt><trkpt lat="22.409545229756162" lon="114.0183222950676"><ele>50.06636129744025</ele><time>2022-11-05T06:12:40Z</time></trkpt><trkpt lat="22.409575883262345" lon="114.01832260554933"><ele>48.8758923168247</ele><time>2022-11-05T06:12:44Z</time></trkpt><trkpt lat="22.409607328482984" lon="114.0183441694394"><ele>47.26901965546245</ele><time>2022-11-05T06:12:48Z</time></trkpt><trkpt lat="22.40962497176433" lon="114.01833628331516"><ele>46.69411677264687</ele><time>2022-11-05T06:12:50Z</time></trkpt><trkpt lat="22.40965660975246" lon="114.01832906537986"><ele>45.97757843474295</ele><time>2022-11-05T06:12:54Z</time></trkpt><trkpt lat="22.409667012864784" lon="114.01835818656748"><ele>44.973798728333044</ele><time>2022-11-05T06:12:58Z</time></trkpt><trkpt lat="22.409664091904315" lon="114.01839633292943"><ele>43.64597756266912</ele><time>2022-11-05T06:13:02Z</time></trkpt><trkpt lat="22.409659942322154" lon="114.01843233160133"><ele>42.581867866745924</ele><time>2022-11-05T06:13:06Z</time></trkpt><trkpt lat="22.409670980074015" lon="114.01844870025548"><ele>40.77707279980532</ele><time>2022-11-05T06:13:08Z</time></trkpt><trkpt lat="22.40967637835665" lon="114.01847407672021"><ele>39.71328540852878</ele><time>2022-11-05T06:13:12Z</time></trkpt><trkpt lat="22.409695004457458" lon="114.01848976827908"><ele>38.79641674328366</ele><time>2022-11-05T06:13:18Z</time></trkpt><trkpt lat="22.409713271944266" lon="114.0184899894642"><ele>37.3299160135655</ele><time>2022-11-05T06:13:22Z</time></trkpt><trkpt lat="22.40972998328487" lon="114.01850603800682"><ele>36.28674425497557</ele><time>2022-11-05T06:13:28Z</time></trkpt><trkpt lat="22.409756065577426" lon="114.01854435576013"><ele>37.32436530127149</ele><time>2022-11-05T06:13:30Z</time></trkpt><trkpt lat="22.40976607710731" lon="114.01856552245694"><ele>36.65274238324189</ele><time>2022-11-05T06:13:36Z</time></trkpt><trkpt lat="22.40978129361687" lon="114.01858387027892"><ele>35.13129765057304</ele><time>2022-11-05T06:13:40Z</time></trkpt><trkpt lat="22.409808641384377" lon="114.01859778602922"><ele>33.04124810105113</ele><time>2022-11-05T06:13:46Z</time></trkpt><trkpt lat="22.409822910780345" lon="114.01861096515483"><ele>32.495895385921614</ele><time>2022-11-05T06:13:50Z</time></trkpt><trkpt lat="22.409813530811988" lon="114.01862982388418"><ele>32.3660015569605</ele><time>2022-11-05T06:13:52Z</time></trkpt><trkpt lat="22.40979401243325" lon="114.01865107435849"><ele>26.55034509277745</ele><time>2022-11-05T06:13:54Z</time></trkpt><trkpt lat="22.40976607496515" lon="114.01867947102662"><ele>22.70583352718288</ele><time>2022-11-05T06:13:58Z</time></trkpt><trkpt lat="22.409740707443643" lon="114.01869501387645"><ele>22.57806150744314</ele><time>2022-11-05T06:14:02Z</time></trkpt><trkpt lat="22.409722723010656" lon="114.01871050701891"><ele>22.54920271131103</ele><time>2022-11-05T06:14:04Z</time></trkpt><trkpt lat="22.409705827554554" lon="114.01873398851649"><ele>21.937390437218955</ele><time>2022-11-05T06:14:06Z</time></trkpt><trkpt lat="22.40969542480885" lon="114.01876279066015"><ele>21.56271283558167</ele><time>2022-11-05T06:14:08Z</time></trkpt><trkpt lat="22.409685665646172" lon="114.01879432423142"><ele>21.32650496592254</ele><time>2022-11-05T06:14:10Z</time></trkpt><trkpt lat="22.409680118757468" lon="114.01882107929144"><ele>21.133687635206293</ele><time>2022-11-05T06:14:12Z</time></trkpt><trkpt lat="22.40967653085366" lon="114.0188496718332"><ele>20.84901539242829</ele><time>2022-11-05T06:14:14Z</time></trkpt><trkpt lat="22.40967766897999" lon="114.01887238002801"><ele>20.574612056221813</ele><time>2022-11-05T06:14:16Z</time></trkpt><trkpt lat="22.40968563676963" lon="114.01889571153485"><ele>20.409301361102017</ele><time>2022-11-05T06:14:18Z</time></trkpt><trkpt lat="22.4096981691" lon="114.01891380517094"><ele>20.44298073146726</ele><time>2022-11-05T06:14:20Z</time></trkpt><trkpt lat="22.409715784457468" lon="114.01892806601718"><ele>20.151938086219037</ele><time>2022-11-05T06:14:22Z</time></trkpt><trkpt lat="22.40973344312382" lon="114.01894116700167"><ele>17.54830734443606</ele><time>2022-11-05T06:14:24Z</time></trkpt><trkpt lat="22.409754896286934" lon="114.01894559832346"><ele>17.47527705326228</ele><time>2022-11-05T06:14:26Z</time></trkpt><trkpt lat="22.409776058595085" lon="114.01894937760012"><ele>17.56813351120537</ele><time>2022-11-05T06:14:28Z</time></trkpt><trkpt lat="22.40981060572601" lon="114.01894527713753"><ele>17.91444117836447</ele><time>2022-11-05T06:14:32Z</time></trkpt><trkpt lat="22.40983191734766" lon="114.01894130530889"><ele>18.148857399550796</ele><time>2022-11-05T06:14:34Z</time></trkpt><trkpt lat="22.409850126681526" lon="114.01893150336228"><ele>18.434318475154576</ele><time>2022-11-05T06:14:36Z</time></trkpt><trkpt lat="22.409869403411623" lon="114.01891769024377"><ele>18.338810797032547</ele><time>2022-11-05T06:14:38Z</time></trkpt><trkpt lat="22.409888669870423" lon="114.01891147977315"><ele>18.01276430713872</ele><time>2022-11-05T06:14:40Z</time></trkpt><trkpt lat="22.409909581279745" lon="114.01890945456995"><ele>17.923282086233183</ele><time>2022-11-05T06:14:42Z</time></trkpt><trkpt lat="22.409929265561235" lon="114.01892085937267"><ele>17.670291852120904</ele><time>2022-11-05T06:14:44Z</time></trkpt><trkpt lat="22.409967745078028" lon="114.01892190087844"><ele>18.036480240336502</ele><time>2022-11-05T06:14:48Z</time></trkpt><trkpt lat="22.409986032990844" lon="114.01892054913858"><ele>17.623449886555576</ele><time>2022-11-05T06:14:50Z</time></trkpt><trkpt lat="22.410007128027036" lon="114.01891546590213"><ele>17.224516636275382</ele><time>2022-11-05T06:14:52Z</time></trkpt><trkpt lat="22.410029654292227" lon="114.01890356738093"><ele>16.792927738637122</ele><time>2022-11-05T06:14:54Z</time></trkpt><trkpt lat="22.410052002101285" lon="114.01889722736425"><ele>16.672415348954765</ele><time>2022-11-05T06:14:56Z</time></trkpt><trkpt lat="22.410082673172077" lon="114.0188928499565"><ele>17.226660027573775</ele><time>2022-11-05T06:14:58Z</time></trkpt><trkpt lat="22.410111043890563" lon="114.01887939322219"><ele>17.85669771297093</ele><time>2022-11-05T06:15:00Z</time></trkpt><trkpt lat="22.41012972504583" lon="114.01887307822047"><ele>17.80098022506014</ele><time>2022-11-05T06:15:02Z</time></trkpt><trkpt lat="22.410169095875062" lon="114.01887591118368"><ele>18.395847668784715</ele><time>2022-11-05T06:15:06Z</time></trkpt><trkpt lat="22.41019536338697" lon="114.01887185466329"><ele>18.792044314147123</ele><time>2022-11-05T06:15:08Z</time></trkpt><trkpt lat="22.410218929081356" lon="114.0188713222548"><ele>18.842918640228024</ele><time>2022-11-05T06:15:10Z</time></trkpt><trkpt lat="22.41024112429746" lon="114.0188677828183"><ele>18.993877470014283</ele><time>2022-11-05T06:15:12Z</time></trkpt><trkpt lat="22.410262418986456" lon="114.01886581476384"><ele>18.797442322111166</ele><time>2022-11-05T06:15:14Z</time></trkpt><trkpt lat="22.410284328710514" lon="114.01886851013617"><ele>18.5930466314734</ele><time>2022-11-05T06:15:16Z</time></trkpt><trkpt lat="22.410307271818223" lon="114.01887458148994"><ele>18.437263918873526</ele><time>2022-11-05T06:15:18Z</time></trkpt><trkpt lat="22.41033470267497" lon="114.01887842699237"><ele>18.6724904706843</ele><time>2022-11-05T06:15:20Z</time></trkpt><trkpt lat="22.410353021901155" lon="114.0188881090891"><ele>18.316119466288242</ele><time>2022-11-05T06:15:22Z</time></trkpt><trkpt lat="22.410373982210757" lon="114.0188924150598"><ele>18.15068164296079</ele><time>2022-11-05T06:15:24Z</time></trkpt><trkpt lat="22.410419570499577" lon="114.01888822039005"><ele>18.136686776909816</ele><time>2022-11-05T06:15:26Z</time></trkpt><trkpt lat="22.410440235290547" lon="114.01889024895911"><ele>18.14472921704467</ele><time>2022-11-05T06:15:28Z</time></trkpt><trkpt lat="22.41045901242638" lon="114.01889571273061"><ele>18.217150081612825</ele><time>2022-11-05T06:15:30Z</time></trkpt><trkpt lat="22.410493705002366" lon="114.01890845381146"><ele>18.672464869358684</ele><time>2022-11-05T06:15:34Z</time></trkpt><trkpt lat="22.410522870062746" lon="114.01893009736078"><ele>18.55816247991055</ele><time>2022-11-05T06:15:38Z</time></trkpt><trkpt lat="22.41053831099175" lon="114.01894275782026"><ele>18.050461217457162</ele><time>2022-11-05T06:15:40Z</time></trkpt><trkpt lat="22.41055601637167" lon="114.01895638138562"><ele>17.210050329432743</ele><time>2022-11-05T06:15:42Z</time></trkpt><trkpt lat="22.410572253028473" lon="114.01897395851192"><ele>16.14170342734989</ele><time>2022-11-05T06:15:44Z</time></trkpt><trkpt lat="22.41058202168458" lon="114.01899207643154"><ele>16.066660053178744</ele><time>2022-11-05T06:15:46Z</time></trkpt><trkpt lat="22.410604912892417" lon="114.01900873871138"><ele>15.575087821655243</ele><time>2022-11-05T06:15:48Z</time></trkpt><trkpt lat="22.410620113668436" lon="114.01902392709"><ele>15.09013788788649</ele><time>2022-11-05T06:15:50Z</time></trkpt><trkpt lat="22.410633416656527" lon="114.01904320166928"><ele>14.802781655386903</ele><time>2022-11-05T06:15:52Z</time></trkpt><trkpt lat="22.410651448624904" lon="114.01906373022072"><ele>14.608756382519806</ele><time>2022-11-05T06:15:54Z</time></trkpt><trkpt lat="22.41069026690941" lon="114.01906917658404"><ele>16.392349784277535</ele><time>2022-11-05T06:15:56Z</time></trkpt><trkpt lat="22.41072160138129" lon="114.01907261616992"><ele>18.572999367469556</ele><time>2022-11-05T06:15:58Z</time></trkpt><trkpt lat="22.410752261950535" lon="114.01909528580454"><ele>20.160984205617694</ele><time>2022-11-05T06:16:02Z</time></trkpt><trkpt lat="22.41076827906684" lon="114.01910712604433"><ele>20.533073243191566</ele><time>2022-11-05T06:16:04Z</time></trkpt><trkpt lat="22.41080039399862" lon="114.0191205195695"><ele>20.436004689794515</ele><time>2022-11-05T06:16:08Z</time></trkpt><trkpt lat="22.410820625261557" lon="114.01912925550069"><ele>20.563681708270526</ele><time>2022-11-05T06:16:10Z</time></trkpt><trkpt lat="22.410852094085556" lon="114.01915028708497"><ele>20.52311795504543</ele><time>2022-11-05T06:16:12Z</time></trkpt><trkpt lat="22.410865244763116" lon="114.01918106271823"><ele>19.813913264753534</ele><time>2022-11-05T06:16:14Z</time></trkpt><trkpt lat="22.410874826374283" lon="114.01920893528717"><ele>19.75066121479173</ele><time>2022-11-05T06:16:16Z</time></trkpt><trkpt lat="22.410880135646785" lon="114.01923442516332"><ele>19.95465778682086</ele><time>2022-11-05T06:16:18Z</time></trkpt><trkpt lat="22.410892385902436" lon="114.01925115034307"><ele>20.023912909138055</ele><time>2022-11-05T06:16:20Z</time></trkpt><trkpt lat="22.41091367356628" lon="114.01926634801458"><ele>20.285563861198128</ele><time>2022-11-05T06:16:22Z</time></trkpt><trkpt lat="22.410929101511453" lon="114.01928231510485"><ele>19.943834452430867</ele><time>2022-11-05T06:16:24Z</time></trkpt><trkpt lat="22.41095612047127" lon="114.01930442747431"><ele>19.571782087748097</ele><time>2022-11-05T06:16:28Z</time></trkpt><trkpt lat="22.410986763444" lon="114.01931103705898"><ele>18.252225710947474</ele><time>2022-11-05T06:16:30Z</time></trkpt><trkpt lat="22.411007761155044" lon="114.01932189341939"><ele>17.23275957016469</ele><time>2022-11-05T06:16:32Z</time></trkpt><trkpt lat="22.411023468296968" lon="114.0193560380923"><ele>17.481033189595706</ele><time>2022-11-05T06:16:34Z</time></trkpt><trkpt lat="22.41103482208251" lon="114.019380546093"><ele>17.647797818714622</ele><time>2022-11-05T06:16:36Z</time></trkpt><trkpt lat="22.4110445858411" lon="114.01940196785692"><ele>17.486708763902598</ele><time>2022-11-05T06:16:38Z</time></trkpt><trkpt lat="22.411049961644366" lon="114.01942340427831"><ele>17.409024800150622</ele><time>2022-11-05T06:16:40Z</time></trkpt><trkpt lat="22.411052370843024" lon="114.01944375124913"><ele>17.389246247119196</ele><time>2022-11-05T06:16:42Z</time></trkpt><trkpt lat="22.411056461840857" lon="114.01946993265489"><ele>17.399182153880147</ele><time>2022-11-05T06:16:44Z</time></trkpt><trkpt lat="22.41106171740519" lon="114.01949226275997"><ele>17.58558127635327</ele><time>2022-11-05T06:16:46Z</time></trkpt><trkpt lat="22.41106514647561" lon="114.01951360207633"><ele>17.805873581948777</ele><time>2022-11-05T06:16:48Z</time></trkpt><trkpt lat="22.411065819997685" lon="114.01953539331053"><ele>17.92739681266593</ele><time>2022-11-05T06:16:50Z</time></trkpt><trkpt lat="22.411066346636304" lon="114.01955955659083"><ele>17.827513548406394</ele><time>2022-11-05T06:16:52Z</time></trkpt><trkpt lat="22.41106549970005" lon="114.019580462116"><ele>17.64608994800965</ele><time>2022-11-05T06:16:54Z</time></trkpt><trkpt lat="22.411066692183763" lon="114.01960119403218"><ele>17.49512230204908</ele><time>2022-11-05T06:16:56Z</time></trkpt><trkpt lat="22.411065171908827" lon="114.01962314483718"><ele>17.23535756650039</ele><time>2022-11-05T06:16:58Z</time></trkpt><trkpt lat="22.411068367648205" lon="114.0196603117942"><ele>17.022694408998035</ele><time>2022-11-05T06:17:00Z</time></trkpt><trkpt lat="22.411066911467113" lon="114.01968114666539"><ele>17.022550238626895</ele><time>2022-11-05T06:17:02Z</time></trkpt><trkpt lat="22.41106559478028" lon="114.01970148524667"><ele>16.999900111111767</ele><time>2022-11-05T06:17:04Z</time></trkpt><trkpt lat="22.411063581719578" lon="114.01972091181536"><ele>16.876132436433075</ele><time>2022-11-05T06:17:06Z</time></trkpt><trkpt lat="22.411065385659604" lon="114.0197412464826"><ele>16.39167087511831</ele><time>2022-11-05T06:17:08Z</time></trkpt><trkpt lat="22.41106902074001" lon="114.01978469652455"><ele>15.808134539010082</ele><time>2022-11-05T06:17:12Z</time></trkpt><trkpt lat="22.411070739561286" lon="114.01980907592629"><ele>15.864049565564203</ele><time>2022-11-05T06:17:14Z</time></trkpt><trkpt lat="22.41106362799048" lon="114.0198514789164"><ele>16.09705349511227</ele><time>2022-11-05T06:17:18Z</time></trkpt><trkpt lat="22.41106160363605" lon="114.01987635925819"><ele>16.213301328073513</ele><time>2022-11-05T06:17:20Z</time></trkpt><trkpt lat="22.411055567334532" lon="114.0198994068487"><ele>13.990433210371306</ele><time>2022-11-05T06:17:22Z</time></trkpt><trkpt lat="22.4110593634743" lon="114.01992447933597"><ele>11.854670094422191</ele><time>2022-11-05T06:17:24Z</time></trkpt><trkpt lat="22.411066725326727" lon="114.01994644180766"><ele>11.60373459442128</ele><time>2022-11-05T06:17:26Z</time></trkpt><trkpt lat="22.41107945148692" lon="114.01996634346064"><ele>11.241780775259636</ele><time>2022-11-05T06:17:28Z</time></trkpt><trkpt lat="22.41109774113246" lon="114.0199841656172"><ele>11.041423657816088</ele><time>2022-11-05T06:17:30Z</time></trkpt><trkpt lat="22.411117618380498" lon="114.02000281460857"><ele>10.88846983938308</ele><time>2022-11-05T06:17:32Z</time></trkpt><trkpt lat="22.41113339492208" lon="114.02001781332662"><ele>11.069871634732088</ele><time>2022-11-05T06:17:34Z</time></trkpt><trkpt lat="22.411169429539676" lon="114.02004164378216"><ele>11.864732384814998</ele><time>2022-11-05T06:17:36Z</time></trkpt><trkpt lat="22.4111983272437" lon="114.02005012517726"><ele>11.889710559758074</ele><time>2022-11-05T06:17:38Z</time></trkpt><trkpt lat="22.41121503956397" lon="114.02006749324437"><ele>11.03946119002083</ele><time>2022-11-05T06:17:40Z</time></trkpt><trkpt lat="22.411221392322847" lon="114.02009140736426"><ele>11.346391456160413</ele><time>2022-11-05T06:17:42Z</time></trkpt><trkpt lat="22.411225632570446" lon="114.02011112942603"><ele>11.089642152096788</ele><time>2022-11-05T06:17:44Z</time></trkpt><trkpt lat="22.411229440740946" lon="114.02013132501895"><ele>11.289024749805149</ele><time>2022-11-05T06:17:46Z</time></trkpt><trkpt lat="22.411230496239085" lon="114.02015827347785"><ele>11.641029231539555</ele><time>2022-11-05T06:17:48Z</time></trkpt><trkpt lat="22.411242997580437" lon="114.02018269302562"><ele>9.99331630933745</ele><time>2022-11-05T06:17:50Z</time></trkpt><trkpt lat="22.411242371109765" lon="114.0202063351943"><ele>10.298442290426765</ele><time>2022-11-05T06:17:52Z</time></trkpt><trkpt lat="22.411235747182655" lon="114.02024076332178"><ele>11.477725635169385</ele><time>2022-11-05T06:17:56Z</time></trkpt><trkpt lat="22.411239150731074" lon="114.0202742585483"><ele>11.43352897659784</ele><time>2022-11-05T06:17:58Z</time></trkpt><trkpt lat="22.411243591933804" lon="114.02029878513197"><ele>11.120197696303881</ele><time>2022-11-05T06:18:00Z</time></trkpt><trkpt lat="22.411244983662602" lon="114.02033509533128"><ele>11.220660553544548</ele><time>2022-11-05T06:18:02Z</time></trkpt><trkpt lat="22.411252200197513" lon="114.0203702457036"><ele>10.954684529919318</ele><time>2022-11-05T06:18:04Z</time></trkpt><trkpt lat="22.411260156468163" lon="114.02039261608434"><ele>10.483537783882925</ele><time>2022-11-05T06:18:06Z</time></trkpt><trkpt lat="22.41126490117139" lon="114.02042528175836"><ele>13.900080127900301</ele><time>2022-11-05T06:18:10Z</time></trkpt><trkpt lat="22.411263792830432" lon="114.02045249471306"><ele>14.051534617756506</ele><time>2022-11-05T06:18:12Z</time></trkpt><trkpt lat="22.4112576525198" lon="114.02048693727407"><ele>14.034987803454856</ele><time>2022-11-05T06:18:16Z</time></trkpt><trkpt lat="22.41124788841504" lon="114.02050858812498"><ele>14.191413027714676</ele><time>2022-11-05T06:18:18Z</time></trkpt><trkpt lat="22.41123547285067" lon="114.02054054356319"><ele>15.763987936124918</ele><time>2022-11-05T06:18:20Z</time></trkpt><trkpt lat="22.41123583745676" lon="114.02057640605805"><ele>16.47794342032524</ele><time>2022-11-05T06:18:22Z</time></trkpt><trkpt lat="22.41125045135849" lon="114.02060484409972"><ele>18.25860181701188</ele><time>2022-11-05T06:18:24Z</time></trkpt><trkpt lat="22.411268183625133" lon="114.02062652900666"><ele>18.230599312489584</ele><time>2022-11-05T06:18:26Z</time></trkpt><trkpt lat="22.41128744930883" lon="114.02064870008539"><ele>17.14476297690283</ele><time>2022-11-05T06:18:28Z</time></trkpt><trkpt lat="22.411299479213184" lon="114.02066630495972"><ele>16.994862797374637</ele><time>2022-11-05T06:18:30Z</time></trkpt><trkpt lat="22.411314591109164" lon="114.0206771334875"><ele>17.07271580747753</ele><time>2022-11-05T06:18:32Z</time></trkpt><trkpt lat="22.411344442274412" lon="114.02068661308485"><ele>16.766068278481082</ele><time>2022-11-05T06:18:36Z</time></trkpt><trkpt lat="22.411366707816047" lon="114.02068534803695"><ele>17.01638965371742</ele><time>2022-11-05T06:18:38Z</time></trkpt><trkpt lat="22.411389331612565" lon="114.02068129094222"><ele>17.14191682061551</ele><time>2022-11-05T06:18:40Z</time></trkpt><trkpt lat="22.41141152765399" lon="114.02068040217272"><ele>17.23071322926325</ele><time>2022-11-05T06:18:42Z</time></trkpt><trkpt lat="22.411432433833706" lon="114.02068075121453"><ele>17.395239322734096</ele><time>2022-11-05T06:18:44Z</time></trkpt><trkpt lat="22.411463889728928" lon="114.0206962921756"><ele>17.250934569389084</ele><time>2022-11-05T06:18:48Z</time></trkpt><trkpt lat="22.411477561292095" lon="114.0207404505382"><ele>16.07269489101174</ele><time>2022-11-05T06:18:50Z</time></trkpt><trkpt lat="22.41147504493501" lon="114.02077792643654"><ele>15.193238912651408</ele><time>2022-11-05T06:18:52Z</time></trkpt><trkpt lat="22.411490608082893" lon="114.02082155125117"><ele>15.634822176792309</ele><time>2022-11-05T06:18:54Z</time></trkpt><trkpt lat="22.411510499522397" lon="114.02084486907128"><ele>15.789454425050428</ele><time>2022-11-05T06:18:56Z</time></trkpt><trkpt lat="22.411524855440163" lon="114.02085867464474"><ele>16.309257108236746</ele><time>2022-11-05T06:18:58Z</time></trkpt><trkpt lat="22.41155134804986" lon="114.02086380939404"><ele>17.029016396408263</ele><time>2022-11-05T06:19:00Z</time></trkpt><trkpt lat="22.411588172736874" lon="114.02087286635941"><ele>17.289679032285726</ele><time>2022-11-05T06:19:06Z</time></trkpt><trkpt lat="22.41161567225868" lon="114.02087045605653"><ele>17.547017807740076</ele><time>2022-11-05T06:19:08Z</time></trkpt><trkpt lat="22.411638518411763" lon="114.02086416732313"><ele>19.085654790818513</ele><time>2022-11-05T06:19:10Z</time></trkpt><trkpt lat="22.41166019067464" lon="114.02086354807557"><ele>19.81690558488806</ele><time>2022-11-05T06:19:12Z</time></trkpt><trkpt lat="22.411682949422055" lon="114.02086136411722"><ele>19.289174344935784</ele><time>2022-11-05T06:19:14Z</time></trkpt><trkpt lat="22.41170839576755" lon="114.02086398001829"><ele>20.250170278655695</ele><time>2022-11-05T06:19:16Z</time></trkpt><trkpt lat="22.411728883855595" lon="114.0208692131829"><ele>20.32467822422708</ele><time>2022-11-05T06:19:18Z</time></trkpt><trkpt lat="22.411748596965808" lon="114.0208768273907"><ele>20.38941858706672</ele><time>2022-11-05T06:19:20Z</time></trkpt><trkpt lat="22.4117689704152" lon="114.02088899728899"><ele>20.60810673735321</ele><time>2022-11-05T06:19:22Z</time></trkpt><trkpt lat="22.41179054347243" lon="114.0209090484119"><ele>21.880143868686915</ele><time>2022-11-05T06:19:24Z</time></trkpt><trkpt lat="22.411809276286373" lon="114.02092112037542"><ele>21.732526010109773</ele><time>2022-11-05T06:19:26Z</time></trkpt><trkpt lat="22.41182819762674" lon="114.02093309286514"><ele>21.42720872692752</ele><time>2022-11-05T06:19:28Z</time></trkpt><trkpt lat="22.411845069193035" lon="114.02094386232423"><ele>21.317542165283818</ele><time>2022-11-05T06:19:30Z</time></trkpt><trkpt lat="22.411865471822267" lon="114.0209544211332"><ele>21.189839822851354</ele><time>2022-11-05T06:19:32Z</time></trkpt><trkpt lat="22.411883097875656" lon="114.02096715318142"><ele>21.14878564779541</ele><time>2022-11-05T06:19:34Z</time></trkpt><trkpt lat="22.41189908022698" lon="114.02097836679087"><ele>21.090753162136235</ele><time>2022-11-05T06:19:36Z</time></trkpt><trkpt lat="22.411913963763727" lon="114.02099477370716"><ele>20.829788626467096</ele><time>2022-11-05T06:19:38Z</time></trkpt><trkpt lat="22.411923756158146" lon="114.02101167136864"><ele>20.56906016367311</ele><time>2022-11-05T06:19:40Z</time></trkpt><trkpt lat="22.411937820235302" lon="114.02102755616703"><ele>20.391773652382195</ele><time>2022-11-05T06:19:42Z</time></trkpt><trkpt lat="22.41195404014477" lon="114.02104423372286"><ele>20.41302982578146</ele><time>2022-11-05T06:19:44Z</time></trkpt><trkpt lat="22.411984229651054" lon="114.02106339543091"><ele>20.368763636574513</ele><time>2022-11-05T06:19:46Z</time></trkpt><trkpt lat="22.412009815515347" lon="114.02108017367222"><ele>20.635875973033478</ele><time>2022-11-05T06:19:48Z</time></trkpt><trkpt lat="22.412025626065805" lon="114.02109568988898"><ele>20.691614869804226</ele><time>2022-11-05T06:19:50Z</time></trkpt><trkpt lat="22.41204118829316" lon="114.0211099194098"><ele>20.742691445419258</ele><time>2022-11-05T06:19:52Z</time></trkpt><trkpt lat="22.412058299130166" lon="114.02112509069616"><ele>20.84627089944532</ele><time>2022-11-05T06:19:54Z</time></trkpt><trkpt lat="22.412076383118652" lon="114.02114070509964"><ele>21.105026365738603</ele><time>2022-11-05T06:19:56Z</time></trkpt><trkpt lat="22.412094285510282" lon="114.02115285178525"><ele>21.069969698056656</ele><time>2022-11-05T06:19:58Z</time></trkpt><trkpt lat="22.412114755927032" lon="114.02116483789618"><ele>21.165003395312183</ele><time>2022-11-05T06:20:00Z</time></trkpt><trkpt lat="22.412133825690557" lon="114.02117394416481"><ele>20.934875685852425</ele><time>2022-11-05T06:20:02Z</time></trkpt><trkpt lat="22.412153856645098" lon="114.02118543797651"><ele>20.706999535760392</ele><time>2022-11-05T06:20:04Z</time></trkpt><trkpt lat="22.41217418037032" lon="114.02119681451491"><ele>20.842464698120704</ele><time>2022-11-05T06:20:06Z</time></trkpt><trkpt lat="22.41219353645459" lon="114.02120110604596"><ele>20.943642535980448</ele><time>2022-11-05T06:20:08Z</time></trkpt><trkpt lat="22.412216596700326" lon="114.02120293401893"><ele>20.758458136354616</ele><time>2022-11-05T06:20:10Z</time></trkpt><trkpt lat="22.412234378516818" lon="114.02121017501507"><ele>20.488433774585328</ele><time>2022-11-05T06:20:12Z</time></trkpt><trkpt lat="22.412255140903977" lon="114.02121737415439"><ele>20.748277339682684</ele><time>2022-11-05T06:20:14Z</time></trkpt><trkpt lat="22.412276948977894" lon="114.02122668421804"><ele>20.88418126034448</ele><time>2022-11-05T06:20:16Z</time></trkpt><trkpt lat="22.41229614818757" lon="114.02123512391287"><ele>21.144134539031857</ele><time>2022-11-05T06:20:18Z</time></trkpt><trkpt lat="22.412315991069327" lon="114.02124242978883"><ele>21.01537310079929</ele><time>2022-11-05T06:20:20Z</time></trkpt><trkpt lat="22.41234397733784" lon="114.02125757399479"><ele>18.68070697420228</ele><time>2022-11-05T06:20:22Z</time></trkpt><trkpt lat="22.412363925277035" lon="114.02127221996841"><ele>17.332192550265212</ele><time>2022-11-05T06:20:24Z</time></trkpt><trkpt lat="22.41238195027228" lon="114.02128366365427"><ele>17.524670256780304</ele><time>2022-11-05T06:20:26Z</time></trkpt><trkpt lat="22.41241128210234" lon="114.02129369031493"><ele>18.55248288123573</ele><time>2022-11-05T06:20:30Z</time></trkpt><trkpt lat="22.41243265986479" lon="114.02131928212381"><ele>19.0156711913947</ele><time>2022-11-05T06:20:32Z</time></trkpt><trkpt lat="22.412453556512514" lon="114.02133117702493"><ele>18.538058081134672</ele><time>2022-11-05T06:20:34Z</time></trkpt><trkpt lat="22.412501824989167" lon="114.02132391872658"><ele>19.0323758155393</ele><time>2022-11-05T06:20:38Z</time></trkpt><trkpt lat="22.41253021749791" lon="114.02135079388661"><ele>19.155767888368533</ele><time>2022-11-05T06:20:42Z</time></trkpt><trkpt lat="22.412541168273258" lon="114.02137161787547"><ele>19.135089897718885</ele><time>2022-11-05T06:20:44Z</time></trkpt><trkpt lat="22.412555633119794" lon="114.02140239589687"><ele>19.719744609963232</ele><time>2022-11-05T06:20:46Z</time></trkpt><trkpt lat="22.412572405047303" lon="114.02143650147339"><ele>21.159982526440814</ele><time>2022-11-05T06:20:48Z</time></trkpt><trkpt lat="22.412579087468792" lon="114.0214582219301"><ele>21.261999003607798</ele><time>2022-11-05T06:20:50Z</time></trkpt><trkpt lat="22.41258668087064" lon="114.02147799280786"><ele>21.16608896039043</ele><time>2022-11-05T06:20:52Z</time></trkpt><trkpt lat="22.41259850691624" lon="114.02149793915974"><ele>21.14076087797933</ele><time>2022-11-05T06:20:54Z</time></trkpt><trkpt lat="22.412630578965548" lon="114.02152320430243"><ele>20.856791727614386</ele><time>2022-11-05T06:20:56Z</time></trkpt><trkpt lat="22.41264885386479" lon="114.02152527311601"><ele>21.09755321575392</ele><time>2022-11-05T06:20:58Z</time></trkpt><trkpt lat="22.412671583101172" lon="114.02153702214797"><ele>19.60988928120221</ele><time>2022-11-05T06:21:00Z</time></trkpt><trkpt lat="22.412695637333822" lon="114.0215614955987"><ele>19.501365508718504</ele><time>2022-11-05T06:21:04Z</time></trkpt><trkpt lat="22.412710527901183" lon="114.02157267147604"><ele>19.428391851414126</ele><time>2022-11-05T06:21:06Z</time></trkpt><trkpt lat="22.412728324349114" lon="114.02157697097022"><ele>19.143438979182655</ele><time>2022-11-05T06:21:08Z</time></trkpt><trkpt lat="22.412748790094504" lon="114.02157960018413"><ele>18.58695860502214</ele><time>2022-11-05T06:21:10Z</time></trkpt><trkpt lat="22.412770540989385" lon="114.02157926894381"><ele>18.325489972649628</ele><time>2022-11-05T06:21:12Z</time></trkpt><trkpt lat="22.412793089932137" lon="114.0215757960873"><ele>16.6256660263967</ele><time>2022-11-05T06:21:14Z</time></trkpt><trkpt lat="22.412815178280834" lon="114.02156327208124"><ele>15.381166391675524</ele><time>2022-11-05T06:21:16Z</time></trkpt><trkpt lat="22.412852122260286" lon="114.0215327386104"><ele>14.804748463747103</ele><time>2022-11-05T06:21:20Z</time></trkpt><trkpt lat="22.41288002462309" lon="114.02151304189643"><ele>14.333817879449828</ele><time>2022-11-05T06:21:22Z</time></trkpt><trkpt lat="22.41290653625232" lon="114.02150139996219"><ele>14.592787884014994</ele><time>2022-11-05T06:21:24Z</time></trkpt><trkpt lat="22.412925365758127" lon="114.02151800042877"><ele>18.172493440273957</ele><time>2022-11-05T06:21:26Z</time></trkpt><trkpt lat="22.41294665532084" lon="114.02152890496033"><ele>20.06557294900036</ele><time>2022-11-05T06:21:28Z</time></trkpt><trkpt lat="22.412978187709427" lon="114.02153992510713"><ele>20.899744813731907</ele><time>2022-11-05T06:21:32Z</time></trkpt><trkpt lat="22.412992163283732" lon="114.0215525121561"><ele>20.92862637235644</ele><time>2022-11-05T06:21:34Z</time></trkpt><trkpt lat="22.41301302021389" lon="114.02158576810363"><ele>20.177119704113412</ele><time>2022-11-05T06:21:36Z</time></trkpt><trkpt lat="22.413019256192296" lon="114.02160756253461"><ele>20.506369590615368</ele><time>2022-11-05T06:21:38Z</time></trkpt><trkpt lat="22.41301909045031" lon="114.02163073733327"><ele>20.569811997653403</ele><time>2022-11-05T06:21:40Z</time></trkpt><trkpt lat="22.413023616596107" lon="114.02165776243213"><ele>20.65035425189706</ele><time>2022-11-05T06:21:42Z</time></trkpt><trkpt lat="22.413028374815948" lon="114.02168158004548"><ele>20.73050098354801</ele><time>2022-11-05T06:21:44Z</time></trkpt><trkpt lat="22.413035567453527" lon="114.02170291302969"><ele>20.543993632909718</ele><time>2022-11-05T06:21:46Z</time></trkpt><trkpt lat="22.413044668854745" lon="114.02172018081798"><ele>20.553876868354305</ele><time>2022-11-05T06:21:48Z</time></trkpt><trkpt lat="22.413056454537237" lon="114.02174218240425"><ele>20.35159045360018</ele><time>2022-11-05T06:21:50Z</time></trkpt><trkpt lat="22.413082997394476" lon="114.02177901050709"><ele>20.641596593183014</ele><time>2022-11-05T06:21:52Z</time></trkpt><trkpt lat="22.413087808299302" lon="114.02179972551535"><ele>20.525313820849586</ele><time>2022-11-05T06:21:54Z</time></trkpt><trkpt lat="22.413092506455445" lon="114.02182456235214"><ele>20.325785014931864</ele><time>2022-11-05T06:21:56Z</time></trkpt><trkpt lat="22.413093878410113" lon="114.0218516574626"><ele>20.938875716573268</ele><time>2022-11-05T06:21:58Z</time></trkpt><trkpt lat="22.41310009358287" lon="114.02187854541063"><ele>21.3963636033582</ele><time>2022-11-05T06:22:00Z</time></trkpt><trkpt lat="22.413117542485367" lon="114.02191118758465"><ele>20.902570272206468</ele><time>2022-11-05T06:22:04Z</time></trkpt><trkpt lat="22.413130107786795" lon="114.02192787669289"><ele>20.71882564089207</ele><time>2022-11-05T06:22:06Z</time></trkpt><trkpt lat="22.41314679446614" lon="114.02194080731785"><ele>20.684393169126135</ele><time>2022-11-05T06:22:08Z</time></trkpt><trkpt lat="22.413179299939284" lon="114.02194449304257"><ele>21.211462795979223</ele><time>2022-11-05T06:22:10Z</time></trkpt><trkpt lat="22.41320261054749" lon="114.02194352242182"><ele>22.398340627239854</ele><time>2022-11-05T06:22:12Z</time></trkpt><trkpt lat="22.413228868936347" lon="114.02194228763487"><ele>21.96519240588298</ele><time>2022-11-05T06:22:16Z</time></trkpt><trkpt lat="22.413248812740736" lon="114.02193506972543"><ele>21.464721186367</ele><time>2022-11-05T06:22:18Z</time></trkpt><trkpt lat="22.41326962910055" lon="114.02192100897484"><ele>21.198039435897144</ele><time>2022-11-05T06:22:20Z</time></trkpt><trkpt lat="22.413283124795022" lon="114.02190387086513"><ele>21.244180813631008</ele><time>2022-11-05T06:22:22Z</time></trkpt><trkpt lat="22.4133084440097" lon="114.02187296108953"><ele>20.9350631967098</ele><time>2022-11-05T06:22:26Z</time></trkpt><trkpt lat="22.41333801558238" lon="114.02184699986005"><ele>19.119536634890288</ele><time>2022-11-05T06:22:28Z</time></trkpt><trkpt lat="22.413360791532508" lon="114.02183971920302"><ele>20.136394035152737</ele><time>2022-11-05T06:22:30Z</time></trkpt><trkpt lat="22.41338034630946" lon="114.02184855460408"><ele>20.15013910493754</ele><time>2022-11-05T06:22:32Z</time></trkpt><trkpt lat="22.41339810090722" lon="114.02186561196339"><ele>19.968142251906826</ele><time>2022-11-05T06:22:34Z</time></trkpt><trkpt lat="22.413414665528478" lon="114.02188343344596"><ele>20.027612688404364</ele><time>2022-11-05T06:22:36Z</time></trkpt><trkpt lat="22.41342862126173" lon="114.02190260231531"><ele>20.13684955121941</ele><time>2022-11-05T06:22:38Z</time></trkpt><trkpt lat="22.413441018684452" lon="114.02192547189138"><ele>20.098029570634655</ele><time>2022-11-05T06:22:40Z</time></trkpt><trkpt lat="22.41346912576573" lon="114.02194873517294"><ele>17.343589054750815</ele><time>2022-11-05T06:22:42Z</time></trkpt><trkpt lat="22.413499850688986" lon="114.02196730618812"><ele>16.70637425913877</ele><time>2022-11-05T06:22:44Z</time></trkpt><trkpt lat="22.413523325300954" lon="114.0219752761011"><ele>16.797199821568622</ele><time>2022-11-05T06:22:46Z</time></trkpt><trkpt lat="22.413545193860113" lon="114.0219811497061"><ele>16.761994467717003</ele><time>2022-11-05T06:22:48Z</time></trkpt><trkpt lat="22.41356926384916" lon="114.02198717911075"><ele>17.276319304229414</ele><time>2022-11-05T06:22:50Z</time></trkpt><trkpt lat="22.413593934422163" lon="114.02199723692523"><ele>17.176592361849053</ele><time>2022-11-05T06:22:52Z</time></trkpt><trkpt lat="22.413611757819314" lon="114.0220040705513"><ele>17.066623168997157</ele><time>2022-11-05T06:22:54Z</time></trkpt><trkpt lat="22.413641536646356" lon="114.02201293173619"><ele>16.771827579593587</ele><time>2022-11-05T06:22:58Z</time></trkpt><trkpt lat="22.413684340449365" lon="114.02201691656845"><ele>14.303370091453386</ele><time>2022-11-05T06:23:02Z</time></trkpt><trkpt lat="22.41370542847512" lon="114.02202364751348"><ele>12.757049997335576</ele><time>2022-11-05T06:23:04Z</time></trkpt><trkpt lat="22.41372819179129" lon="114.0220384082367"><ele>12.153044365183629</ele><time>2022-11-05T06:23:06Z</time></trkpt><trkpt lat="22.413751093778853" lon="114.0220560600312"><ele>12.990417509971667</ele><time>2022-11-05T06:23:08Z</time></trkpt><trkpt lat="22.41376089914567" lon="114.02208433036401"><ele>13.547556014094189</ele><time>2022-11-05T06:23:10Z</time></trkpt><trkpt lat="22.413765166710476" lon="114.02210794443886"><ele>13.915584684776288</ele><time>2022-11-05T06:23:12Z</time></trkpt><trkpt lat="22.413776198700248" lon="114.02212448412425"><ele>13.920068426031861</ele><time>2022-11-05T06:23:14Z</time></trkpt><trkpt lat="22.413788105657737" lon="114.02213953298543"><ele>13.960156507547524</ele><time>2022-11-05T06:23:16Z</time></trkpt><trkpt lat="22.413828696858022" lon="114.02215710353522"><ele>14.082380859643468</ele><time>2022-11-05T06:23:20Z</time></trkpt><trkpt lat="22.413850422689954" lon="114.0221504835488"><ele>14.21845738557754</ele><time>2022-11-05T06:23:22Z</time></trkpt><trkpt lat="22.413873301763275" lon="114.02215777764042"><ele>14.456397399362709</ele><time>2022-11-05T06:23:24Z</time></trkpt><trkpt lat="22.413898734390532" lon="114.02217268830525"><ele>16.046612094972428</ele><time>2022-11-05T06:23:26Z</time></trkpt><trkpt lat="22.41392574512432" lon="114.02218221208958"><ele>17.222135206768115</ele><time>2022-11-05T06:23:28Z</time></trkpt><trkpt lat="22.413951576594563" lon="114.02218294184296"><ele>17.96211135167844</ele><time>2022-11-05T06:23:32Z</time></trkpt><trkpt lat="22.413973266429785" lon="114.022199815406"><ele>17.79065362069123</ele><time>2022-11-05T06:23:34Z</time></trkpt><trkpt lat="22.41399372766148" lon="114.02219830603222"><ele>17.662606682065768</ele><time>2022-11-05T06:23:36Z</time></trkpt><trkpt lat="22.414014241055828" lon="114.02220097916812"><ele>18.383101687804114</ele><time>2022-11-05T06:23:38Z</time></trkpt><trkpt lat="22.414025088684117" lon="114.02221762407285"><ele>18.795798507193126</ele><time>2022-11-05T06:23:40Z</time></trkpt><trkpt lat="22.41405235954148" lon="114.02222874343803"><ele>19.17186215846862</ele><time>2022-11-05T06:23:42Z</time></trkpt><trkpt lat="22.414075702091434" lon="114.02223353575086"><ele>17.97045503387548</ele><time>2022-11-05T06:23:44Z</time></trkpt><trkpt lat="22.41410566808265" lon="114.02224121457823"><ele>16.5730759485439</ele><time>2022-11-05T06:23:46Z</time></trkpt><trkpt lat="22.41413416063226" lon="114.02223979103641"><ele>17.975937322010516</ele><time>2022-11-05T06:23:48Z</time></trkpt><trkpt lat="22.414158556107257" lon="114.02223262517232"><ele>19.191385292705448</ele><time>2022-11-05T06:23:50Z</time></trkpt><trkpt lat="22.414177437530245" lon="114.02223825718994"><ele>19.10906433755457</ele><time>2022-11-05T06:23:52Z</time></trkpt><trkpt lat="22.414213443099122" lon="114.02224061578399"><ele>19.10044994244526</ele><time>2022-11-05T06:23:56Z</time></trkpt><trkpt lat="22.414233461732405" lon="114.02223620556947"><ele>19.975074971411125</ele><time>2022-11-05T06:23:58Z</time></trkpt><trkpt lat="22.414255641264642" lon="114.02224316451904"><ele>21.89051699153391</ele><time>2022-11-05T06:24:00Z</time></trkpt><trkpt lat="22.414275489128563" lon="114.02225579563417"><ele>21.21898852463123</ele><time>2022-11-05T06:24:02Z</time></trkpt><trkpt lat="22.414303375538957" lon="114.02226775714078"><ele>19.481995641227698</ele><time>2022-11-05T06:24:06Z</time></trkpt><trkpt lat="22.41431460936965" lon="114.02222278470647"><ele>19.911709552357024</ele><time>2022-11-05T06:24:10Z</time></trkpt><trkpt lat="22.414323552479733" lon="114.02220425638701"><ele>20.03526786475754</ele><time>2022-11-05T06:24:12Z</time></trkpt><trkpt lat="22.41433290280271" lon="114.02218494048927"><ele>20.086281807532824</ele><time>2022-11-05T06:24:14Z</time></trkpt><trkpt lat="22.414366618101038" lon="114.0221796580207"><ele>20.300892734882847</ele><time>2022-11-05T06:24:18Z</time></trkpt><trkpt lat="22.414396641236817" lon="114.02220807816506"><ele>22.11692938374646</ele><time>2022-11-05T06:24:22Z</time></trkpt><trkpt lat="22.414416774968743" lon="114.02221896568972"><ele>21.496704145136718</ele><time>2022-11-05T06:24:24Z</time></trkpt><trkpt lat="22.414437321955226" lon="114.02222618554076"><ele>18.864292036085708</ele><time>2022-11-05T06:24:26Z</time></trkpt><trkpt lat="22.414469486781954" lon="114.02224281222321"><ele>18.73612673466558</ele><time>2022-11-05T06:24:28Z</time></trkpt><trkpt lat="22.414493814917403" lon="114.02226583110787"><ele>18.49978742792719</ele><time>2022-11-05T06:24:30Z</time></trkpt><trkpt lat="22.414517503565985" lon="114.02227253265421"><ele>18.863641559520026</ele><time>2022-11-05T06:24:32Z</time></trkpt><trkpt lat="22.414532368858957" lon="114.02228460476843"><ele>20.035656621008215</ele><time>2022-11-05T06:24:34Z</time></trkpt><trkpt lat="22.414582740142645" lon="114.02230424269707"><ele>21.448763290708403</ele><time>2022-11-05T06:24:38Z</time></trkpt><trkpt lat="22.41460185591165" lon="114.02230123595925"><ele>22.51516512385926</ele><time>2022-11-05T06:24:40Z</time></trkpt><trkpt lat="22.414629001874335" lon="114.02230589614845"><ele>22.211161956021275</ele><time>2022-11-05T06:24:42Z</time></trkpt><trkpt lat="22.41466229748445" lon="114.02232053769252"><ele>22.161784633067015</ele><time>2022-11-05T06:24:46Z</time></trkpt><trkpt lat="22.414683731241137" lon="114.02232742986446"><ele>21.799535622327877</ele><time>2022-11-05T06:24:48Z</time></trkpt><trkpt lat="22.414706086148847" lon="114.02233117481224"><ele>21.5780559833125</ele><time>2022-11-05T06:24:50Z</time></trkpt><trkpt lat="22.414726719927305" lon="114.02232754791315"><ele>21.4264442890473</ele><time>2022-11-05T06:24:52Z</time></trkpt><trkpt lat="22.414744351907398" lon="114.0223208532434"><ele>21.584564445597135</ele><time>2022-11-05T06:24:54Z</time></trkpt><trkpt lat="22.414765202968024" lon="114.0223180190455"><ele>21.66646802166386</ele><time>2022-11-05T06:24:56Z</time></trkpt><trkpt lat="22.41478783528167" lon="114.02231057701941"><ele>21.569101795868733</ele><time>2022-11-05T06:24:58Z</time></trkpt><trkpt lat="22.41481209136676" lon="114.02230092131472"><ele>21.600017077434394</ele><time>2022-11-05T06:25:00Z</time></trkpt><trkpt lat="22.41483556139651" lon="114.02229085645274"><ele>21.67312785751806</ele><time>2022-11-05T06:25:02Z</time></trkpt><trkpt lat="22.41485834838449" lon="114.02227838190743"><ele>21.818553817609228</ele><time>2022-11-05T06:25:04Z</time></trkpt><trkpt lat="22.41487831805808" lon="114.02226805939024"><ele>21.8665477235148</ele><time>2022-11-05T06:25:06Z</time></trkpt><trkpt lat="22.414896166760425" lon="114.02225610615427"><ele>22.100289114146015</ele><time>2022-11-05T06:25:08Z</time></trkpt><trkpt lat="22.414912171390505" lon="114.02224126345673"><ele>22.235386377740724</ele><time>2022-11-05T06:25:10Z</time></trkpt><trkpt lat="22.414930224252146" lon="114.0222182334411"><ele>22.248242647868917</ele><time>2022-11-05T06:25:12Z</time></trkpt><trkpt lat="22.414951261253673" lon="114.02219670398533"><ele>22.271952449290914</ele><time>2022-11-05T06:25:14Z</time></trkpt><trkpt lat="22.414970639190233" lon="114.02218051248833"><ele>22.222830279446708</ele><time>2022-11-05T06:25:16Z</time></trkpt><trkpt lat="22.414990358451323" lon="114.02216978295131"><ele>22.245536343145133</ele><time>2022-11-05T06:25:18Z</time></trkpt><trkpt lat="22.41501158950704" lon="114.02216480797793"><ele>22.504266614323985</ele><time>2022-11-05T06:25:20Z</time></trkpt><trkpt lat="22.41503275097769" lon="114.0221599712618"><ele>22.6497227160169</ele><time>2022-11-05T06:25:22Z</time></trkpt><trkpt lat="22.41505205407742" lon="114.02215144942998"><ele>22.804765703301456</ele><time>2022-11-05T06:25:24Z</time></trkpt><trkpt lat="22.415072403234017" lon="114.02213798279189"><ele>22.761086374858518</ele><time>2022-11-05T06:25:26Z</time></trkpt><trkpt lat="22.41509281682665" lon="114.02212442136917"><ele>22.91216461658636</ele><time>2022-11-05T06:25:28Z</time></trkpt><trkpt lat="22.41511177171263" lon="114.02210852582692"><ele>22.790199083205753</ele><time>2022-11-05T06:25:30Z</time></trkpt><trkpt lat="22.41513145801245" lon="114.02209410824297"><ele>22.504342464023992</ele><time>2022-11-05T06:25:32Z</time></trkpt><trkpt lat="22.415154220255413" lon="114.02208012348017"><ele>22.186620015377134</ele><time>2022-11-05T06:25:34Z</time></trkpt><trkpt lat="22.415176374527253" lon="114.02206734253583"><ele>22.20917993543729</ele><time>2022-11-05T06:25:36Z</time></trkpt><trkpt lat="22.415200903732266" lon="114.02205650184558"><ele>22.38535059657839</ele><time>2022-11-05T06:25:38Z</time></trkpt><trkpt lat="22.415222506271625" lon="114.02204310717549"><ele>22.521135653138522</ele><time>2022-11-05T06:25:40Z</time></trkpt><trkpt lat="22.41524177177248" lon="114.02203153250157"><ele>22.479522337860416</ele><time>2022-11-05T06:25:42Z</time></trkpt><trkpt lat="22.415263852281498" lon="114.02202252822345"><ele>22.461082397257773</ele><time>2022-11-05T06:25:44Z</time></trkpt><trkpt lat="22.41528585985549" lon="114.02201483742627"><ele>22.66238722208774</ele><time>2022-11-05T06:25:46Z</time></trkpt><trkpt lat="22.415306410867824" lon="114.02200753198404"><ele>22.693424026976412</ele><time>2022-11-05T06:25:48Z</time></trkpt><trkpt lat="22.415326542161914" lon="114.02200201286044"><ele>22.942275857015296</ele><time>2022-11-05T06:25:50Z</time></trkpt><trkpt lat="22.415344659231334" lon="114.02199951344393"><ele>23.35331110404695</ele><time>2022-11-05T06:25:52Z</time></trkpt><trkpt lat="22.415364053034658" lon="114.02199242644447"><ele>23.726652454214896</ele><time>2022-11-05T06:25:54Z</time></trkpt><trkpt lat="22.41538521704931" lon="114.02197875116146"><ele>24.13314797903852</ele><time>2022-11-05T06:25:56Z</time></trkpt><trkpt lat="22.41540542940923" lon="114.02196732214006"><ele>24.168538609857777</ele><time>2022-11-05T06:25:58Z</time></trkpt><trkpt lat="22.415428943168774" lon="114.02196046759883"><ele>24.095067759956336</ele><time>2022-11-05T06:26:00Z</time></trkpt><trkpt lat="22.41545382321535" lon="114.02195204176374"><ele>24.1018011005433</ele><time>2022-11-05T06:26:02Z</time></trkpt><trkpt lat="22.41547657594752" lon="114.02194092053502"><ele>24.00656170930599</ele><time>2022-11-05T06:26:04Z</time></trkpt><trkpt lat="22.415501090174192" lon="114.02193450884077"><ele>23.819563186448175</ele><time>2022-11-05T06:26:06Z</time></trkpt><trkpt lat="22.415524881741362" lon="114.02192830587602"><ele>23.512341841239948</ele><time>2022-11-05T06:26:08Z</time></trkpt><trkpt lat="22.41554806642166" lon="114.02192270695205"><ele>23.227282054996373</ele><time>2022-11-05T06:26:10Z</time></trkpt><trkpt lat="22.415572600935697" lon="114.02191539013444"><ele>22.569071674871488</ele><time>2022-11-05T06:26:12Z</time></trkpt><trkpt lat="22.415598618343484" lon="114.02191070583105"><ele>22.30100119171011</ele><time>2022-11-05T06:26:14Z</time></trkpt><trkpt lat="22.41562021212969" lon="114.02190910224455"><ele>21.963238720133972</ele><time>2022-11-05T06:26:16Z</time></trkpt><trkpt lat="22.415641051253168" lon="114.02190337067523"><ele>21.593979203930566</ele><time>2022-11-05T06:26:18Z</time></trkpt><trkpt lat="22.41565844654503" lon="114.02189249766953"><ele>21.479742528823422</ele><time>2022-11-05T06:26:20Z</time></trkpt><trkpt lat="22.41567811742299" lon="114.02188630577021"><ele>21.31940454907798</ele><time>2022-11-05T06:26:22Z</time></trkpt><trkpt lat="22.41570046664318" lon="114.02188118088334"><ele>21.082237547313085</ele><time>2022-11-05T06:26:24Z</time></trkpt><trkpt lat="22.41572443340609" lon="114.0218772615088"><ele>20.805801395980907</ele><time>2022-11-05T06:26:26Z</time></trkpt><trkpt lat="22.415744420149245" lon="114.02187625812184"><ele>20.950607560570667</ele><time>2022-11-05T06:26:28Z</time></trkpt><trkpt lat="22.4157623154722" lon="114.02187348131095"><ele>21.029097286216103</ele><time>2022-11-05T06:26:30Z</time></trkpt><trkpt lat="22.41579799206788" lon="114.02187119359255"><ele>21.093846725421955</ele><time>2022-11-05T06:26:34Z</time></trkpt><trkpt lat="22.41581811681782" lon="114.02186441545346"><ele>20.593858897334357</ele><time>2022-11-05T06:26:36Z</time></trkpt><trkpt lat="22.41583684916977" lon="114.02185346016655"><ele>20.447218306614566</ele><time>2022-11-05T06:26:38Z</time></trkpt><trkpt lat="22.415856553620518" lon="114.02184329073174"><ele>20.45474774686548</ele><time>2022-11-05T06:26:40Z</time></trkpt><trkpt lat="22.415879136508135" lon="114.0218347181087"><ele>20.35091170661767</ele><time>2022-11-05T06:26:42Z</time></trkpt><trkpt lat="22.41590242329424" lon="114.02182893530855"><ele>20.19183741795709</ele><time>2022-11-05T06:26:44Z</time></trkpt><trkpt lat="22.415925436969534" lon="114.02182239493303"><ele>19.85553913794888</ele><time>2022-11-05T06:26:46Z</time></trkpt><trkpt lat="22.415950185911562" lon="114.02181527350356"><ele>19.30165925027086</ele><time>2022-11-05T06:26:48Z</time></trkpt><trkpt lat="22.415973466525635" lon="114.02180737472818"><ele>18.975198394713978</ele><time>2022-11-05T06:26:50Z</time></trkpt><trkpt lat="22.41599699065956" lon="114.02180429647024"><ele>18.70147598943388</ele><time>2022-11-05T06:26:52Z</time></trkpt><trkpt lat="22.41602518503812" lon="114.0217966055316"><ele>18.233714613868276</ele><time>2022-11-05T06:26:54Z</time></trkpt><trkpt lat="22.416049751286263" lon="114.02178256128482"><ele>19.43505848309436</ele><time>2022-11-05T06:26:56Z</time></trkpt><trkpt lat="22.4160687783347" lon="114.0217769777995"><ele>19.297633016120106</ele><time>2022-11-05T06:26:58Z</time></trkpt><trkpt lat="22.41610260272717" lon="114.02176106561151"><ele>19.137705434377338</ele><time>2022-11-05T06:27:02Z</time></trkpt><trkpt lat="22.416121874771914" lon="114.02175606703463"><ele>19.024202396315793</ele><time>2022-11-05T06:27:04Z</time></trkpt><trkpt lat="22.416142747986203" lon="114.0217534204998"><ele>18.94294230161451</ele><time>2022-11-05T06:27:06Z</time></trkpt><trkpt lat="22.416169817466784" lon="114.02175480567894"><ele>18.798380363134303</ele><time>2022-11-05T06:27:08Z</time></trkpt><trkpt lat="22.41619466909499" lon="114.02175154318415"><ele>18.232881082843306</ele><time>2022-11-05T06:27:10Z</time></trkpt><trkpt lat="22.41621622862585" lon="114.02174696605732"><ele>18.41771209797882</ele><time>2022-11-05T06:27:12Z</time></trkpt><trkpt lat="22.416235504219102" lon="114.02174496737864"><ele>18.834750007392955</ele><time>2022-11-05T06:27:14Z</time></trkpt><trkpt lat="22.416255548360134" lon="114.02174238633762"><ele>18.9667563761244</ele><time>2022-11-05T06:27:16Z</time></trkpt><trkpt lat="22.41627616583999" lon="114.02174153950061"><ele>19.06286302401146</ele><time>2022-11-05T06:27:18Z</time></trkpt><trkpt lat="22.416302772821858" lon="114.02177665262923"><ele>21.628231915663466</ele><time>2022-11-05T06:27:22Z</time></trkpt><trkpt lat="22.416300949422176" lon="114.02180125822214"><ele>22.516088292560426</ele><time>2022-11-05T06:27:24Z</time></trkpt><trkpt lat="22.41629478938065" lon="114.02183147657203"><ele>21.875668523954467</ele><time>2022-11-05T06:27:26Z</time></trkpt><trkpt lat="22.41629757033134" lon="114.02185836131419"><ele>21.845049138009966</ele><time>2022-11-05T06:27:28Z</time></trkpt><trkpt lat="22.41631399218524" lon="114.02187930609527"><ele>21.41058914178379</ele><time>2022-11-05T06:27:30Z</time></trkpt><trkpt lat="22.41633830647403" lon="114.02189313354971"><ele>19.27388997262027</ele><time>2022-11-05T06:27:32Z</time></trkpt><trkpt lat="22.41636465806274" lon="114.02190244852049"><ele>14.843932893418119</ele><time>2022-11-05T06:27:34Z</time></trkpt><trkpt lat="22.416387158151927" lon="114.02190751554144"><ele>13.16276467727343</ele><time>2022-11-05T06:27:36Z</time></trkpt><trkpt lat="22.416418937462975" lon="114.02190142772113"><ele>13.75860755488203</ele><time>2022-11-05T06:27:38Z</time></trkpt><trkpt lat="22.4164435909536" lon="114.02188848454558"><ele>14.73372820595726</ele><time>2022-11-05T06:27:40Z</time></trkpt><trkpt lat="22.416468161119234" lon="114.0218670583601"><ele>15.893517187359489</ele><time>2022-11-05T06:27:42Z</time></trkpt><trkpt lat="22.41650064476578" lon="114.02185945442287"><ele>16.170838430682036</ele><time>2022-11-05T06:27:46Z</time></trkpt></trkseg></trk></gpx>